network,method,variant_index,variation_seed,uncertainty,proportion_edges,done
pud,equalize,0,3078593340,0.001,0.046790836985192576,True
pud,equalize,1,360879056,0.001,0.04610721099421472,True
pud,equalize,2,3743440435,0.001,0.06295433828095032,True
pud,equalize,3,3307309981,0.001,0.017959931569331244,True
pud,equalize,4,1965264352,0.001,0.04441278692056841,True
pud,equalize,5,1716432197,0.001,0.012326064923474178,True
pud,equalize,6,354893086,0.001,0.01692218888165803,True
pud,equalize,7,2195546543,0.001,0.06930081829941777,True
pud,equalize,8,1552843013,0.001,0.022068349070956186,True
pud,equalize,9,2017514224,0.001,0.09967705264618053,True
pud,equalize,10,411725314,0.001,0.061549696797064284,True
pud,equalize,11,2896085551,0.001,0.009331281961428873,True
pud,equalize,12,1636193803,0.001,0.015406565815413187,True
pud,equalize,13,730012913,0.001,0.010699632440742391,True
pud,equalize,14,2312735956,0.001,0.05064166322708924,True
pud,equalize,15,3185700189,0.001,0.00879332246839496,True
pud,equalize,16,2161354011,0.001,0.08725659807998248,True
pud,equalize,17,2807792524,0.001,0.027683475221269974,True
pud,equalize,18,476228207,0.001,0.0007438077210320748,True
pud,equalize,19,1246615441,0.001,0.026354558525454586,True
pud,equalize,20,961183529,0.001,0.06320212541247401,True
pud,equalize,21,4077332272,0.001,0.0644060732344255,True
pud,equalize,22,1507777596,0.001,0.08369868811928402,True
pud,equalize,23,2513389789,0.001,0.09567702603413303,True
pud,equalize,24,1765599249,0.001,0.014875190581748177,True
pud,equalize,25,4211681483,0.001,0.09281912273612086,True
pud,equalize,26,4046222103,0.001,0.026129492889045692,True
pud,equalize,27,3673871245,0.001,0.09113842853648137,True
pud,equalize,28,2421682252,0.001,0.07869919821589098,True
pud,equalize,29,3817625677,0.001,0.0470093994315872,True
pud,equalize,30,3102260112,0.001,0.06275585829453179,True
pud,equalize,31,2617949619,0.001,0.00964339635858843,True
pud,equalize,32,3267589998,0.001,0.07921973283626921,True
pud,equalize,33,66737940,0.001,0.010837497851785416,True
pud,equalize,34,3346568049,0.001,0.06837275707565246,True
pud,equalize,35,449405251,0.001,0.08966454953099744,True
pud,equalize,36,1094707130,0.001,0.018613960943389154,True
pud,equalize,37,3222103188,0.001,0.08105226426300477,True
pud,equalize,38,312354941,0.001,0.01604181483643302,True
pud,equalize,39,3142306041,0.001,0.03339586181728693,True
pud,equalize,40,2997158532,0.001,0.04827099904952217,True
pud,equalize,41,1131031566,0.001,0.014431098949420785,True
pud,equalize,42,1180440582,0.001,0.0736648744187694,True
pud,equalize,43,906559891,0.001,0.050472704074550345,True
pud,equalize,44,3711113611,0.001,0.02705712822747741,True
pud,equalize,45,3503922320,0.001,0.08029207818281449,True
pud,equalize,46,1748751160,0.001,0.007736871365473075,True
pud,equalize,47,3635154153,0.001,0.001391940874800468,True
pud,equalize,48,837976227,0.001,0.04694231342630067,True
pud,equalize,49,3115399087,0.001,0.019935638181133863,True
pud,equalize,50,3988223200,0.001,0.08329936666336721,True
pud,equalize,51,1214873520,0.001,0.02907036152894721,True
pud,equalize,52,4195201712,0.001,0.03558784431562695,True
pud,equalize,53,1918242362,0.001,0.006808342785463073,True
pud,equalize,54,3085034699,0.001,0.08068925658665708,True
pud,equalize,55,127678690,0.001,0.06704051892792051,True
pud,equalize,56,878496746,0.001,0.06384077837125081,True
pud,equalize,57,2642052180,0.001,0.029074711960094625,True
pud,equalize,58,3402654166,0.001,0.07539302485004361,True
pud,equalize,59,2469103641,0.001,0.030501938449819202,True
pud,equalize,60,1546293345,0.001,0.016394993714433603,True
pud,equalize,61,2312397115,0.001,0.07136056358191493,True
pud,equalize,62,1925165231,0.001,0.0237148768882549,True
pud,equalize,63,3286442909,0.001,0.020059913939136323,True
pud,equalize,64,2579054387,0.001,0.007426365365861521,True
pud,equalize,65,3011884815,0.001,0.06525305944367388,True
pud,equalize,66,3628834393,0.001,0.0010532429434945145,True
pud,equalize,67,3960757199,0.001,0.03353030254293639,True
pud,equalize,68,1977390361,0.001,0.009884950152468243,True
pud,equalize,69,2324473058,0.001,0.03625104739264458,True
pud,equalize,70,123504000,0.001,0.06411765359576502,True
pud,equalize,71,3949093236,0.001,0.020383724502215508,True
pud,equalize,72,1154163956,0.001,0.0018410081240732069,True
pud,equalize,73,1726929463,0.001,0.09782881432595543,True
pud,equalize,74,3467800088,0.001,0.047062303705851675,True
pud,equalize,75,1620067077,0.001,0.07904553901786256,True
pud,equalize,76,2630032370,0.001,0.07711028894023986,True
pud,equalize,77,744756123,0.001,0.0769261395900343,True
pud,equalize,78,435536580,0.001,0.03526392504891967,True
pud,equalize,79,2642417078,0.001,0.026671098480974,True
pud,equalize,80,869196989,0.001,0.006690681670688714,True
pud,equalize,81,2263147356,0.001,0.003993362929946287,True
pud,equalize,82,1790178844,0.001,0.07630344524268694,True
pud,equalize,83,739614432,0.001,0.017111405329095143,True
pud,equalize,84,4190849451,0.001,0.02241679297628082,True
pud,equalize,85,1112169583,0.001,0.09973399391631593,True
pud,equalize,86,2480308428,0.001,0.04505855120134165,True
pud,equalize,87,632799597,0.001,0.02756889453109157,True
pud,equalize,88,2710287334,0.001,0.09003539326238498,True
pud,equalize,89,256700187,0.001,0.009288034841374937,True
pud,equalize,90,1444806613,0.001,0.07169696894621638,True
pud,equalize,91,1863393017,0.001,0.0552283734316025,True
pud,equalize,92,2083661433,0.001,0.09623020301969541,True
pud,equalize,93,1926566105,0.001,0.07397890925872701,True
pud,equalize,94,1545739280,0.001,0.007521027041057882,True
pud,equalize,95,3154113616,0.001,0.09081120886882525,True
pud,equalize,96,1208635971,0.001,0.030189403329425303,True
pud,equalize,97,2864026846,0.001,0.04577558602801063,True
pud,equalize,98,2984958539,0.001,0.08492069309649519,True
pud,equalize,99,4027495628,0.001,0.09895063296643564,True
pud,equalize,100,2311169090,0.001,0.003003387073161912,True
pud,equalize,101,852750165,0.001,0.01826206532542829,True
pud,equalize,102,575207465,0.001,0.04373281862822335,True
pud,equalize,103,3366769054,0.001,0.08480750534420872,True
pud,equalize,104,3676540138,0.001,0.0904694683704938,True
pud,equalize,105,733079736,0.001,0.013519712092319903,True
pud,equalize,106,3533439149,0.001,0.09404031224547432,True
pud,equalize,107,2082305356,0.001,0.08914430083727624,True
pud,equalize,108,3492053227,0.001,0.024319749315817287,True
pud,equalize,109,1037364651,0.001,0.061298570636638045,True
pud,equalize,110,993129211,0.001,0.09395119225930848,True
pud,equalize,111,3121753329,0.001,0.043398780245819016,True
pud,equalize,112,2970211890,0.001,0.09989528255780154,True
pud,equalize,113,1220137304,0.001,0.08230590912433179,True
pud,equalize,114,2969083194,0.001,0.023137076699535755,True
pud,equalize,115,1312721361,0.001,0.003103377452376699,True
pud,equalize,116,94386049,0.001,0.0689786813155893,True
pud,equalize,117,1507693402,0.001,0.016187966038878378,True
pud,equalize,118,4009452911,0.001,0.02498549206079308,True
pud,equalize,119,4027062253,0.001,0.07858726116207349,True
pud,equalize,120,3595580164,0.001,0.09597240113003147,True
pud,equalize,121,1275278016,0.001,0.035649530107182116,True
pud,equalize,122,23187165,0.001,0.09977051202683775,True
pud,equalize,123,1099479810,0.001,0.09892049982595162,True
pud,equalize,124,1678574140,0.001,0.005038208341030271,True
pud,equalize,125,2330897991,0.001,0.06169055625691307,True
pud,equalize,126,2687532325,0.001,0.000653268053741174,True
pud,equalize,127,1210453752,0.001,0.017153837728292244,True
pud,equalize,128,2564820626,0.001,0.07431097420518715,True
pud,equalize,129,3170330625,0.001,0.01964409391363413,True
pud,equalize,130,904265940,0.001,0.07511073030920816,True
pud,equalize,131,3831875986,0.001,0.018285981652540886,True
pud,equalize,132,2777537878,0.001,0.07273995021737552,True
pud,equalize,133,4059678085,0.001,0.09914650468587054,True
pud,equalize,134,215536579,0.001,0.011616058543171649,True
pud,equalize,135,84348584,0.001,0.035524540651857506,True
pud,equalize,136,84292577,0.001,0.007716537195613682,True
pud,equalize,137,2089323307,0.001,0.07590899292660595,True
pud,equalize,138,3086089982,0.001,0.055088984384105144,True
pud,equalize,139,1586370443,0.001,0.029900755178641183,True
pud,equalize,140,2074751759,0.001,0.05269863432338509,True
pud,equalize,141,3635411031,0.001,0.07231351135832047,True
pud,equalize,142,3659517724,0.001,0.09499598422357475,True
pud,equalize,143,970741278,0.001,0.07091089750181874,True
pud,equalize,144,4047021507,0.001,0.09266121817428932,True
pud,equalize,145,1337691074,0.001,0.012169954528675376,True
pud,equalize,146,956258080,0.001,0.09204661959527966,True
pud,equalize,147,3435486352,0.001,0.05852787683700246,True
pud,equalize,148,964720161,0.001,0.019135948692961337,True
pud,equalize,149,92832115,0.001,0.0669305315555089,True
pud,equalize,150,1591621843,0.001,0.05056685514200653,True
pud,equalize,151,1369506020,0.001,0.0744979298891028,True
pud,equalize,152,1005875957,0.001,0.0773912449971771,True
pud,equalize,153,3138668731,0.001,0.08365098071076749,True
pud,equalize,154,3182725248,0.001,0.06387194250718453,True
pud,equalize,155,1668601744,0.001,0.0518712494262424,True
pud,equalize,156,446590011,0.001,0.0982643013312286,True
pud,equalize,157,4090070867,0.001,0.06618272395195307,True
pud,equalize,158,2613425010,0.001,0.06561082169607756,True
pud,equalize,159,1126493481,0.001,0.02320905078502952,True
pud,equalize,160,578356184,0.001,0.02762652695387241,True
pud,equalize,161,2440364874,0.001,0.04623284212514267,True
pud,equalize,162,1210924926,0.001,0.09619435607535316,True
pud,equalize,163,1042571869,0.001,0.011862674782828176,True
pud,equalize,164,2903286410,0.001,0.020581189074909013,True
pud,equalize,165,2754904499,0.001,0.006600518745538398,True
pud,equalize,166,3945643829,0.001,0.07964566489565922,True
pud,equalize,167,2362754867,0.001,0.05482165697811622,True
pud,equalize,168,1660635282,0.001,0.019156020627246164,True
pud,equalize,169,3306151343,0.001,0.043888220681925355,True
pud,equalize,170,4060656053,0.001,0.047102119187145866,True
pud,equalize,171,1249988960,0.001,0.021993548172500144,True
pud,equalize,172,599394212,0.001,0.06670485235305658,True
pud,equalize,173,610999574,0.001,0.058201146035458465,True
pud,equalize,174,1091899736,0.001,0.045699403883970494,True
pud,equalize,175,1987214157,0.001,0.08460490417046024,True
pud,equalize,176,1446189953,0.001,0.024291654768198237,True
pud,equalize,177,2079195543,0.001,0.09355229554600475,True
pud,equalize,178,3795321558,0.001,0.08631007329170262,True
pud,equalize,179,3490880502,0.001,0.010443541303178162,True
pud,equalize,180,676915247,0.001,0.01429770286889287,True
pud,equalize,181,1089671795,0.001,0.016161990481111978,True
pud,equalize,182,3940695329,0.001,0.04442839764703515,True
pud,equalize,183,3107407458,0.001,0.09250372237912781,True
pud,equalize,184,20199317,0.001,0.09572134003494587,True
pud,equalize,185,4237426302,0.001,0.09553640608390934,True
pud,equalize,186,2756884883,0.001,0.06448304824298344,True
pud,equalize,187,3392190753,0.001,0.08845390143395598,True
pud,equalize,188,4231641978,0.001,0.05629955370560909,True
pud,equalize,189,16672577,0.001,0.058526794680082685,True
pud,equalize,190,3169425512,0.001,0.0672440489499082,True
pud,equalize,191,268510361,0.001,0.07056618276875282,True
pud,equalize,192,443748287,0.001,0.027882771933420914,True
pud,equalize,193,101206791,0.001,0.04134376703399008,True
pud,equalize,194,3170886174,0.001,0.03328048728369089,True
pud,equalize,195,3427770957,0.001,0.03336713541344231,True
pud,equalize,196,3021959730,0.001,0.04995915015161463,True
pud,equalize,197,937195472,0.001,0.09192832341168809,True
pud,equalize,198,3600546114,0.001,0.09696266407643514,True
pud,equalize,199,677193527,0.001,0.0019051654970027255,True
pud,equalize,200,1109816386,0.001,0.08946105067251083,True
pud,equalize,201,1265743310,0.001,0.09289375022297044,True
pud,equalize,202,415864413,0.001,0.08056954883764955,True
pud,equalize,203,2787319683,0.001,0.030978927777740296,True
pud,equalize,204,4094374824,0.001,0.04173206112559054,True
pud,equalize,205,2113232878,0.001,0.06325577984018947,True
pud,equalize,206,2936954529,0.001,0.03386168789881625,True
pud,equalize,207,1606406504,0.001,0.09225788173531407,True
pud,equalize,208,862206096,0.001,0.027634783732516446,True
pud,equalize,209,2086300710,0.001,0.06307916368319433,True
pud,equalize,210,3531468627,0.001,0.07952040671173818,True
pud,equalize,211,3773002710,0.001,0.06894744585646052,True
pud,equalize,212,2474891440,0.001,0.070071825846374,True
pud,equalize,213,3995059266,0.001,0.06531217399238103,True
pud,equalize,214,901389293,0.001,0.057395542726189644,True
pud,equalize,215,1008214960,0.001,0.05795552280239366,True
pud,equalize,216,337169292,0.001,0.08975710595364009,True
pud,equalize,217,3479084887,0.001,0.05939575253121059,True
pud,equalize,218,2148321199,0.001,0.0783093920183548,True
pud,equalize,219,3831369482,0.001,0.07386776335575124,True
pud,equalize,220,4133996059,0.001,0.023932338844578984,True
pud,equalize,221,866380409,0.001,0.08713810772970246,True
pud,equalize,222,1892321222,0.001,0.05529413806618114,True
pud,equalize,223,1186748255,0.001,0.06983100117259426,True
pud,equalize,224,3841542179,0.001,0.030507375852973785,True
pud,equalize,225,2192986735,0.001,0.07243904972970472,True
pud,equalize,226,4090684664,0.001,0.07610325066582498,True
pud,equalize,227,1675028252,0.001,0.07066790637245891,True
pud,equalize,228,2512305061,0.001,0.08297251815278932,True
pud,equalize,229,2898730881,0.001,0.0036206798906975313,True
pud,equalize,230,2049371916,0.001,0.08430836562365049,True
pud,equalize,231,3155788456,0.001,0.03956329844553383,True
pud,equalize,232,251602071,0.001,0.07874244999402598,True
pud,equalize,233,1420384017,0.001,0.017563134246713453,True
pud,equalize,234,1554284922,0.001,0.04693952039281142,True
pud,equalize,235,1174596560,0.001,0.0988434346485253,True
pud,equalize,236,952036617,0.001,0.02810365920202137,True
pud,equalize,237,2249686774,0.001,0.008166379099017662,True
pud,equalize,238,2013042254,0.001,0.0833990742470634,True
pud,equalize,239,1622723990,0.001,0.08955803576779284,True
pud,equalize,240,218834034,0.001,0.01271623044907726,True
pud,equalize,241,1294306701,0.001,0.0908188863336342,True
pud,equalize,242,3552660678,0.001,0.05931949917074451,True
pud,equalize,243,1852329290,0.001,0.0346811249693994,True
pud,equalize,244,2649038131,0.001,0.07935203616939845,True
pud,equalize,245,1225955753,0.001,0.026452895763348597,True
pud,equalize,246,3899498290,0.001,0.015640761596874133,True
pud,equalize,247,1791277346,0.001,0.08186472489032517,True
pud,equalize,248,3751800679,0.001,0.08924708542731029,True
pud,equalize,249,2416498190,0.001,0.07208838644466285,True
pud,equalize,250,2583516730,0.001,0.0609419725409511,True
pud,equalize,251,3922307258,0.001,0.08749471560783934,True
pud,equalize,252,1915956264,0.001,0.08904532153804565,True
pud,equalize,253,154872177,0.001,0.026982324128114344,True
pud,equalize,254,1813806452,0.001,0.04464982002107144,True
pud,equalize,255,2900636189,0.001,0.03522819711536434,True
pud,equalize,256,2735521397,0.001,0.08595417725524998,True
pud,equalize,257,1087874388,0.001,0.05153084200906837,True
pud,equalize,258,2573956288,0.001,0.013910334180357087,True
pud,equalize,259,2183815469,0.001,0.05926294526329419,True
pud,equalize,260,1921264195,0.001,0.044274437031656746,True
pud,equalize,261,3291093210,0.001,0.02508029035252958,True
pud,equalize,262,3122757140,0.001,0.05268074645371143,True
pud,equalize,263,3458066204,0.001,0.04647544011351338,True
pud,equalize,264,2647374697,0.001,0.030963497758641125,True
pud,equalize,265,3061031558,0.001,0.08486124706058451,True
pud,equalize,266,1842595620,0.001,0.08106799131083123,True
pud,equalize,267,1489199508,0.001,0.02970972264470917,True
pud,equalize,268,1849080471,0.001,0.018055399082683953,True
pud,equalize,269,2304774264,0.001,0.09630838372867612,True
pud,equalize,270,3970302228,0.001,0.016814146437735846,True
pud,equalize,271,867764093,0.001,0.04611030017606706,True
pud,equalize,272,692183384,0.001,0.09911403095134687,True
pud,equalize,273,2434929067,0.001,0.02729019544723259,True
pud,equalize,274,56133538,0.001,0.02323834469980648,True
pud,equalize,275,3106974045,0.001,0.07165388278213067,True
pud,equalize,276,2953436972,0.001,0.022543906096126765,True
pud,equalize,277,511738873,0.001,0.01837202618387821,True
pud,equalize,278,2360185072,0.001,0.012238545761527886,True
pud,equalize,279,99736423,0.001,0.08074266075693518,True
pud,equalize,280,2886593240,0.001,0.0740202707794114,True
pud,equalize,281,2390307652,0.001,0.0789567452497317,True
pud,equalize,282,1197690515,0.001,0.014651228252272297,True
pud,equalize,283,618726788,0.001,0.08654289289930356,True
pud,equalize,284,2417678390,0.001,0.0817265307183336,True
pud,equalize,285,2435289253,0.001,0.02074779407079476,True
pud,equalize,286,697869553,0.001,0.07911600959593391,True
pud,equalize,287,3046764846,0.001,0.08825246491879536,True
pud,equalize,288,1380297688,0.001,0.04026011986003214,True
pud,equalize,289,2306304773,0.001,0.03815245126467255,True
pud,equalize,290,1958143459,0.001,0.08452401073836097,True
pud,equalize,291,3324489161,0.001,0.03635526981955336,True
pud,equalize,292,2357943829,0.001,0.06625659839451147,True
pud,equalize,293,1039770568,0.001,0.05724424468472518,True
pud,equalize,294,1094506532,0.001,0.009825269229888467,True
pud,equalize,295,675390578,0.001,0.06900291693753242,True
pud,equalize,296,3340706656,0.001,0.04203238566529749,True
pud,equalize,297,2942125654,0.001,0.03482768317544501,True
pud,equalize,298,1547758053,0.001,0.0830053638067674,True
pud,equalize,299,4235687498,0.001,0.0740144360416751,True
pud,equalize,300,3776787701,0.001,0.028523651324062194,True
pud,equalize,301,2592904094,0.001,0.09576392240993213,True
pud,equalize,302,1599980443,0.001,0.01916681565885413,True
pud,equalize,303,143848846,0.001,0.04373709964948709,True
pud,equalize,304,141389379,0.001,0.03950365039900147,True
pud,equalize,305,855209617,0.001,0.04778166167823267,True
pud,equalize,306,1977442557,0.001,0.06101066611237652,True
pud,equalize,307,2988462413,0.001,0.03054100324384659,True
pud,equalize,308,2662589814,0.001,0.04067536330302851,True
pud,equalize,309,735800718,0.001,0.06838050732982441,True
pud,equalize,310,3095839978,0.001,0.04998140390700567,True
pud,equalize,311,2118650616,0.001,0.03939372922156703,True
pud,equalize,312,101233276,0.001,0.08992782230158058,True
pud,equalize,313,3832926399,0.001,0.023121965345315534,True
pud,equalize,314,997626104,0.001,0.07497299677098807,True
pud,equalize,315,821604153,0.001,0.08339122879511644,True
pud,equalize,316,3831754866,0.001,0.02349347602292169,True
pud,equalize,317,948780932,0.001,0.07348893891372256,True
pud,equalize,318,3791384300,0.001,0.06508812062688785,True
pud,equalize,319,2728791562,0.001,0.0788580250625257,True
pud,equalize,320,1850163221,0.001,0.07227254832493456,True
pud,equalize,321,1801175124,0.001,0.020119786992903656,True
pud,equalize,322,1050760954,0.001,0.05932900135443371,True
pud,equalize,323,3180222909,0.001,0.0634452086352643,True
pud,equalize,324,52489775,0.001,0.04061414739920777,True
pud,equalize,325,1211973736,0.001,0.04756697146962766,True
pud,equalize,326,1278957677,0.001,0.008019755217017633,True
pud,equalize,327,2010692034,0.001,0.0706830085357545,True
pud,equalize,328,482893621,0.001,0.07242112396043612,True
pud,equalize,329,348460560,0.001,0.0017507813887090553,True
pud,equalize,330,292474545,0.001,0.012715385813122915,True
pud,equalize,331,3080834227,0.001,0.021847612458022247,True
pud,equalize,332,92154037,0.001,0.0930188462475333,True
pud,equalize,333,4220780192,0.001,0.05000110553254368,True
pud,equalize,334,245751149,0.001,0.007972329161125714,True
pud,equalize,335,211494384,0.001,0.0804086001524432,True
pud,equalize,336,1934352035,0.001,0.03706819600420994,True
pud,equalize,337,20550770,0.001,0.04889330803884515,True
pud,equalize,338,2748553491,0.001,0.012114588601628774,True
pud,equalize,339,4129275036,0.001,0.044790632829627045,True
pud,equalize,340,3760250569,0.001,0.03625872329230413,True
pud,equalize,341,836026655,0.001,0.05705655894534961,True
pud,equalize,342,1574678251,0.001,0.00816486821873561,True
pud,equalize,343,678070471,0.001,0.03928283271430223,True
pud,equalize,344,4213629084,0.001,0.09977448327190637,True
pud,equalize,345,1647596967,0.001,0.08047537146527894,True
pud,equalize,346,1332580508,0.001,0.0070881441311092756,True
pud,equalize,347,3858578704,0.001,0.0937462713193361,True
pud,equalize,348,1694843534,0.001,0.07986626898535928,True
pud,equalize,349,2433955963,0.001,0.06180289188362518,True
pud,equalize,350,4005872509,0.001,0.06908542317553135,True
pud,equalize,351,3025711562,0.001,0.0977722417714942,True
pud,equalize,352,2527804405,0.001,0.07738320638628865,True
pud,equalize,353,122931512,0.001,0.09352143814478886,True
pud,equalize,354,159127729,0.001,0.014076105197897017,True
pud,equalize,355,2262304552,0.001,0.08373833689031017,True
pud,equalize,356,2741885684,0.001,0.08959762735714935,True
pud,equalize,357,256192423,0.001,0.021600702133426943,True
pud,equalize,358,1241311844,0.001,0.0018819374197577288,True
pud,equalize,359,4092005,0.001,0.040969317498541574,True
pud,equalize,360,3950541670,0.001,0.05675788296748651,True
pud,equalize,361,138997616,0.001,0.06718526319062829,True
pud,equalize,362,638018313,0.001,0.05253444107487797,True
pud,equalize,363,425470482,0.001,0.02933325512083841,True
pud,equalize,364,4045241007,0.001,0.09505127178483255,True
pud,equalize,365,2442747352,0.001,0.018599484975740266,True
pud,equalize,366,767435409,0.001,0.08701967100606672,True
pud,equalize,367,351422487,0.001,0.08423229855064404,True
pud,equalize,368,3087045592,0.001,0.009357308671340403,True
pud,equalize,369,1080965002,0.001,0.09406876518116158,True
pud,equalize,370,2521802453,0.001,0.05389913275646707,True
pud,equalize,371,1479027102,0.001,0.09017344999282208,True
pud,equalize,372,994538208,0.001,0.09302307707786829,True
pud,equalize,373,1425378071,0.001,0.05491110874529538,True
pud,equalize,374,3329465577,0.001,0.016122831878626478,True
pud,equalize,375,4054048215,0.001,0.09532679059609138,True
pud,equalize,376,4020737614,0.001,0.03481253949417471,True
pud,equalize,377,4204813035,0.001,0.06725617867748898,True
pud,equalize,378,1922177637,0.001,0.09696391464766954,True
pud,equalize,379,1917707763,0.001,0.06483811662202359,True
pud,equalize,380,3008849006,0.001,0.09473005529192428,True
pud,equalize,381,114265910,0.001,0.022286913576282565,True
pud,equalize,382,3154488718,0.001,0.045278034754185605,True
pud,equalize,383,3947234647,0.001,0.09983473213873273,True
pud,equalize,384,3179517098,0.001,0.004059887951290741,True
pud,equalize,385,987122466,0.001,0.018872620445744084,True
pud,equalize,386,3706487464,0.001,0.025150691710788445,True
pud,equalize,387,1786662726,0.001,0.03555190168991509,True
pud,equalize,388,714371768,0.001,0.06532012046356873,True
pud,equalize,389,89503196,0.001,0.001852313688555163,True
pud,equalize,390,1038739917,0.001,0.06912415564474382,True
pud,equalize,391,346996380,0.001,0.06372809537347196,True
pud,equalize,392,1695967274,0.001,0.006177853940396428,True
pud,equalize,393,2114592955,0.001,0.03209906020343541,True
pud,equalize,394,341787828,0.001,0.058894995571141855,True
pud,equalize,395,2290383215,0.001,0.045666431708619504,True
pud,equalize,396,4252798935,0.001,0.050584235068016715,True
pud,equalize,397,966298049,0.001,0.09699690406180039,True
pud,equalize,398,1549728922,0.001,0.008613639534939477,True
pud,equalize,399,2696729452,0.001,0.004323029181302074,True
pud,equalize,400,1987976734,0.001,0.02862897915610112,True
pud,equalize,401,329211671,0.001,0.0713362678187984,True
pud,equalize,402,3366335464,0.001,0.054547302525021796,True
pud,equalize,403,2804701805,0.001,0.0563319235265311,True
pud,equalize,404,1679294055,0.001,0.0397760938946736,True
pud,equalize,405,2024066243,0.001,0.07770337561765911,True
pud,equalize,406,2668307957,0.001,0.061125616895822965,True
pud,equalize,407,2218898640,0.001,0.02416147979224541,True
pud,equalize,408,3895216621,0.001,0.011948524299438535,True
pud,equalize,409,1672587751,0.001,0.037749570013846726,True
pud,equalize,410,2907310898,0.001,0.041122003385874885,True
pud,equalize,411,1713726554,0.001,0.02321150998096293,True
pud,equalize,412,1262210032,0.001,0.09992312996505102,True
pud,equalize,413,789819682,0.001,0.08373277513208849,True
pud,equalize,414,2546300047,0.001,0.07334202326690291,True
pud,equalize,415,2057883709,0.001,0.06683575446678654,True
pud,equalize,416,3778310975,0.001,0.09919669063694346,True
pud,equalize,417,746862361,0.001,0.09880449870628333,True
pud,equalize,418,3279144873,0.001,0.03580217969727602,True
pud,equalize,419,2410263003,0.001,0.012822940665427574,True
pud,equalize,420,2402372393,0.001,0.0023214588204273803,True
pud,equalize,421,2819071523,0.001,0.08192956022345298,True
pud,equalize,422,152708964,0.001,0.09401330194016,True
pud,equalize,423,4111797895,0.001,0.03223287885843317,True
pud,equalize,424,436597194,0.001,0.07724595074105511,True
pud,equalize,425,2664636435,0.001,0.027822554922205534,True
pud,equalize,426,4122211904,0.001,0.015256721141353636,True
pud,equalize,427,249276047,0.001,0.026877908269584794,True
pud,equalize,428,2466758052,0.001,0.016734574860071818,True
pud,equalize,429,215359017,0.001,0.06842216654116455,True
pud,equalize,430,2469200327,0.001,0.0635201014513042,True
pud,equalize,431,2336097715,0.001,0.03785392091985486,True
pud,equalize,432,3129660818,0.001,0.03745188633776654,True
pud,equalize,433,1832831562,0.001,0.04413366808914535,True
pud,equalize,434,2154436955,0.001,0.0430406654665465,True
pud,equalize,435,1174734825,0.001,0.020723359332795756,True
pud,equalize,436,2389797874,0.001,0.00379190125106651,True
pud,equalize,437,655631631,0.001,0.026607736360638713,True
pud,equalize,438,2622623023,0.001,0.09565041980142718,True
pud,equalize,439,2927848628,0.001,0.09908032544579981,True
pud,equalize,440,2190767960,0.001,0.062480374247174134,True
pud,equalize,441,2429558875,0.001,0.03735384951797754,True
pud,equalize,442,1343269189,0.001,0.0688868164557202,True
pud,equalize,443,3634313971,0.001,0.047674817128844985,True
pud,equalize,444,2062241285,0.001,0.09972203439925374,True
pud,equalize,445,3320494537,0.001,0.012600399670488427,True
pud,equalize,446,2349568672,0.001,0.042953074528066286,True
pud,equalize,447,641733915,0.001,0.06379741072671517,True
pud,equalize,448,3824820259,0.001,0.010197047943613603,True
pud,equalize,449,867468868,0.001,0.09362301627083745,True
pud,equalize,450,3546257000,0.001,0.054828225871457,True
pud,equalize,451,2092488242,0.001,0.03398159959919927,True
pud,equalize,452,1318590087,0.001,0.041598199032792355,True
pud,equalize,453,3762907157,0.001,0.015659816267655426,True
pud,equalize,454,1863905838,0.001,0.03645719801469443,True
pud,equalize,455,2108809418,0.001,0.046740258173852446,True
pud,equalize,456,1853099779,0.001,0.034587694244189636,True
pud,equalize,457,3930963459,0.001,0.03381942248451721,True
pud,equalize,458,1403339493,0.001,0.05553489145997697,True
pud,equalize,459,2465821588,0.001,0.062254916462862964,True
pud,equalize,460,3450679196,0.001,0.0012380916574221803,True
pud,equalize,461,3172326128,0.001,0.05620387632457187,True
pud,equalize,462,2613730880,0.001,0.07153780415140946,True
pud,equalize,463,2069627651,0.001,0.053996740221143286,True
pud,equalize,464,1595457681,0.001,0.03581745015296322,True
pud,equalize,465,2144373032,0.001,0.03336722460610211,True
pud,equalize,466,1920785056,0.001,0.07998612888156242,True
pud,equalize,467,1570500991,0.001,0.022950464963394958,True
pud,equalize,468,2486325858,0.001,0.09636667602249639,True
pud,equalize,469,3842226688,0.001,0.008179348139419318,True
pud,equalize,470,714350057,0.001,0.0031635112153534876,True
pud,equalize,471,2052371560,0.001,0.07178477701927215,True
pud,equalize,472,1567842331,0.001,0.09622641171913993,True
pud,equalize,473,3963782918,0.001,0.008990355045853672,True
pud,equalize,474,3904471491,0.001,0.09136893095839325,True
pud,equalize,475,1237751065,0.001,0.08706104706118721,True
pud,equalize,476,4191605529,0.001,0.03625777277881542,True
pud,equalize,477,1347490540,0.001,0.07212829255420179,True
pud,equalize,478,1851706833,0.001,0.05553679600627403,True
pud,equalize,479,698879540,0.001,0.09492657855167992,True
pud,equalize,480,2496162681,0.001,0.05531858080913419,True
pud,equalize,481,2346823735,0.001,0.07488519222496554,True
pud,equalize,482,535331619,0.001,0.03817511074082565,True
pud,equalize,483,530160379,0.001,0.03294942022656746,True
pud,equalize,484,2066964049,0.001,0.058560161617391505,True
pud,equalize,485,637339398,0.001,0.08786893950800685,True
pud,equalize,486,3884879889,0.001,0.0982022308446795,True
pud,equalize,487,626072168,0.001,0.04094007011050407,True
pud,equalize,488,3405867280,0.001,0.0771364450551186,True
pud,equalize,489,2404051461,0.001,0.02783248292702019,True
pud,equalize,490,2680002046,0.001,0.07748275758987229,True
pud,equalize,491,504330088,0.001,0.03828789687454264,True
pud,equalize,492,3166635364,0.001,0.015541726280654157,True
pud,equalize,493,986222190,0.001,0.055350328439447094,True
pud,equalize,494,2726753565,0.001,0.005597407211482986,True
pud,equalize,495,1397558277,0.001,0.07732503199965368,True
pud,equalize,496,2346959309,0.001,0.008963561057997971,True
pud,equalize,497,2420140628,0.001,0.06392235258512101,True
pud,equalize,498,205837006,0.001,0.0015216485796107349,True
pud,equalize,499,1467526405,0.001,0.08457631423564055,True
pud,equalize,500,271239373,0.001,0.0036595623923838085,True
pud,equalize,501,3131514194,0.001,0.09082565042507561,True
pud,equalize,502,3831311200,0.001,0.06253502560273387,True
pud,equalize,503,2265220315,0.001,0.03522036550495993,True
pud,equalize,504,325330081,0.001,0.0711168219479596,True
pud,equalize,505,4112426110,0.001,0.005075818718813219,True
pud,equalize,506,1018050364,0.001,0.025739301547494733,True
pud,equalize,507,1041069664,0.001,0.035190559106824726,True
pud,equalize,508,2571508868,0.001,0.02034428421026101,True
pud,equalize,509,3538822114,0.001,0.0013661905367884143,True
pud,equalize,510,1722781913,0.001,0.08787245005317823,True
pud,equalize,511,1075484287,0.001,0.054378904223030655,True
pud,equalize,512,677873299,0.001,0.007345897078202601,True
pud,equalize,513,1835346366,0.001,0.07744901207897677,True
pud,equalize,514,520938700,0.001,0.08374947329416878,True
pud,equalize,515,2439136822,0.001,0.009765289252638998,True
pud,equalize,516,640582284,0.001,0.013104379514267007,True
pud,equalize,517,2585621679,0.001,0.013105535216936783,True
pud,equalize,518,1031034134,0.001,0.09860199613392899,True
pud,equalize,519,1315476837,0.001,0.00025678885831379453,True
pud,equalize,520,1048320508,0.001,0.07273714221699283,True
pud,equalize,521,1572409163,0.001,0.05814830794069884,True
pud,equalize,522,2443442059,0.001,0.08466179998683157,True
pud,equalize,523,3922079213,0.001,0.0023083686424419936,True
pud,equalize,524,2457008865,0.001,0.026270679929339492,True
pud,equalize,525,657648722,0.001,0.00934743450199873,True
pud,equalize,526,392014725,0.001,0.0002955465806450564,True
pud,equalize,527,648789939,0.001,0.020870435632810637,True
pud,equalize,528,3874290726,0.001,0.029889439070113977,True
pud,equalize,529,2421113267,0.001,0.07181862556792741,True
pud,equalize,530,2599768412,0.001,0.0046480622798803165,True
pud,equalize,531,136906184,0.001,0.019085543189176504,True
pud,equalize,532,463894766,0.001,0.030865871596444605,True
pud,equalize,533,2100673252,0.001,0.09371335080582932,True
pud,equalize,534,2754828897,0.001,0.09581141455822134,True
pud,equalize,535,145950529,0.001,0.09929288680275983,True
pud,equalize,536,1779307805,0.001,0.07358430459161427,True
pud,equalize,537,2054027217,0.001,0.07099879075181101,True
pud,equalize,538,235437814,0.001,0.0944204529213297,True
pud,equalize,539,809293549,0.001,0.0971561541508083,True
pud,equalize,540,2204288770,0.001,0.014425819234315374,True
pud,equalize,541,581373532,0.001,0.05504621960777181,True
pud,equalize,542,3219491122,0.001,0.07920016683687757,True
pud,equalize,543,166082484,0.001,0.03828745058750824,True
pud,equalize,544,3813908091,0.001,0.056615921715154005,True
pud,equalize,545,3523325324,0.001,0.02279465597728564,True
pud,equalize,546,344645981,0.001,0.08649559838203069,True
pud,equalize,547,1347291711,0.001,0.022917299887503684,True
pud,equalize,548,1846247769,0.001,0.097953557385771,True
pud,equalize,549,1699700811,0.001,0.003775674164522425,True
pud,equalize,550,1437430063,0.001,0.005555020722905291,True
pud,equalize,551,3328917952,0.001,0.024845481392055058,True
pud,equalize,552,206833247,0.001,0.025806428893240863,True
pud,equalize,553,2392326148,0.001,0.07674484654956762,True
pud,equalize,554,2360488957,0.001,0.07965237213319931,True
pud,equalize,555,1398982276,0.001,0.056873120854606087,True
pud,equalize,556,1714348542,0.001,0.04605272726377612,True
pud,equalize,557,2237182487,0.001,0.06452842866553953,True
pud,equalize,558,3740115369,0.001,0.030265888940901643,True
pud,equalize,559,3463907999,0.001,0.06677204461832456,True
pud,equalize,560,404947568,0.001,0.05575678654733092,True
pud,equalize,561,3072007560,0.001,0.04531429624489525,True
pud,equalize,562,284824805,0.001,0.09957837444221879,True
pud,equalize,563,995076841,0.001,0.06429118426688626,True
pud,equalize,564,2211634279,0.001,0.020989352031485366,True
pud,equalize,565,1626620472,0.001,0.05908510815795153,True
pud,equalize,566,1092724065,0.001,0.0038663583468993793,True
pud,equalize,567,3260519021,0.001,0.04553027061730425,True
pud,equalize,568,2836575068,0.001,0.03521339258334322,True
pud,equalize,569,2354248680,0.001,0.060250383120326094,True
pud,equalize,570,884812514,0.001,0.03708956024719874,True
pud,equalize,571,4114395392,0.001,0.013548299942516273,True
pud,equalize,572,1879152148,0.001,0.04820656680545269,True
pud,equalize,573,1785811691,0.001,0.06376175661307015,True
pud,equalize,574,922052235,0.001,0.04089339360844253,True
pud,equalize,575,3178575405,0.001,0.007031139452702385,True
pud,equalize,576,3718269221,0.001,0.003686786987979274,True
pud,equalize,577,1404406699,0.001,0.010704116164636669,True
pud,equalize,578,2632578876,0.001,0.06816284942821375,True
pud,equalize,579,3094881109,0.001,0.06316438192915187,True
pud,equalize,580,4142563799,0.001,0.07253804159988604,True
pud,equalize,581,731073508,0.001,0.07756880784054188,True
pud,equalize,582,1530202894,0.001,0.05347980902478621,True
pud,equalize,583,963283033,0.001,0.05613126943651904,True
pud,equalize,584,1851952261,0.001,0.0569334846785565,True
pud,equalize,585,4129336176,0.001,0.031162328332465197,True
pud,equalize,586,836898996,0.001,0.07407767559256527,True
pud,equalize,587,2961840576,0.001,0.09129033481531973,True
pud,equalize,588,922795067,0.001,0.024032356936212074,True
pud,equalize,589,2289865693,0.001,0.09213490307517813,True
pud,equalize,590,3510475467,0.001,0.042677157513537484,True
pud,equalize,591,3572966319,0.001,0.07201640246667922,True
pud,equalize,592,4041088375,0.001,0.02478301033393984,True
pud,equalize,593,3995529993,0.001,0.07939072104831735,True
pud,equalize,594,3381567332,0.001,0.016464440327270135,True
pud,equalize,595,2320499465,0.001,0.0008802175416855129,True
pud,equalize,596,1385924605,0.001,0.05795126550721467,True
pud,equalize,597,1758551973,0.001,0.039864610053410104,True
pud,equalize,598,3458343054,0.001,0.046851351194649754,True
pud,equalize,599,1797228951,0.001,0.04719084295044021,True
pud,equalize,600,917651553,0.001,0.07716704041143746,True
pud,equalize,601,1127392839,0.001,0.04090051031914768,True
pud,equalize,602,3359048244,0.001,0.04611509577668693,True
pud,equalize,603,2712423394,0.001,0.08274475013552951,True
pud,equalize,604,2648569187,0.001,0.03705445961593965,True
pud,equalize,605,611736463,0.001,0.07602118420322733,True
pud,equalize,606,665868633,0.001,0.009703797501153678,True
pud,equalize,607,2170176196,0.001,0.02399269229760306,True
pud,equalize,608,4077338290,0.001,0.07726721470102792,True
pud,equalize,609,660986527,0.001,0.0714252435758133,True
pud,equalize,610,3513346019,0.001,0.05354195344024455,True
pud,equalize,611,489421956,0.001,0.08048185403614427,True
pud,equalize,612,75536896,0.001,0.0041983571709731105,True
pud,equalize,613,754500620,0.001,0.07299984981179591,True
pud,equalize,614,2913102967,0.001,0.04325541082962312,True
pud,equalize,615,490245664,0.001,0.09645423061025626,True
pud,equalize,616,3746274931,0.001,0.039989192254436604,True
pud,equalize,617,2578725982,0.001,0.02092963510368212,True
pud,equalize,618,4024125611,0.001,0.053898898661304255,True
pud,equalize,619,404498883,0.001,0.002102121795990841,True
pud,equalize,620,193160723,0.001,0.0541693579209826,True
pud,equalize,621,2463448187,0.001,0.05529611501119156,True
pud,equalize,622,3723706753,0.001,0.02901880908093284,True
pud,equalize,623,1061486959,0.001,0.013236001601818826,True
pud,equalize,624,2732723386,0.001,0.07004209678459279,True
pud,equalize,625,975958019,0.001,0.0451443244726089,True
pud,equalize,626,3467842073,0.001,0.0677800575290046,True
pud,equalize,627,362670673,0.001,0.027773436846875967,True
pud,equalize,628,2058308702,0.001,0.058652400097413286,True
pud,equalize,629,2340614263,0.001,0.0021865538406307117,True
pud,equalize,630,235332567,0.001,0.05778805789419344,True
pud,equalize,631,1980732706,0.001,0.08816289135082013,True
pud,equalize,632,3046979311,0.001,0.018707246593045335,True
pud,equalize,633,3603509358,0.001,0.025165628196179235,True
pud,equalize,634,818626234,0.001,0.010892816437977237,True
pud,equalize,635,2069049960,0.001,0.07301026552661537,True
pud,equalize,636,2493588866,0.001,0.0436562175054561,True
pud,equalize,637,3787011551,0.001,0.09264880239220676,True
pud,equalize,638,2903448950,0.001,0.016465031749443162,True
pud,equalize,639,3663415083,0.001,0.05485682109730329,True
pud,equalize,640,2449801316,0.001,0.01124073856782487,True
pud,equalize,641,1460277375,0.001,0.05473504686819167,True
pud,equalize,642,1375839096,0.001,0.09089076654848845,True
pud,equalize,643,1844524032,0.001,0.06692575361100836,True
pud,equalize,644,175242666,0.001,0.016853182537079136,True
pud,equalize,645,4157202969,0.001,0.005276120203238544,True
pud,equalize,646,2465147842,0.001,0.01346448978678756,True
pud,equalize,647,137690621,0.001,0.028471801281333843,True
pud,equalize,648,1007470552,0.001,0.06695629815864086,True
pud,equalize,649,4256239820,0.001,0.05339068778720081,True
pud,equalize,650,528549156,0.001,0.09098547008695507,True
pud,equalize,651,2498788355,0.001,0.04724353009755592,True
pud,equalize,652,3542599391,0.001,0.09039805978314003,True
pud,equalize,653,3338752659,0.001,0.0655092115971759,True
pud,equalize,654,2334173316,0.001,0.001190312723237208,True
pud,equalize,655,2371271907,0.001,0.08849127842667266,True
pud,equalize,656,1690641818,0.001,0.013262822526302065,True
pud,equalize,657,3431692579,0.001,0.028258046830761354,True
pud,equalize,658,1992059594,0.001,0.0657037076374606,True
pud,equalize,659,2468879586,0.001,0.030217592168375176,True
pud,equalize,660,4067128297,0.001,0.07891463735428568,True
pud,equalize,661,66183690,0.001,0.01153334296095927,True
pud,equalize,662,2731263712,0.001,0.09463376878747555,True
pud,equalize,663,682376089,0.001,0.05079481873840483,True
pud,equalize,664,2954266015,0.001,0.038255936452536554,True
pud,equalize,665,3510188630,0.001,0.0533951302150836,True
pud,equalize,666,2625589992,0.001,0.092562537553556,True
pud,equalize,667,3115869114,0.001,0.08821353372569696,True
pud,equalize,668,3777623829,0.001,0.09990904927102114,True
pud,equalize,669,1926622178,0.001,0.026289000508673332,True
pud,equalize,670,2494789479,0.001,0.03621123465220858,True
pud,equalize,671,3168910077,0.001,0.03133389271904091,True
pud,equalize,672,3591449592,0.001,0.04657337849748297,True
pud,equalize,673,4210489958,0.001,0.03710290488771475,True
pud,equalize,674,4014791513,0.001,0.08266886171164593,True
pud,equalize,675,2006588856,0.001,0.010913848650132708,True
pud,equalize,676,4202473135,0.001,0.03659333469308701,True
pud,equalize,677,1832460186,0.001,0.0700807608034024,True
pud,equalize,678,2766941644,0.001,0.03795085092699414,True
pud,equalize,679,570341197,0.001,0.09063916628662357,True
pud,equalize,680,2502075127,0.001,0.01548968186250077,True
pud,equalize,681,3240506208,0.001,0.09961891903907372,True
pud,equalize,682,912556241,0.001,0.044073130230723005,True
pud,equalize,683,2690961539,0.001,0.0803073827034896,True
pud,equalize,684,1521149198,0.001,0.027666257660255145,True
pud,equalize,685,1705822539,0.001,0.0007320351430930461,True
pud,equalize,686,3744886159,0.001,0.030632572229086465,True
pud,equalize,687,2139943489,0.001,0.03592520922267133,True
pud,equalize,688,1305086485,0.001,0.06345229533395204,True
pud,equalize,689,406820951,0.001,0.08012294172046848,True
pud,equalize,690,165521305,0.001,0.0809140496378971,True
pud,equalize,691,1135243616,0.001,0.07441834117260257,True
pud,equalize,692,115569876,0.001,0.0037396094719946873,True
pud,equalize,693,1235216539,0.001,0.05567624480939201,True
pud,equalize,694,3372935715,0.001,0.044216004474258164,True
pud,equalize,695,2425109845,0.001,5.02516746117121e-05,True
pud,equalize,696,4251906146,0.001,0.0759124521062863,True
pud,equalize,697,2088252392,0.001,0.02457854254362296,True
pud,equalize,698,1211861872,0.001,0.07019954361187955,True
pud,equalize,699,2287293232,0.001,0.027897904157569223,True
pud,equalize,700,3245845414,0.001,0.02898438024665997,True
pud,equalize,701,55694523,0.001,0.057383508872890315,True
pud,equalize,702,2014433554,0.001,0.0322604240482259,True
pud,equalize,703,998946088,0.001,0.06951505041712629,True
pud,equalize,704,2550156281,0.001,0.09197662712951452,True
pud,equalize,705,2316030183,0.001,0.0475703194407801,True
pud,equalize,706,3321872370,0.001,0.053443547509576986,True
pud,equalize,707,3021846906,0.001,0.07559429835958935,True
pud,equalize,708,50459311,0.001,0.04141945758394459,True
pud,equalize,709,2340030518,0.001,0.0035339192709556324,True
pud,equalize,710,3953364311,0.001,0.09635655190533932,True
pud,equalize,711,1236854112,0.001,0.07190138998369949,True
pud,equalize,712,1822096035,0.001,0.04818024781186389,True
pud,equalize,713,884208156,0.001,0.03580961388121723,True
pud,equalize,714,2993405849,0.001,0.07195604695623224,True
pud,equalize,715,2713711476,0.001,0.06638993800430995,True
pud,equalize,716,2005732134,0.001,0.00795811423103442,True
pud,equalize,717,2482006073,0.001,0.007478176036998296,True
pud,equalize,718,1972825597,0.001,0.013704573050453563,True
pud,equalize,719,505050753,0.001,0.05760665503685011,True
pud,equalize,720,4001672692,0.001,0.05571344643307551,True
pud,equalize,721,1159037355,0.001,0.045137346989730535,True
pud,equalize,722,4192152801,0.001,0.031089607595454705,True
pud,equalize,723,4263947209,0.001,0.036708037691005925,True
pud,equalize,724,4242773102,0.001,0.08547578287697852,True
pud,equalize,725,2130441226,0.001,0.07846668633216684,True
pud,equalize,726,3951905340,0.001,0.07267382202251806,True
pud,equalize,727,3691145074,0.001,0.07203917158550735,True
pud,equalize,728,1211379651,0.001,0.026698081789640428,True
pud,equalize,729,2415773547,0.001,0.09462244530444158,True
pud,equalize,730,3550219670,0.001,0.059501088909299164,True
pud,equalize,731,2074691191,0.001,0.08009078343524029,True
pud,equalize,732,2157346250,0.001,0.035278574864110734,True
pud,equalize,733,2178786283,0.001,0.09877663726567787,True
pud,equalize,734,2957990655,0.001,0.007960837435555479,True
pud,equalize,735,994286069,0.001,0.0228950711632542,True
pud,equalize,736,1525065209,0.001,0.08264112666459651,True
pud,equalize,737,3037287401,0.001,0.004146745087703185,True
pud,equalize,738,1674379584,0.001,0.080822554378354,True
pud,equalize,739,359458015,0.001,0.08508717327511642,True
pud,equalize,740,410698351,0.001,0.09763781762420204,True
pud,equalize,741,669511128,0.001,0.005815149402926246,True
pud,equalize,742,91081045,0.001,0.02404156420765461,True
pud,equalize,743,1511580991,0.001,0.08800989534821782,True
pud,equalize,744,2003670793,0.001,0.01113297323727691,True
pud,equalize,745,3846807333,0.001,0.08817840861751908,True
pud,equalize,746,257325504,0.001,0.08981529984442817,True
pud,equalize,747,3442442021,0.001,0.021035938266234747,True
pud,equalize,748,1705030815,0.001,0.03190402379760815,True
pud,equalize,749,3574009787,0.001,0.001206288107711595,True
pud,equalize,750,149630535,0.001,0.016988924277717764,True
pud,equalize,751,916788563,0.001,0.07850094231322238,True
pud,equalize,752,205983228,0.001,0.027694598133706595,True
pud,equalize,753,756075346,0.001,0.019900473153879817,True
pud,equalize,754,2621786646,0.001,0.028250839932292438,True
pud,equalize,755,1315787771,0.001,0.06037894081848945,True
pud,equalize,756,3580972727,0.001,0.08499066948505103,True
pud,equalize,757,2503744246,0.001,0.05984692317559292,True
pud,equalize,758,1439344434,0.001,0.08755016158305606,True
pud,equalize,759,1707182435,0.001,0.08970322979753187,True
pud,equalize,760,2998667811,0.001,0.07857510697266985,True
pud,equalize,761,3827783192,0.001,0.013086882616783535,True
pud,equalize,762,594407868,0.001,0.054647239646989636,True
pud,equalize,763,1292728168,0.001,0.040684620688855914,True
pud,equalize,764,543274910,0.001,0.07713855605739936,True
pud,equalize,765,3900683629,0.001,0.02334690535991185,True
pud,equalize,766,1601920137,0.001,0.06440751954425171,True
pud,equalize,767,3140285444,0.001,0.07592271214503352,True
pud,equalize,768,332586359,0.001,0.0025653665999124664,True
pud,equalize,769,3498161844,0.001,0.026206904870312388,True
pud,equalize,770,3637829623,0.001,0.06713843427362028,True
pud,equalize,771,1189873784,0.001,0.09815770717992012,True
pud,equalize,772,2120997249,0.001,0.0639550693053089,True
pud,equalize,773,266437645,0.001,0.037383363129885806,True
pud,equalize,774,1757622224,0.001,0.000527776158943083,True
pud,equalize,775,2761147730,0.001,0.09885133428155866,True
pud,equalize,776,3787295333,0.001,0.05522367668187429,True
pud,equalize,777,2078669262,0.001,0.05755518807509822,True
pud,equalize,778,2044943751,0.001,0.04346115422295466,True
pud,equalize,779,3117911940,0.001,0.08343353344627943,True
pud,equalize,780,4212197715,0.001,0.06049870310651816,True
pud,equalize,781,4154526312,0.001,0.005266707616865174,True
pud,equalize,782,1940029324,0.001,0.05313230128627847,True
pud,equalize,783,4284535336,0.001,0.04826853046617296,True
pud,equalize,784,2771059237,0.001,0.032844482998938385,True
pud,equalize,785,1300306130,0.001,0.007029313480778565,True
pud,equalize,786,1353398179,0.001,0.0035876855462467997,True
pud,equalize,787,458960427,0.001,0.037008421904554216,True
pud,equalize,788,580321906,0.001,0.004095649867505636,True
pud,equalize,789,2405688638,0.001,0.02932584233685828,True
pud,equalize,790,3704040167,0.001,0.0952723939910518,True
pud,equalize,791,3477147351,0.001,0.023867167105968246,True
pud,equalize,792,3268005232,0.001,0.061373875571184094,True
pud,equalize,793,2064852116,0.001,0.0698685859213544,True
pud,equalize,794,303044494,0.001,0.012039990514475185,True
pud,equalize,795,2148157491,0.001,0.09342205296366367,True
pud,equalize,796,3873748830,0.001,0.09077098719568269,True
pud,equalize,797,3722386828,0.001,0.06766326641975227,True
pud,equalize,798,1751058145,0.001,0.008758518243303037,True
pud,equalize,799,2052860535,0.001,0.097712835176752,True
pud,equalize,800,4139912925,0.001,0.0054022261044775815,True
pud,equalize,801,3187732578,0.001,0.08597264954712841,True
pud,equalize,802,1104202730,0.001,0.06614477721421848,True
pud,equalize,803,3833034746,0.001,0.06503786481764201,True
pud,equalize,804,407756,0.001,0.034379856539597374,True
pud,equalize,805,1998737605,0.001,0.07251856945850518,True
pud,equalize,806,1763941657,0.001,0.060850342542788795,True
pud,equalize,807,1109903126,0.001,0.05167139597055623,True
pud,equalize,808,2539400718,0.001,0.09698913148855119,True
pud,equalize,809,780425081,0.001,0.004636143104908896,True
pud,equalize,810,3588231558,0.001,0.04511564109782713,True
pud,equalize,811,1119527560,0.001,0.07873404461277186,True
pud,equalize,812,2264568239,0.001,0.09460190874927464,True
pud,equalize,813,2413974705,0.001,0.04507886717551393,True
pud,equalize,814,1143903075,0.001,0.05133904759041174,True
pud,equalize,815,134230661,0.001,0.0752467636339192,True
pud,equalize,816,2564191451,0.001,0.017155847752648192,True
pud,equalize,817,3620162899,0.001,0.03089311818422348,True
pud,equalize,818,220151457,0.001,0.017190028021783123,True
pud,equalize,819,424141678,0.001,0.01897930205871573,True
pud,equalize,820,4158150472,0.001,0.06476539884325772,True
pud,equalize,821,1621373692,0.001,0.0034891275166998082,True
pud,equalize,822,3723583894,0.001,0.09242186125276672,True
pud,equalize,823,2987769877,0.001,0.002652423447476671,True
pud,equalize,824,985506451,0.001,0.04505650699849833,True
pud,equalize,825,3803222176,0.001,0.022157143113756717,True
pud,equalize,826,1424519114,0.001,0.0015560283888007898,True
pud,equalize,827,2544306687,0.001,0.06401932968013443,True
pud,equalize,828,2843181345,0.001,0.07632496218196409,True
pud,equalize,829,3262681913,0.001,0.06458949799595733,True
pud,equalize,830,325933755,0.001,0.06111318646785682,True
pud,equalize,831,1636247804,0.001,0.08433820082384494,True
pud,equalize,832,1696543140,0.001,0.0949784673746568,True
pud,equalize,833,2624401385,0.001,0.015381867008282403,True
pud,equalize,834,2038463274,0.001,0.08717416366648938,True
pud,equalize,835,1556053299,0.001,0.0577396531741538,True
pud,equalize,836,261803330,0.001,0.010258155872538444,True
pud,equalize,837,3824014418,0.001,0.05534754838236337,True
pud,equalize,838,516223125,0.001,0.008129038927565857,True
pud,equalize,839,1913730593,0.001,0.05940758911141295,True
pud,equalize,840,1025693839,0.001,0.03833196038442979,True
pud,equalize,841,3599521769,0.001,0.033830031892827475,True
pud,equalize,842,3532201762,0.001,0.04881600005763427,True
pud,equalize,843,1193033428,0.001,0.041686345352476485,True
pud,equalize,844,4286686773,0.001,0.010262266124661313,True
pud,equalize,845,447262042,0.001,0.022250209530278432,True
pud,equalize,846,421603145,0.001,0.009568242028391594,True
pud,equalize,847,3949265592,0.001,0.09022039648806374,True
pud,equalize,848,1974614881,0.001,0.04682656135037856,True
pud,equalize,849,1332639332,0.001,0.0700346244754818,True
pud,equalize,850,4170199061,0.001,0.05264090719024422,True
pud,equalize,851,1995831182,0.001,0.044784727947961005,True
pud,equalize,852,266016515,0.001,0.0003304842331560365,True
pud,equalize,853,4151297081,0.001,0.08450747677203732,True
pud,equalize,854,3149980129,0.001,0.02157059710274426,True
pud,equalize,855,1948875521,0.001,0.08133350867294885,True
pud,equalize,856,3399280983,0.001,0.055477156245091724,True
pud,equalize,857,2653734481,0.001,0.009171195893821371,True
pud,equalize,858,364686020,0.001,0.09344186398342597,True
pud,equalize,859,3862182791,0.001,0.08108796472228341,True
pud,equalize,860,132510748,0.001,0.05549330209858836,True
pud,equalize,861,2649206098,0.001,0.02881449346294426,True
pud,equalize,862,1734414297,0.001,0.04008145948215891,True
pud,equalize,863,3976159670,0.001,0.06957581395296787,True
pud,equalize,864,2385001249,0.001,0.07282221764691692,True
pud,equalize,865,1253975645,0.001,0.0389181333353998,True
pud,equalize,866,2238033475,0.001,0.055161438035455194,True
pud,equalize,867,2486685518,0.001,0.04477145082820118,True
pud,equalize,868,1792843069,0.001,0.08422315995385497,True
pud,equalize,869,3857402069,0.001,0.03168771869290057,True
pud,equalize,870,3208335367,0.001,0.026014022642792557,True
pud,equalize,871,2299379029,0.001,0.07171238249403188,True
pud,equalize,872,1845812387,0.001,0.07459692200672007,True
pud,equalize,873,3662330525,0.001,0.03371193363559138,True
pud,equalize,874,1711863363,0.001,0.020786744465167817,True
pud,equalize,875,141292726,0.001,0.0046674711983599295,True
pud,equalize,876,805283166,0.001,0.03039934630871385,True
pud,equalize,877,2466198521,0.001,0.02729444379328194,True
pud,equalize,878,69861177,0.001,0.09935869863232685,True
pud,equalize,879,947374931,0.001,0.08273286342298825,True
pud,equalize,880,1565796354,0.001,0.037607270651794346,True
pud,equalize,881,2120262415,0.001,0.009957144013978327,True
pud,equalize,882,403107780,0.001,0.08907429233464714,True
pud,equalize,883,2788512592,0.001,0.05056098946162472,True
pud,equalize,884,2947142902,0.001,0.028548271081722365,True
pud,equalize,885,2420201679,0.001,0.028976326310056835,True
pud,equalize,886,3779901418,0.001,0.06081793755209197,True
pud,equalize,887,1283777317,0.001,0.013842141320590874,True
pud,equalize,888,3050928102,0.001,0.04352462778301256,True
pud,equalize,889,764127110,0.001,0.0006959802771604796,True
pud,equalize,890,38047057,0.001,0.06745920367945459,True
pud,equalize,891,1763560109,0.001,0.03448244619670221,True
pud,equalize,892,98528488,0.001,0.0744053371055262,True
pud,equalize,893,1304497610,0.001,0.05783840539545079,True
pud,equalize,894,1873160697,0.001,0.0795885716510627,True
pud,equalize,895,823165513,0.001,0.0448540942643513,True
pud,equalize,896,3037573204,0.001,0.040825190819041984,True
pud,equalize,897,521793299,0.001,0.027982612903883798,True
pud,equalize,898,552729439,0.001,0.09061162814462534,True
pud,equalize,899,2556263217,0.001,0.08902452577638306,True
pud,equalize,900,4248479926,0.001,0.06742172624149537,True
pud,equalize,901,1466942039,0.001,0.038949796816570285,True
pud,equalize,902,1698221328,0.001,0.08735348430282901,True
pud,equalize,903,1523764460,0.001,0.03737881027261445,True
pud,equalize,904,3059695646,0.001,0.0706128623685144,True
pud,equalize,905,387765996,0.001,0.038132178506835215,True
pud,equalize,906,761407070,0.001,0.03600540954022574,True
pud,equalize,907,740768653,0.001,0.061278229815541145,True
pud,equalize,908,2700006702,0.001,0.03055773610767122,True
pud,equalize,909,2627650546,0.001,0.031668385891853224,True
pud,equalize,910,1552322019,0.001,0.06598364783242307,True
pud,equalize,911,3186024737,0.001,0.08693039123362606,True
pud,equalize,912,1287135603,0.001,0.040207591494797704,True
pud,equalize,913,1841778172,0.001,0.08780457879332901,True
pud,equalize,914,290075460,0.001,0.05115962520433767,True
pud,equalize,915,1934497603,0.001,0.031143912510145436,True
pud,equalize,916,3400104400,0.001,0.08939117394971113,True
pud,equalize,917,1341501898,0.001,0.06673785080262688,True
pud,equalize,918,921941485,0.001,0.08519698999171113,True
pud,equalize,919,1474814280,0.001,0.07851809866063342,True
pud,equalize,920,1719675764,0.001,0.08925141626758742,True
pud,equalize,921,4107707765,0.001,0.05253734409722031,True
pud,equalize,922,3378241456,0.001,0.005880437801299255,True
pud,equalize,923,2311084079,0.001,0.032861719678481,True
pud,equalize,924,178818830,0.001,0.05177345905392862,True
pud,equalize,925,998628810,0.001,0.00028377990565083835,True
pud,equalize,926,1848072206,0.001,0.07140044677812112,True
pud,equalize,927,1695406627,0.001,0.09569226574460453,True
pud,equalize,928,3563179547,0.001,0.04785889664056037,True
pud,equalize,929,3033399243,0.001,0.05758727198785312,True
pud,equalize,930,3325503034,0.001,0.09866915472795715,True
pud,equalize,931,1406790812,0.001,0.08986866698655673,True
pud,equalize,932,978608278,0.001,0.08917869004697268,True
pud,equalize,933,1074012964,0.001,0.0004890200213832241,True
pud,equalize,934,1916180559,0.001,0.004300545366432484,True
pud,equalize,935,3650035043,0.001,0.0473412850480584,True
pud,equalize,936,3808995234,0.001,0.008501563094025943,True
pud,equalize,937,3222306217,0.001,0.07726302868891372,True
pud,equalize,938,3506895323,0.001,0.02105775618672986,True
pud,equalize,939,3047891777,0.001,0.0378194641393384,True
pud,equalize,940,679473901,0.001,0.008613596207114006,True
pud,equalize,941,1795145641,0.001,0.06276600950731429,True
pud,equalize,942,3049405672,0.001,0.09693209317992321,True
pud,equalize,943,3607040637,0.001,0.0899355727630629,True
pud,equalize,944,3939748731,0.001,0.08972532646938938,True
pud,equalize,945,997930519,0.001,0.08590895527537118,True
pud,equalize,946,385441910,0.001,0.0815081407422722,True
pud,equalize,947,3915274825,0.001,0.023409162379438155,True
pud,equalize,948,2968177479,0.001,0.08999121710824892,True
pud,equalize,949,2738478004,0.001,0.09172597153019157,True
pud,equalize,950,464427010,0.001,0.09676673923002499,True
pud,equalize,951,1450927699,0.001,0.041795248109332106,True
pud,equalize,952,3840188423,0.001,0.09321865481445828,True
pud,equalize,953,4213481961,0.001,0.0913039284455083,True
pud,equalize,954,2844926923,0.001,0.05840235211836921,True
pud,equalize,955,2147877953,0.001,0.05037792894277109,True
pud,equalize,956,3414488553,0.001,0.059547300568206535,True
pud,equalize,957,2985740813,0.001,0.06489777855956975,True
pud,equalize,958,4278358567,0.001,0.012420282866444466,True
pud,equalize,959,491372002,0.001,0.0006818936349093697,True
pud,equalize,960,2242380311,0.001,0.062479321312416326,True
pud,equalize,961,2063424923,0.001,0.08261624116474447,True
pud,equalize,962,916309351,0.001,0.002066617440966301,True
pud,equalize,963,1665116711,0.001,0.06276734468226312,True
pud,equalize,964,3124360804,0.001,0.03498422188964025,True
pud,equalize,965,568744899,0.001,0.0892926017817574,True
pud,equalize,966,24407148,0.001,0.008956893714967662,True
pud,equalize,967,3898647532,0.001,0.0869257066103158,True
pud,equalize,968,1505337413,0.001,0.008832275280010715,True
pud,equalize,969,1397605439,0.001,0.06400811219484355,True
pud,equalize,970,3427387072,0.001,0.01126324327682814,True
pud,equalize,971,3719772082,0.001,0.06244556567630463,True
pud,equalize,972,1417005412,0.001,0.07366533051063111,True
pud,equalize,973,182806569,0.001,0.041199654854880335,True
pud,equalize,974,2440339485,0.001,0.0774396141353799,True
pud,equalize,975,3730430623,0.001,0.03437088967197715,True
pud,equalize,976,3775594527,0.001,0.08296289848248412,True
pud,equalize,977,3096064940,0.001,0.08278966749862282,True
pud,equalize,978,1646588350,0.001,0.005789263756466035,True
pud,equalize,979,289114681,0.001,0.07507881733271657,True
pud,equalize,980,2592024375,0.001,0.06023435881742341,True
pud,equalize,981,2885817866,0.001,0.06619993611682101,True
pud,equalize,982,2390757524,0.001,0.06549775939593298,True
pud,equalize,983,2140033401,0.001,0.018667537260808467,True
pud,equalize,984,2685148996,0.001,0.054785742674379,True
pud,equalize,985,1473642825,0.001,0.048417488790933466,True
pud,equalize,986,2199337548,0.001,0.09121747568220621,True
pud,equalize,987,714445362,0.001,0.06840211106070818,True
pud,equalize,988,1508421302,0.001,0.08848790036333126,True
pud,equalize,989,2204100161,0.001,0.09171518087926164,True
pud,equalize,990,2492996572,0.001,0.03441815188359387,True
pud,equalize,991,2603708191,0.001,0.03902988436859542,True
pud,equalize,992,3440507123,0.001,0.00407050073001477,True
pud,equalize,993,3799864048,0.001,0.09844206473223344,True
pud,equalize,994,1040452465,0.001,0.07093269305166044,True
pud,equalize,995,3462119671,0.001,0.06366664113305852,True
pud,equalize,996,3544358427,0.001,0.061771702063111944,True
pud,equalize,997,1685009845,0.001,0.07585265520796504,True
pud,equalize,998,1584923473,0.001,0.09685776398683911,True
pud,equalize,999,1644367286,0.001,0.06366164555309697,True
tobacco,equalize,0,3196016159,0.001,0.05391186986750212,True
tobacco,equalize,1,4065367510,0.001,0.0819353538364963,True
tobacco,equalize,2,3237409484,0.001,0.013100069907407164,True
tobacco,equalize,3,996459400,0.001,0.06348581516075462,True
tobacco,equalize,4,4205326359,0.001,0.05338757035824733,True
tobacco,equalize,5,2491473798,0.001,0.0002416874637479638,True
tobacco,equalize,6,792683250,0.001,0.06491571749191777,True
tobacco,equalize,7,693867724,0.001,0.037900866120385596,True
tobacco,equalize,8,1419246444,0.001,0.08149696452582961,True
tobacco,equalize,9,1947820451,0.001,0.0061189029856263625,True
tobacco,equalize,10,4082739996,0.001,0.0984667192568889,True
tobacco,equalize,11,3663658446,0.001,0.04354893349986347,True
tobacco,equalize,12,2852146384,0.001,0.05944637062399952,True
tobacco,equalize,13,976527736,0.001,0.06727839598288626,True
tobacco,equalize,14,3326435165,0.001,0.03277161032289855,True
tobacco,equalize,15,1531914156,0.001,0.08258165786218276,True
tobacco,equalize,16,4017176587,0.001,0.08558620676663786,True
tobacco,equalize,17,209260146,0.001,0.031093134695330274,True
tobacco,equalize,18,1328197489,0.001,0.07498714633250202,True
tobacco,equalize,19,1865900821,0.001,0.09456466041609984,True
tobacco,equalize,20,1472610145,0.001,0.04138479981137752,True
tobacco,equalize,21,2679041463,0.001,0.014283642048679646,True
tobacco,equalize,22,3424976109,0.001,0.007613288244889838,True
tobacco,equalize,23,3164890267,0.001,0.05031639980803541,True
tobacco,equalize,24,731819921,0.001,0.02492680816120201,True
tobacco,equalize,25,3356174300,0.001,0.02663742035907073,True
tobacco,equalize,26,2834309219,0.001,0.00023888702499998973,True
tobacco,equalize,27,2324352637,0.001,0.03644544609751672,True
tobacco,equalize,28,563648679,0.001,0.06419415917212559,True
tobacco,equalize,29,1718400670,0.001,0.06258758751024833,True
tobacco,equalize,30,1992651654,0.001,0.04066935186970794,True
tobacco,equalize,31,2191735607,0.001,0.08657525004169461,True
tobacco,equalize,32,1411065258,0.001,0.06137174711134355,True
tobacco,equalize,33,422849985,0.001,0.02310202524950189,True
tobacco,equalize,34,2219210274,0.001,0.06270685861428905,True
tobacco,equalize,35,1582925518,0.001,0.05123901917864724,True
tobacco,equalize,36,4265416503,0.001,0.08054639389340203,True
tobacco,equalize,37,300052542,0.001,0.024621003419616164,True
tobacco,equalize,38,1813230512,0.001,0.06951345958402752,True
tobacco,equalize,39,555073795,0.001,0.08802874756192938,True
tobacco,equalize,40,2676608680,0.001,0.057144887269861014,True
tobacco,equalize,41,748752921,0.001,0.003504856544207169,True
tobacco,equalize,42,2129796946,0.001,0.0446589837107791,True
tobacco,equalize,43,2193558126,0.001,0.0032636354788779243,True
tobacco,equalize,44,2431703193,0.001,0.02676891639105631,True
tobacco,equalize,45,2348814330,0.001,0.025370196267284918,True
tobacco,equalize,46,1838444240,0.001,0.06297198533054386,True
tobacco,equalize,47,660919277,0.001,0.00010117127723451303,True
tobacco,equalize,48,3815535396,0.001,0.07175458847853733,True
tobacco,equalize,49,285943298,0.001,0.04103521960591621,True
tobacco,equalize,50,2744445123,0.001,0.08819732539012354,True
tobacco,equalize,51,980779026,0.001,0.08490150842826417,True
tobacco,equalize,52,1265842892,0.001,0.08256667840564372,True
tobacco,equalize,53,3211061720,0.001,0.07733395748789086,True
tobacco,equalize,54,2476677247,0.001,0.032917725852123395,True
tobacco,equalize,55,657991814,0.001,0.06871291215520606,True
tobacco,equalize,56,2047444100,0.001,0.029836859357044998,True
tobacco,equalize,57,3649255009,0.001,0.0845759778961452,True
tobacco,equalize,58,343431376,0.001,0.09667570506502682,True
tobacco,equalize,59,3711626063,0.001,0.08344590883425504,True
tobacco,equalize,60,158941624,0.001,0.0032754379148070556,True
tobacco,equalize,61,1375345448,0.001,0.030654798114828755,True
tobacco,equalize,62,748506511,0.001,0.05168657449518615,True
tobacco,equalize,63,1537914592,0.001,0.00503240220336364,True
tobacco,equalize,64,2982240859,0.001,0.07719415782995677,True
tobacco,equalize,65,1929397495,0.001,0.09038180669170787,True
tobacco,equalize,66,1863755104,0.001,0.07408734833679419,True
tobacco,equalize,67,938251676,0.001,0.013347619649450826,True
tobacco,equalize,68,266204141,0.001,0.09559630025320548,True
tobacco,equalize,69,1041237010,0.001,0.03813562492745207,True
tobacco,equalize,70,3858705149,0.001,0.035812173799729057,True
tobacco,equalize,71,3723176436,0.001,0.019184552656733647,True
tobacco,equalize,72,438464114,0.001,0.02148182143716665,True
tobacco,equalize,73,2421687854,0.001,0.07411296070220062,True
tobacco,equalize,74,593753711,0.001,0.038908700053377904,True
tobacco,equalize,75,2454788501,0.001,0.06254038406536457,True
tobacco,equalize,76,4113509284,0.001,0.09631325519645058,True
tobacco,equalize,77,3270097097,0.001,0.0337739275179808,True
tobacco,equalize,78,899220914,0.001,0.019453576499058656,True
tobacco,equalize,79,2116630993,0.001,0.07942146089458774,True
tobacco,equalize,80,3602349901,0.001,0.07216416020065049,True
tobacco,equalize,81,471136009,0.001,0.005909094987707465,True
tobacco,equalize,82,523308776,0.001,0.040740319069949266,True
tobacco,equalize,83,183980549,0.001,0.05548227484486376,True
tobacco,equalize,84,3270858472,0.001,0.09945004561606985,True
tobacco,equalize,85,438358213,0.001,0.035727534650954344,True
tobacco,equalize,86,3634937968,0.001,0.09545812036338751,True
tobacco,equalize,87,2504785799,0.001,0.04911628622284055,True
tobacco,equalize,88,1634763626,0.001,0.024266310671726132,True
tobacco,equalize,89,2760681453,0.001,0.07610816917662655,True
tobacco,equalize,90,2557182894,0.001,0.06979554849950512,True
tobacco,equalize,91,2317298457,0.001,0.02961289816159578,True
tobacco,equalize,92,1121545592,0.001,0.013519669436740413,True
tobacco,equalize,93,3349434544,0.001,0.09774052761691862,True
tobacco,equalize,94,3202342371,0.001,0.08793988842583891,True
tobacco,equalize,95,3558907890,0.001,0.03753322448110499,True
tobacco,equalize,96,2467268618,0.001,0.036718017305067345,True
tobacco,equalize,97,2748806192,0.001,0.028363134669173985,True
tobacco,equalize,98,2835500838,0.001,0.06508008242068981,True
tobacco,equalize,99,2197553767,0.001,0.014593442658406886,True
tobacco,equalize,100,3380702467,0.001,0.047075307578270054,True
tobacco,equalize,101,1520805715,0.001,0.08012539437843214,True
tobacco,equalize,102,1558256999,0.001,0.023064874755275244,True
tobacco,equalize,103,4175271118,0.001,0.05025810942141732,True
tobacco,equalize,104,730240356,0.001,0.05094751901495122,True
tobacco,equalize,105,1109524460,0.001,0.04393521615878129,True
tobacco,equalize,106,3984796240,0.001,0.09776332119160216,True
tobacco,equalize,107,262697965,0.001,0.04097887529025154,True
tobacco,equalize,108,4171028376,0.001,0.08432950892069509,True
tobacco,equalize,109,1089988421,0.001,0.07087923253702408,True
tobacco,equalize,110,3696905304,0.001,0.0867192399305419,True
tobacco,equalize,111,2334573031,0.001,0.09748056984074982,True
tobacco,equalize,112,4032318089,0.001,0.0737446570301705,True
tobacco,equalize,113,1610475700,0.001,0.04175487873666324,True
tobacco,equalize,114,1040471638,0.001,0.010090002277465716,True
tobacco,equalize,115,1094630198,0.001,0.06180845100322932,True
tobacco,equalize,116,410849914,0.001,0.03910332651761281,True
tobacco,equalize,117,1543359937,0.001,0.016031560822461623,True
tobacco,equalize,118,3679008605,0.001,0.036875095634209425,True
tobacco,equalize,119,2987191321,0.001,0.049640520107280775,True
tobacco,equalize,120,2182781114,0.001,0.028192799343425445,True
tobacco,equalize,121,3858315724,0.001,0.045927802958951415,True
tobacco,equalize,122,2382958985,0.001,0.017723126901782484,True
tobacco,equalize,123,2018248899,0.001,0.06925701526715179,True
tobacco,equalize,124,4053785764,0.001,0.016894157002454002,True
tobacco,equalize,125,4214985793,0.001,0.07297456280435181,True
tobacco,equalize,126,1408933991,0.001,0.028793220322429702,True
tobacco,equalize,127,1647768840,0.001,0.012000600566895392,True
tobacco,equalize,128,346713191,0.001,0.004386496867541101,True
tobacco,equalize,129,1010063014,0.001,0.002166798647435486,True
tobacco,equalize,130,3180008336,0.001,0.020923035381942137,True
tobacco,equalize,131,2532088862,0.001,0.06030633863951606,True
tobacco,equalize,132,2214027429,0.001,0.02445882839141743,True
tobacco,equalize,133,3334565156,0.001,0.03071226655556314,True
tobacco,equalize,134,273123947,0.001,0.08945965010328662,True
tobacco,equalize,135,359464888,0.001,0.005117437038906681,True
tobacco,equalize,136,2800199826,0.001,0.0935777163634582,True
tobacco,equalize,137,3342610565,0.001,0.08203147013794448,True
tobacco,equalize,138,423865450,0.001,0.04835339895669976,True
tobacco,equalize,139,695516413,0.001,0.08689205130455946,True
tobacco,equalize,140,3313274422,0.001,0.07724583474499967,True
tobacco,equalize,141,1249547648,0.001,0.08894471926171728,True
tobacco,equalize,142,3047878449,0.001,0.04034748057715307,True
tobacco,equalize,143,3229148566,0.001,0.07104805320137401,True
tobacco,equalize,144,2707481632,0.001,0.047963149618095426,True
tobacco,equalize,145,3880513594,0.001,0.06202720692661501,True
tobacco,equalize,146,1036580845,0.001,0.084436475400556,True
tobacco,equalize,147,1775676389,0.001,0.061807453813319826,True
tobacco,equalize,148,1203209770,0.001,0.05463384796238452,True
tobacco,equalize,149,821937053,0.001,0.074314220627965,True
tobacco,equalize,150,4259305960,0.001,0.09085263454890416,True
tobacco,equalize,151,1862697524,0.001,0.040775712633510985,True
tobacco,equalize,152,3676821768,0.001,0.0003297259702452094,True
tobacco,equalize,153,2403729275,0.001,0.051026671633601785,True
tobacco,equalize,154,3699673549,0.001,0.040523176397015796,True
tobacco,equalize,155,2429401074,0.001,0.020750927747613335,True
tobacco,equalize,156,3729466100,0.001,0.02633767370393303,True
tobacco,equalize,157,400505733,0.001,0.08164807506663296,True
tobacco,equalize,158,2978819589,0.001,0.09641740218491904,True
tobacco,equalize,159,3549647438,0.001,0.08925673789386268,True
tobacco,equalize,160,3860068091,0.001,0.019201393373989763,True
tobacco,equalize,161,3746145396,0.001,0.08736306970798219,True
tobacco,equalize,162,1805409970,0.001,0.09355232232435018,True
tobacco,equalize,163,3215319919,0.001,0.08653676655073131,True
tobacco,equalize,164,999129477,0.001,0.01686844130591052,True
tobacco,equalize,165,3761460930,0.001,0.09142285939747838,True
tobacco,equalize,166,537385214,0.001,0.0959443108813967,True
tobacco,equalize,167,2770104614,0.001,0.07538110664802125,True
tobacco,equalize,168,2195951550,0.001,0.06541278327132402,True
tobacco,equalize,169,1190738581,0.001,0.05823142735258451,True
tobacco,equalize,170,4164849964,0.001,0.053092359098742964,True
tobacco,equalize,171,806101120,0.001,0.029455527401337712,True
tobacco,equalize,172,3950352760,0.001,0.06811444447445102,True
tobacco,equalize,173,2890128796,0.001,0.0733917649098461,True
tobacco,equalize,174,4075284791,0.001,6.783903825297033e-05,True
tobacco,equalize,175,36646612,0.001,0.013563384796013113,True
tobacco,equalize,176,2697975585,0.001,0.06225936373653773,True
tobacco,equalize,177,225386916,0.001,0.057299123059553196,True
tobacco,equalize,178,50194672,0.001,0.022322315574765106,True
tobacco,equalize,179,3382560291,0.001,0.026536673537862356,True
tobacco,equalize,180,1411995881,0.001,0.014872125586234453,True
tobacco,equalize,181,1853937553,0.001,0.022441249379064245,True
tobacco,equalize,182,508027839,0.001,0.08499715717586646,True
tobacco,equalize,183,3606344849,0.001,0.026578282975757306,True
tobacco,equalize,184,2800447443,0.001,0.07302529122560086,True
tobacco,equalize,185,1794026452,0.001,0.06659541309977059,True
tobacco,equalize,186,1773897577,0.001,0.024790127563007493,True
tobacco,equalize,187,1695984710,0.001,0.08082402118069014,True
tobacco,equalize,188,3056048164,0.001,0.05889897275391431,True
tobacco,equalize,189,1297285391,0.001,0.06494814920841864,True
tobacco,equalize,190,3773474417,0.001,0.0449522887405783,True
tobacco,equalize,191,1825664037,0.001,0.07108725505136845,True
tobacco,equalize,192,1985769968,0.001,0.060199414538053435,True
tobacco,equalize,193,4287672110,0.001,0.06604931787699776,True
tobacco,equalize,194,661540551,0.001,0.009945270824869401,True
tobacco,equalize,195,1554104928,0.001,0.03540888211414735,True
tobacco,equalize,196,3272519364,0.001,0.09191540036199473,True
tobacco,equalize,197,4007800638,0.001,0.07500738905424215,True
tobacco,equalize,198,307621275,0.001,0.09474358049857903,True
tobacco,equalize,199,2754412041,0.001,0.08347396565256304,True
tobacco,equalize,200,1091275118,0.001,0.014836685212856183,True
tobacco,equalize,201,1298772088,0.001,0.01862008821277832,True
tobacco,equalize,202,3610644305,0.001,0.06904116128762983,True
tobacco,equalize,203,2788622395,0.001,0.06617190756867213,True
tobacco,equalize,204,224941770,0.001,0.053713682275099955,True
tobacco,equalize,205,2415662740,0.001,0.04415209257074017,True
tobacco,equalize,206,4082756087,0.001,0.06343538411041974,True
tobacco,equalize,207,558045832,0.001,0.03792157864474184,True
tobacco,equalize,208,4111095510,0.001,0.04716671009436283,True
tobacco,equalize,209,4058341834,0.001,0.006292767548731804,True
tobacco,equalize,210,1082047658,0.001,0.012647501682118579,True
tobacco,equalize,211,243680369,0.001,0.02340800843411961,True
tobacco,equalize,212,1231060399,0.001,0.031860001102899785,True
tobacco,equalize,213,1771871252,0.001,0.07478378385010667,True
tobacco,equalize,214,2282299554,0.001,0.052629710440426226,True
tobacco,equalize,215,3655751007,0.001,0.028449820431815456,True
tobacco,equalize,216,1667034413,0.001,0.05919943085589761,True
tobacco,equalize,217,1351725916,0.001,0.08267142934630596,True
tobacco,equalize,218,1667517328,0.001,0.04195185747524419,True
tobacco,equalize,219,2048490013,0.001,0.03963583592948371,True
tobacco,equalize,220,2103708843,0.001,0.009788203560725295,True
tobacco,equalize,221,3993082574,0.001,0.066404310731626,True
tobacco,equalize,222,2329028305,0.001,0.04172717139149297,True
tobacco,equalize,223,3334653443,0.001,0.04666896066817205,True
tobacco,equalize,224,1055515467,0.001,0.04331439147883398,True
tobacco,equalize,225,2473222475,0.001,0.024014572022371807,True
tobacco,equalize,226,187791636,0.001,0.03332397763580273,True
tobacco,equalize,227,865093515,0.001,0.012432309734820068,True
tobacco,equalize,228,667610949,0.001,0.0542411849199314,True
tobacco,equalize,229,2141881619,0.001,0.05169211095779991,True
tobacco,equalize,230,43561722,0.001,0.0844640665402349,True
tobacco,equalize,231,3828717866,0.001,0.08372755777485058,True
tobacco,equalize,232,1885519106,0.001,0.023995823035013943,True
tobacco,equalize,233,2672124890,0.001,0.06575786459593104,True
tobacco,equalize,234,3913510870,0.001,0.010382593167106458,True
tobacco,equalize,235,3589348384,0.001,0.08493684595181562,True
tobacco,equalize,236,1572830492,0.001,0.002873409894968504,True
tobacco,equalize,237,2885601831,0.001,0.08204722845868995,True
tobacco,equalize,238,2657149233,0.001,0.09469328024850376,True
tobacco,equalize,239,296855587,0.001,0.09514730099224278,True
tobacco,equalize,240,3867320316,0.001,0.04071088883261153,True
tobacco,equalize,241,2871024091,0.001,0.08173547155279558,True
tobacco,equalize,242,927768335,0.001,0.08962447102433337,True
tobacco,equalize,243,138904336,0.001,0.05069292995725855,True
tobacco,equalize,244,3644917167,0.001,0.009126970882060803,True
tobacco,equalize,245,4161484955,0.001,0.03154371884507142,True
tobacco,equalize,246,2406517705,0.001,0.04115593102010778,True
tobacco,equalize,247,1873364864,0.001,0.0725966677936981,True
tobacco,equalize,248,488521355,0.001,0.024063555064393827,True
tobacco,equalize,249,531828152,0.001,0.05960704607383319,True
tobacco,equalize,250,3943735651,0.001,0.019565639779167823,True
tobacco,equalize,251,3123338117,0.001,0.09881619271000591,True
tobacco,equalize,252,3065350898,0.001,0.01302504247205687,True
tobacco,equalize,253,2534136066,0.001,0.0366404959239456,True
tobacco,equalize,254,3695850487,0.001,0.0037791625610769323,True
tobacco,equalize,255,668780429,0.001,0.06079319083945483,True
tobacco,equalize,256,3014400922,0.001,0.013906491071652717,True
tobacco,equalize,257,3258630288,0.001,0.08656384107760189,True
tobacco,equalize,258,1886627241,0.001,0.06496521516437224,True
tobacco,equalize,259,2462923007,0.001,0.02831106409894505,True
tobacco,equalize,260,1547503647,0.001,0.007287771092274642,True
tobacco,equalize,261,73450233,0.001,0.030908643489041588,True
tobacco,equalize,262,4046099042,0.001,0.005832451108601611,True
tobacco,equalize,263,801735773,0.001,0.041093138421066724,True
tobacco,equalize,264,2828480096,0.001,0.005689709169170188,True
tobacco,equalize,265,1957332970,0.001,0.06802832520410533,True
tobacco,equalize,266,1699284301,0.001,0.09738664971477706,True
tobacco,equalize,267,3168121848,0.001,0.008311573904117275,True
tobacco,equalize,268,2071210100,0.001,0.008596828662413781,True
tobacco,equalize,269,1307510599,0.001,0.07246067248632991,True
tobacco,equalize,270,704008391,0.001,0.005630329115218858,True
tobacco,equalize,271,2126221758,0.001,0.018140020552819536,True
tobacco,equalize,272,467497319,0.001,0.020416041136876374,True
tobacco,equalize,273,3241082297,0.001,0.04597794001678798,True
tobacco,equalize,274,3662445435,0.001,0.017698688452090317,True
tobacco,equalize,275,3017446689,0.001,0.04954667514456809,True
tobacco,equalize,276,2672513269,0.001,0.004463054194562577,True
tobacco,equalize,277,2231233237,0.001,0.04712777023327735,True
tobacco,equalize,278,1772377138,0.001,0.07101566950540578,True
tobacco,equalize,279,1135441413,0.001,0.06628851602291792,True
tobacco,equalize,280,2595733629,0.001,0.09151667747805908,True
tobacco,equalize,281,1907604205,0.001,0.014458994450225783,True
tobacco,equalize,282,1190400006,0.001,0.04654550080962766,True
tobacco,equalize,283,4210374965,0.001,0.039638594089399515,True
tobacco,equalize,284,2182444434,0.001,0.062358950260785334,True
tobacco,equalize,285,1502715977,0.001,0.008641124376346144,True
tobacco,equalize,286,1750807327,0.001,0.0439425565409417,True
tobacco,equalize,287,3755695093,0.001,0.06721135036438504,True
tobacco,equalize,288,1196937166,0.001,0.07368383065103144,True
tobacco,equalize,289,1315494870,0.001,0.04299731656846152,True
tobacco,equalize,290,3771491505,0.001,0.04017997576092226,True
tobacco,equalize,291,2378951295,0.001,0.052297985460814544,True
tobacco,equalize,292,3278356791,0.001,0.061219603356341704,True
tobacco,equalize,293,3424666255,0.001,0.05388874728521701,True
tobacco,equalize,294,532780534,0.001,0.05237507039051349,True
tobacco,equalize,295,1379634033,0.001,0.045726231036703396,True
tobacco,equalize,296,1398476910,0.001,0.08827694030709399,True
tobacco,equalize,297,713077389,0.001,0.07617191893348507,True
tobacco,equalize,298,3358686700,0.001,0.09729259335369364,True
tobacco,equalize,299,2221645548,0.001,0.07138509272071862,True
tobacco,equalize,300,769261605,0.001,0.024894407221217208,True
tobacco,equalize,301,910993623,0.001,0.027469009168827965,True
tobacco,equalize,302,1572936484,0.001,0.06785871980646986,True
tobacco,equalize,303,4190107010,0.001,0.056424889615040524,True
tobacco,equalize,304,2394037840,0.001,0.062323433825037355,True
tobacco,equalize,305,8972020,0.001,0.0021350252821404126,True
tobacco,equalize,306,625008555,0.001,0.0033998451282237665,True
tobacco,equalize,307,655331848,0.001,0.03791791800521258,True
tobacco,equalize,308,3219705677,0.001,0.015502894937362333,True
tobacco,equalize,309,618148020,0.001,0.09898164948086921,True
tobacco,equalize,310,1044914714,0.001,0.08406707776592397,True
tobacco,equalize,311,2600999046,0.001,0.08910927282661532,True
tobacco,equalize,312,3815299040,0.001,0.03180360659442251,True
tobacco,equalize,313,3498412082,0.001,0.07031934460940634,True
tobacco,equalize,314,3545156716,0.001,0.025534439926611443,True
tobacco,equalize,315,126378943,0.001,0.03660263863812474,True
tobacco,equalize,316,3315844945,0.001,0.01776665804702988,True
tobacco,equalize,317,962250893,0.001,0.06342840935534073,True
tobacco,equalize,318,3243971245,0.001,0.09170334841684985,True
tobacco,equalize,319,2606997134,0.001,0.09537292699383368,True
tobacco,equalize,320,1018716339,0.001,0.04926480794803333,True
tobacco,equalize,321,1394943223,0.001,0.013710074892945935,True
tobacco,equalize,322,2184256250,0.001,0.08429259257928112,True
tobacco,equalize,323,106339861,0.001,0.09943125198390593,True
tobacco,equalize,324,1514533777,0.001,0.09228782850386939,True
tobacco,equalize,325,1830903008,0.001,0.032272697344630195,True
tobacco,equalize,326,86441108,0.001,0.008281325507216419,True
tobacco,equalize,327,1259471099,0.001,0.06930547063342099,True
tobacco,equalize,328,218277868,0.001,0.05173835210965271,True
tobacco,equalize,329,933535854,0.001,0.026585014512139227,True
tobacco,equalize,330,1267649071,0.001,0.007344673115531719,True
tobacco,equalize,331,2673382693,0.001,0.08067387024619428,True
tobacco,equalize,332,3123976041,0.001,0.09950562226640441,True
tobacco,equalize,333,4288611345,0.001,0.027443928906838434,True
tobacco,equalize,334,3458413651,0.001,0.03165529362527493,True
tobacco,equalize,335,2059035940,0.001,0.09529252245486977,True
tobacco,equalize,336,159684279,0.001,0.009121601708623929,True
tobacco,equalize,337,826832935,0.001,0.020349331822978513,True
tobacco,equalize,338,2039187217,0.001,0.03483387297040093,True
tobacco,equalize,339,269715754,0.001,0.08641439073006633,True
tobacco,equalize,340,2336227897,0.001,0.0524158801163071,True
tobacco,equalize,341,910266726,0.001,0.006123642624439341,True
tobacco,equalize,342,1452007433,0.001,0.09741393223324757,True
tobacco,equalize,343,2030124589,0.001,0.007226370171624474,True
tobacco,equalize,344,2275741768,0.001,0.07989062240935704,True
tobacco,equalize,345,2453168729,0.001,0.07748731993093735,True
tobacco,equalize,346,3505361504,0.001,0.07589436613533265,True
tobacco,equalize,347,390472940,0.001,0.0033331315272864927,True
tobacco,equalize,348,2149261670,0.001,0.016877959482396687,True
tobacco,equalize,349,3413373069,0.001,0.034011824306461484,True
tobacco,equalize,350,2191569718,0.001,0.0696956408909684,True
tobacco,equalize,351,872720742,0.001,0.08191394693870456,True
tobacco,equalize,352,1106999567,0.001,0.07088924076849415,True
tobacco,equalize,353,3646911461,0.001,0.022048888685617708,True
tobacco,equalize,354,130850089,0.001,0.03538121946116849,True
tobacco,equalize,355,1787291023,0.001,0.01911912886549566,True
tobacco,equalize,356,2067043492,0.001,0.007007372451332184,True
tobacco,equalize,357,1391231011,0.001,0.016891543045297976,True
tobacco,equalize,358,3461454481,0.001,0.013126785120192875,True
tobacco,equalize,359,1444488181,0.001,0.07031156091692835,True
tobacco,equalize,360,4097469725,0.001,0.08408568929573078,True
tobacco,equalize,361,4292683759,0.001,0.0704538234208673,True
tobacco,equalize,362,1871781334,0.001,0.08834765760341363,True
tobacco,equalize,363,2085659151,0.001,0.06896501239676543,True
tobacco,equalize,364,327539484,0.001,0.0107271210389727,True
tobacco,equalize,365,2176506545,0.001,0.029375817784773828,True
tobacco,equalize,366,2439697149,0.001,0.06642656587147304,True
tobacco,equalize,367,3989407240,0.001,0.09442543051392847,True
tobacco,equalize,368,961409664,0.001,0.0983687760271033,True
tobacco,equalize,369,1320125880,0.001,0.05236851846654992,True
tobacco,equalize,370,2279807053,0.001,0.09759642414708948,True
tobacco,equalize,371,3196940218,0.001,0.006057611745804415,True
tobacco,equalize,372,159604510,0.001,0.05204083344810864,True
tobacco,equalize,373,1306427073,0.001,0.008006265220676446,True
tobacco,equalize,374,3094135963,0.001,0.09536408079750311,True
tobacco,equalize,375,2871876730,0.001,0.016776759912408845,True
tobacco,equalize,376,2213636939,0.001,0.025259212016339384,True
tobacco,equalize,377,2028017653,0.001,0.04955471125031265,True
tobacco,equalize,378,1647143717,0.001,0.053907614986846625,True
tobacco,equalize,379,3828281727,0.001,0.07426081353828265,True
tobacco,equalize,380,4092826058,0.001,0.06583828621501536,True
tobacco,equalize,381,151905072,0.001,0.05501126804980031,True
tobacco,equalize,382,2044469918,0.001,0.08883890309337163,True
tobacco,equalize,383,2463610480,0.001,0.07330395609629854,True
tobacco,equalize,384,315353002,0.001,0.024273034848948563,True
tobacco,equalize,385,2053714410,0.001,0.029056129770671048,True
tobacco,equalize,386,2461775228,0.001,0.09538310159520481,True
tobacco,equalize,387,793537741,0.001,0.028017742469507247,True
tobacco,equalize,388,2424122619,0.001,0.0028731977086975504,True
tobacco,equalize,389,251252434,0.001,0.0308194088068279,True
tobacco,equalize,390,1605683924,0.001,0.08075629140094792,True
tobacco,equalize,391,1398462516,0.001,0.06906591084715252,True
tobacco,equalize,392,1669602092,0.001,0.061320039214261095,True
tobacco,equalize,393,2769362137,0.001,0.042182601192205606,True
tobacco,equalize,394,2831117949,0.001,0.0842753833684722,True
tobacco,equalize,395,1113896609,0.001,0.04296592962076378,True
tobacco,equalize,396,1635952943,0.001,0.07681104859957072,True
tobacco,equalize,397,527800358,0.001,0.09315066381736287,True
tobacco,equalize,398,277510743,0.001,0.09375628469532592,True
tobacco,equalize,399,1252219554,0.001,0.08210023698216828,True
tobacco,equalize,400,2535790391,0.001,0.0609506828757872,True
tobacco,equalize,401,2979512336,0.001,0.09002800862143646,True
tobacco,equalize,402,1179544341,0.001,0.09352209788095761,True
tobacco,equalize,403,4120124046,0.001,0.09782425218773157,True
tobacco,equalize,404,2296127281,0.001,0.09454697644236905,True
tobacco,equalize,405,3316838715,0.001,0.05466042100735782,True
tobacco,equalize,406,1188130693,0.001,0.06871442718376085,True
tobacco,equalize,407,1533727014,0.001,0.09165670651956549,True
tobacco,equalize,408,1597386874,0.001,0.08430367239067536,True
tobacco,equalize,409,1539670620,0.001,0.05419015361577802,True
tobacco,equalize,410,3476708542,0.001,0.0301902165928026,True
tobacco,equalize,411,2887458292,0.001,0.08098951141191986,True
tobacco,equalize,412,4152394098,0.001,0.0018707969919151135,True
tobacco,equalize,413,2700617578,0.001,0.07447068636463852,True
tobacco,equalize,414,2072532412,0.001,0.05699009163481067,True
tobacco,equalize,415,1136959129,0.001,0.07187813487484646,True
tobacco,equalize,416,3003062008,0.001,0.03348190094767287,True
tobacco,equalize,417,2646431806,0.001,0.0916941137681854,True
tobacco,equalize,418,2626981401,0.001,0.010497018457531038,True
tobacco,equalize,419,1604139205,0.001,0.0073997126963930016,True
tobacco,equalize,420,2044577690,0.001,0.04250114312565837,True
tobacco,equalize,421,2489633088,0.001,0.03546550298093888,True
tobacco,equalize,422,3159209924,0.001,0.03463901731604098,True
tobacco,equalize,423,2753644412,0.001,0.09723713983816533,True
tobacco,equalize,424,2664684815,0.001,0.07081821236675968,True
tobacco,equalize,425,2292127062,0.001,0.013310438267761904,True
tobacco,equalize,426,527566829,0.001,0.0387927003361597,True
tobacco,equalize,427,3217441474,0.001,0.01594140491286795,True
tobacco,equalize,428,2730305172,0.001,0.02168779193571803,True
tobacco,equalize,429,1987307041,0.001,0.07937046156083467,True
tobacco,equalize,430,1039972842,0.001,0.01370250354134851,True
tobacco,equalize,431,105860971,0.001,0.01857438838299833,True
tobacco,equalize,432,2921398568,0.001,0.01278204546309325,True
tobacco,equalize,433,236715651,0.001,0.06421610999465482,True
tobacco,equalize,434,1635776157,0.001,0.015511331378391436,True
tobacco,equalize,435,1551460764,0.001,0.054241144154903324,True
tobacco,equalize,436,138157830,0.001,0.036853114481481285,True
tobacco,equalize,437,2266118392,0.001,0.026329666345402326,True
tobacco,equalize,438,2052578014,0.001,0.08670537745312815,True
tobacco,equalize,439,662610515,0.001,0.08392872936081308,True
tobacco,equalize,440,3358505514,0.001,0.08065482383397915,True
tobacco,equalize,441,90205430,0.001,0.059588101880171745,True
tobacco,equalize,442,3986095141,0.001,0.0693111007770545,True
tobacco,equalize,443,2518550730,0.001,0.09369745684885798,True
tobacco,equalize,444,2377109819,0.001,0.07047018037007312,True
tobacco,equalize,445,3195303810,0.001,0.027863472037877913,True
tobacco,equalize,446,2826517674,0.001,0.07747218354430546,True
tobacco,equalize,447,3955356349,0.001,0.08315088304251717,True
tobacco,equalize,448,965475464,0.001,0.09471335294412582,True
tobacco,equalize,449,1002110514,0.001,0.015082659750974415,True
tobacco,equalize,450,3393415738,0.001,0.006767275992639355,True
tobacco,equalize,451,3430212238,0.001,0.07378520191696426,True
tobacco,equalize,452,1307891730,0.001,0.08839701832782536,True
tobacco,equalize,453,3149758187,0.001,0.020116328422581733,True
tobacco,equalize,454,2763408260,0.001,0.09757303655483966,True
tobacco,equalize,455,1263474051,0.001,0.06433988965198803,True
tobacco,equalize,456,3046644074,0.001,0.00884528722876684,True
tobacco,equalize,457,1703341879,0.001,0.06708822083410236,True
tobacco,equalize,458,3923725248,0.001,0.07846691188135872,True
tobacco,equalize,459,1100507149,0.001,0.0110039400136696,True
tobacco,equalize,460,1429427464,0.001,0.018419120991113824,True
tobacco,equalize,461,2330840742,0.001,0.027456454506488783,True
tobacco,equalize,462,1177996136,0.001,0.026915133212388122,True
tobacco,equalize,463,1365526737,0.001,0.03315451681457247,True
tobacco,equalize,464,3830405530,0.001,0.026406379254594103,True
tobacco,equalize,465,3117672631,0.001,0.017180817041487852,True
tobacco,equalize,466,3943069572,0.001,0.004850856529321379,True
tobacco,equalize,467,3391095523,0.001,0.0503604953055049,True
tobacco,equalize,468,2266760845,0.001,0.008551309565191545,True
tobacco,equalize,469,2962066812,0.001,0.05445496535605579,True
tobacco,equalize,470,3332085679,0.001,0.056890466621064506,True
tobacco,equalize,471,201830915,0.001,0.00865429624832681,True
tobacco,equalize,472,1441649282,0.001,0.048545629072826404,True
tobacco,equalize,473,2695771854,0.001,0.028053112673028235,True
tobacco,equalize,474,1098894813,0.001,0.08045176622646948,True
tobacco,equalize,475,2879116419,0.001,0.051649639387475035,True
tobacco,equalize,476,1511085021,0.001,0.07085530056515878,True
tobacco,equalize,477,321062337,0.001,0.030298087393521557,True
tobacco,equalize,478,2832818764,0.001,0.004075427019762434,True
tobacco,equalize,479,1551694224,0.001,0.07222411896239192,True
tobacco,equalize,480,2218966241,0.001,0.09896659954054665,True
tobacco,equalize,481,595042645,0.001,0.08794838086985891,True
tobacco,equalize,482,2373870832,0.001,0.0244495602915356,True
tobacco,equalize,483,2881136976,0.001,0.04086088700755498,True
tobacco,equalize,484,3687945889,0.001,0.04943279117883309,True
tobacco,equalize,485,4045387345,0.001,0.06690819527594727,True
tobacco,equalize,486,3872337590,0.001,0.08409396067270107,True
tobacco,equalize,487,3124921298,0.001,0.005762278207967886,True
tobacco,equalize,488,3736877955,0.001,0.014334634131273762,True
tobacco,equalize,489,2109679360,0.001,0.01649173072344644,True
tobacco,equalize,490,1233084894,0.001,0.04571571525697098,True
tobacco,equalize,491,400081871,0.001,0.05024097984145914,True
tobacco,equalize,492,3766263024,0.001,0.0987027835071026,True
tobacco,equalize,493,633206387,0.001,0.028642049652626803,True
tobacco,equalize,494,3224360166,0.001,0.0405562177857893,True
tobacco,equalize,495,3623360825,0.001,0.09500049193171017,True
tobacco,equalize,496,8169387,0.001,0.05116412728673395,True
tobacco,equalize,497,906121719,0.001,0.011685731672305178,True
tobacco,equalize,498,736762674,0.001,0.028729880503214834,True
tobacco,equalize,499,4205904830,0.001,0.09931628033080497,True
tobacco,equalize,500,1912636701,0.001,0.09458339422027812,True
tobacco,equalize,501,2228567887,0.001,0.03537592059481072,True
tobacco,equalize,502,2878351439,0.001,0.06886202122398938,True
tobacco,equalize,503,3441745623,0.001,0.05265208752226505,True
tobacco,equalize,504,175991611,0.001,0.011400936791830185,True
tobacco,equalize,505,4054886333,0.001,0.03610681401181267,True
tobacco,equalize,506,752882845,0.001,0.05085073715349797,True
tobacco,equalize,507,2293381303,0.001,0.09655640054629455,True
tobacco,equalize,508,4217489994,0.001,0.0021141541410321096,True
tobacco,equalize,509,1083207104,0.001,0.03135644792322515,True
tobacco,equalize,510,2489617729,0.001,0.09305191279932479,True
tobacco,equalize,511,972758445,0.001,0.0694994451508908,True
tobacco,equalize,512,2512839956,0.001,0.05239158071578919,True
tobacco,equalize,513,1320756741,0.001,0.06409631109620015,True
tobacco,equalize,514,1801990013,0.001,0.07341735403481091,True
tobacco,equalize,515,2325801862,0.001,0.04754855152924861,True
tobacco,equalize,516,2014263892,0.001,0.025977630334675872,True
tobacco,equalize,517,1642664008,0.001,0.027939447774304984,True
tobacco,equalize,518,2244208723,0.001,0.04020060576777512,True
tobacco,equalize,519,336468451,0.001,0.07120938092288386,True
tobacco,equalize,520,2888080222,0.001,0.08437724681928055,True
tobacco,equalize,521,2374854668,0.001,0.02631161492908768,True
tobacco,equalize,522,2659010723,0.001,0.016692951674390066,True
tobacco,equalize,523,1369267225,0.001,0.007881074004157195,True
tobacco,equalize,524,722650021,0.001,0.017847537698050454,True
tobacco,equalize,525,259412947,0.001,0.07094381505902737,True
tobacco,equalize,526,127797642,0.001,0.08332852442839107,True
tobacco,equalize,527,1221575369,0.001,0.051111226108812684,True
tobacco,equalize,528,3688114222,0.001,0.05747633557026199,True
tobacco,equalize,529,3770287272,0.001,0.031841967707026846,True
tobacco,equalize,530,3802673770,0.001,0.011013948693558507,True
tobacco,equalize,531,1985725741,0.001,0.032349022719515806,True
tobacco,equalize,532,2391859623,0.001,0.08882122954357724,True
tobacco,equalize,533,666297759,0.001,0.03736602275208011,True
tobacco,equalize,534,455122849,0.001,0.0751316831394116,True
tobacco,equalize,535,3775612345,0.001,0.008432985922955216,True
tobacco,equalize,536,1018084401,0.001,0.05923861318296099,True
tobacco,equalize,537,1027259441,0.001,0.09798455626202013,True
tobacco,equalize,538,1791539948,0.001,0.08002125743083516,True
tobacco,equalize,539,1849718616,0.001,0.07859236292570392,True
tobacco,equalize,540,1462046522,0.001,0.021301475254673644,True
tobacco,equalize,541,2477502744,0.001,0.02112045962354239,True
tobacco,equalize,542,843786199,0.001,0.03856538721664504,True
tobacco,equalize,543,903024545,0.001,0.07395093770295151,True
tobacco,equalize,544,1483927858,0.001,0.08576734622933357,True
tobacco,equalize,545,2506691435,0.001,0.09189643874669165,True
tobacco,equalize,546,1648693952,0.001,0.0947425646394392,True
tobacco,equalize,547,1926782051,0.001,0.05603729743765469,True
tobacco,equalize,548,3986049597,0.001,0.026120655535454063,True
tobacco,equalize,549,1412256711,0.001,0.0545990491980338,True
tobacco,equalize,550,377889177,0.001,0.029292158941474102,True
tobacco,equalize,551,1735201810,0.001,0.07302194005829435,True
tobacco,equalize,552,612185849,0.001,0.09148478767369961,True
tobacco,equalize,553,1068095953,0.001,0.09958698118452781,True
tobacco,equalize,554,2857759785,0.001,0.019659285587057297,True
tobacco,equalize,555,2832029664,0.001,0.0686251381112634,True
tobacco,equalize,556,635877003,0.001,0.042722234714014665,True
tobacco,equalize,557,3513736276,0.001,0.02721634314138013,True
tobacco,equalize,558,675901752,0.001,0.03683508560280777,True
tobacco,equalize,559,2446437499,0.001,0.03235625930744131,True
tobacco,equalize,560,1655266636,0.001,0.07798835960390875,True
tobacco,equalize,561,559900168,0.001,0.0006691019972788981,True
tobacco,equalize,562,200690507,0.001,0.000908658585602551,True
tobacco,equalize,563,2754128696,0.001,0.03643927269606597,True
tobacco,equalize,564,3175595960,0.001,0.003911487394453273,True
tobacco,equalize,565,879636786,0.001,0.06968371892055046,True
tobacco,equalize,566,3677780222,0.001,0.05725397605605941,True
tobacco,equalize,567,3900128856,0.001,0.00824255634888983,True
tobacco,equalize,568,1778359496,0.001,0.030716822537863498,True
tobacco,equalize,569,1427170370,0.001,0.06272472686833719,True
tobacco,equalize,570,765486488,0.001,0.039695440706998576,True
tobacco,equalize,571,3470151694,0.001,0.032367367630666166,True
tobacco,equalize,572,145876279,0.001,0.06705522746736385,True
tobacco,equalize,573,3877894160,0.001,0.05190999258496263,True
tobacco,equalize,574,901735556,0.001,0.09794035083810125,True
tobacco,equalize,575,1465266072,0.001,0.05852463129430751,True
tobacco,equalize,576,3429855530,0.001,0.02529820322511661,True
tobacco,equalize,577,925437618,0.001,0.08920931200482882,True
tobacco,equalize,578,1434051177,0.001,0.05341013765307315,True
tobacco,equalize,579,3878589471,0.001,0.07797318016807195,True
tobacco,equalize,580,1784404897,0.001,0.03741521387812641,True
tobacco,equalize,581,2124542792,0.001,0.03524551950134876,True
tobacco,equalize,582,479464574,0.001,0.014258999886754865,True
tobacco,equalize,583,2301969147,0.001,0.06365895595366429,True
tobacco,equalize,584,3635055165,0.001,0.05296576524658325,True
tobacco,equalize,585,80887604,0.001,0.04019773281526874,True
tobacco,equalize,586,3748450167,0.001,0.03456552239924352,True
tobacco,equalize,587,197443273,0.001,0.02517794390613061,True
tobacco,equalize,588,964830861,0.001,0.022724793092980613,True
tobacco,equalize,589,658768961,0.001,0.037159367361309946,True
tobacco,equalize,590,1054123276,0.001,0.01465903298487843,True
tobacco,equalize,591,4214194197,0.001,0.007797262433633079,True
tobacco,equalize,592,2244869793,0.001,0.05557635960138964,True
tobacco,equalize,593,2531163721,0.001,0.010893754899521059,True
tobacco,equalize,594,2661928395,0.001,0.027349405208458112,True
tobacco,equalize,595,2621686722,0.001,0.05738078375276402,True
tobacco,equalize,596,1349091493,0.001,0.06725622696204613,True
tobacco,equalize,597,10598587,0.001,0.0007145047240280089,True
tobacco,equalize,598,3009869233,0.001,0.000748956341698992,True
tobacco,equalize,599,24738152,0.001,0.09580454864117616,True
tobacco,equalize,600,2201331117,0.001,0.07507734331040705,True
tobacco,equalize,601,2560814985,0.001,0.07101828604824154,True
tobacco,equalize,602,2363379041,0.001,0.06737102700157012,True
tobacco,equalize,603,3990705019,0.001,0.027041951371307472,True
tobacco,equalize,604,2413392230,0.001,0.07313440370295016,True
tobacco,equalize,605,270749792,0.001,0.03442314768767353,True
tobacco,equalize,606,319416938,0.001,0.043029541202662586,True
tobacco,equalize,607,3970144157,0.001,0.019696100356716786,True
tobacco,equalize,608,1631487042,0.001,0.07111961673058531,True
tobacco,equalize,609,2392645807,0.001,0.002288669357231343,True
tobacco,equalize,610,348598801,0.001,0.013693413049199167,True
tobacco,equalize,611,1170843146,0.001,0.08297512024039826,True
tobacco,equalize,612,723961765,0.001,0.09892575388203877,True
tobacco,equalize,613,983011946,0.001,0.01920115375893391,True
tobacco,equalize,614,2641213207,0.001,0.026434548895098987,True
tobacco,equalize,615,2865002589,0.001,0.03380207042419693,True
tobacco,equalize,616,2855305020,0.001,0.0011714726679792342,True
tobacco,equalize,617,1603336147,0.001,0.01714841568304465,True
tobacco,equalize,618,84460677,0.001,0.01768176947865918,True
tobacco,equalize,619,1489477487,0.001,0.04512069755137726,True
tobacco,equalize,620,3186054131,0.001,0.04680161644197111,True
tobacco,equalize,621,4218732747,0.001,0.014613404357132865,True
tobacco,equalize,622,3275820522,0.001,0.08093309094764156,True
tobacco,equalize,623,1998742438,0.001,0.05337507734531745,True
tobacco,equalize,624,1967615473,0.001,0.06286426066354076,True
tobacco,equalize,625,3119579812,0.001,0.022880210891749398,True
tobacco,equalize,626,2033744491,0.001,0.09158655573921859,True
tobacco,equalize,627,2175918190,0.001,0.06462660135745894,True
tobacco,equalize,628,2786092681,0.001,0.02907131640045091,True
tobacco,equalize,629,3762939044,0.001,0.054056954400721835,True
tobacco,equalize,630,1378726801,0.001,0.03837602376336027,True
tobacco,equalize,631,1588159722,0.001,0.05753435843817584,True
tobacco,equalize,632,1377444760,0.001,0.09750987429491197,True
tobacco,equalize,633,1275983437,0.001,0.04822035580824993,True
tobacco,equalize,634,398613370,0.001,0.05743026094250286,True
tobacco,equalize,635,273314768,0.001,0.07102151034738925,True
tobacco,equalize,636,2684571272,0.001,0.007224159709733469,True
tobacco,equalize,637,2250502771,0.001,0.04716251767578436,True
tobacco,equalize,638,514907034,0.001,0.0055541338746543,True
tobacco,equalize,639,2832109092,0.001,0.07507165020575987,True
tobacco,equalize,640,1371802137,0.001,0.02744652701689031,True
tobacco,equalize,641,396007944,0.001,0.029148874571667205,True
tobacco,equalize,642,411028005,0.001,0.08987215011828058,True
tobacco,equalize,643,1844818327,0.001,0.010565399624525141,True
tobacco,equalize,644,109966012,0.001,0.07933676475685196,True
tobacco,equalize,645,1622475520,0.001,0.034986142718655654,True
tobacco,equalize,646,963107649,0.001,0.014577722124573856,True
tobacco,equalize,647,2319768327,0.001,0.07260962576463174,True
tobacco,equalize,648,454971677,0.001,0.08549194241492668,True
tobacco,equalize,649,2765734532,0.001,0.06638475456974555,True
tobacco,equalize,650,3660877227,0.001,0.06716906934683213,True
tobacco,equalize,651,10003924,0.001,0.021471357091671608,True
tobacco,equalize,652,723898217,0.001,0.04697942762302292,True
tobacco,equalize,653,4042711697,0.001,0.07335648137686378,True
tobacco,equalize,654,1930034666,0.001,0.06257177739386632,True
tobacco,equalize,655,37580894,0.001,0.09897696225110576,True
tobacco,equalize,656,424319429,0.001,0.03511444879279239,True
tobacco,equalize,657,3043186064,0.001,0.006606189084272896,True
tobacco,equalize,658,3297460249,0.001,0.015680042775084748,True
tobacco,equalize,659,4170635491,0.001,0.09999094530479435,True
tobacco,equalize,660,1417458179,0.001,0.07445749712573789,True
tobacco,equalize,661,2516396183,0.001,0.019786920606000704,True
tobacco,equalize,662,848494846,0.001,0.012654399854648125,True
tobacco,equalize,663,4255855686,0.001,0.023113721259807762,True
tobacco,equalize,664,1673105294,0.001,0.025833632141030308,True
tobacco,equalize,665,2939460514,0.001,0.0881199406364439,True
tobacco,equalize,666,918829697,0.001,0.014225377137920416,True
tobacco,equalize,667,760876183,0.001,0.06499748645511153,True
tobacco,equalize,668,4151788623,0.001,0.08280010946716398,True
tobacco,equalize,669,175814185,0.001,0.008354936139287217,True
tobacco,equalize,670,1050203742,0.001,0.051499677125314364,True
tobacco,equalize,671,4058780311,0.001,0.08460883074657229,True
tobacco,equalize,672,776790902,0.001,0.06184330388007275,True
tobacco,equalize,673,1148067272,0.001,0.0664541067364461,True
tobacco,equalize,674,424265444,0.001,0.04366345474402018,True
tobacco,equalize,675,2863170655,0.001,0.07377819264565187,True
tobacco,equalize,676,2675432303,0.001,0.09755161116780939,True
tobacco,equalize,677,2260233816,0.001,0.0722130699350812,True
tobacco,equalize,678,1235780188,0.001,0.06527114239744272,True
tobacco,equalize,679,2524223025,0.001,0.04103423459546305,True
tobacco,equalize,680,1407800677,0.001,0.04074941711753225,True
tobacco,equalize,681,2929668160,0.001,0.05197343671777489,True
tobacco,equalize,682,1384948610,0.001,0.06069486579363418,True
tobacco,equalize,683,4000952294,0.001,0.0841584083703534,True
tobacco,equalize,684,1104661231,0.001,0.008463672020483625,True
tobacco,equalize,685,738279025,0.001,0.09652134366619956,True
tobacco,equalize,686,2896050047,0.001,0.07827519069115728,True
tobacco,equalize,687,446808110,0.001,0.09168150049188104,True
tobacco,equalize,688,2017520759,0.001,0.04872173945944052,True
tobacco,equalize,689,99307225,0.001,0.025458798543206818,True
tobacco,equalize,690,1572197432,0.001,0.004548510111617154,True
tobacco,equalize,691,3937955449,0.001,0.0968959210835,True
tobacco,equalize,692,1372396458,0.001,0.056980845819365515,True
tobacco,equalize,693,2940384929,0.001,0.07435366490143575,True
tobacco,equalize,694,1703729774,0.001,0.06801742557542771,True
tobacco,equalize,695,69418109,0.001,0.004388756743916167,True
tobacco,equalize,696,864626172,0.001,0.01560233818907546,True
tobacco,equalize,697,3148569411,0.001,0.019201988950446405,True
tobacco,equalize,698,1117547086,0.001,0.07096080511303714,True
tobacco,equalize,699,2185505885,0.001,0.06319248678543668,True
tobacco,equalize,700,1530292258,0.001,0.0898880106975625,True
tobacco,equalize,701,1355975833,0.001,0.06952337845457632,True
tobacco,equalize,702,4233834980,0.001,0.009846149857302366,True
tobacco,equalize,703,934319826,0.001,0.0013362708487441588,True
tobacco,equalize,704,1964436881,0.001,0.08105199398582921,True
tobacco,equalize,705,4289147541,0.001,0.0008785205211144454,True
tobacco,equalize,706,3086215165,0.001,0.08207013496806817,True
tobacco,equalize,707,1680793862,0.001,0.03017423260064607,True
tobacco,equalize,708,2305539805,0.001,0.014220019477698409,True
tobacco,equalize,709,3226709796,0.001,0.09470979554202544,True
tobacco,equalize,710,2915001697,0.001,0.055465826455347256,True
tobacco,equalize,711,3875182451,0.001,0.052153314400900014,True
tobacco,equalize,712,255247960,0.001,0.07639344391315733,True
tobacco,equalize,713,2568978170,0.001,0.08048918656238743,True
tobacco,equalize,714,281209188,0.001,0.00961772195275863,True
tobacco,equalize,715,991892684,0.001,0.03583001580999197,True
tobacco,equalize,716,3086045235,0.001,0.0842507813242046,True
tobacco,equalize,717,1170975636,0.001,0.0208187996571936,True
tobacco,equalize,718,1767591762,0.001,0.05123911727551486,True
tobacco,equalize,719,3825555462,0.001,0.06662002617417609,True
tobacco,equalize,720,1002135022,0.001,0.021331565357869776,True
tobacco,equalize,721,3196243003,0.001,0.0826948821032362,True
tobacco,equalize,722,2701519034,0.001,0.07696892996549745,True
tobacco,equalize,723,3369557590,0.001,0.0703532744095717,True
tobacco,equalize,724,1962936129,0.001,0.028945977107141432,True
tobacco,equalize,725,2240482832,0.001,0.08585586854130764,True
tobacco,equalize,726,3240153908,0.001,0.06993080464072428,True
tobacco,equalize,727,4149578535,0.001,0.030967777430317492,True
tobacco,equalize,728,1367023930,0.001,0.06995061292053902,True
tobacco,equalize,729,1448247966,0.001,0.031027276682038044,True
tobacco,equalize,730,1900623246,0.001,0.005371659557562691,True
tobacco,equalize,731,2793258556,0.001,0.009710973840048731,True
tobacco,equalize,732,3897017982,0.001,0.056521479702757574,True
tobacco,equalize,733,2425291137,0.001,0.05607124170709529,True
tobacco,equalize,734,2674379761,0.001,0.0786453915107363,True
tobacco,equalize,735,606163662,0.001,0.010742202884400498,True
tobacco,equalize,736,2652077706,0.001,0.02927161669972791,True
tobacco,equalize,737,3562158849,0.001,0.05937754000979054,True
tobacco,equalize,738,1674279965,0.001,0.09665171906534487,True
tobacco,equalize,739,120013052,0.001,0.02941321377678635,True
tobacco,equalize,740,847725470,0.001,0.030888609669677283,True
tobacco,equalize,741,535281177,0.001,0.05565324986441925,True
tobacco,equalize,742,2506210391,0.001,0.02475733817358036,True
tobacco,equalize,743,3118211706,0.001,0.08585983927941915,True
tobacco,equalize,744,349502502,0.001,0.0569611906049137,True
tobacco,equalize,745,3876720672,0.001,0.0382395097461509,True
tobacco,equalize,746,4133298610,0.001,0.07426306233471612,True
tobacco,equalize,747,1217225803,0.001,0.0650095197898876,True
tobacco,equalize,748,3496001469,0.001,0.07132271789564372,True
tobacco,equalize,749,3253511503,0.001,0.06358720390768505,True
tobacco,equalize,750,3102358488,0.001,0.004639131064413749,True
tobacco,equalize,751,2397638830,0.001,0.05303338194004849,True
tobacco,equalize,752,671397638,0.001,0.06407642398280923,True
tobacco,equalize,753,1276659394,0.001,0.0347135560349509,True
tobacco,equalize,754,1282977325,0.001,0.04419902058462463,True
tobacco,equalize,755,751171426,0.001,0.01571063832791362,True
tobacco,equalize,756,2830985369,0.001,0.06990594578804966,True
tobacco,equalize,757,268355436,0.001,0.083738289859591,True
tobacco,equalize,758,1732541382,0.001,0.014575622505538555,True
tobacco,equalize,759,3435005041,0.001,0.014757707304033751,True
tobacco,equalize,760,2764261063,0.001,0.029816361663193115,True
tobacco,equalize,761,1880186369,0.001,0.08817104693274572,True
tobacco,equalize,762,3684245944,0.001,0.0973971212794046,True
tobacco,equalize,763,1140931408,0.001,0.07358332488312791,True
tobacco,equalize,764,3495601136,0.001,0.027835407758301425,True
tobacco,equalize,765,214997463,0.001,0.0507244800586179,True
tobacco,equalize,766,2752059894,0.001,0.04636192154432881,True
tobacco,equalize,767,2162751874,0.001,0.04726514687079606,True
tobacco,equalize,768,2222943107,0.001,0.09461683828918277,True
tobacco,equalize,769,1108200527,0.001,0.01750197022710459,True
tobacco,equalize,770,518865075,0.001,0.09963248858437784,True
tobacco,equalize,771,3474135018,0.001,0.09198087503647809,True
tobacco,equalize,772,380618755,0.001,0.03387160334603705,True
tobacco,equalize,773,2051969070,0.001,0.0490035023141531,True
tobacco,equalize,774,1975395307,0.001,0.09215785391169877,True
tobacco,equalize,775,4199310030,0.001,0.0920574065196596,True
tobacco,equalize,776,3738079799,0.001,0.09675631769458978,True
tobacco,equalize,777,3777271358,0.001,0.0667495126790389,True
tobacco,equalize,778,1417578495,0.001,0.023336697785762684,True
tobacco,equalize,779,2186600069,0.001,0.038710305767015486,True
tobacco,equalize,780,552207078,0.001,0.01755022292919575,True
tobacco,equalize,781,1528472965,0.001,0.011787122336700562,True
tobacco,equalize,782,240280715,0.001,0.05272856492346924,True
tobacco,equalize,783,2480473079,0.001,0.0370000099982985,True
tobacco,equalize,784,3753473048,0.001,0.08053090286844039,True
tobacco,equalize,785,4018416413,0.001,0.023425838560113467,True
tobacco,equalize,786,787838405,0.001,0.030718449734545072,True
tobacco,equalize,787,131395258,0.001,0.0666797531047464,True
tobacco,equalize,788,4026010257,0.001,0.07693420779812747,True
tobacco,equalize,789,366961643,0.001,0.07224884331555065,True
tobacco,equalize,790,3388348228,0.001,0.07470897009159982,True
tobacco,equalize,791,558152869,0.001,0.08117607440962933,True
tobacco,equalize,792,2814044676,0.001,0.014139838989478293,True
tobacco,equalize,793,976822380,0.001,0.03461620864847308,True
tobacco,equalize,794,451594246,0.001,0.023915942856842898,True
tobacco,equalize,795,3184934399,0.001,0.03602004815637785,True
tobacco,equalize,796,3227107296,0.001,0.005203522377243786,True
tobacco,equalize,797,1568523851,0.001,0.018680495430539224,True
tobacco,equalize,798,3215173546,0.001,0.09392607830280382,True
tobacco,equalize,799,2739275076,0.001,0.059582940700452475,True
tobacco,equalize,800,823701619,0.001,0.07682187186640785,True
tobacco,equalize,801,2058656148,0.001,0.018919232515665532,True
tobacco,equalize,802,1348454056,0.001,0.04843932119125619,True
tobacco,equalize,803,825465258,0.001,0.02005425003626249,True
tobacco,equalize,804,3924008287,0.001,0.08379977404778621,True
tobacco,equalize,805,1788926753,0.001,0.03749963363809999,True
tobacco,equalize,806,1516382879,0.001,0.001620525727044464,True
tobacco,equalize,807,3385674117,0.001,0.09822603982216532,True
tobacco,equalize,808,743701553,0.001,0.06631367927708477,True
tobacco,equalize,809,1922255682,0.001,0.04489099477259462,True
tobacco,equalize,810,2099316372,0.001,0.07432586735995038,True
tobacco,equalize,811,331144790,0.001,0.0045913379903842035,True
tobacco,equalize,812,2575070538,0.001,0.07698514722180598,True
tobacco,equalize,813,2060767771,0.001,0.02552494427948887,True
tobacco,equalize,814,1600945206,0.001,0.032060130144223264,True
tobacco,equalize,815,3641871848,0.001,0.004984805563945805,True
tobacco,equalize,816,1249936334,0.001,0.0010212840292107895,True
tobacco,equalize,817,3389408852,0.001,0.09807742953022924,True
tobacco,equalize,818,1624477442,0.001,0.06573075144819372,True
tobacco,equalize,819,623817002,0.001,0.0458882642002309,True
tobacco,equalize,820,1257613661,0.001,0.08687253533253991,True
tobacco,equalize,821,3378364717,0.001,0.057060592353222375,True
tobacco,equalize,822,3407210924,0.001,0.09663760657230175,True
tobacco,equalize,823,906885911,0.001,0.03352347487411427,True
tobacco,equalize,824,2802811391,0.001,0.07122790066071093,True
tobacco,equalize,825,1861834989,0.001,0.013579465898568944,True
tobacco,equalize,826,96047289,0.001,0.007447464023128736,True
tobacco,equalize,827,995527579,0.001,0.0333011424392507,True
tobacco,equalize,828,763725897,0.001,0.06642274002519845,True
tobacco,equalize,829,426838014,0.001,0.0725059665722778,True
tobacco,equalize,830,2078507760,0.001,0.08143429409354203,True
tobacco,equalize,831,1627332400,0.001,0.009194049104954206,True
tobacco,equalize,832,1703770438,0.001,0.07852155993141302,True
tobacco,equalize,833,995540113,0.001,0.04443165009165481,True
tobacco,equalize,834,3125862833,0.001,0.07427368445999581,True
tobacco,equalize,835,3945603893,0.001,0.060418289693096816,True
tobacco,equalize,836,880502524,0.001,0.03008484496471854,True
tobacco,equalize,837,2198485991,0.001,0.029588032804353917,True
tobacco,equalize,838,1236384644,0.001,0.03104264422861244,True
tobacco,equalize,839,1742775052,0.001,0.0793710376458916,True
tobacco,equalize,840,3399480712,0.001,0.06968310099972806,True
tobacco,equalize,841,1441974240,0.001,0.03352819099819906,True
tobacco,equalize,842,4010631131,0.001,0.014853944419524324,True
tobacco,equalize,843,2914636360,0.001,0.005926857542499487,True
tobacco,equalize,844,1132304483,0.001,0.04883643230570374,True
tobacco,equalize,845,3317509812,0.001,0.0470194884860326,True
tobacco,equalize,846,1506769785,0.001,0.0349637382441072,True
tobacco,equalize,847,372365646,0.001,0.01983185355793884,True
tobacco,equalize,848,2844203071,0.001,0.07736818962503583,True
tobacco,equalize,849,884218925,0.001,0.0661530908246296,True
tobacco,equalize,850,1044188016,0.001,0.08845615302690923,True
tobacco,equalize,851,1829135820,0.001,0.04613142299547204,True
tobacco,equalize,852,2814610394,0.001,0.07260596811265284,True
tobacco,equalize,853,3250850322,0.001,0.051712115615923586,True
tobacco,equalize,854,2664912532,0.001,0.022841293364282367,True
tobacco,equalize,855,1285231760,0.001,0.0581127852278914,True
tobacco,equalize,856,2853970975,0.001,0.08894794952848478,True
tobacco,equalize,857,3170459879,0.001,0.08112274067814856,True
tobacco,equalize,858,748598519,0.001,0.010239147586644426,True
tobacco,equalize,859,2307307868,0.001,0.026598490225748395,True
tobacco,equalize,860,691147429,0.001,0.05871569014018772,True
tobacco,equalize,861,2245424749,0.001,0.012572213180458858,True
tobacco,equalize,862,2913671022,0.001,0.0776870135782472,True
tobacco,equalize,863,2447747033,0.001,0.01718700336422625,True
tobacco,equalize,864,1116494863,0.001,0.009257388866999472,True
tobacco,equalize,865,524662012,0.001,0.058310909900555756,True
tobacco,equalize,866,2253269720,0.001,0.09355476203065749,True
tobacco,equalize,867,517625772,0.001,0.012511210497527948,True
tobacco,equalize,868,3130536373,0.001,0.046524919346802,True
tobacco,equalize,869,1426941156,0.001,0.030617022199294675,True
tobacco,equalize,870,2704170501,0.001,0.03289825303955122,True
tobacco,equalize,871,3661876920,0.001,0.06430484160718966,True
tobacco,equalize,872,101604207,0.001,0.06165544680582535,True
tobacco,equalize,873,2040011397,0.001,0.09938741974737557,True
tobacco,equalize,874,894267672,0.001,0.04554386177665887,True
tobacco,equalize,875,3647149338,0.001,0.040743881156070486,True
tobacco,equalize,876,1550056855,0.001,0.09733308877053483,True
tobacco,equalize,877,1494444089,0.001,0.0066047149054419664,True
tobacco,equalize,878,2279688463,0.001,0.02647891286844405,True
tobacco,equalize,879,1545179018,0.001,0.0327492525760402,True
tobacco,equalize,880,3071073018,0.001,0.07607251219659078,True
tobacco,equalize,881,478412554,0.001,0.07982454356488679,True
tobacco,equalize,882,1305923841,0.001,0.02769988146798942,True
tobacco,equalize,883,627115669,0.001,0.04726779844778231,True
tobacco,equalize,884,1321951356,0.001,0.005374543873540172,True
tobacco,equalize,885,4022070203,0.001,0.02785932806156355,True
tobacco,equalize,886,385856672,0.001,0.05164367107611983,True
tobacco,equalize,887,579993993,0.001,0.053755398651123915,True
tobacco,equalize,888,1988547069,0.001,0.05256462235214546,True
tobacco,equalize,889,765601017,0.001,0.009341975832188598,True
tobacco,equalize,890,600206276,0.001,0.02536129966979176,True
tobacco,equalize,891,3693492954,0.001,0.08683301331012422,True
tobacco,equalize,892,2674693807,0.001,0.03349241127444731,True
tobacco,equalize,893,797680703,0.001,0.048614275987754155,True
tobacco,equalize,894,131221449,0.001,0.005175883194758557,True
tobacco,equalize,895,1798079632,0.001,0.04496253053153006,True
tobacco,equalize,896,2345824367,0.001,0.06692530991232121,True
tobacco,equalize,897,588385597,0.001,0.00996245706032738,True
tobacco,equalize,898,3103095529,0.001,0.012328102336991654,True
tobacco,equalize,899,3749399339,0.001,0.04110897929670997,True
tobacco,equalize,900,2031851700,0.001,0.07902458432258812,True
tobacco,equalize,901,308439171,0.001,0.03694450490435983,True
tobacco,equalize,902,3048382877,0.001,0.09021774836912438,True
tobacco,equalize,903,3809242277,0.001,0.0956866141618759,True
tobacco,equalize,904,980857073,0.001,0.04890589420152437,True
tobacco,equalize,905,4167251111,0.001,0.06334200889421843,True
tobacco,equalize,906,710284333,0.001,0.02225994114657123,True
tobacco,equalize,907,3620568599,0.001,0.07711313104470807,True
tobacco,equalize,908,1683215381,0.001,0.0006360774406178882,True
tobacco,equalize,909,3868098178,0.001,0.041285424531720905,True
tobacco,equalize,910,2167078019,0.001,0.04284426718832766,True
tobacco,equalize,911,2661203326,0.001,0.026919745396035668,True
tobacco,equalize,912,300027294,0.001,0.005660636440429201,True
tobacco,equalize,913,3418025154,0.001,0.014299014969604363,True
tobacco,equalize,914,2092274562,0.001,0.07557929246949416,True
tobacco,equalize,915,1906381486,0.001,0.05436652043404501,True
tobacco,equalize,916,2371567467,0.001,0.04576082738027533,True
tobacco,equalize,917,1937007822,0.001,0.03395755431067176,True
tobacco,equalize,918,2624424830,0.001,0.06337491606082678,True
tobacco,equalize,919,1696115033,0.001,0.039732115050134235,True
tobacco,equalize,920,272155130,0.001,0.05238827800310685,True
tobacco,equalize,921,2164630796,0.001,0.039632830066438175,True
tobacco,equalize,922,2154630691,0.001,0.060450249972552876,True
tobacco,equalize,923,3028973668,0.001,0.048196780211067526,True
tobacco,equalize,924,3541815236,0.001,0.04500958257918508,True
tobacco,equalize,925,4176928533,0.001,0.03241991184668646,True
tobacco,equalize,926,1952019192,0.001,0.09225660900207633,True
tobacco,equalize,927,2120289113,0.001,0.001914561452457786,True
tobacco,equalize,928,2835855887,0.001,0.08683302459184293,True
tobacco,equalize,929,2852643780,0.001,0.0717505013863014,True
tobacco,equalize,930,633799018,0.001,0.0858373393176151,True
tobacco,equalize,931,1133988566,0.001,0.07706914443017339,True
tobacco,equalize,932,4190588629,0.001,0.02607644313433204,True
tobacco,equalize,933,3708994726,0.001,0.09848346855253097,True
tobacco,equalize,934,3188249051,0.001,0.07092538822361553,True
tobacco,equalize,935,712970930,0.001,0.05550451453316438,True
tobacco,equalize,936,747561352,0.001,0.028043515858777436,True
tobacco,equalize,937,1245356169,0.001,0.08678112084725018,True
tobacco,equalize,938,3212930946,0.001,0.04501890556074071,True
tobacco,equalize,939,239516130,0.001,0.09262370429413126,True
tobacco,equalize,940,455593811,0.001,0.039143078537271205,True
tobacco,equalize,941,2758340793,0.001,0.013200609806117924,True
tobacco,equalize,942,3035996943,0.001,0.09425270206916132,True
tobacco,equalize,943,3316113689,0.001,0.06439827049473311,True
tobacco,equalize,944,308090541,0.001,0.04301455134437633,True
tobacco,equalize,945,2388607355,0.001,0.054184460880781764,True
tobacco,equalize,946,3596176026,0.001,0.09232600936770272,True
tobacco,equalize,947,225832793,0.001,0.03312461753285816,True
tobacco,equalize,948,2916227903,0.001,0.0858757433519204,True
tobacco,equalize,949,2193911725,0.001,0.06464218361346197,True
tobacco,equalize,950,3787979401,0.001,0.07373354594881043,True
tobacco,equalize,951,2257182591,0.001,0.0814878374014093,True
tobacco,equalize,952,1440369524,0.001,0.018501960371497785,True
tobacco,equalize,953,3480388318,0.001,0.011975541131306933,True
tobacco,equalize,954,1838095105,0.001,0.08697450258382189,True
tobacco,equalize,955,98009750,0.001,0.009339334936579536,True
tobacco,equalize,956,3529693311,0.001,0.08646217622167171,True
tobacco,equalize,957,2519307037,0.001,0.01724071774821635,True
tobacco,equalize,958,896579002,0.001,0.0043194766537499206,True
tobacco,equalize,959,1009451552,0.001,0.016220682700549827,True
tobacco,equalize,960,394612184,0.001,0.09556683710250141,True
tobacco,equalize,961,1361750622,0.001,0.06369342508468889,True
tobacco,equalize,962,870377477,0.001,0.08538738670729551,True
tobacco,equalize,963,3601846264,0.001,0.035069108889863414,True
tobacco,equalize,964,3025146495,0.001,0.015085606368536387,True
tobacco,equalize,965,3137469581,0.001,0.07464068073035329,True
tobacco,equalize,966,3558890803,0.001,0.06892618932510292,True
tobacco,equalize,967,689925704,0.001,0.03279521237880757,True
tobacco,equalize,968,4138692966,0.001,0.09355935861593193,True
tobacco,equalize,969,351281811,0.001,0.07515716883874778,True
tobacco,equalize,970,4013213875,0.001,0.06285107847423255,True
tobacco,equalize,971,2100591089,0.001,0.08305706948551046,True
tobacco,equalize,972,3002682289,0.001,0.0953627171857408,True
tobacco,equalize,973,2375779725,0.001,0.06905031462775106,True
tobacco,equalize,974,2600645093,0.001,0.05725272439044324,True
tobacco,equalize,975,1829518410,0.001,0.09445984410247713,True
tobacco,equalize,976,912053599,0.001,0.0648125797608753,True
tobacco,equalize,977,2235466510,0.001,0.0010262551312921976,True
tobacco,equalize,978,4109235538,0.001,0.02146510844078562,True
tobacco,equalize,979,3150120271,0.001,0.008802743320011032,True
tobacco,equalize,980,859025395,0.001,0.09807093806732231,True
tobacco,equalize,981,3999773308,0.001,0.07849941927489018,True
tobacco,equalize,982,1519954204,0.001,0.052631871025977474,True
tobacco,equalize,983,448745044,0.001,0.08596291039365724,True
tobacco,equalize,984,2335365758,0.001,0.019784713048269287,True
tobacco,equalize,985,682326090,0.001,0.0809848753185261,True
tobacco,equalize,986,1750765582,0.001,0.09874826621066918,True
tobacco,equalize,987,227893233,0.001,0.01791101538120975,True
tobacco,equalize,988,3687685908,0.001,0.0024118609716926144,True
tobacco,equalize,989,788687954,0.001,0.0398499097812852,True
tobacco,equalize,990,3342117191,0.001,0.00521402437693217,True
tobacco,equalize,991,3295846329,0.001,0.09605184759019633,True
tobacco,equalize,992,2883446809,0.001,0.09215625953260996,True
tobacco,equalize,993,4133319258,0.001,0.04748587648795998,True
tobacco,equalize,994,3305578264,0.001,0.056845384846287705,True
tobacco,equalize,995,2979265544,0.001,0.0772560321472296,True
tobacco,equalize,996,4196620117,0.001,0.04237672836803598,True
tobacco,equalize,997,669228901,0.001,0.04652462075629138,True
tobacco,equalize,998,101227301,0.001,0.029834335358297416,True
tobacco,equalize,999,3105817086,0.001,0.09110434921389957,True
ego,equalize,0,978796114,0.001,0.0019071979573001552,True
ego,equalize,1,1094106742,0.001,0.018811858939856364,True
ego,equalize,2,3090529957,0.001,0.04775948863229799,True
ego,equalize,3,2328437859,0.001,0.05557093773035779,True
ego,equalize,4,2075516646,0.001,0.08712042471114906,True
ego,equalize,5,1617251897,0.001,0.09877434839614252,True
ego,equalize,6,3441559176,0.001,0.05235556536034874,True
ego,equalize,7,1724576930,0.001,0.058177248313495515,True
ego,equalize,8,2684124321,0.001,0.05337886559382792,True
ego,equalize,9,3252190406,0.001,0.06022776128182192,True
ego,equalize,10,1682535644,0.001,0.012349343641412458,True
ego,equalize,11,190411064,0.001,0.028163900320735704,True
ego,equalize,12,334097740,0.001,0.0038350074156744854,True
ego,equalize,13,555513782,0.001,0.044920487411644144,True
ego,equalize,14,3795615724,0.001,0.02517622187562331,True
ego,equalize,15,4271952221,0.001,0.0640234052821597,True
ego,equalize,16,4121827066,0.001,0.039979644153700346,True
ego,equalize,17,517633688,0.001,0.051897623635844076,True
ego,equalize,18,2784367086,0.001,0.09274746481824046,True
ego,equalize,19,327663501,0.001,0.08923599097032081,True
ego,equalize,20,195996510,0.001,0.04195439765950131,True
ego,equalize,21,1764124020,0.001,0.052151934979817106,True
ego,equalize,22,2004734881,0.001,0.09458991101579323,True
ego,equalize,23,1761712572,0.001,0.030373902634803787,True
ego,equalize,24,1878893508,0.001,0.01335653411593889,True
ego,equalize,25,73846533,0.001,0.06620866826825164,True
ego,equalize,26,3606055406,0.001,0.09776915073284254,True
ego,equalize,27,224635551,0.001,0.014293781752862457,True
ego,equalize,28,2999127470,0.001,0.021139333368347113,True
ego,equalize,29,689403349,0.001,0.03287476781998485,True
ego,equalize,30,3101169038,0.001,0.08936532199407199,True
ego,equalize,31,2344479489,0.001,0.08455157787564677,True
ego,equalize,32,1731766288,0.001,0.05088775821641511,True
ego,equalize,33,3990450234,0.001,0.019280297133905746,True
ego,equalize,34,2195795816,0.001,0.09373316862969931,True
ego,equalize,35,3482416855,0.001,0.07606040224215865,True
ego,equalize,36,4170988999,0.001,0.04610724281363324,True
ego,equalize,37,1432973146,0.001,0.08560865430643187,True
ego,equalize,38,4034346310,0.001,0.019809990130364843,True
ego,equalize,39,763174395,0.001,0.04908830681153781,True
ego,equalize,40,1849889563,0.001,0.08880670867265249,True
ego,equalize,41,1709958315,0.001,0.045572560195434444,True
ego,equalize,42,377123538,0.001,0.09924167835209825,True
ego,equalize,43,1545266953,0.001,0.06627108841981989,True
ego,equalize,44,4094679182,0.001,0.014669274435335068,True
ego,equalize,45,2946504376,0.001,0.03511006549316638,True
ego,equalize,46,3741129328,0.001,0.09573027466416471,True
ego,equalize,47,3537981234,0.001,0.052905725944765336,True
ego,equalize,48,3483259584,0.001,0.02151286424774275,True
ego,equalize,49,2293940216,0.001,0.016985461479365173,True
ego,equalize,50,2931383017,0.001,0.07920426345363367,True
ego,equalize,51,3497282311,0.001,0.05640533763630792,True
ego,equalize,52,2377876938,0.001,0.09142760296811438,True
ego,equalize,53,2154228981,0.001,0.023139900261428883,True
ego,equalize,54,3026672906,0.001,0.010609083035425161,True
ego,equalize,55,944000656,0.001,0.08535421525392771,True
ego,equalize,56,1625355410,0.001,0.042359183510712384,True
ego,equalize,57,1169109033,0.001,0.057130041163575576,True
ego,equalize,58,1848932583,0.001,0.04730404703443644,True
ego,equalize,59,1869337474,0.001,0.01554937398756825,True
ego,equalize,60,2107731279,0.001,0.01672102498772754,True
ego,equalize,61,3378749983,0.001,0.06880455707176443,True
ego,equalize,62,3808527415,0.001,0.011952192558009112,True
ego,equalize,63,3086889048,0.001,4.983348261486942e-05,True
ego,equalize,64,2220159141,0.001,0.056292582717317324,True
ego,equalize,65,122837788,0.001,0.08101312285121293,True
ego,equalize,66,4010452184,0.001,0.03603579131406927,True
ego,equalize,67,2339514005,0.001,0.019830647066159945,True
ego,equalize,68,2133498322,0.001,0.015232439580882618,True
ego,equalize,69,4144942413,0.001,0.08561609061899833,True
ego,equalize,70,2257335478,0.001,0.062440063404121705,True
ego,equalize,71,1813799438,0.001,0.09659636888839351,True
ego,equalize,72,2737344374,0.001,0.017630328378162575,True
ego,equalize,73,2176014703,0.001,0.022187298798100177,True
ego,equalize,74,1197141612,0.001,0.03963303902352884,True
ego,equalize,75,2018368797,0.001,0.013112095157592974,True
ego,equalize,76,3424777415,0.001,0.04074685033079117,True
ego,equalize,77,4115957833,0.001,0.06656887903331209,True
ego,equalize,78,2487894787,0.001,0.0021691096747546547,True
ego,equalize,79,3236568602,0.001,0.06448521581417935,True
ego,equalize,80,380342324,0.001,0.05086295062167093,True
ego,equalize,81,4147736047,0.001,0.04812898957528858,True
ego,equalize,82,1982597419,0.001,0.004713054691119412,True
ego,equalize,83,1660935395,0.001,0.09453039421914801,True
ego,equalize,84,2069054555,0.001,0.042761711737508715,True
ego,equalize,85,3576622087,0.001,0.01839243416152705,True
ego,equalize,86,3929676243,0.001,0.03536383863026591,True
ego,equalize,87,2299478954,0.001,0.07891770004732407,True
ego,equalize,88,1170420800,0.001,0.03725012218609865,True
ego,equalize,89,1368783573,0.001,0.07030850976222731,True
ego,equalize,90,2883598989,0.001,0.003918208091246367,True
ego,equalize,91,426864168,0.001,0.09537330658063561,True
ego,equalize,92,1461575235,0.001,0.02701903872703243,True
ego,equalize,93,68002705,0.001,0.09285067241487059,True
ego,equalize,94,768267608,0.001,0.08819764544618224,True
ego,equalize,95,2653049986,0.001,0.09582719514002269,True
ego,equalize,96,353614387,0.001,0.014798615384274662,True
ego,equalize,97,862584724,0.001,0.04982745072936669,True
ego,equalize,98,849593957,0.001,0.06790329482877995,True
ego,equalize,99,2306634871,0.001,0.061097920457452895,True
ego,equalize,100,2811074965,0.001,0.07492809960130341,True
ego,equalize,101,3945063439,0.001,0.05117704002146213,True
ego,equalize,102,3450905937,0.001,0.057104206996368215,True
ego,equalize,103,3315293999,0.001,0.051416118470745675,True
ego,equalize,104,467479680,0.001,0.014411205667558892,True
ego,equalize,105,1216167544,0.001,0.05558091360901131,True
ego,equalize,106,3561483959,0.001,0.03464377823630195,True
ego,equalize,107,1193903851,0.001,0.06914667612890367,True
ego,equalize,108,1484972082,0.001,0.09819825847492467,True
ego,equalize,109,1605183459,0.001,0.06370355219692762,True
ego,equalize,110,1418613864,0.001,0.04169877916814566,True
ego,equalize,111,2209251414,0.001,0.026933383629338614,True
ego,equalize,112,1266991473,0.001,0.05466375871831747,True
ego,equalize,113,3088836885,0.001,0.09020460454696844,True
ego,equalize,114,239916948,0.001,0.06403664183171084,True
ego,equalize,115,2946872856,0.001,0.026481496828026918,True
ego,equalize,116,2183455317,0.001,0.07909948038453646,True
ego,equalize,117,1324187480,0.001,0.0394878071664804,True
ego,equalize,118,3936058178,0.001,0.03596329398892006,True
ego,equalize,119,2325205163,0.001,0.05510583549106658,True
ego,equalize,120,2587068307,0.001,0.06542987448840155,True
ego,equalize,121,2079292115,0.001,0.035364184908210465,True
ego,equalize,122,1579226914,0.001,0.046176954912249026,True
ego,equalize,123,3764936029,0.001,0.08768355467719391,True
ego,equalize,124,3910309192,0.001,0.062204344031528795,True
ego,equalize,125,2522043401,0.001,0.08144547594406559,True
ego,equalize,126,2730264444,0.001,0.062060883125855615,True
ego,equalize,127,971319179,0.001,0.06759078021692427,True
ego,equalize,128,3759639736,0.001,0.06521611258485252,True
ego,equalize,129,3209700649,0.001,0.03245980274426174,True
ego,equalize,130,1175255842,0.001,0.08278836899155198,True
ego,equalize,131,780476241,0.001,0.08921414989984851,True
ego,equalize,132,190543738,0.001,0.07174870797982631,True
ego,equalize,133,4124723399,0.001,0.009721760776755073,True
ego,equalize,134,594584751,0.001,0.0655521988351073,True
ego,equalize,135,4013926532,0.001,0.06676684136533279,True
ego,equalize,136,2176145378,0.001,0.050041736550674426,True
ego,equalize,137,2391462091,0.001,0.03197769912671207,True
ego,equalize,138,1703361286,0.001,0.041957706117016894,True
ego,equalize,139,3643478283,0.001,0.07470536465381418,True
ego,equalize,140,913963975,0.001,0.01869804301894349,True
ego,equalize,141,420633152,0.001,0.07383722279266122,True
ego,equalize,142,1959603277,0.001,0.04087969642007225,True
ego,equalize,143,2280312562,0.001,0.003286317248178028,True
ego,equalize,144,664521238,0.001,0.06916754671168866,True
ego,equalize,145,3661203348,0.001,0.013200060792638047,True
ego,equalize,146,3600838851,0.001,0.05924380955110401,True
ego,equalize,147,3768483642,0.001,0.05345631516594371,True
ego,equalize,148,4001179568,0.001,0.07405984294727401,True
ego,equalize,149,270661479,0.001,0.02706145050070735,True
ego,equalize,150,2046134390,0.001,0.039486321420945075,True
ego,equalize,151,3288108744,0.001,0.01120562281428157,True
ego,equalize,152,1743858934,0.001,0.028874923223725257,True
ego,equalize,153,4046947821,0.001,0.03595102581115366,True
ego,equalize,154,4030905276,0.001,0.070796778831602,True
ego,equalize,155,344396094,0.001,0.049427885292939844,True
ego,equalize,156,1320840324,0.001,0.017975996799392446,True
ego,equalize,157,1771619395,0.001,0.009340427212906044,True
ego,equalize,158,923753398,0.001,0.05490317797611654,True
ego,equalize,159,312032367,0.001,0.004033645788895301,True
ego,equalize,160,682221558,0.001,0.08712821854850647,True
ego,equalize,161,2392284698,0.001,0.09709765658867167,True
ego,equalize,162,3260049159,0.001,0.027372511515043454,True
ego,equalize,163,3196774455,0.001,0.035836310388177195,True
ego,equalize,164,1442735060,0.001,0.02166257159343854,True
ego,equalize,165,3443719477,0.001,0.0419877313823934,True
ego,equalize,166,2299302581,0.001,0.027992261820472153,True
ego,equalize,167,162377000,0.001,0.06855521177102672,True
ego,equalize,168,4013416856,0.001,0.07248179187089454,True
ego,equalize,169,2432341058,0.001,0.08734040670280097,True
ego,equalize,170,2922972077,0.001,0.0637941218518097,True
ego,equalize,171,536354428,0.001,0.07070217296983711,True
ego,equalize,172,1498049903,0.001,0.024928825796813426,True
ego,equalize,173,2402169566,0.001,0.01392200462704345,True
ego,equalize,174,1444288849,0.001,0.08181355759786824,True
ego,equalize,175,3782464025,0.001,0.09113285445366605,True
ego,equalize,176,3401287101,0.001,0.024358088685968074,True
ego,equalize,177,2595938686,0.001,0.07867468327984184,True
ego,equalize,178,1207457081,0.001,0.035102141774995654,True
ego,equalize,179,2593041594,0.001,0.09117048030635766,True
ego,equalize,180,4203166978,0.001,0.03601682524839633,True
ego,equalize,181,2153596326,0.001,0.06466966110975479,True
ego,equalize,182,4007451685,0.001,0.044854565163258114,True
ego,equalize,183,2942184829,0.001,0.07174114727421274,True
ego,equalize,184,1887807771,0.001,0.02625609523890278,True
ego,equalize,185,452777689,0.001,0.0752181825825198,True
ego,equalize,186,2189966859,0.001,0.001364535954627022,True
ego,equalize,187,2591015697,0.001,0.09261288966224403,True
ego,equalize,188,2994332309,0.001,0.005981764056207839,True
ego,equalize,189,1051016170,0.001,0.039763105199318666,True
ego,equalize,190,803458433,0.001,0.0381519709202319,True
ego,equalize,191,37605925,0.001,0.012360487105641194,True
ego,equalize,192,2527796190,0.001,0.038232246075295906,True
ego,equalize,193,2388143037,0.001,0.029592405874699204,True
ego,equalize,194,3173491812,0.001,0.060680748269151485,True
ego,equalize,195,3145921921,0.001,0.04049801694951649,True
ego,equalize,196,3425716985,0.001,0.05876390738005474,True
ego,equalize,197,965887421,0.001,0.09311830503857585,True
ego,equalize,198,2914294624,0.001,0.08948199956994896,True
ego,equalize,199,745979540,0.001,0.08857937581922337,True
ego,equalize,200,248077437,0.001,0.012277226742945069,True
ego,equalize,201,1932603156,0.001,0.042206908263177245,True
ego,equalize,202,2684203024,0.001,0.016508902297189355,True
ego,equalize,203,2543247871,0.001,0.06078959281873917,True
ego,equalize,204,1255457597,0.001,0.0830721436264169,True
ego,equalize,205,1257072990,0.001,0.07737223650353028,True
ego,equalize,206,636271307,0.001,0.07285991152419796,True
ego,equalize,207,1938120683,0.001,0.027910973456272838,True
ego,equalize,208,1739704445,0.001,0.08373927941642048,True
ego,equalize,209,3161886730,0.001,0.04019632382459466,True
ego,equalize,210,4207621447,0.001,0.08293082746418756,True
ego,equalize,211,2461469227,0.001,0.062208484300135515,True
ego,equalize,212,2198849958,0.001,0.0782563211476864,True
ego,equalize,213,4111247281,0.001,0.04834319072333881,True
ego,equalize,214,310947882,0.001,0.08852444525243348,True
ego,equalize,215,3088134443,0.001,0.08634843182126357,True
ego,equalize,216,2556760101,0.001,0.04880980181389797,True
ego,equalize,217,3027150225,0.001,0.08527735296407563,True
ego,equalize,218,2743396567,0.001,0.07197061757155043,True
ego,equalize,219,2501423243,0.001,0.03347081915692781,True
ego,equalize,220,1974658924,0.001,0.04445568975620086,True
ego,equalize,221,1619415179,0.001,0.02581794495709057,True
ego,equalize,222,3045351079,0.001,0.055880872582423725,True
ego,equalize,223,1705763467,0.001,0.0018346083900880996,True
ego,equalize,224,2620116739,0.001,0.07471546700036134,True
ego,equalize,225,3773874767,0.001,0.01823237151424717,True
ego,equalize,226,1666890937,0.001,0.03106409791669973,True
ego,equalize,227,3642366200,0.001,0.006691525072607996,True
ego,equalize,228,2881197338,0.001,0.060772691036595786,True
ego,equalize,229,2259772597,0.001,0.09699822518839464,True
ego,equalize,230,485965338,0.001,0.07638153192623774,True
ego,equalize,231,897769026,0.001,0.09902676156348195,True
ego,equalize,232,1145182779,0.001,0.071274208445384,True
ego,equalize,233,2523598411,0.001,0.04520908908223601,True
ego,equalize,234,644657256,0.001,0.03721037236352459,True
ego,equalize,235,2636805184,0.001,0.09708274845835563,True
ego,equalize,236,3944406838,0.001,0.08716828538004119,True
ego,equalize,237,522547773,0.001,0.015943666354178966,True
ego,equalize,238,581922362,0.001,0.010477795715784855,True
ego,equalize,239,3039087570,0.001,0.03688258472989655,True
ego,equalize,240,2708163379,0.001,0.01515325561244455,True
ego,equalize,241,3634206966,0.001,0.00013931198349496077,True
ego,equalize,242,4121049372,0.001,0.0032783106286011,True
ego,equalize,243,1398574721,0.001,0.08763427873864146,True
ego,equalize,244,1243661090,0.001,0.06102732718733377,True
ego,equalize,245,1109688795,0.001,0.024608891786039058,True
ego,equalize,246,90922543,0.001,0.004842871084191014,True
ego,equalize,247,2029016728,0.001,0.002890664189293346,True
ego,equalize,248,4266417525,0.001,0.024528643140458262,True
ego,equalize,249,2512271540,0.001,0.09796550289842915,True
ego,equalize,250,3830624993,0.001,0.08656396897970386,True
ego,equalize,251,2856300536,0.001,0.06772147117720984,True
ego,equalize,252,1509767013,0.001,0.07629569229218224,True
ego,equalize,253,3027799796,0.001,0.09280015132479076,True
ego,equalize,254,1188999788,0.001,0.013487046811104443,True
ego,equalize,255,3595774040,0.001,0.09123267263419285,True
ego,equalize,256,1332503562,0.001,0.08994294035718836,True
ego,equalize,257,125312293,0.001,0.0007513508291530192,True
ego,equalize,258,1960995130,0.001,0.02757659476363509,True
ego,equalize,259,3773911478,0.001,0.0108328780996233,True
ego,equalize,260,1629088969,0.001,0.04520548491037457,True
ego,equalize,261,1345065768,0.001,0.04493780667299298,True
ego,equalize,262,1340734816,0.001,0.003826263597905566,True
ego,equalize,263,3461451676,0.001,0.04880433079207578,True
ego,equalize,264,3147666338,0.001,0.08759910080496006,True
ego,equalize,265,3298984298,0.001,0.08658095140933905,True
ego,equalize,266,2291806007,0.001,0.043618989577561565,True
ego,equalize,267,1164274687,0.001,0.03472655439683458,True
ego,equalize,268,676423215,0.001,0.023904690628801885,True
ego,equalize,269,3043197993,0.001,0.0036469248008914826,True
ego,equalize,270,2029946989,0.001,0.06262041314320578,True
ego,equalize,271,277210029,0.001,0.03819250863249252,True
ego,equalize,272,1189216781,0.001,0.08862429011722363,True
ego,equalize,273,3864611932,0.001,0.0412234087821164,True
ego,equalize,274,2025398678,0.001,0.0837736289041293,True
ego,equalize,275,3460713298,0.001,0.09377191534777192,True
ego,equalize,276,2031863982,0.001,0.07781268209360936,True
ego,equalize,277,507991217,0.001,0.029353866669094522,True
ego,equalize,278,1731540971,0.001,0.03997079402735654,True
ego,equalize,279,3682370071,0.001,0.04007527041580266,True
ego,equalize,280,1034426769,0.001,0.013002779388145858,True
ego,equalize,281,1283223763,0.001,0.06044087731037781,True
ego,equalize,282,486338346,0.001,0.07981398889031188,True
ego,equalize,283,3123956341,0.001,0.02279874247095666,True
ego,equalize,284,3325094384,0.001,0.02105628194410212,True
ego,equalize,285,1727355485,0.001,0.0736546822066033,True
ego,equalize,286,700057336,0.001,0.0393206622730726,True
ego,equalize,287,3699154871,0.001,0.004158637973400337,True
ego,equalize,288,2809955176,0.001,0.04156612124587732,True
ego,equalize,289,3915062766,0.001,0.08857297133720865,True
ego,equalize,290,2418394919,0.001,0.07859691246503184,True
ego,equalize,291,252067283,0.001,0.07813381586371751,True
ego,equalize,292,2887646205,0.001,0.04508814589247188,True
ego,equalize,293,290222185,0.001,0.012794374007402177,True
ego,equalize,294,4231613650,0.001,0.04838171946304601,True
ego,equalize,295,3684988479,0.001,0.02884002486903471,True
ego,equalize,296,720571723,0.001,0.016219538129085477,True
ego,equalize,297,520896044,0.001,0.09115351184110213,True
ego,equalize,298,260952128,0.001,0.08056838311406261,True
ego,equalize,299,2980450161,0.001,0.017554715119127685,True
ego,equalize,300,2388936975,0.001,0.02456198748747959,True
ego,equalize,301,2086403674,0.001,0.059481664976933114,True
ego,equalize,302,3087942761,0.001,0.03779999728721492,True
ego,equalize,303,3267750727,0.001,0.08046859683291963,True
ego,equalize,304,1845287898,0.001,0.064668395898326,True
ego,equalize,305,1219179359,0.001,0.07130360470061035,True
ego,equalize,306,3018235713,0.001,0.08148065007331845,True
ego,equalize,307,350192988,0.001,0.07324667332625683,True
ego,equalize,308,2916731545,0.001,0.04348678282012968,True
ego,equalize,309,4053385658,0.001,0.08916568547124787,True
ego,equalize,310,1186479943,0.001,0.09796249365278072,True
ego,equalize,311,237496957,0.001,0.09666910745807211,True
ego,equalize,312,4048173493,0.001,0.07554962051662434,True
ego,equalize,313,1484105382,0.001,0.011808139347747283,True
ego,equalize,314,3368652295,0.001,0.07270787973606553,True
ego,equalize,315,2063742312,0.001,0.01660337507193802,True
ego,equalize,316,1117035661,0.001,0.03186826889962472,True
ego,equalize,317,957975091,0.001,0.00884695724346154,True
ego,equalize,318,3347964930,0.001,0.08448565176312962,True
ego,equalize,319,3943701730,0.001,0.02536041866309633,True
ego,equalize,320,3517709009,0.001,0.09475284359049216,True
ego,equalize,321,1335409579,0.001,0.021771365140503242,True
ego,equalize,322,3288443792,0.001,0.017110955077787406,True
ego,equalize,323,3991306966,0.001,0.02585070494023264,True
ego,equalize,324,79920041,0.001,0.07114138502717691,True
ego,equalize,325,1353273612,0.001,0.017431544414659463,True
ego,equalize,326,3978718673,0.001,0.06396365187675433,True
ego,equalize,327,3785896771,0.001,0.05841617987469486,True
ego,equalize,328,3904467170,0.001,0.013088636320126901,True
ego,equalize,329,503016459,0.001,0.05155723996397304,True
ego,equalize,330,3315333707,0.001,0.011286640728880616,True
ego,equalize,331,897053148,0.001,0.0761132031999052,True
ego,equalize,332,1035765404,0.001,0.008044141400523942,True
ego,equalize,333,3311656521,0.001,0.07715538322656616,True
ego,equalize,334,787612541,0.001,0.03979435857469629,True
ego,equalize,335,2539936999,0.001,0.07325228182754706,True
ego,equalize,336,357864078,0.001,0.020067531058103296,True
ego,equalize,337,743057967,0.001,0.06757482853985396,True
ego,equalize,338,1116097880,0.001,0.01958239772293785,True
ego,equalize,339,1125259270,0.001,0.026138229311481465,True
ego,equalize,340,56695626,0.001,0.054166203518344946,True
ego,equalize,341,1394520833,0.001,0.07825261354308494,True
ego,equalize,342,1077161782,0.001,0.08991309861199251,True
ego,equalize,343,3279350052,0.001,0.06227748750465572,True
ego,equalize,344,3773127612,0.001,0.07914696138604599,True
ego,equalize,345,1415491191,0.001,0.0611012164512516,True
ego,equalize,346,2701811127,0.001,0.0933292567176812,True
ego,equalize,347,3420736907,0.001,0.06446372799297483,True
ego,equalize,348,105512126,0.001,0.09364213047858777,True
ego,equalize,349,1651036698,0.001,0.06065331446834941,True
ego,equalize,350,3550896781,0.001,0.0057193428689926275,True
ego,equalize,351,462788153,0.001,0.02560229390157086,True
ego,equalize,352,2323813617,0.001,0.02999315296904137,True
ego,equalize,353,2273315843,0.001,0.09309223324567405,True
ego,equalize,354,3968863270,0.001,0.08091771975928719,True
ego,equalize,355,647455444,0.001,0.09525624790106861,True
ego,equalize,356,238810460,0.001,0.04044719441321885,True
ego,equalize,357,288379657,0.001,0.05375878430211293,True
ego,equalize,358,1739361197,0.001,0.010609729361246368,True
ego,equalize,359,1028398615,0.001,0.02415776406594137,True
ego,equalize,360,3432983580,0.001,0.037904840235240815,True
ego,equalize,361,291953893,0.001,0.07624093141711491,True
ego,equalize,362,3077663860,0.001,0.09462842001818657,True
ego,equalize,363,1271344561,0.001,0.0960381845633087,True
ego,equalize,364,1228092318,0.001,0.09453458473046407,True
ego,equalize,365,97331853,0.001,0.0064982503297359336,True
ego,equalize,366,3565139826,0.001,0.0896381475069214,True
ego,equalize,367,3259691379,0.001,0.09528241549641248,True
ego,equalize,368,4043115614,0.001,0.030479969488867265,True
ego,equalize,369,27119971,0.001,0.08916543821827354,True
ego,equalize,370,3293005768,0.001,0.09790733394516568,True
ego,equalize,371,1207495768,0.001,0.04762469114586403,True
ego,equalize,372,929761864,0.001,0.02461901484723731,True
ego,equalize,373,298130323,0.001,0.06675641674423327,True
ego,equalize,374,1281258,0.001,0.03459566659563277,True
ego,equalize,375,2359027462,0.001,0.05249487474130263,True
ego,equalize,376,91477077,0.001,0.043911822623672596,True
ego,equalize,377,1859558015,0.001,0.09780210126622141,True
ego,equalize,378,139107370,0.001,0.004484380113840914,True
ego,equalize,379,1139973296,0.001,0.09058621826528052,True
ego,equalize,380,2579572896,0.001,0.049418009030862735,True
ego,equalize,381,2685560230,0.001,0.002810648182667075,True
ego,equalize,382,2296623283,0.001,0.050716924047594036,True
ego,equalize,383,212776532,0.001,0.06314901362538805,True
ego,equalize,384,2620019802,0.001,0.09822778836350352,True
ego,equalize,385,167425453,0.001,0.041201014233359715,True
ego,equalize,386,3035389930,0.001,0.018358458992092486,True
ego,equalize,387,3865165910,0.001,0.011534448244990636,True
ego,equalize,388,3776574041,0.001,0.07479328020140145,True
ego,equalize,389,1429941338,0.001,0.03250694509511256,True
ego,equalize,390,1132639815,0.001,0.023576125496871048,True
ego,equalize,391,98485441,0.001,0.08949630734894642,True
ego,equalize,392,2432136119,0.001,0.056480097625953796,True
ego,equalize,393,4177247872,0.001,0.0964273120518665,True
ego,equalize,394,3791188535,0.001,0.012251964117834213,True
ego,equalize,395,437309209,0.001,0.060542759206962164,True
ego,equalize,396,3404677040,0.001,0.0893549203360522,True
ego,equalize,397,1798325452,0.001,0.006671205150149628,True
ego,equalize,398,2940284828,0.001,0.024475352343268666,True
ego,equalize,399,3651840704,0.001,0.055956828331628586,True
ego,equalize,400,1403056346,0.001,0.03610799625155408,True
ego,equalize,401,3235311890,0.001,0.006348276550315935,True
ego,equalize,402,4081100877,0.001,0.03865973377565521,True
ego,equalize,403,1471690304,0.001,0.02705308794135879,True
ego,equalize,404,2188115329,0.001,0.037527160313150544,True
ego,equalize,405,2141925650,0.001,0.07179458577296234,True
ego,equalize,406,384287325,0.001,0.07171252496801726,True
ego,equalize,407,1234550620,0.001,0.07964595406900078,True
ego,equalize,408,2559235790,0.001,0.04929602420636673,True
ego,equalize,409,1255815301,0.001,0.04849179216923327,True
ego,equalize,410,1951267743,0.001,0.05437249016931466,True
ego,equalize,411,3150630475,0.001,0.07888134280730659,True
ego,equalize,412,460783640,0.001,0.04083138287386894,True
ego,equalize,413,2418558012,0.001,0.09253348680941016,True
ego,equalize,414,2346976229,0.001,0.07990685793170277,True
ego,equalize,415,1556073457,0.001,0.05387787350264864,True
ego,equalize,416,2210029137,0.001,0.0761642181235695,True
ego,equalize,417,2592470974,0.001,0.09043674044390293,True
ego,equalize,418,2346836064,0.001,0.050507179915590006,True
ego,equalize,419,2744572364,0.001,0.09642508020740466,True
ego,equalize,420,4190185402,0.001,0.07252567287510069,True
ego,equalize,421,884590702,0.001,0.06730069423280224,True
ego,equalize,422,3264632322,0.001,0.023481982513487265,True
ego,equalize,423,1325514643,0.001,0.02518582438581638,True
ego,equalize,424,2192340298,0.001,0.07938253830102882,True
ego,equalize,425,1449699438,0.001,0.08994648468239837,True
ego,equalize,426,2134237545,0.001,0.019952079246848355,True
ego,equalize,427,3425279156,0.001,0.07498143559954958,True
ego,equalize,428,155286327,0.001,0.05564618008428379,True
ego,equalize,429,3504648229,0.001,0.06309525913432416,True
ego,equalize,430,1420746033,0.001,0.030654468222064468,True
ego,equalize,431,2334695502,0.001,0.09485239911315257,True
ego,equalize,432,3156467697,0.001,0.09405242411529757,True
ego,equalize,433,897863856,0.001,0.042672467451461964,True
ego,equalize,434,1933726670,0.001,0.09218854407289442,True
ego,equalize,435,719003531,0.001,0.0565513181683445,True
ego,equalize,436,256212124,0.001,0.002752868672235498,True
ego,equalize,437,3195549243,0.001,0.046612890958900845,True
ego,equalize,438,3701463314,0.001,0.01479114391647627,True
ego,equalize,439,4022975778,0.001,0.028370896358245926,True
ego,equalize,440,3245965050,0.001,0.05449825407399783,True
ego,equalize,441,2446621251,0.001,0.018025959990729534,True
ego,equalize,442,702871026,0.001,0.04505528358570084,True
ego,equalize,443,2565123491,0.001,0.06217123809509986,True
ego,equalize,444,1686545377,0.001,0.011852312281620515,True
ego,equalize,445,3004434531,0.001,0.08862333466240833,True
ego,equalize,446,2955085150,0.001,0.0749745807444877,True
ego,equalize,447,2117285808,0.001,0.04193611393095547,True
ego,equalize,448,1455591357,0.001,0.008441631445755826,True
ego,equalize,449,15031303,0.001,0.052968031794267706,True
ego,equalize,450,2559838753,0.001,0.09874943753221141,True
ego,equalize,451,2940550459,0.001,0.006236624422913573,True
ego,equalize,452,502836687,0.001,0.06416351101337846,True
ego,equalize,453,1548709459,0.001,0.03279309688393674,True
ego,equalize,454,2197528536,0.001,0.044125364579319495,True
ego,equalize,455,3765542083,0.001,0.071265170266063,True
ego,equalize,456,3065099702,0.001,0.011600345772134812,True
ego,equalize,457,1355865247,0.001,0.05167071242308087,True
ego,equalize,458,1117118704,0.001,0.07803187523171312,True
ego,equalize,459,3781246959,0.001,0.037994785688470534,True
ego,equalize,460,2879413747,0.001,0.0014467339564313677,True
ego,equalize,461,1792315383,0.001,0.024165735908110664,True
ego,equalize,462,1833965564,0.001,0.050183437761128914,True
ego,equalize,463,505841452,0.001,0.0016213803460644828,True
ego,equalize,464,1954812971,0.001,0.06141621488182345,True
ego,equalize,465,1167619310,0.001,0.06738958993145334,True
ego,equalize,466,3692771760,0.001,0.03226216551794205,True
ego,equalize,467,2383512069,0.001,0.05319967201973287,True
ego,equalize,468,3447392455,0.001,0.03700343821656532,True
ego,equalize,469,576549261,0.001,0.046604011929636806,True
ego,equalize,470,1163437864,0.001,0.0320763372187147,True
ego,equalize,471,1305670179,0.001,0.08620177341845368,True
ego,equalize,472,3715599502,0.001,0.02580006562831355,True
ego,equalize,473,880798033,0.001,0.04014705821431638,True
ego,equalize,474,420667925,0.001,0.05335731907500401,True
ego,equalize,475,2748308806,0.001,0.08066852194944339,True
ego,equalize,476,14240508,0.001,0.09623687928700494,True
ego,equalize,477,2622272401,0.001,0.04928276427620335,True
ego,equalize,478,1958981256,0.001,0.04093461499184799,True
ego,equalize,479,160303993,0.001,0.053070545551889725,True
ego,equalize,480,110961390,0.001,0.019263090866617084,True
ego,equalize,481,2952890838,0.001,0.09802462483973662,True
ego,equalize,482,95988728,0.001,0.021492987899962058,True
ego,equalize,483,701979358,0.001,0.09095086488878765,True
ego,equalize,484,3040121448,0.001,0.0021836311043982536,True
ego,equalize,485,2384140845,0.001,0.06100099253225816,True
ego,equalize,486,1417589162,0.001,0.07148626829798208,True
ego,equalize,487,2080295897,0.001,0.028977734460743212,True
ego,equalize,488,4233605793,0.001,0.04412674299043842,True
ego,equalize,489,298778483,0.001,0.019553829813973925,True
ego,equalize,490,4120073230,0.001,0.09623739973690744,True
ego,equalize,491,1880570557,0.001,0.06662167649550112,True
ego,equalize,492,2795111618,0.001,0.006006261595567053,True
ego,equalize,493,3834843693,0.001,0.003474193397962677,True
ego,equalize,494,3281995171,0.001,0.06798231053966419,True
ego,equalize,495,1029789072,0.001,0.060414023896022274,True
ego,equalize,496,189755721,0.001,0.09169495262678062,True
ego,equalize,497,1896280061,0.001,0.06252595779808266,True
ego,equalize,498,113745248,0.001,0.03664731242856174,True
ego,equalize,499,4185079053,0.001,0.047624686807073324,True
ego,equalize,500,2718463668,0.001,0.0035549917967570236,True
ego,equalize,501,2299852047,0.001,0.09666044374548734,True
ego,equalize,502,2142882839,0.001,0.07305510037852402,True
ego,equalize,503,147838490,0.001,0.09108710744741685,True
ego,equalize,504,811746881,0.001,0.08060812766979308,True
ego,equalize,505,1523178858,0.001,0.045675414269121764,True
ego,equalize,506,4067163190,0.001,0.038513777052379544,True
ego,equalize,507,2295960824,0.001,0.019001035389781054,True
ego,equalize,508,3589292241,0.001,0.043634360715692405,True
ego,equalize,509,952604777,0.001,0.019713460232536784,True
ego,equalize,510,1146753491,0.001,0.05778663885777158,True
ego,equalize,511,2378869763,0.001,0.06775096810911012,True
ego,equalize,512,2527498298,0.001,0.09691272665525548,True
ego,equalize,513,2428317023,0.001,0.027879897812681867,True
ego,equalize,514,2939751815,0.001,0.0020960897516478227,True
ego,equalize,515,3235280520,0.001,0.0027245548673303422,True
ego,equalize,516,4142397251,0.001,0.01598527416880039,True
ego,equalize,517,4098743603,0.001,0.009836280765975492,True
ego,equalize,518,971648710,0.001,0.04375851685971754,True
ego,equalize,519,2513801034,0.001,0.04540324929274686,True
ego,equalize,520,2703432636,0.001,0.042725934765366826,True
ego,equalize,521,2214314662,0.001,0.09370125315324496,True
ego,equalize,522,3589074776,0.001,0.061234694319214925,True
ego,equalize,523,3659865487,0.001,0.040992536997060104,True
ego,equalize,524,3870511272,0.001,0.043194068240567776,True
ego,equalize,525,2470489497,0.001,0.057404336726561415,True
ego,equalize,526,862918440,0.001,0.038104413255188124,True
ego,equalize,527,3934737849,0.001,0.022151528706696667,True
ego,equalize,528,1359631779,0.001,0.01081831219176268,True
ego,equalize,529,938058255,0.001,0.019096159644874145,True
ego,equalize,530,234724590,0.001,0.027199483802013136,True
ego,equalize,531,1030013115,0.001,0.0910904159757604,True
ego,equalize,532,2759834045,0.001,0.021731012420553142,True
ego,equalize,533,1720855535,0.001,0.026804397347177336,True
ego,equalize,534,478353386,0.001,0.07977694380712547,True
ego,equalize,535,1776932279,0.001,0.017852316401220748,True
ego,equalize,536,4290927683,0.001,0.06575969334293412,True
ego,equalize,537,937720684,0.001,0.04382319571701816,True
ego,equalize,538,4051259650,0.001,0.03817794916952937,True
ego,equalize,539,321421198,0.001,0.04821492818497232,True
ego,equalize,540,2810988050,0.001,0.07500650330349139,True
ego,equalize,541,2219705726,0.001,0.08108636186566104,True
ego,equalize,542,2284112421,0.001,0.021464520020806312,True
ego,equalize,543,2361006573,0.001,0.021941283461263374,True
ego,equalize,544,3628442949,0.001,0.06657228412241495,True
ego,equalize,545,3043348344,0.001,0.014784778534110855,True
ego,equalize,546,3134892943,0.001,0.07524701482529475,True
ego,equalize,547,1883913483,0.001,0.006682827719783214,True
ego,equalize,548,63041131,0.001,0.040072898885193275,True
ego,equalize,549,3179837097,0.001,0.07688426989162658,True
ego,equalize,550,3190662820,0.001,0.01697771994408084,True
ego,equalize,551,3281544491,0.001,0.08066192749376112,True
ego,equalize,552,200310028,0.001,0.09101885171905934,True
ego,equalize,553,2883529302,0.001,0.055819051162859804,True
ego,equalize,554,2740833152,0.001,0.0036742207809843277,True
ego,equalize,555,767971438,0.001,0.03122133301201171,True
ego,equalize,556,2624990070,0.001,0.019372875234569834,True
ego,equalize,557,463976764,0.001,0.04117116126748591,True
ego,equalize,558,465613112,0.001,0.04910627454819923,True
ego,equalize,559,2807805417,0.001,0.056547694310529674,True
ego,equalize,560,3162752741,0.001,0.03762555380406163,True
ego,equalize,561,1997485248,0.001,0.0286114742705341,True
ego,equalize,562,4207020303,0.001,0.03195452731283018,True
ego,equalize,563,1967079442,0.001,0.024601312120712128,True
ego,equalize,564,2730644777,0.001,0.09722263154434119,True
ego,equalize,565,2548540502,0.001,0.09916791278512115,True
ego,equalize,566,135741831,0.001,0.04308038965776213,True
ego,equalize,567,2053897719,0.001,0.09966632020982405,True
ego,equalize,568,448845163,0.001,0.04382687422536241,True
ego,equalize,569,2642806957,0.001,0.05322214153004862,True
ego,equalize,570,2584738460,0.001,0.029195587823131655,True
ego,equalize,571,297505766,0.001,0.0835536785568487,True
ego,equalize,572,2705229463,0.001,0.09284791503028927,True
ego,equalize,573,2482557069,0.001,0.031184635199879532,True
ego,equalize,574,1681722657,0.001,0.06378408130903584,True
ego,equalize,575,1991345897,0.001,0.07607434394112457,True
ego,equalize,576,2345768822,0.001,0.0863051430474378,True
ego,equalize,577,1094299624,0.001,0.020481430499146205,True
ego,equalize,578,1264631111,0.001,0.09348826267548783,True
ego,equalize,579,3452421070,0.001,0.07389578527900724,True
ego,equalize,580,3202541767,0.001,0.021358890233012618,True
ego,equalize,581,1520582056,0.001,0.09341910480921183,True
ego,equalize,582,370028050,0.001,0.09572664917115817,True
ego,equalize,583,3456529727,0.001,0.09615656908144742,True
ego,equalize,584,3970116122,0.001,0.004811508400479992,True
ego,equalize,585,3066728249,0.001,0.01464890379609326,True
ego,equalize,586,2825640335,0.001,0.08792821914329058,True
ego,equalize,587,2314527767,0.001,0.021792141980519042,True
ego,equalize,588,3899214217,0.001,0.05458130813116732,True
ego,equalize,589,3057678060,0.001,0.04917289036656419,True
ego,equalize,590,3314172944,0.001,0.07365778000454064,True
ego,equalize,591,2778473535,0.001,0.042580736135656806,True
ego,equalize,592,1089126233,0.001,0.0935486966639269,True
ego,equalize,593,730972496,0.001,0.08005148996003064,True
ego,equalize,594,376646616,0.001,0.05551114816435916,True
ego,equalize,595,818293797,0.001,0.058074066030897625,True
ego,equalize,596,2523001595,0.001,0.057062281777473134,True
ego,equalize,597,355565855,0.001,0.02122000705046332,True
ego,equalize,598,1349938283,0.001,0.08978969710066535,True
ego,equalize,599,1105807651,0.001,0.09297671160846703,True
ego,equalize,600,3946991455,0.001,0.02703193612570185,True
ego,equalize,601,3899159502,0.001,0.01842106766587306,True
ego,equalize,602,2267919061,0.001,0.04073058979566627,True
ego,equalize,603,4169545656,0.001,0.06287615010683925,True
ego,equalize,604,4252008956,0.001,0.004130854822582131,True
ego,equalize,605,1520533441,0.001,0.01534974729930786,True
ego,equalize,606,2403385375,0.001,0.09819365369650475,True
ego,equalize,607,2691457462,0.001,0.0926709022270738,True
ego,equalize,608,1214225873,0.001,0.03416668974952188,True
ego,equalize,609,2309628964,0.001,0.08830765919323287,True
ego,equalize,610,3038130195,0.001,0.06733749256143126,True
ego,equalize,611,4121509916,0.001,0.01216799640244083,True
ego,equalize,612,3187196057,0.001,0.07264574916199511,True
ego,equalize,613,807580650,0.001,0.015527543674865052,True
ego,equalize,614,2760568652,0.001,0.028491972866620797,True
ego,equalize,615,1658275731,0.001,0.06449450707795339,True
ego,equalize,616,1993115171,0.001,0.042652985172506055,True
ego,equalize,617,558087426,0.001,0.06440994125089569,True
ego,equalize,618,749127580,0.001,0.0001712846888049402,True
ego,equalize,619,1798303464,0.001,0.054465103732620083,True
ego,equalize,620,2815228365,0.001,0.016068814035417458,True
ego,equalize,621,3156694775,0.001,0.01956468066253262,True
ego,equalize,622,3003209441,0.001,0.019985661690070423,True
ego,equalize,623,3887280207,0.001,0.055740942958587496,True
ego,equalize,624,3814049056,0.001,0.0537927958608799,True
ego,equalize,625,1916481714,0.001,0.0874379435495809,True
ego,equalize,626,3352866342,0.001,0.05399497636776979,True
ego,equalize,627,750550492,0.001,0.012274152886585411,True
ego,equalize,628,3173112934,0.001,0.09486113697264592,True
ego,equalize,629,3929671875,0.001,0.009718628934819307,True
ego,equalize,630,2141535447,0.001,0.04826788116888382,True
ego,equalize,631,1621458162,0.001,0.09393549839273752,True
ego,equalize,632,1702521254,0.001,0.030142595280374787,True
ego,equalize,633,2455548682,0.001,0.00029175171397997083,True
ego,equalize,634,2021672262,0.001,0.004396330222814693,True
ego,equalize,635,3027159664,0.001,0.09734182255655188,True
ego,equalize,636,3431874346,0.001,0.09642200771230942,True
ego,equalize,637,3091299329,0.001,0.06303368366531324,True
ego,equalize,638,3326066489,0.001,0.08961631356539967,True
ego,equalize,639,2738741203,0.001,0.0839601746882892,True
ego,equalize,640,4075586869,0.001,0.014771989752794446,True
ego,equalize,641,2089442578,0.001,0.05100312843518824,True
ego,equalize,642,1849480133,0.001,0.09013215582107785,True
ego,equalize,643,908219659,0.001,0.007529052577655216,True
ego,equalize,644,595405824,0.001,0.03329956784077385,True
ego,equalize,645,3910193910,0.001,0.09909047956135984,True
ego,equalize,646,4247131684,0.001,0.07109483376719254,True
ego,equalize,647,940646726,0.001,0.00990794290662277,True
ego,equalize,648,3403403444,0.001,0.012476750456518483,True
ego,equalize,649,2973390899,0.001,0.05623748977725849,True
ego,equalize,650,1154152711,0.001,0.07983646983006837,True
ego,equalize,651,4266901901,0.001,0.033315820537167716,True
ego,equalize,652,2018399980,0.001,0.04056591457132147,True
ego,equalize,653,917340695,0.001,0.05256878257536253,True
ego,equalize,654,3934821297,0.001,0.020564693253630972,True
ego,equalize,655,3332320099,0.001,0.06145183599527146,True
ego,equalize,656,2533831122,0.001,0.02071537333863619,True
ego,equalize,657,1604650519,0.001,0.09697405894453325,True
ego,equalize,658,17730930,0.001,0.02079291547102611,True
ego,equalize,659,1378123091,0.001,0.04920945364935884,True
ego,equalize,660,122439390,0.001,0.09836278822737757,True
ego,equalize,661,3752659061,0.001,0.07974038050324922,True
ego,equalize,662,848222704,0.001,0.07995005818361128,True
ego,equalize,663,325167626,0.001,0.010220491221934015,True
ego,equalize,664,3500707405,0.001,0.044839257891027565,True
ego,equalize,665,1372112929,0.001,0.06173589267863027,True
ego,equalize,666,1159684116,0.001,0.07510542163065514,True
ego,equalize,667,3261622327,0.001,0.01707848093929981,True
ego,equalize,668,2145283640,0.001,0.05776087779012317,True
ego,equalize,669,1708550032,0.001,0.07507054462623082,True
ego,equalize,670,909836869,0.001,0.09644662465639053,True
ego,equalize,671,549009207,0.001,0.058255418156930375,True
ego,equalize,672,920826641,0.001,0.0198390886231811,True
ego,equalize,673,2784312527,0.001,0.02182420975968176,True
ego,equalize,674,2093517160,0.001,0.07656776535136861,True
ego,equalize,675,2939086116,0.001,0.009776604271234357,True
ego,equalize,676,562142967,0.001,0.04707566157545613,True
ego,equalize,677,3108304427,0.001,0.05430995553789702,True
ego,equalize,678,2529264859,0.001,0.04154494361714814,True
ego,equalize,679,3955849196,0.001,0.029096223738900518,True
ego,equalize,680,2259150814,0.001,0.038541203493035386,True
ego,equalize,681,635129370,0.001,0.09217177392551153,True
ego,equalize,682,2009062421,0.001,0.06134437041492685,True
ego,equalize,683,3949765084,0.001,0.027214778593841783,True
ego,equalize,684,4194274327,0.001,0.03855690850157648,True
ego,equalize,685,2250534421,0.001,0.01348171631493338,True
ego,equalize,686,2613085927,0.001,0.09718252166925201,True
ego,equalize,687,1709897942,0.001,0.048988721257205325,True
ego,equalize,688,1966959182,0.001,0.004488697650893103,True
ego,equalize,689,2128474118,0.001,0.010706646626009064,True
ego,equalize,690,3118218624,0.001,0.08895345421211182,True
ego,equalize,691,2561073203,0.001,0.007220572858777575,True
ego,equalize,692,668272214,0.001,0.016964349986760042,True
ego,equalize,693,3073622022,0.001,0.0432653699681512,True
ego,equalize,694,2094132933,0.001,0.05472994977592879,True
ego,equalize,695,3523779602,0.001,0.07773210484098894,True
ego,equalize,696,4085431501,0.001,0.07089115632245464,True
ego,equalize,697,2777204242,0.001,0.06767079099538019,True
ego,equalize,698,3286634622,0.001,0.06379489608056296,True
ego,equalize,699,417715421,0.001,0.0138836509771895,True
ego,equalize,700,215131492,0.001,0.0666375692998818,True
ego,equalize,701,2024562409,0.001,0.005800180636096286,True
ego,equalize,702,1527123678,0.001,0.05870730103479038,True
ego,equalize,703,4274296297,0.001,0.046691620847285335,True
ego,equalize,704,444893804,0.001,0.06748595611639434,True
ego,equalize,705,2159103031,0.001,0.07438843966570864,True
ego,equalize,706,810585440,0.001,0.00884833282597861,True
ego,equalize,707,3056835145,0.001,0.04647387107999005,True
ego,equalize,708,2414448197,0.001,0.019083874734703132,True
ego,equalize,709,354011353,0.001,0.04535609095786841,True
ego,equalize,710,2762985092,0.001,0.06974695900964932,True
ego,equalize,711,658128773,0.001,0.08729433190000806,True
ego,equalize,712,2885507074,0.001,0.016127629692905633,True
ego,equalize,713,2711634917,0.001,0.07909475948996601,True
ego,equalize,714,1681677232,0.001,0.09771172108679366,True
ego,equalize,715,3587294446,0.001,0.07045443485826332,True
ego,equalize,716,3655944321,0.001,0.019959118875420723,True
ego,equalize,717,3484534378,0.001,0.02297398863905118,True
ego,equalize,718,1628499559,0.001,0.05042466383852218,True
ego,equalize,719,462944082,0.001,0.04671241640473032,True
ego,equalize,720,1067691701,0.001,0.009101383799501251,True
ego,equalize,721,1109745881,0.001,0.05238780049746699,True
ego,equalize,722,4213733673,0.001,0.014896885958757256,True
ego,equalize,723,474894717,0.001,0.03789452215105587,True
ego,equalize,724,1618525727,0.001,0.004556314579988496,True
ego,equalize,725,2409362494,0.001,0.07287835614928227,True
ego,equalize,726,968598732,0.001,0.02019949552535957,True
ego,equalize,727,2572576489,0.001,0.08970726077245915,True
ego,equalize,728,693200371,0.001,0.07999697049460816,True
ego,equalize,729,2009429742,0.001,0.006145258764870754,True
ego,equalize,730,1062741301,0.001,0.04029978406443002,True
ego,equalize,731,3001906858,0.001,0.09719462970537734,True
ego,equalize,732,3570897310,0.001,0.049638906907345993,True
ego,equalize,733,2885228496,0.001,0.07069947010590848,True
ego,equalize,734,755867227,0.001,0.00972353391364046,True
ego,equalize,735,2511894169,0.001,0.09090882715681904,True
ego,equalize,736,404942608,0.001,0.05264301769238745,True
ego,equalize,737,3072785488,0.001,0.08938292022610236,True
ego,equalize,738,3609611132,0.001,0.022156071689529766,True
ego,equalize,739,3319508990,0.001,0.05853740238945548,True
ego,equalize,740,697246641,0.001,0.06486516202631146,True
ego,equalize,741,1260985986,0.001,0.015779236988799083,True
ego,equalize,742,1009853231,0.001,0.04056578164787511,True
ego,equalize,743,271582882,0.001,0.0519454902684824,True
ego,equalize,744,97079461,0.001,0.006620088930412816,True
ego,equalize,745,3176564271,0.001,0.065145925943901,True
ego,equalize,746,326916708,0.001,0.08418564505177352,True
ego,equalize,747,2937537282,0.001,0.012830934119164472,True
ego,equalize,748,3714025076,0.001,0.07326109124492743,True
ego,equalize,749,2870857190,0.001,0.0015088657857474264,True
ego,equalize,750,645150363,0.001,0.08536540144592633,True
ego,equalize,751,3676020645,0.001,0.032023478015817876,True
ego,equalize,752,1486419011,0.001,0.011934389652444533,True
ego,equalize,753,3792820003,0.001,0.03486136224250389,True
ego,equalize,754,227040388,0.001,0.019066584288524292,True
ego,equalize,755,1275203541,0.001,0.04411487637342627,True
ego,equalize,756,2155228231,0.001,0.011916101664707147,True
ego,equalize,757,1929797010,0.001,0.09411629884769744,True
ego,equalize,758,1997638035,0.001,0.02423777709047216,True
ego,equalize,759,3675537281,0.001,0.005016950720726188,True
ego,equalize,760,3220657408,0.001,0.041646552748489496,True
ego,equalize,761,3766918768,0.001,0.03101213159916766,True
ego,equalize,762,2613816867,0.001,0.044983358635015805,True
ego,equalize,763,1150310702,0.001,0.06081457213501643,True
ego,equalize,764,4034587652,0.001,0.05733433406613513,True
ego,equalize,765,2574803976,0.001,0.07895485611329839,True
ego,equalize,766,3673879904,0.001,0.010877806898398413,True
ego,equalize,767,162075601,0.001,0.057589629748883146,True
ego,equalize,768,1954801561,0.001,0.0032511695469254476,True
ego,equalize,769,2667727963,0.001,0.08348092647607173,True
ego,equalize,770,1050498412,0.001,0.087450666067807,True
ego,equalize,771,1312470360,0.001,0.012765582217583138,True
ego,equalize,772,4098367069,0.001,0.022196799168183824,True
ego,equalize,773,1918015244,0.001,0.005059091877586375,True
ego,equalize,774,1277432164,0.001,0.051114978254784,True
ego,equalize,775,1131568432,0.001,0.030110689846996875,True
ego,equalize,776,289094995,0.001,0.04900310917690135,True
ego,equalize,777,1490229609,0.001,0.008042907196967042,True
ego,equalize,778,1349152368,0.001,0.08166841767653416,True
ego,equalize,779,4164699035,0.001,0.05977156744943806,True
ego,equalize,780,2023971005,0.001,0.010005025858704131,True
ego,equalize,781,3429610714,0.001,0.006012669701549367,True
ego,equalize,782,2670412938,0.001,0.09318087526360437,True
ego,equalize,783,1772851271,0.001,0.020452323766104032,True
ego,equalize,784,2382617477,0.001,0.0790660544689284,True
ego,equalize,785,3027583902,0.001,0.05062121219758963,True
ego,equalize,786,3854598242,0.001,0.0712381215393704,True
ego,equalize,787,3703350589,0.001,0.005915111468913581,True
ego,equalize,788,1728348950,0.001,0.049254639383221534,True
ego,equalize,789,1401199396,0.001,0.002865787829676203,True
ego,equalize,790,920038191,0.001,0.004979727618433527,True
ego,equalize,791,1828012175,0.001,0.048759593655187686,True
ego,equalize,792,1869251767,0.001,0.028367158096568357,True
ego,equalize,793,1844366455,0.001,0.09280965859797777,True
ego,equalize,794,1657244856,0.001,0.02524007387030688,True
ego,equalize,795,1657250388,0.001,0.0901443398127079,True
ego,equalize,796,3656228432,0.001,0.02832214362057881,True
ego,equalize,797,4135325147,0.001,0.0947982455289939,True
ego,equalize,798,3669957040,0.001,0.013485012047744816,True
ego,equalize,799,3529678434,0.001,0.012328904008032405,True
ego,equalize,800,1434693560,0.001,0.02602640000379518,True
ego,equalize,801,1488966703,0.001,0.05346712779345732,True
ego,equalize,802,2100364753,0.001,0.075046436385173,True
ego,equalize,803,1460712487,0.001,0.040126234066616064,True
ego,equalize,804,547175656,0.001,0.03375356921268542,True
ego,equalize,805,1164945762,0.001,0.01773107021818735,True
ego,equalize,806,780468926,0.001,0.07373028235822035,True
ego,equalize,807,3394263821,0.001,0.06412730335663981,True
ego,equalize,808,2835038725,0.001,0.0720855276180463,True
ego,equalize,809,2710578217,0.001,0.09759712319503366,True
ego,equalize,810,2463790028,0.001,0.02451386531087295,True
ego,equalize,811,2615620020,0.001,0.04418753316800686,True
ego,equalize,812,1450073935,0.001,0.07559224932273968,True
ego,equalize,813,4208374552,0.001,0.04514095966316544,True
ego,equalize,814,3330071736,0.001,0.008444877232413462,True
ego,equalize,815,3235367875,0.001,0.01846967934589817,True
ego,equalize,816,1138084274,0.001,0.05619760519479788,True
ego,equalize,817,1017686425,0.001,0.0011025940943209078,True
ego,equalize,818,812421330,0.001,0.004270749180760258,True
ego,equalize,819,3529600135,0.001,0.005987030169450358,True
ego,equalize,820,773961629,0.001,0.03605714488064176,True
ego,equalize,821,3993856701,0.001,0.05890646772258573,True
ego,equalize,822,3822400702,0.001,0.09448965939448745,True
ego,equalize,823,897564144,0.001,0.08293155997644505,True
ego,equalize,824,2012619338,0.001,0.01914359955060815,True
ego,equalize,825,2291708984,0.001,0.027688830261793074,True
ego,equalize,826,195252092,0.001,0.05739380876483607,True
ego,equalize,827,1383655204,0.001,0.09236190086907947,True
ego,equalize,828,3154245938,0.001,0.002781087234043722,True
ego,equalize,829,2434818577,0.001,0.08261385376759184,True
ego,equalize,830,1412682151,0.001,0.07806291246740867,True
ego,equalize,831,3320140322,0.001,0.06280391291013959,True
ego,equalize,832,1644244453,0.001,0.08089680501598911,True
ego,equalize,833,300201617,0.001,0.004139685235858315,True
ego,equalize,834,3596777480,0.001,0.08076518007852024,True
ego,equalize,835,1585202263,0.001,0.07776766227669316,True
ego,equalize,836,4045247712,0.001,0.05785850120638356,True
ego,equalize,837,2770409216,0.001,0.007503220781897891,True
ego,equalize,838,3879635624,0.001,0.025220742398041607,True
ego,equalize,839,3961055480,0.001,0.00792542758964363,True
ego,equalize,840,1135022355,0.001,0.007326004972954792,True
ego,equalize,841,1778109573,0.001,0.08734125088466455,True
ego,equalize,842,3643219583,0.001,0.03906076375600142,True
ego,equalize,843,504292264,0.001,0.024809766118479404,True
ego,equalize,844,731817485,0.001,0.029049049169441968,True
ego,equalize,845,4116723080,0.001,0.006489374376811219,True
ego,equalize,846,3080856471,0.001,0.0056121253151347975,True
ego,equalize,847,577359297,0.001,0.0573180752735883,True
ego,equalize,848,3098823566,0.001,0.03288679309141575,True
ego,equalize,849,1481154236,0.001,0.0948611862149913,True
ego,equalize,850,2048409994,0.001,0.07084340601450631,True
ego,equalize,851,723377027,0.001,0.009653935308795903,True
ego,equalize,852,3859988700,0.001,0.09162832254438233,True
ego,equalize,853,2116477557,0.001,0.0038902759342887673,True
ego,equalize,854,3689205402,0.001,0.01851142374922129,True
ego,equalize,855,1893717401,0.001,0.011202080206452103,True
ego,equalize,856,2751798404,0.001,9.249527955551562e-05,True
ego,equalize,857,4106333463,0.001,0.02903888341518096,True
ego,equalize,858,69275524,0.001,0.019088517175641518,True
ego,equalize,859,1971795656,0.001,0.007277344660889074,True
ego,equalize,860,3051095866,0.001,0.06270934300600575,True
ego,equalize,861,2826043693,0.001,0.0791240915324415,True
ego,equalize,862,3199035355,0.001,0.05387243307120915,True
ego,equalize,863,2960227807,0.001,0.006985960115873147,True
ego,equalize,864,297989070,0.001,0.07216806077701182,True
ego,equalize,865,87032159,0.001,0.0726730379654727,True
ego,equalize,866,3463480549,0.001,0.04009484237837755,True
ego,equalize,867,1591137765,0.001,0.07590096589112089,True
ego,equalize,868,541070054,0.001,0.08854863588656366,True
ego,equalize,869,1591926970,0.001,0.0010750398902252046,True
ego,equalize,870,2412147193,0.001,0.06692122149792132,True
ego,equalize,871,1761834332,0.001,0.07290964580666986,True
ego,equalize,872,1913766676,0.001,0.029588524394248764,True
ego,equalize,873,3421934498,0.001,0.037410357111958004,True
ego,equalize,874,2396879040,0.001,0.09486927807577412,True
ego,equalize,875,1070073210,0.001,0.09772844373236038,True
ego,equalize,876,1743181270,0.001,0.09245835333525272,True
ego,equalize,877,3570249542,0.001,0.01767942448889557,True
ego,equalize,878,1268778817,0.001,0.07468491606880312,True
ego,equalize,879,2199433697,0.001,0.010221590002601023,True
ego,equalize,880,1977081678,0.001,0.07843909656577187,True
ego,equalize,881,93737710,0.001,0.06514678222769243,True
ego,equalize,882,1932182977,0.001,0.06734043251745507,True
ego,equalize,883,418262305,0.001,0.09053516856591023,True
ego,equalize,884,2918063949,0.001,0.016261790779253084,True
ego,equalize,885,4253612707,0.001,0.004634115944109851,True
ego,equalize,886,2659234401,0.001,0.015611220137182469,True
ego,equalize,887,1983980056,0.001,0.034884082626018824,True
ego,equalize,888,3553408894,0.001,0.05429301353244436,True
ego,equalize,889,1745812490,0.001,0.07111467325001815,True
ego,equalize,890,3731214472,0.001,0.05336115529752079,True
ego,equalize,891,3366655564,0.001,0.005116549221709732,True
ego,equalize,892,3501423368,0.001,0.0431472883711322,True
ego,equalize,893,2653381009,0.001,0.05649615977612304,True
ego,equalize,894,3978899875,0.001,0.07107182807856925,True
ego,equalize,895,3574660897,0.001,0.042899259514741654,True
ego,equalize,896,268860263,0.001,0.058651594166671796,True
ego,equalize,897,4277686454,0.001,0.03012515339955656,True
ego,equalize,898,2114167761,0.001,0.0560691401109142,True
ego,equalize,899,1306731273,0.001,0.0008358768495509317,True
ego,equalize,900,3268140472,0.001,0.050206335643918465,True
ego,equalize,901,3507941364,0.001,0.015168231734836037,True
ego,equalize,902,170683072,0.001,0.09122030266513871,True
ego,equalize,903,1293211462,0.001,0.013246326396587649,True
ego,equalize,904,541096654,0.001,0.057224042184774886,True
ego,equalize,905,2304029725,0.001,0.06609879275922004,True
ego,equalize,906,1998991360,0.001,0.07327388450411317,True
ego,equalize,907,1770133328,0.001,0.03524023383519569,True
ego,equalize,908,2033534589,0.001,0.02446221946151065,True
ego,equalize,909,1633122014,0.001,0.019907509621305875,True
ego,equalize,910,3106368279,0.001,0.052159223935703415,True
ego,equalize,911,3554109266,0.001,0.015470253285678316,True
ego,equalize,912,1018408538,0.001,0.0837609305212777,True
ego,equalize,913,3896490679,0.001,0.08563440732587743,True
ego,equalize,914,1426863045,0.001,0.06264756552075168,True
ego,equalize,915,1251630794,0.001,0.04250453156319665,True
ego,equalize,916,1877780613,0.001,0.005231580180808971,True
ego,equalize,917,1340052314,0.001,0.0878680362629821,True
ego,equalize,918,3395055519,0.001,0.0016300448189767614,True
ego,equalize,919,4135157216,0.001,0.011634578424004827,True
ego,equalize,920,2885241178,0.001,0.05294350132628818,True
ego,equalize,921,1951481520,0.001,0.01888054780054964,True
ego,equalize,922,2781533277,0.001,0.08017998805167198,True
ego,equalize,923,516887409,0.001,0.06124123250891836,True
ego,equalize,924,2505147923,0.001,0.008587973266340998,True
ego,equalize,925,1470426835,0.001,0.04298567900046166,True
ego,equalize,926,329195898,0.001,0.09955502094933655,True
ego,equalize,927,1783823247,0.001,0.09251115506470699,True
ego,equalize,928,4126853656,0.001,0.08294696508586842,True
ego,equalize,929,3337873484,0.001,0.07194785835868574,True
ego,equalize,930,380846547,0.001,0.023113644348920173,True
ego,equalize,931,3236340836,0.001,0.07219335345047583,True
ego,equalize,932,3839486940,0.001,0.001732706146735541,True
ego,equalize,933,3667932065,0.001,0.013126752631755778,True
ego,equalize,934,3831335084,0.001,0.09031663514170281,True
ego,equalize,935,3853233828,0.001,0.016865743634314534,True
ego,equalize,936,3081977505,0.001,0.07535642754602205,True
ego,equalize,937,1104152829,0.001,0.05498078221976238,True
ego,equalize,938,3968715982,0.001,0.033148773022038384,True
ego,equalize,939,369815257,0.001,0.021366891233308684,True
ego,equalize,940,2020702661,0.001,0.08644321569243733,True
ego,equalize,941,1582992826,0.001,0.044592742704353996,True
ego,equalize,942,64503916,0.001,0.07140071138596882,True
ego,equalize,943,2502077359,0.001,0.04688793080606022,True
ego,equalize,944,401934939,0.001,0.04154222546670954,True
ego,equalize,945,645945539,0.001,0.07571187189172364,True
ego,equalize,946,3721835244,0.001,0.07039632333762079,True
ego,equalize,947,3693700164,0.001,0.096485402670057,True
ego,equalize,948,4214530906,0.001,0.08578193560195958,True
ego,equalize,949,4260629666,0.001,0.0808056626532585,True
ego,equalize,950,2503430429,0.001,0.026341643489307145,True
ego,equalize,951,3535053332,0.001,0.07507860425835029,True
ego,equalize,952,2724457504,0.001,0.016273317276857546,True
ego,equalize,953,2277961996,0.001,0.03397423785516092,True
ego,equalize,954,14517474,0.001,0.07874316190500347,True
ego,equalize,955,2728000593,0.001,0.038342180752162475,True
ego,equalize,956,2647031610,0.001,0.03943753563463007,True
ego,equalize,957,2766096790,0.001,0.09776112540702869,True
ego,equalize,958,664762041,0.001,0.06071631670193198,True
ego,equalize,959,739693932,0.001,0.07504507507626029,True
ego,equalize,960,979211203,0.001,0.004623596400195185,True
ego,equalize,961,1270131026,0.001,0.013732028729946456,True
ego,equalize,962,3565676346,0.001,0.0123924137471364,True
ego,equalize,963,299178368,0.001,0.05665048497568631,True
ego,equalize,964,1681225149,0.001,0.07944638380620617,True
ego,equalize,965,3003369995,0.001,0.09589944912480132,True
ego,equalize,966,1699865078,0.001,0.05075761360434571,True
ego,equalize,967,3219520411,0.001,0.09090597622328384,True
ego,equalize,968,3457901077,0.001,0.035086600811873446,True
ego,equalize,969,1702414481,0.001,0.09034027127377871,True
ego,equalize,970,3587842952,0.001,0.09172198166535152,True
ego,equalize,971,2071255215,0.001,0.027459393425669998,True
ego,equalize,972,195056637,0.001,0.0446579516169467,True
ego,equalize,973,602942082,0.001,0.01301937441587061,True
ego,equalize,974,2744445735,0.001,0.006425462935841142,True
ego,equalize,975,1050410361,0.001,0.08354727455316452,True
ego,equalize,976,3845009620,0.001,0.042880675987782724,True
ego,equalize,977,2857199153,0.001,0.04866078663030367,True
ego,equalize,978,203107435,0.001,0.007660388287840148,True
ego,equalize,979,3962801973,0.001,0.0926756775813753,True
ego,equalize,980,2510210843,0.001,0.02716378807166203,True
ego,equalize,981,1266221948,0.001,0.07540620755823552,True
ego,equalize,982,3077141925,0.001,0.06007214864038606,True
ego,equalize,983,3199297004,0.001,0.018148216520700866,True
ego,equalize,984,312579526,0.001,0.02164004675769539,True
ego,equalize,985,427453466,0.001,0.08365669188671587,True
ego,equalize,986,3923857999,0.001,0.043246635018733805,True
ego,equalize,987,2010671232,0.001,0.03569937191331606,True
ego,equalize,988,3931954037,0.001,0.019990857312302435,True
ego,equalize,989,2439289455,0.001,0.05599462727481194,True
ego,equalize,990,4142728296,0.001,0.0848951083145577,True
ego,equalize,991,283868506,0.001,0.0952804828211742,True
ego,equalize,992,1672901355,0.001,0.07946842118331927,True
ego,equalize,993,1969580863,0.001,0.060029367660543946,True
ego,equalize,994,3523268142,0.001,0.09909747052474475,True
ego,equalize,995,3443782214,0.001,0.04811916069967956,True
ego,equalize,996,3739612792,0.001,0.06168572892788126,True
ego,equalize,997,3563049371,0.001,0.0828605065253201,True
ego,equalize,998,1580898742,0.001,0.07353906307307966,True
ego,equalize,999,1892311425,0.001,0.05867393456580742,True
