network,method,variant_index,n_runs,n_unique_seeds,seeds_distinct,std_share_of_correct_agents_at_convergence,std_convergence_step,std_proportion_reached_by_truth,any_variance
pud,equalize,0,1000,1000,True,0.08803934025251874,350.2207557398619,0.11538850104251944,True
pud,equalize,1,1000,1000,True,0.09021520977126903,332.62425215098193,0.11736434722691555,True
pud,equalize,2,1000,1000,True,0.08695665444971086,349.32086900012143,0.1285265591998521,True
pud,equalize,3,1000,1000,True,0.094873242920342,348.9953270618391,0.11666654761898687,True
pud,equalize,4,1000,1000,True,0.09048925725749077,378.5084640414267,0.08638510102449581,True
pud,equalize,5,1000,1000,True,0.09205458324437897,321.3877638678859,0.11489133405951603,True
pud,equalize,6,1000,1000,True,0.0943482673691232,329.026597441605,0.11504566511489425,True
pud,equalize,7,1000,1000,True,0.09523708946558868,317.8430941895702,0.0849084612398756,True
pud,equalize,8,1000,1000,True,0.08991008883364579,337.63802783306267,0.11625819710911454,True
pud,equalize,9,1000,1000,True,0.09223222435719819,361.05165345695343,0.11192579056049858,True
pud,equalize,10,1000,1000,True,0.07897949100874227,334.2223238728975,0.09443330064974399,True
pud,equalize,11,1000,1000,True,0.09282760072731669,336.1109102424377,0.11343187382742119,True
pud,equalize,12,1000,1000,True,0.09133029192016318,316.25978210167665,0.11279923769552416,True
pud,equalize,13,1000,1000,True,0.09682681434039148,332.0233154930539,0.0805564475046405,True
pud,equalize,14,1000,1000,True,0.09579697603413141,329.9067888828601,0.1095402288129574,True
pud,equalize,15,1000,1000,True,0.09678320178702578,330.0018054496066,0.08418373790937929,True
pud,equalize,16,1000,1000,True,0.09462076090933601,353.815610458329,0.11523511928248863,True
pud,equalize,17,1000,1000,True,0.08992880311462859,339.0643812375461,0.11303961449175437,True
pud,equalize,18,1000,1000,True,0.09395950730152686,341.2235224585198,0.11484470190459617,True
pud,equalize,19,1000,1000,True,0.085954968830584,349.8324400680989,0.10012884970481721,True
pud,equalize,20,1000,1000,True,0.10214272270930091,355.21070416162854,0.14123027295873927,True
pud,equalize,21,1000,1000,True,0.0835659560607409,336.55345897940197,0.09807764875436802,True
pud,equalize,22,1000,1000,True,0.08590896631799944,352.06300748445585,0.11255589338547524,True
pud,equalize,23,1000,1000,True,0.07981730682712743,341.76576234462107,0.0941465734052526,True
pud,equalize,24,1000,1000,True,0.0897997772825746,340.26849299340074,0.11401907518557078,True
pud,equalize,25,1000,1000,True,0.09220359651269869,330.9559097160829,0.0765265676452012,True
pud,equalize,26,1000,1000,True,0.09082840625440947,350.6723069747596,0.11436708874345941,True
pud,equalize,27,1000,1000,True,0.07646148065981562,394.33208818963743,0.09577590872112894,True
pud,equalize,28,1000,1000,True,0.09178399494680466,370.74361644672996,0.13329939568088403,True
pud,equalize,29,1000,1000,True,0.09102837435806269,343.7993390569563,0.07569734979133746,True
pud,equalize,30,1000,1000,True,0.09178700787592335,345.1807184128337,0.12101235321085872,True
pud,equalize,31,1000,1000,True,0.08833272606360092,347.2940253963491,0.10775711084783038,True
pud,equalize,32,1000,1000,True,0.08355673758029168,354.52020531275787,0.10586473491567167,True
pud,equalize,33,1000,1000,True,0.09420762727633594,329.13545585974174,0.11448860205278079,True
pud,equalize,34,1000,1000,True,0.09101512491318661,379.56606654309866,0.0625033243560337,True
pud,equalize,35,1000,1000,True,0.08588229383907796,340.01114327474625,0.11692647842992916,True
pud,equalize,36,1000,1000,True,0.08858612604914531,351.6938375974194,0.10867501672076826,True
pud,equalize,37,1000,1000,True,0.09205297387917459,330.3550525101743,0.1258723221422465,True
pud,equalize,38,1000,1000,True,0.1023822322548277,341.00032721978437,0.1259129382735998,True
pud,equalize,39,1000,1000,True,0.09658248633508389,329.9152319596657,0.1211264409258277,True
pud,equalize,40,1000,1000,True,0.09057058907249235,336.8715850750847,0.07191418411233774,True
pud,equalize,41,1000,1000,True,0.09153740650752268,365.1462246059789,0.11685222016728947,True
pud,equalize,42,1000,1000,True,0.09021869109127123,357.70198585414647,0.1026635377108574,True
pud,equalize,43,1000,1000,True,0.09059524419970917,354.09438854068276,0.1149688438740183,True
pud,equalize,44,1000,1000,True,0.08262623787384481,340.5414160950177,0.06564877646881054,True
pud,equalize,45,1000,1000,True,0.10043441198668468,362.64336033629513,0.14885856905212716,True
pud,equalize,46,1000,1000,True,0.09351087874918321,345.66337318119196,0.11524164574310908,True
pud,equalize,47,1000,1000,True,0.09357481986934436,328.0159453060171,0.11402285021157106,True
pud,equalize,48,1000,1000,True,0.08391174008121147,367.7485334722628,0.10118749495764023,True
pud,equalize,49,1000,1000,True,0.09731100707918625,350.05652417716766,0.11601588652389778,True
pud,equalize,50,1000,1000,True,0.08758865068258022,360.1941396400003,0.11272904475273529,True
pud,equalize,51,1000,1000,True,0.09773085742910047,347.3462910108585,0.12718715237159398,True
pud,equalize,52,1000,1000,True,0.07996689978815232,350.33627056872086,0.09006527057064206,True
pud,equalize,53,1000,1000,True,0.08720159416370414,354.41703745587625,0.10769491373525698,True
pud,equalize,54,1000,1000,True,0.08609784844101993,362.87502421494924,0.11062509482453912,True
pud,equalize,55,1000,1000,True,0.08373219803429455,363.99915664600104,0.10015622118458398,True
pud,equalize,56,1000,1000,True,0.0891029914560659,360.6129849908347,0.058442294003530196,True
pud,equalize,57,1000,1000,True,0.07812434217006997,357.3178120371275,0.09706070138365176,True
pud,equalize,58,1000,1000,True,0.09823238760871407,346.45306046274146,0.12080057231488987,True
pud,equalize,59,1000,1000,True,0.08441497731482091,350.3631669625105,0.09738399239766588,True
pud,equalize,60,1000,1000,True,0.09574755323566908,347.520989868238,0.11534520170148196,True
pud,equalize,61,1000,1000,True,0.08026174388128006,361.72224890238647,0.0930195784515746,True
pud,equalize,62,1000,1000,True,0.09507367903076247,340.2759102831113,0.11911152518584743,True
pud,equalize,63,1000,1000,True,0.08412861332654255,360.7308150463445,0.10202189065509179,True
pud,equalize,64,1000,1000,True,0.09343094366733058,358.0539652608249,0.112823795209309,True
pud,equalize,65,1000,1000,True,0.09132763904930966,329.3745405826018,0.12058734808643284,True
pud,equalize,66,1000,1000,True,0.09404213397707946,334.3949683592742,0.11856340440539624,True
pud,equalize,67,1000,1000,True,0.09251462079978706,327.2375554180785,0.11405690533378936,True
pud,equalize,68,1000,1000,True,0.09324157129351666,328.2131098173868,0.10898426605209387,True
pud,equalize,69,1000,1000,True,0.0833768590034666,375.453614626361,0.12124773079205327,True
pud,equalize,70,1000,1000,True,0.060529968090500735,406.9907264742036,0.07383632215336705,True
pud,equalize,71,1000,1000,True,0.09280420382134412,340.4813954329957,0.11470169523110323,True
pud,equalize,72,1000,1000,True,0.093556320266075,332.2177645761888,0.11586662404636304,True
pud,equalize,73,1000,1000,True,0.09401480773832427,363.99608116022347,0.12367362014992386,True
pud,equalize,74,1000,1000,True,0.09009896821869869,348.36016129144275,0.10924818217545763,True
pud,equalize,75,1000,1000,True,0.0926854224291188,333.3774882006882,0.12637583571178412,True
pud,equalize,76,1000,1000,True,0.07456987691561437,336.1913806613727,0.09217168896637178,True
pud,equalize,77,1000,1000,True,0.08955573200975173,366.92700068405975,0.11911287260306119,True
pud,equalize,78,1000,1000,True,0.08149814434000444,366.9043156519149,0.09614057608715672,True
pud,equalize,79,1000,1000,True,0.09339589437667885,336.67694580858966,0.11225552806096863,True
pud,equalize,80,1000,1000,True,0.09150281585089048,329.50704237694225,0.1085816930890013,True
pud,equalize,81,1000,1000,True,0.09492591263131943,337.29083460865047,0.11635012295271163,True
pud,equalize,82,1000,1000,True,0.07167194123570135,371.17602583006357,0.09949168586146058,True
pud,equalize,83,1000,1000,True,0.09616721483892807,338.84925937059387,0.11962900469966345,True
pud,equalize,84,1000,1000,True,0.09245498804723744,337.24985947958527,0.11857544558759328,True
pud,equalize,85,1000,1000,True,0.09990475402373608,344.99043482247447,0.08677187275398963,True
pud,equalize,86,1000,1000,True,0.09438711920386667,343.616934245098,0.11566549257596022,True
pud,equalize,87,1000,1000,True,0.09750212090127534,320.26088164338773,0.12230566040826252,True
pud,equalize,88,1000,1000,True,0.08071093902942987,398.53110567557957,0.08420358632871455,True
pud,equalize,89,1000,1000,True,0.09336087159875389,357.8177268819978,0.1148637819117137,True
pud,equalize,90,1000,1000,True,0.09160016105975383,364.0639890335214,0.11489447654583201,True
pud,equalize,91,1000,1000,True,0.09642894844788796,382.0360563493974,0.1303194133894595,True
pud,equalize,92,1000,1000,True,0.08407844661496301,359.398115359555,0.0747044869493819,True
pud,equalize,93,1000,1000,True,0.09548951141420432,334.7861298859318,0.11847569110461459,True
pud,equalize,94,1000,1000,True,0.09476100607108885,326.0758342226544,0.11913394837039941,True
pud,equalize,95,1000,1000,True,0.0693832299089095,350.8052260143796,0.08016680141668817,True
pud,equalize,96,1000,1000,True,0.09190649502162779,351.870392319388,0.11276299848425676,True
pud,equalize,97,1000,1000,True,0.08320563846041287,353.32330859992805,0.10076735153710487,True
pud,equalize,98,1000,1000,True,0.09251668584906092,385.9297120966459,0.10652152103891703,True
pud,equalize,99,1000,1000,True,0.08582442888008399,364.3986857221085,0.09917331381394646,True
pud,equalize,100,1000,1000,True,0.09466257098599748,336.29155055695344,0.1121258106209601,True
pud,equalize,101,1000,1000,True,0.09556764523004015,326.4613999602403,0.11102372341303379,True
pud,equalize,102,1000,1000,True,0.0844232254042353,349.15965757658773,0.10515295385153811,True
pud,equalize,103,1000,1000,True,0.09622417177906963,328.556576290903,0.1253067032386664,True
pud,equalize,104,1000,1000,True,0.08872690727211263,350.1364573933997,0.11630672039859324,True
pud,equalize,105,1000,1000,True,0.09010380775993602,360.2606389810022,0.11415715775485419,True
pud,equalize,106,1000,1000,True,0.07384841915942195,379.74800944705424,0.10122594455895116,True
pud,equalize,107,1000,1000,True,0.08975369245129682,350.26113800848645,0.13466287077525155,True
pud,equalize,108,1000,1000,True,0.09239977286060479,340.4908090374834,0.11425305247563411,True
pud,equalize,109,1000,1000,True,0.09538897042641956,360.986089898212,0.13890424404007848,True
pud,equalize,110,1000,1000,True,0.08708636198880078,344.51286604566747,0.10255186883947623,True
pud,equalize,111,1000,1000,True,0.08691485190392653,380.2619474507014,0.12509726388733994,True
pud,equalize,112,1000,1000,True,0.08734431370044915,352.08887307610274,0.11423413199906693,True
pud,equalize,113,1000,1000,True,0.07341119099267471,379.5530101369241,0.09153827709127754,True
pud,equalize,114,1000,1000,True,0.09647976247846611,340.0612089477422,0.11639784850160448,True
pud,equalize,115,1000,1000,True,0.09681149750614705,333.7339889417918,0.11946540952959596,True
pud,equalize,116,1000,1000,True,0.08625748920786208,336.7493283972516,0.10870223855407334,True
pud,equalize,117,1000,1000,True,0.09627761749040963,347.4636428736106,0.11797199447954367,True
pud,equalize,118,1000,1000,True,0.09300047524105308,344.8997837502946,0.11623024404013625,True
pud,equalize,119,1000,1000,True,0.08966698265124001,333.8259524422869,0.1285179028696963,True
pud,equalize,120,1000,1000,True,0.08612279418953118,342.00899496358284,0.08460919600955157,True
pud,equalize,121,1000,1000,True,0.09306071229492875,350.2941526189097,0.11529695636983722,True
pud,equalize,122,1000,1000,True,0.10229970433081828,388.882891358054,0.1936642876120848,True
pud,equalize,123,1000,1000,True,0.08765763648746128,378.4825528290571,0.1139201360928234,True
pud,equalize,124,1000,1000,True,0.0965978548186012,332.75693045224466,0.11554600601566824,True
pud,equalize,125,1000,1000,True,0.08333682288990094,354.8695507873281,0.09804687654382468,True
pud,equalize,126,1000,1000,True,0.09459209308432748,351.3536390006513,0.11576461804076174,True
pud,equalize,127,1000,1000,True,0.09521647785084779,332.05690794049144,0.11513998779799943,True
pud,equalize,128,1000,1000,True,0.07756683776581107,360.56662654216905,0.11578437547846544,True
pud,equalize,129,1000,1000,True,0.08407022050231962,349.07537690877024,0.11215332043212371,True
pud,equalize,130,1000,1000,True,0.09317422880593242,387.70910503107865,0.08203092160134147,True
pud,equalize,131,1000,1000,True,0.09292085507915851,328.3240258875369,0.11222700979886732,True
pud,equalize,132,1000,1000,True,0.08885376458812244,346.545409398249,0.10820200358702659,True
pud,equalize,133,1000,1000,True,0.08252646339504575,373.39475413561985,0.06933867500790487,True
pud,equalize,134,1000,1000,True,0.09745014553194639,338.8559070150615,0.11508581392987251,True
pud,equalize,135,1000,1000,True,0.09050637723932858,342.6074648982418,0.10858145034039972,True
pud,equalize,136,1000,1000,True,0.09452856319260998,333.1052532518813,0.11689469989780346,True
pud,equalize,137,1000,1000,True,0.0875404604866928,368.3575764715584,0.11135994137574731,True
pud,equalize,138,1000,1000,True,0.08973519273292288,356.1432150076708,0.11380747008396935,True
pud,equalize,139,1000,1000,True,0.09517448304152863,332.3800752136024,0.11858912937085873,True
pud,equalize,140,1000,1000,True,0.08659997433923151,367.30212260617276,0.08510298771793219,True
pud,equalize,141,1000,1000,True,0.06609408837799731,377.14298609280803,0.07143188415598509,True
pud,equalize,142,1000,1000,True,0.07561580522615625,389.7702312850482,0.10574464875699734,True
pud,equalize,143,1000,1000,True,0.09052446364667685,360.6694099809409,0.112727014300417,True
pud,equalize,144,1000,1000,True,0.07972455977989948,375.6007158872305,0.11606223905014641,True
pud,equalize,145,1000,1000,True,0.10388380023188065,339.72799047326083,0.13394352780920513,True
pud,equalize,146,1000,1000,True,0.08582605938254304,355.44824394558486,0.1297776060691406,True
pud,equalize,147,1000,1000,True,0.09375236029950604,328.779305855767,0.12222191868649178,True
pud,equalize,148,1000,1000,True,0.09532001914279453,321.67856316360275,0.11510939456034587,True
pud,equalize,149,1000,1000,True,0.08443993847627165,355.9842212851575,0.11953646274641862,True
pud,equalize,150,1000,1000,True,0.08466634514374646,327.6890741175238,0.09766628744712119,True
pud,equalize,151,1000,1000,True,0.08735130999604238,352.2244466685979,0.08041460388833933,True
pud,equalize,152,1000,1000,True,0.09543259207225606,312.75686466646897,0.12294806642252264,True
pud,equalize,153,1000,1000,True,0.07464670368054017,385.5130547154013,0.10620285678889932,True
pud,equalize,154,1000,1000,True,0.09119375926232597,338.615427150034,0.07774639922589723,True
pud,equalize,155,1000,1000,True,0.08689442366571938,372.46264154140346,0.11194676810381302,True
pud,equalize,156,1000,1000,True,0.08503736578849862,348.7616406659425,0.09751956815347117,True
pud,equalize,157,1000,1000,True,0.08713823557294141,355.58430128311346,0.11207938985214735,True
pud,equalize,158,1000,1000,True,0.08893373243844035,331.51580747228326,0.1157718467237487,True
pud,equalize,159,1000,1000,True,0.0903202635071444,378.6770693664986,0.11195371563483028,True
pud,equalize,160,1000,1000,True,0.08710997093925034,332.1046395204379,0.11750085683953412,True
pud,equalize,161,1000,1000,True,0.08137074959030972,393.29429650581005,0.11194447256685613,True
pud,equalize,162,1000,1000,True,0.08813647946421323,351.1843091583108,0.11754626932446119,True
pud,equalize,163,1000,1000,True,0.09312179135246142,325.2688696816835,0.11661956244849751,True
pud,equalize,164,1000,1000,True,0.095006422135104,341.6115668284667,0.07781934127543878,True
pud,equalize,165,1000,1000,True,0.08829411498362018,350.8739419663421,0.10902144709150546,True
pud,equalize,166,1000,1000,True,0.09137487835866993,355.32533610622255,0.11352845458298108,True
pud,equalize,167,1000,1000,True,0.08048085118466011,382.45095335088394,0.09922404129227136,True
pud,equalize,168,1000,1000,True,0.09511728367820954,360.15717874144894,0.12021240255645448,True
pud,equalize,169,1000,1000,True,0.09552040697227034,344.71289686346233,0.11404207800437326,True
pud,equalize,170,1000,1000,True,0.08172812200170713,350.46775783087384,0.09546995584546901,True
pud,equalize,171,1000,1000,True,0.09459724567284657,341.62961679427036,0.07643021104572345,True
pud,equalize,172,1000,1000,True,0.09010235537678493,342.40385858661114,0.10840418139172435,True
pud,equalize,173,1000,1000,True,0.08336731085094756,349.5817652910403,0.11568593286017274,True
pud,equalize,174,1000,1000,True,0.09273239342389183,340.20321427640863,0.11401004720724191,True
pud,equalize,175,1000,1000,True,0.09009947588946095,355.12194521741395,0.11787279971893534,True
pud,equalize,176,1000,1000,True,0.09289010100219254,330.2597559119185,0.07960605473591367,True
pud,equalize,177,1000,1000,True,0.09198185274589711,350.02233228752704,0.12479863088834324,True
pud,equalize,178,1000,1000,True,0.07348450411943332,378.83309698995413,0.0910122166538477,True
pud,equalize,179,1000,1000,True,0.0923839438778176,328.1938031087729,0.11487231720157498,True
pud,equalize,180,1000,1000,True,0.08743931864124081,364.1961384185725,0.10857073702555217,True
pud,equalize,181,1000,1000,True,0.09314313888305276,328.1333577129884,0.12103013806894403,True
pud,equalize,182,1000,1000,True,0.09235225103702097,358.0144743987315,0.11485380455062465,True
pud,equalize,183,1000,1000,True,0.06637061580229092,381.9392092990716,0.0727429696233913,True
pud,equalize,184,1000,1000,True,0.08688254523589112,378.3054524785494,0.1140627594196272,True
pud,equalize,185,1000,1000,True,0.08919564845721849,372.2585572945234,0.12200169954290811,True
pud,equalize,186,1000,1000,True,0.08610077285611177,349.8070064707109,0.11388121166535933,True
pud,equalize,187,1000,1000,True,0.08362060042127666,371.25950210061967,0.10492820355478583,True
pud,equalize,188,1000,1000,True,0.08632346575955313,332.5207580753418,0.10722361023856916,True
pud,equalize,189,1000,1000,True,0.08089780094372692,355.57740499643677,0.09827806105103325,True
pud,equalize,190,1000,1000,True,0.09840853119697336,330.6027751108572,0.12258329241885663,True
pud,equalize,191,1000,1000,True,0.09667938358241918,369.0482454693424,0.1753819450988803,True
pud,equalize,192,1000,1000,True,0.09672565250155644,335.603867342139,0.11665401836199214,True
pud,equalize,193,1000,1000,True,0.07864374744597105,372.3799115903005,0.09920219967194824,True
pud,equalize,194,1000,1000,True,0.0985575215888082,360.51548935378634,0.12926001692444822,True
pud,equalize,195,1000,1000,True,0.09405087932196363,343.7187503977634,0.11383110512433392,True
pud,equalize,196,1000,1000,True,0.09811107587768338,337.51967799818726,0.12731370025101357,True
pud,equalize,197,1000,1000,True,0.08531610864931503,359.8677549864672,0.10898254249145244,True
pud,equalize,198,1000,1000,True,0.08592984505749407,358.12809138072373,0.11414426165662381,True
pud,equalize,199,1000,1000,True,0.09386684488093351,332.3562152134363,0.11756782912193474,True
pud,equalize,200,1000,1000,True,0.0633662594722631,384.6132106090481,0.08918766384829266,True
pud,equalize,201,1000,1000,True,0.09288702549965112,379.77890904577623,0.1442807688048327,True
pud,equalize,202,1000,1000,True,0.08357990115179133,377.4262166715503,0.11646119419397356,True
pud,equalize,203,1000,1000,True,0.08884303747982718,330.2123465877677,0.11344341005078531,True
pud,equalize,204,1000,1000,True,0.0867648098149372,369.939351483456,0.10685949006655399,True
pud,equalize,205,1000,1000,True,0.07723970625411662,352.51742492960545,0.09581675927532038,True
pud,equalize,206,1000,1000,True,0.08735955995796557,333.3857179769403,0.10921384561526105,True
pud,equalize,207,1000,1000,True,0.09243487931284514,341.7496956019127,0.11875103950162309,True
pud,equalize,208,1000,1000,True,0.08918789709178215,339.4563100017438,0.10707067932151346,True
pud,equalize,209,1000,1000,True,0.08494440810986797,348.91034002304946,0.10491670476273836,True
pud,equalize,210,1000,1000,True,0.08431566130168665,362.4079345213071,0.07667893541124883,True
pud,equalize,211,1000,1000,True,0.09040519964834318,365.21982116938835,0.11371591199992774,True
pud,equalize,212,1000,1000,True,0.07031839318238925,380.60104581963515,0.07504177519682859,True
pud,equalize,213,1000,1000,True,0.0884682763815704,363.395332626879,0.10204400890344528,True
pud,equalize,214,1000,1000,True,0.07585265443730486,392.01824189060386,0.09769031188934263,True
pud,equalize,215,1000,1000,True,0.08295432627002391,370.0795960817078,0.11693102271884084,True
pud,equalize,216,1000,1000,True,0.07211246018255268,348.8531628507903,0.09418380702739107,True
pud,equalize,217,1000,1000,True,0.08507941388295212,343.3093786717747,0.1156120326729248,True
pud,equalize,218,1000,1000,True,0.08631975511698808,369.39517265930806,0.10621450401991966,True
pud,equalize,219,1000,1000,True,0.10258344330108136,328.26878910429485,0.09218531791725933,True
pud,equalize,220,1000,1000,True,0.10207279900294837,339.1065707355138,0.12893484573397698,True
pud,equalize,221,1000,1000,True,0.08219869858691631,379.3231050582076,0.1142524041403587,True
pud,equalize,222,1000,1000,True,0.08200275815897301,357.4314263687512,0.10680956862855165,True
pud,equalize,223,1000,1000,True,0.07795755017719341,343.93780639964547,0.10456107908423315,True
pud,equalize,224,1000,1000,True,0.08974406407689056,344.2654910617676,0.07434700007231689,True
pud,equalize,225,1000,1000,True,0.0864144470946072,366.2405163768749,0.10827937345611759,True
pud,equalize,226,1000,1000,True,0.09175958859304804,339.80485534936076,0.12348032831783969,True
pud,equalize,227,1000,1000,True,0.09076137142644924,331.97402668883603,0.11609236637636515,True
pud,equalize,228,1000,1000,True,0.07725295631404186,348.181308280614,0.07129593256280473,True
pud,equalize,229,1000,1000,True,0.09846701522042675,330.47232675520655,0.11997793006925776,True
pud,equalize,230,1000,1000,True,0.08444643199415361,363.021898645247,0.11747589771187057,True
pud,equalize,231,1000,1000,True,0.09707043134742581,333.0960305977842,0.11880611396746121,True
pud,equalize,232,1000,1000,True,0.0763277330955543,382.15896765482296,0.10860160515376975,True
pud,equalize,233,1000,1000,True,0.09371212815299289,345.9560287608817,0.11807778927888028,True
pud,equalize,234,1000,1000,True,0.09761488388332773,336.6473316395067,0.13095271788316445,True
pud,equalize,235,1000,1000,True,0.07779604864763497,389.1045424034523,0.1418665304754289,True
pud,equalize,236,1000,1000,True,0.09669008592430448,341.35604906900363,0.12381203595334979,True
pud,equalize,237,1000,1000,True,0.08968135567416204,371.3192975540054,0.11151804592935277,True
pud,equalize,238,1000,1000,True,0.07755046146912392,373.5087239195358,0.0993816132980764,True
pud,equalize,239,1000,1000,True,0.08335302804308083,370.1537463001016,0.11472414095785821,True
pud,equalize,240,1000,1000,True,0.09538445598966555,326.42639292189597,0.10835728738019913,True
pud,equalize,241,1000,1000,True,0.08911598144075028,379.456099363286,0.09874371116089957,True
pud,equalize,242,1000,1000,True,0.0839163303167337,351.1642702084026,0.10858021953410332,True
pud,equalize,243,1000,1000,True,0.09662776995215157,338.09159700294236,0.12070828778812473,True
pud,equalize,244,1000,1000,True,0.10654523411950553,348.1310403339524,0.0870342000325656,True
pud,equalize,245,1000,1000,True,0.09613377446346624,341.87095852675174,0.11685967315492776,True
pud,equalize,246,1000,1000,True,0.09461048867805955,350.75107015659984,0.11379096657500574,True
pud,equalize,247,1000,1000,True,0.07264355646784026,373.56716397456563,0.0791251423262426,True
pud,equalize,248,1000,1000,True,0.08265770262031927,352.1790701205851,0.07426076095276665,True
pud,equalize,249,1000,1000,True,0.08175625018580808,346.96368448441405,0.12055554326676844,True
pud,equalize,250,1000,1000,True,0.09722216888887426,361.26143594355597,0.12900602148832788,True
pud,equalize,251,1000,1000,True,0.09106074420848134,314.00881095281386,0.10947117552856066,True
pud,equalize,252,1000,1000,True,0.07132394451885281,402.719601728051,0.08567079612471204,True
pud,equalize,253,1000,1000,True,0.09320089810408164,333.76176125494067,0.11919980114325944,True
pud,equalize,254,1000,1000,True,0.09198523767766915,354.9838218496725,0.11281340214577214,True
pud,equalize,255,1000,1000,True,0.09474120109638248,357.7134557156049,0.11463179433126282,True
pud,equalize,256,1000,1000,True,0.09442352709540033,384.3277357464589,0.11754314941887785,True
pud,equalize,257,1000,1000,True,0.08694070350489423,339.09006487362615,0.07285007096431802,True
pud,equalize,258,1000,1000,True,0.0924847608401207,370.7567795078062,0.12510212667563023,True
pud,equalize,259,1000,1000,True,0.09527633364632804,366.7166546476994,0.11850444123573003,True
pud,equalize,260,1000,1000,True,0.11027875734241684,353.31643685370767,0.08898070535754325,True
pud,equalize,261,1000,1000,True,0.0946075350012479,348.37931722620965,0.11910612292623128,True
pud,equalize,262,1000,1000,True,0.09406339863604207,351.7516579861423,0.11289670795318467,True
pud,equalize,263,1000,1000,True,0.08096102933884264,372.87157353571484,0.10814178849895673,True
pud,equalize,264,1000,1000,True,0.08793858406809399,352.63387457815224,0.11022067147206592,True
pud,equalize,265,1000,1000,True,0.09523550471344545,356.59455088938194,0.11952186173290126,True
pud,equalize,266,1000,1000,True,0.09110608116196942,355.1170189050364,0.1141774144711144,True
pud,equalize,267,1000,1000,True,0.09114286641731997,333.99293360189523,0.11660783225499853,True
pud,equalize,268,1000,1000,True,0.09033068945153758,356.24399970245116,0.11459611039873265,True
pud,equalize,269,1000,1000,True,0.08461429628498052,365.3121407016197,0.10229965123095634,True
pud,equalize,270,1000,1000,True,0.0929807035602974,347.2003548615698,0.11649559892073706,True
pud,equalize,271,1000,1000,True,0.08599132241606822,380.4485484779775,0.11472737195867083,True
pud,equalize,272,1000,1000,True,0.0822038410384909,356.86047343464645,0.11205718943335899,True
pud,equalize,273,1000,1000,True,0.09713204961148712,323.2556824311059,0.12512999610775158,True
pud,equalize,274,1000,1000,True,0.08988660551968715,334.66763471241137,0.11022136872429407,True
pud,equalize,275,1000,1000,True,0.10121357384691146,342.72602969573234,0.14099115636393478,True
pud,equalize,276,1000,1000,True,0.0885957499747039,330.2424494201192,0.10514040230820342,True
pud,equalize,277,1000,1000,True,0.09205269491967799,328.0427035859813,0.11253430533194404,True
pud,equalize,278,1000,1000,True,0.09553882993155903,340.0134092120486,0.12001779240523948,True
pud,equalize,279,1000,1000,True,0.08321873527778807,387.58928132625135,0.08308882648358774,True
pud,equalize,280,1000,1000,True,0.07425881998577012,390.0752597948248,0.10876668653023053,True
pud,equalize,281,1000,1000,True,0.08672640391370133,358.5293290987503,0.10569173905137386,True
pud,equalize,282,1000,1000,True,0.09411793953975979,328.79745634052586,0.11942810017374936,True
pud,equalize,283,1000,1000,True,0.09545526972628865,350.45222539456074,0.12925946296280244,True
pud,equalize,284,1000,1000,True,0.07922893145970678,361.9866896724243,0.11112133286315437,True
pud,equalize,285,1000,1000,True,0.09265534436559056,336.9922228835556,0.11129464785862485,True
pud,equalize,286,1000,1000,True,0.08833762113981775,326.45428819974165,0.09337289571562504,True
pud,equalize,287,1000,1000,True,0.07801550653081257,356.8576833360884,0.11988522031252524,True
pud,equalize,288,1000,1000,True,0.0916539816138885,349.2703794140007,0.10900389334988039,True
pud,equalize,289,1000,1000,True,0.09456708116203108,340.2910004319832,0.11432631659712766,True
pud,equalize,290,1000,1000,True,0.08986175871310524,352.86533267522896,0.11545610036334637,True
pud,equalize,291,1000,1000,True,0.08791390218577984,376.0320406561122,0.1117111437128348,True
pud,equalize,292,1000,1000,True,0.07779394673204432,354.7188835895264,0.09579453320828174,True
pud,equalize,293,1000,1000,True,0.0800128261323084,339.8941057682525,0.09012556124720365,True
pud,equalize,294,1000,1000,True,0.09638098014304136,328.1829476237302,0.11466564168361877,True
pud,equalize,295,1000,1000,True,0.07678129835954701,364.27253105195837,0.09658512461190023,True
pud,equalize,296,1000,1000,True,0.0928888995215305,350.8624611382643,0.12435884158949649,True
pud,equalize,297,1000,1000,True,0.07601623933065427,365.5516923104036,0.10493088613081247,True
pud,equalize,298,1000,1000,True,0.09859830214149322,356.54480891467205,0.1458891918419466,True
pud,equalize,299,1000,1000,True,0.09244778573021506,345.178126630295,0.11316883432168238,True
pud,equalize,300,1000,1000,True,0.0848005823413501,361.95175090611184,0.1068637161395789,True
pud,equalize,301,1000,1000,True,0.09674989456720577,352.8051388160325,0.1246479679975808,True
pud,equalize,302,1000,1000,True,0.08816579219618144,374.96670538062443,0.1052963595445414,True
pud,equalize,303,1000,1000,True,0.08675256142374269,359.0508506381791,0.1137639743145951,True
pud,equalize,304,1000,1000,True,0.08219482952108362,364.63034401431815,0.10247675496736797,True
pud,equalize,305,1000,1000,True,0.07111591650430242,362.68842567553764,0.07596435486382112,True
pud,equalize,306,1000,1000,True,0.08170569815570461,375.73037189452754,0.10077685838120369,True
pud,equalize,307,1000,1000,True,0.09396163125525306,338.42472959285936,0.1166035723570241,True
pud,equalize,308,1000,1000,True,0.08645265884992909,351.5008159307742,0.08193325799351628,True
pud,equalize,309,1000,1000,True,0.09398554919129921,346.8562505649855,0.1202767790566696,True
pud,equalize,310,1000,1000,True,0.08692262772072956,378.7455293254298,0.11703758813747418,True
pud,equalize,311,1000,1000,True,0.0860111039343177,383.9507177542451,0.11662520109677925,True
pud,equalize,312,1000,1000,True,0.07681073741812436,388.9209338207446,0.10078060206749323,True
pud,equalize,313,1000,1000,True,0.09761367479084494,350.7986582514249,0.11640151032069244,True
pud,equalize,314,1000,1000,True,0.09219450654478843,342.087922427846,0.12346759458894568,True
pud,equalize,315,1000,1000,True,0.08115011543163633,336.6464082668936,0.07592331332451739,True
pud,equalize,316,1000,1000,True,0.08949194321968078,356.3121352466121,0.1089228314444522,True
pud,equalize,317,1000,1000,True,0.09758338251572281,356.6493004843834,0.12803897892226723,True
pud,equalize,318,1000,1000,True,0.08271590454197748,360.78007210903434,0.08143449613335756,True
pud,equalize,319,1000,1000,True,0.08064701245107564,371.87829202038665,0.1117455172133717,True
pud,equalize,320,1000,1000,True,0.08280060162601253,367.1501027849509,0.06758873088917913,True
pud,equalize,321,1000,1000,True,0.0916327337867564,339.78645220785364,0.11227566604204664,True
pud,equalize,322,1000,1000,True,0.08108140628062913,381.3559639968936,0.1086616676877884,True
pud,equalize,323,1000,1000,True,0.08257485268710019,345.84651089753675,0.10836308366429302,True
pud,equalize,324,1000,1000,True,0.10202654641238969,346.09674734674985,0.13532106311826253,True
pud,equalize,325,1000,1000,True,0.08712584271693333,333.78268375546384,0.10694389841130446,True
pud,equalize,326,1000,1000,True,0.09166533601727805,346.3099261124347,0.11284752905941192,True
pud,equalize,327,1000,1000,True,0.08952108517750455,335.95950028388836,0.10789305118415718,True
pud,equalize,328,1000,1000,True,0.08726027407760513,396.551389713868,0.11914150524315588,True
pud,equalize,329,1000,1000,True,0.09291660338811997,345.3909560541503,0.11284515994696799,True
pud,equalize,330,1000,1000,True,0.08951427501856207,366.67385289927614,0.11735924797995152,True
pud,equalize,331,1000,1000,True,0.08338662296129332,367.68393160974546,0.10420163205754884,True
pud,equalize,332,1000,1000,True,0.08496237656809492,357.74135457757745,0.11092750107086682,True
pud,equalize,333,1000,1000,True,0.10556460721423776,336.2707876682124,0.1541589491561819,True
pud,equalize,334,1000,1000,True,0.09522847833720621,346.2454732686046,0.11465854783919337,True
pud,equalize,335,1000,1000,True,0.08111223058588196,362.5755723142418,0.09489428816280739,True
pud,equalize,336,1000,1000,True,0.09339665510704967,336.7913685815003,0.11839484264710223,True
pud,equalize,337,1000,1000,True,0.08509791310493352,380.0783541310923,0.11082734375350152,True
pud,equalize,338,1000,1000,True,0.09325305476080782,354.3110557462186,0.11421410206761297,True
pud,equalize,339,1000,1000,True,0.08661576567921991,346.38030700950657,0.10227943749030562,True
pud,equalize,340,1000,1000,True,0.0866847730373865,360.6198491486568,0.11149380982650844,True
pud,equalize,341,1000,1000,True,0.08687284876100157,367.3497106559361,0.10607383813081561,True
pud,equalize,342,1000,1000,True,0.0969908510385654,338.5557853943719,0.12238487712192282,True
pud,equalize,343,1000,1000,True,0.08617472847163775,353.6014014169061,0.103503334472439,True
pud,equalize,344,1000,1000,True,0.08286176499909613,393.2022201310669,0.12165016377169006,True
pud,equalize,345,1000,1000,True,0.07533077593168104,391.0574310763063,0.09774645710481383,True
pud,equalize,346,1000,1000,True,0.09366712798093861,314.6714708374434,0.11419614055877073,True
pud,equalize,347,1000,1000,True,0.08383439804934664,365.7069133595918,0.07964767788575254,True
pud,equalize,348,1000,1000,True,0.08497121589611506,353.6329262045603,0.11345580256559146,True
pud,equalize,349,1000,1000,True,0.08493957111229572,370.78379125306975,0.13280858034157914,True
pud,equalize,350,1000,1000,True,0.08663760125151944,360.4757863657419,0.1097407669279103,True
pud,equalize,351,1000,1000,True,0.09069512352987213,363.1740670683963,0.11664184074484454,True
pud,equalize,352,1000,1000,True,0.08464083522540596,356.35843286079256,0.10001414961622576,True
pud,equalize,353,1000,1000,True,0.08187414611749631,353.94271908883786,0.09834582469310989,True
pud,equalize,354,1000,1000,True,0.09640210027935908,336.9933058029492,0.11864012135471595,True
pud,equalize,355,1000,1000,True,0.08774641071059598,350.9606669571392,0.0720547040127872,True
pud,equalize,356,1000,1000,True,0.08327126503330494,374.47138018278514,0.11687999754945452,True
pud,equalize,357,1000,1000,True,0.09021754161367297,336.27070936226363,0.1139838390104297,True
pud,equalize,358,1000,1000,True,0.0946882076431203,345.7477072071484,0.11584380661418286,True
pud,equalize,359,1000,1000,True,0.09404267746712228,342.3039464511036,0.11522237437041279,True
pud,equalize,360,1000,1000,True,0.09818369719592826,329.2431411206618,0.1291385627729445,True
pud,equalize,361,1000,1000,True,0.09048374726169624,343.2419141305444,0.1124308292152321,True
pud,equalize,362,1000,1000,True,0.07831185205854542,390.98989080409734,0.09707695750801189,True
pud,equalize,363,1000,1000,True,0.09119616626120168,343.3598053339965,0.11603454360078284,True
pud,equalize,364,1000,1000,True,0.09323301420779875,366.1112923347216,0.14369138912489493,True
pud,equalize,365,1000,1000,True,0.09512115666056864,338.46627558886865,0.11509941542900538,True
pud,equalize,366,1000,1000,True,0.07774425865031076,400.07011280399337,0.10920480023818425,True
pud,equalize,367,1000,1000,True,0.0902814467630511,364.5556231413802,0.0842926991844636,True
pud,equalize,368,1000,1000,True,0.10241903215783749,325.1780320009333,0.1284145289076275,True
pud,equalize,369,1000,1000,True,0.087284249706998,361.35717818247366,0.11858627114343255,True
pud,equalize,370,1000,1000,True,0.10332792757664286,331.188122068108,0.07381640220552545,True
pud,equalize,371,1000,1000,True,0.07572001382611576,368.28274484558733,0.10358783235663194,True
pud,equalize,372,1000,1000,True,0.07176905347736612,364.7268701905578,0.09134913015594026,True
pud,equalize,373,1000,1000,True,0.07685572502511315,375.30614566644124,0.10276673273985454,True
pud,equalize,374,1000,1000,True,0.09666409638983958,329.83527058063396,0.07682286744819515,True
pud,equalize,375,1000,1000,True,0.10512111239710574,345.8411726197446,0.1379770955227312,True
pud,equalize,376,1000,1000,True,0.09087352152073917,363.53432090931943,0.11091198824204022,True
pud,equalize,377,1000,1000,True,0.08327931582598673,380.4353275709289,0.11315169267649317,True
pud,equalize,378,1000,1000,True,0.08251821721801499,358.7527053054792,0.10401893227487455,True
pud,equalize,379,1000,1000,True,0.08375299884072698,374.698959260631,0.1087610042679945,True
pud,equalize,380,1000,1000,True,0.09149175163523732,347.459644275418,0.12117775892984348,True
pud,equalize,381,1000,1000,True,0.09263644524513191,347.0817803789188,0.11731111689924424,True
pud,equalize,382,1000,1000,True,0.0832922091120498,351.96652305439505,0.11653135009754052,True
pud,equalize,383,1000,1000,True,0.0824427904895492,356.3100629718448,0.10375399203981277,True
pud,equalize,384,1000,1000,True,0.0956895597850249,347.5055055909187,0.11545741772897045,True
pud,equalize,385,1000,1000,True,0.09218711781674283,341.8840372860365,0.07628796646365987,True
pud,equalize,386,1000,1000,True,0.08987183192101687,328.29303339394824,0.1070448798228869,True
pud,equalize,387,1000,1000,True,0.10700554906575732,327.98696302749596,0.13998126461939273,True
pud,equalize,388,1000,1000,True,0.0841882597897103,334.21147041805733,0.10279405276547188,True
pud,equalize,389,1000,1000,True,0.09189493463921546,333.2591763642826,0.11226455472193163,True
pud,equalize,390,1000,1000,True,0.07698346704020848,375.377862681059,0.10276893355340273,True
pud,equalize,391,1000,1000,True,0.08671217039047725,355.95185413760663,0.11157930468759833,True
pud,equalize,392,1000,1000,True,0.09662660153113525,327.1218907441078,0.12082196625971701,True
pud,equalize,393,1000,1000,True,0.09027124010516005,361.38408951003913,0.11029020305035661,True
pud,equalize,394,1000,1000,True,0.07433719554822679,359.31359791135094,0.09581302522344827,True
pud,equalize,395,1000,1000,True,0.0994131117615954,342.8743080197173,0.12411303838153467,True
pud,equalize,396,1000,1000,True,0.08585104527790353,377.2908365227017,0.12098891643962503,True
pud,equalize,397,1000,1000,True,0.07913241832289487,348.3119030050509,0.09610806417777853,True
pud,equalize,398,1000,1000,True,0.08990607993832533,323.57390188950654,0.10952841167004551,True
pud,equalize,399,1000,1000,True,0.09227190027438968,322.2856116180181,0.11532796176744,True
pud,equalize,400,1000,1000,True,0.08828125648694393,341.3469469484091,0.11169869026719788,True
pud,equalize,401,1000,1000,True,0.07246616920337617,342.471676720864,0.07976311843031463,True
pud,equalize,402,1000,1000,True,0.08011688914283882,351.074076690376,0.07273235138692827,True
pud,equalize,403,1000,1000,True,0.08954695023447921,330.29604701085964,0.10656749962023433,True
pud,equalize,404,1000,1000,True,0.09331309568951453,332.2363061135854,0.08930330894011891,True
pud,equalize,405,1000,1000,True,0.08608717875316284,352.6097049089829,0.11010683868827552,True
pud,equalize,406,1000,1000,True,0.09232266551557768,394.00895510635286,0.14308542039936914,True
pud,equalize,407,1000,1000,True,0.07682174010712346,366.8824348139333,0.08554426404564547,True
pud,equalize,408,1000,1000,True,0.09745294274357608,339.03469775820884,0.11745380967600585,True
pud,equalize,409,1000,1000,True,0.09147175169430556,357.28624313846734,0.07691967832473201,True
pud,equalize,410,1000,1000,True,0.10336885829009398,337.8062472942145,0.1415105767542954,True
pud,equalize,411,1000,1000,True,0.07920183312506328,328.3500649596403,0.09540468451370979,True
pud,equalize,412,1000,1000,True,0.09343068930337453,374.8752266434793,0.1149629629033028,True
pud,equalize,413,1000,1000,True,0.0765706572751962,374.9695939339615,0.09083807327082381,True
pud,equalize,414,1000,1000,True,0.09146150509137846,381.74514964305706,0.1546982726327465,True
pud,equalize,415,1000,1000,True,0.08971695134156472,338.28207221784606,0.08175458306328674,True
pud,equalize,416,1000,1000,True,0.07789964975594413,370.7521758317812,0.09517456605990571,True
pud,equalize,417,1000,1000,True,0.09620685276277631,357.75027573853805,0.13248590654140827,True
pud,equalize,418,1000,1000,True,0.09736360767127228,328.78672802289327,0.11744235465396063,True
pud,equalize,419,1000,1000,True,0.09843004095784459,328.2109589882702,0.1185924778494367,True
pud,equalize,420,1000,1000,True,0.09527763200507151,347.04462185574926,0.1155276242952682,True
pud,equalize,421,1000,1000,True,0.0959912386691336,326.07023483292676,0.11568565272717954,True
pud,equalize,422,1000,1000,True,0.07807709943888876,399.4390174219339,0.09278861945968679,True
pud,equalize,423,1000,1000,True,0.08523883584260444,342.766216210116,0.11402007133249245,True
pud,equalize,424,1000,1000,True,0.0702963032236659,364.0389953342911,0.0728584319836154,True
pud,equalize,425,1000,1000,True,0.09245944322769475,353.83621159513905,0.12612021504094936,True
pud,equalize,426,1000,1000,True,0.09441082800423077,345.83832413282363,0.11999979423850674,True
pud,equalize,427,1000,1000,True,0.09306957373683171,349.0874026357869,0.11542801455110399,True
pud,equalize,428,1000,1000,True,0.09029066848138192,329.87809733293903,0.1103243344209794,True
pud,equalize,429,1000,1000,True,0.08824742922846024,360.06123967875243,0.1269932553861828,True
pud,equalize,430,1000,1000,True,0.08570583914878573,353.63863550098705,0.1317344804268546,True
pud,equalize,431,1000,1000,True,0.08637756267303062,354.4388745256366,0.11419989189417815,True
pud,equalize,432,1000,1000,True,0.09686439483966397,323.60844166368713,0.12233985450375524,True
pud,equalize,433,1000,1000,True,0.08881231145886626,340.7120301236808,0.10859255311757153,True
pud,equalize,434,1000,1000,True,0.09790027427797995,325.7826729201539,0.12008599336504293,True
pud,equalize,435,1000,1000,True,0.08817777777777779,362.00827448554264,0.11681281375255936,True
pud,equalize,436,1000,1000,True,0.09444625815251945,333.4605541874481,0.11582486566438503,True
pud,equalize,437,1000,1000,True,0.09870494752881775,347.68796626285473,0.07849603591469437,True
pud,equalize,438,1000,1000,True,0.09505824010755554,339.9925628230712,0.09586829893526191,True
pud,equalize,439,1000,1000,True,0.0656569752201678,400.3586653976656,0.1109261299076836,True
pud,equalize,440,1000,1000,True,0.08256336436823822,366.08087127163583,0.1168274363176014,True
pud,equalize,441,1000,1000,True,0.08660082969408378,392.9322619281853,0.10961861550027682,True
pud,equalize,442,1000,1000,True,0.0800530040460077,345.52716477869,0.09357679291811355,True
pud,equalize,443,1000,1000,True,0.07969035677522697,343.93939640582033,0.10171399991042422,True
pud,equalize,444,1000,1000,True,0.05620967800329911,380.7549704416214,0.05594284561325641,True
pud,equalize,445,1000,1000,True,0.09504838014348922,362.21460113584595,0.11498437413969037,True
pud,equalize,446,1000,1000,True,0.09142316142228098,344.25651261668236,0.12814544013409332,True
pud,equalize,447,1000,1000,True,0.08896370185032533,334.13771057903654,0.10968945558560615,True
pud,equalize,448,1000,1000,True,0.0945981957649051,323.1789018345721,0.1151605293964221,True
pud,equalize,449,1000,1000,True,0.0960225256494473,358.40234293877046,0.12817325803019158,True
pud,equalize,450,1000,1000,True,0.0928835664344358,335.28803759006973,0.11808612676065437,True
pud,equalize,451,1000,1000,True,0.09274490435571443,361.5819423464065,0.11460355229019241,True
pud,equalize,452,1000,1000,True,0.09764726074429429,350.8886177678039,0.12047260382180232,True
pud,equalize,453,1000,1000,True,0.09240513052936049,346.08945842224085,0.11530335245091425,True
pud,equalize,454,1000,1000,True,0.08805042817178442,336.40950896786495,0.11232007559967208,True
pud,equalize,455,1000,1000,True,0.06521039074969874,385.3076925004223,0.0663149835032554,True
pud,equalize,456,1000,1000,True,0.09208826683616587,337.7520030791823,0.11332265744924103,True
pud,equalize,457,1000,1000,True,0.08729209586211113,359.9634938698645,0.11413044248242696,True
pud,equalize,458,1000,1000,True,0.08196941239206998,359.15286220633135,0.10171943439349894,True
pud,equalize,459,1000,1000,True,0.08304095003500411,384.66942768954226,0.11881422162039046,True
pud,equalize,460,1000,1000,True,0.0980556902737507,337.48432708942204,0.11641828374496618,True
pud,equalize,461,1000,1000,True,0.07481369122735308,387.9918990894011,0.08376184272266397,True
pud,equalize,462,1000,1000,True,0.09108333180847818,359.89992974575586,0.11271693761228327,True
pud,equalize,463,1000,1000,True,0.0902136770720726,339.5623818446325,0.11390628105682993,True
pud,equalize,464,1000,1000,True,0.08898644577048909,365.8136771636621,0.10834297620901487,True
pud,equalize,465,1000,1000,True,0.08446050651336295,311.461696006106,0.0986543879997486,True
pud,equalize,466,1000,1000,True,0.09294881373803886,395.95505855589215,0.09469195280448031,True
pud,equalize,467,1000,1000,True,0.09291859174222361,336.8321268762824,0.11810875925326488,True
pud,equalize,468,1000,1000,True,0.06526540686560786,393.1132357870948,0.07252780139580023,True
pud,equalize,469,1000,1000,True,0.09574321044167576,339.5882878957989,0.1175695748834349,True
pud,equalize,470,1000,1000,True,0.09306558420255559,338.42295722217193,0.11225328447997952,True
pud,equalize,471,1000,1000,True,0.09515028723284984,356.9268462864625,0.12072906101200119,True
pud,equalize,472,1000,1000,True,0.10039870578576593,370.1389536039134,0.08262896317608952,True
pud,equalize,473,1000,1000,True,0.09391106838617107,318.92617414693325,0.11379815301501879,True
pud,equalize,474,1000,1000,True,0.05865445053788531,388.3253321584879,0.05778913990844668,True
pud,equalize,475,1000,1000,True,0.08203853355377777,378.8822896032487,0.1283619107190945,True
pud,equalize,476,1000,1000,True,0.09585665159143097,333.8735662477639,0.11345433845199684,True
pud,equalize,477,1000,1000,True,0.07976346203960313,329.94887402596174,0.09496269572967542,True
pud,equalize,478,1000,1000,True,0.09534713640038218,377.101671086194,0.12504844690788475,True
pud,equalize,479,1000,1000,True,0.07902421882242068,322.89727770763255,0.09148237366486521,True
pud,equalize,480,1000,1000,True,0.08908268804117878,337.125839969291,0.10819545870299094,True
pud,equalize,481,1000,1000,True,0.08907637934954861,375.9932836421417,0.11836530136784697,True
pud,equalize,482,1000,1000,True,0.09256614251842162,345.6649370937122,0.12640620345380577,True
pud,equalize,483,1000,1000,True,0.07943165320490439,331.245097889765,0.094579709671163,True
pud,equalize,484,1000,1000,True,0.07673896027893105,395.95296422555043,0.09762962513347935,True
pud,equalize,485,1000,1000,True,0.08414836691416529,341.537533045784,0.07035429826208642,True
pud,equalize,486,1000,1000,True,0.08266492755040424,380.5485694940923,0.09426790755639869,True
pud,equalize,487,1000,1000,True,0.08643548653957664,329.1351729062089,0.0778714959182319,True
pud,equalize,488,1000,1000,True,0.09275495660776648,323.0018129918159,0.11619374996472141,True
pud,equalize,489,1000,1000,True,0.09010854839485076,352.6758958363897,0.1107678692771398,True
pud,equalize,490,1000,1000,True,0.08333250073658144,331.75397149092277,0.09731617301797374,True
pud,equalize,491,1000,1000,True,0.08526730952759137,349.22539271794085,0.12209372993274015,True
pud,equalize,492,1000,1000,True,0.09067464834148437,336.04034694512507,0.10964026474941124,True
pud,equalize,493,1000,1000,True,0.09065460091284207,353.6955556845463,0.11645941167591925,True
pud,equalize,494,1000,1000,True,0.09656060528925428,339.7469721071845,0.11649475111367481,True
pud,equalize,495,1000,1000,True,0.08898078305503059,332.96793417835295,0.11358886171704002,True
pud,equalize,496,1000,1000,True,0.09436315194208196,356.06458661175503,0.11190028133549515,True
pud,equalize,497,1000,1000,True,0.09057385227563959,341.8786596425697,0.0858490176249006,True
pud,equalize,498,1000,1000,True,0.09487907768689602,341.1051121047587,0.11417089151414997,True
pud,equalize,499,1000,1000,True,0.09198213393351429,359.2377009376939,0.12910192690608532,True
pud,equalize,500,1000,1000,True,0.09220948774193266,333.5288387995857,0.11166622222133776,True
pud,equalize,501,1000,1000,True,0.08324089613959869,338.00827353039745,0.09513415868208512,True
pud,equalize,502,1000,1000,True,0.0971577405213289,356.48650351871663,0.12152676431323449,True
pud,equalize,503,1000,1000,True,0.10709653197229978,349.4007490489967,0.1440134488747149,True
pud,equalize,504,1000,1000,True,0.07435301516547618,364.67799141708565,0.09691133723125803,True
pud,equalize,505,1000,1000,True,0.09544824400663754,335.0103120188989,0.11493834686581722,True
pud,equalize,506,1000,1000,True,0.07852076787483883,326.7464014660299,0.08732852616116615,True
pud,equalize,507,1000,1000,True,0.0866951406216485,330.75935353516456,0.10252818402038788,True
pud,equalize,508,1000,1000,True,0.09352029884627346,331.21655212262567,0.11401831994881619,True
pud,equalize,509,1000,1000,True,0.09609267067796946,329.98703125880564,0.11655926855647196,True
pud,equalize,510,1000,1000,True,0.06626154593077196,393.30647591414004,0.0627905434415009,True
pud,equalize,511,1000,1000,True,0.07961009226300053,356.42677926328713,0.10037362301686067,True
pud,equalize,512,1000,1000,True,0.0937777191942945,326.52083192194647,0.11533425604426446,True
pud,equalize,513,1000,1000,True,0.08137878511422167,347.83802712756983,0.10424600474921253,True
pud,equalize,514,1000,1000,True,0.09491315783843776,328.0563965174281,0.12001942178221936,True
pud,equalize,515,1000,1000,True,0.09333962875593783,330.25988312236774,0.11732216645093432,True
pud,equalize,516,1000,1000,True,0.0944509795124656,338.99082306015305,0.11499608098528971,True
pud,equalize,517,1000,1000,True,0.09405067651583597,333.9769718468625,0.11050053069533475,True
pud,equalize,518,1000,1000,True,0.07843122016325066,355.8171958731056,0.08259156609559754,True
pud,equalize,519,1000,1000,True,0.09385162705693796,355.01998050250637,0.11554198851980657,True
pud,equalize,520,1000,1000,True,0.08733214517144827,341.51648493008355,0.11105170634205258,True
pud,equalize,521,1000,1000,True,0.08336705688003809,345.4423020939966,0.10876387324593029,True
pud,equalize,522,1000,1000,True,0.07866774559837637,386.6498543113653,0.07169146513246542,True
pud,equalize,523,1000,1000,True,0.09536293182066133,330.0758906675857,0.11681330414251348,True
pud,equalize,524,1000,1000,True,0.08838808645490914,334.98885444742785,0.10433227073177974,True
pud,equalize,525,1000,1000,True,0.09165291209937793,357.107877929065,0.078235743780821,True
pud,equalize,526,1000,1000,True,0.092755150933473,327.7517062884646,0.11366203096879193,True
pud,equalize,527,1000,1000,True,0.07284988031375478,346.6577646959606,0.07548417461484196,True
pud,equalize,528,1000,1000,True,0.09705612414766986,350.92296611079763,0.07224625155810875,True
pud,equalize,529,1000,1000,True,0.08641556144155553,375.476625625351,0.10813790863499542,True
pud,equalize,530,1000,1000,True,0.09411959229788976,343.5515338111591,0.1172279993310493,True
pud,equalize,531,1000,1000,True,0.09656848078685655,363.1856352005129,0.11849177915954787,True
pud,equalize,532,1000,1000,True,0.08934979395058695,376.41576279295214,0.1099397090665135,True
pud,equalize,533,1000,1000,True,0.10024276150709287,336.04682687982637,0.13202137453205573,True
pud,equalize,534,1000,1000,True,0.08370459447248084,363.51265183484327,0.12805568811755008,True
pud,equalize,535,1000,1000,True,0.08312759120624805,351.0478066004686,0.0772317140449504,True
pud,equalize,536,1000,1000,True,0.09031467622009581,361.42097628112293,0.12921877133062956,True
pud,equalize,537,1000,1000,True,0.0804147205675094,337.09070660432036,0.09528555135116917,True
pud,equalize,538,1000,1000,True,0.09039488404621357,346.0806996626654,0.09156741023575991,True
pud,equalize,539,1000,1000,True,0.07914561981438056,357.81742903190167,0.10753040109891633,True
pud,equalize,540,1000,1000,True,0.082729963819527,333.6046570283454,0.10471737330359723,True
pud,equalize,541,1000,1000,True,0.09097499588646987,342.27181600447324,0.10476386086437382,True
pud,equalize,542,1000,1000,True,0.06470875968713133,392.2102644806737,0.07317725393745765,True
pud,equalize,543,1000,1000,True,0.08502228901664333,323.4735052890731,0.1023984417078577,True
pud,equalize,544,1000,1000,True,0.08927593443440288,368.1430808136967,0.1110989765596092,True
pud,equalize,545,1000,1000,True,0.09386199483323415,330.04299473704936,0.12265013928514988,True
pud,equalize,546,1000,1000,True,0.08963430780567488,345.4672820615579,0.12195008845455617,True
pud,equalize,547,1000,1000,True,0.0914200480484734,336.69202745387366,0.11035903471492435,True
pud,equalize,548,1000,1000,True,0.08276690383462687,356.36162029040105,0.1213257140464827,True
pud,equalize,549,1000,1000,True,0.09329739453575589,332.885415475055,0.11425815258483207,True
pud,equalize,550,1000,1000,True,0.08954031025462122,334.40890411440904,0.11142507641604285,True
pud,equalize,551,1000,1000,True,0.09656760952760789,338.8756222037814,0.12175718347758814,True
pud,equalize,552,1000,1000,True,0.09694193183627066,336.46918844821437,0.11987644668213937,True
pud,equalize,553,1000,1000,True,0.06832441766588805,349.9476757673924,0.07315489317237589,True
pud,equalize,554,1000,1000,True,0.08101531557689998,358.2040004117766,0.10259810120255818,True
pud,equalize,555,1000,1000,True,0.09146051971570393,352.12534134310755,0.11985386111715951,True
pud,equalize,556,1000,1000,True,0.09982072757859957,341.18857038154135,0.13316488943328034,True
pud,equalize,557,1000,1000,True,0.08964759469482658,333.8750044417821,0.11224300742607257,True
pud,equalize,558,1000,1000,True,0.09877001531804036,333.6449350072619,0.13007453893446,True
pud,equalize,559,1000,1000,True,0.09042103915012066,375.2924114127543,0.07410682646285066,True
pud,equalize,560,1000,1000,True,0.07663155395611129,335.7311448168013,0.08424750133672501,True
pud,equalize,561,1000,1000,True,0.09161106663970352,369.9591934038131,0.1155911035066131,True
pud,equalize,562,1000,1000,True,0.08412694625635567,336.5593687286093,0.08092623603635811,True
pud,equalize,563,1000,1000,True,0.0744434087821824,387.53981389142456,0.10113587975016337,True
pud,equalize,564,1000,1000,True,0.08899543544960155,327.84962860280933,0.11528496041880498,True
pud,equalize,565,1000,1000,True,0.08068805884086054,366.27865205468913,0.10036235030141877,True
pud,equalize,566,1000,1000,True,0.09421638084618347,331.48040684782563,0.11535853075210324,True
pud,equalize,567,1000,1000,True,0.09253244742878303,335.02996134525046,0.12723193121613635,True
pud,equalize,568,1000,1000,True,0.06765342326159368,391.6394660347703,0.0690343544821376,True
pud,equalize,569,1000,1000,True,0.09286214128454404,368.4486553971937,0.11650817594370103,True
pud,equalize,570,1000,1000,True,0.09805251742224422,333.82203102851076,0.12188284954145798,True
pud,equalize,571,1000,1000,True,0.0951587205607843,343.4659268340893,0.11993201726574977,True
pud,equalize,572,1000,1000,True,0.08419864738950515,349.6094233841531,0.107079073124652,True
pud,equalize,573,1000,1000,True,0.09515631324624385,326.9585916045027,0.12150212922993328,True
pud,equalize,574,1000,1000,True,0.09031248905335489,347.90978204701287,0.07916848029111674,True
pud,equalize,575,1000,1000,True,0.09497989325881974,344.3856390734085,0.11528202616000274,True
pud,equalize,576,1000,1000,True,0.0952693361987638,328.3241516535145,0.11575462287118118,True
pud,equalize,577,1000,1000,True,0.09447156473357407,332.0703281520347,0.11569888493545927,True
pud,equalize,578,1000,1000,True,0.08734980831315933,344.55755206351233,0.09928482472036242,True
pud,equalize,579,1000,1000,True,0.07951022218619921,379.3837459762872,0.09871114863174033,True
pud,equalize,580,1000,1000,True,0.08638971060702445,352.01720162372743,0.06637737138587793,True
pud,equalize,581,1000,1000,True,0.1002048266499704,347.5014496372641,0.07796098343576487,True
pud,equalize,582,1000,1000,True,0.08352090815338056,373.960915070011,0.10891854414772197,True
pud,equalize,583,1000,1000,True,0.09060883163561029,324.6656391905371,0.08055239457399722,True
pud,equalize,584,1000,1000,True,0.08206606718197267,378.5059611564923,0.11312524687920678,True
pud,equalize,585,1000,1000,True,0.09665619355781822,340.8972475321559,0.11787945244461384,True
pud,equalize,586,1000,1000,True,0.10262504627748915,335.47541489653156,0.13985198127544232,True
pud,equalize,587,1000,1000,True,0.09164389212033153,378.5123018225432,0.11937152089171019,True
pud,equalize,588,1000,1000,True,0.09765612634313157,337.9259362034823,0.126341680560746,True
pud,equalize,589,1000,1000,True,0.09204963770960284,352.6805890604131,0.11547666912026476,True
pud,equalize,590,1000,1000,True,0.08580259859658054,329.20411778105085,0.10617111218089596,True
pud,equalize,591,1000,1000,True,0.0935675262861461,337.1116676696314,0.09001857421501244,True
pud,equalize,592,1000,1000,True,0.09296437058105037,345.55421284655176,0.11263311740248723,True
pud,equalize,593,1000,1000,True,0.08960751112146077,365.21825046949664,0.11818035547312035,True
pud,equalize,594,1000,1000,True,0.09856044332111297,330.6631575712662,0.12164243848059844,True
pud,equalize,595,1000,1000,True,0.09379899114990918,327.91570071437565,0.11274263491862811,True
pud,equalize,596,1000,1000,True,0.08437163820463209,338.9338746776427,0.12877661585133948,True
pud,equalize,597,1000,1000,True,0.09191763355322356,356.46308261024734,0.06766893902406018,True
pud,equalize,598,1000,1000,True,0.08046202923210517,369.2717709099898,0.11134462961099596,True
pud,equalize,599,1000,1000,True,0.0974917533707782,351.3812072023773,0.12474831501373249,True
pud,equalize,600,1000,1000,True,0.09368582577219077,341.3876337772064,0.11261778470605238,True
pud,equalize,601,1000,1000,True,0.08327759246884726,335.62191690055045,0.11263276062244101,True
pud,equalize,602,1000,1000,True,0.09913670571364114,357.8079824137522,0.12195120204004693,True
pud,equalize,603,1000,1000,True,0.08351869089248862,355.2549584509694,0.07329580773890663,True
pud,equalize,604,1000,1000,True,0.09483989823010301,351.5685333459182,0.1259388917072262,True
pud,equalize,605,1000,1000,True,0.08869813977756241,354.44405138046824,0.08249014606321695,True
pud,equalize,606,1000,1000,True,0.09747639410343105,344.2722192626062,0.11991456578089149,True
pud,equalize,607,1000,1000,True,0.08587276764040054,369.847890549615,0.11014356512421233,True
pud,equalize,608,1000,1000,True,0.07989714916343664,348.06213809462236,0.0989279797892648,True
pud,equalize,609,1000,1000,True,0.09067055479135902,346.4053518509782,0.12856711510499,True
pud,equalize,610,1000,1000,True,0.08160986308704615,362.5484746568381,0.11479309137383005,True
pud,equalize,611,1000,1000,True,0.08999356904321443,343.55667961924416,0.12066897429755791,True
pud,equalize,612,1000,1000,True,0.09367067013982788,344.46795421199926,0.11331098690368212,True
pud,equalize,613,1000,1000,True,0.06740900679828227,389.2064192366308,0.09409118180694279,True
pud,equalize,614,1000,1000,True,0.09313058335238514,344.823593949138,0.07795870939395015,True
pud,equalize,615,1000,1000,True,0.08269219363935684,345.0562648090888,0.06881817069120591,True
pud,equalize,616,1000,1000,True,0.08446606740703558,360.0745384486384,0.11200846032860726,True
pud,equalize,617,1000,1000,True,0.08923418973288182,333.94499187740485,0.10771826019875606,True
pud,equalize,618,1000,1000,True,0.08321846230936861,343.8234584187065,0.08659121430642792,True
pud,equalize,619,1000,1000,True,0.09494103108096125,334.37670826629056,0.11653462951647982,True
pud,equalize,620,1000,1000,True,0.08545858790615242,336.30537898761,0.1037414158281286,True
pud,equalize,621,1000,1000,True,0.09544943978649406,339.6642902102015,0.12070185644035533,True
pud,equalize,622,1000,1000,True,0.09617421435173172,333.93670631423555,0.11216550326841489,True
pud,equalize,623,1000,1000,True,0.09255249828217284,331.51137567057935,0.11220945526938383,True
pud,equalize,624,1000,1000,True,0.08210826863220158,402.04438254501207,0.10951299376087358,True
pud,equalize,625,1000,1000,True,0.08941157159899644,358.02490494237964,0.10758200776645567,True
pud,equalize,626,1000,1000,True,0.08943564898094035,359.73059232709136,0.11290655974994501,True
pud,equalize,627,1000,1000,True,0.09470437172956357,341.51605747168026,0.11606233691160417,True
pud,equalize,628,1000,1000,True,0.08057001862501068,395.9488393163945,0.10657583864420701,True
pud,equalize,629,1000,1000,True,0.09418327221663143,335.5608765693641,0.11300267887133812,True
pud,equalize,630,1000,1000,True,0.08591583593376445,363.80847178701043,0.11514820509153613,True
pud,equalize,631,1000,1000,True,0.07721926373229691,365.6857757132481,0.0931220253481327,True
pud,equalize,632,1000,1000,True,0.0944458012974428,324.5777347570224,0.1123765577900513,True
pud,equalize,633,1000,1000,True,0.09533803666201598,327.0849262439344,0.11486750499468379,True
pud,equalize,634,1000,1000,True,0.09710995104824527,330.53910855449465,0.11581584147171953,True
pud,equalize,635,1000,1000,True,0.08047844508597808,360.2481336856584,0.12565592644937942,True
pud,equalize,636,1000,1000,True,0.09076491408925384,326.1690680843295,0.10841477223840934,True
pud,equalize,637,1000,1000,True,0.08649532849727697,383.30401185482003,0.13023146535266059,True
pud,equalize,638,1000,1000,True,0.0911378815684791,337.8456212591781,0.11121740693316974,True
pud,equalize,639,1000,1000,True,0.09417371327289234,388.2528321068631,0.16266909189145345,True
pud,equalize,640,1000,1000,True,0.09736426132167825,330.9865015737047,0.11752592779341801,True
pud,equalize,641,1000,1000,True,0.08361072351331349,358.96809861601906,0.10951519145987842,True
pud,equalize,642,1000,1000,True,0.08523577756891632,341.9842399512001,0.06251385624181428,True
pud,equalize,643,1000,1000,True,0.08369042011934871,364.3025247181249,0.10571865235988455,True
pud,equalize,644,1000,1000,True,0.09476623871400616,328.4088286739563,0.07446722619903187,True
pud,equalize,645,1000,1000,True,0.09613811053009258,342.2714874248219,0.11718890047722834,True
pud,equalize,646,1000,1000,True,0.09621107454029153,325.9754345038902,0.11073550737045726,True
pud,equalize,647,1000,1000,True,0.09236169105916502,345.1856049707172,0.11411161743910171,True
pud,equalize,648,1000,1000,True,0.07702895399190111,362.10935519398004,0.0867929272592083,True
pud,equalize,649,1000,1000,True,0.09007732206619647,369.8027579075094,0.11017305747138269,True
pud,equalize,650,1000,1000,True,0.07935564501068419,399.32173456499964,0.100502917468863,True
pud,equalize,651,1000,1000,True,0.09158332844673595,355.63726765343364,0.06979684718196955,True
pud,equalize,652,1000,1000,True,0.07248376233660292,401.3320006864641,0.1184991826819759,True
pud,equalize,653,1000,1000,True,0.08769517280519683,378.11566014117955,0.08233318638463419,True
pud,equalize,654,1000,1000,True,0.09544304487397086,339.4480971680354,0.11666337349849516,True
pud,equalize,655,1000,1000,True,0.08639569890986158,384.41361312913983,0.12850917054272915,True
pud,equalize,656,1000,1000,True,0.08405480575416477,339.0965650076686,0.10907693513194151,True
pud,equalize,657,1000,1000,True,0.08879725763199539,351.0420664193965,0.10806673235540765,True
pud,equalize,658,1000,1000,True,0.09043610048871488,366.74545057300986,0.11760430831110454,True
pud,equalize,659,1000,1000,True,0.09693315757281941,346.7878632478363,0.11846398629702919,True
pud,equalize,660,1000,1000,True,0.08970095103890455,334.13192065410334,0.08089134306411316,True
pud,equalize,661,1000,1000,True,0.0987073433419704,353.0151801141135,0.11731544002873535,True
pud,equalize,662,1000,1000,True,0.08043983719157696,382.86427165641874,0.12850171541344313,True
pud,equalize,663,1000,1000,True,0.08060666271515075,365.128907339586,0.10732422091523296,True
pud,equalize,664,1000,1000,True,0.09166595218576773,342.1919966320078,0.1180587759037897,True
pud,equalize,665,1000,1000,True,0.10381355319591222,361.0849214783138,0.1338721700027103,True
pud,equalize,666,1000,1000,True,0.08401701694182238,349.1786020921099,0.11478018444287647,True
pud,equalize,667,1000,1000,True,0.08792476020319943,383.6612043144316,0.0779298315279541,True
pud,equalize,668,1000,1000,True,0.0950152158055114,360.88667833407203,0.13370646862843405,True
pud,equalize,669,1000,1000,True,0.09767126521850077,329.939678826297,0.12029428729393411,True
pud,equalize,670,1000,1000,True,0.09240490006247265,333.65972630211155,0.1161317344789374,True
pud,equalize,671,1000,1000,True,0.08929918570682062,365.0256498165574,0.08047001128401426,True
pud,equalize,672,1000,1000,True,0.09404489602916154,359.3340528129779,0.11866031558118814,True
pud,equalize,673,1000,1000,True,0.08780286280098949,369.40199769356957,0.12118743721306927,True
pud,equalize,674,1000,1000,True,0.07580017590129107,365.3212323079511,0.10414708497428997,True
pud,equalize,675,1000,1000,True,0.09025582228748527,379.5624260105313,0.11068957761502478,True
pud,equalize,676,1000,1000,True,0.09195314896695095,332.5139308720764,0.1117217354539371,True
pud,equalize,677,1000,1000,True,0.08060266515215009,368.422167932387,0.11459804956002945,True
pud,equalize,678,1000,1000,True,0.08784691440437946,382.6119601253991,0.13650735022945346,True
pud,equalize,679,1000,1000,True,0.08528841120820432,360.06583484690685,0.12133393569244048,True
pud,equalize,680,1000,1000,True,0.09696892463918022,327.48689573172237,0.1185875511339644,True
pud,equalize,681,1000,1000,True,0.07598628531225589,369.9604861481831,0.1126293993810598,True
pud,equalize,682,1000,1000,True,0.08253716259889568,358.47795877013135,0.09892483741098655,True
pud,equalize,683,1000,1000,True,0.07477214441385852,377.88199250030425,0.10281161244879387,True
pud,equalize,684,1000,1000,True,0.08918245343115427,329.28035070286234,0.10278679780238868,True
pud,equalize,685,1000,1000,True,0.09375201331171508,319.35220634277755,0.11583874221317696,True
pud,equalize,686,1000,1000,True,0.10212548502385692,327.835301204736,0.130285837703769,True
pud,equalize,687,1000,1000,True,0.06390400883887498,395.10672931626965,0.0801298914648762,True
pud,equalize,688,1000,1000,True,0.08795776132768375,352.1347596460764,0.11641415848725745,True
pud,equalize,689,1000,1000,True,0.08307800216931342,368.4029547533516,0.12161253184287615,True
pud,equalize,690,1000,1000,True,0.07830981207145543,362.8326292369527,0.091347171160427,True
pud,equalize,691,1000,1000,True,0.07310188307179218,366.14441153184356,0.10218161935168836,True
pud,equalize,692,1000,1000,True,0.09307576894891656,341.3443503428759,0.11405954693454459,True
pud,equalize,693,1000,1000,True,0.0860027841926579,354.81752199687094,0.10861666652458811,True
pud,equalize,694,1000,1000,True,0.08063470364612724,316.2857059289907,0.09631847315860514,True
pud,equalize,695,1000,1000,True,0.09495261976375376,333.6639897846335,0.11293357820604001,True
pud,equalize,696,1000,1000,True,0.0781958636145145,377.8343723855732,0.07504928421862793,True
pud,equalize,697,1000,1000,True,0.09520115156477499,342.2923530025174,0.0872472851464852,True
pud,equalize,698,1000,1000,True,0.07862828630593069,357.3266396100352,0.10535349021857116,True
pud,equalize,699,1000,1000,True,0.09563136463124725,329.32725350933225,0.1134737425438748,True
pud,equalize,700,1000,1000,True,0.0863701301534046,358.8618701617657,0.11262387912049625,True
pud,equalize,701,1000,1000,True,0.08926228241384149,343.4381207204582,0.08722118612265013,True
pud,equalize,702,1000,1000,True,0.09246607052065565,356.16614313547547,0.11948924172865476,True
pud,equalize,703,1000,1000,True,0.06317084418903673,409.42491890943813,0.06910439320689986,True
pud,equalize,704,1000,1000,True,0.08562621540995549,326.8442785180735,0.07439034103636152,True
pud,equalize,705,1000,1000,True,0.08676577737481979,339.3023128701011,0.07302387230163795,True
pud,equalize,706,1000,1000,True,0.0975481115864068,359.60109314489017,0.13713810467221144,True
pud,equalize,707,1000,1000,True,0.07916468535532373,393.1149540986707,0.11594891968150735,True
pud,equalize,708,1000,1000,True,0.06771800643153732,392.41838336143223,0.07897522583884325,True
pud,equalize,709,1000,1000,True,0.09351753252138816,341.9897336704715,0.11179299156460107,True
pud,equalize,710,1000,1000,True,0.07587359208122837,365.91603954459276,0.09733465181755388,True
pud,equalize,711,1000,1000,True,0.09623044358000714,358.75970567498246,0.11997395602153323,True
pud,equalize,712,1000,1000,True,0.07222748613295649,390.9002340431635,0.06854421930403759,True
pud,equalize,713,1000,1000,True,0.09701826224931337,358.9328304502111,0.1237584485206845,True
pud,equalize,714,1000,1000,True,0.06687072381620902,365.67771548181605,0.08183843689298091,True
pud,equalize,715,1000,1000,True,0.08132575556684683,373.8044374856992,0.11934827084246517,True
pud,equalize,716,1000,1000,True,0.09528998690806013,332.6176547915038,0.11577708466416545,True
pud,equalize,717,1000,1000,True,0.09119787467742334,323.960072217241,0.11309262237019664,True
pud,equalize,718,1000,1000,True,0.09090204672484241,327.3638993520819,0.11455186113236611,True
pud,equalize,719,1000,1000,True,0.08656341356428382,375.0220481398394,0.12304305730360118,True
pud,equalize,720,1000,1000,True,0.09594791797096465,335.97620497737637,0.12014694655059736,True
pud,equalize,721,1000,1000,True,0.08666379981013332,361.879981649994,0.10956135887266409,True
pud,equalize,722,1000,1000,True,0.09270581041094791,332.8479489481646,0.12471893536871685,True
pud,equalize,723,1000,1000,True,0.09479866644892124,329.45507085337147,0.12734841824549542,True
pud,equalize,724,1000,1000,True,0.0814178060119681,353.58620140497567,0.11138694428892774,True
pud,equalize,725,1000,1000,True,0.06228677603742067,383.5367778649135,0.09331871578654188,True
pud,equalize,726,1000,1000,True,0.09230010031694721,340.1964108790685,0.11113645877539828,True
pud,equalize,727,1000,1000,True,0.09309588777699933,347.1635070669151,0.11734468800277727,True
pud,equalize,728,1000,1000,True,0.08831247552488455,364.8518663731899,0.11593077489563,True
pud,equalize,729,1000,1000,True,0.07626684472913686,401.3379084699077,0.10631411877945399,True
pud,equalize,730,1000,1000,True,0.09606325076816914,370.6798736362685,0.10632723539928197,True
pud,equalize,731,1000,1000,True,0.08218296284946199,359.9037023413346,0.11171388498644845,True
pud,equalize,732,1000,1000,True,0.0849944776710105,352.7572244122011,0.10153921519404324,True
pud,equalize,733,1000,1000,True,0.07737916824968039,347.5962162970132,0.09431729938332079,True
pud,equalize,734,1000,1000,True,0.0909547160424921,348.7038620018425,0.11147473832196521,True
pud,equalize,735,1000,1000,True,0.09166907134893047,328.11580656682787,0.07214181421356614,True
pud,equalize,736,1000,1000,True,0.08038483902875598,374.88496787147926,0.1078902757663464,True
pud,equalize,737,1000,1000,True,0.09625657008199813,333.3214787543701,0.11693851924815286,True
pud,equalize,738,1000,1000,True,0.07879116874120436,378.4800520172761,0.09756619531956652,True
pud,equalize,739,1000,1000,True,0.08158605242697604,360.78562015551563,0.10309763082380449,True
pud,equalize,740,1000,1000,True,0.08222107431631136,352.4001350226756,0.10908689480081442,True
pud,equalize,741,1000,1000,True,0.09334176615343195,322.4393219801208,0.11430901965859318,True
pud,equalize,742,1000,1000,True,0.09397477728322691,354.4833238376666,0.11142769952853833,True
pud,equalize,743,1000,1000,True,0.09693969042784752,357.8736248440223,0.16254647920282544,True
pud,equalize,744,1000,1000,True,0.08981763073096204,359.15437705671917,0.11148390295143039,True
pud,equalize,745,1000,1000,True,0.09409904881375965,408.1871349160823,0.13818892775141728,True
pud,equalize,746,1000,1000,True,0.09010281918281668,376.2065845237162,0.1219515609161135,True
pud,equalize,747,1000,1000,True,0.09354379445736356,326.10647843304184,0.11655318078292537,True
pud,equalize,748,1000,1000,True,0.09351247292523385,338.1741443398652,0.11530758864879623,True
pud,equalize,749,1000,1000,True,0.09642751451507789,333.77537203334816,0.11871658906201155,True
pud,equalize,750,1000,1000,True,0.09088446335327258,340.48528896268044,0.11450460069467477,True
pud,equalize,751,1000,1000,True,0.08304379626898949,366.7399401196984,0.08420441837619967,True
pud,equalize,752,1000,1000,True,0.08785427819708534,338.6674868598992,0.12269939981943427,True
pud,equalize,753,1000,1000,True,0.10057533016121319,351.58813902064446,0.13150034455195908,True
pud,equalize,754,1000,1000,True,0.09611896949247997,338.07550916917955,0.11511905592488604,True
pud,equalize,755,1000,1000,True,0.07970327610721044,371.66283666247824,0.10104149007239245,True
pud,equalize,756,1000,1000,True,0.10836884375269627,326.66498832749124,0.07613963050431315,True
pud,equalize,757,1000,1000,True,0.08186251346685558,380.669578084459,0.1164273688709928,True
pud,equalize,758,1000,1000,True,0.07911720014020145,357.7899844867098,0.10571763930044627,True
pud,equalize,759,1000,1000,True,0.08297918153308838,384.51661804270566,0.11293971734109494,True
pud,equalize,760,1000,1000,True,0.09727063873797595,359.22919776098377,0.07444882159602687,True
pud,equalize,761,1000,1000,True,0.09319748777941958,351.5924083310105,0.1111180392284498,True
pud,equalize,762,1000,1000,True,0.09169703200765196,351.75408421083046,0.10192525947241203,True
pud,equalize,763,1000,1000,True,0.07945900332798382,357.1477080634846,0.08910246494491193,True
pud,equalize,764,1000,1000,True,0.08165091609262833,352.19662718288487,0.10143946135990498,True
pud,equalize,765,1000,1000,True,0.09825408231395796,320.2527214310598,0.12011861627286856,True
pud,equalize,766,1000,1000,True,0.09349160918314713,359.8000364077247,0.07508296563399092,True
pud,equalize,767,1000,1000,True,0.07860744082519427,357.9994762216839,0.0965136234226694,True
pud,equalize,768,1000,1000,True,0.09580547098994367,339.53332896639176,0.11738380175126484,True
pud,equalize,769,1000,1000,True,0.0949007955059088,343.24541034659154,0.1220798964248869,True
pud,equalize,770,1000,1000,True,0.08389116921109718,365.31271147333484,0.12230562608825281,True
pud,equalize,771,1000,1000,True,0.08294857472785604,345.56206895433417,0.10790412754265122,True
pud,equalize,772,1000,1000,True,0.09079122979345201,346.52838267449323,0.10358773939557914,True
pud,equalize,773,1000,1000,True,0.0904091106247076,330.24804851959385,0.10620986446014313,True
pud,equalize,774,1000,1000,True,0.09472551900421176,347.7291152549639,0.1174842274677912,True
pud,equalize,775,1000,1000,True,0.08385743045178114,356.73615736984107,0.06662535664556062,True
pud,equalize,776,1000,1000,True,0.09499372233969262,335.20871017173766,0.11744571585562202,True
pud,equalize,777,1000,1000,True,0.09187608334794221,348.374921598843,0.11668164771539802,True
pud,equalize,778,1000,1000,True,0.09918885590530052,340.02175599658324,0.11851900717491855,True
pud,equalize,779,1000,1000,True,0.08539910009067013,365.6536436301435,0.09697187832142463,True
pud,equalize,780,1000,1000,True,0.0854074034724229,355.0411806199388,0.08442010687297455,True
pud,equalize,781,1000,1000,True,0.09433300353299238,334.15388270077005,0.11407970140040224,True
pud,equalize,782,1000,1000,True,0.09086888940516658,336.08404817694037,0.12610675420765585,True
pud,equalize,783,1000,1000,True,0.09734094338591166,353.7271321230533,0.11765128637284501,True
pud,equalize,784,1000,1000,True,0.09686574583437317,330.2485021782839,0.13382077382145435,True
pud,equalize,785,1000,1000,True,0.09229293072455981,331.6716583595891,0.11784485301749946,True
pud,equalize,786,1000,1000,True,0.09435425497612053,356.0289812023735,0.11833536774464032,True
pud,equalize,787,1000,1000,True,0.09645527268962349,329.4092649440814,0.11730316110377534,True
pud,equalize,788,1000,1000,True,0.09258420991684234,350.06656144082086,0.11441117045955752,True
pud,equalize,789,1000,1000,True,0.09235993733589991,332.74822118833333,0.11001726856596672,True
pud,equalize,790,1000,1000,True,0.07864286833998833,395.5507853310368,0.10625290119495881,True
pud,equalize,791,1000,1000,True,0.08213704221423915,364.1571055190328,0.11186384801993521,True
pud,equalize,792,1000,1000,True,0.07121725064984928,382.8964639742707,0.09343681829100176,True
pud,equalize,793,1000,1000,True,0.07054584272603118,393.40269378716766,0.08768030523399155,True
pud,equalize,794,1000,1000,True,0.09389021629567898,318.69696387634446,0.11945262814342082,True
pud,equalize,795,1000,1000,True,0.0662613605446988,402.24466894664994,0.08238623581552838,True
pud,equalize,796,1000,1000,True,0.08312949217417248,399.6901187870423,0.1856149602181627,True
pud,equalize,797,1000,1000,True,0.058508177121864395,380.89086079742054,0.05624372008840379,True
pud,equalize,798,1000,1000,True,0.093373057683866,342.0904068751417,0.1130378959726601,True
pud,equalize,799,1000,1000,True,0.07581566664378792,363.57207228278685,0.08084841401896957,True
pud,equalize,800,1000,1000,True,0.09486806888425188,336.82493660060265,0.11426431941493383,True
pud,equalize,801,1000,1000,True,0.07085379747962667,369.044030755139,0.08023880330336162,True
pud,equalize,802,1000,1000,True,0.08518150845527478,342.7360003836772,0.12153177453745265,True
pud,equalize,803,1000,1000,True,0.0856732927254448,340.35013432640216,0.10302101188053285,True
pud,equalize,804,1000,1000,True,0.0946504883150193,338.5473000202483,0.1209129627786088,True
pud,equalize,805,1000,1000,True,0.09103937487580732,344.86899451095917,0.07665950047023316,True
pud,equalize,806,1000,1000,True,0.09335465298831067,351.7181372860945,0.1183901564143002,True
pud,equalize,807,1000,1000,True,0.08947384678921132,350.5794870995735,0.11308068571370393,True
pud,equalize,808,1000,1000,True,0.09125088939191121,348.9452203297819,0.11412543186131155,True
pud,equalize,809,1000,1000,True,0.09685661796926653,331.4439417820154,0.12003718765346466,True
pud,equalize,810,1000,1000,True,0.09994684019116128,347.6053643774791,0.142483224050421,True
pud,equalize,811,1000,1000,True,0.07850641555917973,381.8425609999493,0.11179005399783787,True
pud,equalize,812,1000,1000,True,0.08709801417985415,378.40756781015887,0.11678312917223642,True
pud,equalize,813,1000,1000,True,0.0902895746138535,366.09868491979046,0.10516641662234757,True
pud,equalize,814,1000,1000,True,0.08884568672356985,348.6490113552597,0.07735432346045495,True
pud,equalize,815,1000,1000,True,0.06349514514346843,433.16857084049855,0.05576675853969541,True
pud,equalize,816,1000,1000,True,0.09603685249443068,323.3083784871651,0.08889733223788185,True
pud,equalize,817,1000,1000,True,0.09273474118269928,341.4023812160659,0.11127372045634823,True
pud,equalize,818,1000,1000,True,0.09581104797245592,344.43041886424606,0.12413930048911152,True
pud,equalize,819,1000,1000,True,0.08809332243019401,359.23153580803563,0.11068241521143743,True
pud,equalize,820,1000,1000,True,0.08341248907288004,381.5467103658476,0.10208927042447932,True
pud,equalize,821,1000,1000,True,0.09575802773941833,338.3317678714194,0.11906565830521544,True
pud,equalize,822,1000,1000,True,0.07805243489214538,342.6466721916324,0.09520959594754,True
pud,equalize,823,1000,1000,True,0.09438833365869002,344.6448205196184,0.11493182036900544,True
pud,equalize,824,1000,1000,True,0.08804958199156251,360.4659493918947,0.10424676091128121,True
pud,equalize,825,1000,1000,True,0.09737132629878874,346.6870022354458,0.11632882300499905,True
pud,equalize,826,1000,1000,True,0.09513202716536946,327.03276647914043,0.1157744715885369,True
pud,equalize,827,1000,1000,True,0.08719796124018292,383.5108685800182,0.06197218013843882,True
pud,equalize,828,1000,1000,True,0.08427904781874655,347.50956198499057,0.09781966527023207,True
pud,equalize,829,1000,1000,True,0.08341218195662689,372.75794756248996,0.10791384537996669,True
pud,equalize,830,1000,1000,True,0.08810456680194294,357.1734833998739,0.10548823525767116,True
pud,equalize,831,1000,1000,True,0.0804312381732003,373.0936659325645,0.0987889607467965,True
pud,equalize,832,1000,1000,True,0.08220868882617285,380.8718373928427,0.11038842699674098,True
pud,equalize,833,1000,1000,True,0.09439722675880413,362.7483030959621,0.11541324356469433,True
pud,equalize,834,1000,1000,True,0.07345795471636214,366.0956000814541,0.12675878716466482,True
pud,equalize,835,1000,1000,True,0.09534560332849162,357.32393111992934,0.0949262059070162,True
pud,equalize,836,1000,1000,True,0.09204233526742725,320.95530205777874,0.11412213297414267,True
pud,equalize,837,1000,1000,True,0.08829359273763028,342.8576608448468,0.10720984614815522,True
pud,equalize,838,1000,1000,True,0.09435590882856357,325.88067766592116,0.11591429305022455,True
pud,equalize,839,1000,1000,True,0.08658678654932443,345.56259197864574,0.11622484806891328,True
pud,equalize,840,1000,1000,True,0.06481083585670258,396.88489116997135,0.07190976512955424,True
pud,equalize,841,1000,1000,True,0.09405388263918812,335.11703596057305,0.08809163298786744,True
pud,equalize,842,1000,1000,True,0.08734264510719256,324.4994422861155,0.10213001578114433,True
pud,equalize,843,1000,1000,True,0.08316604245293839,339.00722525486094,0.10702231450715846,True
pud,equalize,844,1000,1000,True,0.0963971312518181,320.59980311285284,0.11888487999471602,True
pud,equalize,845,1000,1000,True,0.08390520150447273,381.96790176008244,0.10325421044833301,True
pud,equalize,846,1000,1000,True,0.09271748939389036,319.905299137104,0.11589556335312526,True
pud,equalize,847,1000,1000,True,0.09701877125231304,387.98187705613265,0.13607700071451012,True
pud,equalize,848,1000,1000,True,0.09737264553644126,336.00894297027276,0.12394961142673867,True
pud,equalize,849,1000,1000,True,0.06345851079715464,418.3857225467906,0.06826274583647952,True
pud,equalize,850,1000,1000,True,0.06340600509006605,400.498923562848,0.07128054814049817,True
pud,equalize,851,1000,1000,True,0.09948410072115191,356.7442565073753,0.12129271603424074,True
pud,equalize,852,1000,1000,True,0.09688041757053886,341.0718069131484,0.11816823694302213,True
pud,equalize,853,1000,1000,True,0.0917381128976648,379.00044515013434,0.13188088106364568,True
pud,equalize,854,1000,1000,True,0.09694848065459596,345.0377190974923,0.12667049506885042,True
pud,equalize,855,1000,1000,True,0.07746039290589612,369.2936349898276,0.10665727678577784,True
pud,equalize,856,1000,1000,True,0.09531520159093716,343.54783069465014,0.12008928314352586,True
pud,equalize,857,1000,1000,True,0.08641679006384276,334.67452546616096,0.1126148006850491,True
pud,equalize,858,1000,1000,True,0.09011147006367745,348.8150340667672,0.11204465379679855,True
pud,equalize,859,1000,1000,True,0.08784603534551759,319.28005652718116,0.11651897477012696,True
pud,equalize,860,1000,1000,True,0.09259618689320039,368.31926873841394,0.07570239000092303,True
pud,equalize,861,1000,1000,True,0.09289790227402114,349.914014032019,0.12037714345616723,True
pud,equalize,862,1000,1000,True,0.08413748595727041,340.40799751915347,0.09927375730216365,True
pud,equalize,863,1000,1000,True,0.07904552134336545,383.2117702576475,0.0957285507677765,True
pud,equalize,864,1000,1000,True,0.10017490876301817,333.5591156002186,0.12659343643391688,True
pud,equalize,865,1000,1000,True,0.08817600174622695,357.14832271200714,0.11934888994399653,True
pud,equalize,866,1000,1000,True,0.09275447744675054,347.4789344061018,0.12245052969351429,True
pud,equalize,867,1000,1000,True,0.08820876191746684,322.7888356867381,0.07674411466557204,True
pud,equalize,868,1000,1000,True,0.08326943920894891,382.8057332786436,0.11182415594070833,True
pud,equalize,869,1000,1000,True,0.08978044481737066,346.6565457855945,0.11917431936059769,True
pud,equalize,870,1000,1000,True,0.09282021916813035,320.5350899667617,0.07277022098172023,True
pud,equalize,871,1000,1000,True,0.08665118878883611,366.8657292675346,0.07093887474873903,True
pud,equalize,872,1000,1000,True,0.08709318409639978,354.9151121592317,0.07758827390085167,True
pud,equalize,873,1000,1000,True,0.08621706098527293,347.65491816455005,0.10334432438559966,True
pud,equalize,874,1000,1000,True,0.09604186072929699,330.33464891076744,0.10785443093171897,True
pud,equalize,875,1000,1000,True,0.09577518364623028,328.4130660479269,0.11620348213052507,True
pud,equalize,876,1000,1000,True,0.09124184387699578,332.1439712519256,0.11275884022719779,True
pud,equalize,877,1000,1000,True,0.09468559995852681,338.3875018835654,0.11890944785896307,True
pud,equalize,878,1000,1000,True,0.09131838144712956,355.4514652086836,0.11494597711238522,True
pud,equalize,879,1000,1000,True,0.08457765443442866,349.86866300227575,0.12368126299005365,True
pud,equalize,880,1000,1000,True,0.09280359654056625,355.0048696229391,0.12487301154511202,True
pud,equalize,881,1000,1000,True,0.09242948596926853,339.6539384594267,0.1135721748003836,True
pud,equalize,882,1000,1000,True,0.0834785039233691,364.9614948402091,0.10507266386343322,True
pud,equalize,883,1000,1000,True,0.08460640535538957,353.3126652470868,0.1204394914930776,True
pud,equalize,884,1000,1000,True,0.09020944353948594,368.5655713370417,0.11136017418746133,True
pud,equalize,885,1000,1000,True,0.09930038665646503,340.95498217653306,0.12084913357744752,True
pud,equalize,886,1000,1000,True,0.0924143620926296,338.3650403868579,0.10966717268823929,True
pud,equalize,887,1000,1000,True,0.08476865758428628,349.7229171429862,0.10803743978390883,True
pud,equalize,888,1000,1000,True,0.10117232823257553,343.9237312413902,0.1254540474623731,True
pud,equalize,889,1000,1000,True,0.09590730092318504,343.11162194831,0.11590140339375522,True
pud,equalize,890,1000,1000,True,0.07539852963821601,318.3828707703981,0.09055591274639847,True
pud,equalize,891,1000,1000,True,0.09766346790362794,343.19421876103917,0.12453855518832334,True
pud,equalize,892,1000,1000,True,0.09198616106328437,337.20836049985473,0.10791910035865858,True
pud,equalize,893,1000,1000,True,0.08702026938564725,375.24854210376355,0.10889641187164303,True
pud,equalize,894,1000,1000,True,0.09484125528325583,342.291466905034,0.0732060503132708,True
pud,equalize,895,1000,1000,True,0.08388319259541807,367.4462790177634,0.10720065355890694,True
pud,equalize,896,1000,1000,True,0.08952525266201448,341.19922452432394,0.11576389552089564,True
pud,equalize,897,1000,1000,True,0.10012046077933653,334.82321268992087,0.08185641674885949,True
pud,equalize,898,1000,1000,True,0.08910279193641575,367.955039904334,0.1284865746937913,True
pud,equalize,899,1000,1000,True,0.09187147221748113,336.43520193344807,0.10829842400503946,True
pud,equalize,900,1000,1000,True,0.09150801084813677,337.4116388271158,0.11610820357869467,True
pud,equalize,901,1000,1000,True,0.09753988674472018,347.5906768470639,0.12518919016166424,True
pud,equalize,902,1000,1000,True,0.08659763561337666,360.5947312302275,0.12691871560321735,True
pud,equalize,903,1000,1000,True,0.09552779700171045,345.06962323421055,0.12674906481745246,True
pud,equalize,904,1000,1000,True,0.07648751290001284,383.0334648447835,0.08389913918244665,True
pud,equalize,905,1000,1000,True,0.08405759269030307,348.17081273277347,0.1164648195702499,True
pud,equalize,906,1000,1000,True,0.0860325455213833,377.5467093950098,0.10917012208271802,True
pud,equalize,907,1000,1000,True,0.08827928744950649,340.6224487963176,0.11139273143829427,True
pud,equalize,908,1000,1000,True,0.09496109079740028,332.2482686772047,0.11806112457452905,True
pud,equalize,909,1000,1000,True,0.08770502681371839,360.3131834931939,0.10689772197274816,True
pud,equalize,910,1000,1000,True,0.08331263743007754,347.0225012819774,0.0977330099534845,True
pud,equalize,911,1000,1000,True,0.07816387975763123,351.21539220113914,0.09694192674221938,True
pud,equalize,912,1000,1000,True,0.09445217680765067,355.3994484956329,0.08339174175296132,True
pud,equalize,913,1000,1000,True,0.08177430472697549,403.80879027579374,0.12945545971253092,True
pud,equalize,914,1000,1000,True,0.09606000632320827,331.56405630134276,0.1188984419837907,True
pud,equalize,915,1000,1000,True,0.08461656143531124,318.11212142733575,0.08118386691278989,True
pud,equalize,916,1000,1000,True,0.08525239144395645,345.6235460135782,0.104414292929183,True
pud,equalize,917,1000,1000,True,0.09556963655941549,349.35073095100284,0.07073424354495171,True
pud,equalize,918,1000,1000,True,0.08265337333380163,379.64830087727245,0.1246989936300437,True
pud,equalize,919,1000,1000,True,0.09692521681338137,341.13342482964055,0.13306895826721193,True
pud,equalize,920,1000,1000,True,0.09654332808397928,391.50348287084245,0.08385865827629986,True
pud,equalize,921,1000,1000,True,0.0855884958232352,369.15290528316314,0.1015235781165156,True
pud,equalize,922,1000,1000,True,0.09319432439137822,335.7461437217113,0.11555458920536109,True
pud,equalize,923,1000,1000,True,0.09264694700918889,337.64682174722157,0.11264134659601226,True
pud,equalize,924,1000,1000,True,0.0924237256429776,351.78846907765467,0.08378359838312444,True
pud,equalize,925,1000,1000,True,0.09608379509059967,341.79929600717435,0.11658091875295867,True
pud,equalize,926,1000,1000,True,0.0829748467017878,358.8202971391111,0.11446050318832018,True
pud,equalize,927,1000,1000,True,0.08930350455567758,388.9588871384738,0.12738713426130852,True
pud,equalize,928,1000,1000,True,0.09220616727719798,333.2026866638383,0.11594155136676985,True
pud,equalize,929,1000,1000,True,0.08620901316345805,341.5875889490132,0.12257861120899488,True
pud,equalize,930,1000,1000,True,0.07609609827605819,393.8245211652012,0.14563580315462893,True
pud,equalize,931,1000,1000,True,0.10249243934777233,371.12318989252077,0.13833330254350393,True
pud,equalize,932,1000,1000,True,0.07477891612143289,369.10755126385584,0.10177029569781033,True
pud,equalize,933,1000,1000,True,0.09654718286163776,328.2880812807556,0.11675151993617645,True
pud,equalize,934,1000,1000,True,0.09240736168632434,339.3582330797354,0.11677573684652726,True
pud,equalize,935,1000,1000,True,0.0882158715878271,352.6353447387258,0.10250806412120242,True
pud,equalize,936,1000,1000,True,0.09865715106767539,332.7909205957999,0.11655770520208139,True
pud,equalize,937,1000,1000,True,0.0729372392142555,378.2105166160772,0.10146134944942711,True
pud,equalize,938,1000,1000,True,0.09879390944390185,341.8476138266874,0.12842039567253855,True
pud,equalize,939,1000,1000,True,0.09111700793925616,339.603294324422,0.1156542180300751,True
pud,equalize,940,1000,1000,True,0.09212518321672988,326.4158093230167,0.11417314120597499,True
pud,equalize,941,1000,1000,True,0.07553584628554892,352.5470926826656,0.08265118657330522,True
pud,equalize,942,1000,1000,True,0.07779237640772066,334.6436262040561,0.10940485239876274,True
pud,equalize,943,1000,1000,True,0.08801809858780378,354.6059515349397,0.10507624274841319,True
pud,equalize,944,1000,1000,True,0.06774439888468206,352.1261980810289,0.08796160147094488,True
pud,equalize,945,1000,1000,True,0.08460862402414579,371.39720580397477,0.0759436568275829,True
pud,equalize,946,1000,1000,True,0.07742292064999426,377.01531994204163,0.08595081855268479,True
pud,equalize,947,1000,1000,True,0.09907633669967396,341.49422685456926,0.12336832136350637,True
pud,equalize,948,1000,1000,True,0.06058378954436207,391.1058664402773,0.09339652886985828,True
pud,equalize,949,1000,1000,True,0.08919668861151327,340.37910057904554,0.11533499249502364,True
pud,equalize,950,1000,1000,True,0.07216234697532817,359.0743856083305,0.07541836482638974,True
pud,equalize,951,1000,1000,True,0.09001765533274536,365.5115262259181,0.1146456435292982,True
pud,equalize,952,1000,1000,True,0.07981096183877018,360.5265549387451,0.10778290881256994,True
pud,equalize,953,1000,1000,True,0.06894098030512838,377.8169090856046,0.0703935883724549,True
pud,equalize,954,1000,1000,True,0.08551523147846128,379.0962303109858,0.11198649609949396,True
pud,equalize,955,1000,1000,True,0.09118509462341683,361.41513980324623,0.06404357987696183,True
pud,equalize,956,1000,1000,True,0.07515221672720204,378.979890388659,0.10900873166974706,True
pud,equalize,957,1000,1000,True,0.08628405572065408,361.9485146757754,0.11114986824048216,True
pud,equalize,958,1000,1000,True,0.08965266034074415,337.66816237839186,0.11263911782412685,True
pud,equalize,959,1000,1000,True,0.09249971371327069,331.84091660914874,0.11271994357260984,True
pud,equalize,960,1000,1000,True,0.09679837770296527,339.99811898156145,0.07707350267643748,True
pud,equalize,961,1000,1000,True,0.0874326718038825,346.49250721913165,0.07282279862790224,True
pud,equalize,962,1000,1000,True,0.09568325059509863,333.38169217729995,0.11701327929284008,True
pud,equalize,963,1000,1000,True,0.08273905955054507,342.17079930935074,0.09198217151461043,True
pud,equalize,964,1000,1000,True,0.08804656385917288,350.1285691842355,0.10448944125285259,True
pud,equalize,965,1000,1000,True,0.06791250362155815,371.12291410663397,0.08332452620127322,True
pud,equalize,966,1000,1000,True,0.0936319324025308,333.25608723472703,0.11499197985989616,True
pud,equalize,967,1000,1000,True,0.05339046823886669,414.2459084698363,0.057204092057720375,True
pud,equalize,968,1000,1000,True,0.09331611216785371,329.47257412415985,0.11345782051950865,True
pud,equalize,969,1000,1000,True,0.09449637199907547,338.70034599185163,0.0673832222587738,True
pud,equalize,970,1000,1000,True,0.09228507630512084,340.9054038160733,0.11659959500596713,True
pud,equalize,971,1000,1000,True,0.08992802334487314,352.1683750707891,0.11446713690880352,True
pud,equalize,972,1000,1000,True,0.07926932914570349,349.2954378402329,0.11536897543892449,True
pud,equalize,973,1000,1000,True,0.09312408753385101,346.9428478568192,0.11812309127075038,True
pud,equalize,974,1000,1000,True,0.09737637239718148,365.79509242744086,0.15378836468052812,True
pud,equalize,975,1000,1000,True,0.09620000770000739,344.85247329256606,0.11921322271097197,True
pud,equalize,976,1000,1000,True,0.07891503791975611,364.1203632372131,0.08847391399045328,True
pud,equalize,977,1000,1000,True,0.08684936227972583,334.8032861233593,0.10329455664312019,True
pud,equalize,978,1000,1000,True,0.09602926251543985,327.1911661643694,0.11611811727931963,True
pud,equalize,979,1000,1000,True,0.09286986447925431,360.97451471121894,0.1289239722366789,True
pud,equalize,980,1000,1000,True,0.08925095635272791,377.48540452711546,0.1554136968239731,True
pud,equalize,981,1000,1000,True,0.09229506895325676,339.5951507177333,0.11909523888857156,True
pud,equalize,982,1000,1000,True,0.09792966422796756,347.57588017438724,0.08573241172248151,True
pud,equalize,983,1000,1000,True,0.09820478477694668,341.2570742651352,0.08355525930798546,True
pud,equalize,984,1000,1000,True,0.06786099718005627,360.35694719402875,0.07068335232780273,True
pud,equalize,985,1000,1000,True,0.09130256240234755,343.0054553735261,0.11545722311908585,True
pud,equalize,986,1000,1000,True,0.06220929925324868,373.9584033338467,0.07656905138258949,True
pud,equalize,987,1000,1000,True,0.08136920581104984,373.3338262078592,0.12021950294727095,True
pud,equalize,988,1000,1000,True,0.07937251988931841,351.61161416540267,0.10251225521436841,True
pud,equalize,989,1000,1000,True,0.07551907289135884,343.476674490423,0.09560143020263935,True
pud,equalize,990,1000,1000,True,0.08904813235853523,332.3284700172406,0.11267742880880342,True
pud,equalize,991,1000,1000,True,0.10034322271922011,330.21291578464945,0.12369260933838479,True
pud,equalize,992,1000,1000,True,0.09485078534984032,321.333748104677,0.11602293515284588,True
pud,equalize,993,1000,1000,True,0.08040084069949259,359.7804627477707,0.07817942010782034,True
pud,equalize,994,1000,1000,True,0.09424149698029217,367.8690961619364,0.08280333311714355,True
pud,equalize,995,1000,1000,True,0.08385121376213177,338.7717078963354,0.0711984567733991,True
pud,equalize,996,1000,1000,True,0.08818857180797784,344.4381164679658,0.11930739217316123,True
pud,equalize,997,1000,1000,True,0.07744482384730914,354.53227474942247,0.08905023620351175,True
pud,equalize,998,1000,1000,True,0.0855563751764492,346.9927232306176,0.10882619283478395,True
pud,equalize,999,1000,1000,True,0.08769604563350097,376.06696339348923,0.12394260718793683,True
tobacco,equalize,0,1000,1000,True,0.016814716455512795,437.23548240164587,0.014792166573958147,True
tobacco,equalize,1,1000,1000,True,0.01802802568593636,455.74389110990836,0.01805558878428356,True
tobacco,equalize,2,1000,1000,True,0.021419768155478174,410.573444046251,0.022362259298126734,True
tobacco,equalize,3,1000,1000,True,0.017936722693979144,438.2299130718943,0.016618041078314258,True
tobacco,equalize,4,1000,1000,True,0.020939213002310192,427.1669983870477,0.022155905778589172,True
tobacco,equalize,5,1000,1000,True,0.02174406687791479,415.08646705957545,0.022824951011310365,True
tobacco,equalize,6,1000,1000,True,0.01841725170861704,417.85021181758424,0.018721845238503308,True
tobacco,equalize,7,1000,1000,True,0.021693901256066267,430.26193391351734,0.023850445778723375,True
tobacco,equalize,8,1000,1000,True,0.017809671774392178,416.4790546462091,0.018664218732827732,True
tobacco,equalize,9,1000,1000,True,0.021849660088460187,430.2485578546429,0.02342968664138112,True
tobacco,equalize,10,1000,1000,True,0.015005384505487275,427.5790001566962,0.014471095839344368,True
tobacco,equalize,11,1000,1000,True,0.019617171232546745,417.95204063504707,0.0202135836914031,True
tobacco,equalize,12,1000,1000,True,0.017374291632928578,423.05613725722026,0.01758674508846023,True
tobacco,equalize,13,1000,1000,True,0.020314072320067322,408.4791912435688,0.020081785520639397,True
tobacco,equalize,14,1000,1000,True,0.021607338125251462,430.60857861287434,0.02310416432106966,True
tobacco,equalize,15,1000,1000,True,0.016566809166470846,446.7204261716717,0.014876463952406651,True
tobacco,equalize,16,1000,1000,True,0.02111099604011212,440.15613037193975,0.018277881433614578,True
tobacco,equalize,17,1000,1000,True,0.020457407303551688,442.63711701460375,0.020384822826413084,True
tobacco,equalize,18,1000,1000,True,0.017859772346071303,434.10368582171697,0.017993869759066927,True
tobacco,equalize,19,1000,1000,True,0.01890793715039898,419.9177464111275,0.019151140711166696,True
tobacco,equalize,20,1000,1000,True,0.017937854764192542,442.38041760344686,0.018051666330169355,True
tobacco,equalize,21,1000,1000,True,0.021912023639351613,415.4551865977845,0.02240574579688217,True
tobacco,equalize,22,1000,1000,True,0.021410941576679002,415.992444349654,0.0225776900125245,True
tobacco,equalize,23,1000,1000,True,0.020692305086793955,418.56671152756525,0.021816118909290822,True
tobacco,equalize,24,1000,1000,True,0.02138517930919722,419.60271942755566,0.02186805193112247,True
tobacco,equalize,25,1000,1000,True,0.020721127328280572,420.41956562938407,0.02241584772084679,True
tobacco,equalize,26,1000,1000,True,0.021787781595992695,432.52231144762925,0.023170692953838556,True
tobacco,equalize,27,1000,1000,True,0.019498408365412223,409.2650852247233,0.019974636699509784,True
tobacco,equalize,28,1000,1000,True,0.0186529262558558,433.85774418696275,0.018089340590655954,True
tobacco,equalize,29,1000,1000,True,0.020665870895002224,432.1431674387552,0.022005118149961485,True
tobacco,equalize,30,1000,1000,True,0.021049247789059897,412.54869509428823,0.021984449965311743,True
tobacco,equalize,31,1000,1000,True,0.016981225419218295,429.554551104979,0.01717030049587209,True
tobacco,equalize,32,1000,1000,True,0.018585117496373777,413.94766258066977,0.018819786099910855,True
tobacco,equalize,33,1000,1000,True,0.021029887947079638,430.87830588113854,0.020866336099852636,True
tobacco,equalize,34,1000,1000,True,0.019234128541991868,407.6707806539488,0.019254927109834834,True
tobacco,equalize,35,1000,1000,True,0.01981088979600977,435.7203506367358,0.0207234477147448,True
tobacco,equalize,36,1000,1000,True,0.01361409263948836,442.9767349545572,0.011704216056928457,True
tobacco,equalize,37,1000,1000,True,0.020068199175410324,433.62731053175145,0.018817294917065873,True
tobacco,equalize,38,1000,1000,True,0.02234467371508002,436.09387979080833,0.024693522346087658,True
tobacco,equalize,39,1000,1000,True,0.01845659009252296,440.95116484141414,0.01812014754051422,True
tobacco,equalize,40,1000,1000,True,0.020135852820653718,407.1475557472991,0.021036354875169562,True
tobacco,equalize,41,1000,1000,True,0.02179808614140626,424.31141377059373,0.022945729871121874,True
tobacco,equalize,42,1000,1000,True,0.021207318599586338,430.85701009847804,0.022592511118729588,True
tobacco,equalize,43,1000,1000,True,0.02141198278508349,420.34161464694404,0.022035292150693744,True
tobacco,equalize,44,1000,1000,True,0.02123260731099743,404.49201503985216,0.020971256158058935,True
tobacco,equalize,45,1000,1000,True,0.02171805337747089,433.5094165713128,0.0229002918448317,True
tobacco,equalize,46,1000,1000,True,0.01885451728802637,387.42815996775454,0.019452601544579295,True
tobacco,equalize,47,1000,1000,True,0.02186019699784996,423.96758280675186,0.02323340677213698,True
tobacco,equalize,48,1000,1000,True,0.017993196366403032,444.0465554139566,0.018877385808816764,True
tobacco,equalize,49,1000,1000,True,0.01609051418493367,414.5163224771734,0.0160779863879949,True
tobacco,equalize,50,1000,1000,True,0.018580090556534416,432.4429729698472,0.01843206183489386,True
tobacco,equalize,51,1000,1000,True,0.018798464064129394,426.58952682877714,0.017413260603798032,True
tobacco,equalize,52,1000,1000,True,0.01779773653510915,432.21259858430784,0.0175949553087634,True
tobacco,equalize,53,1000,1000,True,0.019175769730417964,434.51597471669555,0.02005007440511925,True
tobacco,equalize,54,1000,1000,True,0.019343736617068286,409.79165045666804,0.019829640154482527,True
tobacco,equalize,55,1000,1000,True,0.01811334540964467,420.8736712316417,0.01750309381577682,True
tobacco,equalize,56,1000,1000,True,0.019370089848593047,435.50027633056675,0.017797971988371693,True
tobacco,equalize,57,1000,1000,True,0.014726822055140618,446.92734068973675,0.014280355209757479,True
tobacco,equalize,58,1000,1000,True,0.01663898640494514,448.1809125330975,0.016802782061069495,True
tobacco,equalize,59,1000,1000,True,0.017791739836047555,407.61231095736053,0.01853030021874994,True
tobacco,equalize,60,1000,1000,True,0.02189004677516956,436.2989810256265,0.022654238739626017,True
tobacco,equalize,61,1000,1000,True,0.02024664163577673,436.56424992891937,0.020366662962732627,True
tobacco,equalize,62,1000,1000,True,0.02100624500558259,422.1202329905545,0.02066190738372225,True
tobacco,equalize,63,1000,1000,True,0.01953276133117698,429.6242435617431,0.020005232729814346,True
tobacco,equalize,64,1000,1000,True,0.020651532195430276,426.65445960402195,0.020637382530061248,True
tobacco,equalize,65,1000,1000,True,0.016658626828844676,429.8821602706956,0.016699966772997683,True
tobacco,equalize,66,1000,1000,True,0.018728934599270827,420.40404161235176,0.019383265227859513,True
tobacco,equalize,67,1000,1000,True,0.02134660829854388,391.97631510079793,0.021177912292331208,True
tobacco,equalize,68,1000,1000,True,0.022441445568075053,408.67333616961116,0.024585207060775178,True
tobacco,equalize,69,1000,1000,True,0.01824451386394363,414.1629309329844,0.018472167235944227,True
tobacco,equalize,70,1000,1000,True,0.020839414548888754,416.42137768251047,0.02250209059463801,True
tobacco,equalize,71,1000,1000,True,0.018737519443145216,403.82772350471436,0.019718447801546198,True
tobacco,equalize,72,1000,1000,True,0.021762917668217266,411.12281511003494,0.023283205825642535,True
tobacco,equalize,73,1000,1000,True,0.02016677867032105,415.6432734629541,0.021343024770666272,True
tobacco,equalize,74,1000,1000,True,0.021145328153497085,420.07042397674223,0.02278101440151756,True
tobacco,equalize,75,1000,1000,True,0.0197872945754608,439.42846789892894,0.0205435410894696,True
tobacco,equalize,76,1000,1000,True,0.018578186574987176,430.87364827174105,0.021041185344591488,True
tobacco,equalize,77,1000,1000,True,0.021824096413209454,406.26301714529717,0.02295856460037248,True
tobacco,equalize,78,1000,1000,True,0.01966917847642541,435.1966012551109,0.02056788823298655,True
tobacco,equalize,79,1000,1000,True,0.01795934953980153,439.7732276696707,0.01856232880771364,True
tobacco,equalize,80,1000,1000,True,0.019654466281308767,394.5817827320466,0.021495375334846096,True
tobacco,equalize,81,1000,1000,True,0.02160870564768288,407.69457575493936,0.022871210902946255,True
tobacco,equalize,82,1000,1000,True,0.020558197097952147,433.22660874419984,0.023502577564286933,True
tobacco,equalize,83,1000,1000,True,0.020045283441489713,406.71698769414587,0.02080507023938771,True
tobacco,equalize,84,1000,1000,True,0.017655762830745172,429.7715788357811,0.018410770706614052,True
tobacco,equalize,85,1000,1000,True,0.020311959814299233,428.1129657275052,0.020335387554048137,True
tobacco,equalize,86,1000,1000,True,0.01936290132634089,410.1611731990243,0.019244523791994733,True
tobacco,equalize,87,1000,1000,True,0.018508378176888222,420.5326796147952,0.0192525702800095,True
tobacco,equalize,88,1000,1000,True,0.019655844494558535,406.40136028807774,0.020465083682894306,True
tobacco,equalize,89,1000,1000,True,0.021191797379977256,439.7353972561226,0.02354410669763567,True
tobacco,equalize,90,1000,1000,True,0.016152921815544112,405.0153799746375,0.015864580598479196,True
tobacco,equalize,91,1000,1000,True,0.022466247370797707,428.2728802702781,0.021627906099350218,True
tobacco,equalize,92,1000,1000,True,0.021570196021394518,438.67385510308225,0.02295327383055574,True
tobacco,equalize,93,1000,1000,True,0.01569016977044666,418.58957942117956,0.015930939771896097,True
tobacco,equalize,94,1000,1000,True,0.017206523845033534,416.0116355295847,0.017191612081580085,True
tobacco,equalize,95,1000,1000,True,0.020619234898191154,422.48602054860936,0.02167007776191614,True
tobacco,equalize,96,1000,1000,True,0.019187599712077976,413.0581765211772,0.020230225947370985,True
tobacco,equalize,97,1000,1000,True,0.017600015660180837,427.03169844755087,0.017044924747761512,True
tobacco,equalize,98,1000,1000,True,0.017233744561324617,435.216720800109,0.01766630845086091,True
tobacco,equalize,99,1000,1000,True,0.02008044548551899,412.7043916303775,0.018615849744543646,True
tobacco,equalize,100,1000,1000,True,0.018403088732171047,426.6592091763636,0.019187904221013168,True
tobacco,equalize,101,1000,1000,True,0.016190440833926,454.70055121915124,0.015570195676447254,True
tobacco,equalize,102,1000,1000,True,0.020600379948610918,407.9580544908998,0.021871049905307267,True
tobacco,equalize,103,1000,1000,True,0.021059591060655802,428.2311353276406,0.02306748670013981,True
tobacco,equalize,104,1000,1000,True,0.020813562686620213,441.54160727614334,0.01943793947357375,True
tobacco,equalize,105,1000,1000,True,0.020805728297775057,421.50339508834327,0.019714310819224055,True
tobacco,equalize,106,1000,1000,True,0.019676267882247713,442.5001100915117,0.020388884244488325,True
tobacco,equalize,107,1000,1000,True,0.018898681839886546,440.1063334968039,0.019334925544032315,True
tobacco,equalize,108,1000,1000,True,0.018109232491554484,428.0805698358663,0.019245583600316234,True
tobacco,equalize,109,1000,1000,True,0.017074608249095242,456.282020902643,0.01695914645010157,True
tobacco,equalize,110,1000,1000,True,0.01570031255796938,448.429383487523,0.01619794071374075,True
tobacco,equalize,111,1000,1000,True,0.01741461646182924,462.73414145057416,0.017807988312655686,True
tobacco,equalize,112,1000,1000,True,0.01810947149805102,431.0214786991479,0.01978572128645074,True
tobacco,equalize,113,1000,1000,True,0.018212792167640962,440.7659415653619,0.0185367155310569,True
tobacco,equalize,114,1000,1000,True,0.021767401266692295,422.26871334613463,0.02316415020395266,True
tobacco,equalize,115,1000,1000,True,0.020020362953038558,418.57390557821446,0.019407346733094237,True
tobacco,equalize,116,1000,1000,True,0.019939669965495267,419.3336318303124,0.018932237493324282,True
tobacco,equalize,117,1000,1000,True,0.021054610137418755,411.68665462946444,0.021728440859385446,True
tobacco,equalize,118,1000,1000,True,0.020806054298002856,410.71853484351055,0.02115014958529877,True
tobacco,equalize,119,1000,1000,True,0.020177704261996974,434.56964482002195,0.02062838572863672,True
tobacco,equalize,120,1000,1000,True,0.02133392371435773,416.38692699819484,0.022273306677978544,True
tobacco,equalize,121,1000,1000,True,0.02084178122402169,449.13184174694186,0.01890996843696577,True
tobacco,equalize,122,1000,1000,True,0.02111548963419008,426.55901311659096,0.021776302190153925,True
tobacco,equalize,123,1000,1000,True,0.018699212935547604,431.7543666252838,0.01661864447291199,True
tobacco,equalize,124,1000,1000,True,0.01984940820875907,435.3540240493936,0.020781240659847704,True
tobacco,equalize,125,1000,1000,True,0.018933667962699696,438.3755131379945,0.01975851839943684,True
tobacco,equalize,126,1000,1000,True,0.019881544479086927,414.92348603567865,0.020239415415848422,True
tobacco,equalize,127,1000,1000,True,0.02187615142946597,432.37786124638706,0.02208849514016881,True
tobacco,equalize,128,1000,1000,True,0.02209627352239164,419.57144775949666,0.023533745784440344,True
tobacco,equalize,129,1000,1000,True,0.022435864219072683,419.2303995418271,0.023204782518475468,True
tobacco,equalize,130,1000,1000,True,0.02086201582345533,416.8975034405939,0.022243897202421224,True
tobacco,equalize,131,1000,1000,True,0.017881040585180023,414.0705653629584,0.01821173734345094,True
tobacco,equalize,132,1000,1000,True,0.021528164619041747,409.2828503614585,0.021765338502531675,True
tobacco,equalize,133,1000,1000,True,0.021311508294141055,398.92503736416444,0.021555941195664098,True
tobacco,equalize,134,1000,1000,True,0.015225497000457253,457.5873181798202,0.013043207041872092,True
tobacco,equalize,135,1000,1000,True,0.02220668834966623,405.75010445346777,0.02300827318184498,True
tobacco,equalize,136,1000,1000,True,0.0148641493704479,444.6610335030494,0.014580378769898072,True
tobacco,equalize,137,1000,1000,True,0.01793530249896715,415.87920863635395,0.01723825146960912,True
tobacco,equalize,138,1000,1000,True,0.019778945940215228,422.38372257936265,0.020083487340688724,True
tobacco,equalize,139,1000,1000,True,0.018195881322467675,418.23260167041013,0.01706829751589872,True
tobacco,equalize,140,1000,1000,True,0.018557877327051314,450.729976769906,0.019267955981484126,True
tobacco,equalize,141,1000,1000,True,0.01870007219343046,430.51646833890106,0.01969044694124337,True
tobacco,equalize,142,1000,1000,True,0.019969557835445365,404.8981095917836,0.0202454922966529,True
tobacco,equalize,143,1000,1000,True,0.018846056894380583,417.0627637646401,0.018414925832617845,True
tobacco,equalize,144,1000,1000,True,0.019088692786854624,458.88339826038595,0.019755859534418007,True
tobacco,equalize,145,1000,1000,True,0.01959478756619043,455.48332177589117,0.0199800786190711,True
tobacco,equalize,146,1000,1000,True,0.0169270014283156,438.00587794686044,0.016121476752068115,True
tobacco,equalize,147,1000,1000,True,0.016195562258673166,457.4614265694978,0.01601865508886288,True
tobacco,equalize,148,1000,1000,True,0.019583613192575483,419.36889978991053,0.01998507572857239,True
tobacco,equalize,149,1000,1000,True,0.018632470997354256,417.71542753410483,0.01712796441916246,True
tobacco,equalize,150,1000,1000,True,0.017833429331839006,428.2313853934576,0.01778636884604414,True
tobacco,equalize,151,1000,1000,True,0.020236515034714606,422.34791382934515,0.020576436967181377,True
tobacco,equalize,152,1000,1000,True,0.02136256041676687,427.0194748486303,0.0227393510933249,True
tobacco,equalize,153,1000,1000,True,0.020257793076687274,430.900630854725,0.01958117974750538,True
tobacco,equalize,154,1000,1000,True,0.01965428505049863,441.8372217864855,0.020181038779442405,True
tobacco,equalize,155,1000,1000,True,0.02166399924759101,408.3070578620947,0.023000090318164888,True
tobacco,equalize,156,1000,1000,True,0.0194427695573262,440.17800308511556,0.020350080509687358,True
tobacco,equalize,157,1000,1000,True,0.017074082326877467,414.1326801581831,0.017033080655475718,True
tobacco,equalize,158,1000,1000,True,0.01725842641749292,444.7711605747387,0.015411607387602666,True
tobacco,equalize,159,1000,1000,True,0.019317510752392554,420.3545178822276,0.01821457494131719,True
tobacco,equalize,160,1000,1000,True,0.02024383366783234,433.96126342797004,0.022515551524753624,True
tobacco,equalize,161,1000,1000,True,0.017323550750792817,445.5263400507315,0.017853420934734274,True
tobacco,equalize,162,1000,1000,True,0.01859614725710132,411.23444867253033,0.019052009634991558,True
tobacco,equalize,163,1000,1000,True,0.016652951856830387,393.8950355094616,0.01643172263040692,True
tobacco,equalize,164,1000,1000,True,0.019678544762781497,427.90144313731867,0.02002373772393336,True
tobacco,equalize,165,1000,1000,True,0.019005330089432483,435.93380098817755,0.020452695657669037,True
tobacco,equalize,166,1000,1000,True,0.01770520003581124,422.3531945078669,0.01915165085664512,True
tobacco,equalize,167,1000,1000,True,0.019353792134978384,430.1329245605363,0.017838150869449836,True
tobacco,equalize,168,1000,1000,True,0.020232810934975882,409.3878058259674,0.0218087459659155,True
tobacco,equalize,169,1000,1000,True,0.018269681240216037,420.6219347953694,0.018738102190489426,True
tobacco,equalize,170,1000,1000,True,0.016562418830236476,419.7267105141154,0.01623332016011932,True
tobacco,equalize,171,1000,1000,True,0.02005963738095038,429.870097958674,0.02091517446578803,True
tobacco,equalize,172,1000,1000,True,0.016774475176431443,438.6500334879732,0.01560549797062932,True
tobacco,equalize,173,1000,1000,True,0.019199249662565258,434.37525340999804,0.02001591301902028,True
tobacco,equalize,174,1000,1000,True,0.022078162633304168,411.26114603618953,0.023223317115024247,True
tobacco,equalize,175,1000,1000,True,0.020841124016759863,413.60603479156345,0.02124736082035127,True
tobacco,equalize,176,1000,1000,True,0.018494477583353503,411.9406960959308,0.019239967849009124,True
tobacco,equalize,177,1000,1000,True,0.02102006605995861,419.30839664857655,0.021324290152561935,True
tobacco,equalize,178,1000,1000,True,0.020039643842726513,423.4901417695576,0.020930571324892167,True
tobacco,equalize,179,1000,1000,True,0.01862283319124704,439.0411809739492,0.018784265672891477,True
tobacco,equalize,180,1000,1000,True,0.02023977627050464,433.26997565490274,0.02092281308119242,True
tobacco,equalize,181,1000,1000,True,0.021372875026068584,407.33093518538465,0.023140212851156004,True
tobacco,equalize,182,1000,1000,True,0.016550276461800687,437.5106326433679,0.016371470172827623,True
tobacco,equalize,183,1000,1000,True,0.021442792387797584,425.9805476485986,0.022784440865665244,True
tobacco,equalize,184,1000,1000,True,0.015606491887976007,441.49341644468495,0.015655438133199705,True
tobacco,equalize,185,1000,1000,True,0.018831872451408046,429.2039650329433,0.01994852633106858,True
tobacco,equalize,186,1000,1000,True,0.020359042686868375,426.4297640221658,0.019569529566911333,True
tobacco,equalize,187,1000,1000,True,0.019003636619417712,421.17809149930866,0.01811743558577193,True
tobacco,equalize,188,1000,1000,True,0.01798119916538511,430.9853356565627,0.016593261000432204,True
tobacco,equalize,189,1000,1000,True,0.016549283880255075,430.56392630595514,0.015080303715725454,True
tobacco,equalize,190,1000,1000,True,0.019028058573762305,430.8944702174768,0.01805758864590311,True
tobacco,equalize,191,1000,1000,True,0.018061852863120995,440.2787912947886,0.017673087528010372,True
tobacco,equalize,192,1000,1000,True,0.020089727902077508,422.59992906293775,0.022028745624585587,True
tobacco,equalize,193,1000,1000,True,0.017999365417867813,420.1903416774355,0.018313735478406534,True
tobacco,equalize,194,1000,1000,True,0.02039196346466611,414.95981802579394,0.021481951773163695,True
tobacco,equalize,195,1000,1000,True,0.02108721919382412,433.63804696428565,0.021605571798724677,True
tobacco,equalize,196,1000,1000,True,0.01745775903187078,420.74113080491674,0.017712474927528702,True
tobacco,equalize,197,1000,1000,True,0.018381612930352155,435.78563683994906,0.019290766055523045,True
tobacco,equalize,198,1000,1000,True,0.018282708886693505,441.2066720608382,0.017502494917484936,True
tobacco,equalize,199,1000,1000,True,0.0186670103181645,419.78481342707,0.017671872099949106,True
tobacco,equalize,200,1000,1000,True,0.02014797927121372,410.64819853008004,0.02129863191295369,True
tobacco,equalize,201,1000,1000,True,0.02092235956978355,429.84290523864644,0.021819487556680704,True
tobacco,equalize,202,1000,1000,True,0.02038541016849292,412.17961736966083,0.01849446463566048,True
tobacco,equalize,203,1000,1000,True,0.01888535034510495,445.240138761096,0.018642717166915894,True
tobacco,equalize,204,1000,1000,True,0.020422211871065396,425.3512364611157,0.02203592786955777,True
tobacco,equalize,205,1000,1000,True,0.020369722030595807,429.02238682847303,0.021329297913568506,True
tobacco,equalize,206,1000,1000,True,0.020287017227057537,409.1363220138246,0.022237812667994065,True
tobacco,equalize,207,1000,1000,True,0.021618683503928957,429.5409933580263,0.02088806021376852,True
tobacco,equalize,208,1000,1000,True,0.021174027665139324,407.2255393513526,0.020780148257586145,True
tobacco,equalize,209,1000,1000,True,0.02201522225949409,436.85754820536175,0.023120482483902242,True
tobacco,equalize,210,1000,1000,True,0.021506704342531494,428.9374649946073,0.02340721756376988,True
tobacco,equalize,211,1000,1000,True,0.019723153038281743,422.52533033535394,0.020157837629143843,True
tobacco,equalize,212,1000,1000,True,0.021443004288603348,416.28232667746056,0.023109792798676462,True
tobacco,equalize,213,1000,1000,True,0.018388895965599318,436.2215829552683,0.0191581930805732,True
tobacco,equalize,214,1000,1000,True,0.0200058273260068,426.77214791502035,0.016406201021298188,True
tobacco,equalize,215,1000,1000,True,0.01997722748981597,404.71069884054214,0.02090659501138068,True
tobacco,equalize,216,1000,1000,True,0.01653956616949438,442.1159907716526,0.016618878259915155,True
tobacco,equalize,217,1000,1000,True,0.0190845526074413,443.2605552031446,0.017214449061714564,True
tobacco,equalize,218,1000,1000,True,0.020018872275513997,435.30191034614126,0.020610728894635923,True
tobacco,equalize,219,1000,1000,True,0.019624281561749286,427.76329847124566,0.02105893951370507,True
tobacco,equalize,220,1000,1000,True,0.022009919057526285,421.27846403062193,0.02337447871489982,True
tobacco,equalize,221,1000,1000,True,0.018829139963776404,431.3658688109202,0.01986043152754952,True
tobacco,equalize,222,1000,1000,True,0.020045624795217383,441.0588439641586,0.01953457564417801,True
tobacco,equalize,223,1000,1000,True,0.021471441141406426,405.2158152096238,0.022250862025129273,True
tobacco,equalize,224,1000,1000,True,0.019712549795422904,424.8108963574263,0.021076655720544277,True
tobacco,equalize,225,1000,1000,True,0.020605758876656676,413.17066865400795,0.02193360046750277,True
tobacco,equalize,226,1000,1000,True,0.019898931660575766,406.29122515629103,0.02105148906817861,True
tobacco,equalize,227,1000,1000,True,0.020866831854391976,431.0550819454516,0.022282877060068183,True
tobacco,equalize,228,1000,1000,True,0.02024931676782755,440.5991214516888,0.020147645000022855,True
tobacco,equalize,229,1000,1000,True,0.018890136328567005,414.7802234424877,0.018212660687746733,True
tobacco,equalize,230,1000,1000,True,0.018153760851612938,425.69030573411,0.01913953373036584,True
tobacco,equalize,231,1000,1000,True,0.019676734901536392,434.9646672903444,0.020988313059652448,True
tobacco,equalize,232,1000,1000,True,0.0209661617369434,412.34265092881185,0.02083578200270228,True
tobacco,equalize,233,1000,1000,True,0.01813932812079969,440.36184724723825,0.01819486927791385,True
tobacco,equalize,234,1000,1000,True,0.02111065943572207,424.60543496168293,0.02208999331154847,True
tobacco,equalize,235,1000,1000,True,0.020539503257648473,422.6781834623121,0.021972890219514665,True
tobacco,equalize,236,1000,1000,True,0.021727798072633597,423.6042062633467,0.02198029961573916,True
tobacco,equalize,237,1000,1000,True,0.018856270820241668,423.8664810715752,0.02078518544782331,True
tobacco,equalize,238,1000,1000,True,0.01962809561995194,416.01802450254485,0.021348461389011548,True
tobacco,equalize,239,1000,1000,True,0.015951885847290438,428.91469618561683,0.015575574471994974,True
tobacco,equalize,240,1000,1000,True,0.01967357781788355,424.5035321301815,0.02013069091952749,True
tobacco,equalize,241,1000,1000,True,0.019182898866248778,442.70606215749973,0.020454258327015647,True
tobacco,equalize,242,1000,1000,True,0.017294453764399965,443.2040460002594,0.0157774232435581,True
tobacco,equalize,243,1000,1000,True,0.0200733890756616,421.5157297076824,0.01920511578367754,True
tobacco,equalize,244,1000,1000,True,0.021305855446317423,413.91816422935585,0.022452346005300845,True
tobacco,equalize,245,1000,1000,True,0.020180785150012412,401.61105059373057,0.020916004511876626,True
tobacco,equalize,246,1000,1000,True,0.01828459583491542,421.9215410428816,0.019110447845188453,True
tobacco,equalize,247,1000,1000,True,0.02033225736722106,411.5742768626339,0.020964609239835973,True
tobacco,equalize,248,1000,1000,True,0.021045253505970554,428.404460966503,0.022149132188514786,True
tobacco,equalize,249,1000,1000,True,0.0193699084295722,417.0331730498187,0.019490561658148144,True
tobacco,equalize,250,1000,1000,True,0.020110654010066082,420.79034651949894,0.02083232469232134,True
tobacco,equalize,251,1000,1000,True,0.019474640813078783,448.8370771660915,0.018171844203168586,True
tobacco,equalize,252,1000,1000,True,0.02166433858415063,391.4100964257309,0.023130425216213002,True
tobacco,equalize,253,1000,1000,True,0.018543484716232586,455.34621402950086,0.01723617460371899,True
tobacco,equalize,254,1000,1000,True,0.020502049550020298,399.0206945961575,0.021779464522603504,True
tobacco,equalize,255,1000,1000,True,0.016295277866491258,432.6350622395277,0.016767637696655964,True
tobacco,equalize,256,1000,1000,True,0.020035302472054903,407.2154564343058,0.020744925534727423,True
tobacco,equalize,257,1000,1000,True,0.017334146521377207,422.79836149043905,0.016130174114738483,True
tobacco,equalize,258,1000,1000,True,0.015680187264506512,427.3008652975091,0.015556979136744796,True
tobacco,equalize,259,1000,1000,True,0.02187866015471667,430.89739752753206,0.023223607889610948,True
tobacco,equalize,260,1000,1000,True,0.021292836477051214,407.71603760951075,0.02204329842432356,True
tobacco,equalize,261,1000,1000,True,0.02270905521862471,418.4847695006355,0.023928369176576435,True
tobacco,equalize,262,1000,1000,True,0.020896738952052643,422.0299049640914,0.02155231942116864,True
tobacco,equalize,263,1000,1000,True,0.018276967280043573,421.4486940257379,0.01678517289010758,True
tobacco,equalize,264,1000,1000,True,0.02197618253354345,422.0243524916542,0.02264496383393855,True
tobacco,equalize,265,1000,1000,True,0.01969257747952927,435.5767615288952,0.020239816200747482,True
tobacco,equalize,266,1000,1000,True,0.016519458769867528,437.28291637222685,0.016926223343481317,True
tobacco,equalize,267,1000,1000,True,0.02224662279241045,411.0452493777297,0.023505422077457518,True
tobacco,equalize,268,1000,1000,True,0.020117395605976463,430.55023859127056,0.020783046224186592,True
tobacco,equalize,269,1000,1000,True,0.016806152501159174,441.73387444931143,0.017258338657869902,True
tobacco,equalize,270,1000,1000,True,0.023005567048619023,428.6705128137461,0.023960979831702974,True
tobacco,equalize,271,1000,1000,True,0.020370831740270202,425.2386936251215,0.020839000590107987,True
tobacco,equalize,272,1000,1000,True,0.021647780056835195,410.2439976355535,0.02172805293035037,True
tobacco,equalize,273,1000,1000,True,0.01903490840361918,430.4553313829438,0.018440004121217466,True
tobacco,equalize,274,1000,1000,True,0.02218198712188281,407.72561211555006,0.024578512798535932,True
tobacco,equalize,275,1000,1000,True,0.020939957186458184,398.35947082879807,0.022281130970138417,True
tobacco,equalize,276,1000,1000,True,0.022025139897728623,414.3942817945247,0.023277992185747255,True
tobacco,equalize,277,1000,1000,True,0.020932348850753024,423.3331686083669,0.018648622240181677,True
tobacco,equalize,278,1000,1000,True,0.01792130480824709,406.53467315716136,0.016851385503172014,True
tobacco,equalize,279,1000,1000,True,0.01902336299026902,431.4334837248959,0.016752505371603967,True
tobacco,equalize,280,1000,1000,True,0.018762367241157065,444.59464491151937,0.018352669785631662,True
tobacco,equalize,281,1000,1000,True,0.019494778980289354,407.3802070547856,0.019326730899678582,True
tobacco,equalize,282,1000,1000,True,0.018191700845984236,423.65046390155175,0.017999658100037636,True
tobacco,equalize,283,1000,1000,True,0.01925561202883329,422.4461458115105,0.018413980445032264,True
tobacco,equalize,284,1000,1000,True,0.016639389723127278,443.77576489821973,0.016627287722246215,True
tobacco,equalize,285,1000,1000,True,0.021878363818321006,418.82012455945807,0.02323234412271267,True
tobacco,equalize,286,1000,1000,True,0.019455771100894415,426.4525705292442,0.02021872206106374,True
tobacco,equalize,287,1000,1000,True,0.01676281712393774,452.25909775260465,0.016828991411497532,True
tobacco,equalize,288,1000,1000,True,0.018347695315665977,441.8752623071357,0.02154024095918462,True
tobacco,equalize,289,1000,1000,True,0.02029367840537999,417.0870898217781,0.0209986837799291,True
tobacco,equalize,290,1000,1000,True,0.020762094561653403,440.0553827826675,0.022301674527386815,True
tobacco,equalize,291,1000,1000,True,0.020331575739890532,426.00040183549123,0.01985769435979548,True
tobacco,equalize,292,1000,1000,True,0.018420423918492138,436.4753713280968,0.018847596816258957,True
tobacco,equalize,293,1000,1000,True,0.01794320976956377,456.5686189380519,0.018671274826155194,True
tobacco,equalize,294,1000,1000,True,0.019806919919545113,430.8984869734402,0.01963648003802273,True
tobacco,equalize,295,1000,1000,True,0.021725694349082905,411.72128999967924,0.022970821160267697,True
tobacco,equalize,296,1000,1000,True,0.015684567678019356,439.64925336454286,0.015094393353807236,True
tobacco,equalize,297,1000,1000,True,0.017460139039044,427.1745057935925,0.017616533746106673,True
tobacco,equalize,298,1000,1000,True,0.0194476424608361,436.0204778447911,0.01935247562353884,True
tobacco,equalize,299,1000,1000,True,0.019636594667749103,440.50307138997334,0.019903850189239642,True
tobacco,equalize,300,1000,1000,True,0.022242670739449064,423.70203858844013,0.021821701026648026,True
tobacco,equalize,301,1000,1000,True,0.02074360236477788,425.4134691979086,0.022568363222578502,True
tobacco,equalize,302,1000,1000,True,0.019163552894948175,428.40670830882186,0.018605582022051384,True
tobacco,equalize,303,1000,1000,True,0.018176829911402192,416.45165477399655,0.018647358996852617,True
tobacco,equalize,304,1000,1000,True,0.01655730711102903,422.2360892012903,0.016506243573714406,True
tobacco,equalize,305,1000,1000,True,0.02145707048904429,408.5533472926149,0.022668347994289753,True
tobacco,equalize,306,1000,1000,True,0.021510604312003932,413.0308016008007,0.02259401402394456,True
tobacco,equalize,307,1000,1000,True,0.0191642951212072,422.454406534007,0.019262387465897462,True
tobacco,equalize,308,1000,1000,True,0.02034648417663051,423.28017128020537,0.021464306802629396,True
tobacco,equalize,309,1000,1000,True,0.01848802851008395,440.3767268589474,0.01762933875240148,True
tobacco,equalize,310,1000,1000,True,0.018413368908159044,432.4759651125135,0.019140757297856983,True
tobacco,equalize,311,1000,1000,True,0.017759893021134027,436.43397759111286,0.01892036681485114,True
tobacco,equalize,312,1000,1000,True,0.020322288904057344,413.2347673611212,0.02178515056289654,True
tobacco,equalize,313,1000,1000,True,0.016153338752263952,427.86677383386524,0.016312938052151872,True
tobacco,equalize,314,1000,1000,True,0.018646878396169384,441.08620661272096,0.01863998007438969,True
tobacco,equalize,315,1000,1000,True,0.01905660423110118,426.227217421647,0.019534021254587704,True
tobacco,equalize,316,1000,1000,True,0.020590973037710462,409.7185443691804,0.021030295586494035,True
tobacco,equalize,317,1000,1000,True,0.019980319815228752,403.95510700943,0.019878294641684315,True
tobacco,equalize,318,1000,1000,True,0.016670480201312732,442.3508130330496,0.016108074416940055,True
tobacco,equalize,319,1000,1000,True,0.018771987941599542,429.04218501681163,0.019544381969876966,True
tobacco,equalize,320,1000,1000,True,0.016890598618508185,434.67509061366746,0.016207928260407324,True
tobacco,equalize,321,1000,1000,True,0.021936352876979624,416.90772474973403,0.023427272714411435,True
tobacco,equalize,322,1000,1000,True,0.021293014164219463,403.13138847651146,0.022135494951143045,True
tobacco,equalize,323,1000,1000,True,0.015773081901336715,452.515026950487,0.01594668353595906,True
tobacco,equalize,324,1000,1000,True,0.01584746339323138,453.5411279862059,0.016084003434626466,True
tobacco,equalize,325,1000,1000,True,0.01882775210879389,411.3937242581612,0.01930089755674825,True
tobacco,equalize,326,1000,1000,True,0.020877602427348454,398.55694810026836,0.021776880592641462,True
tobacco,equalize,327,1000,1000,True,0.016688807306589032,438.1576357876238,0.014771641697884804,True
tobacco,equalize,328,1000,1000,True,0.01826648678474168,411.9257807129823,0.01821133761847801,True
tobacco,equalize,329,1000,1000,True,0.02126873966378668,413.38291071475123,0.023044716687472037,True
tobacco,equalize,330,1000,1000,True,0.021566043674536902,407.04824284106667,0.02289075756211357,True
tobacco,equalize,331,1000,1000,True,0.019896433276729058,430.42659118600005,0.021549337110682618,True
tobacco,equalize,332,1000,1000,True,0.01658640873227728,428.91057764527096,0.01715996986587749,True
tobacco,equalize,333,1000,1000,True,0.020232931654346628,408.68682995051364,0.02134132969850678,True
tobacco,equalize,334,1000,1000,True,0.019762074204720568,444.2095775363246,0.02071494259892682,True
tobacco,equalize,335,1000,1000,True,0.016395104867244832,420.3411350034636,0.015504383346220662,True
tobacco,equalize,336,1000,1000,True,0.022113523603223197,407.0952589996597,0.022667291603615438,True
tobacco,equalize,337,1000,1000,True,0.020045947328831654,432.27417765927214,0.020904713061234665,True
tobacco,equalize,338,1000,1000,True,0.020328260025723383,412.67392570405997,0.02230873858047556,True
tobacco,equalize,339,1000,1000,True,0.016524232593623116,443.97726557899335,0.017158905444776686,True
tobacco,equalize,340,1000,1000,True,0.019035190195400578,437.9089937863802,0.019956723031888918,True
tobacco,equalize,341,1000,1000,True,0.02131684230160784,428.4610740300687,0.021999759177375136,True
tobacco,equalize,342,1000,1000,True,0.014012430618096417,443.38863536969467,0.012994378364770536,True
tobacco,equalize,343,1000,1000,True,0.02117838266239368,402.8938490471156,0.022372440261636574,True
tobacco,equalize,344,1000,1000,True,0.017625394123973712,458.04009160661906,0.01726296710895241,True
tobacco,equalize,345,1000,1000,True,0.017559316437574215,428.64058579537243,0.017850818701332736,True
tobacco,equalize,346,1000,1000,True,0.017733620052236547,413.55881477245777,0.017830908451364876,True
tobacco,equalize,347,1000,1000,True,0.020900716934860942,436.48478543816395,0.022004029918332668,True
tobacco,equalize,348,1000,1000,True,0.020234900935311714,420.1280905997599,0.02046026788657464,True
tobacco,equalize,349,1000,1000,True,0.019922624237933704,423.1070398421657,0.02086008651689209,True
tobacco,equalize,350,1000,1000,True,0.019782827015592856,453.589393773708,0.02068055368462888,True
tobacco,equalize,351,1000,1000,True,0.021429145921381013,422.07748427984166,0.02124228865186646,True
tobacco,equalize,352,1000,1000,True,0.016969408129066006,418.621583197761,0.015040523877466457,True
tobacco,equalize,353,1000,1000,True,0.020653222721140927,437.2637270286663,0.022597862245632448,True
tobacco,equalize,354,1000,1000,True,0.021069787759409857,438.92742441547216,0.021308531612341197,True
tobacco,equalize,355,1000,1000,True,0.019213369775810386,424.15586473724494,0.02019078759931026,True
tobacco,equalize,356,1000,1000,True,0.020794662840690974,419.0839145755895,0.020868121679072288,True
tobacco,equalize,357,1000,1000,True,0.02071072255059358,413.0355410361195,0.02115449817863181,True
tobacco,equalize,358,1000,1000,True,0.022374824847666574,409.39102109230487,0.02304071263576506,True
tobacco,equalize,359,1000,1000,True,0.018140753793397624,413.12248603047493,0.017072786385393196,True
tobacco,equalize,360,1000,1000,True,0.01849662677476612,444.3482659345033,0.019959100192331877,True
tobacco,equalize,361,1000,1000,True,0.017940267183732893,418.30230739860855,0.018090889000919003,True
tobacco,equalize,362,1000,1000,True,0.018987301186595702,421.418661622857,0.019879520921469527,True
tobacco,equalize,363,1000,1000,True,0.017624724315489088,421.4668333700767,0.017969561086933098,True
tobacco,equalize,364,1000,1000,True,0.02232385624251392,415.7217477640543,0.022221083394282793,True
tobacco,equalize,365,1000,1000,True,0.01938501941557254,407.821924519759,0.020232399063466584,True
tobacco,equalize,366,1000,1000,True,0.018748654960676427,446.3644281705253,0.019643144523180087,True
tobacco,equalize,367,1000,1000,True,0.017007677208800295,416.2680430095493,0.016380483595217352,True
tobacco,equalize,368,1000,1000,True,0.017978537842180967,434.3924153009581,0.0190406405990073,True
tobacco,equalize,369,1000,1000,True,0.016567412981592006,444.42413491618566,0.01630684064456785,True
tobacco,equalize,370,1000,1000,True,0.0195874571750961,416.95399227132964,0.020485415376516766,True
tobacco,equalize,371,1000,1000,True,0.019785006003696346,433.2308240176361,0.021032206433249472,True
tobacco,equalize,372,1000,1000,True,0.01858135869525031,424.2576333679808,0.018943486084729084,True
tobacco,equalize,373,1000,1000,True,0.020886127007210653,423.381134769843,0.022175618342538634,True
tobacco,equalize,374,1000,1000,True,0.019022747126182214,419.719628947706,0.01964647744154561,True
tobacco,equalize,375,1000,1000,True,0.021283443936824496,404.432778096682,0.02207329086606549,True
tobacco,equalize,376,1000,1000,True,0.02160688401995436,421.59251719047387,0.02238613639600697,True
tobacco,equalize,377,1000,1000,True,0.021660450540907164,403.06191704997383,0.021556309171669077,True
tobacco,equalize,378,1000,1000,True,0.020069072604269975,417.93212704457164,0.021050942776609842,True
tobacco,equalize,379,1000,1000,True,0.020973544304892358,397.16177870484967,0.015880638198890233,True
tobacco,equalize,380,1000,1000,True,0.020433038676988702,427.1961826561656,0.02051070715817703,True
tobacco,equalize,381,1000,1000,True,0.018688411539062873,453.84727604668956,0.01945116091824024,True
tobacco,equalize,382,1000,1000,True,0.015763894353160973,430.280471990073,0.015641332210922947,True
tobacco,equalize,383,1000,1000,True,0.015102476784259505,424.21983071869704,0.014592251405453794,True
tobacco,equalize,384,1000,1000,True,0.02131490023815944,411.1469481523608,0.02279172091691668,True
tobacco,equalize,385,1000,1000,True,0.019020246960093853,424.55533321229166,0.019788645991353087,True
tobacco,equalize,386,1000,1000,True,0.016048193348910392,413.2688170138173,0.015979836299577693,True
tobacco,equalize,387,1000,1000,True,0.02030157209616524,423.43815174237665,0.01931283935777798,True
tobacco,equalize,388,1000,1000,True,0.022302753604277515,413.5889660230311,0.02341440216015303,True
tobacco,equalize,389,1000,1000,True,0.01867537872378726,428.1180092965023,0.01936288370337746,True
tobacco,equalize,390,1000,1000,True,0.01569232154120436,412.093350836919,0.015935411294528957,True
tobacco,equalize,391,1000,1000,True,0.02018932877883245,419.31552167311906,0.023752723882947236,True
tobacco,equalize,392,1000,1000,True,0.019072191965363312,456.15047157270374,0.018122496714143132,True
tobacco,equalize,393,1000,1000,True,0.01964628699559308,428.5037442438514,0.020437404818484425,True
tobacco,equalize,394,1000,1000,True,0.01905860208237664,440.5375685954604,0.017380406185553268,True
tobacco,equalize,395,1000,1000,True,0.019958559094516232,418.6974864935303,0.021013565915071246,True
tobacco,equalize,396,1000,1000,True,0.0178852183634178,437.9482122625916,0.014008632891063515,True
tobacco,equalize,397,1000,1000,True,0.017498220288638407,413.16121980529584,0.01588709060818627,True
tobacco,equalize,398,1000,1000,True,0.01838013265646881,455.95268614188467,0.019078581639925832,True
tobacco,equalize,399,1000,1000,True,0.019012379552866533,430.8509101475823,0.020799496193840885,True
tobacco,equalize,400,1000,1000,True,0.01852233297950352,422.81621202479926,0.018972098091158282,True
tobacco,equalize,401,1000,1000,True,0.017145843727753057,418.77099249948054,0.01593281855791332,True
tobacco,equalize,402,1000,1000,True,0.01719984245639066,426.7049180639942,0.0164758198780288,True
tobacco,equalize,403,1000,1000,True,0.016105801634880762,418.816722778592,0.016658947019497425,True
tobacco,equalize,404,1000,1000,True,0.016024400029191192,428.6334236897538,0.015640247113564116,True
tobacco,equalize,405,1000,1000,True,0.019100115338860732,433.1509514695772,0.017726651028300816,True
tobacco,equalize,406,1000,1000,True,0.017566399217964282,447.0041091533724,0.017550582336160764,True
tobacco,equalize,407,1000,1000,True,0.01603197160975396,445.30501543885623,0.015840843676914795,True
tobacco,equalize,408,1000,1000,True,0.014929325888820111,450.0172064699304,0.014484968008264733,True
tobacco,equalize,409,1000,1000,True,0.019844818580959628,397.2519741373226,0.019697111098584002,True
tobacco,equalize,410,1000,1000,True,0.0206287862115079,428.29875884830676,0.022498960383810412,True
tobacco,equalize,411,1000,1000,True,0.020115917475819155,422.03039681520573,0.021671054309661594,True
tobacco,equalize,412,1000,1000,True,0.021452059067425224,406.16564182485945,0.023025803037296788,True
tobacco,equalize,413,1000,1000,True,0.016841378585568473,426.4039846331176,0.017525215777858143,True
tobacco,equalize,414,1000,1000,True,0.019858087474047898,426.73434990752736,0.02112767746449291,True
tobacco,equalize,415,1000,1000,True,0.01814152235605364,405.6873408414416,0.018800075710198903,True
tobacco,equalize,416,1000,1000,True,0.021940193664487663,394.8931291260966,0.02312308817891748,True
tobacco,equalize,417,1000,1000,True,0.012322264741304056,457.13871253264034,0.011372447014382357,True
tobacco,equalize,418,1000,1000,True,0.020970994672291726,430.6812439798139,0.021151311467525007,True
tobacco,equalize,419,1000,1000,True,0.021576396130050263,433.76686510613047,0.022479845607374337,True
tobacco,equalize,420,1000,1000,True,0.02146888343680304,424.22665047707693,0.02187936746036118,True
tobacco,equalize,421,1000,1000,True,0.01981753671164791,420.53091270916104,0.02107394954064159,True
tobacco,equalize,422,1000,1000,True,0.02040260445050202,413.49411922783133,0.019666280752289943,True
tobacco,equalize,423,1000,1000,True,0.015950945728325894,426.0947293736453,0.016086004647006862,True
tobacco,equalize,424,1000,1000,True,0.019921946324469916,441.86358064452423,0.02048148183230885,True
tobacco,equalize,425,1000,1000,True,0.021469296125336376,410.5151043213879,0.02285619204462357,True
tobacco,equalize,426,1000,1000,True,0.02142506207790505,419.9238121266761,0.02248014599856524,True
tobacco,equalize,427,1000,1000,True,0.021590763610002575,421.03708102731287,0.022948449321321857,True
tobacco,equalize,428,1000,1000,True,0.020459383068102327,417.10850237198474,0.02157550824994257,True
tobacco,equalize,429,1000,1000,True,0.01915467143967001,437.9471252000634,0.018189340862809045,True
tobacco,equalize,430,1000,1000,True,0.020519720837764308,422.8055569348634,0.021578102976924488,True
tobacco,equalize,431,1000,1000,True,0.020622321816086607,428.51656029143146,0.022063477356969376,True
tobacco,equalize,432,1000,1000,True,0.022041108294631306,408.09892662931617,0.023143859028895597,True
tobacco,equalize,433,1000,1000,True,0.017909106351925802,418.5258274658805,0.018089348202315024,True
tobacco,equalize,434,1000,1000,True,0.021592777898519492,415.2263257501865,0.0209442728187465,True
tobacco,equalize,435,1000,1000,True,0.019989681369707638,433.8422636754054,0.02060364605985742,True
tobacco,equalize,436,1000,1000,True,0.019472080919143066,419.45584389182136,0.02009108817590885,True
tobacco,equalize,437,1000,1000,True,0.020023190001435796,417.44931125946295,0.01971256801685744,True
tobacco,equalize,438,1000,1000,True,0.016048157537626756,449.9289604326443,0.016257938924052247,True
tobacco,equalize,439,1000,1000,True,0.017188521322749922,442.21736723471184,0.018568452566276226,True
tobacco,equalize,440,1000,1000,True,0.018493480584467155,432.56404033506993,0.019265284724283644,True
tobacco,equalize,441,1000,1000,True,0.02154221550829067,408.8447797379832,0.021535255841668977,True
tobacco,equalize,442,1000,1000,True,0.01831920445861402,432.92144772926184,0.018849050224462014,True
tobacco,equalize,443,1000,1000,True,0.017867997159551605,444.67923194590503,0.018189188149403936,True
tobacco,equalize,444,1000,1000,True,0.01818190479836911,437.349488367141,0.0172040321992766,True
tobacco,equalize,445,1000,1000,True,0.020857612565096842,427.2944754510641,0.020352345837926104,True
tobacco,equalize,446,1000,1000,True,0.019736206166287285,411.55227453994223,0.021814114815346987,True
tobacco,equalize,447,1000,1000,True,0.018897026965674402,430.42200979852316,0.020005073230194955,True
tobacco,equalize,448,1000,1000,True,0.015498943150365818,450.2188119525882,0.01532196809764401,True
tobacco,equalize,449,1000,1000,True,0.02023456247878539,435.6097838375534,0.021597525774373263,True
tobacco,equalize,450,1000,1000,True,0.02314601542288732,425.90051072873814,0.025456312582327174,True
tobacco,equalize,451,1000,1000,True,0.017561634616531832,436.39809141539564,0.018054099021916258,True
tobacco,equalize,452,1000,1000,True,0.019726071542316648,419.4054255431134,0.018669386877816885,True
tobacco,equalize,453,1000,1000,True,0.021806305242666545,429.79541209277704,0.02177853571754225,True
tobacco,equalize,454,1000,1000,True,0.013942471089796031,420.87540897396224,0.013446866748670395,True
tobacco,equalize,455,1000,1000,True,0.018090710637694123,452.4597480428507,0.01883369071096122,True
tobacco,equalize,456,1000,1000,True,0.021872254235035186,420.59261821387213,0.023222256324028245,True
tobacco,equalize,457,1000,1000,True,0.017531037290229073,456.47341451501865,0.01843449466363074,True
tobacco,equalize,458,1000,1000,True,0.017444843180988247,426.95436083848585,0.01764709647868973,True
tobacco,equalize,459,1000,1000,True,0.02047525746234531,437.6830246548294,0.021513922570221052,True
tobacco,equalize,460,1000,1000,True,0.02016394978348237,416.2606524462767,0.020544112237979507,True
tobacco,equalize,461,1000,1000,True,0.02060204212686637,440.03049006972236,0.021602886982925555,True
tobacco,equalize,462,1000,1000,True,0.02178803877445258,413.2093744096327,0.02248378659111633,True
tobacco,equalize,463,1000,1000,True,0.019771299288903928,409.50862412286267,0.020568143492251098,True
tobacco,equalize,464,1000,1000,True,0.02168704851240021,443.74501154491867,0.023603739461464497,True
tobacco,equalize,465,1000,1000,True,0.021073703816955006,416.18560861231134,0.02217830157741899,True
tobacco,equalize,466,1000,1000,True,0.021111701559111528,433.1865145638769,0.022033095519343925,True
tobacco,equalize,467,1000,1000,True,0.019082652842721065,441.47473829880687,0.01666548029605393,True
tobacco,equalize,468,1000,1000,True,0.020478605503448225,428.37221833237504,0.021587336253672807,True
tobacco,equalize,469,1000,1000,True,0.018728111507949934,431.8181900649856,0.02057564995814367,True
tobacco,equalize,470,1000,1000,True,0.017667737053844113,433.3767352500593,0.017869384512030823,True
tobacco,equalize,471,1000,1000,True,0.02183316286922331,419.8587028989634,0.023519429747076916,True
tobacco,equalize,472,1000,1000,True,0.02026504819275223,430.77553611016486,0.018969257988915644,True
tobacco,equalize,473,1000,1000,True,0.021200054432065928,411.7798875078772,0.022375794449557215,True
tobacco,equalize,474,1000,1000,True,0.017223477010839244,442.0250337661884,0.018444813485166512,True
tobacco,equalize,475,1000,1000,True,0.019083225050677104,434.52122273141043,0.01822407979367127,True
tobacco,equalize,476,1000,1000,True,0.016819852094476662,435.2628777819216,0.01747007252036842,True
tobacco,equalize,477,1000,1000,True,0.02147247021577673,410.11031842542076,0.023090735674062463,True
tobacco,equalize,478,1000,1000,True,0.02097523827474252,419.63649760715526,0.02248468759469714,True
tobacco,equalize,479,1000,1000,True,0.016640675886645726,450.6542199558326,0.0171120302070438,True
tobacco,equalize,480,1000,1000,True,0.014703388756631209,428.64141889929397,0.014209781452019789,True
tobacco,equalize,481,1000,1000,True,0.018249111328917007,424.9499579656409,0.01762776745949455,True
tobacco,equalize,482,1000,1000,True,0.0219689123589619,403.28895804249345,0.022920840433680187,True
tobacco,equalize,483,1000,1000,True,0.02007317822483346,444.50399022281005,0.02101507776271418,True
tobacco,equalize,484,1000,1000,True,0.016306277844500144,421.9673470198849,0.016243846513016538,True
tobacco,equalize,485,1000,1000,True,0.01963149818115459,434.5064902979011,0.02052960859842757,True
tobacco,equalize,486,1000,1000,True,0.01976065129289524,418.56130930127784,0.019424189104732485,True
tobacco,equalize,487,1000,1000,True,0.02167990587493828,427.9695414757924,0.023102016977304792,True
tobacco,equalize,488,1000,1000,True,0.020885761555172327,408.2408468735092,0.02184743164020878,True
tobacco,equalize,489,1000,1000,True,0.022076686166127398,415.17317323738536,0.022285739986064007,True
tobacco,equalize,490,1000,1000,True,0.017646607973072458,412.72393027785535,0.018352036959672843,True
tobacco,equalize,491,1000,1000,True,0.019163292046822596,425.518589458792,0.020368370078011205,True
tobacco,equalize,492,1000,1000,True,0.01814983487606496,421.8677636878646,0.019345860777814045,True
tobacco,equalize,493,1000,1000,True,0.020229712224595138,431.2301150882206,0.02119240162226919,True
tobacco,equalize,494,1000,1000,True,0.016532950185281548,430.98365657064073,0.016628448816464688,True
tobacco,equalize,495,1000,1000,True,0.02029046861414143,416.4269531034225,0.020358544270858023,True
tobacco,equalize,496,1000,1000,True,0.022019840987384735,440.7471115900818,0.024684293631358337,True
tobacco,equalize,497,1000,1000,True,0.020385100053983467,406.96350906561634,0.02098361620503866,True
tobacco,equalize,498,1000,1000,True,0.021259718316507283,436.8783748081381,0.022047404331100105,True
tobacco,equalize,499,1000,1000,True,0.01764955406743268,436.827928410032,0.01811126179772146,True
tobacco,equalize,500,1000,1000,True,0.017927562044881457,445.4042005863887,0.019097375778280093,True
tobacco,equalize,501,1000,1000,True,0.020683562855382816,432.5592683505926,0.021374107425610078,True
tobacco,equalize,502,1000,1000,True,0.018843842083137104,417.25292287052946,0.018456756486751793,True
tobacco,equalize,503,1000,1000,True,0.01927226643622689,415.9081148523072,0.020973475515694406,True
tobacco,equalize,504,1000,1000,True,0.021249375825864367,406.5775584055274,0.02268959106932965,True
tobacco,equalize,505,1000,1000,True,0.021028396238284692,437.37679736241154,0.022449245658680603,True
tobacco,equalize,506,1000,1000,True,0.020437394566292573,419.8470645318364,0.021712397740883828,True
tobacco,equalize,507,1000,1000,True,0.01575856767953994,457.7329569858391,0.0151427442134637,True
tobacco,equalize,508,1000,1000,True,0.02251362325352213,429.19796014310225,0.023670669004357516,True
tobacco,equalize,509,1000,1000,True,0.019047963625648392,427.6490478780469,0.01928612325877354,True
tobacco,equalize,510,1000,1000,True,0.018602249906504126,429.0452318159474,0.0192476887347362,True
tobacco,equalize,511,1000,1000,True,0.018166924021057407,420.8244303554631,0.018308880238963227,True
tobacco,equalize,512,1000,1000,True,0.020129501353750946,433.186808708437,0.021146872761886752,True
tobacco,equalize,513,1000,1000,True,0.017111558962476667,422.1346975504383,0.017314298032791813,True
tobacco,equalize,514,1000,1000,True,0.01699251238591218,432.4348874686222,0.0167308949477118,True
tobacco,equalize,515,1000,1000,True,0.019029717153340026,419.0195358643795,0.018906005706109303,True
tobacco,equalize,516,1000,1000,True,0.021053280554796865,439.6599052802063,0.020346198478615594,True
tobacco,equalize,517,1000,1000,True,0.019994117679994355,419.14405399456643,0.019775388930472246,True
tobacco,equalize,518,1000,1000,True,0.019782870894265947,407.9925792658489,0.0212260664899616,True
tobacco,equalize,519,1000,1000,True,0.019523092368847025,424.4599502603279,0.018847684481293446,True
tobacco,equalize,520,1000,1000,True,0.021351583908812137,444.6148575913765,0.02495274661640562,True
tobacco,equalize,521,1000,1000,True,0.02196856246677508,422.21932359379286,0.022789758222153997,True
tobacco,equalize,522,1000,1000,True,0.021161233125288652,416.40472229670974,0.023515439572269956,True
tobacco,equalize,523,1000,1000,True,0.02194984655845247,409.713936321429,0.02326731465851712,True
tobacco,equalize,524,1000,1000,True,0.020463558993500504,425.43641817667657,0.021952502848588205,True
tobacco,equalize,525,1000,1000,True,0.019060260516799328,429.03662422222186,0.01993587467729262,True
tobacco,equalize,526,1000,1000,True,0.016763119968124077,405.2417993198629,0.016689889154671185,True
tobacco,equalize,527,1000,1000,True,0.01953164323816006,431.22194728932806,0.021060444977358973,True
tobacco,equalize,528,1000,1000,True,0.019576324182056768,421.58231328057394,0.020803491044541773,True
tobacco,equalize,529,1000,1000,True,0.020645860444687556,407.035993876463,0.021998431204140478,True
tobacco,equalize,530,1000,1000,True,0.021543620510009503,415.1498081885622,0.0229815101034605,True
tobacco,equalize,531,1000,1000,True,0.0194065212589036,414.09430668749843,0.018929416394676376,True
tobacco,equalize,532,1000,1000,True,0.019063938710936403,427.6377671581405,0.01984885326285589,True
tobacco,equalize,533,1000,1000,True,0.01845242650485563,431.65174052701326,0.019188966220507402,True
tobacco,equalize,534,1000,1000,True,0.018673551461025686,428.78115189919436,0.01920344491979588,True
tobacco,equalize,535,1000,1000,True,0.023672189442690342,417.77396812630633,0.025384850684396512,True
tobacco,equalize,536,1000,1000,True,0.019691612867963514,406.9289397966185,0.020777242971697727,True
tobacco,equalize,537,1000,1000,True,0.01749431008659861,437.7307469712403,0.018613858725183355,True
tobacco,equalize,538,1000,1000,True,0.017491294377674788,434.82177064171935,0.0177027413797437,True
tobacco,equalize,539,1000,1000,True,0.017608858851684513,432.2854292756119,0.017893355534053756,True
tobacco,equalize,540,1000,1000,True,0.018494612562513384,404.6371706850472,0.01916912513738132,True
tobacco,equalize,541,1000,1000,True,0.021670015603922167,448.83422102598195,0.02312834217325767,True
tobacco,equalize,542,1000,1000,True,0.019968221961195423,446.3924214365652,0.019693955153540995,True
tobacco,equalize,543,1000,1000,True,0.015732144709182442,442.55750358004326,0.01569411903553612,True
tobacco,equalize,544,1000,1000,True,0.01719615231272321,421.99103355403184,0.01581782127178208,True
tobacco,equalize,545,1000,1000,True,0.018280812246913202,426.25936481912044,0.018451005447299055,True
tobacco,equalize,546,1000,1000,True,0.013467710791560342,443.6122668096544,0.011854418781410567,True
tobacco,equalize,547,1000,1000,True,0.020652585021935267,439.73840493525233,0.021791847737586488,True
tobacco,equalize,548,1000,1000,True,0.02047914192265495,416.26253176451036,0.021795891147615206,True
tobacco,equalize,549,1000,1000,True,0.01717601017369876,429.1025902963067,0.017280859859377263,True
tobacco,equalize,550,1000,1000,True,0.020572374746215427,411.4201083454721,0.02142490560402825,True
tobacco,equalize,551,1000,1000,True,0.017847370828510165,426.14836615315096,0.01824181777296137,True
tobacco,equalize,552,1000,1000,True,0.016298134710841655,462.1497722600326,0.01462963175087214,True
tobacco,equalize,553,1000,1000,True,0.01845278824061673,444.0970378183129,0.016826573720478553,True
tobacco,equalize,554,1000,1000,True,0.02072506189411651,407.2357234808852,0.021855236378124858,True
tobacco,equalize,555,1000,1000,True,0.02226394890705716,411.2868585306367,0.02375405459060454,True
tobacco,equalize,556,1000,1000,True,0.019755738324065904,420.3962529043283,0.02068183081211215,True
tobacco,equalize,557,1000,1000,True,0.021240533399529176,390.70526593712555,0.022657549096846655,True
tobacco,equalize,558,1000,1000,True,0.019044031809668814,420.39333971769815,0.019469595406499864,True
tobacco,equalize,559,1000,1000,True,0.020120521432560302,426.599629018826,0.021059345169432264,True
tobacco,equalize,560,1000,1000,True,0.01968591117924564,431.5205448538922,0.01952525711179715,True
tobacco,equalize,561,1000,1000,True,0.021777740745496658,419.72010906197954,0.023096298477557464,True
tobacco,equalize,562,1000,1000,True,0.02166946308058388,447.0570440514275,0.02327923585097446,True
tobacco,equalize,563,1000,1000,True,0.021086154283501832,418.7672496733717,0.022452061506943344,True
tobacco,equalize,564,1000,1000,True,0.021712638993578566,405.73200350847355,0.023193240432144754,True
tobacco,equalize,565,1000,1000,True,0.017012961857306094,446.81771459511316,0.016521363029645082,True
tobacco,equalize,566,1000,1000,True,0.01979843593309144,409.7628979348911,0.021046313943573654,True
tobacco,equalize,567,1000,1000,True,0.021973042791097623,403.80825206897396,0.023228480657796282,True
tobacco,equalize,568,1000,1000,True,0.01971485011838009,411.6876557768037,0.020886793403289815,True
tobacco,equalize,569,1000,1000,True,0.017646038032760013,440.13660715282475,0.01814304156574247,True
tobacco,equalize,570,1000,1000,True,0.017340505502113635,430.2546861743635,0.01712519497039823,True
tobacco,equalize,571,1000,1000,True,0.02018632303911698,423.64091047843806,0.02163806019214118,True
tobacco,equalize,572,1000,1000,True,0.01802087818011483,456.43898099855585,0.018460987845219917,True
tobacco,equalize,573,1000,1000,True,0.018137677896865073,432.83669100366245,0.0186509029240652,True
tobacco,equalize,574,1000,1000,True,0.018949350506122165,425.5258744177609,0.020505515834610043,True
tobacco,equalize,575,1000,1000,True,0.020791359647885237,402.7744814359519,0.019424258141216975,True
tobacco,equalize,576,1000,1000,True,0.020368656934581182,424.4621179799206,0.02189565133033843,True
tobacco,equalize,577,1000,1000,True,0.016847024198675637,433.49155335600256,0.016931836070321855,True
tobacco,equalize,578,1000,1000,True,0.018366904235023,410.3641570593124,0.017151167829613376,True
tobacco,equalize,579,1000,1000,True,0.018318823745227846,427.06612462123474,0.01853980368907643,True
tobacco,equalize,580,1000,1000,True,0.019572857586712896,436.05325546313725,0.019732986090640198,True
tobacco,equalize,581,1000,1000,True,0.020473646980034274,420.2145186639795,0.021325095291228276,True
tobacco,equalize,582,1000,1000,True,0.021077906859769287,418.4136115747192,0.022283225509399224,True
tobacco,equalize,583,1000,1000,True,0.015634334210998243,434.39886836754073,0.015548272628929357,True
tobacco,equalize,584,1000,1000,True,0.020274751007841638,412.9842618684155,0.020672844087860822,True
tobacco,equalize,585,1000,1000,True,0.017243029394940042,456.2247380743398,0.017273716835916542,True
tobacco,equalize,586,1000,1000,True,0.01923281348866355,416.19664299943605,0.017920013678654714,True
tobacco,equalize,587,1000,1000,True,0.01977361820860465,422.05347255531495,0.019806296078557453,True
tobacco,equalize,588,1000,1000,True,0.019881486666013214,432.71264471471136,0.02070683065015712,True
tobacco,equalize,589,1000,1000,True,0.020028228961657412,408.5846753807587,0.020445650894739747,True
tobacco,equalize,590,1000,1000,True,0.021056816445124225,433.3363953223869,0.02266766108185201,True
tobacco,equalize,591,1000,1000,True,0.02205748988437446,418.5785796896444,0.022303044570302948,True
tobacco,equalize,592,1000,1000,True,0.018096095505644817,419.4870972938262,0.018631242325052436,True
tobacco,equalize,593,1000,1000,True,0.020641226039207823,406.40980578229164,0.021886011733716168,True
tobacco,equalize,594,1000,1000,True,0.020421937785561634,421.71656594921666,0.0198866265548928,True
tobacco,equalize,595,1000,1000,True,0.019807716618128156,431.02028666409655,0.0206094331278511,True
tobacco,equalize,596,1000,1000,True,0.016086421457386167,423.44510383755767,0.01563876000601353,True
tobacco,equalize,597,1000,1000,True,0.02190713159503192,409.72739259048814,0.02331483575564417,True
tobacco,equalize,598,1000,1000,True,0.021623833769688093,410.41360255722515,0.022785611631304232,True
tobacco,equalize,599,1000,1000,True,0.01611208213182635,429.9463533791163,0.016001926046355846,True
tobacco,equalize,600,1000,1000,True,0.01654829594205955,424.2298498208253,0.016625982879615926,True
tobacco,equalize,601,1000,1000,True,0.020319244202613874,418.59166704438826,0.021580065184597732,True
tobacco,equalize,602,1000,1000,True,0.01967919546898048,431.62197866999315,0.020418812657593505,True
tobacco,equalize,603,1000,1000,True,0.02011556243462156,436.0371541222147,0.020498853695697466,True
tobacco,equalize,604,1000,1000,True,0.01780514576514898,432.6451520588206,0.017992866314945812,True
tobacco,equalize,605,1000,1000,True,0.02165302155065663,421.341619115653,0.021705901659048708,True
tobacco,equalize,606,1000,1000,True,0.01912629374361247,428.4874316709884,0.020092548170206753,True
tobacco,equalize,607,1000,1000,True,0.021224869212680415,419.0664682350522,0.022431648206262197,True
tobacco,equalize,608,1000,1000,True,0.01710126881124797,442.67749475662305,0.016874593527137122,True
tobacco,equalize,609,1000,1000,True,0.021587302975701474,394.6730772056792,0.022769270121842794,True
tobacco,equalize,610,1000,1000,True,0.022081846727246286,415.91595658738555,0.023269456524576383,True
tobacco,equalize,611,1000,1000,True,0.01520539799883784,448.9416218218132,0.013604205688801645,True
tobacco,equalize,612,1000,1000,True,0.015341625238966093,438.7031202943512,0.014865771956811954,True
tobacco,equalize,613,1000,1000,True,0.02120370475509625,417.6003720292883,0.02240529077322958,True
tobacco,equalize,614,1000,1000,True,0.020964483595902344,416.03352008702376,0.022231512391142422,True
tobacco,equalize,615,1000,1000,True,0.020200256695534498,440.6114530694816,0.020473507504200412,True
tobacco,equalize,616,1000,1000,True,0.022093824189677654,406.1802627294931,0.023043209664016687,True
tobacco,equalize,617,1000,1000,True,0.019825577707778926,409.5100244145435,0.020846932746801224,True
tobacco,equalize,618,1000,1000,True,0.019802064080226132,428.67696124237887,0.020635714785390075,True
tobacco,equalize,619,1000,1000,True,0.019005753433359095,415.3378680917501,0.019671608643822096,True
tobacco,equalize,620,1000,1000,True,0.019367303473032196,417.3103218936718,0.020280285672282575,True
tobacco,equalize,621,1000,1000,True,0.02189077285596848,417.1244994854654,0.023125677012732115,True
tobacco,equalize,622,1000,1000,True,0.019043214478448804,418.5499288925994,0.019000888189516753,True
tobacco,equalize,623,1000,1000,True,0.019735415074389168,440.28560954793875,0.02057128667620043,True
tobacco,equalize,624,1000,1000,True,0.020539379385228405,432.33046494435246,0.022160570014683238,True
tobacco,equalize,625,1000,1000,True,0.019476271505558765,404.01039605930936,0.01908748344547594,True
tobacco,equalize,626,1000,1000,True,0.01938149234870131,432.22062460738726,0.021466698564994214,True
tobacco,equalize,627,1000,1000,True,0.018115360045026667,442.38505909558023,0.01828459485269214,True
tobacco,equalize,628,1000,1000,True,0.02084599742802085,441.5715875993382,0.022385675625237605,True
tobacco,equalize,629,1000,1000,True,0.020080476192552862,396.31211723968266,0.020693365096366174,True
tobacco,equalize,630,1000,1000,True,0.02076700467991083,440.8473935456577,0.02233200300593757,True
tobacco,equalize,631,1000,1000,True,0.019169324071468347,415.9523103241524,0.019682394537594756,True
tobacco,equalize,632,1000,1000,True,0.016866351028279224,428.61142422362,0.017368051530616192,True
tobacco,equalize,633,1000,1000,True,0.01823913605352182,415.8255124255846,0.017966682460035528,True
tobacco,equalize,634,1000,1000,True,0.017186979043916546,430.4715312758789,0.017105460299837005,True
tobacco,equalize,635,1000,1000,True,0.01893905844467712,411.1247303665884,0.019143644819717923,True
tobacco,equalize,636,1000,1000,True,0.020915033354676916,414.5940795899044,0.022034835725839513,True
tobacco,equalize,637,1000,1000,True,0.01782070748344593,423.37660375131736,0.01664622090140845,True
tobacco,equalize,638,1000,1000,True,0.02181588428915775,421.49441844940253,0.023109922321724045,True
tobacco,equalize,639,1000,1000,True,0.017769707112683643,437.19156304302123,0.017464795933350343,True
tobacco,equalize,640,1000,1000,True,0.01985559993052213,435.4987644058247,0.02095718353272362,True
tobacco,equalize,641,1000,1000,True,0.02017077714703597,408.2653534357281,0.02145073067700742,True
tobacco,equalize,642,1000,1000,True,0.018715504900522165,440.9143489794815,0.01594918318433751,True
tobacco,equalize,643,1000,1000,True,0.02097353260218166,403.4285571994129,0.021736965559783758,True
tobacco,equalize,644,1000,1000,True,0.02011924051238102,438.3323738488865,0.02027845098931787,True
tobacco,equalize,645,1000,1000,True,0.020109753808775034,424.5113624816184,0.02180442599336174,True
tobacco,equalize,646,1000,1000,True,0.02155681571855092,420.6765698241346,0.02236103825622079,True
tobacco,equalize,647,1000,1000,True,0.018433780209784523,433.6109970641889,0.01698276664312534,True
tobacco,equalize,648,1000,1000,True,0.01834800854348405,432.40185382465694,0.017988484574303795,True
tobacco,equalize,649,1000,1000,True,0.016296700290069303,441.7865357658606,0.013812330519203306,True
tobacco,equalize,650,1000,1000,True,0.01812170388970082,435.06206247384983,0.017873357017675354,True
tobacco,equalize,651,1000,1000,True,0.02091492258321883,393.5120873353194,0.02046387259967773,True
tobacco,equalize,652,1000,1000,True,0.01977756843537238,444.05487020862637,0.02040651946231042,True
tobacco,equalize,653,1000,1000,True,0.017986908710256197,434.7907640049406,0.015916954641191507,True
tobacco,equalize,654,1000,1000,True,0.015740270684299684,462.92931685085574,0.015054497648557985,True
tobacco,equalize,655,1000,1000,True,0.019213918150305875,438.71762403509615,0.019904911284134064,True
tobacco,equalize,656,1000,1000,True,0.02175947120748937,428.96870574786686,0.02317929933422292,True
tobacco,equalize,657,1000,1000,True,0.021576549285673978,426.9244043141596,0.022550790763397836,True
tobacco,equalize,658,1000,1000,True,0.020546219522049984,406.80587393866375,0.02043056018952223,True
tobacco,equalize,659,1000,1000,True,0.014037860145430797,445.0324327855218,0.01292603892342791,True
tobacco,equalize,660,1000,1000,True,0.01859922554726305,402.2809507185246,0.020190706951824965,True
tobacco,equalize,661,1000,1000,True,0.020422758565388995,415.4885801066017,0.02095138736826897,True
tobacco,equalize,662,1000,1000,True,0.020403722054088965,425.48454745031574,0.02167351081638286,True
tobacco,equalize,663,1000,1000,True,0.020340752089526622,416.5992297052408,0.019901261277332015,True
tobacco,equalize,664,1000,1000,True,0.019619832110578047,429.87637542786644,0.020801851582254127,True
tobacco,equalize,665,1000,1000,True,0.018888919345765594,437.533774124924,0.017814566960536175,True
tobacco,equalize,666,1000,1000,True,0.021565022119091337,422.5549217036763,0.02230553829408959,True
tobacco,equalize,667,1000,1000,True,0.017529639893766755,434.46122643568555,0.017662276836130798,True
tobacco,equalize,668,1000,1000,True,0.020043533277705174,419.14493403117734,0.020355715271520847,True
tobacco,equalize,669,1000,1000,True,0.021040161068139534,423.43072301263163,0.021995892592862998,True
tobacco,equalize,670,1000,1000,True,0.02103699687704767,422.9406805262412,0.021778048621931057,True
tobacco,equalize,671,1000,1000,True,0.02135559826668074,397.1916682295841,0.019791684600482095,True
tobacco,equalize,672,1000,1000,True,0.01934138782339134,424.5641231946006,0.01988084258086952,True
tobacco,equalize,673,1000,1000,True,0.017380187119920877,418.8743801953039,0.016302646160541712,True
tobacco,equalize,674,1000,1000,True,0.021133655294777124,433.28427960866526,0.02087773088807491,True
tobacco,equalize,675,1000,1000,True,0.019821738526964353,426.87179341811753,0.02093707293239094,True
tobacco,equalize,676,1000,1000,True,0.01616161447979748,432.04055705917244,0.016050971837074192,True
tobacco,equalize,677,1000,1000,True,0.020860306919708187,423.1754789871455,0.022980019775717647,True
tobacco,equalize,678,1000,1000,True,0.018150706618875155,411.376520749544,0.018698070291901583,True
tobacco,equalize,679,1000,1000,True,0.020739961408107285,436.0848160518777,0.02083428788975475,True
tobacco,equalize,680,1000,1000,True,0.01757354625290985,407.76625166877164,0.01764685222757146,True
tobacco,equalize,681,1000,1000,True,0.018038525253972457,415.20196436914887,0.018486521135782655,True
tobacco,equalize,682,1000,1000,True,0.014936474640470179,451.5700245930857,0.014092825387334518,True
tobacco,equalize,683,1000,1000,True,0.016925309755498143,424.95041667352206,0.01714333523094975,True
tobacco,equalize,684,1000,1000,True,0.020476997330928573,423.39023359071473,0.021344887147162518,True
tobacco,equalize,685,1000,1000,True,0.01771658196079613,441.22085946949517,0.01696008821846056,True
tobacco,equalize,686,1000,1000,True,0.01844522113276775,421.24172389614967,0.01941576450351239,True
tobacco,equalize,687,1000,1000,True,0.016802732537884855,436.8431484812369,0.017092486630696995,True
tobacco,equalize,688,1000,1000,True,0.02204441730541039,416.3614186244926,0.023451844208489298,True
tobacco,equalize,689,1000,1000,True,0.020934125653744674,429.2628371103187,0.022330513564743224,True
tobacco,equalize,690,1000,1000,True,0.02074809156525708,432.8235714283593,0.021784262122467028,True
tobacco,equalize,691,1000,1000,True,0.020506360419115764,435.3881881723481,0.020618006157128273,True
tobacco,equalize,692,1000,1000,True,0.018509348498768837,417.3846554905918,0.018921831401730194,True
tobacco,equalize,693,1000,1000,True,0.017499057440061562,422.1291881391288,0.01786236657214593,True
tobacco,equalize,694,1000,1000,True,0.016584243016002753,437.88547178457515,0.01694037606664736,True
tobacco,equalize,695,1000,1000,True,0.02222460911512908,415.1037405565024,0.022953880995813365,True
tobacco,equalize,696,1000,1000,True,0.022026201809866974,408.18460909250365,0.022980401419278363,True
tobacco,equalize,697,1000,1000,True,0.02083279223284884,414.68422096337355,0.0210285434211286,True
tobacco,equalize,698,1000,1000,True,0.019614097652307115,408.54466803031465,0.019497203251113898,True
tobacco,equalize,699,1000,1000,True,0.01883884954364802,419.107035569674,0.01932450085713042,True
tobacco,equalize,700,1000,1000,True,0.016546559400966783,452.5941172386137,0.01671455928643354,True
tobacco,equalize,701,1000,1000,True,0.020791338916699587,427.134690040507,0.022787780646736918,True
tobacco,equalize,702,1000,1000,True,0.02241131247563749,409.54377572611213,0.022990479465359176,True
tobacco,equalize,703,1000,1000,True,0.02179885098658726,423.8451241479604,0.022871003858488614,True
tobacco,equalize,704,1000,1000,True,0.016594713798295576,436.42978279558326,0.015770256730756133,True
tobacco,equalize,705,1000,1000,True,0.021857651369908984,406.88036919836765,0.022701716222466722,True
tobacco,equalize,706,1000,1000,True,0.018278601981061345,411.77399432212815,0.018644302460749607,True
tobacco,equalize,707,1000,1000,True,0.019922955974414135,409.6162806713132,0.01919227164534915,True
tobacco,equalize,708,1000,1000,True,0.02108052052123133,434.7600703422521,0.02195904538757095,True
tobacco,equalize,709,1000,1000,True,0.014262488889980381,427.80207653072466,0.014009908457630983,True
tobacco,equalize,710,1000,1000,True,0.0221139459185283,437.09341923209047,0.023202485293838202,True
tobacco,equalize,711,1000,1000,True,0.019082645313554643,406.98929073748366,0.018638942038618,True
tobacco,equalize,712,1000,1000,True,0.016799482927899782,444.59133711308414,0.017293916873542946,True
tobacco,equalize,713,1000,1000,True,0.019291764053476698,434.30061415567906,0.020409112626723153,True
tobacco,equalize,714,1000,1000,True,0.0202456153059646,406.7468814766747,0.02088001752879364,True
tobacco,equalize,715,1000,1000,True,0.020707270090238906,434.04712379993947,0.021419438639332784,True
tobacco,equalize,716,1000,1000,True,0.02066992603670846,412.4157246941489,0.014247318181268122,True
tobacco,equalize,717,1000,1000,True,0.01977451100646872,425.0782935130892,0.020188695404442444,True
tobacco,equalize,718,1000,1000,True,0.019079327171747033,426.7683630249553,0.020392667145650627,True
tobacco,equalize,719,1000,1000,True,0.02036202557662833,409.34477351005717,0.0211461412385461,True
tobacco,equalize,720,1000,1000,True,0.021738796390217842,408.8984367346004,0.023166800602066176,True
tobacco,equalize,721,1000,1000,True,0.01617504610422182,443.93642010990715,0.01583370397850293,True
tobacco,equalize,722,1000,1000,True,0.015847448660632302,441.736270455574,0.015671413978240574,True
tobacco,equalize,723,1000,1000,True,0.019614278033589255,437.75390470445836,0.02012001651278653,True
tobacco,equalize,724,1000,1000,True,0.018987151422950623,434.65408272671266,0.019713700142290076,True
tobacco,equalize,725,1000,1000,True,0.020840168329185668,419.1161071004072,0.022693534670612994,True
tobacco,equalize,726,1000,1000,True,0.018033616500805684,415.57691033068716,0.0187340506990773,True
tobacco,equalize,727,1000,1000,True,0.01998108682962038,424.04349733370515,0.020138056335287348,True
tobacco,equalize,728,1000,1000,True,0.021724191997714633,431.4110624161138,0.02334783490217706,True
tobacco,equalize,729,1000,1000,True,0.02223079959356653,419.78392773425713,0.02423519111153335,True
tobacco,equalize,730,1000,1000,True,0.021884447076367174,428.63917179721216,0.022967103200189888,True
tobacco,equalize,731,1000,1000,True,0.02161849437076897,406.26838500675876,0.022972317817906242,True
tobacco,equalize,732,1000,1000,True,0.020475179981982977,434.0067040945335,0.020404373398907345,True
tobacco,equalize,733,1000,1000,True,0.018855493609354363,414.9769847834938,0.020219866112228254,True
tobacco,equalize,734,1000,1000,True,0.01524590562866757,458.9786830333191,0.015123078347773608,True
tobacco,equalize,735,1000,1000,True,0.02139267584716929,418.59560836683414,0.022445529851691008,True
tobacco,equalize,736,1000,1000,True,0.020391075975883882,423.3736220597594,0.02129860492971227,True
tobacco,equalize,737,1000,1000,True,0.016702728593471307,420.21461849869047,0.016909464617612547,True
tobacco,equalize,738,1000,1000,True,0.01818947382774693,429.92294937581545,0.016153701941702986,True
tobacco,equalize,739,1000,1000,True,0.02123762541520734,429.9040311964986,0.023046777936454283,True
tobacco,equalize,740,1000,1000,True,0.021116836845562082,391.1949993289791,0.020866464629938263,True
tobacco,equalize,741,1000,1000,True,0.02120905486657134,442.11721088304176,0.018309493303981694,True
tobacco,equalize,742,1000,1000,True,0.0218122837198707,427.5454105460612,0.022982249630676032,True
tobacco,equalize,743,1000,1000,True,0.018996142400088966,421.8316877985816,0.0181918209596562,True
tobacco,equalize,744,1000,1000,True,0.019360711936821696,415.46840199466436,0.019401561505042467,True
tobacco,equalize,745,1000,1000,True,0.020117783943075902,426.4968655031359,0.019972743966478614,True
tobacco,equalize,746,1000,1000,True,0.02138030643799061,434.6870587802218,0.022508176829976256,True
tobacco,equalize,747,1000,1000,True,0.019905000307664334,429.610827908236,0.02104131479820497,True
tobacco,equalize,748,1000,1000,True,0.017875553090270144,436.3866171630381,0.014617114544099839,True
tobacco,equalize,749,1000,1000,True,0.015924594225185613,447.9776376383089,0.013647393961226707,True
tobacco,equalize,750,1000,1000,True,0.02186289950313569,434.7302497768012,0.023185037125879653,True
tobacco,equalize,751,1000,1000,True,0.017506230941859807,426.5446795342781,0.017765539911648913,True
tobacco,equalize,752,1000,1000,True,0.016467278897568303,423.86216297164344,0.016531659624070612,True
tobacco,equalize,753,1000,1000,True,0.019107089414403637,435.78207626748485,0.019749631996194394,True
tobacco,equalize,754,1000,1000,True,0.017442933344478443,405.23525457566006,0.018187834736642473,True
tobacco,equalize,755,1000,1000,True,0.019927916939328754,411.9327515201966,0.02143040525443651,True
tobacco,equalize,756,1000,1000,True,0.017903524805929324,418.8635508026451,0.018255797944621437,True
tobacco,equalize,757,1000,1000,True,0.015253351468635684,456.7131239180674,0.012514483652869097,True
tobacco,equalize,758,1000,1000,True,0.020061889849572852,422.2264035313282,0.020393983436542175,True
tobacco,equalize,759,1000,1000,True,0.02125636797948704,409.4504683890348,0.022123143894291597,True
tobacco,equalize,760,1000,1000,True,0.020168754113655516,424.66358626564625,0.020898381855919627,True
tobacco,equalize,761,1000,1000,True,0.01643483660157657,448.41832227954285,0.0164997034832672,True
tobacco,equalize,762,1000,1000,True,0.017029290043567246,437.4542535797315,0.017383677719361754,True
tobacco,equalize,763,1000,1000,True,0.019188849852689895,422.1063650775714,0.020025304271078917,True
tobacco,equalize,764,1000,1000,True,0.022607757313021747,412.8252904995042,0.023665872357584217,True
tobacco,equalize,765,1000,1000,True,0.018663121741049934,430.232018478402,0.018451663430019798,True
tobacco,equalize,766,1000,1000,True,0.021291645766072852,405.09862655778034,0.021542152147667762,True
tobacco,equalize,767,1000,1000,True,0.019409043225272874,431.4341884355017,0.020134197350442463,True
tobacco,equalize,768,1000,1000,True,0.01716873426428382,437.34518192270053,0.014458563941123905,True
tobacco,equalize,769,1000,1000,True,0.020334454024484958,431.34223835720053,0.020043634827220335,True
tobacco,equalize,770,1000,1000,True,0.018146260061772383,424.7732670449024,0.01825053498598268,True
tobacco,equalize,771,1000,1000,True,0.015865298681541514,424.4166205934918,0.01502368432255933,True
tobacco,equalize,772,1000,1000,True,0.020511690454207046,410.2934402095651,0.02154180977476187,True
tobacco,equalize,773,1000,1000,True,0.020257533020226433,426.4962417466302,0.021037012528444556,True
tobacco,equalize,774,1000,1000,True,0.01793361180293763,434.2026236631926,0.016634420780238458,True
tobacco,equalize,775,1000,1000,True,0.015823096217805702,429.5637031116572,0.014635555839729855,True
tobacco,equalize,776,1000,1000,True,0.01520190105756316,442.96350840108715,0.01515618333619131,True
tobacco,equalize,777,1000,1000,True,0.019554564837258464,426.60145291712263,0.016431423515309882,True
tobacco,equalize,778,1000,1000,True,0.02124662571274301,427.52884569348066,0.022494274763185447,True
tobacco,equalize,779,1000,1000,True,0.020680928841771296,401.9110334190889,0.020973940480611932,True
tobacco,equalize,780,1000,1000,True,0.022985675266688755,425.62016667329095,0.02567753834352967,True
tobacco,equalize,781,1000,1000,True,0.020275469976658786,422.7694402579259,0.021223955344289905,True
tobacco,equalize,782,1000,1000,True,0.022806248060810518,390.2757484189865,0.022463563086184284,True
tobacco,equalize,783,1000,1000,True,0.019276997661910246,424.77667270107946,0.019911151591188492,True
tobacco,equalize,784,1000,1000,True,0.02016772263282322,418.5465745887786,0.018771313441176475,True
tobacco,equalize,785,1000,1000,True,0.018531941646697064,411.2825227456183,0.019130398290248672,True
tobacco,equalize,786,1000,1000,True,0.021138203828972045,413.02832931410404,0.02210887760245128,True
tobacco,equalize,787,1000,1000,True,0.017295317739452618,434.17893569817505,0.01690100711846119,True
tobacco,equalize,788,1000,1000,True,0.018742311235092235,430.16572013004475,0.01778490130103129,True
tobacco,equalize,789,1000,1000,True,0.019757695780282324,443.33644760497646,0.020355043252872716,True
tobacco,equalize,790,1000,1000,True,0.020291011482156958,450.03871275146986,0.021453656654927853,True
tobacco,equalize,791,1000,1000,True,0.016590199498857292,457.48279923949053,0.015318490342014806,True
tobacco,equalize,792,1000,1000,True,0.021484959319716286,422.7071704903999,0.022704704312048078,True
tobacco,equalize,793,1000,1000,True,0.021181002014212486,435.58082478915435,0.02114528200601947,True
tobacco,equalize,794,1000,1000,True,0.01935112406456611,419.6555243041607,0.02045143700592533,True
tobacco,equalize,795,1000,1000,True,0.017269202197094442,425.4159516285208,0.017711077311995733,True
tobacco,equalize,796,1000,1000,True,0.021843904237679655,413.22555571987556,0.023276108559610292,True
tobacco,equalize,797,1000,1000,True,0.02042988154896264,379.6220013381732,0.021431398589171938,True
tobacco,equalize,798,1000,1000,True,0.019012054284461857,430.1230561409142,0.020837610134005053,True
tobacco,equalize,799,1000,1000,True,0.01654000050541561,450.31690981352233,0.016414267566334708,True
tobacco,equalize,800,1000,1000,True,0.020984597596491628,443.6431574576576,0.0221367370876952,True
tobacco,equalize,801,1000,1000,True,0.019750990838657362,427.2074288106423,0.019829007669178375,True
tobacco,equalize,802,1000,1000,True,0.019630852602929315,439.36953907957707,0.020886661558870995,True
tobacco,equalize,803,1000,1000,True,0.020990018671968123,428.2026352838104,0.021809409149781064,True
tobacco,equalize,804,1000,1000,True,0.016219229611867402,436.7450423118733,0.016299509505785424,True
tobacco,equalize,805,1000,1000,True,0.01972574620634741,426.94165851436895,0.020579292349830886,True
tobacco,equalize,806,1000,1000,True,0.02172849458480664,403.92082735976857,0.022868394309437788,True
tobacco,equalize,807,1000,1000,True,0.01650184256561214,440.1421706392152,0.016455809935436747,True
tobacco,equalize,808,1000,1000,True,0.01988746130014074,424.4272875004622,0.02032265565153064,True
tobacco,equalize,809,1000,1000,True,0.02193764831399866,411.81957199603806,0.023805562224123153,True
tobacco,equalize,810,1000,1000,True,0.017379068326587383,421.11590308488707,0.017669195695527894,True
tobacco,equalize,811,1000,1000,True,0.02114477324463667,410.2193822627107,0.022185780528360195,True
tobacco,equalize,812,1000,1000,True,0.01853191548061374,442.46000197870995,0.017039326786691483,True
tobacco,equalize,813,1000,1000,True,0.02058744292040383,409.5020754220911,0.021231518112988696,True
tobacco,equalize,814,1000,1000,True,0.019701014676575576,422.90522259248587,0.018700493484286346,True
tobacco,equalize,815,1000,1000,True,0.020541151418399385,413.2871262258238,0.021454838374549572,True
tobacco,equalize,816,1000,1000,True,0.02195962252071151,431.45670464601665,0.021675955721234583,True
tobacco,equalize,817,1000,1000,True,0.017472183257198716,419.4081187387769,0.018564191526316953,True
tobacco,equalize,818,1000,1000,True,0.020445979708241184,420.20702007938894,0.02259700469869211,True
tobacco,equalize,819,1000,1000,True,0.021455876336674017,429.6066461310858,0.022640599024256244,True
tobacco,equalize,820,1000,1000,True,0.019614584769524095,404.8776683777459,0.020950715311723645,True
tobacco,equalize,821,1000,1000,True,0.02001361589176144,445.5509135261648,0.020913041096207594,True
tobacco,equalize,822,1000,1000,True,0.01645260278231139,419.252357398262,0.016609537188432364,True
tobacco,equalize,823,1000,1000,True,0.01947515232113828,433.66608114539,0.02004090117372187,True
tobacco,equalize,824,1000,1000,True,0.019348030498426795,424.9590989248259,0.018610050078204172,True
tobacco,equalize,825,1000,1000,True,0.021062940296495667,435.6101047083274,0.021808636165316413,True
tobacco,equalize,826,1000,1000,True,0.020836541660583296,399.40762435261547,0.02254599802172563,True
tobacco,equalize,827,1000,1000,True,0.019809956330068268,405.58834487692076,0.019120845213086556,True
tobacco,equalize,828,1000,1000,True,0.017400544296745847,436.03733407129255,0.01754831966844078,True
tobacco,equalize,829,1000,1000,True,0.020242279300757,454.4181159416953,0.020040838742183716,True
tobacco,equalize,830,1000,1000,True,0.018687283932239035,423.6140638824448,0.017072958902760057,True
tobacco,equalize,831,1000,1000,True,0.021244612700707332,416.1886793739109,0.02229971594997513,True
tobacco,equalize,832,1000,1000,True,0.01759234853233245,449.0434409709154,0.017918321874138103,True
tobacco,equalize,833,1000,1000,True,0.022428744116355277,424.5691037640398,0.0227641428487526,True
tobacco,equalize,834,1000,1000,True,0.018630893693808222,418.2733862487548,0.014620804582143581,True
tobacco,equalize,835,1000,1000,True,0.017759656725944435,429.91702342545125,0.018316705984722514,True
tobacco,equalize,836,1000,1000,True,0.02183167147809128,409.71068451286453,0.02283853514906714,True
tobacco,equalize,837,1000,1000,True,0.02003961516426404,425.63448499387357,0.021472075431765356,True
tobacco,equalize,838,1000,1000,True,0.020037679273155543,427.3351804368557,0.020448715711701086,True
tobacco,equalize,839,1000,1000,True,0.01694800928539404,438.24114263724715,0.01728605545028293,True
tobacco,equalize,840,1000,1000,True,0.01459134553819104,432.04028628705447,0.013457101072741381,True
tobacco,equalize,841,1000,1000,True,0.020306990964140795,426.15032102651287,0.021573714620666817,True
tobacco,equalize,842,1000,1000,True,0.019995582658930953,428.8259291122681,0.02024915593875077,True
tobacco,equalize,843,1000,1000,True,0.020458988925332763,430.28628502312273,0.021015554341091237,True
tobacco,equalize,844,1000,1000,True,0.018572118889687336,421.8112063459197,0.018593413290193907,True
tobacco,equalize,845,1000,1000,True,0.020324346139259528,413.4158068470532,0.021514187196252355,True
tobacco,equalize,846,1000,1000,True,0.022603652286351236,403.6167722927282,0.021060243440220006,True
tobacco,equalize,847,1000,1000,True,0.019389906832353507,423.12223651209825,0.020068258837061172,True
tobacco,equalize,848,1000,1000,True,0.021383299164813106,419.2840106467214,0.02308616808728851,True
tobacco,equalize,849,1000,1000,True,0.01776026346903339,436.4601058871246,0.018079019874951557,True
tobacco,equalize,850,1000,1000,True,0.0181809463061487,430.02162998621355,0.016951485756070177,True
tobacco,equalize,851,1000,1000,True,0.019080495928784223,421.2094690756607,0.019183682784621212,True
tobacco,equalize,852,1000,1000,True,0.017290619700498864,425.17523419761886,0.017522791996852274,True
tobacco,equalize,853,1000,1000,True,0.016797360008794452,419.3877923819433,0.014947986350994627,True
tobacco,equalize,854,1000,1000,True,0.01892862447614968,431.7333580336363,0.019123395149578178,True
tobacco,equalize,855,1000,1000,True,0.020359551088032855,408.954007565643,0.02043292851535259,True
tobacco,equalize,856,1000,1000,True,0.021556433587795444,409.68067788949975,0.02347227721291428,True
tobacco,equalize,857,1000,1000,True,0.01669590834436813,434.2970425860623,0.01612064604736198,True
tobacco,equalize,858,1000,1000,True,0.020329018329545097,412.1400809906748,0.021152908845251277,True
tobacco,equalize,859,1000,1000,True,0.020165248941669208,423.58624519216863,0.019664930668833562,True
tobacco,equalize,860,1000,1000,True,0.01675211371073434,442.7671463466999,0.015780920115311004,True
tobacco,equalize,861,1000,1000,True,0.021670864528580185,418.32087816770513,0.023579547644280007,True
tobacco,equalize,862,1000,1000,True,0.019154046358100627,440.20107652639837,0.018083549175458912,True
tobacco,equalize,863,1000,1000,True,0.02084200095871495,425.2127357264832,0.02182335138069602,True
tobacco,equalize,864,1000,1000,True,0.020825096450816198,424.2236903698331,0.021955385405145005,True
tobacco,equalize,865,1000,1000,True,0.01580856581048008,443.3910002875566,0.014205480215582803,True
tobacco,equalize,866,1000,1000,True,0.018805708221224952,444.83368591418525,0.020082555814035487,True
tobacco,equalize,867,1000,1000,True,0.021574738261829235,422.1393132651827,0.021803874679566772,True
tobacco,equalize,868,1000,1000,True,0.020751946014070308,429.63682550614766,0.022451848197468954,True
tobacco,equalize,869,1000,1000,True,0.0185611674164219,437.92727878039295,0.019164073018636128,True
tobacco,equalize,870,1000,1000,True,0.020327263144459994,423.1898029537101,0.02171982847223154,True
tobacco,equalize,871,1000,1000,True,0.019128570678675835,405.38944796208,0.0195034183861104,True
tobacco,equalize,872,1000,1000,True,0.020573341127626155,432.63115022383676,0.021495103793075915,True
tobacco,equalize,873,1000,1000,True,0.017064651895675756,439.4469237291347,0.01733797579386868,True
tobacco,equalize,874,1000,1000,True,0.01910718716811746,432.80690726350474,0.020038444091991122,True
tobacco,equalize,875,1000,1000,True,0.020458863394972243,428.52376441803085,0.022317930041046232,True
tobacco,equalize,876,1000,1000,True,0.018724007977856987,437.333063500806,0.018882588185638188,True
tobacco,equalize,877,1000,1000,True,0.022299956486291128,409.8303390123771,0.023383282237440132,True
tobacco,equalize,878,1000,1000,True,0.02002477811624044,426.66395512042027,0.022180137003829585,True
tobacco,equalize,879,1000,1000,True,0.02051511279741935,405.5285025938374,0.02184635446170011,True
tobacco,equalize,880,1000,1000,True,0.021241907344928587,418.1981274754826,0.02248743537940972,True
tobacco,equalize,881,1000,1000,True,0.01857170210067458,414.4287560293084,0.018251550175895467,True
tobacco,equalize,882,1000,1000,True,0.020351245415850438,417.6690626560698,0.02112943160887162,True
tobacco,equalize,883,1000,1000,True,0.020727820844500804,417.1268021645217,0.022316530062677427,True
tobacco,equalize,884,1000,1000,True,0.02212345129353119,412.6664733062282,0.02356751951728486,True
tobacco,equalize,885,1000,1000,True,0.020893851024166975,420.3639664433668,0.02170777482142526,True
tobacco,equalize,886,1000,1000,True,0.019810780707568993,432.7150153611497,0.02208091735675212,True
tobacco,equalize,887,1000,1000,True,0.020475944831891375,438.0684042977763,0.020520481401919186,True
tobacco,equalize,888,1000,1000,True,0.019817620992307782,433.07044461149735,0.020948228057792128,True
tobacco,equalize,889,1000,1000,True,0.02085635395148593,391.86442929156,0.02226117084732257,True
tobacco,equalize,890,1000,1000,True,0.021720172448969836,409.6520978964956,0.023312145692320378,True
tobacco,equalize,891,1000,1000,True,0.019875161442378365,410.8525948366397,0.019629161861942898,True
tobacco,equalize,892,1000,1000,True,0.019710332728519887,417.26857240750826,0.020727366821378834,True
tobacco,equalize,893,1000,1000,True,0.01753380819058985,416.8000826823334,0.016139084529447185,True
tobacco,equalize,894,1000,1000,True,0.020520133652263073,408.2682082895997,0.021570280392348803,True
tobacco,equalize,895,1000,1000,True,0.01722067981574512,422.6845645584896,0.01746386732763085,True
tobacco,equalize,896,1000,1000,True,0.017438665056370813,438.8381205137038,0.01754453425837696,True
tobacco,equalize,897,1000,1000,True,0.020811005823516884,423.35441369023187,0.02197915568085893,True
tobacco,equalize,898,1000,1000,True,0.022409304441763263,415.7477493625191,0.02385820651330257,True
tobacco,equalize,899,1000,1000,True,0.01941718524938832,448.02142484037523,0.020028845890074785,True
tobacco,equalize,900,1000,1000,True,0.018954889390412705,427.75620931086434,0.020068339081701855,True
tobacco,equalize,901,1000,1000,True,0.019807112145656867,414.6160921671999,0.020572968664406954,True
tobacco,equalize,902,1000,1000,True,0.016223099164231824,464.0002565505756,0.016166244015002863,True
tobacco,equalize,903,1000,1000,True,0.018673455284348377,434.54381697476725,0.019344781396606163,True
tobacco,equalize,904,1000,1000,True,0.020170785753992178,398.5608787174175,0.02117883804076454,True
tobacco,equalize,905,1000,1000,True,0.017374101778302627,417.085761012049,0.01691924444545245,True
tobacco,equalize,906,1000,1000,True,0.022013052180510723,414.9398506723595,0.023987125532359658,True
tobacco,equalize,907,1000,1000,True,0.020390260673451274,431.40266559097665,0.019480445210438995,True
tobacco,equalize,908,1000,1000,True,0.02177094628907002,420.69554353594003,0.023035358350636987,True
tobacco,equalize,909,1000,1000,True,0.020948815606729856,420.72066261475675,0.0229450953559402,True
tobacco,equalize,910,1000,1000,True,0.019845168812757275,422.41134217608317,0.021031777198122006,True
tobacco,equalize,911,1000,1000,True,0.021098578676065308,427.70232248141934,0.021111157109227514,True
tobacco,equalize,912,1000,1000,True,0.022068701499558276,422.55221331215387,0.023244074635554893,True
tobacco,equalize,913,1000,1000,True,0.021499870175692423,428.6412572011705,0.022842826233029405,True
tobacco,equalize,914,1000,1000,True,0.019918774909580668,452.21436062889467,0.018986340471707774,True
tobacco,equalize,915,1000,1000,True,0.01969287752398077,398.2097296337697,0.020499432221975183,True
tobacco,equalize,916,1000,1000,True,0.018014552000073854,412.550206339786,0.018144525015258952,True
tobacco,equalize,917,1000,1000,True,0.019626096260088707,440.16705773035767,0.018957552279986304,True
tobacco,equalize,918,1000,1000,True,0.02284039405377242,429.6893684035015,0.024375378187688545,True
tobacco,equalize,919,1000,1000,True,0.02096287300242384,426.64934250037237,0.021952838816392605,True
tobacco,equalize,920,1000,1000,True,0.01896760422240037,434.11099452098654,0.01980643632359237,True
tobacco,equalize,921,1000,1000,True,0.021788760011952093,410.65338619814156,0.023097227684314606,True
tobacco,equalize,922,1000,1000,True,0.020730514741517114,414.73088334002813,0.022955648151746562,True
tobacco,equalize,923,1000,1000,True,0.020496198573412977,427.7370832544216,0.019838067643159235,True
tobacco,equalize,924,1000,1000,True,0.01616542894261678,448.1760106375619,0.01576229357764409,True
tobacco,equalize,925,1000,1000,True,0.02007838830542738,464.6861511073899,0.019531814879404506,True
tobacco,equalize,926,1000,1000,True,0.018863995469357676,414.3808904751762,0.019797722016864153,True
tobacco,equalize,927,1000,1000,True,0.022114812181094887,423.44979414211554,0.023074554994222868,True
tobacco,equalize,928,1000,1000,True,0.01758106801133402,415.89393012642057,0.015281079162526565,True
tobacco,equalize,929,1000,1000,True,0.01985278851966547,430.81816331139055,0.02154084154140894,True
tobacco,equalize,930,1000,1000,True,0.016281457509889238,427.6766084683613,0.016096221948364266,True
tobacco,equalize,931,1000,1000,True,0.019178940400553728,424.77334642842175,0.017753054020991234,True
tobacco,equalize,932,1000,1000,True,0.021272651459639958,422.5695764238122,0.02232729629006892,True
tobacco,equalize,933,1000,1000,True,0.0167121132198155,415.229240000027,0.017544605231665976,True
tobacco,equalize,934,1000,1000,True,0.019911861139882185,413.9617899226932,0.019727162531890073,True
tobacco,equalize,935,1000,1000,True,0.020550834278684,422.74504003713633,0.02124454760712905,True
tobacco,equalize,936,1000,1000,True,0.01963763849914765,432.5785265636749,0.020562746572795627,True
tobacco,equalize,937,1000,1000,True,0.017936963331628416,442.4099849404396,0.016962414882204464,True
tobacco,equalize,938,1000,1000,True,0.01979845528497303,429.716607208751,0.020944701560565746,True
tobacco,equalize,939,1000,1000,True,0.017271387741599104,442.56633708292816,0.013962200981125914,True
tobacco,equalize,940,1000,1000,True,0.02169208291909739,431.38820766335283,0.022691659514043897,True
tobacco,equalize,941,1000,1000,True,0.022567557608959617,420.0977074145966,0.02424052536325513,True
tobacco,equalize,942,1000,1000,True,0.01906956925685168,421.36097773642973,0.019193773809590517,True
tobacco,equalize,943,1000,1000,True,0.015814928007845765,440.04411116955083,0.015121431508959005,True
tobacco,equalize,944,1000,1000,True,0.019102315479427263,429.25715210815065,0.01945813254624488,True
tobacco,equalize,945,1000,1000,True,0.020027523834636855,449.74352731751463,0.021090632449547862,True
tobacco,equalize,946,1000,1000,True,0.01673923990962561,453.70275493543124,0.016202345569811132,True
tobacco,equalize,947,1000,1000,True,0.022415292215980858,406.81033564057833,0.02250445293037318,True
tobacco,equalize,948,1000,1000,True,0.01976022715628523,422.23224452426655,0.019544996099336468,True
tobacco,equalize,949,1000,1000,True,0.019515397923108534,449.521820155596,0.020763689590874265,True
tobacco,equalize,950,1000,1000,True,0.01589855676564754,441.16183950904,0.015401218495944674,True
tobacco,equalize,951,1000,1000,True,0.0189248997376119,437.61204680744333,0.0174960740284889,True
tobacco,equalize,952,1000,1000,True,0.019188123863802486,433.13824249424107,0.019919696063346225,True
tobacco,equalize,953,1000,1000,True,0.02053700234737006,431.67848426230375,0.02109030772577565,True
tobacco,equalize,954,1000,1000,True,0.01307572808887895,463.8283182342363,0.01221378542465408,True
tobacco,equalize,955,1000,1000,True,0.022389403237474913,401.4805622941165,0.024718796843657655,True
tobacco,equalize,956,1000,1000,True,0.01841008362243165,424.95343260056154,0.01962017628954162,True
tobacco,equalize,957,1000,1000,True,0.019838283708749953,430.74776455717097,0.019829471091173913,True
tobacco,equalize,958,1000,1000,True,0.02194038793725786,401.5869684526628,0.02285020479237356,True
tobacco,equalize,959,1000,1000,True,0.019687576673609958,435.175068385127,0.020580323564875873,True
tobacco,equalize,960,1000,1000,True,0.01610147261245096,430.9705304959958,0.01607474072277642,True
tobacco,equalize,961,1000,1000,True,0.021337228205732396,418.2582515994156,0.023242488071569336,True
tobacco,equalize,962,1000,1000,True,0.017739501411312412,423.73028156599804,0.016756696212956897,True
tobacco,equalize,963,1000,1000,True,0.02024702394585556,420.2488377140382,0.019380212006723702,True
tobacco,equalize,964,1000,1000,True,0.02129887476058809,403.7503994289046,0.021679105077001954,True
tobacco,equalize,965,1000,1000,True,0.015582703741101924,436.54108874079657,0.01495673489685898,True
tobacco,equalize,966,1000,1000,True,0.017213519470788353,424.02270522225575,0.017051863442523397,True
tobacco,equalize,967,1000,1000,True,0.020661460025003513,410.0810232137059,0.0221733816154573,True
tobacco,equalize,968,1000,1000,True,0.019824895267924896,438.9806134170392,0.019878313012347288,True
tobacco,equalize,969,1000,1000,True,0.01972476136466722,445.72068630926253,0.021078457848721963,True
tobacco,equalize,970,1000,1000,True,0.020018211976054762,423.0789026883756,0.018620545854317494,True
tobacco,equalize,971,1000,1000,True,0.01743437855459216,408.6089267735104,0.01678209645750737,True
tobacco,equalize,972,1000,1000,True,0.01609267194559485,467.5362566432683,0.014583047343144117,True
tobacco,equalize,973,1000,1000,True,0.01848537991825792,451.8089722338413,0.019597369616111738,True
tobacco,equalize,974,1000,1000,True,0.018824798641821523,421.78802011911154,0.01980122694427547,True
tobacco,equalize,975,1000,1000,True,0.019602720818137895,422.8750971137932,0.017346181933143516,True
tobacco,equalize,976,1000,1000,True,0.019720363727301037,414.7480324437959,0.020296646715393964,True
tobacco,equalize,977,1000,1000,True,0.021937619114975968,415.72262035039665,0.022620856581937136,True
tobacco,equalize,978,1000,1000,True,0.01966796008414399,422.75947108964925,0.02059065991363973,True
tobacco,equalize,979,1000,1000,True,0.020651961506991955,416.5193368272354,0.021421492233221533,True
tobacco,equalize,980,1000,1000,True,0.01822009799976487,459.5602007615542,0.011861995446811319,True
tobacco,equalize,981,1000,1000,True,0.019715016824424766,426.2697009628998,0.018733040885012747,True
tobacco,equalize,982,1000,1000,True,0.01744543067534129,442.7198132442233,0.017501296375295024,True
tobacco,equalize,983,1000,1000,True,0.01722374985816777,450.94191403771725,0.017439278504711993,True
tobacco,equalize,984,1000,1000,True,0.02059553242204862,421.6942605442953,0.02169534610298315,True
tobacco,equalize,985,1000,1000,True,0.016445125850722997,418.4989653213016,0.016041622505666712,True
tobacco,equalize,986,1000,1000,True,0.01992454456703062,419.7121097978947,0.01989929748621589,True
tobacco,equalize,987,1000,1000,True,0.02030463861184672,417.9761672332527,0.021138088279600554,True
tobacco,equalize,988,1000,1000,True,0.02202004760706972,425.11752459643435,0.02269432789856829,True
tobacco,equalize,989,1000,1000,True,0.020771382761631402,404.89998328476133,0.021889136337002103,True
tobacco,equalize,990,1000,1000,True,0.022160924169059817,402.1699429034945,0.02291159584932344,True
tobacco,equalize,991,1000,1000,True,0.018720146590328977,403.4349001251627,0.01709872576585222,True
tobacco,equalize,992,1000,1000,True,0.021007877635828422,408.498810915038,0.020913705203451184,True
tobacco,equalize,993,1000,1000,True,0.019896837359833046,407.49094114593515,0.020588257392910706,True
tobacco,equalize,994,1000,1000,True,0.020587031164810737,441.9821355484857,0.021627463221181444,True
tobacco,equalize,995,1000,1000,True,0.01824386842663586,419.14085166683526,0.019447258288372866,True
tobacco,equalize,996,1000,1000,True,0.019985207529893967,438.81378126831885,0.02083104500868311,True
tobacco,equalize,997,1000,1000,True,0.021244970289145022,409.3287636106214,0.02209048111676961,True
tobacco,equalize,998,1000,1000,True,0.021050324235726947,401.7514964054272,0.021796350378815464,True
tobacco,equalize,999,1000,1000,True,0.017779978418756563,432.6196623548218,0.01834859713629379,True
ego,equalize,0,1000,1000,True,0.0035560126629628312,658.4910339549051,0.4999639987039066,True
ego,equalize,1,1000,1000,True,0.0031371718988940644,627.2569968075287,0.4996758949559204,True
ego,equalize,2,1000,1000,True,0.0035747693970313407,627.1170601123844,0.49985597925802594,True
ego,equalize,3,1000,1000,True,0.0034995842645184987,590.4962823219126,0.4979783604596266,True
ego,equalize,4,1000,1000,True,0.003391666414136892,582.4804122921216,0.4999509975987647,True
ego,equalize,5,1000,1000,True,0.003039238038538349,640.9261946581681,0.0,True
ego,equalize,6,1000,1000,True,0.003643609119955729,625.1472425269106,0.499743934430424,True
ego,equalize,7,1000,1000,True,0.003591166111233633,602.9321255332145,0.49921538437832613,True
ego,equalize,8,1000,1000,True,0.002991896457937803,602.0964123452322,0.49942366784124287,True
ego,equalize,9,1000,1000,True,0.0027585121695055583,609.6107982237519,0.0,True
ego,equalize,10,1000,1000,True,0.0035057115395783485,624.2487162790164,0.499998999999,True
ego,equalize,11,1000,1000,True,0.003391274256139831,646.072219392693,0.5,True
ego,equalize,12,1000,1000,True,0.041729256853647846,637.1564653670242,0.0,True
ego,equalize,13,1000,1000,True,0.0031320494953115834,647.4981954693001,0.0,True
ego,equalize,14,1000,1000,True,0.003492321466045405,663.3738038534533,0.49778609864077167,True
ego,equalize,15,1000,1000,True,0.030452608729778605,656.1495990732601,0.0,True
ego,equalize,16,1000,1000,True,0.0032337064285347583,636.752503366889,0.0019880357849661966,True
ego,equalize,17,1000,1000,True,0.0036647445040491364,623.5511633980005,0.42562733559731675,True
ego,equalize,18,1000,1000,True,0.0031673942286523744,607.4708569273097,0.001984951826553981,True
ego,equalize,19,1000,1000,True,0.0032560801025640278,617.5837959135587,0.0019800035096736125,True
ego,equalize,20,1000,1000,True,0.0036070346857409365,624.405611947074,0.49993599590347565,True
ego,equalize,21,1000,1000,True,0.003080163881807439,650.2756433321181,0.001982321705050895,True
ego,equalize,22,1000,1000,True,0.003001626642100452,605.9348994991128,0.0,True
ego,equalize,23,1000,1000,True,0.0032531066062469207,600.9094995388241,0.004437046169451955,True
ego,equalize,24,1000,1000,True,0.0033720858660878637,645.803669580779,0.499743934430424,True
ego,equalize,25,1000,1000,True,0.0036171840880075998,598.9345256369847,0.49921538437832613,True
ego,equalize,26,1000,1000,True,0.0036085574646334893,612.7358938400785,0.41190811585409404,True
ego,equalize,27,1000,1000,True,0.0036889502372660092,594.6073110347702,0.4999959999839998,True
ego,equalize,28,1000,1000,True,0.0037058587305547,644.5019779015422,0.5,True
ego,equalize,29,1000,1000,True,0.003168464701890497,645.773101870928,0.001986317317484208,True
ego,equalize,30,1000,1000,True,0.0030720942504302543,572.6356221228295,0.49977494935220584,True
ego,equalize,31,1000,1000,True,0.0030139479742582512,648.4651830283566,0.4150386701213869,True
ego,equalize,32,1000,1000,True,0.0028349621763132946,624.1506214881149,0.0,True
ego,equalize,33,1000,1000,True,0.029902468045035362,631.7830732015539,0.4999839997439918,True
ego,equalize,34,1000,1000,True,0.0033113652139283704,598.9333546823052,0.4978107596378156,True
ego,equalize,35,1000,1000,True,0.0033453467640766218,621.5870640795222,0.4270106114353799,True
ego,equalize,36,1000,1000,True,0.003319447922685413,641.4427001307288,0.4999509975987647,True
ego,equalize,37,1000,1000,True,0.00294556537638655,614.4301702846305,0.003971559982832945,True
ego,equalize,38,1000,1000,True,0.003507174069086283,624.884560346149,0.42744288589289847,True
ego,equalize,39,1000,1000,True,0.0039260140190739935,617.534356899274,0.4298789962130374,True
ego,equalize,40,1000,1000,True,0.0031239329684303613,640.4986533248918,0.00397563416225428,True
ego,equalize,41,1000,1000,True,0.002961121653353078,620.5291863168081,0.0,True
ego,equalize,42,1000,1000,True,0.002663564099250591,597.9861360859463,0.0,True
ego,equalize,43,1000,1000,True,0.002871510454777198,624.1301139914658,0.0,True
ego,equalize,44,1000,1000,True,0.0035367066843821726,626.3436947674975,0.49862912068991716,True
ego,equalize,45,1000,1000,True,0.002777585015539707,648.117339029747,0.0,True
ego,equalize,46,1000,1000,True,0.0035961566050080793,613.4881413678671,0.4998789853554558,True
ego,equalize,47,1000,1000,True,0.00333959041311401,604.348680871399,0.4998999899979995,True
ego,equalize,48,1000,1000,True,0.002988967589586701,633.6509160065974,0.0,True
ego,equalize,49,1000,1000,True,0.0033338905133204195,630.546351982945,0.49987898535545583,True
ego,equalize,50,1000,1000,True,0.003090964783719006,635.764764131357,0.001988035784966197,True
ego,equalize,51,1000,1000,True,0.003067247821949458,629.6074593895787,0.0,True
ego,equalize,52,1000,1000,True,0.0028373925727643327,597.2657037525258,0.001987399488784661,True
ego,equalize,53,1000,1000,True,0.028839955904458495,618.4382593202008,0.0,True
ego,equalize,54,1000,1000,True,0.003392214077507456,640.9357724452583,0.49987898535545583,True
ego,equalize,55,1000,1000,True,0.003640112899588385,592.7165827602598,0.49951576551696536,True
ego,equalize,56,1000,1000,True,0.0035913972292788998,637.5266376583805,0.4980901134247724,True
ego,equalize,57,1000,1000,True,0.002933315220974065,633.4863124140884,0.0,True
ego,equalize,58,1000,1000,True,0.0029701656193729135,632.8109106763252,0.4994236678412428,True
ego,equalize,59,1000,1000,True,0.0036125093093078075,635.3702802335029,0.4989098114890104,True
ego,equalize,60,1000,1000,True,0.0033795760698376487,626.5827302950505,0.49983097142934235,True
ego,equalize,61,1000,1000,True,0.003078633942040013,618.4008601020862,0.4996388695848233,True
ego,equalize,62,1000,1000,True,0.0034861678223790907,656.8306241216225,0.49993599590347565,True
ego,equalize,63,1000,1000,True,0.003628639101164483,615.6954025806917,0.4994707198625361,True
ego,equalize,64,1000,1000,True,0.00345431368600402,606.2792505108516,0.4998039615689336,True
ego,equalize,65,1000,1000,True,0.0036331506171523266,622.0542484381889,0.49932354240512244,True
ego,equalize,66,1000,1000,True,0.0029734632837454377,623.5832197581972,0.0,True
ego,equalize,67,1000,1000,True,0.003052318596553161,618.8931852904828,0.4999839997439918,True
ego,equalize,68,1000,1000,True,0.0036291341231855395,613.1438771112373,0.4999639987039066,True
ego,equalize,69,1000,1000,True,0.003417207620536472,639.5651938121712,0.4999839997439918,True
ego,equalize,70,1000,1000,True,0.003536021004108778,594.9292804350782,0.49815473748735695,True
ego,equalize,71,1000,1000,True,0.0030398381447814464,607.3870108909146,0.0,True
ego,equalize,72,1000,1000,True,0.003594934780915046,670.7530001304505,0.4996388695848233,True
ego,equalize,73,1000,1000,True,0.029930713228293625,604.8809697783523,0.4982328772772828,True
ego,equalize,74,1000,1000,True,0.003458273212046744,643.5193420558546,0.4992153843783262,True
ego,equalize,75,1000,1000,True,0.003475774586472088,652.3617792329652,0.49588082606561235,True
ego,equalize,76,1000,1000,True,0.0038365346523139966,626.0928623007932,0.49789993761096274,True
ego,equalize,77,1000,1000,True,0.003340980152900241,600.72982243601,0.4993746088859544,True
ego,equalize,78,1000,1000,True,0.003614508214993836,608.368554450343,0.4160828639890694,True
ego,equalize,79,1000,1000,True,0.0036224475276221985,587.390038785133,0.49995099759876466,True
ego,equalize,80,1000,1000,True,0.0034079925067438672,680.8418999848643,0.4996758949559204,True
ego,equalize,81,1000,1000,True,0.003400915305752284,619.6432725722115,0.49932354240512244,True
ego,equalize,82,1000,1000,True,0.0033559867078574615,605.8502752124489,0.4981475684975286,True
ego,equalize,83,1000,1000,True,0.003713478755707372,597.4581488271793,0.4996758949559204,True
ego,equalize,84,1000,1000,True,0.0032621340685437187,611.0969415526476,0.49903807469971667,True
ego,equalize,85,1000,1000,True,0.0027923142871769837,640.1244522622145,0.0,True
ego,equalize,86,1000,1000,True,0.0034703319721167488,658.4939273827816,0.4999839997439918,True
ego,equalize,87,1000,1000,True,0.0031712078539308792,595.5834115881671,0.0,True
ego,equalize,88,1000,1000,True,0.02910562281933703,624.9510748978676,0.0,True
ego,equalize,89,1000,1000,True,0.0031504480339474565,573.343401461986,0.003973271328706347,True
ego,equalize,90,1000,1000,True,0.026526781006172364,625.9272923239567,0.4998999899979995,True
ego,equalize,91,1000,1000,True,0.0036068675791362838,625.9244274638912,0.4982949546513611,True
ego,equalize,92,1000,1000,True,0.002932000511162742,609.6905552130523,0.0,True
ego,equalize,93,1000,1000,True,0.0030801632402135013,607.0702216177301,0.0,True
ego,equalize,94,1000,1000,True,0.003327791307926477,572.2135726937976,0.4999959999839998,True
ego,equalize,95,1000,1000,True,0.0029074545869844912,607.9192858793016,0.0,True
ego,equalize,96,1000,1000,True,0.0034519678498803187,622.5903269759336,0.49903807469971667,True
ego,equalize,97,1000,1000,True,0.00358083424744116,608.5636188402984,0.4333558720163398,True
ego,equalize,98,1000,1000,True,0.0028828655606895036,610.6013277908917,0.0,True
ego,equalize,99,1000,1000,True,0.0036349951918294016,590.8745371938107,0.499270467782744,True
ego,equalize,100,1000,1000,True,0.002880602511060747,608.9291717236085,0.0,True
ego,equalize,101,1000,1000,True,0.0033015584398951173,612.5067799657404,0.4999509975987647,True
ego,equalize,102,1000,1000,True,0.0036569797028984585,600.9490049280388,0.49794732563922556,True
ego,equalize,103,1000,1000,True,0.0028475709238294914,645.8129536011181,0.0,True
ego,equalize,104,1000,1000,True,0.0034690088649538243,616.2142814281409,0.49903807469971667,True
ego,equalize,105,1000,1000,True,0.0034013017040390604,590.8007352051959,0.4999509975987647,True
ego,equalize,106,1000,1000,True,0.0036029863362425805,645.9949395769289,0.499743934430424,True
ego,equalize,107,1000,1000,True,0.0038882121114915107,629.7977283152107,0.4960495517833125,True
ego,equalize,108,1000,1000,True,0.0032785705327551457,604.9841252256128,0.4976179140725804,True
ego,equalize,109,1000,1000,True,0.028888713825331574,623.1817590005343,0.4995157655169654,True
ego,equalize,110,1000,1000,True,0.0027141181915232137,669.8438507592647,0.0,True
ego,equalize,111,1000,1000,True,0.003155764767241127,602.9173803134223,0.499270467782744,True
ego,equalize,112,1000,1000,True,0.0034628417575335397,622.895165982206,0.49759320734913576,True
ego,equalize,113,1000,1000,True,0.0034125849326335444,596.9979904748424,0.49995099759876466,True
ego,equalize,114,1000,1000,True,0.0029537123959477185,608.7702023842822,0.0019869221329252085,True
ego,equalize,115,1000,1000,True,0.0029336224182784547,623.2864983328293,0.0,True
ego,equalize,116,1000,1000,True,0.0033014058009819725,640.6407128461318,0.49971091643069,True
ego,equalize,117,1000,1000,True,0.003214361308298468,631.8378721088187,0.0,True
ego,equalize,118,1000,1000,True,0.003596761592265821,618.904244838408,0.0,True
ego,equalize,119,1000,1000,True,0.0027997553904501853,634.2092732182335,0.0,True
ego,equalize,120,1000,1000,True,0.04230523245773979,624.5199744155506,0.49983097142934235,True
ego,equalize,121,1000,1000,True,0.003669357043963797,595.5297351803686,0.49985597925802594,True
ego,equalize,122,1000,1000,True,0.0028384872431789906,611.1105285920052,0.0,True
ego,equalize,123,1000,1000,True,0.003107797839054541,632.8035078916678,0.4996758949559204,True
ego,equalize,124,1000,1000,True,0.0030335333883912768,630.243287335137,0.49829615203057076,True
ego,equalize,125,1000,1000,True,0.003324169217195466,622.1069327728152,0.4996758949559204,True
ego,equalize,126,1000,1000,True,0.003405352466867635,612.4280764881702,0.49897494927100305,True
ego,equalize,127,1000,1000,True,0.0035199962308183675,632.190822141543,0.499270467782744,True
ego,equalize,128,1000,1000,True,0.003102920559065866,612.5430103396823,0.499998999999,True
ego,equalize,129,1000,1000,True,0.003585056449813422,573.3408623768238,0.49993599590347565,True
ego,equalize,130,1000,1000,True,0.003473109823791355,589.1139738276457,0.49971091643069,True
ego,equalize,131,1000,1000,True,0.003154687478819494,602.7558515319449,0.41372558626253036,True
ego,equalize,132,1000,1000,True,0.003061097653197741,608.549797205619,0.0,True
ego,equalize,133,1000,1000,True,0.003615735449171717,620.2862566235044,0.4993746088859544,True
ego,equalize,134,1000,1000,True,0.003011415948894522,627.7221312579317,0.0,True
ego,equalize,135,1000,1000,True,0.0026617887785618534,613.3004964737922,0.0,True
ego,equalize,136,1000,1000,True,0.0036569624102111113,637.4882521262647,0.49842042350621446,True
ego,equalize,137,1000,1000,True,0.0033592356554759417,629.9948069428826,0.4999909999189985,True
ego,equalize,138,1000,1000,True,0.003562533281286643,615.9188143741023,0.0019878767300149686,True
ego,equalize,139,1000,1000,True,0.0031163831989495317,615.0261853864436,0.0,True
ego,equalize,140,1000,1000,True,0.003644823844717433,613.4025404503963,0.4999189934379369,True
ego,equalize,141,1000,1000,True,0.0026553968758749914,589.0497941600523,0.0,True
ego,equalize,142,1000,1000,True,0.003366952840986522,595.7849457639895,0.499743934430424,True
ego,equalize,143,1000,1000,True,0.0034143935492689393,626.8534663531821,0.4998039615689336,True
ego,equalize,144,1000,1000,True,0.003716643306352028,597.7039258487433,0.499998999999,True
ego,equalize,145,1000,1000,True,0.029039777083370796,658.6974253813355,0.499998999999,True
ego,equalize,146,1000,1000,True,0.03001365911856405,642.553998972849,0.0,True
ego,equalize,147,1000,1000,True,0.003125299095599777,601.0818269886389,0.0,True
ego,equalize,148,1000,1000,True,0.002918726730698141,592.405781453895,0.0,True
ego,equalize,149,1000,1000,True,0.0030332916884937625,649.4715844061232,0.0,True
ego,equalize,150,1000,1000,True,0.0034088419197547157,628.6275610852582,0.49987898535545583,True
ego,equalize,151,1000,1000,True,0.027294060098024736,630.2175192733062,0.49977494935220584,True
ego,equalize,152,1000,1000,True,0.003696966490651432,636.4559293588206,0.4999749993749687,True
ego,equalize,153,1000,1000,True,0.0036456354239816227,611.8606378506465,0.4998999899979995,True
ego,equalize,154,1000,1000,True,0.003279389590865446,622.1149683941064,0.003975944329025596,True
ego,equalize,155,1000,1000,True,0.003482587882115711,644.2932266445147,0.4996758949559204,True
ego,equalize,156,1000,1000,True,0.0036287393090929845,625.5856608642816,0.4991582915268462,True
ego,equalize,157,1000,1000,True,0.04226246846700078,631.8350142869576,0.4994236678412428,True
ego,equalize,158,1000,1000,True,0.0037410753031335937,628.2394353715787,0.49797088268291345,True
ego,equalize,159,1000,1000,True,0.028835019392729543,666.2381322950527,0.4999909999189985,True
ego,equalize,160,1000,1000,True,0.003186565556868334,622.026468195687,0.49993599590347565,True
ego,equalize,161,1000,1000,True,0.0033234462281507013,638.9752556077583,0.49903807469971667,True
ego,equalize,162,1000,1000,True,0.003334274603046528,628.5360113462076,0.49903807469971667,True
ego,equalize,163,1000,1000,True,0.002893321093407219,641.8316243875803,0.0,True
ego,equalize,164,1000,1000,True,0.029153594996665512,656.0018852953092,0.4999749993749687,True
ego,equalize,165,1000,1000,True,0.0028751969165656346,628.9500953939033,0.0,True
ego,equalize,166,1000,1000,True,0.03058420666712483,606.5705120684652,0.0,True
ego,equalize,167,1000,1000,True,0.003509517353386553,610.7851256137465,0.49839743177508444,True
ego,equalize,168,1000,1000,True,0.0030717758107297907,600.5555003794404,0.0,True
ego,equalize,169,1000,1000,True,0.002996007366505147,624.0054274090891,0.0,True
ego,equalize,170,1000,1000,True,0.00340229625982371,596.3466839716642,0.4999909999189985,True
ego,equalize,171,1000,1000,True,0.0035543606234374613,622.6448478538949,0.4983327986959211,True
ego,equalize,172,1000,1000,True,0.030148484359417294,623.1216062984817,0.0027774320417263553,True
ego,equalize,173,1000,1000,True,0.003588455417055578,650.0099002322964,0.49977494935220584,True
ego,equalize,174,1000,1000,True,0.003628622218034569,630.3400814409631,0.4167558181686724,True
ego,equalize,175,1000,1000,True,0.0027798551527993885,631.6213831592466,0.0,True
ego,equalize,176,1000,1000,True,0.003408702201511845,630.8243176384373,0.49997499937496875,True
ego,equalize,177,1000,1000,True,0.003006789177508542,614.9554566885312,0.49983097142934235,True
ego,equalize,178,1000,1000,True,0.0032127507232684724,629.7140385722713,0.0,True
ego,equalize,179,1000,1000,True,0.003084790148997223,595.6199777542724,0.0,True
ego,equalize,180,1000,1000,True,0.030535238464997394,590.023892736557,0.0,True
ego,equalize,181,1000,1000,True,0.0033927703896556066,617.9771328447356,0.4998999899979995,True
ego,equalize,182,1000,1000,True,0.0035152562957958904,584.9799773496525,0.4998039615689336,True
ego,equalize,183,1000,1000,True,0.0035712046762710033,633.6159872856745,0.4999959999839998,True
ego,equalize,184,1000,1000,True,0.029897570804155418,635.0709528076371,0.4995588053472784,True
ego,equalize,185,1000,1000,True,0.002657036642760945,628.9278162070748,0.0,True
ego,equalize,186,1000,1000,True,0.0032959078909722216,636.8955224336249,0.4985539088203,True
ego,equalize,187,1000,1000,True,0.0035496960828096348,633.9325590123922,0.4965747452612048,True
ego,equalize,188,1000,1000,True,0.0035294799608770367,625.9990402348873,0.49977494935220584,True
ego,equalize,189,1000,1000,True,0.003573955549121613,617.0049485020359,0.4978795034945705,True
ego,equalize,190,1000,1000,True,0.0028759576922227515,615.348806632466,0.0,True
ego,equalize,191,1000,1000,True,0.003626119923112491,640.1855342195729,0.4999959999839998,True
ego,equalize,192,1000,1000,True,0.0034535218082667697,617.6381058314003,0.4993746088859544,True
ego,equalize,193,1000,1000,True,0.029974712507694484,618.2474313662775,0.003974798977569322,True
ego,equalize,194,1000,1000,True,0.0036038418843949743,623.2961765958458,0.4998789853554558,True
ego,equalize,195,1000,1000,True,0.0028497159639825085,606.2198465829043,0.0,True
ego,equalize,196,1000,1000,True,0.0030640504492497867,630.7119147241473,0.0,True
ego,equalize,197,1000,1000,True,0.003389064387651687,621.4317624317251,0.4993746088859544,True
ego,equalize,198,1000,1000,True,0.003456061582643428,605.6221257838916,0.49884266056543325,True
ego,equalize,199,1000,1000,True,0.0030127720934564456,615.977107917981,0.0,True
ego,equalize,200,1000,1000,True,0.0031103784767171337,614.8598330644147,0.4996758949559204,True
ego,equalize,201,1000,1000,True,0.003473036990482407,617.455253982829,0.4995998398718719,True
ego,equalize,202,1000,1000,True,0.003526571675877084,608.2510554170868,0.4980602373207482,True
ego,equalize,203,1000,1000,True,0.0036400195197327954,647.9061686355518,0.49983097142934235,True
ego,equalize,204,1000,1000,True,0.0036786845719515666,659.9871410194293,0.4985273122923786,True
ego,equalize,205,1000,1000,True,0.0034175031255072276,609.3212965882614,0.49963886958482323,True
ego,equalize,206,1000,1000,True,0.0029940852886531917,614.8410848341221,0.0,True
ego,equalize,207,1000,1000,True,0.0034641563811616,656.0363818562199,0.4995998398718719,True
ego,equalize,208,1000,1000,True,0.0032842069845298353,604.5395701556681,0.0,True
ego,equalize,209,1000,1000,True,0.003540274881627918,585.2428033209806,0.4999839997439918,True
ego,equalize,210,1000,1000,True,0.029789378451442288,603.3227648870876,0.49977494935220584,True
ego,equalize,211,1000,1000,True,0.002960285299250494,640.6965108309862,0.0,True
ego,equalize,212,1000,1000,True,0.003344590537472216,630.6591226003158,0.4991582915268462,True
ego,equalize,213,1000,1000,True,0.003299010540825607,630.2802266539861,0.4996758949559204,True
ego,equalize,214,1000,1000,True,0.003199251322447935,602.5380065680504,0.4993746088859544,True
ego,equalize,215,1000,1000,True,0.0028439737316381664,602.6203040688225,0.0,True
ego,equalize,216,1000,1000,True,0.0032475372739829483,641.2610387541099,0.49987898535545583,True
ego,equalize,217,1000,1000,True,0.0038272293463708657,617.3512951666984,0.42037516348740733,True
ego,equalize,218,1000,1000,True,0.0029875887330808835,623.8470655665537,0.0,True
ego,equalize,219,1000,1000,True,0.0036950244941589077,626.1359767007483,0.4995998398718719,True
ego,equalize,220,1000,1000,True,0.0032890635875264308,657.6275343011423,0.49810768306398384,True
ego,equalize,221,1000,1000,True,0.0034337834963081393,607.7946304435405,0.4994707198625361,True
ego,equalize,222,1000,1000,True,0.0029245059887426554,623.4250253230135,0.49903807469971667,True
ego,equalize,223,1000,1000,True,0.029895126344957598,623.1591841375684,0.49977494935220584,True
ego,equalize,224,1000,1000,True,0.0034611812178804817,623.5354550232088,0.49985597925802594,True
ego,equalize,225,1000,1000,True,0.0033656067082647703,603.5276869995279,0.4999189934379369,True
ego,equalize,226,1000,1000,True,0.003551365316831645,635.9117195460389,0.49985597925802594,True
ego,equalize,227,1000,1000,True,0.0033097606336439864,633.8902696839572,0.49985597925802594,True
ego,equalize,228,1000,1000,True,0.0035071295540675795,593.2296723858307,0.4995588053472784,True
ego,equalize,229,1000,1000,True,0.0029978372419853148,597.234015534112,0.0,True
ego,equalize,230,1000,1000,True,0.003150259844208492,638.3966350091455,0.0,True
ego,equalize,231,1000,1000,True,0.0026918217429641616,631.30129714424,0.0,True
ego,equalize,232,1000,1000,True,0.0030629209021981276,621.2247759957743,0.49998399974399177,True
ego,equalize,233,1000,1000,True,0.0031476164723321606,610.9462397920131,0.49993599590347565,True
ego,equalize,234,1000,1000,True,0.0034366184931571616,627.0839899399441,0.4978795034945705,True
ego,equalize,235,1000,1000,True,0.0030412680397034542,598.5854364875577,0.49999899999899994,True
ego,equalize,236,1000,1000,True,0.003712866173700069,622.3025345408774,0.4304378259515409,True
ego,equalize,237,1000,1000,True,0.003312926664685153,592.7488795763345,0.499743934430424,True
ego,equalize,238,1000,1000,True,0.029593952804839785,631.323139050043,0.499270467782744,True
ego,equalize,239,1000,1000,True,0.00300453790832463,604.2673160108861,0.0,True
ego,equalize,240,1000,1000,True,0.0034535269583472624,599.5611684815821,0.4999839997439918,True
ego,equalize,241,1000,1000,True,0.003621800997089852,634.4014027601137,0.4993235424051224,True
ego,equalize,242,1000,1000,True,0.0033978411491156243,629.0187807180323,0.49993599590347565,True
ego,equalize,243,1000,1000,True,0.0027665385661260317,595.0509124226262,0.0,True
ego,equalize,244,1000,1000,True,0.003551018065029689,644.9661758449043,0.4327067919005642,True
ego,equalize,245,1000,1000,True,0.0034313533625269926,635.3604630790304,0.4996758949559204,True
ego,equalize,246,1000,1000,True,0.003564114441783158,637.7017240991278,0.4999509975987647,True
ego,equalize,247,1000,1000,True,0.003538300503075309,637.3152065218592,0.4999909999189985,True
ego,equalize,248,1000,1000,True,0.02970939718820354,597.0837577417427,0.4998999899979995,True
ego,equalize,249,1000,1000,True,0.0029288221526083524,597.4338733583827,0.0,True
ego,equalize,250,1000,1000,True,0.003193300314596359,568.6419795257821,0.0,True
ego,equalize,251,1000,1000,True,0.002958003981904748,634.4008101437134,0.003975634162254279,True
ego,equalize,252,1000,1000,True,0.0035214691021706406,617.3542625883457,0.003972292369916226,True
ego,equalize,253,1000,1000,True,0.0035237153916761904,614.2408975630001,0.438867327855874,True
ego,equalize,254,1000,1000,True,0.0035357706166406263,616.9522155556296,0.4999749993749687,True
ego,equalize,255,1000,1000,True,0.0033252920356140344,609.9339073694788,0.4996758949559204,True
ego,equalize,256,1000,1000,True,0.003062197541096184,597.2293385618292,0.5,True
ego,equalize,257,1000,1000,True,0.0035281403862507756,581.8416328993655,0.4991582915268462,True
ego,equalize,258,1000,1000,True,0.030277328200597437,661.585156102372,0.4998999899979995,True
ego,equalize,259,1000,1000,True,0.003585350246876374,632.7789781716835,0.5,True
ego,equalize,260,1000,1000,True,0.0031774807510198256,613.2484977918821,0.0019880556659403574,True
ego,equalize,261,1000,1000,True,0.003566303393508348,604.9907202957745,0.004967305332313022,True
ego,equalize,262,1000,1000,True,0.0028480948456484543,652.727692820674,0.0,True
ego,equalize,263,1000,1000,True,0.0031704375173027305,614.807006046613,0.0,True
ego,equalize,264,1000,1000,True,0.0034537735809900528,612.2617037827861,0.4995588053472784,True
ego,equalize,265,1000,1000,True,0.003432422119429768,591.6890341218096,0.4999839997439918,True
ego,equalize,266,1000,1000,True,0.003720424571997799,612.4568105189132,0.49971091643069,True
ego,equalize,267,1000,1000,True,0.02977756342084444,644.2461492123954,0.0,True
ego,equalize,268,1000,1000,True,0.0035357946501356286,635.1596031541994,0.4999189934379369,True
ego,equalize,269,1000,1000,True,0.0034883892566318804,615.4169833137529,0.4999959999839998,True
ego,equalize,270,1000,1000,True,0.002776521139454727,610.1745163836326,0.0,True
ego,equalize,271,1000,1000,True,0.0035494533412143464,625.9221082530956,0.49932354240512244,True
ego,equalize,272,1000,1000,True,0.0029929557481604466,631.4321020276052,0.0,True
ego,equalize,273,1000,1000,True,0.0032072413265283786,670.3167342413585,0.49942366784124287,True
ego,equalize,274,1000,1000,True,0.003566863580210653,605.2768011207764,0.49983097142934235,True
ego,equalize,275,1000,1000,True,0.0029400446376365535,603.8449751045379,0.0019878767300149686,True
ego,equalize,276,1000,1000,True,0.0030110169279972325,637.0940487675269,0.0,True
ego,equalize,277,1000,1000,True,0.003005235692798858,635.4218898841934,0.0,True
ego,equalize,278,1000,1000,True,0.0033483847175779023,605.9353067085627,0.4999639987039066,True
ego,equalize,279,1000,1000,True,0.0028640349765270403,668.3951887917806,0.499270467782744,True
ego,equalize,280,1000,1000,True,0.0039029931251778607,635.607209146498,0.4249959328199426,True
ego,equalize,281,1000,1000,True,0.0035699471875798726,604.3437828123989,0.4996388695848233,True
ego,equalize,282,1000,1000,True,0.00363639920355542,604.8511695607441,0.4995157655169654,True
ego,equalize,283,1000,1000,True,0.0034377063083346347,633.8781249349121,0.4999639987039066,True
ego,equalize,284,1000,1000,True,0.003131938443464882,639.8507781631589,0.4994707198625361,True
ego,equalize,285,1000,1000,True,0.0027932051814970552,600.8035575260852,0.0,True
ego,equalize,286,1000,1000,True,0.0034431419508813652,580.536094649592,0.4998789853554558,True
ego,equalize,287,1000,1000,True,0.0036904172602671144,633.078485749595,0.49999899999899994,True
ego,equalize,288,1000,1000,True,0.0035021109483772237,622.4922084002337,0.49932354240512244,True
ego,equalize,289,1000,1000,True,0.003101582804936409,597.7869495054236,0.0,True
ego,equalize,290,1000,1000,True,0.0030685393627157523,606.8331841544265,0.4978795034945705,True
ego,equalize,291,1000,1000,True,0.0035498291382462708,610.120899822322,0.49985597925802594,True
ego,equalize,292,1000,1000,True,0.0037448662006601516,635.8912751650238,0.49921538437832613,True
ego,equalize,293,1000,1000,True,0.0035072287259947164,622.8104684725523,0.499270467782744,True
ego,equalize,294,1000,1000,True,0.003714061971858089,631.3383944914169,0.49763008752539195,True
ego,equalize,295,1000,1000,True,0.003666663193318696,620.9919556443544,0.4999749993749687,True
ego,equalize,296,1000,1000,True,0.0029616521785431524,641.4475896158625,0.0,True
ego,equalize,297,1000,1000,True,0.0029085588994900865,609.8259863272473,0.0,True
ego,equalize,298,1000,1000,True,0.0033105057140676436,631.9799695908091,0.0,True
ego,equalize,299,1000,1000,True,0.0035114989110473643,612.3976698061481,0.499743934430424,True
ego,equalize,300,1000,1000,True,0.0034464647046205258,643.3124094551573,0.4999639987039066,True
ego,equalize,301,1000,1000,True,0.003567896176556592,610.7740728747415,0.4999909999189985,True
ego,equalize,302,1000,1000,True,0.003409525934728946,602.0875907839323,0.49971091643069,True
ego,equalize,303,1000,1000,True,0.0027715143820393343,617.4095587136629,0.0,True
ego,equalize,304,1000,1000,True,0.002684706453184063,628.7703379613259,0.0,True
ego,equalize,305,1000,1000,True,0.003534965679657841,623.3619765104381,0.4999189934379369,True
ego,equalize,306,1000,1000,True,0.0029750951353443265,617.6094553647961,0.0,True
ego,equalize,307,1000,1000,True,0.0035344932528181996,637.8683444653764,0.42443815431119386,True
ego,equalize,308,1000,1000,True,0.0034585354955347235,635.0442208224558,0.49778609864077167,True
ego,equalize,309,1000,1000,True,0.0030725573765345454,586.5983922369716,0.001988035784966197,True
ego,equalize,310,1000,1000,True,0.0029565264648564694,591.3353722245947,0.0,True
ego,equalize,311,1000,1000,True,0.0031322513976728937,594.0949721980485,0.49841408309133745,True
ego,equalize,312,1000,1000,True,0.002963629966338349,612.8118953080137,0.0019851708460546474,True
ego,equalize,313,1000,1000,True,0.02987573459591608,635.5911553750572,0.49787900552656494,True
ego,equalize,314,1000,1000,True,0.002864730422704476,614.2317781554451,0.0,True
ego,equalize,315,1000,1000,True,0.00373618687491715,616.492486390548,0.439368000411883,True
ego,equalize,316,1000,1000,True,0.0029131802301054356,637.1417659359649,0.0,True
ego,equalize,317,1000,1000,True,0.0034011663243720186,645.2732125224167,0.49823287727728277,True
ego,equalize,318,1000,1000,True,0.0032302339581057435,631.8400260437763,0.4994236678412428,True
ego,equalize,319,1000,1000,True,0.0032521837052371353,651.4068968348431,0.49847667949463786,True
ego,equalize,320,1000,1000,True,0.003472149211754922,603.5515431767199,0.4995157655169654,True
ego,equalize,321,1000,1000,True,0.003267808546869728,596.0971128188761,0.4996758949559204,True
ego,equalize,322,1000,1000,True,0.0034782589094608162,626.6554968712874,0.4998999899979995,True
ego,equalize,323,1000,1000,True,0.0035046583659701456,652.4473478948321,0.49732872884885265,True
ego,equalize,324,1000,1000,True,0.003232019270223266,617.7343744069938,0.004499334076302974,True
ego,equalize,325,1000,1000,True,0.0028414648108923933,624.7656479985114,0.0,True
ego,equalize,326,1000,1000,True,0.002846829635318325,593.0153419128379,0.0,True
ego,equalize,327,1000,1000,True,0.002842310402591621,627.5987449031427,0.0,True
ego,equalize,328,1000,1000,True,0.0028540593717811587,643.201911246383,0.0,True
ego,equalize,329,1000,1000,True,0.003061469490501069,645.6457689817227,0.0,True
ego,equalize,330,1000,1000,True,0.029714261994275664,596.9070279365121,0.4999839997439918,True
ego,equalize,331,1000,1000,True,0.003539535177057954,617.4479168934008,0.4994707198625361,True
ego,equalize,332,1000,1000,True,0.003478748062484848,622.7584556439198,0.4980602373207482,True
ego,equalize,333,1000,1000,True,0.0027789656677268573,605.9335235353792,0.0,True
ego,equalize,334,1000,1000,True,0.029828521270112263,586.5656929756461,0.4984289139715349,True
ego,equalize,335,1000,1000,True,0.0028528071976209285,629.4717977352124,0.0,True
ego,equalize,336,1000,1000,True,0.003529308062306499,638.1643760787655,0.49983097142934235,True
ego,equalize,337,1000,1000,True,0.003413346358927949,613.4782219696149,0.49977494935220584,True
ego,equalize,338,1000,1000,True,0.0034718760033988602,609.6119138304304,0.4999959999839998,True
ego,equalize,339,1000,1000,True,0.0035898297371749497,589.6477959248216,0.4999189934379369,True
ego,equalize,340,1000,1000,True,0.0030209367349885215,607.3776901656827,0.0,True
ego,equalize,341,1000,1000,True,0.003233461967384048,596.5014167929528,0.4991582915268462,True
ego,equalize,342,1000,1000,True,0.003427343132531162,597.8603919971619,0.499743934430424,True
ego,equalize,343,1000,1000,True,0.003551908386188864,645.8831312172505,0.4995157655169654,True
ego,equalize,344,1000,1000,True,0.003522296760592846,606.1917256042019,0.49963886958482323,True
ego,equalize,345,1000,1000,True,0.0035211385455722853,647.0813711667181,0.431599365051224,True
ego,equalize,346,1000,1000,True,0.0038482282357427274,596.1544689415655,0.49983097142934235,True
ego,equalize,347,1000,1000,True,0.003415430003507278,610.6406317008392,0.4966179410909161,True
ego,equalize,348,1000,1000,True,0.002814016815774813,602.5292012309444,0.0,True
ego,equalize,349,1000,1000,True,0.0033464837362393806,662.2779368746931,0.4997749493522059,True
ego,equalize,350,1000,1000,True,0.028929889528242443,610.1541844738919,0.4994707198625361,True
ego,equalize,351,1000,1000,True,0.0030294968857519752,650.448687903973,0.0,True
ego,equalize,352,1000,1000,True,0.0036498221891725856,615.938806294911,0.41938563799967477,True
ego,equalize,353,1000,1000,True,0.004086490664370336,655.816269940751,0.4250192901617438,True
ego,equalize,354,1000,1000,True,0.00381709741550695,609.1274607206607,0.4981323689236777,True
ego,equalize,355,1000,1000,True,0.0033468020192287708,622.9934036368282,0.4995157655169654,True
ego,equalize,356,1000,1000,True,0.0034661108473115995,626.6111926737344,0.4999909999189985,True
ego,equalize,357,1000,1000,True,0.003489955310713885,623.5990423332928,0.499998999999,True
ego,equalize,358,1000,1000,True,0.0036935352240497392,624.0520153801284,0.4999839997439918,True
ego,equalize,359,1000,1000,True,0.0035392565614510586,643.1105712052944,0.4975293382813357,True
ego,equalize,360,1000,1000,True,0.0040321385163144445,624.4735490883502,0.41517317306982476,True
ego,equalize,361,1000,1000,True,0.00338379768245784,594.024568124922,0.40537035323294124,True
ego,equalize,362,1000,1000,True,0.0030256065353091274,624.3580589982001,0.0,True
ego,equalize,363,1000,1000,True,0.0036381688013986005,602.1393002653124,0.4999509975987647,True
ego,equalize,364,1000,1000,True,0.0032676422357929844,592.9447242365851,0.49959983987187184,True
ego,equalize,365,1000,1000,True,0.0037219837890842223,634.2538064182193,0.49862912068991716,True
ego,equalize,366,1000,1000,True,0.0032620559188751047,620.6016782929289,0.002979219277437169,True
ego,equalize,367,1000,1000,True,0.0033315186087622167,583.0985157106816,0.4999909999189985,True
ego,equalize,368,1000,1000,True,0.002917142608455619,647.2665242193513,0.0,True
ego,equalize,369,1000,1000,True,0.0028271775780303065,601.9400684711062,0.0,True
ego,equalize,370,1000,1000,True,0.0028928702609517637,637.4159956417786,0.0,True
ego,equalize,371,1000,1000,True,0.003545448492429394,670.2992483958191,0.49971091643068993,True
ego,equalize,372,1000,1000,True,0.003286998439036237,622.0359836022351,0.4999189934379369,True
ego,equalize,373,1000,1000,True,0.0034835552596981434,629.4223523326766,0.4999509975987647,True
ego,equalize,374,1000,1000,True,0.0036692665626916524,615.8455549892359,0.49987898535545583,True
ego,equalize,375,1000,1000,True,0.003948580411548032,644.7152673661451,0.4995588053472785,True
ego,equalize,376,1000,1000,True,0.0029744607065929378,603.8714129978335,0.49995099759876466,True
ego,equalize,377,1000,1000,True,0.002945565376386555,596.7831998230178,0.0,True
ego,equalize,378,1000,1000,True,0.0034323029372764855,619.5983642844775,0.49932354240512244,True
ego,equalize,379,1000,1000,True,0.003537212337308738,619.750616579766,0.49897494927100305,True
ego,equalize,380,1000,1000,True,0.029928495652819513,642.7593108808304,0.4998999899979995,True
ego,equalize,381,1000,1000,True,0.003480635287182401,590.4518903136817,0.4999189934379369,True
ego,equalize,382,1000,1000,True,0.0030111711610932694,612.8689658189587,0.0,True
ego,equalize,383,1000,1000,True,0.003160830607270983,621.604641198085,0.0,True
ego,equalize,384,1000,1000,True,0.003466877048562416,588.2616259786116,0.4996388695848233,True
ego,equalize,385,1000,1000,True,0.0034555583522612424,589.1512757849209,0.4999839997439918,True
ego,equalize,386,1000,1000,True,0.003553141112535403,638.2302467534737,0.4998789853554558,True
ego,equalize,387,1000,1000,True,0.03024208933537413,617.2450425041906,0.49993599590347565,True
ego,equalize,388,1000,1000,True,0.00335322969950011,608.1830565471222,0.4987023160162784,True
ego,equalize,389,1000,1000,True,0.003515161847928615,612.3103831195417,0.4167653872171317,True
ego,equalize,390,1000,1000,True,0.003400464936557733,604.2894466387776,0.4995588053472784,True
ego,equalize,391,1000,1000,True,0.0038420690585136384,611.9383259438814,0.49786792976552946,True
ego,equalize,392,1000,1000,True,0.003450575275273059,618.7054083802726,0.4998039615689336,True
ego,equalize,393,1000,1000,True,0.0030992779665865804,578.8442688806723,0.0,True
ego,equalize,394,1000,1000,True,0.0034638796897823007,623.5209773528072,0.49932354240512244,True
ego,equalize,395,1000,1000,True,0.029827227728136986,605.1778085521643,0.49828298698719886,True
ego,equalize,396,1000,1000,True,0.002958998601402965,627.4689779710229,0.0,True
ego,equalize,397,1000,1000,True,0.029760108325138892,664.9735975021865,0.0,True
ego,equalize,398,1000,1000,True,0.003585370089712496,599.6416503004107,0.4999959999839998,True
ego,equalize,399,1000,1000,True,0.0036319385176598147,618.7435749314897,0.4990991885387111,True
ego,equalize,400,1000,1000,True,0.029783902347099125,624.3540202929745,0.4998999899979995,True
ego,equalize,401,1000,1000,True,0.003740191440383625,663.2221187317263,0.49977494935220584,True
ego,equalize,402,1000,1000,True,0.003324059827634436,626.6765175080361,0.4995157655169654,True
ego,equalize,403,1000,1000,True,0.0032104487497206183,617.9247227284243,0.4999639987039066,True
ego,equalize,404,1000,1000,True,0.030322802163121363,633.8609639218998,0.4999839997439918,True
ego,equalize,405,1000,1000,True,0.0034695072964510028,646.8503109615083,0.4987023160162784,True
ego,equalize,406,1000,1000,True,0.0034970619712698285,615.0235338903707,0.4998999899979995,True
ego,equalize,407,1000,1000,True,0.0034955426335414883,602.6778386094846,0.49915829152684627,True
ego,equalize,408,1000,1000,True,0.00385492973008807,604.1352164664794,0.49740472014261766,True
ego,equalize,409,1000,1000,True,0.0034042009055458423,585.3841456650496,0.49985597925802594,True
ego,equalize,410,1000,1000,True,0.0034276792752480027,601.529484843428,0.49942366784124287,True
ego,equalize,411,1000,1000,True,0.0030242058295777067,599.4696527565011,0.0,True
ego,equalize,412,1000,1000,True,0.0027866487950763625,638.0167072350065,0.0,True
ego,equalize,413,1000,1000,True,0.0034851410642399473,602.3979783365811,0.41808591800719014,True
ego,equalize,414,1000,1000,True,0.003560874832296132,608.879691495783,0.4972166750595977,True
ego,equalize,415,1000,1000,True,0.00306805179749442,628.4976935192363,0.0,True
ego,equalize,416,1000,1000,True,0.0029159961400741325,623.9174080268958,0.49997499937496875,True
ego,equalize,417,1000,1000,True,0.0027936869527200045,604.2168604433346,0.0,True
ego,equalize,418,1000,1000,True,0.003140548423067238,630.6811314253821,0.0,True
ego,equalize,419,1000,1000,True,0.0032349528930464048,642.1347334625343,0.0,True
ego,equalize,420,1000,1000,True,0.0033034158791050137,593.264210870671,0.0029805801258275793,True
ego,equalize,421,1000,1000,True,0.0033752841877774196,600.9607502790843,0.49732993699836525,True
ego,equalize,422,1000,1000,True,0.003469227613994073,639.4612644711171,0.49963886958482323,True
ego,equalize,423,1000,1000,True,0.003045383034885448,624.733739329004,0.4999189934379369,True
ego,equalize,424,1000,1000,True,0.0030711452670602064,606.7323177019665,0.0,True
ego,equalize,425,1000,1000,True,0.002853297605617954,583.0421463316353,0.0,True
ego,equalize,426,1000,1000,True,0.003405802189755453,641.4335898898653,0.49995099759876466,True
ego,equalize,427,1000,1000,True,0.0029340056961229826,610.9085175957199,0.0,True
ego,equalize,428,1000,1000,True,0.003453054835715945,629.3991650065958,0.5,True
ego,equalize,429,1000,1000,True,0.042851809380715374,606.4419673596146,0.0,True
ego,equalize,430,1000,1000,True,0.0034093978372837894,627.1595496235387,0.49993599590347565,True
ego,equalize,431,1000,1000,True,0.003263730577554375,561.2199953814903,0.49983097142934235,True
ego,equalize,432,1000,1000,True,0.00315561447000481,601.9965905019728,0.0,True
ego,equalize,433,1000,1000,True,0.002998280200620514,609.3010228909845,0.0,True
ego,equalize,434,1000,1000,True,0.0029342643298538892,606.6967157641452,0.0,True
ego,equalize,435,1000,1000,True,0.0031083141379903492,594.9141024517742,0.001983995822151105,True
ego,equalize,436,1000,1000,True,0.003453781019450461,628.0283631930965,0.49862912068991716,True
ego,equalize,437,1000,1000,True,0.00342010951773077,627.5350183185,0.4999189934379369,True
ego,equalize,438,1000,1000,True,0.003395486562512311,644.1823351319097,0.49959983987187184,True
ego,equalize,439,1000,1000,True,0.0035165181681987246,637.063760525585,0.49823287727728277,True
ego,equalize,440,1000,1000,True,0.0030515435041739585,647.1177926088882,0.4998039615689336,True
ego,equalize,441,1000,1000,True,0.0035647093443901706,633.0638603837689,0.49999899999899994,True
ego,equalize,442,1000,1000,True,0.030119505999485843,632.9727504016266,0.0,True
ego,equalize,443,1000,1000,True,0.003408321860600898,636.3202072785367,0.4999959999839998,True
ego,equalize,444,1000,1000,True,0.003410629344209961,634.4632831543524,0.49983097142934235,True
ego,equalize,445,1000,1000,True,0.0033197765364540717,627.328323977166,0.49983097142934235,True
ego,equalize,446,1000,1000,True,0.002978096043025586,610.2577071074154,0.4995157655169654,True
ego,equalize,447,1000,1000,True,0.0030415909728825925,626.4384358418631,0.0,True
ego,equalize,448,1000,1000,True,0.02971488522731633,644.8110754562146,0.4997749493522059,True
ego,equalize,449,1000,1000,True,0.0035086709098433623,608.8534895678927,0.4999749993749687,True
ego,equalize,450,1000,1000,True,0.0031682925522812408,601.2763342723543,0.001987876730014969,True
ego,equalize,451,1000,1000,True,0.0034108240264759337,623.5854621749934,0.499743934430424,True
ego,equalize,452,1000,1000,True,0.003038225456350364,621.7931231133068,0.0,True
ego,equalize,453,1000,1000,True,0.0036294564774609116,644.5299114540767,0.49983097142934235,True
ego,equalize,454,1000,1000,True,0.003529811975782053,649.3267935877897,0.4984738148327615,True
ego,equalize,455,1000,1000,True,0.003548223789331178,615.3990424951927,0.4998999899979995,True
ego,equalize,456,1000,1000,True,0.0428121293484074,603.6170246638178,0.4985539088203,True
ego,equalize,457,1000,1000,True,0.003447513299763916,624.9086599423952,0.49997499937496875,True
ego,equalize,458,1000,1000,True,0.003408711477589269,614.0414685988236,0.4999909999189985,True
ego,equalize,459,1000,1000,True,0.0030962898344225488,597.6246116083239,0.0,True
ego,equalize,460,1000,1000,True,0.003556721159379577,651.7625416906068,0.4999509975987647,True
ego,equalize,461,1000,1000,True,0.0034326339885959846,626.6321695891459,0.49835213617459684,True
ego,equalize,462,1000,1000,True,0.0037270356046888212,620.3781856609723,0.4310023982783806,True
ego,equalize,463,1000,1000,True,0.0035341426656976035,621.538575979802,0.4976906669810074,True
ego,equalize,464,1000,1000,True,0.003752982074445123,590.6848103548964,0.42809888009534935,True
ego,equalize,465,1000,1000,True,0.003713206805187511,621.4591950401892,0.4976105410382219,True
ego,equalize,466,1000,1000,True,0.003593495870801261,580.7988576986012,0.4999639987039066,True
ego,equalize,467,1000,1000,True,0.0036420255737747787,585.3579884062401,0.43045035159419076,True
ego,equalize,468,1000,1000,True,0.003404934026174768,623.4421320307122,0.49963886958482323,True
ego,equalize,469,1000,1000,True,0.0035258767382981508,635.8007789992082,0.49778315528874667,True
ego,equalize,470,1000,1000,True,0.030419150671556577,605.3773951437236,0.4998789853554558,True
ego,equalize,471,1000,1000,True,0.0032844187875621274,638.6948272845177,0.0019875903990276573,True
ego,equalize,472,1000,1000,True,0.003383339777765216,643.1023955164527,0.49971091643069,True
ego,equalize,473,1000,1000,True,0.003404864377794559,633.5264921343069,0.4999959999839998,True
ego,equalize,474,1000,1000,True,0.003520289843907384,646.8618769652452,0.4999839997439918,True
ego,equalize,475,1000,1000,True,0.0035890369244081554,603.8936247916515,0.499998999999,True
ego,equalize,476,1000,1000,True,0.0036175561267783184,608.8888338202631,0.499743934430424,True
ego,equalize,477,1000,1000,True,0.00277997458235593,624.8102689609062,0.0,True
ego,equalize,478,1000,1000,True,0.00362355100052045,636.1666410964976,0.499743934430424,True
ego,equalize,479,1000,1000,True,0.0030017899161754375,628.4208517737138,0.0,True
ego,equalize,480,1000,1000,True,0.003421548569411196,623.8453517852,0.4999189934379369,True
ego,equalize,481,1000,1000,True,0.0031512978842558517,603.5188926214323,0.0,True
ego,equalize,482,1000,1000,True,0.003546262752618627,619.0008274630981,0.49927046778274403,True
ego,equalize,483,1000,1000,True,0.002851510119307879,631.0382860777943,0.0,True
ego,equalize,484,1000,1000,True,0.0037116822362194667,630.3258259154546,0.49903807469971667,True
ego,equalize,485,1000,1000,True,0.0032958461319713152,616.2898973697363,0.4991582915268462,True
ego,equalize,486,1000,1000,True,0.0028428387696796207,625.561265293816,0.0,True
ego,equalize,487,1000,1000,True,0.0028312198363691873,615.8892786077705,0.0,True
ego,equalize,488,1000,1000,True,0.0035671206493037913,620.9244470336146,0.49971091643068993,True
ego,equalize,489,1000,1000,True,0.003513902300454117,663.6593791999026,0.4999639987039066,True
ego,equalize,490,1000,1000,True,0.003503620669192974,631.1722449506157,0.001987928424270006,True
ego,equalize,491,1000,1000,True,0.003059687359586992,613.0864052309429,0.0,True
ego,equalize,492,1000,1000,True,0.0036596887813977463,619.1836412050951,0.4999909999189985,True
ego,equalize,493,1000,1000,True,0.029910047785041274,623.0759202890126,0.4987734956871706,True
ego,equalize,494,1000,1000,True,0.0032362849792531984,633.7582359228162,0.0029739311373156094,True
ego,equalize,495,1000,1000,True,0.0034348998254597513,614.0421054870749,0.499270467782744,True
ego,equalize,496,1000,1000,True,0.0030386417159480963,618.7240397333854,0.0,True
ego,equalize,497,1000,1000,True,0.0030791345932526604,638.5158147422818,0.4999959999839998,True
ego,equalize,498,1000,1000,True,0.0032973136445853895,648.7063500837647,0.4994707198625361,True
ego,equalize,499,1000,1000,True,0.0032709179126901937,622.2581765400918,0.4984766794946379,True
ego,equalize,500,1000,1000,True,0.003391731672285415,640.2463132857541,0.49884266056543325,True
ego,equalize,501,1000,1000,True,0.003106749717333077,619.3263485231353,0.4998789853554558,True
ego,equalize,502,1000,1000,True,0.003042406275331397,616.0698631518994,0.49963886958482323,True
ego,equalize,503,1000,1000,True,0.00366422193332695,580.6941893113793,0.4339222339912886,True
ego,equalize,504,1000,1000,True,0.0029431276163296013,615.7217752329375,0.499998999999,True
ego,equalize,505,1000,1000,True,0.003502835424770504,673.5259673657728,0.4999839997439918,True
ego,equalize,506,1000,1000,True,0.002815479976949357,654.4850528193903,0.0,True
ego,equalize,507,1000,1000,True,0.0032267761241073197,637.2778545501169,0.4969657935914705,True
ego,equalize,508,1000,1000,True,0.030227303299954142,651.1065959357193,0.0,True
ego,equalize,509,1000,1000,True,0.0033170609246308685,633.1355574590642,0.4998039615689336,True
ego,equalize,510,1000,1000,True,0.0033360077910711697,636.1266678390398,0.49963886958482323,True
ego,equalize,511,1000,1000,True,0.003167825331018439,607.0035622951484,0.0,True
ego,equalize,512,1000,1000,True,0.002749154364665782,623.5205943920378,0.0,True
ego,equalize,513,1000,1000,True,0.0038843881321393306,625.3340846291685,0.49985597925802594,True
ego,equalize,514,1000,1000,True,0.029984933445495854,615.9199267688941,0.49942366784124287,True
ego,equalize,515,1000,1000,True,0.0034220227288397085,623.1878347970217,0.499998999999,True
ego,equalize,516,1000,1000,True,0.0034985970301430252,593.3816009272616,0.49847667949463786,True
ego,equalize,517,1000,1000,True,0.0036692197054416695,604.6760342191511,0.49983097142934235,True
ego,equalize,518,1000,1000,True,0.002846982350983583,632.0256271101671,0.0,True
ego,equalize,519,1000,1000,True,0.0034179657042907046,613.8835541045223,0.49932354240512244,True
ego,equalize,520,1000,1000,True,0.003283976512871601,638.6808868785726,0.001987928424270006,True
ego,equalize,521,1000,1000,True,0.0029189975505162337,614.5166594682361,0.0,True
ego,equalize,522,1000,1000,True,0.0028483168761483683,576.2189418580407,0.0,True
ego,equalize,523,1000,1000,True,0.0033812410337605175,647.1617875238,0.49977494935220584,True
ego,equalize,524,1000,1000,True,0.00310024383612841,657.5399738958841,0.0,True
ego,equalize,525,1000,1000,True,0.0033834618528039385,608.635638949117,0.4999839997439918,True
ego,equalize,526,1000,1000,True,0.003571975444038987,635.6371878980965,0.4994707198625361,True
ego,equalize,527,1000,1000,True,0.0034316004269701493,627.2062536032306,0.49971091643069,True
ego,equalize,528,1000,1000,True,0.003207010253472517,625.3584469078513,0.49993599590347565,True
ego,equalize,529,1000,1000,True,0.0035070371413386567,645.7013103254476,0.4995588053472784,True
ego,equalize,530,1000,1000,True,0.003654971042682306,640.534964013675,0.4996758949559204,True
ego,equalize,531,1000,1000,True,0.0036496142645498554,617.7594318171111,0.49850142990394963,True
ego,equalize,532,1000,1000,True,0.0035353614632433533,642.284423276791,0.4999959999839998,True
ego,equalize,533,1000,1000,True,0.0032688515778905654,634.6127732436529,0.49959983987187184,True
ego,equalize,534,1000,1000,True,0.00306240404875611,590.4585975527835,0.4998999899979995,True
ego,equalize,535,1000,1000,True,0.0035008348509673296,634.2124807972482,0.4994707198625361,True
ego,equalize,536,1000,1000,True,0.0033654616718750635,608.7395420046245,0.4999959999839998,True
ego,equalize,537,1000,1000,True,0.0035328378629157285,595.9523096725106,0.49983097142934235,True
ego,equalize,538,1000,1000,True,0.029616726969481158,645.7619908015646,0.0,True
ego,equalize,539,1000,1000,True,0.003216645736987506,669.186823121167,0.4969657935914705,True
ego,equalize,540,1000,1000,True,0.0029982624044372105,636.8703601707336,0.0,True
ego,equalize,541,1000,1000,True,0.003119869003632752,608.2185284574945,0.00198781708112714,True
ego,equalize,542,1000,1000,True,0.0035273006527184116,638.5205684698027,0.49985597925802594,True
ego,equalize,543,1000,1000,True,0.0032833403753028834,623.1214821012031,0.44285577754268424,True
ego,equalize,544,1000,1000,True,0.003611765248044331,624.6188550139998,0.4987023160162784,True
ego,equalize,545,1000,1000,True,0.003491496890128275,638.8437786806725,0.49734977736659647,True
ego,equalize,546,1000,1000,True,0.0035631606162208483,594.7256740245875,0.49983097142934235,True
ego,equalize,547,1000,1000,True,0.00364289365281792,627.819676416724,0.4987734956871706,True
ego,equalize,548,1000,1000,True,0.003127457750397661,635.63064950567,0.499743934430424,True
ego,equalize,549,1000,1000,True,0.0030079457163095856,629.3056829482791,0.43586282022786255,True
ego,equalize,550,1000,1000,True,0.0030233228687412926,634.1213293991932,0.0,True
ego,equalize,551,1000,1000,True,0.0031528959855567076,608.2309378640649,0.4364458577685401,True
ego,equalize,552,1000,1000,True,0.0034779117451981772,573.5104233743272,0.49985597925802594,True
ego,equalize,553,1000,1000,True,0.0036765351168777864,623.2507613344728,0.49985597925802594,True
ego,equalize,554,1000,1000,True,0.0035071470220536683,646.1524067702603,0.499743934430424,True
ego,equalize,555,1000,1000,True,0.0038789263343622237,629.4622387204812,0.49851742552782774,True
ego,equalize,556,1000,1000,True,0.0034306621786823637,637.5809760775489,0.4999189934379369,True
ego,equalize,557,1000,1000,True,0.0028939220940959205,642.1006412206734,0.0,True
ego,equalize,558,1000,1000,True,0.0035281163006149964,623.2502584989436,0.4983802359425158,True
ego,equalize,559,1000,1000,True,0.002961353227608986,641.8850844808594,0.0,True
ego,equalize,560,1000,1000,True,0.00344521962112289,659.6215599993681,0.4995157655169654,True
ego,equalize,561,1000,1000,True,0.0036613559067798745,612.0857164735997,0.4984766794946379,True
ego,equalize,562,1000,1000,True,0.0034321273231806273,652.2052796597096,0.49999899999899994,True
ego,equalize,563,1000,1000,True,0.0034468253564353107,601.4718275355879,0.49977494935220584,True
ego,equalize,564,1000,1000,True,0.0029578870637609993,620.1088648866423,0.0,True
ego,equalize,565,1000,1000,True,0.0030559182212549028,619.3836020036372,0.0,True
ego,equalize,566,1000,1000,True,0.003418962926823022,644.7902653413745,0.49971091643068993,True
ego,equalize,567,1000,1000,True,0.0034114699906991307,593.9182186050534,0.0035994879923426223,True
ego,equalize,568,1000,1000,True,0.0035640174072425032,623.5233539940585,0.49963886958482323,True
ego,equalize,569,1000,1000,True,0.0034896036469258544,658.4672326175388,0.4979128989646254,True
ego,equalize,570,1000,1000,True,0.003073020432842426,602.4884129001985,0.499270467782744,True
ego,equalize,571,1000,1000,True,0.0038066825901212765,620.6985007030386,0.42256806094036103,True
ego,equalize,572,1000,1000,True,0.003291294966260069,639.3363781296979,0.0,True
ego,equalize,573,1000,1000,True,0.0037088081263533766,635.2936174329158,0.4998999899979995,True
ego,equalize,574,1000,1000,True,0.0029070141041391533,611.1512698432362,0.0,True
ego,equalize,575,1000,1000,True,0.0029405480510092353,619.1911624014025,0.0,True
ego,equalize,576,1000,1000,True,0.0030938354195603735,605.5566586340208,0.001988007951268357,True
ego,equalize,577,1000,1000,True,0.0031392374056320328,625.1518041276055,0.49959983987187184,True
ego,equalize,578,1000,1000,True,0.00291202202215378,604.8435787862842,0.4999639987039066,True
ego,equalize,579,1000,1000,True,0.0033184863024096367,609.1869343436381,0.001987972164512798,True
ego,equalize,580,1000,1000,True,0.0037403230028211177,631.1193746859622,0.4980207934791103,True
ego,equalize,581,1000,1000,True,0.003362001846075179,591.2062789238626,0.49842180953738546,True
ego,equalize,582,1000,1000,True,0.0029430846421014713,621.9788872654763,0.0,True
ego,equalize,583,1000,1000,True,0.002884803513067193,610.2028604316764,0.0,True
ego,equalize,584,1000,1000,True,0.0035432321556603044,649.9614943048549,0.4994707198625361,True
ego,equalize,585,1000,1000,True,0.0036305714282318952,605.6510636257482,0.4999909999189985,True
ego,equalize,586,1000,1000,True,0.0035989784596890746,627.0796934202223,0.42559158429815847,True
ego,equalize,587,1000,1000,True,0.0030199716761358476,640.9841640407351,0.0,True
ego,equalize,588,1000,1000,True,0.0028600494626956647,627.9253155264565,0.0,True
ego,equalize,589,1000,1000,True,0.0031450707883772105,633.740237617117,0.0,True
ego,equalize,590,1000,1000,True,0.0037827125072034283,622.2018561720947,0.4134505742626532,True
ego,equalize,591,1000,1000,True,0.00307889069642115,619.3346636512443,0.4999749993749687,True
ego,equalize,592,1000,1000,True,0.002761548059774796,597.2710130041471,0.0,True
ego,equalize,593,1000,1000,True,0.003504892369249158,623.7838801091287,0.4993746088859544,True
ego,equalize,594,1000,1000,True,0.0034863747248709974,639.6921491967835,0.4987023160162784,True
ego,equalize,595,1000,1000,True,0.0030432849981608216,615.5132504536356,0.0019855849259878904,True
ego,equalize,596,1000,1000,True,0.0027531963308712313,638.7420617675025,0.0,True
ego,equalize,597,1000,1000,True,0.02904410656776375,625.0815568475845,0.4999839997439918,True
ego,equalize,598,1000,1000,True,0.002999888012433655,608.2243492322549,0.0,True
ego,equalize,599,1000,1000,True,0.0034651528575019566,601.3242964524218,0.49985597925802594,True
ego,equalize,600,1000,1000,True,0.0031094043152069813,607.2404144776598,0.001988035784966197,True
ego,equalize,601,1000,1000,True,0.0033793380673426882,647.4317510834636,0.49963886958482323,True
ego,equalize,602,1000,1000,True,0.00349471033535707,642.0883851737236,0.4999909999189985,True
ego,equalize,603,1000,1000,True,0.0031235989353566728,615.248593672509,0.0,True
ego,equalize,604,1000,1000,True,0.004207285554146281,613.9014668291647,0.4999909999189985,True
ego,equalize,605,1000,1000,True,0.003656357114629117,645.7246677268881,0.42560713996963107,True
ego,equalize,606,1000,1000,True,0.0036186725597085875,592.0886778177742,0.4999959999839998,True
ego,equalize,607,1000,1000,True,0.003559302781946282,626.4085379678345,0.49987898535545583,True
ego,equalize,608,1000,1000,True,0.002868546851513953,628.0735626652342,0.0,True
ego,equalize,609,1000,1000,True,0.0033426803039194896,588.7600285311495,0.4998039615689336,True
ego,equalize,610,1000,1000,True,0.0029012224806289778,644.1230582769103,0.0,True
ego,equalize,611,1000,1000,True,0.003394003271684632,640.471061921614,0.4999839997439918,True
ego,equalize,612,1000,1000,True,0.0036956747916415847,614.2753349305179,0.4994707198625361,True
ego,equalize,613,1000,1000,True,0.030172707248867017,624.1304219079535,0.49983097142934235,True
ego,equalize,614,1000,1000,True,0.003503034008953337,620.4889129549375,0.4999839997439918,True
ego,equalize,615,1000,1000,True,0.00375004054511055,632.7531583097788,0.4980602373207483,True
ego,equalize,616,1000,1000,True,0.0033102669245011905,625.7643560830227,0.4987023160162784,True
ego,equalize,617,1000,1000,True,0.0028425947597161233,619.8126404253143,0.0,True
ego,equalize,618,1000,1000,True,0.029795248990470015,613.0686439796118,0.4999909999189985,True
ego,equalize,619,1000,1000,True,0.0034828012389169468,656.017629260068,0.49971091643068993,True
ego,equalize,620,1000,1000,True,0.003657899880158773,626.8796082813669,0.4999639987039066,True
ego,equalize,621,1000,1000,True,0.0029403867530373422,624.3365959961021,0.0,True
ego,equalize,622,1000,1000,True,0.003463410119603717,600.1311488258212,0.4995588053472785,True
ego,equalize,623,1000,1000,True,0.0038783826869102085,612.8534667528609,0.418706990268883,True
ego,equalize,624,1000,1000,True,0.003536854197234591,634.6768742722552,0.4996758949559204,True
ego,equalize,625,1000,1000,True,0.0036493456777119933,606.9901213397134,0.4079200681698064,True
ego,equalize,626,1000,1000,True,0.0034874084865312957,602.1058686178038,0.4174362676387457,True
ego,equalize,627,1000,1000,True,0.0035998459398210534,600.8955380097276,0.4978960344786884,True
ego,equalize,628,1000,1000,True,0.0035379581132836697,596.8024493783516,0.4995588053472785,True
ego,equalize,629,1000,1000,True,0.0031231712196496957,597.0695677649297,0.4999509975987647,True
ego,equalize,630,1000,1000,True,0.003756836706319713,662.651526996656,0.49589394496723826,True
ego,equalize,631,1000,1000,True,0.0030818546592110557,619.1070613641876,0.499743934430424,True
ego,equalize,632,1000,1000,True,0.003950581853441305,597.7883452452046,0.49646342342304345,True
ego,equalize,633,1000,1000,True,0.030037252159244552,635.3693201587562,0.49983097142934235,True
ego,equalize,634,1000,1000,True,0.003589812121015713,617.7471116889176,0.4999909999189985,True
ego,equalize,635,1000,1000,True,0.003340148981697198,597.5043426084868,0.42892764944806594,True
ego,equalize,636,1000,1000,True,0.0032632267561867917,597.0041479889398,0.4982234849596525,True
ego,equalize,637,1000,1000,True,0.0030827291890579704,607.4724288689981,0.49993599590347565,True
ego,equalize,638,1000,1000,True,0.002913071688871733,624.9438554230292,0.0,True
ego,equalize,639,1000,1000,True,0.0029575122264391437,609.1590633644056,0.001987928424270006,True
ego,equalize,640,1000,1000,True,0.029052300846637878,644.7969448741208,0.4999509975987647,True
ego,equalize,641,1000,1000,True,0.0036584319968268834,596.608220228317,0.4999749993749687,True
ego,equalize,642,1000,1000,True,0.003240017518482321,599.8902460875655,0.4318919971068264,True
ego,equalize,643,1000,1000,True,0.003635725802177688,629.0135947012592,0.4999909999189985,True
ego,equalize,644,1000,1000,True,0.003238875510696548,663.449652540417,0.49971091643069,True
ego,equalize,645,1000,1000,True,0.003033991978927731,584.545043115584,0.0,True
ego,equalize,646,1000,1000,True,0.0034788503157486723,616.640434804595,0.4998999899979995,True
ego,equalize,647,1000,1000,True,0.0027851853882571564,603.7025498173749,0.0,True
ego,equalize,648,1000,1000,True,0.003419815393720925,616.6321592902855,0.49959983987187184,True
ego,equalize,649,1000,1000,True,0.003102904636813614,640.7056017204782,0.0,True
ego,equalize,650,1000,1000,True,0.003090780005489622,627.6491310628893,0.49903807469971667,True
ego,equalize,651,1000,1000,True,0.02973526581196005,636.3647710519493,0.49903807469971667,True
ego,equalize,652,1000,1000,True,0.003373325136226054,630.1901547913931,0.4995157655169654,True
ego,equalize,653,1000,1000,True,0.0036786501905571316,604.1601423455539,0.49823724423692645,True
ego,equalize,654,1000,1000,True,0.0036412093907739807,628.1645791478536,0.42864011590595535,True
ego,equalize,655,1000,1000,True,0.0033437301217878147,613.3003514355752,0.4999839997439918,True
ego,equalize,656,1000,1000,True,0.0033676758789148824,607.8411619855964,0.49959983987187184,True
ego,equalize,657,1000,1000,True,0.0033937261015301147,588.5953054782208,0.499998999999,True
ego,equalize,658,1000,1000,True,0.0030017635822478946,611.1560236069018,0.4999839997439918,True
ego,equalize,659,1000,1000,True,0.0034090158348778505,614.0892674880421,0.49915829152684627,True
ego,equalize,660,1000,1000,True,0.003500765417024306,634.3822366357683,0.49983097142934235,True
ego,equalize,661,1000,1000,True,0.0034985518411251256,616.7013504639016,0.4993235424051224,True
ego,equalize,662,1000,1000,True,0.003534912010675248,605.8716678959332,0.4999639987039066,True
ego,equalize,663,1000,1000,True,0.0033713936688154165,654.9557496991686,0.4993746088859544,True
ego,equalize,664,1000,1000,True,0.0035711963756409884,614.135703986505,0.003971169851975781,True
ego,equalize,665,1000,1000,True,0.0034604874255365218,630.3714880282896,0.4989098114890105,True
ego,equalize,666,1000,1000,True,0.00365575171882622,640.6942711621512,0.49680599601928604,True
ego,equalize,667,1000,1000,True,0.0035868778240653503,656.3221852230809,0.4999749993749687,True
ego,equalize,668,1000,1000,True,0.0029316446092890877,643.0892762898477,0.0,True
ego,equalize,669,1000,1000,True,0.0029551859701403525,608.8154365905976,0.0,True
ego,equalize,670,1000,1000,True,0.003109394781786201,629.2143759888198,0.49983097142934235,True
ego,equalize,671,1000,1000,True,0.003678307970723373,600.0610804901448,0.4268289190727088,True
ego,equalize,672,1000,1000,True,0.003571209103265787,651.3827968253383,0.4996758949559204,True
ego,equalize,673,1000,1000,True,0.003564150482511128,620.5653054425457,0.499743934430424,True
ego,equalize,674,1000,1000,True,0.0033360385951564098,626.1835704360184,0.4358499770548639,True
ego,equalize,675,1000,1000,True,0.0034018542063805187,600.638991075338,0.4999749993749687,True
ego,equalize,676,1000,1000,True,0.003495606517806965,623.8981402432612,0.41477582665336066,True
ego,equalize,677,1000,1000,True,0.0037686433410709986,626.1289645999457,0.4984954417259463,True
ego,equalize,678,1000,1000,True,0.003309297859044711,649.7733769984732,0.497392199375905,True
ego,equalize,679,1000,1000,True,0.0031797655728206266,615.4655326531291,0.49909918853871116,True
ego,equalize,680,1000,1000,True,0.0037655985894383447,641.3988201766512,0.4058091875550255,True
ego,equalize,681,1000,1000,True,0.003886227874847486,599.1012266520576,0.49740992999290734,True
ego,equalize,682,1000,1000,True,0.003230600397575153,626.1184222740934,0.4293526166437959,True
ego,equalize,683,1000,1000,True,0.0028524885257710858,625.7319387437403,0.0,True
ego,equalize,684,1000,1000,True,0.0034797676203339725,601.1024963381869,0.499998999999,True
ego,equalize,685,1000,1000,True,0.003534082273974197,596.5456227314052,0.4997749493522059,True
ego,equalize,686,1000,1000,True,0.0030648501051396123,597.0953892804733,0.0,True
ego,equalize,687,1000,1000,True,0.003607952812111196,650.666188940996,0.4999639987039066,True
ego,equalize,688,1000,1000,True,0.0036218255509903674,640.5906606218982,0.49999899999899994,True
ego,equalize,689,1000,1000,True,0.0035351462474396797,631.2755648019333,0.4999959999839998,True
ego,equalize,690,1000,1000,True,0.0033360267474649803,603.0304965745928,0.499743934430424,True
ego,equalize,691,1000,1000,True,0.003581266348544549,631.1682599465851,0.49995099759876466,True
ego,equalize,692,1000,1000,True,0.003320419382374206,623.6655727423151,0.4998999899979995,True
ego,equalize,693,1000,1000,True,0.003527822218545904,652.172362919497,0.4999909999189985,True
ego,equalize,694,1000,1000,True,0.00343096689272208,591.7602726704455,0.49977494935220584,True
ego,equalize,695,1000,1000,True,0.003044639929196189,615.9931768899717,0.0,True
ego,equalize,696,1000,1000,True,0.0029587895519895225,591.9684818501742,0.49903807469971667,True
ego,equalize,697,1000,1000,True,0.0031608312324908515,592.7112394783821,0.0,True
ego,equalize,698,1000,1000,True,0.0036425893061548206,610.485063483129,0.49987898535545583,True
ego,equalize,699,1000,1000,True,0.0035060018396239063,605.3597482480975,0.49971091643068993,True
ego,equalize,700,1000,1000,True,0.0034669135301125266,629.1520257545071,0.4995157655169654,True
ego,equalize,701,1000,1000,True,0.003467087382226049,658.1005848926135,0.5,True
ego,equalize,702,1000,1000,True,0.003191609753208749,617.5816744399076,0.002778385322573468,True
ego,equalize,703,1000,1000,True,0.030188527116576578,633.6231887928345,0.0,True
ego,equalize,704,1000,1000,True,0.0036887546972653217,652.5916702494753,0.4999189934379369,True
ego,equalize,705,1000,1000,True,0.003266734935418477,618.3201144965285,0.49704386123411104,True
ego,equalize,706,1000,1000,True,0.003366292463718248,656.1763999870766,0.4993746088859544,True
ego,equalize,707,1000,1000,True,0.0035645846060311744,616.3009085795671,0.49897494927100305,True
ego,equalize,708,1000,1000,True,0.0034950524384243817,607.6981803461321,0.4984766794946379,True
ego,equalize,709,1000,1000,True,0.029488696082485208,640.7310109359465,0.49993599590347565,True
ego,equalize,710,1000,1000,True,0.0031882222220789296,615.5388630387199,0.4977204356032037,True
ego,equalize,711,1000,1000,True,0.003608949010721742,596.4047616040637,0.425590539422562,True
ego,equalize,712,1000,1000,True,0.0035918550192125236,643.4134199027869,0.003975753460029937,True
ego,equalize,713,1000,1000,True,0.002928773570413453,610.8123691740369,0.5,True
ego,equalize,714,1000,1000,True,0.00331688516703321,650.875615456594,0.0019878767300149686,True
ego,equalize,715,1000,1000,True,0.003701582123341595,610.1061006087384,0.001987749476890405,True
ego,equalize,716,1000,1000,True,0.0034585040682789817,615.3124526612476,0.49983097142934235,True
ego,equalize,717,1000,1000,True,0.0034855237952044088,636.6350520541577,0.4994707198625361,True
ego,equalize,718,1000,1000,True,0.003017365457899762,596.8805561508935,0.0,True
ego,equalize,719,1000,1000,True,0.0032446010206058935,600.4214598421679,0.0,True
ego,equalize,720,1000,1000,True,0.0033106615149741873,628.6993716395777,0.4991582915268462,True
ego,equalize,721,1000,1000,True,0.00332207651754336,588.6564703594108,0.49823287727728277,True
ego,equalize,722,1000,1000,True,0.0030393732840901452,617.0440727824877,0.49932354240512244,True
ego,equalize,723,1000,1000,True,0.00385653039121179,634.5958858958983,0.4341056441729312,True
ego,equalize,724,1000,1000,True,0.0036263161157128122,645.4016411630822,0.4993235424051224,True
ego,equalize,725,1000,1000,True,0.0034692822990990053,625.8220400649054,0.4163653008224368,True
ego,equalize,726,1000,1000,True,0.029909344176889157,650.6189644915063,0.4995588053472784,True
ego,equalize,727,1000,1000,True,0.00333209098526717,585.8878327111769,0.4999909999189985,True
ego,equalize,728,1000,1000,True,0.0298396231241252,579.2928826759396,0.0,True
ego,equalize,729,1000,1000,True,0.029113497110214343,619.3797567373348,0.4999509975987647,True
ego,equalize,730,1000,1000,True,0.0035149954336067485,626.4656328163582,0.4999839997439918,True
ego,equalize,731,1000,1000,True,0.0031845381944096223,608.9453754286998,0.49993599590347565,True
ego,equalize,732,1000,1000,True,0.0036105913986075253,637.2451117458651,0.4999839997439918,True
ego,equalize,733,1000,1000,True,0.003634792943373105,613.0129750665968,0.4280886597427849,True
ego,equalize,734,1000,1000,True,0.0032429189209161116,636.893249698095,0.4246768758262015,True
ego,equalize,735,1000,1000,True,0.003088861239457878,611.9895053601819,0.0,True
ego,equalize,736,1000,1000,True,0.0030359454234071812,631.0643480470118,0.0,True
ego,equalize,737,1000,1000,True,0.003210891920191788,601.7459733799637,0.49977494935220584,True
ego,equalize,738,1000,1000,True,0.003455306709586248,624.0266581156609,0.4994707198625361,True
ego,equalize,739,1000,1000,True,0.0031086720633922557,601.6275571614053,0.4996758949559204,True
ego,equalize,740,1000,1000,True,0.0030008628228271857,608.1750021531632,0.0,True
ego,equalize,741,1000,1000,True,0.002987615191950704,656.5115560285287,0.0,True
ego,equalize,742,1000,1000,True,0.0037112967362342023,612.1678533858177,0.4985539088203,True
ego,equalize,743,1000,1000,True,0.003429409052898537,643.7904155981199,0.4998999899979995,True
ego,equalize,744,1000,1000,True,0.027803772709569602,630.740318749325,0.4982328772772828,True
ego,equalize,745,1000,1000,True,0.0033140598515814987,625.6390636581127,0.4993746088859544,True
ego,equalize,746,1000,1000,True,0.003973048000099172,595.4490287497326,0.4979424144014551,True
ego,equalize,747,1000,1000,True,0.0026909993637859717,677.360872079278,0.0,True
ego,equalize,748,1000,1000,True,0.0032519503563306685,612.8337005713704,0.4996388695848233,True
ego,equalize,749,1000,1000,True,0.003702086075230007,626.1988595957358,0.4999639987039066,True
ego,equalize,750,1000,1000,True,0.0028953796852386905,584.8633554181695,0.0,True
ego,equalize,751,1000,1000,True,0.003402972298809611,628.8588178399027,0.49977494935220584,True
ego,equalize,752,1000,1000,True,0.003420855404508664,662.8985476156967,0.4999839997439918,True
ego,equalize,753,1000,1000,True,0.003466549267415835,636.6282349684154,0.4998789853554558,True
ego,equalize,754,1000,1000,True,0.0036584703494541566,647.084999659241,0.499743934430424,True
ego,equalize,755,1000,1000,True,0.0030466079521835037,617.8477696131953,0.49884266056543325,True
ego,equalize,756,1000,1000,True,0.002966543880525881,636.3152673038735,0.0,True
ego,equalize,757,1000,1000,True,0.003098045169093526,625.7523059286318,0.4999959999839998,True
ego,equalize,758,1000,1000,True,0.0029251661150957423,621.2742630360605,0.0,True
ego,equalize,759,1000,1000,True,0.0034553067095862483,647.0778642203734,0.49983097142934235,True
ego,equalize,760,1000,1000,True,0.0036251676932359997,625.9550253612475,0.4994707198625361,True
ego,equalize,761,1000,1000,True,0.0029719901275192173,660.2739030917396,0.0,True
ego,equalize,762,1000,1000,True,0.0029459538086516472,616.7827487049228,0.0,True
ego,equalize,763,1000,1000,True,0.0030576715260601183,611.3878161028399,0.4998789853554558,True
ego,equalize,764,1000,1000,True,0.029291464113723912,608.6533300196426,0.4998999899979995,True
ego,equalize,765,1000,1000,True,0.0029888961824249115,615.1455277704617,0.0,True
ego,equalize,766,1000,1000,True,0.0036289881831184,611.8785263890211,0.499998999999,True
ego,equalize,767,1000,1000,True,0.0033904583289518734,592.1296667149857,0.42952512499502066,True
ego,equalize,768,1000,1000,True,0.0032673150318391327,623.9191844902671,0.499743934430424,True
ego,equalize,769,1000,1000,True,0.0034909625379264085,606.2000439120736,0.4998999899979995,True
ego,equalize,770,1000,1000,True,0.0038543555238092345,605.391475684123,0.4250681445933486,True
ego,equalize,771,1000,1000,True,0.0034612000596832603,643.5795708255507,0.4973856744855724,True
ego,equalize,772,1000,1000,True,0.0035007987229086716,632.746050145712,0.4993746088859544,True
ego,equalize,773,1000,1000,True,0.030090764863828803,610.2606389896042,0.49903807469971667,True
ego,equalize,774,1000,1000,True,0.002896543183245206,631.7410401454065,0.4999839997439918,True
ego,equalize,775,1000,1000,True,0.003466407314310797,614.3628496450611,0.4991582915268462,True
ego,equalize,776,1000,1000,True,0.0031624488874016647,617.5315549629833,0.49816440323687944,True
ego,equalize,777,1000,1000,True,0.0035276166266164843,632.1349477374273,0.49997499937496875,True
ego,equalize,778,1000,1000,True,0.0034753123099281356,624.6236031371212,0.49983097142934235,True
ego,equalize,779,1000,1000,True,0.003674601683516023,644.5061845320029,0.499743934430424,True
ego,equalize,780,1000,1000,True,0.003326442397491523,606.0598080973527,0.4981475684975286,True
ego,equalize,781,1000,1000,True,0.003473363021457671,636.4952112152927,0.49977494935220584,True
ego,equalize,782,1000,1000,True,0.0031240923807156692,585.5600409513955,0.001985381878350387,True
ego,equalize,783,1000,1000,True,0.0036453009472692537,634.2005747955452,0.4970508159234705,True
ego,equalize,784,1000,1000,True,0.002871424426712904,608.2146433751822,0.0,True
ego,equalize,785,1000,1000,True,0.0035572506335659524,626.4822516240984,0.49909918853871116,True
ego,equalize,786,1000,1000,True,0.0036193300234139826,660.8718016196485,0.00397549895378081,True
ego,equalize,787,1000,1000,True,0.029902881558972236,597.2634563708045,0.49963886958482323,True
ego,equalize,788,1000,1000,True,0.0035426024074188644,613.0832225530235,0.4999959999839998,True
ego,equalize,789,1000,1000,True,0.00290569837601591,614.1132122915122,0.4996758949559204,True
ego,equalize,790,1000,1000,True,0.003432813606559223,618.1447536871926,0.49997499937496875,True
ego,equalize,791,1000,1000,True,0.0028890114031313507,633.4002295350074,0.0,True
ego,equalize,792,1000,1000,True,0.0033555892022164133,635.6345177411309,0.49995099759876466,True
ego,equalize,793,1000,1000,True,0.003198855344880677,603.6707805078858,0.49983097142934235,True
ego,equalize,794,1000,1000,True,0.0029943545726226037,629.5696837014946,0.4998999899979995,True
ego,equalize,795,1000,1000,True,0.002781240362469182,619.6526210055115,0.0019853818783503873,True
ego,equalize,796,1000,1000,True,0.0034158379017452524,625.0561078687257,0.0039749978469823125,True
ego,equalize,797,1000,1000,True,0.0025903214598322036,614.3284306875273,0.0,True
ego,equalize,798,1000,1000,True,0.029844535237316325,637.4112144730433,0.0,True
ego,equalize,799,1000,1000,True,0.0036541599143977755,661.2426548975799,0.49993599590347565,True
ego,equalize,800,1000,1000,True,0.003296646510891159,618.9979104843569,0.49985597925802594,True
ego,equalize,801,1000,1000,True,0.003584289046349324,609.8681088555131,0.4993746088859544,True
ego,equalize,802,1000,1000,True,0.003674214444466816,628.0317547735942,0.4995157655169654,True
ego,equalize,803,1000,1000,True,0.0033038950294474417,629.9925992509754,0.003973271328706348,True
ego,equalize,804,1000,1000,True,0.0035141638061453036,651.916478299943,0.49997499937496875,True
ego,equalize,805,1000,1000,True,0.0035611634101984525,609.8585107965617,0.4967173804786248,True
ego,equalize,806,1000,1000,True,0.003715151531837323,654.3101715364052,0.4976128652117215,True
ego,equalize,807,1000,1000,True,0.0029644940419580896,600.2100143108244,0.001988055665940357,True
ego,equalize,808,1000,1000,True,0.0037277264402105098,618.7640634393695,0.4226065028554415,True
ego,equalize,809,1000,1000,True,0.0038211495845621437,645.674088028163,0.4277560309704906,True
ego,equalize,810,1000,1000,True,0.0036577469835925394,599.4847400893536,0.4225351215406056,True
ego,equalize,811,1000,1000,True,0.0035867318175744328,634.0090324522199,0.42380256430532876,True
ego,equalize,812,1000,1000,True,0.002940386753037342,627.2145030011662,0.0,True
ego,equalize,813,1000,1000,True,0.041838379318428,629.4185213155075,0.4995998398718719,True
ego,equalize,814,1000,1000,True,0.0035070303793360534,628.4868986733137,0.4999189934379369,True
ego,equalize,815,1000,1000,True,0.003657121824074931,626.3443072871343,0.4990991885387111,True
ego,equalize,816,1000,1000,True,0.003483010610943304,589.4879986428901,0.49884266056543325,True
ego,equalize,817,1000,1000,True,0.0032245852865979054,682.7179185981572,0.4998039615689336,True
ego,equalize,818,1000,1000,True,0.0033558971995836457,684.2062398421984,0.49987898535545583,True
ego,equalize,819,1000,1000,True,0.003494018110354061,618.3789150343016,0.4998999899979995,True
ego,equalize,820,1000,1000,True,0.0034109138315140436,641.9473054511561,0.4999639987039066,True
ego,equalize,821,1000,1000,True,0.0030425576181943768,605.6462696582882,0.0,True
ego,equalize,822,1000,1000,True,0.0037762847757744004,607.1055435745914,0.4999639987039066,True
ego,equalize,823,1000,1000,True,0.0029025055137815565,612.5098425952027,0.0,True
ego,equalize,824,1000,1000,True,0.0033545643037986394,651.7909805873352,0.4992153843783262,True
ego,equalize,825,1000,1000,True,0.0031477370162042028,656.0509992249077,0.001985779991416472,True
ego,equalize,826,1000,1000,True,0.003613103901037288,630.3483278624605,0.4999509975987647,True
ego,equalize,827,1000,1000,True,0.003341682198352441,590.7972129385852,0.001986635664353174,True
ego,equalize,828,1000,1000,True,0.003559647560041913,635.1340913885823,0.4993746088859544,True
ego,equalize,829,1000,1000,True,0.0031578181125373876,639.2520893035861,0.001986635664353174,True
ego,equalize,830,1000,1000,True,0.0034150208991833293,628.289598382784,0.4985257445500706,True
ego,equalize,831,1000,1000,True,0.002954832860895779,654.1488422553386,0.4981475684975286,True
ego,equalize,832,1000,1000,True,0.0033738107590644177,600.308155592609,0.49774697181486033,True
ego,equalize,833,1000,1000,True,0.029418420865167046,651.6639308531661,0.4998039615689336,True
ego,equalize,834,1000,1000,True,0.0034882578233778167,600.1255424650745,0.49993599590347565,True
ego,equalize,835,1000,1000,True,0.0029493870938577674,612.6291375302027,0.0,True
ego,equalize,836,1000,1000,True,0.0035139517911961806,611.3434560694994,0.4981992534919917,True
ego,equalize,837,1000,1000,True,0.0035683531047609584,606.9454476104092,0.49987898535545583,True
ego,equalize,838,1000,1000,True,0.00298634556351895,649.6508069540129,0.0,True
ego,equalize,839,1000,1000,True,0.029841294933307463,635.3160033550233,0.49993599590347565,True
ego,equalize,840,1000,1000,True,0.0035084991182651425,630.709544928567,0.49963886958482323,True
ego,equalize,841,1000,1000,True,0.0035367988806359273,628.1204250014482,0.4999509975987647,True
ego,equalize,842,1000,1000,True,0.0038737899774727975,618.2832143896517,0.00397549895378081,True
ego,equalize,843,1000,1000,True,0.002755645056067875,683.076590021939,0.0,True
ego,equalize,844,1000,1000,True,0.003542995106793549,645.3723219227796,0.4998789853554558,True
ego,equalize,845,1000,1000,True,0.0038244296707972574,644.7057600169243,0.499743934430424,True
ego,equalize,846,1000,1000,True,0.02965963398897064,629.0215180413147,0.4999509975987647,True
ego,equalize,847,1000,1000,True,0.0032734043654854437,621.4339982966815,0.5,True
ego,equalize,848,1000,1000,True,0.0034914951921046255,619.0849067575464,0.4987023160162784,True
ego,equalize,849,1000,1000,True,0.00313313456752522,575.6293945925626,0.001983736825006006,True
ego,equalize,850,1000,1000,True,0.0035085244650925407,659.775665619762,0.41671495252207436,True
ego,equalize,851,1000,1000,True,0.0034896036469258566,678.5385399216466,0.5,True
ego,equalize,852,1000,1000,True,0.0034436699505329014,594.9917442923053,0.49842334247732123,True
ego,equalize,853,1000,1000,True,0.003327625025316327,670.4731968125199,0.4981475684975286,True
ego,equalize,854,1000,1000,True,0.030270064884255276,620.1063003316448,0.49959983987187184,True
ego,equalize,855,1000,1000,True,0.030363377513424657,648.9036251825073,0.0,True
ego,equalize,856,1000,1000,True,0.029611285674749837,627.5662829183863,0.49983097142934235,True
ego,equalize,857,1000,1000,True,0.003607919399914351,632.7335090154464,0.497469829215728,True
ego,equalize,858,1000,1000,True,0.0033908360110852212,624.5289635997677,0.4998039615689336,True
ego,equalize,859,1000,1000,True,0.0035743293229374244,659.9741043639515,0.49993599590347565,True
ego,equalize,860,1000,1000,True,0.0033141838821958694,617.2401117806587,0.4996758949559204,True
ego,equalize,861,1000,1000,True,0.003026593956661961,587.7589217221632,0.4994236678412428,True
ego,equalize,862,1000,1000,True,0.0037822375856869936,626.887219068151,0.4996758949559204,True
ego,equalize,863,1000,1000,True,0.003397878953476775,629.7425774322394,0.49983097142934235,True
ego,equalize,864,1000,1000,True,0.003073143902740716,606.8695551566251,0.49797088268291345,True
ego,equalize,865,1000,1000,True,0.003439466666661105,604.804163424823,0.4996758949559204,True
ego,equalize,866,1000,1000,True,0.002918388847743831,655.2272275104264,0.0,True
ego,equalize,867,1000,1000,True,0.0035693697677757073,643.774144358097,0.5,True
ego,equalize,868,1000,1000,True,0.0032178957393643663,645.2663706400637,0.0,True
ego,equalize,869,1000,1000,True,0.003402331110477725,653.2022680640354,0.49963886958482323,True
ego,equalize,870,1000,1000,True,0.003800699952239314,608.6502910333651,0.49682151975502226,True
ego,equalize,871,1000,1000,True,0.0030209367349885224,603.5656616069208,0.0,True
ego,equalize,872,1000,1000,True,0.003518785028465164,607.540689961586,0.49977494935220584,True
ego,equalize,873,1000,1000,True,0.0033665983078726646,620.6626218357281,0.41964073416001463,True
ego,equalize,874,1000,1000,True,0.0033814981882231703,572.9304809267875,0.4999959999839998,True
ego,equalize,875,1000,1000,True,0.0030229149596418567,607.9303379294374,0.49971091643069,True
ego,equalize,876,1000,1000,True,0.003681640170734005,613.0517142917064,0.49963886958482323,True
ego,equalize,877,1000,1000,True,0.003753384353691171,649.6494304153587,0.4377903059542076,True
ego,equalize,878,1000,1000,True,0.0035247645531850326,640.9773350251942,0.49995099759876466,True
ego,equalize,879,1000,1000,True,0.028810091611901092,640.1071828678382,0.49983097142934235,True
ego,equalize,880,1000,1000,True,0.003300078442797731,575.3148785830243,0.4999959999839998,True
ego,equalize,881,1000,1000,True,0.0030065926531274803,588.139362477976,0.4998789853554558,True
ego,equalize,882,1000,1000,True,0.0033973060268894266,617.9662039294706,0.49983097142934235,True
ego,equalize,883,1000,1000,True,0.0036047197069757953,571.0102815186431,0.5,True
ego,equalize,884,1000,1000,True,0.0034051180071268177,625.4880566205882,0.49823287727728277,True
ego,equalize,885,1000,1000,True,0.0036474471364638427,629.2954588712682,0.42320004096180225,True
ego,equalize,886,1000,1000,True,0.0036319053261226683,607.2617609161638,0.499743934430424,True
ego,equalize,887,1000,1000,True,0.0037539671608793294,606.7793117427456,0.4998789853554558,True
ego,equalize,888,1000,1000,True,0.0035760268479064793,648.8391452771634,0.424994891287972,True
ego,equalize,889,1000,1000,True,0.003203051697125755,634.5524471436541,0.0,True
ego,equalize,890,1000,1000,True,0.0032238650975148233,623.469956921743,0.003975180798055315,True
ego,equalize,891,1000,1000,True,0.003320589001515946,636.3838529409746,0.49980396156893364,True
ego,equalize,892,1000,1000,True,0.003543517151066761,613.4709166700569,0.499743934430424,True
ego,equalize,893,1000,1000,True,0.0034432022158042033,610.7814524615167,0.499743934430424,True
ego,equalize,894,1000,1000,True,0.0034189259336174244,635.8718458651869,0.5,True
ego,equalize,895,1000,1000,True,0.0036719396667069205,645.8518586417478,0.43041275187355277,True
ego,equalize,896,1000,1000,True,0.0028788697338696847,617.2655571016417,0.0,True
ego,equalize,897,1000,1000,True,0.003547530307919352,612.909809126922,0.49737105368997314,True
ego,equalize,898,1000,1000,True,0.003447978157068159,613.1232534197345,0.4998999899979995,True
ego,equalize,899,1000,1000,True,0.003395215916096757,628.4390273176865,0.49963886958482323,True
ego,equalize,900,1000,1000,True,0.0033886888407834086,613.0825566463296,0.4994707198625361,True
ego,equalize,901,1000,1000,True,0.030516361370990702,650.2773790552767,0.4999189934379369,True
ego,equalize,902,1000,1000,True,0.003047549661710378,598.2819025100124,0.0,True
ego,equalize,903,1000,1000,True,0.0034827467660825872,630.2325061998945,0.49993599590347565,True
ego,equalize,904,1000,1000,True,0.002863153697496296,619.6294176070081,0.0,True
ego,equalize,905,1000,1000,True,0.0030265208253872854,651.3913940780919,0.0,True
ego,equalize,906,1000,1000,True,0.0031918301773979194,620.8841007136517,0.49576587113221393,True
ego,equalize,907,1000,1000,True,0.0036454830972261513,620.8605583470413,0.4995157655169654,True
ego,equalize,908,1000,1000,True,0.003095687265564562,628.0302018215366,0.0,True
ego,equalize,909,1000,1000,True,0.0033504987342893567,616.6681362418525,0.499270467782744,True
ego,equalize,910,1000,1000,True,0.0036523850785280363,647.8480506345604,0.44043167593598953,True
ego,equalize,911,1000,1000,True,0.003475289564107609,591.9648704771255,0.49963886958482323,True
ego,equalize,912,1000,1000,True,0.003134540186614844,574.4643363656268,0.0,True
ego,equalize,913,1000,1000,True,0.0029189975505162277,631.3856768220198,0.49839743177508444,True
ego,equalize,914,1000,1000,True,0.003527560604939918,622.2989890526901,0.499743934430424,True
ego,equalize,915,1000,1000,True,0.0034402433975663864,675.9409748668887,0.4989098114890104,True
ego,equalize,916,1000,1000,True,0.030675777093300435,607.2296030259065,0.49825819007043903,True
ego,equalize,917,1000,1000,True,0.0029236409098284274,600.2804981140067,0.0019820146301973676,True
ego,equalize,918,1000,1000,True,0.02910818544955093,610.9011155457158,0.49993599590347565,True
ego,equalize,919,1000,1000,True,0.029841709228691535,603.2978779176999,0.49977494935220584,True
ego,equalize,920,1000,1000,True,0.00358730919720365,647.3787389086856,0.49823287727728277,True
ego,equalize,921,1000,1000,True,0.04230297731619131,646.1955613558483,0.0,True
ego,equalize,922,1000,1000,True,0.0036865939598230498,585.0789658080352,0.49840807090227646,True
ego,equalize,923,1000,1000,True,0.0033359438124467887,629.3419633585544,0.49985597925802594,True
ego,equalize,924,1000,1000,True,0.03026766878979144,643.0247552862953,0.49959983987187184,True
ego,equalize,925,1000,1000,True,0.0029728258477051453,629.7836754624559,0.4999639987039066,True
ego,equalize,926,1000,1000,True,0.0033597109624646684,609.778177922923,0.49983097142934235,True
ego,equalize,927,1000,1000,True,0.003639637288841112,625.3876116169874,0.499270467782744,True
ego,equalize,928,1000,1000,True,0.0033101475232582365,627.7121075270095,0.49983097142934235,True
ego,equalize,929,1000,1000,True,0.0031560352842296626,602.0180939066533,0.0,True
ego,equalize,930,1000,1000,True,0.0036099520510845,595.4066784173654,0.4298155378195521,True
ego,equalize,931,1000,1000,True,0.003053635866799397,624.2649283885809,0.0,True
ego,equalize,932,1000,1000,True,0.003507578059310408,628.7024031002268,0.4999839997439918,True
ego,equalize,933,1000,1000,True,0.0034546020125788466,632.4606959329568,0.43097263885740983,True
ego,equalize,934,1000,1000,True,0.00329947775303348,569.1008683098278,0.0029820834989105357,True
ego,equalize,935,1000,1000,True,0.0030068364991863972,587.7542866870475,0.49983097142934235,True
ego,equalize,936,1000,1000,True,0.0030789824809170597,600.1132453387444,0.4202791764071143,True
ego,equalize,937,1000,1000,True,0.0036155780366310605,612.1315924897195,0.49959983987187184,True
ego,equalize,938,1000,1000,True,0.003568776195796598,657.4994240233219,0.4231771094159311,True
ego,equalize,939,1000,1000,True,0.0028759666251586833,625.8336925382014,0.0,True
ego,equalize,940,1000,1000,True,0.0029997984193704855,613.1049194640343,0.0,True
ego,equalize,941,1000,1000,True,0.00302597228449045,640.1549003475643,0.0,True
ego,equalize,942,1000,1000,True,0.0038114417179333357,663.6835619600654,0.0044851176627287714,True
ego,equalize,943,1000,1000,True,0.003864393349695562,607.6686607938573,0.003976143141153081,True
ego,equalize,944,1000,1000,True,0.0033951326807109146,610.8581472617026,0.4999839997439918,True
ego,equalize,945,1000,1000,True,0.030325485589229813,599.9132347923323,0.499743934430424,True
ego,equalize,946,1000,1000,True,0.0030171146027926153,651.570998433018,0.0,True
ego,equalize,947,1000,1000,True,0.0027464177996170003,623.3520688334963,0.0,True
ego,equalize,948,1000,1000,True,0.003382293489962103,625.6618859384037,0.0,True
ego,equalize,949,1000,1000,True,0.0037046682861304673,600.5756438209928,0.4995588053472784,True
ego,equalize,950,1000,1000,True,0.0034505019663041516,650.3202952391998,0.4993746088859544,True
ego,equalize,951,1000,1000,True,0.0030627860512205457,589.2230314541345,0.0,True
ego,equalize,952,1000,1000,True,0.0038160949644576257,653.5653818486717,0.49971091643069,True
ego,equalize,953,1000,1000,True,0.003338747649805193,629.8483370391638,0.49987898535545583,True
ego,equalize,954,1000,1000,True,0.0035956625390126708,604.0528313905995,0.4978795034945705,True
ego,equalize,955,1000,1000,True,0.0035510119432991117,628.5467622818528,0.4999959999839998,True
ego,equalize,956,1000,1000,True,0.003410556914935572,623.3990458767161,0.4995157655169654,True
ego,equalize,957,1000,1000,True,0.0032635004764833297,633.7113859131774,0.4993746088859544,True
ego,equalize,958,1000,1000,True,0.003112859843752551,590.5117067349299,0.4994236678412428,True
ego,equalize,959,1000,1000,True,0.003590326807534942,606.735250134686,0.499270467782744,True
ego,equalize,960,1000,1000,True,0.003060070346995023,612.3272989823334,0.49942366784124287,True
ego,equalize,961,1000,1000,True,0.003498878883468515,683.9256249593226,0.499743934430424,True
ego,equalize,962,1000,1000,True,0.0034940497837727025,653.1233276005383,0.49998399974399177,True
ego,equalize,963,1000,1000,True,0.0034161433595919547,613.5768920934034,0.49633329844321805,True
ego,equalize,964,1000,1000,True,0.003523270623395243,614.7040360726453,0.0019876739164930396,True
ego,equalize,965,1000,1000,True,0.0029438225030683565,611.2051458872054,0.49897494927100305,True
ego,equalize,966,1000,1000,True,0.003362780602547217,596.5914840416347,0.49909918853871116,True
ego,equalize,967,1000,1000,True,0.003367574944631693,602.8174087325282,0.4994707198625361,True
ego,equalize,968,1000,1000,True,0.002813378375173436,614.6808247505367,0.0,True
ego,equalize,969,1000,1000,True,0.0038859837788555104,608.7950129854876,0.49963886958482323,True
ego,equalize,970,1000,1000,True,0.002951026901699381,611.9437254650137,0.4987734956871706,True
ego,equalize,971,1000,1000,True,0.0035768667445648526,613.0322085951112,0.49993599590347565,True
ego,equalize,972,1000,1000,True,0.0036438027438411035,643.8667801020642,0.4972655662777894,True
ego,equalize,973,1000,1000,True,0.003553768437168631,641.573138387199,0.4998039615689336,True
ego,equalize,974,1000,1000,True,0.003737975846652117,624.0195621901609,0.49749371855331004,True
ego,equalize,975,1000,1000,True,0.0034382857226184743,602.3839971313979,0.4999909999189985,True
ego,equalize,976,1000,1000,True,0.0036304990321571508,614.5021730726426,0.49862912068991716,True
ego,equalize,977,1000,1000,True,0.0036003224159017566,639.3295354697764,0.4999959999839998,True
ego,equalize,978,1000,1000,True,0.030657184692236758,659.0821965096615,0.499998999999,True
ego,equalize,979,1000,1000,True,0.003729611668990096,662.9298026759697,0.49971091643068993,True
ego,equalize,980,1000,1000,True,0.030849372281175576,604.9285727059022,0.0,True
ego,equalize,981,1000,1000,True,0.0034003527708231424,631.1134691947241,0.4298416777944219,True
ego,equalize,982,1000,1000,True,0.003063382834707104,663.7355205192804,0.0,True
ego,equalize,983,1000,1000,True,0.0034354221889143052,607.9906023089502,0.49942366784124287,True
ego,equalize,984,1000,1000,True,0.003696496056518683,632.8791951004551,0.4274283045277465,True
ego,equalize,985,1000,1000,True,0.0029259226785584088,640.4324678519977,0.0,True
ego,equalize,986,1000,1000,True,0.00294121465545026,613.6905373101332,0.0,True
ego,equalize,987,1000,1000,True,0.0035390974224556184,603.8543180925346,0.4995998398718719,True
ego,equalize,988,1000,1000,True,0.003469309641328235,626.2740276779806,0.49977494935220584,True
ego,equalize,989,1000,1000,True,0.002967172009713426,590.4635583598704,0.0,True
ego,equalize,990,1000,1000,True,0.003227608938202378,612.0214441471802,0.4307027545714035,True
ego,equalize,991,1000,1000,True,0.002989718583822719,594.6428204258418,0.0019880556659403574,True
ego,equalize,992,1000,1000,True,0.0035286063829313343,597.4195723065993,0.3193921835793906,True
ego,equalize,993,1000,1000,True,0.0034290166007539874,621.5364664756204,0.497234945193989,True
ego,equalize,994,1000,1000,True,0.003228275034789907,613.6370498193537,0.499743934430424,True
ego,equalize,995,1000,1000,True,0.0030827573955676626,634.4632857455189,0.0,True
ego,equalize,996,1000,1000,True,0.0030108823777804847,628.2672487882844,0.4986291206899172,True
ego,equalize,997,1000,1000,True,0.003624279555710614,603.5262930444704,0.42987121196489353,True
ego,equalize,998,1000,1000,True,0.0030063632488888186,632.0284242215694,0.0,True
ego,equalize,999,1000,1000,True,0.003882310316712799,609.4815439896437,0.4286695328926142,True
