network,method,variant_index,n_runs,build_sec,run_sec,sec_per_run,total_steps,num_cores
pud,equalize,0,1000,0.0005698204040527,1.4683611392974854,0.0014683611392974,145822,60
pud,equalize,1,1000,0.0005826950073242,1.4495463371276855,0.0014495463371276,146538,60
pud,equalize,2,1000,0.0005624294281005,1.4609689712524414,0.0014609689712524,146134,60
pud,equalize,3,1000,0.0006117820739746,1.423473596572876,0.0014234735965728,142856,60
pud,equalize,4,1000,0.000589370727539,1.4368524551391602,0.0014368524551391,145538,60
pud,equalize,5,1000,0.0005781650543212,1.451894760131836,0.0014518947601318,144967,60
pud,equalize,6,1000,0.0005736351013183,1.4250471591949463,0.0014250471591949,144651,60
pud,equalize,7,1000,0.000983715057373,1.4513280391693115,0.0014513280391693,142421,60
pud,equalize,8,1000,0.0005342960357666,1.4299254417419434,0.0014299254417419,143867,60
pud,equalize,9,1000,0.0005815029144287,1.4734928607940674,0.001473492860794,145043,60
pud,equalize,10,1000,0.0006017684936523,1.428876876831055,0.001428876876831,145513,60
pud,equalize,11,1000,0.0005333423614501,1.5044443607330322,0.001504444360733,144890,60
pud,equalize,12,1000,0.0005996227264404,1.4459450244903564,0.0014459450244903,143568,60
pud,equalize,13,1000,0.0005929470062255,1.4350721836090088,0.001435072183609,144684,60
pud,equalize,14,1000,0.0005276203155517,1.47635817527771,0.0014763581752777,142947,60
pud,equalize,15,1000,0.0005686283111572,1.4359822273254397,0.0014359822273254,144566,60
pud,equalize,16,1000,0.0005626678466796,1.4654347896575928,0.0014654347896575,142533,60
pud,equalize,17,1000,0.0005288124084472,1.4383447170257568,0.0014383447170257,143654,60
pud,equalize,18,1000,0.0006196498870849,1.535189867019653,0.0015351898670196,146923,60
pud,equalize,19,1000,0.0005571842193603,1.4482660293579102,0.0014482660293579,144280,60
pud,equalize,20,1000,0.000544786453247,1.432772159576416,0.0014327721595764,145542,60
pud,equalize,21,1000,0.0005919933319091,1.4497733116149902,0.0014497733116149,144047,60
pud,equalize,22,1000,0.000563621520996,1.4937546253204346,0.0014937546253204,145261,60
pud,equalize,23,1000,0.0005578994750976,1.4793691635131836,0.0014793691635131,145028,60
pud,equalize,24,1000,0.0005850791931152,1.449732542037964,0.0014497325420379,144787,60
pud,equalize,25,1000,0.0006055831909179,1.4592907428741455,0.0014592907428741,144389,60
pud,equalize,26,1000,0.0005767345428466,1.4415521621704102,0.0014415521621704,143471,60
pud,equalize,27,1000,0.0005545616149902,1.4406232833862305,0.0014406232833862,144085,60
pud,equalize,28,1000,0.000594139099121,1.4373021125793457,0.0014373021125793,142974,60
pud,equalize,29,1000,0.0008742809295654,1.4319024085998535,0.0014319024085998,143952,60
pud,equalize,30,1000,0.0005483627319335,1.4385309219360352,0.001438530921936,145003,60
pud,equalize,31,1000,0.000608205795288,1.4344384670257568,0.0014344384670257,146899,60
pud,equalize,32,1000,0.0005397796630859,1.4309403896331787,0.0014309403896331,144291,60
pud,equalize,33,1000,0.0005750656127929,1.4161176681518557,0.0014161176681518,143801,60
pud,equalize,34,1000,0.0006003379821777,1.4395043849945068,0.0014395043849945,143809,60
pud,equalize,35,1000,0.0006887912750244,1.4289453029632568,0.0014289453029632,145118,60
pud,equalize,36,1000,0.0005314350128173,1.467599630355835,0.0014675996303558,144211,60
pud,equalize,37,1000,0.0005576610565185,1.428032398223877,0.0014280323982238,143212,60
pud,equalize,38,1000,0.0005381107330322,1.4365034103393557,0.0014365034103393,143555,60
pud,equalize,39,1000,0.0005149841308593,1.4350764751434326,0.0014350764751434,144246,60
pud,equalize,40,1000,0.0005865097045898,1.4208402633666992,0.0014208402633666,146289,60
pud,equalize,41,1000,0.0005440711975097,1.4240198135375977,0.0014240198135375,144337,60
pud,equalize,42,1000,0.0005314350128173,1.43575119972229,0.0014357511997222,144736,60
pud,equalize,43,1000,0.0005903244018554,1.452221393585205,0.0014522213935852,145284,60
pud,equalize,44,1000,0.0005476474761962,1.456322431564331,0.0014563224315643,146426,60
pud,equalize,45,1000,0.0005731582641601,1.4349420070648191,0.0014349420070648,144175,60
pud,equalize,46,1000,0.0005748271942138,1.4333810806274414,0.0014333810806274,144663,60
pud,equalize,47,1000,0.0005586147308349,1.4257678985595703,0.0014257678985595,146031,60
pud,equalize,48,1000,0.0005216598510742,1.4444611072540283,0.001444461107254,144425,60
pud,equalize,49,1000,0.0009996891021728,1.453434705734253,0.0014534347057342,145701,60
pud,equalize,50,1000,0.0005347728729248,1.4540281295776367,0.0014540281295776,146044,60
pud,equalize,51,1000,0.0005843639373779,1.4710938930511477,0.0014710938930511,146062,60
pud,equalize,52,1000,0.000605821609497,1.489037036895752,0.0014890370368957,145203,60
pud,equalize,53,1000,0.0006229877471923,1.458406925201416,0.0014584069252014,146160,60
pud,equalize,54,1000,0.0009262561798095,1.481520652770996,0.0014815206527709,144287,60
pud,equalize,55,1000,0.0009064674377441,1.4686787128448486,0.0014686787128448,145240,60
pud,equalize,56,1000,0.0006802082061767,1.4346075057983398,0.0014346075057983,145544,60
pud,equalize,57,1000,0.0005664825439453,1.4192008972167969,0.0014192008972167,144265,60
pud,equalize,58,1000,0.0005419254302978,1.4507238864898682,0.0014507238864898,145925,60
pud,equalize,59,1000,0.0005621910095214,1.4656038284301758,0.0014656038284301,143585,60
pud,equalize,60,1000,0.0005898475646972,1.42372727394104,0.001423727273941,144776,60
pud,equalize,61,1000,0.0005319118499755,1.424452543258667,0.0014244525432586,143466,60
pud,equalize,62,1000,0.0005624294281005,1.4224772453308103,0.0014224772453308,144943,60
pud,equalize,63,1000,0.0005764961242675,1.4283132553100586,0.00142831325531,143457,60
pud,equalize,64,1000,0.0005505084991455,1.436952829360962,0.0014369528293609,145194,60
pud,equalize,65,1000,0.0006592273712158,1.5122454166412354,0.0015122454166412,142959,60
pud,equalize,66,1000,0.0005931854248046,1.4306211471557615,0.0014306211471557,144066,60
pud,equalize,67,1000,0.000823974609375,1.4438307285308838,0.0014438307285308,144345,60
pud,equalize,68,1000,0.0005605220794677,1.4693489074707031,0.0014693489074707,142246,60
pud,equalize,69,1000,0.0005700588226318,1.4353365898132324,0.0014353365898132,144341,60
pud,equalize,70,1000,0.0005722045898437,1.4168319702148438,0.0014168319702148,144671,60
pud,equalize,71,1000,0.0005879402160644,1.4224936962127686,0.0014224936962127,144582,60
pud,equalize,72,1000,0.0005638599395751,1.431211233139038,0.001431211233139,144496,60
pud,equalize,73,1000,0.0005381107330322,1.4361319541931152,0.0014361319541931,145218,60
pud,equalize,74,1000,0.0005979537963867,1.4395015239715576,0.0014395015239715,145691,60
pud,equalize,75,1000,0.0005824565887451,1.4504871368408203,0.0014504871368408,144395,60
pud,equalize,76,1000,0.0009291172027587,1.401505708694458,0.0014015057086944,143590,60
pud,equalize,77,1000,0.0006110668182373,1.446458339691162,0.0014464583396911,145363,60
pud,equalize,78,1000,0.0005960464477539,1.5350146293640137,0.001535014629364,143395,60
pud,equalize,79,1000,0.0005772113800048,1.4740536212921145,0.0014740536212921,143797,60
pud,equalize,80,1000,0.0006318092346191,1.4527103900909424,0.0014527103900909,144920,60
pud,equalize,81,1000,0.0006012916564941,1.4447500705718994,0.0014447500705718,145058,60
pud,equalize,82,1000,0.0005779266357421,1.43025803565979,0.0014302580356597,144012,60
pud,equalize,83,1000,0.0005617141723632,1.4460060596466064,0.0014460060596466,141556,60
pud,equalize,84,1000,0.0006382465362548,1.513381004333496,0.0015133810043334,144615,60
pud,equalize,85,1000,0.0005691051483154,1.456614971160889,0.0014566149711608,144438,60
pud,equalize,86,1000,0.0006351470947265,1.4353411197662354,0.0014353411197662,144523,60
pud,equalize,87,1000,0.0007126331329345,1.4640016555786133,0.0014640016555786,143671,60
pud,equalize,88,1000,0.0005526542663574,1.443596124649048,0.001443596124649,144159,60
pud,equalize,89,1000,0.0005888938903808,1.4237534999847412,0.0014237534999847,143581,60
pud,equalize,90,1000,0.0006806850433349,1.4172403812408447,0.0014172403812408,144321,60
pud,equalize,91,1000,0.0005793571472167,1.4257309436798096,0.0014257309436798,143265,60
pud,equalize,92,1000,0.0005414485931396,1.4393374919891355,0.0014393374919891,143867,60
pud,equalize,93,1000,0.0006639957427978,1.445871114730835,0.0014458711147308,143559,60
pud,equalize,94,1000,0.0006318092346191,1.4358477592468262,0.0014358477592468,142977,60
pud,equalize,95,1000,0.0007915496826171,1.4493083953857422,0.0014493083953857,143946,60
pud,equalize,96,1000,0.0005295276641845,1.4292595386505127,0.0014292595386505,144081,60
pud,equalize,97,1000,0.0006020069122314,1.433173418045044,0.001433173418045,142773,60
pud,equalize,98,1000,0.0009663105010986,1.4132428169250488,0.001413242816925,143001,60
pud,equalize,99,1000,0.000542402267456,1.4165318012237549,0.0014165318012237,143950,60
pud,equalize,100,1000,0.0005886554718017,1.4405286312103271,0.0014405286312103,143569,60
pud,equalize,101,1000,0.0005590915679931,1.435676336288452,0.0014356763362884,145352,60
pud,equalize,102,1000,0.0005624294281005,1.4459638595581057,0.0014459638595581,147703,60
pud,equalize,103,1000,0.0005724430084228,1.4745404720306396,0.0014745404720306,145562,60
pud,equalize,104,1000,0.000584602355957,1.4729561805725098,0.0014729561805725,144755,60
pud,equalize,105,1000,0.0005977153778076,1.4452078342437744,0.0014452078342437,145140,60
pud,equalize,106,1000,0.0005619525909423,1.4797511100769043,0.0014797511100769,144643,60
pud,equalize,107,1000,0.0006048679351806,1.4444630146026611,0.0014444630146026,144058,60
pud,equalize,108,1000,0.0007917881011962,1.4624803066253662,0.0014624803066253,143359,60
pud,equalize,109,1000,0.0005252361297607,1.4223437309265137,0.0014223437309265,144640,60
pud,equalize,110,1000,0.0005946159362792,1.471433162689209,0.0014714331626892,144402,60
pud,equalize,111,1000,0.0005788803100585,1.5074217319488523,0.0015074217319488,148415,60
pud,equalize,112,1000,0.0005552768707275,1.43359112739563,0.0014335911273956,144370,60
pud,equalize,113,1000,0.0005621910095214,1.4529283046722412,0.0014529283046722,143792,60
pud,equalize,114,1000,0.0006091594696044,1.4439315795898438,0.0014439315795898,144138,60
pud,equalize,115,1000,0.0008854866027832,1.4351980686187744,0.0014351980686187,143808,60
pud,equalize,116,1000,0.0005218982696533,1.470278024673462,0.0014702780246734,143093,60
pud,equalize,117,1000,0.0006265640258789,1.411421537399292,0.0014114215373992,142828,60
pud,equalize,118,1000,0.0005548000335693,1.434298038482666,0.0014342980384826,147063,60
pud,equalize,119,1000,0.000561237335205,1.4451310634613037,0.0014451310634613,144866,60
pud,equalize,120,1000,0.0005953311920166,1.5089256763458252,0.0015089256763458,142757,60
pud,equalize,121,1000,0.0005695819854736,1.4377000331878662,0.0014377000331878,144560,60
pud,equalize,122,1000,0.0005340576171875,1.5341498851776123,0.0015341498851776,144704,60
pud,equalize,123,1000,0.0006232261657714,1.5338497161865234,0.0015338497161865,144802,60
pud,equalize,124,1000,0.000568151473999,1.49222731590271,0.0014922273159027,142739,60
pud,equalize,125,1000,0.0005660057067871,1.4359512329101562,0.0014359512329101,143033,60
pud,equalize,126,1000,0.000727891921997,1.5157859325408936,0.0015157859325408,143997,60
pud,equalize,127,1000,0.0005531311035156,1.437727928161621,0.0014377279281616,146083,60
pud,equalize,128,1000,0.0005505084991455,1.4635486602783203,0.0014635486602783,146180,60
pud,equalize,129,1000,0.0006599426269531,1.439448356628418,0.0014394483566284,146088,60
pud,equalize,130,1000,0.0005886554718017,1.4308912754058838,0.0014308912754058,144320,60
pud,equalize,131,1000,0.0006039142608642,1.4394104480743408,0.0014394104480743,145806,60
pud,equalize,132,1000,0.0005500316619873,1.4566254615783691,0.0014566254615783,144595,60
pud,equalize,133,1000,0.0005757808685302,1.453046798706055,0.001453046798706,145098,60
pud,equalize,134,1000,0.0009360313415527,1.4732534885406494,0.0014732534885406,144394,60
pud,equalize,135,1000,0.0007309913635253,1.4168148040771484,0.0014168148040771,145525,60
pud,equalize,136,1000,0.0005967617034912,1.422839641571045,0.001422839641571,144649,60
pud,equalize,137,1000,0.0006704330444335,1.4495365619659424,0.0014495365619659,144638,60
pud,equalize,138,1000,0.0006229877471923,1.4026970863342283,0.0014026970863342,143203,60
pud,equalize,139,1000,0.0006184577941894,1.4247934818267822,0.0014247934818267,145103,60
pud,equalize,140,1000,0.0010130405426025,1.5182428359985352,0.0015182428359985,144470,60
pud,equalize,141,1000,0.0005242824554443,1.4178237915039062,0.0014178237915039,145997,60
pud,equalize,142,1000,0.0005786418914794,1.428724765777588,0.0014287247657775,143818,60
pud,equalize,143,1000,0.0005769729614257,1.4180972576141355,0.0014180972576141,144467,60
pud,equalize,144,1000,0.0005257129669189,1.397946834564209,0.0013979468345642,143609,60
pud,equalize,145,1000,0.0005948543548583,1.4248206615447998,0.0014248206615447,144577,60
pud,equalize,146,1000,0.0009443759918212,1.4063348770141602,0.0014063348770141,143746,60
pud,equalize,147,1000,0.0005865097045898,1.448547601699829,0.0014485476016998,144676,60
pud,equalize,148,1000,0.0005784034729003,1.4333276748657229,0.0014333276748657,146448,60
pud,equalize,149,1000,0.0006279945373535,1.431124210357666,0.0014311242103576,143605,60
pud,equalize,150,1000,0.0005700588226318,1.437168836593628,0.0014371688365936,143971,60
pud,equalize,151,1000,0.0005650520324707,1.454834222793579,0.0014548342227935,145348,60
pud,equalize,152,1000,0.000622272491455,1.4232239723205566,0.0014232239723205,143330,60
pud,equalize,153,1000,0.0005884170532226,1.4327671527862549,0.0014327671527862,144275,60
pud,equalize,154,1000,0.0005156993865966,1.4516124725341797,0.0014516124725341,145939,60
pud,equalize,155,1000,0.0006113052368164,1.4067344665527344,0.0014067344665527,142182,60
pud,equalize,156,1000,0.0005464553833007,1.4219951629638672,0.0014219951629638,145904,60
pud,equalize,157,1000,0.0005409717559814,1.4459691047668457,0.0014459691047668,146629,60
pud,equalize,158,1000,0.0007407665252685,1.4987802505493164,0.0014987802505493,143613,60
pud,equalize,159,1000,0.0005745887756347,1.4387519359588623,0.0014387519359588,144350,60
pud,equalize,160,1000,0.000563621520996,1.4392824172973633,0.0014392824172973,143810,60
pud,equalize,161,1000,0.0005569458007812,1.435652256011963,0.0014356522560119,145583,60
pud,equalize,162,1000,0.0006170272827148,1.4202444553375244,0.0014202444553375,144669,60
pud,equalize,163,1000,0.0005550384521484,1.451815843582153,0.0014518158435821,142489,60
pud,equalize,164,1000,0.0005512237548828,1.4104509353637695,0.0014104509353637,143175,60
pud,equalize,165,1000,0.0006122589111328,1.421412706375122,0.0014214127063751,143640,60
pud,equalize,166,1000,0.0005812644958496,1.4330329895019531,0.0014330329895019,143461,60
pud,equalize,167,1000,0.0005536079406738,1.4154958724975586,0.0014154958724975,145651,60
pud,equalize,168,1000,0.0010147094726562,1.435194730758667,0.0014351947307586,144318,60
pud,equalize,169,1000,0.0006680488586425,1.4198942184448242,0.0014198942184448,144727,60
pud,equalize,170,1000,0.000523567199707,1.4181194305419922,0.0014181194305419,144275,60
pud,equalize,171,1000,0.0006132125854492,1.447350025177002,0.001447350025177,144937,60
pud,equalize,172,1000,0.0005428791046142,1.4461405277252195,0.0014461405277252,144030,60
pud,equalize,173,1000,0.0007760524749755,1.46557879447937,0.0014655787944793,145760,60
pud,equalize,174,1000,0.0006430149078369,1.5424408912658691,0.0015424408912658,144572,60
pud,equalize,175,1000,0.0005693435668945,1.4199371337890625,0.001419937133789,145229,60
pud,equalize,176,1000,0.0005369186401367,1.4367928504943848,0.0014367928504943,145777,60
pud,equalize,177,1000,0.000563621520996,1.4565768241882324,0.0014565768241882,143742,60
pud,equalize,178,1000,0.0006985664367675,1.4387876987457275,0.0014387876987457,145047,60
pud,equalize,179,1000,0.0009868144989013,1.4095754623413086,0.0014095754623413,142842,60
pud,equalize,180,1000,0.0005290508270263,1.4129979610443115,0.0014129979610443,142136,60
pud,equalize,181,1000,0.0006043910980224,1.4533607959747314,0.0014533607959747,144137,60
pud,equalize,182,1000,0.0005593299865722,1.4451072216033936,0.0014451072216033,143994,60
pud,equalize,183,1000,0.0005507469177246,1.4365832805633545,0.0014365832805633,143264,60
pud,equalize,184,1000,0.0006124973297119,1.416222095489502,0.0014162220954895,144716,60
pud,equalize,185,1000,0.0005719661712646,1.413407325744629,0.0014134073257446,144038,60
pud,equalize,186,1000,0.0005438327789306,1.4488956928253174,0.0014488956928253,146166,60
pud,equalize,187,1000,0.0005967617034912,1.405724048614502,0.0014057240486145,142982,60
pud,equalize,188,1000,0.0006282329559326,1.430366277694702,0.0014303662776947,144445,60
pud,equalize,189,1000,0.0005724430084228,1.4444210529327393,0.0014444210529327,143466,60
pud,equalize,190,1000,0.0005185604095458,1.43316912651062,0.0014331691265106,144150,60
pud,equalize,191,1000,0.0005784034729003,1.4187836647033691,0.0014187836647033,142187,60
pud,equalize,192,1000,0.0006015300750732,1.440819501876831,0.0014408195018768,144015,60
pud,equalize,193,1000,0.0005609989166259,1.4307599067687988,0.0014307599067687,145704,60
pud,equalize,194,1000,0.0006024837493896,1.4063291549682615,0.0014063291549682,145198,60
pud,equalize,195,1000,0.000619888305664,1.491065263748169,0.0014910652637481,146020,60
pud,equalize,196,1000,0.0005524158477783,1.4268136024475098,0.0014268136024475,143528,60
pud,equalize,197,1000,0.0005919933319091,1.4094793796539309,0.0014094793796539,144822,60
pud,equalize,198,1000,0.0005462169647216,1.427994728088379,0.0014279947280883,145126,60
pud,equalize,199,1000,0.0005421638488769,1.4236977100372314,0.0014236977100372,142638,60
pud,equalize,200,1000,0.0005984306335449,1.4456167221069336,0.0014456167221069,144223,60
pud,equalize,201,1000,0.0006062984466552,1.4351685047149658,0.0014351685047149,145592,60
pud,equalize,202,1000,0.0006191730499267,1.4333593845367432,0.0014333593845367,143425,60
pud,equalize,203,1000,0.0006444454193115,1.428929567337036,0.001428929567337,144825,60
pud,equalize,204,1000,0.0005958080291748,1.4230058193206787,0.0014230058193206,143946,60
pud,equalize,205,1000,0.0005629062652587,1.449432134628296,0.0014494321346282,144992,60
pud,equalize,206,1000,0.0005404949188232,1.4453489780426023,0.0014453489780426,145780,60
pud,equalize,207,1000,0.0007710456848144,1.4150187969207764,0.0014150187969207,144228,60
pud,equalize,208,1000,0.0005409717559814,1.4293231964111328,0.0014293231964111,145029,60
pud,equalize,209,1000,0.0005521774291992,1.4262220859527588,0.0014262220859527,145344,60
pud,equalize,210,1000,0.0006275177001953,1.4687492847442627,0.0014687492847442,143071,60
pud,equalize,211,1000,0.0007188320159912,1.4400858879089355,0.0014400858879089,144436,60
pud,equalize,212,1000,0.0005254745483398,1.4367094039916992,0.0014367094039916,143894,60
pud,equalize,213,1000,0.0005898475646972,1.450326681137085,0.001450326681137,142283,60
pud,equalize,214,1000,0.00057053565979,1.4220733642578125,0.0014220733642578,145791,60
pud,equalize,215,1000,0.0005874633789062,1.4508106708526611,0.0014508106708526,143941,60
pud,equalize,216,1000,0.0007057189941406,1.45837664604187,0.0014583766460418,143811,60
pud,equalize,217,1000,0.0005698204040527,1.4413795471191406,0.0014413795471191,144918,60
pud,equalize,218,1000,0.0005507469177246,1.4335894584655762,0.0014335894584655,144347,60
pud,equalize,219,1000,0.0005505084991455,1.427682399749756,0.0014276823997497,144257,60
pud,equalize,220,1000,0.0006241798400878,1.4628732204437256,0.0014628732204437,146828,60
pud,equalize,221,1000,0.000535249710083,1.4417328834533691,0.0014417328834533,145010,60
pud,equalize,222,1000,0.0005960464477539,1.5087366104125977,0.0015087366104125,144754,60
pud,equalize,223,1000,0.0009896755218505,1.4303860664367676,0.0014303860664367,144687,60
pud,equalize,224,1000,0.0005767345428466,1.4586632251739502,0.0014586632251739,145567,60
pud,equalize,225,1000,0.0006494522094726,1.4510409832000732,0.0014510409832,145770,60
pud,equalize,226,1000,0.0005767345428466,1.4353876113891602,0.0014353876113891,146420,60
pud,equalize,227,1000,0.0006768703460693,1.442746877670288,0.0014427468776702,144042,60
pud,equalize,228,1000,0.0006392002105712,1.482875108718872,0.0014828751087188,147082,60
pud,equalize,229,1000,0.0005805492401123,1.4491784572601318,0.0014491784572601,144513,60
pud,equalize,230,1000,0.000636339187622,1.4414517879486084,0.0014414517879486,144357,60
pud,equalize,231,1000,0.0005125999450683,1.4449856281280518,0.001444985628128,145316,60
pud,equalize,232,1000,0.0005617141723632,1.4441180229187012,0.0014441180229187,143435,60
pud,equalize,233,1000,0.0005595684051513,1.441105604171753,0.0014411056041717,144706,60
pud,equalize,234,1000,0.0007023811340332,1.543285608291626,0.0015432856082916,144513,60
pud,equalize,235,1000,0.0005583763122558,1.4445056915283203,0.0014445056915283,146156,60
pud,equalize,236,1000,0.0005786418914794,1.4436466693878174,0.0014436466693878,143951,60
pud,equalize,237,1000,0.0006885528564453,1.447178840637207,0.0014471788406372,145581,60
pud,equalize,238,1000,0.0005381107330322,1.4755051136016846,0.0014755051136016,145632,60
pud,equalize,239,1000,0.0005724430084228,1.44447922706604,0.001444479227066,144288,60
pud,equalize,240,1000,0.0005614757537841,1.4892187118530271,0.001489218711853,145560,60
pud,equalize,241,1000,0.0006110668182373,1.4480161666870115,0.001448016166687,144766,60
pud,equalize,242,1000,0.000601053237915,1.4442200660705566,0.0014442200660705,145418,60
pud,equalize,243,1000,0.0005736351013183,1.4715235233306885,0.0014715235233306,144694,60
pud,equalize,244,1000,0.0006303787231445,1.4849491119384766,0.0014849491119384,145383,60
pud,equalize,245,1000,0.0006213188171386,1.4730224609375,0.0014730224609375,144469,60
pud,equalize,246,1000,0.0005755424499511,1.451453447341919,0.0014514534473419,145252,60
pud,equalize,247,1000,0.0006511211395263,1.4313223361968994,0.0014313223361968,144817,60
pud,equalize,248,1000,0.0005640983581542,1.433934450149536,0.0014339344501495,145117,60
pud,equalize,249,1000,0.0006380081176757,1.4556770324707031,0.0014556770324707,143845,60
pud,equalize,250,1000,0.00054931640625,1.4310338497161863,0.0014310338497161,144687,60
pud,equalize,251,1000,0.0007004737854003,1.4430270195007324,0.0014430270195007,145252,60
pud,equalize,252,1000,0.0005667209625244,1.4438951015472412,0.0014438951015472,144739,60
pud,equalize,253,1000,0.0006167888641357,1.437345266342163,0.0014373452663421,146247,60
pud,equalize,254,1000,0.0007414817810058,1.431894063949585,0.0014318940639495,144047,60
pud,equalize,255,1000,0.0007967948913574,1.4329347610473633,0.0014329347610473,143814,60
pud,equalize,256,1000,0.0005831718444824,1.4288609027862549,0.0014288609027862,144721,60
pud,equalize,257,1000,0.0005791187286376,1.536726713180542,0.0015367267131805,145060,60
pud,equalize,258,1000,0.0005824565887451,1.5104153156280518,0.001510415315628,145183,60
pud,equalize,259,1000,0.0006248950958251,1.461888074874878,0.0014618880748748,144624,60
pud,equalize,260,1000,0.0005314350128173,1.4335906505584717,0.0014335906505584,143712,60
pud,equalize,261,1000,0.0006399154663085,1.4742372035980225,0.001474237203598,143391,60
pud,equalize,262,1000,0.0005953311920166,1.4503798484802246,0.0014503798484802,144130,60
pud,equalize,263,1000,0.0009334087371826,1.4500045776367188,0.0014500045776367,144664,60
pud,equalize,264,1000,0.000648021697998,1.4330382347106934,0.0014330382347106,145661,60
pud,equalize,265,1000,0.0005927085876464,1.4276092052459717,0.0014276092052459,143948,60
pud,equalize,266,1000,0.0005323886871337,1.4328114986419678,0.0014328114986419,144310,60
pud,equalize,267,1000,0.0005383491516113,1.452625036239624,0.0014526250362396,143096,60
pud,equalize,268,1000,0.0007026195526123,1.4341914653778076,0.0014341914653778,145194,60
pud,equalize,269,1000,0.0005650520324707,1.501543045043945,0.0015015430450439,145682,60
pud,equalize,270,1000,0.0005197525024414,1.4267864227294922,0.0014267864227294,146198,60
pud,equalize,271,1000,0.0005695819854736,1.434091091156006,0.001434091091156,145207,60
pud,equalize,272,1000,0.0005490779876708,1.446162462234497,0.0014461624622344,143838,60
pud,equalize,273,1000,0.0006604194641113,1.4577739238739014,0.0014577739238739,143869,60
pud,equalize,274,1000,0.0006754398345947,1.446291208267212,0.0014462912082672,143276,60
pud,equalize,275,1000,0.0005908012390136,1.5074617862701416,0.0015074617862701,145114,60
pud,equalize,276,1000,0.0006005764007568,1.4514639377593994,0.0014514639377593,145546,60
pud,equalize,277,1000,0.0006923675537109,1.454395055770874,0.0014543950557708,144286,60
pud,equalize,278,1000,0.0009689331054687,1.4649882316589355,0.0014649882316589,143835,60
pud,equalize,279,1000,0.0005769729614257,1.450029373168945,0.0014500293731689,146307,60
pud,equalize,280,1000,0.0006358623504638,1.501452922821045,0.001501452922821,144051,60
pud,equalize,281,1000,0.0005910396575927,1.4321515560150146,0.001432151556015,144620,60
pud,equalize,282,1000,0.0005946159362792,1.44787335395813,0.0014478733539581,142564,60
pud,equalize,283,1000,0.0005185604095458,1.430819749832153,0.0014308197498321,144446,60
pud,equalize,284,1000,0.0005748271942138,1.453754186630249,0.0014537541866302,143980,60
pud,equalize,285,1000,0.0006585121154785,1.4681618213653564,0.0014681618213653,145033,60
pud,equalize,286,1000,0.0005586147308349,1.4497342109680176,0.001449734210968,143973,60
pud,equalize,287,1000,0.000568151473999,1.4361889362335205,0.0014361889362335,143017,60
pud,equalize,288,1000,0.0005795955657958,1.4893088340759275,0.0014893088340759,144373,60
pud,equalize,289,1000,0.0005614757537841,1.468313217163086,0.001468313217163,146578,60
pud,equalize,290,1000,0.0006153583526611,1.4968116283416748,0.0014968116283416,144771,60
pud,equalize,291,1000,0.000521183013916,1.457081317901611,0.0014570813179016,146971,60
pud,equalize,292,1000,0.0005300045013427,1.435168981552124,0.0014351689815521,144660,60
pud,equalize,293,1000,0.0006842613220214,1.429558277130127,0.0014295582771301,143173,60
pud,equalize,294,1000,0.0005373954772949,1.4594829082489014,0.0014594829082489,144305,60
pud,equalize,295,1000,0.0006906986236572,1.4419147968292236,0.0014419147968292,145510,60
pud,equalize,296,1000,0.0006170272827148,1.4246702194213867,0.0014246702194213,142878,60
pud,equalize,297,1000,0.0005319118499755,1.4347891807556152,0.0014347891807556,144497,60
pud,equalize,298,1000,0.0005385875701904,1.4645493030548096,0.0014645493030548,143335,60
pud,equalize,299,1000,0.0006361007690429,1.4537630081176758,0.0014537630081176,145107,60
pud,equalize,300,1000,0.0006814002990722,1.4478263854980469,0.001447826385498,145277,60
pud,equalize,301,1000,0.0005764961242675,1.4509496688842771,0.0014509496688842,144235,60
pud,equalize,302,1000,0.0005974769592285,1.424677848815918,0.0014246778488159,142847,60
pud,equalize,303,1000,0.0006401538848876,1.4226949214935305,0.0014226949214935,144769,60
pud,equalize,304,1000,0.0005507469177246,1.4628500938415527,0.0014628500938415,146344,60
pud,equalize,305,1000,0.0006096363067626,1.4451324939727783,0.0014451324939727,144213,60
pud,equalize,306,1000,0.0006394386291503,1.5024616718292236,0.0015024616718292,144863,60
pud,equalize,307,1000,0.0005900859832763,1.4606986045837402,0.0014606986045837,143302,60
pud,equalize,308,1000,0.0005242824554443,1.4628407955169678,0.0014628407955169,144224,60
pud,equalize,309,1000,0.0005817413330078,1.446077823638916,0.0014460778236389,145911,60
pud,equalize,310,1000,0.0005667209625244,1.4543561935424805,0.0014543561935424,143727,60
pud,equalize,311,1000,0.0005514621734619,1.4509990215301514,0.0014509990215301,144428,60
pud,equalize,312,1000,0.0006606578826904,1.5005125999450684,0.001500512599945,144123,60
pud,equalize,313,1000,0.0006251335144042,1.4509882926940918,0.001450988292694,144619,60
pud,equalize,314,1000,0.000528335571289,1.4294557571411133,0.0014294557571411,145057,60
pud,equalize,315,1000,0.000601053237915,1.467022180557251,0.0014670221805572,144787,60
pud,equalize,316,1000,0.0006988048553466,1.438279390335083,0.001438279390335,145022,60
pud,equalize,317,1000,0.000598669052124,1.4334778785705566,0.0014334778785705,144020,60
pud,equalize,318,1000,0.0006396770477294,1.4500768184661863,0.0014500768184661,146618,60
pud,equalize,319,1000,0.0007083415985107,1.4250092506408691,0.0014250092506408,142584,60
pud,equalize,320,1000,0.0005807876586914,1.4250617027282717,0.0014250617027282,145070,60
pud,equalize,321,1000,0.0005900859832763,1.43125581741333,0.0014312558174133,143367,60
pud,equalize,322,1000,0.0009627342224121,1.439629316329956,0.0014396293163299,144870,60
pud,equalize,323,1000,0.0005464553833007,1.4350333213806152,0.0014350333213806,145345,60
pud,equalize,324,1000,0.0007498264312744,1.4404668807983398,0.0014404668807983,143768,60
pud,equalize,325,1000,0.0007407665252685,1.4382984638214111,0.0014382984638214,145241,60
pud,equalize,326,1000,0.0006289482116699,1.4132730960845947,0.0014132730960845,142834,60
pud,equalize,327,1000,0.0006201267242431,1.5388305187225342,0.0015388305187225,146194,60
pud,equalize,328,1000,0.0006186962127685,1.4578640460968018,0.0014578640460968,146352,60
pud,equalize,329,1000,0.0005669593811035,1.4494709968566897,0.0014494709968566,143502,60
pud,equalize,330,1000,0.0005743503570556,1.4112586975097656,0.0014112586975097,143451,60
pud,equalize,331,1000,0.0005867481231689,1.4477896690368652,0.0014477896690368,144334,60
pud,equalize,332,1000,0.000579833984375,1.419257402420044,0.00141925740242,146474,60
pud,equalize,333,1000,0.0005660057067871,1.503489971160889,0.0015034899711608,146651,60
pud,equalize,334,1000,0.0005536079406738,1.4247231483459473,0.0014247231483459,143669,60
pud,equalize,335,1000,0.0005631446838378,1.431562900543213,0.0014315629005432,143609,60
pud,equalize,336,1000,0.0009620189666748,1.4123613834381104,0.0014123613834381,144979,60
pud,equalize,337,1000,0.0005784034729003,1.4378514289855957,0.0014378514289855,144210,60
pud,equalize,338,1000,0.0005643367767333,1.440014123916626,0.0014400141239166,146298,60
pud,equalize,339,1000,0.0005407333374023,1.4491395950317385,0.0014491395950317,143511,60
pud,equalize,340,1000,0.0006093978881835,1.4176063537597656,0.0014176063537597,143540,60
pud,equalize,341,1000,0.0006227493286132,1.4330182075500488,0.00143301820755,146738,60
pud,equalize,342,1000,0.0006392002105712,1.4454338550567627,0.0014454338550567,145215,60
pud,equalize,343,1000,0.0005888938903808,1.4666633605957031,0.0014666633605957,144005,60
pud,equalize,344,1000,0.0005862712860107,1.4780573844909668,0.0014780573844909,144565,60
pud,equalize,345,1000,0.0005810260772705,1.4315717220306396,0.0014315717220306,143829,60
pud,equalize,346,1000,0.000619888305664,1.5058722496032717,0.0015058722496032,145187,60
pud,equalize,347,1000,0.0005836486816406,1.4394311904907229,0.0014394311904907,143963,60
pud,equalize,348,1000,0.0005981922149658,1.437361717224121,0.0014373617172241,144033,60
pud,equalize,349,1000,0.0005407333374023,1.4051182270050049,0.001405118227005,142800,60
pud,equalize,350,1000,0.0005860328674316,1.4321141242980957,0.001432114124298,144606,60
pud,equalize,351,1000,0.0005502700805664,1.4357116222381592,0.0014357116222381,145153,60
pud,equalize,352,1000,0.0005366802215576,1.506493330001831,0.0015064933300018,143976,60
pud,equalize,353,1000,0.0006046295166015,1.4254517555236816,0.0014254517555236,143755,60
pud,equalize,354,1000,0.0005912780761718,1.441762924194336,0.0014417629241943,145259,60
pud,equalize,355,1000,0.0006022453308105,1.482191562652588,0.0014821915626525,143062,60
pud,equalize,356,1000,0.0005486011505126,1.4226996898651123,0.0014226996898651,146321,60
pud,equalize,357,1000,0.0005574226379394,1.4245827198028564,0.0014245827198028,145061,60
pud,equalize,358,1000,0.0005640983581542,1.4357948303222656,0.0014357948303222,144278,60
pud,equalize,359,1000,0.0007209777832031,1.4427144527435305,0.0014427144527435,145043,60
pud,equalize,360,1000,0.0005617141723632,1.4184703826904297,0.0014184703826904,143988,60
pud,equalize,361,1000,0.0005781650543212,1.436772346496582,0.0014367723464965,144832,60
pud,equalize,362,1000,0.0005710124969482,1.4315786361694336,0.0014315786361694,145082,60
pud,equalize,363,1000,0.0005421638488769,1.4233925342559814,0.0014233925342559,145960,60
pud,equalize,364,1000,0.0005319118499755,1.4450311660766602,0.0014450311660766,144461,60
pud,equalize,365,1000,0.0010879039764404,1.437209129333496,0.0014372091293334,143148,60
pud,equalize,366,1000,0.0005528926849365,1.41357159614563,0.0014135715961456,144342,60
pud,equalize,367,1000,0.0006704330444335,1.4417595863342283,0.0014417595863342,146703,60
pud,equalize,368,1000,0.0005233287811279,1.4372267723083496,0.0014372267723083,144775,60
pud,equalize,369,1000,0.0005671977996826,1.429762840270996,0.0014297628402709,145078,60
pud,equalize,370,1000,0.0006003379821777,1.501227855682373,0.0015012278556823,146120,60
pud,equalize,371,1000,0.0006074905395507,1.4204039573669434,0.0014204039573669,145139,60
pud,equalize,372,1000,0.000544786453247,1.428008794784546,0.0014280087947845,144797,60
pud,equalize,373,1000,0.0006134510040283,1.4331014156341553,0.0014331014156341,144113,60
pud,equalize,374,1000,0.0006735324859619,1.4446730613708496,0.0014446730613708,143634,60
pud,equalize,375,1000,0.000640869140625,1.4107353687286377,0.0014107353687286,143099,60
pud,equalize,376,1000,0.0006167888641357,1.4469246864318848,0.0014469246864318,144119,60
pud,equalize,377,1000,0.0006177425384521,1.43253755569458,0.0014325375556945,143359,60
pud,equalize,378,1000,0.0006065368652343,1.4069063663482666,0.0014069063663482,144408,60
pud,equalize,379,1000,0.0005960464477539,1.445199728012085,0.001445199728012,145810,60
pud,equalize,380,1000,0.0005810260772705,1.4937973022460938,0.001493797302246,144669,60
pud,equalize,381,1000,0.0006048679351806,1.451083421707153,0.0014510834217071,145025,60
pud,equalize,382,1000,0.0006086826324462,1.4620020389556885,0.0014620020389556,144113,60
pud,equalize,383,1000,0.0005710124969482,1.4597394466400146,0.00145973944664,146064,60
pud,equalize,384,1000,0.0006399154663085,1.468123197555542,0.0014681231975555,145770,60
pud,equalize,385,1000,0.0005738735198974,1.4572272300720217,0.001457227230072,147041,60
pud,equalize,386,1000,0.000558853149414,1.4347078800201416,0.0014347078800201,145893,60
pud,equalize,387,1000,0.0006258487701416,1.4352519512176514,0.0014352519512176,145165,60
pud,equalize,388,1000,0.0006332397460937,1.4717307090759275,0.0014717307090759,143832,60
pud,equalize,389,1000,0.0005800724029541,1.475414514541626,0.0014754145145416,147609,60
pud,equalize,390,1000,0.0009102821350097,1.4356462955474854,0.0014356462955474,145755,60
pud,equalize,391,1000,0.0005655288696289,1.4287023544311523,0.0014287023544311,141973,60
pud,equalize,392,1000,0.00063157081604,1.4426193237304688,0.0014426193237304,144104,60
pud,equalize,393,1000,0.0005643367767333,1.4362571239471436,0.0014362571239471,143887,60
pud,equalize,394,1000,0.0005946159362792,1.4374065399169922,0.0014374065399169,146344,60
pud,equalize,395,1000,0.000678539276123,1.438878297805786,0.0014388782978057,146232,60
pud,equalize,396,1000,0.0005514621734619,1.429962396621704,0.0014299623966217,143991,60
pud,equalize,397,1000,0.0005943775177001,1.42151141166687,0.0014215114116668,145408,60
pud,equalize,398,1000,0.0005595684051513,1.478156328201294,0.0014781563282012,144642,60
pud,equalize,399,1000,0.0006248950958251,1.4206125736236572,0.0014206125736236,143185,60
pud,equalize,400,1000,0.0006015300750732,1.4153223037719729,0.0014153223037719,143915,60
pud,equalize,401,1000,0.0006396770477294,1.4604346752166748,0.0014604346752166,145201,60
pud,equalize,402,1000,0.0008714199066162,1.4454684257507324,0.0014454684257507,144069,60
pud,equalize,403,1000,0.0005333423614501,1.4385015964508057,0.0014385015964508,144306,60
pud,equalize,404,1000,0.0005931854248046,1.4523346424102783,0.0014523346424102,142598,60
pud,equalize,405,1000,0.0006005764007568,1.4283883571624756,0.0014283883571624,145690,60
pud,equalize,406,1000,0.0005464553833007,1.435899019241333,0.0014358990192413,144487,60
pud,equalize,407,1000,0.0007126331329345,1.4274015426635742,0.0014274015426635,146162,60
pud,equalize,408,1000,0.0005772113800048,1.467120885848999,0.0014671208858489,143412,60
pud,equalize,409,1000,0.0006611347198486,1.4370908737182615,0.0014370908737182,143484,60
pud,equalize,410,1000,0.0006799697875976,1.417074203491211,0.0014170742034912,144028,60
pud,equalize,411,1000,0.0007369518280029,1.4170122146606443,0.0014170122146606,145565,60
pud,equalize,412,1000,0.0005824565887451,1.43241548538208,0.001432415485382,142322,60
pud,equalize,413,1000,0.0006682872772216,1.4938416481018066,0.0014938416481018,144547,60
pud,equalize,414,1000,0.000575304031372,1.4363200664520264,0.001436320066452,145131,60
pud,equalize,415,1000,0.0006153583526611,1.4586212635040283,0.001458621263504,145003,60
pud,equalize,416,1000,0.0006144046783447,1.56463885307312,0.0015646388530731,144099,60
pud,equalize,417,1000,0.0006020069122314,1.478285789489746,0.0014782857894897,144092,60
pud,equalize,418,1000,0.0005736351013183,1.4598839282989502,0.0014598839282989,144985,60
pud,equalize,419,1000,0.000626802444458,1.4968137741088867,0.0014968137741088,145320,60
pud,equalize,420,1000,0.0005905628204345,1.430537462234497,0.0014305374622344,145340,60
pud,equalize,421,1000,0.0005965232849121,1.4793593883514404,0.0014793593883514,143241,60
pud,equalize,422,1000,0.0005528926849365,1.4316010475158691,0.0014316010475158,142653,60
pud,equalize,423,1000,0.0006735324859619,1.4284687042236328,0.0014284687042236,143682,60
pud,equalize,424,1000,0.0005700588226318,1.4471473693847656,0.0014471473693847,144374,60
pud,equalize,425,1000,0.0006468296051025,1.4267890453338623,0.0014267890453338,145336,60
pud,equalize,426,1000,0.0007205009460449,1.508345365524292,0.0015083453655242,145302,60
pud,equalize,427,1000,0.0005929470062255,1.4549846649169922,0.0014549846649169,144016,60
pud,equalize,428,1000,0.0006000995635986,1.5063035488128662,0.0015063035488128,144603,60
pud,equalize,429,1000,0.0005249977111816,1.439072608947754,0.0014390726089477,146752,60
pud,equalize,430,1000,0.0006325244903564,1.4653544425964355,0.0014653544425964,144607,60
pud,equalize,431,1000,0.0006952285766601,1.4974095821380615,0.001497409582138,145349,60
pud,equalize,432,1000,0.0006978511810302,1.4275450706481934,0.0014275450706481,146270,60
pud,equalize,433,1000,0.0006101131439208,1.4571938514709473,0.0014571938514709,146201,60
pud,equalize,434,1000,0.0006473064422607,1.4389138221740725,0.001438913822174,143015,60
pud,equalize,435,1000,0.0006406307220458,1.4477558135986328,0.0014477558135986,146043,60
pud,equalize,436,1000,0.0006887912750244,1.414912223815918,0.0014149122238159,142414,60
pud,equalize,437,1000,0.0005559921264648,1.4808039665222168,0.0014808039665222,145695,60
pud,equalize,438,1000,0.0006275177001953,1.486091375350952,0.0014860913753509,142408,60
pud,equalize,439,1000,0.0005624294281005,1.4493165016174316,0.0014493165016174,143993,60
pud,equalize,440,1000,0.00059175491333,1.4773919582366943,0.0014773919582366,145765,60
pud,equalize,441,1000,0.0006966590881347,1.430392503738403,0.0014303925037384,146741,60
pud,equalize,442,1000,0.0006015300750732,1.417222499847412,0.0014172224998474,145950,60
pud,equalize,443,1000,0.0007281303405761,1.425487041473389,0.0014254870414733,144688,60
pud,equalize,444,1000,0.0005927085876464,1.4384377002716064,0.0014384377002716,144607,60
pud,equalize,445,1000,0.0009369850158691,1.4153969287872314,0.0014153969287872,145323,60
pud,equalize,446,1000,0.0005772113800048,1.4498324394226074,0.0014498324394226,144119,60
pud,equalize,447,1000,0.0006148815155029,1.4629735946655271,0.0014629735946655,145297,60
pud,equalize,448,1000,0.0006215572357177,1.528949499130249,0.0015289494991302,143805,60
pud,equalize,449,1000,0.0007369518280029,1.4820737838745115,0.0014820737838745,144093,60
pud,equalize,450,1000,0.0005319118499755,1.4343655109405518,0.0014343655109405,145065,60
pud,equalize,451,1000,0.0006544589996337,1.434086799621582,0.0014340867996215,143044,60
pud,equalize,452,1000,0.0005593299865722,1.4437124729156494,0.0014437124729156,141970,60
pud,equalize,453,1000,0.0005240440368652,1.4278230667114258,0.0014278230667114,143509,60
pud,equalize,454,1000,0.0007033348083496,1.4263875484466553,0.0014263875484466,146192,60
pud,equalize,455,1000,0.000584602355957,1.4311504364013672,0.0014311504364013,146016,60
pud,equalize,456,1000,0.0006411075592041,1.45019793510437,0.0014501979351043,144107,60
pud,equalize,457,1000,0.0006773471832275,1.4571130275726318,0.0014571130275726,143947,60
pud,equalize,458,1000,0.0007226467132568,1.51458740234375,0.0015145874023437,145200,60
pud,equalize,459,1000,0.000986099243164,1.4495975971221924,0.0014495975971221,142971,60
pud,equalize,460,1000,0.0005583763122558,1.4240820407867432,0.0014240820407867,144000,60
pud,equalize,461,1000,0.0006763935089111,1.4431345462799072,0.0014431345462799,148063,60
pud,equalize,462,1000,0.0005426406860351,1.4298722743988037,0.0014298722743988,144934,60
pud,equalize,463,1000,0.0006043910980224,1.4584379196166992,0.0014584379196166,144835,60
pud,equalize,464,1000,0.0005557537078857,1.4741015434265137,0.0014741015434265,145419,60
pud,equalize,465,1000,0.0005545616149902,1.5175585746765137,0.0015175585746765,145342,60
pud,equalize,466,1000,0.0006208419799804,1.4973819255828855,0.0014973819255828,146068,60
pud,equalize,467,1000,0.0008034706115722,1.5888006687164309,0.0015888006687164,144701,60
pud,equalize,468,1000,0.0005993843078613,1.4937047958374023,0.0014937047958374,144340,60
pud,equalize,469,1000,0.0007197856903076,1.4248685836791992,0.0014248685836791,144672,60
pud,equalize,470,1000,0.0005829334259033,1.4853742122650146,0.001485374212265,144496,60
pud,equalize,471,1000,0.0005156993865966,1.4322352409362793,0.0014322352409362,144527,60
pud,equalize,472,1000,0.0005948543548583,1.417435646057129,0.0014174356460571,143479,60
pud,equalize,473,1000,0.0006062984466552,1.471395492553711,0.0014713954925537,146644,60
pud,equalize,474,1000,0.0007464885711669,1.4451541900634766,0.0014451541900634,145205,60
pud,equalize,475,1000,0.0007135868072509,1.4371845722198486,0.0014371845722198,144400,60
pud,equalize,476,1000,0.000967264175415,1.50866961479187,0.0015086696147918,144900,60
pud,equalize,477,1000,0.0009219646453857,1.4241983890533447,0.0014241983890533,144485,60
pud,equalize,478,1000,0.0006380081176757,1.426414966583252,0.0014264149665832,144128,60
pud,equalize,479,1000,0.0007491111755371,1.5549113750457764,0.0015549113750457,145315,60
pud,equalize,480,1000,0.0005536079406738,1.4323270320892334,0.0014323270320892,144924,60
pud,equalize,481,1000,0.0005037784576416,1.4506511688232422,0.0014506511688232,143836,60
pud,equalize,482,1000,0.000694990158081,1.4415562152862549,0.0014415562152862,145009,60
pud,equalize,483,1000,0.0006968975067138,1.4372191429138184,0.0014372191429138,144341,60
pud,equalize,484,1000,0.0006177425384521,1.4291410446166992,0.0014291410446166,144168,60
pud,equalize,485,1000,0.0006353855133056,1.4300110340118408,0.0014300110340118,143632,60
pud,equalize,486,1000,0.0006506443023681,1.4932563304901123,0.0014932563304901,143217,60
pud,equalize,487,1000,0.0005486011505126,1.446315050125122,0.0014463150501251,145882,60
pud,equalize,488,1000,0.0006411075592041,1.4311118125915527,0.0014311118125915,144041,60
pud,equalize,489,1000,0.0006403923034667,1.4238181114196775,0.0014238181114196,144070,60
pud,equalize,490,1000,0.0008869171142578,1.424368381500244,0.0014243683815002,144842,60
pud,equalize,491,1000,0.0005788803100585,1.420149803161621,0.0014201498031616,144151,60
pud,equalize,492,1000,0.0005717277526855,1.51366925239563,0.0015136692523956,143792,60
pud,equalize,493,1000,0.0007417201995849,1.4552733898162842,0.0014552733898162,142522,60
pud,equalize,494,1000,0.0005960464477539,1.4553184509277344,0.0014553184509277,142752,60
pud,equalize,495,1000,0.0005812644958496,1.4479496479034424,0.0014479496479034,144246,60
pud,equalize,496,1000,0.0005557537078857,1.4476501941680908,0.001447650194168,145136,60
pud,equalize,497,1000,0.0007305145263671,1.4360730648040771,0.001436073064804,146601,60
pud,equalize,498,1000,0.000558853149414,1.4148695468902588,0.0014148695468902,144985,60
pud,equalize,499,1000,0.0007727146148681,1.4574270248413086,0.0014574270248413,144418,60
pud,equalize,500,1000,0.0005877017974853,1.4484000205993652,0.0014484000205993,142861,60
pud,equalize,501,1000,0.0005536079406738,1.43589186668396,0.0014358918666839,145861,60
pud,equalize,502,1000,0.0006067752838134,1.5481464862823486,0.0015481464862823,145426,60
pud,equalize,503,1000,0.0006501674652099,1.5524704456329346,0.0015524704456329,144691,60
pud,equalize,504,1000,0.0006172657012939,1.4216957092285156,0.0014216957092285,144085,60
pud,equalize,505,1000,0.0006101131439208,1.4738829135894775,0.0014738829135894,144028,60
pud,equalize,506,1000,0.0005354881286621,1.5143373012542725,0.0015143373012542,144207,60
pud,equalize,507,1000,0.0006802082061767,1.422900676727295,0.0014229006767272,143442,60
pud,equalize,508,1000,0.0005745887756347,1.4531958103179932,0.0014531958103179,146154,60
pud,equalize,509,1000,0.0009665489196777,1.5117244720458984,0.0015117244720458,146550,60
pud,equalize,510,1000,0.0006043910980224,1.4435882568359375,0.0014435882568359,143640,60
pud,equalize,511,1000,0.0006430149078369,1.4265873432159424,0.0014265873432159,146909,60
pud,equalize,512,1000,0.0006153583526611,1.4505455493927002,0.0014505455493927,142649,60
pud,equalize,513,1000,0.0005872249603271,1.4174938201904297,0.0014174938201904,145311,60
pud,equalize,514,1000,0.000662088394165,1.4424097537994385,0.0014424097537994,144261,60
pud,equalize,515,1000,0.0008022785186767,1.4167249202728271,0.0014167249202728,144471,60
pud,equalize,516,1000,0.0010933876037597,1.433682203292847,0.0014336822032928,145764,60
pud,equalize,517,1000,0.0005772113800048,1.431807041168213,0.0014318070411682,143408,60
pud,equalize,518,1000,0.0006308555603027,1.413792610168457,0.0014137926101684,143790,60
pud,equalize,519,1000,0.0005750656127929,1.417914628982544,0.0014179146289825,145241,60
pud,equalize,520,1000,0.0005631446838378,1.45460844039917,0.0014546084403991,146140,60
pud,equalize,521,1000,0.0006394386291503,1.4760043621063232,0.0014760043621063,141528,60
pud,equalize,522,1000,0.0005910396575927,1.4204518795013428,0.0014204518795013,144188,60
pud,equalize,523,1000,0.0005433559417724,1.5032427310943604,0.0015032427310943,146591,60
pud,equalize,524,1000,0.0010011196136474,1.424480438232422,0.0014244804382324,145746,60
pud,equalize,525,1000,0.0006351470947265,1.4251585006713867,0.0014251585006713,143751,60
pud,equalize,526,1000,0.0005412101745605,1.4545059204101562,0.0014545059204101,143548,60
pud,equalize,527,1000,0.000643253326416,1.4272778034210205,0.001427277803421,147070,60
pud,equalize,528,1000,0.0006074905395507,1.4472968578338623,0.0014472968578338,145157,60
pud,equalize,529,1000,0.0006697177886962,1.44376802444458,0.0014437680244445,144014,60
pud,equalize,530,1000,0.0005667209625244,1.443873643875122,0.0014438736438751,145123,60
pud,equalize,531,1000,0.0006031990051269,1.429859638214111,0.0014298596382141,146664,60
pud,equalize,532,1000,0.0007159709930419,1.4595472812652588,0.0014595472812652,145803,60
pud,equalize,533,1000,0.0006790161132812,1.431366205215454,0.0014313662052154,143762,60
pud,equalize,534,1000,0.0005004405975341,1.4362411499023438,0.0014362411499023,145970,60
pud,equalize,535,1000,0.000572919845581,1.4248061180114746,0.0014248061180114,144090,60
pud,equalize,536,1000,0.0005450248718261,1.4658057689666748,0.0014658057689666,144353,60
pud,equalize,537,1000,0.0005791187286376,1.4538278579711914,0.0014538278579711,145497,60
pud,equalize,538,1000,0.0007326602935791,1.4478437900543213,0.0014478437900543,144694,60
pud,equalize,539,1000,0.0006124973297119,1.4355831146240234,0.001435583114624,144038,60
pud,equalize,540,1000,0.0005793571472167,1.4268622398376465,0.0014268622398376,144396,60
pud,equalize,541,1000,0.0010409355163574,1.5690734386444092,0.0015690734386444,145959,60
pud,equalize,542,1000,0.0007200241088867,1.4538867473602295,0.0014538867473602,144271,60
pud,equalize,543,1000,0.0005204677581787,1.4361884593963623,0.0014361884593963,143630,60
pud,equalize,544,1000,0.000694990158081,1.444662094116211,0.0014446620941162,142505,60
pud,equalize,545,1000,0.000598669052124,1.4476242065429688,0.0014476242065429,143241,60
pud,equalize,546,1000,0.0006957054138183,1.4862806797027588,0.0014862806797027,145029,60
pud,equalize,547,1000,0.0006608963012695,1.5133066177368164,0.0015133066177368,145120,60
pud,equalize,548,1000,0.0005652904510498,1.4369444847106934,0.0014369444847106,143438,60
pud,equalize,549,1000,0.0005686283111572,1.4316341876983645,0.0014316341876983,143663,60
pud,equalize,550,1000,0.0010664463043212,1.4300284385681152,0.0014300284385681,143296,60
pud,equalize,551,1000,0.0005764961242675,1.4540729522705078,0.0014540729522705,145035,60
pud,equalize,552,1000,0.0005650520324707,1.473198652267456,0.0014731986522674,146010,60
pud,equalize,553,1000,0.0005903244018554,1.4433152675628662,0.0014433152675628,145862,60
pud,equalize,554,1000,0.0007157325744628,1.4861352443695068,0.0014861352443695,143506,60
pud,equalize,555,1000,0.0008044242858886,1.439211368560791,0.0014392113685607,145089,60
pud,equalize,556,1000,0.0005714893341064,1.4640495777130127,0.001464049577713,144890,60
pud,equalize,557,1000,0.0005676746368408,1.4328734874725342,0.0014328734874725,144954,60
pud,equalize,558,1000,0.0005800724029541,1.42087984085083,0.0014208798408508,143418,60
pud,equalize,559,1000,0.0007383823394775,1.5643513202667236,0.0015643513202667,144576,60
pud,equalize,560,1000,0.000704288482666,1.4349925518035889,0.0014349925518035,142049,60
pud,equalize,561,1000,0.0007102489471435,1.4340994358062744,0.0014340994358062,147197,60
pud,equalize,562,1000,0.0005438327789306,1.4377429485321045,0.0014377429485321,143956,60
pud,equalize,563,1000,0.0008409023284912,1.5068273544311523,0.0015068273544311,144268,60
pud,equalize,564,1000,0.0005574226379394,1.4392824172973633,0.0014392824172973,143389,60
pud,equalize,565,1000,0.0005631446838378,1.514370679855347,0.0015143706798553,144708,60
pud,equalize,566,1000,0.0006129741668701,1.451042413711548,0.0014510424137115,144374,60
pud,equalize,567,1000,0.0005710124969482,1.4217965602874756,0.0014217965602874,144442,60
pud,equalize,568,1000,0.0005624294281005,1.4381530284881592,0.0014381530284881,145327,60
pud,equalize,569,1000,0.0006101131439208,1.464989423751831,0.0014649894237518,143369,60
pud,equalize,570,1000,0.0006160736083984,1.5405030250549316,0.0015405030250549,144285,60
pud,equalize,571,1000,0.0008437633514404,1.5666682720184326,0.0015666682720184,146533,60
pud,equalize,572,1000,0.000624656677246,1.5067358016967771,0.0015067358016967,145191,60
pud,equalize,573,1000,0.0005724430084228,1.4251821041107178,0.0014251821041107,144787,60
pud,equalize,574,1000,0.0005702972412109,1.4772615432739258,0.0014772615432739,142604,60
pud,equalize,575,1000,0.0006477832794189,1.4339077472686768,0.0014339077472686,146367,60
pud,equalize,576,1000,0.000645637512207,1.5144877433776855,0.0015144877433776,144681,60
pud,equalize,577,1000,0.0007174015045166,1.549137830734253,0.0015491378307342,145054,60
pud,equalize,578,1000,0.001009464263916,1.424018383026123,0.0014240183830261,144043,60
pud,equalize,579,1000,0.0006945133209228,1.4722604751586914,0.0014722604751586,142899,60
pud,equalize,580,1000,0.0005643367767333,1.4126825332641602,0.0014126825332641,144972,60
pud,equalize,581,1000,0.0005702972412109,1.424051284790039,0.00142405128479,145224,60
pud,equalize,582,1000,0.0006227493286132,1.426006317138672,0.0014260063171386,144947,60
pud,equalize,583,1000,0.0006663799285888,1.4462051391601562,0.0014462051391601,146683,60
pud,equalize,584,1000,0.0006818771362304,1.4247236251831057,0.0014247236251831,145118,60
pud,equalize,585,1000,0.0007143020629882,1.4275381565093994,0.0014275381565093,144555,60
pud,equalize,586,1000,0.0006728172302246,1.424657106399536,0.0014246571063995,144494,60
pud,equalize,587,1000,0.000669240951538,1.545215129852295,0.0015452151298522,142934,60
pud,equalize,588,1000,0.000720739364624,1.476576805114746,0.0014765768051147,145043,60
pud,equalize,589,1000,0.0005652904510498,1.451496124267578,0.0014514961242675,145762,60
pud,equalize,590,1000,0.0007565021514892,1.4224350452423096,0.0014224350452423,143127,60
pud,equalize,591,1000,0.0006256103515625,1.4939372539520264,0.001493937253952,145589,60
pud,equalize,592,1000,0.0005638599395751,1.4806818962097168,0.0014806818962097,146530,60
pud,equalize,593,1000,0.0006446838378906,1.4565696716308594,0.0014565696716308,145615,60
pud,equalize,594,1000,0.0007355213165283,1.42584228515625,0.0014258422851562,143871,60
pud,equalize,595,1000,0.0006365776062011,1.4168474674224854,0.0014168474674224,146228,60
pud,equalize,596,1000,0.0006477832794189,1.4427862167358398,0.0014427862167358,144782,60
pud,equalize,597,1000,0.0006892681121826,1.4337971210479736,0.0014337971210479,144154,60
pud,equalize,598,1000,0.0006773471832275,1.44464111328125,0.0014446411132812,144669,60
pud,equalize,599,1000,0.0007069110870361,1.5054304599761963,0.0015054304599761,143154,60
pud,equalize,600,1000,0.0005855560302734,1.4368340969085691,0.0014368340969085,143148,60
pud,equalize,601,1000,0.0008072853088378,1.4026293754577637,0.0014026293754577,143590,60
pud,equalize,602,1000,0.0005621910095214,1.4176225662231443,0.0014176225662231,145601,60
pud,equalize,603,1000,0.0005609989166259,1.4724164009094238,0.0014724164009094,145224,60
pud,equalize,604,1000,0.0006332397460937,1.4840717315673828,0.0014840717315673,144276,60
pud,equalize,605,1000,0.0006489753723144,1.5507915019989014,0.0015507915019989,143765,60
pud,equalize,606,1000,0.0005552768707275,1.4322454929351809,0.0014322454929351,145125,60
pud,equalize,607,1000,0.0006282329559326,1.433767557144165,0.0014337675571441,145203,60
pud,equalize,608,1000,0.0006210803985595,1.445735216140747,0.0014457352161407,144870,60
pud,equalize,609,1000,0.0007159709930419,1.4157941341400146,0.00141579413414,144544,60
pud,equalize,610,1000,0.0006625652313232,1.4349372386932373,0.0014349372386932,146371,60
pud,equalize,611,1000,0.0005981922149658,1.4504196643829346,0.0014504196643829,145045,60
pud,equalize,612,1000,0.0005874633789062,1.430309772491455,0.0014303097724914,142713,60
pud,equalize,613,1000,0.0005652904510498,1.417522430419922,0.0014175224304199,143761,60
pud,equalize,614,1000,0.0006141662597656,1.4483745098114014,0.0014483745098114,144121,60
pud,equalize,615,1000,0.0006704330444335,1.4333481788635254,0.0014333481788635,144555,60
pud,equalize,616,1000,0.0006618499755859,1.4344444274902344,0.0014344444274902,145223,60
pud,equalize,617,1000,0.0006279945373535,1.4888858795166016,0.0014888858795166,144167,60
pud,equalize,618,1000,0.0005855560302734,1.4170312881469729,0.0014170312881469,144408,60
pud,equalize,619,1000,0.0005676746368408,1.4730310440063477,0.0014730310440063,145390,60
pud,equalize,620,1000,0.0006532669067382,1.4521756172180176,0.001452175617218,145543,60
pud,equalize,621,1000,0.0006332397460937,1.4348223209381104,0.0014348223209381,144967,60
pud,equalize,622,1000,0.0009918212890625,1.4181561470031738,0.0014181561470031,142312,60
pud,equalize,623,1000,0.0005764961242675,1.493808031082153,0.0014938080310821,143702,60
pud,equalize,624,1000,0.0007543563842773,1.4492576122283936,0.0014492576122283,146330,60
pud,equalize,625,1000,0.0008454322814941,1.4267520904541016,0.0014267520904541,144374,60
pud,equalize,626,1000,0.0005626678466796,1.4458916187286377,0.0014458916187286,144903,60
pud,equalize,627,1000,0.0006053447723388,1.4638915061950684,0.001463891506195,143818,60
pud,equalize,628,1000,0.0006730556488037,1.412466049194336,0.0014124660491943,143769,60
pud,equalize,629,1000,0.000645637512207,1.4188425540924072,0.0014188425540924,144194,60
pud,equalize,630,1000,0.0006144046783447,1.4796080589294434,0.0014796080589294,142367,60
pud,equalize,631,1000,0.0005209445953369,1.3929295539855957,0.0013929295539855,141990,60
pud,equalize,632,1000,0.0006310939788818,1.412170171737671,0.0014121701717376,143278,60
pud,equalize,633,1000,0.0006041526794433,1.460928440093994,0.0014609284400939,145547,60
pud,equalize,634,1000,0.000809907913208,1.4302051067352295,0.0014302051067352,144015,60
pud,equalize,635,1000,0.0010790824890136,1.514155387878418,0.0015141553878784,144250,60
pud,equalize,636,1000,0.0005979537963867,1.4330356121063232,0.0014330356121063,144900,60
pud,equalize,637,1000,0.0005815029144287,1.4361810684204102,0.0014361810684204,145547,60
pud,equalize,638,1000,0.0006940364837646,1.4747202396392822,0.0014747202396392,143050,60
pud,equalize,639,1000,0.0009865760803222,1.4719202518463137,0.0014719202518463,145750,60
pud,equalize,640,1000,0.0006420612335205,1.481865644454956,0.0014818656444549,143654,60
pud,equalize,641,1000,0.0005800724029541,1.436631679534912,0.0014366316795349,143812,60
pud,equalize,642,1000,0.0005748271942138,1.4855172634124756,0.0014855172634124,146118,60
pud,equalize,643,1000,0.0005836486816406,1.4410791397094729,0.0014410791397094,146235,60
pud,equalize,644,1000,0.0005147457122802,1.4513146877288818,0.0014513146877288,142791,60
pud,equalize,645,1000,0.0005948543548583,1.4236280918121338,0.0014236280918121,143816,60
pud,equalize,646,1000,0.0006413459777832,1.4271419048309326,0.0014271419048309,143644,60
pud,equalize,647,1000,0.0006730556488037,1.4455411434173584,0.0014455411434173,143971,60
pud,equalize,648,1000,0.0006430149078369,1.469888687133789,0.0014698886871337,145794,60
pud,equalize,649,1000,0.0006012916564941,1.4588534832000732,0.0014588534832,145392,60
pud,equalize,650,1000,0.0005617141723632,1.4305155277252195,0.0014305155277252,143732,60
pud,equalize,651,1000,0.0005953311920166,1.43538236618042,0.0014353823661804,144833,60
pud,equalize,652,1000,0.000690221786499,1.4682762622833252,0.0014682762622833,145356,60
pud,equalize,653,1000,0.0005469322204589,1.436634540557861,0.0014366345405578,146930,60
pud,equalize,654,1000,0.0007040500640869,1.4580612182617188,0.0014580612182617,146158,60
pud,equalize,655,1000,0.0006976127624511,1.4278721809387207,0.0014278721809387,143487,60
pud,equalize,656,1000,0.0005276203155517,1.441711187362671,0.0014417111873626,144362,60
pud,equalize,657,1000,0.0006074905395507,1.4288461208343506,0.0014288461208343,145126,60
pud,equalize,658,1000,0.0005934238433837,1.4657187461853027,0.0014657187461853,142779,60
pud,equalize,659,1000,0.0005357265472412,1.5074610710144043,0.0015074610710144,142839,60
pud,equalize,660,1000,0.0007326602935791,1.456366777420044,0.00145636677742,145955,60
pud,equalize,661,1000,0.0005686283111572,1.4177515506744385,0.0014177515506744,145660,60
pud,equalize,662,1000,0.0005669593811035,1.4364933967590332,0.001436493396759,144327,60
pud,equalize,663,1000,0.0006394386291503,1.4220521450042725,0.0014220521450042,145363,60
pud,equalize,664,1000,0.0005948543548583,1.4444372653961182,0.0014444372653961,144213,60
pud,equalize,665,1000,0.0006287097930908,1.410149335861206,0.0014101493358612,144434,60
pud,equalize,666,1000,0.0005655288696289,1.4261507987976074,0.0014261507987976,145968,60
pud,equalize,667,1000,0.0005927085876464,1.4574661254882812,0.0014574661254882,144425,60
pud,equalize,668,1000,0.0006468296051025,1.4265084266662598,0.0014265084266662,143561,60
pud,equalize,669,1000,0.0006806850433349,1.4565656185150146,0.001456565618515,143824,60
pud,equalize,670,1000,0.0005695819854736,1.430386304855347,0.0014303863048553,146074,60
pud,equalize,671,1000,0.0007095336914062,1.4323174953460691,0.001432317495346,143818,60
pud,equalize,672,1000,0.000619888305664,1.4367280006408691,0.0014367280006408,144113,60
pud,equalize,673,1000,0.0005829334259033,1.4323327541351318,0.0014323327541351,143167,60
pud,equalize,674,1000,0.0006802082061767,1.4142937660217283,0.0014142937660217,143058,60
pud,equalize,675,1000,0.000629186630249,1.4475038051605225,0.0014475038051605,144400,60
pud,equalize,676,1000,0.0006654262542724,1.4682879447937012,0.0014682879447937,144956,60
pud,equalize,677,1000,0.0005576610565185,1.446408748626709,0.0014464087486267,145266,60
pud,equalize,678,1000,0.0007104873657226,1.4607198238372805,0.0014607198238372,145267,60
pud,equalize,679,1000,0.0005295276641845,1.4726779460906982,0.0014726779460906,145234,60
pud,equalize,680,1000,0.0005333423614501,1.4541001319885254,0.0014541001319885,145843,60
pud,equalize,681,1000,0.0006525516510009,1.4446353912353516,0.0014446353912353,143039,60
pud,equalize,682,1000,0.0006854534149169,1.4418282508850098,0.001441828250885,143590,60
pud,equalize,683,1000,0.0005931854248046,1.501307487487793,0.0015013074874877,146050,60
pud,equalize,684,1000,0.0006301403045654,1.5167033672332764,0.0015167033672332,144478,60
pud,equalize,685,1000,0.0006475448608398,1.441803216934204,0.0014418032169342,143981,60
pud,equalize,686,1000,0.000643253326416,1.4839427471160889,0.001483942747116,143077,60
pud,equalize,687,1000,0.0007083415985107,1.44012451171875,0.0014401245117187,145083,60
pud,equalize,688,1000,0.0005795955657958,1.4482574462890625,0.001448257446289,143883,60
pud,equalize,689,1000,0.0006539821624755,1.4271817207336426,0.0014271817207336,145167,60
pud,equalize,690,1000,0.0006003379821777,1.4549238681793213,0.0014549238681793,143918,60
pud,equalize,691,1000,0.0007598400115966,1.500035047531128,0.0015000350475311,144677,60
pud,equalize,692,1000,0.0006313323974609,1.44311785697937,0.0014431178569793,144813,60
pud,equalize,693,1000,0.000699758529663,1.4757874011993408,0.0014757874011993,142632,60
pud,equalize,694,1000,0.0006933212280273,1.4601633548736572,0.0014601633548736,144102,60
pud,equalize,695,1000,0.0006103515625,1.443589687347412,0.0014435896873474,144231,60
pud,equalize,696,1000,0.0007102489471435,1.4501605033874512,0.0014501605033874,143571,60
pud,equalize,697,1000,0.0005838871002197,1.434044599533081,0.001434044599533,144749,60
pud,equalize,698,1000,0.0006530284881591,1.431931734085083,0.001431931734085,145771,60
pud,equalize,699,1000,0.0006797313690185,1.465327262878418,0.0014653272628784,145254,60
pud,equalize,700,1000,0.0006752014160156,1.5281012058258057,0.0015281012058258,143402,60
pud,equalize,701,1000,0.0005760192871093,1.4400699138641355,0.0014400699138641,144031,60
pud,equalize,702,1000,0.0006053447723388,1.4334299564361572,0.0014334299564361,143338,60
pud,equalize,703,1000,0.0005695819854736,1.4410138130187988,0.0014410138130187,145620,60
pud,equalize,704,1000,0.0008904933929443,1.4681012630462646,0.0014681012630462,145427,60
pud,equalize,705,1000,0.0006051063537597,1.4191255569458008,0.0014191255569458,145013,60
pud,equalize,706,1000,0.0006160736083984,1.4374537467956543,0.0014374537467956,144096,60
pud,equalize,707,1000,0.0006020069122314,1.481459140777588,0.0014814591407775,143971,60
pud,equalize,708,1000,0.0005896091461181,1.4137921333312988,0.0014137921333312,144585,60
pud,equalize,709,1000,0.0006749629974365,1.4337542057037354,0.0014337542057037,145298,60
pud,equalize,710,1000,0.0006873607635498,1.4260685443878174,0.0014260685443878,144575,60
pud,equalize,711,1000,0.0007314682006835,1.475167989730835,0.0014751679897308,144763,60
pud,equalize,712,1000,0.0006258487701416,1.4554519653320312,0.001455451965332,144215,60
pud,equalize,713,1000,0.0005617141723632,1.4820640087127686,0.0014820640087127,145572,60
pud,equalize,714,1000,0.0005600452423095,1.512852907180786,0.0015128529071807,143525,60
pud,equalize,715,1000,0.000683307647705,1.454392671585083,0.001454392671585,145223,60
pud,equalize,716,1000,0.0009188652038574,1.4250965118408203,0.0014250965118408,145614,60
pud,equalize,717,1000,0.0010113716125488,1.4382364749908447,0.0014382364749908,144049,60
pud,equalize,718,1000,0.0005664825439453,1.4361703395843506,0.0014361703395843,146091,60
pud,equalize,719,1000,0.0006678104400634,1.421079397201538,0.0014210793972015,142668,60
pud,equalize,720,1000,0.0005922317504882,1.463204860687256,0.0014632048606872,143848,60
pud,equalize,721,1000,0.0005626678466796,1.43292236328125,0.0014329223632812,143737,60
pud,equalize,722,1000,0.0005655288696289,1.4544756412506104,0.0014544756412506,144546,60
pud,equalize,723,1000,0.0005371570587158,1.4338605403900146,0.00143386054039,144010,60
pud,equalize,724,1000,0.0005881786346435,1.4156312942504885,0.0014156312942504,144427,60
pud,equalize,725,1000,0.0005633831024169,1.4440500736236572,0.0014440500736236,144237,60
pud,equalize,726,1000,0.000544786453247,1.436370849609375,0.0014363708496093,143579,60
pud,equalize,727,1000,0.000666856765747,1.437983751296997,0.0014379837512969,143818,60
pud,equalize,728,1000,0.0005621910095214,1.466240406036377,0.0014662404060363,145054,60
pud,equalize,729,1000,0.0005373954772949,1.4647176265716553,0.0014647176265716,145490,60
pud,equalize,730,1000,0.0006401538848876,1.443026065826416,0.0014430260658264,144434,60
pud,equalize,731,1000,0.0005674362182617,1.4415435791015625,0.0014415435791015,145839,60
pud,equalize,732,1000,0.0005290508270263,1.4968576431274414,0.0014968576431274,145447,60
pud,equalize,733,1000,0.0006158351898193,1.447296380996704,0.0014472963809967,143822,60
pud,equalize,734,1000,0.0006451606750488,1.486159324645996,0.0014861593246459,145621,60
pud,equalize,735,1000,0.0005483627319335,1.453376293182373,0.0014533762931823,142765,60
pud,equalize,736,1000,0.0006561279296875,1.4332702159881592,0.0014332702159881,145394,60
pud,equalize,737,1000,0.0005626678466796,1.4727566242218018,0.0014727566242218,144967,60
pud,equalize,738,1000,0.0005314350128173,1.4241836071014404,0.0014241836071014,142927,60
pud,equalize,739,1000,0.0006861686706542,1.4406516551971436,0.0014406516551971,145357,60
pud,equalize,740,1000,0.0007069110870361,1.4452409744262695,0.0014452409744262,144007,60
pud,equalize,741,1000,0.0006062984466552,1.4310235977172852,0.0014310235977172,144974,60
pud,equalize,742,1000,0.000603437423706,1.4883339405059814,0.0014883339405059,143817,60
pud,equalize,743,1000,0.000589370727539,1.4584729671478271,0.0014584729671478,144229,60
pud,equalize,744,1000,0.0007286071777343,1.4216723442077637,0.0014216723442077,144439,60
pud,equalize,745,1000,0.0006287097930908,1.4366655349731443,0.0014366655349731,143745,60
pud,equalize,746,1000,0.0005970001220703,1.4288086891174316,0.0014288086891174,144556,60
pud,equalize,747,1000,0.0006005764007568,1.44571852684021,0.0014457185268402,144193,60
pud,equalize,748,1000,0.0005466938018798,1.4470643997192385,0.0014470643997192,145350,60
pud,equalize,749,1000,0.0005745887756347,1.4478707313537598,0.0014478707313537,144026,60
pud,equalize,750,1000,0.000694990158081,1.413640022277832,0.0014136400222778,143781,60
pud,equalize,751,1000,0.0005519390106201,1.4480934143066406,0.0014480934143066,146236,60
pud,equalize,752,1000,0.0007271766662597,1.4399800300598145,0.0014399800300598,144226,60
pud,equalize,753,1000,0.000577688217163,1.4754271507263184,0.0014754271507263,142325,60
pud,equalize,754,1000,0.0005385875701904,1.443289279937744,0.0014432892799377,144802,60
pud,equalize,755,1000,0.0006725788116455,1.4377892017364502,0.0014377892017364,144087,60
pud,equalize,756,1000,0.0006506443023681,1.4892127513885498,0.0014892127513885,146604,60
pud,equalize,757,1000,0.0005121231079101,1.4383463859558103,0.0014383463859558,142532,60
pud,equalize,758,1000,0.0006477832794189,1.410198211669922,0.0014101982116699,141389,60
pud,equalize,759,1000,0.0005385875701904,1.4329302310943604,0.0014329302310943,146287,60
pud,equalize,760,1000,0.0006184577941894,1.5249619483947754,0.0015249619483947,145885,60
pud,equalize,761,1000,0.0006937980651855,1.4593775272369385,0.0014593775272369,143323,60
pud,equalize,762,1000,0.0006730556488037,1.447962999343872,0.0014479629993438,145363,60
pud,equalize,763,1000,0.0005626678466796,1.407620191574097,0.001407620191574,144192,60
pud,equalize,764,1000,0.0006146430969238,1.4113585948944092,0.0014113585948944,143490,60
pud,equalize,765,1000,0.0006544589996337,1.4481499195098877,0.0014481499195098,145394,60
pud,equalize,766,1000,0.0005595684051513,1.4232335090637207,0.0014232335090637,142770,60
pud,equalize,767,1000,0.0009448528289794,1.425279140472412,0.0014252791404724,143020,60
pud,equalize,768,1000,0.0006389617919921,1.4472002983093262,0.0014472002983093,143748,60
pud,equalize,769,1000,0.0005781650543212,1.4553227424621582,0.0014553227424621,143963,60
pud,equalize,770,1000,0.0010037422180175,1.4492666721343994,0.0014492666721343,143335,60
pud,equalize,771,1000,0.0005419254302978,1.4573895931243896,0.0014573895931243,145538,60
pud,equalize,772,1000,0.0005495548248291,1.461148977279663,0.0014611489772796,145399,60
pud,equalize,773,1000,0.0007283687591552,1.440983772277832,0.0014409837722778,143541,60
pud,equalize,774,1000,0.000584602355957,1.444160223007202,0.0014441602230072,143439,60
pud,equalize,775,1000,0.0006260871887207,1.4639544486999512,0.0014639544486999,145009,60
pud,equalize,776,1000,0.0007121562957763,1.4604480266571045,0.0014604480266571,144025,60
pud,equalize,777,1000,0.0006895065307617,1.478803634643555,0.0014788036346435,145538,60
pud,equalize,778,1000,0.0005531311035156,1.4650490283966064,0.0014650490283966,147013,60
pud,equalize,779,1000,0.001028299331665,1.4699413776397705,0.0014699413776397,143882,60
pud,equalize,780,1000,0.0006914138793945,1.5367865562438965,0.0015367865562438,146850,60
pud,equalize,781,1000,0.0009818077087402,1.443315505981445,0.0014433155059814,144332,60
pud,equalize,782,1000,0.000748872756958,1.5361559391021729,0.0015361559391021,145604,60
pud,equalize,783,1000,0.0010247230529785,1.4242055416107178,0.0014242055416107,144672,60
pud,equalize,784,1000,0.0010702610015869,1.4539315700531006,0.0014539315700531,144722,60
pud,equalize,785,1000,0.0005764961242675,1.443711519241333,0.0014437115192413,144811,60
pud,equalize,786,1000,0.0006091594696044,1.4226272106170654,0.001422627210617,143159,60
pud,equalize,787,1000,0.0006594657897949,1.4486119747161863,0.0014486119747161,145508,60
pud,equalize,788,1000,0.0006594657897949,1.445529222488403,0.0014455292224884,142023,60
pud,equalize,789,1000,0.000584602355957,1.4674296379089355,0.0014674296379089,143996,60
pud,equalize,790,1000,0.0006422996520996,1.4548423290252686,0.0014548423290252,144398,60
pud,equalize,791,1000,0.0006978511810302,1.4979894161224363,0.0014979894161224,144852,60
pud,equalize,792,1000,0.0005404949188232,1.4884631633758545,0.0014884631633758,145277,60
pud,equalize,793,1000,0.0005533695220947,1.4579298496246338,0.0014579298496246,146584,60
pud,equalize,794,1000,0.0006783008575439,1.414257287979126,0.0014142572879791,144122,60
pud,equalize,795,1000,0.0005128383636474,1.4303908348083496,0.0014303908348083,142343,60
pud,equalize,796,1000,0.0005662441253662,1.4499225616455078,0.0014499225616455,143920,60
pud,equalize,797,1000,0.0006575584411621,1.4046199321746826,0.0014046199321746,143989,60
pud,equalize,798,1000,0.000554084777832,1.4554319381713867,0.0014554319381713,143448,60
pud,equalize,799,1000,0.0005311965942382,1.4672105312347412,0.0014672105312347,144509,60
pud,equalize,800,1000,0.0006196498870849,1.4589290618896484,0.0014589290618896,143699,60
pud,equalize,801,1000,0.0007636547088623,1.5531833171844482,0.0015531833171844,145017,60
pud,equalize,802,1000,0.0009267330169677,1.4563336372375488,0.0014563336372375,143860,60
pud,equalize,803,1000,0.0010583400726318,1.489077091217041,0.001489077091217,145658,60
pud,equalize,804,1000,0.0005886554718017,1.4337234497070312,0.001433723449707,144879,60
pud,equalize,805,1000,0.0005762577056884,1.5117733478546145,0.0015117733478546,144103,60
pud,equalize,806,1000,0.0006489753723144,1.432973861694336,0.0014329738616943,145795,60
pud,equalize,807,1000,0.0008852481842041,1.4707152843475342,0.0014707152843475,145435,60
pud,equalize,808,1000,0.0010263919830322,1.529820203781128,0.0015298202037811,145766,60
pud,equalize,809,1000,0.0006124973297119,1.4784185886383057,0.0014784185886383,144412,60
pud,equalize,810,1000,0.000582218170166,1.4802608489990234,0.001480260848999,146309,60
pud,equalize,811,1000,0.0005290508270263,1.471463918685913,0.0014714639186859,145839,60
pud,equalize,812,1000,0.0007297992706298,1.4321691989898682,0.0014321691989898,144085,60
pud,equalize,813,1000,0.0005998611450195,1.4269955158233645,0.0014269955158233,143569,60
pud,equalize,814,1000,0.000605821609497,1.4238851070404053,0.0014238851070404,142046,60
pud,equalize,815,1000,0.00091552734375,1.4064733982086182,0.0014064733982086,143654,60
pud,equalize,816,1000,0.000664472579956,1.4642863273620603,0.001464286327362,143733,60
pud,equalize,817,1000,0.0006434917449951,1.4667205810546875,0.0014667205810546,143077,60
pud,equalize,818,1000,0.000737190246582,1.499389410018921,0.0014993894100189,144416,60
pud,equalize,819,1000,0.0006382465362548,1.4375250339508057,0.0014375250339508,143070,60
pud,equalize,820,1000,0.0005919933319091,1.4405896663665771,0.0014405896663665,144106,60
pud,equalize,821,1000,0.0009768009185791,1.565099000930786,0.0015650990009307,145883,60
pud,equalize,822,1000,0.0005769729614257,1.4447824954986572,0.0014447824954986,145513,60
pud,equalize,823,1000,0.0007717609405517,1.4592361450195312,0.0014592361450195,143943,60
pud,equalize,824,1000,0.0006475448608398,1.452160358428955,0.0014521603584289,145783,60
pud,equalize,825,1000,0.0005974769592285,1.4276230335235596,0.0014276230335235,144906,60
pud,equalize,826,1000,0.0005164146423339,1.4612014293670654,0.001461201429367,143308,60
pud,equalize,827,1000,0.00069260597229,1.508666753768921,0.0015086667537689,143364,60
pud,equalize,828,1000,0.0006518363952636,1.420971155166626,0.0014209711551666,143540,60
pud,equalize,829,1000,0.0006475448608398,1.4156358242034912,0.0014156358242034,143046,60
pud,equalize,830,1000,0.0007538795471191,1.4515745639801023,0.0014515745639801,144586,60
pud,equalize,831,1000,0.0007097721099853,1.4609417915344238,0.0014609417915344,147786,60
pud,equalize,832,1000,0.0005373954772949,1.4592955112457275,0.0014592955112457,143733,60
pud,equalize,833,1000,0.000596284866333,1.4708764553070068,0.001470876455307,144741,60
pud,equalize,834,1000,0.0007228851318359,1.4679484367370603,0.001467948436737,144092,60
pud,equalize,835,1000,0.0005922317504882,1.4518179893493652,0.0014518179893493,144281,60
pud,equalize,836,1000,0.0007054805755615,1.5589830875396729,0.0015589830875396,143609,60
pud,equalize,837,1000,0.000612735748291,1.445133924484253,0.0014451339244842,144979,60
pud,equalize,838,1000,0.0005249977111816,1.4996883869171145,0.0014996883869171,144948,60
pud,equalize,839,1000,0.0005877017974853,1.431905746459961,0.0014319057464599,143252,60
pud,equalize,840,1000,0.0006041526794433,1.5619220733642578,0.0015619220733642,144733,60
pud,equalize,841,1000,0.0009927749633789,1.4428656101226809,0.0014428656101226,144827,60
pud,equalize,842,1000,0.0010089874267578,1.4492437839508057,0.0014492437839508,145308,60
pud,equalize,843,1000,0.0009949207305908,1.4195096492767334,0.0014195096492767,144076,60
pud,equalize,844,1000,0.0005609989166259,1.4549682140350342,0.001454968214035,143993,60
pud,equalize,845,1000,0.0005991458892822,1.4551796913146973,0.0014551796913146,145123,60
pud,equalize,846,1000,0.0005946159362792,1.4596738815307615,0.0014596738815307,144174,60
pud,equalize,847,1000,0.0006554126739501,1.5070598125457764,0.0015070598125457,145988,60
pud,equalize,848,1000,0.0005955696105957,1.4710402488708496,0.0014710402488708,144297,60
pud,equalize,849,1000,0.0006093978881835,1.4423859119415283,0.0014423859119415,144439,60
pud,equalize,850,1000,0.0006542205810546,1.4302608966827393,0.0014302608966827,144528,60
pud,equalize,851,1000,0.0005817413330078,1.5271074771881104,0.0015271074771881,145408,60
pud,equalize,852,1000,0.0006730556488037,1.424252986907959,0.0014242529869079,144418,60
pud,equalize,853,1000,0.0006752014160156,1.4464595317840576,0.001446459531784,143516,60
pud,equalize,854,1000,0.0005698204040527,1.4561095237731934,0.0014561095237731,143886,60
pud,equalize,855,1000,0.0007340908050537,1.452888250350952,0.0014528882503509,144097,60
pud,equalize,856,1000,0.0005042552947998,1.4483485221862793,0.0014483485221862,144947,60
pud,equalize,857,1000,0.0007591247558593,1.56396222114563,0.0015639622211456,143136,60
pud,equalize,858,1000,0.0005710124969482,1.448786973953247,0.0014487869739532,145795,60
pud,equalize,859,1000,0.000556468963623,1.4890284538269043,0.0014890284538269,143000,60
pud,equalize,860,1000,0.0005619525909423,1.4137184619903564,0.0014137184619903,143459,60
pud,equalize,861,1000,0.0006759166717529,1.4876348972320557,0.001487634897232,145095,60
pud,equalize,862,1000,0.0005652904510498,1.4249138832092283,0.0014249138832092,143914,60
pud,equalize,863,1000,0.0006170272827148,1.4522039890289309,0.0014522039890289,143200,60
pud,equalize,864,1000,0.0006396770477294,1.5020596981048584,0.0015020596981048,145985,60
pud,equalize,865,1000,0.00059175491333,1.451563596725464,0.0014515635967254,146153,60
pud,equalize,866,1000,0.0006096363067626,1.4555156230926514,0.0014555156230926,145895,60
pud,equalize,867,1000,0.0005874633789062,1.5017271041870115,0.001501727104187,144814,60
pud,equalize,868,1000,0.0006036758422851,1.4655873775482178,0.0014655873775482,145145,60
pud,equalize,869,1000,0.0007092952728271,1.4877088069915771,0.0014877088069915,143123,60
pud,equalize,870,1000,0.000535249710083,1.487539768218994,0.0014875397682189,145906,60
pud,equalize,871,1000,0.0006201267242431,1.490880012512207,0.0014908800125122,142887,60
pud,equalize,872,1000,0.0006144046783447,1.460594892501831,0.0014605948925018,144024,60
pud,equalize,873,1000,0.0005736351013183,1.45947527885437,0.0014594752788543,144942,60
pud,equalize,874,1000,0.0005545616149902,1.4383172988891602,0.0014383172988891,145788,60
pud,equalize,875,1000,0.0006196498870849,1.4681272506713867,0.0014681272506713,144060,60
pud,equalize,876,1000,0.0005533695220947,1.4211604595184326,0.0014211604595184,143521,60
pud,equalize,877,1000,0.0006599426269531,1.4984972476959229,0.0014984972476959,144155,60
pud,equalize,878,1000,0.0006000995635986,1.452460765838623,0.0014524607658386,144631,60
pud,equalize,879,1000,0.0006067752838134,1.4561543464660645,0.001456154346466,143996,60
pud,equalize,880,1000,0.0005319118499755,1.45666241645813,0.0014566624164581,145146,60
pud,equalize,881,1000,0.0006721019744873,1.4373388290405271,0.0014373388290405,143249,60
pud,equalize,882,1000,0.0006022453308105,1.450622797012329,0.0014506227970123,145633,60
pud,equalize,883,1000,0.0005879402160644,1.5074996948242188,0.0015074996948242,142592,60
pud,equalize,884,1000,0.0005817413330078,1.4623961448669434,0.0014623961448669,144086,60
pud,equalize,885,1000,0.0009868144989013,1.5263285636901855,0.0015263285636901,145133,60
pud,equalize,886,1000,0.0006389617919921,1.4097089767456057,0.0014097089767456,143471,60
pud,equalize,887,1000,0.0007193088531494,1.4749422073364258,0.0014749422073364,145540,60
pud,equalize,888,1000,0.0006916522979736,1.4252629280090332,0.001425262928009,145995,60
pud,equalize,889,1000,0.0005505084991455,1.4352939128875732,0.0014352939128875,145510,60
pud,equalize,890,1000,0.0006837844848632,1.490947961807251,0.0014909479618072,143606,60
pud,equalize,891,1000,0.0006282329559326,1.4827969074249268,0.0014827969074249,143953,60
pud,equalize,892,1000,0.0005469322204589,1.4426600933074951,0.0014426600933074,145162,60
pud,equalize,893,1000,0.0009050369262695,1.4273009300231934,0.0014273009300231,145633,60
pud,equalize,894,1000,0.000626802444458,1.434931993484497,0.0014349319934844,143944,60
pud,equalize,895,1000,0.0007534027099609,1.4490516185760498,0.001449051618576,144656,60
pud,equalize,896,1000,0.0006587505340576,1.430697679519653,0.0014306976795196,146567,60
pud,equalize,897,1000,0.0009183883666992,1.4916326999664309,0.0014916326999664,146959,60
pud,equalize,898,1000,0.000547170639038,1.4462769031524658,0.0014462769031524,145038,60
pud,equalize,899,1000,0.0006256103515625,1.4633326530456543,0.0014633326530456,145114,60
pud,equalize,900,1000,0.000565767288208,1.502246379852295,0.0015022463798522,145770,60
pud,equalize,901,1000,0.0005800724029541,1.4577295780181885,0.0014577295780181,146209,60
pud,equalize,902,1000,0.0006165504455566,1.4906797409057615,0.0014906797409057,144044,60
pud,equalize,903,1000,0.000669240951538,1.4660065174102783,0.0014660065174102,145541,60
pud,equalize,904,1000,0.0005781650543212,1.4344663619995115,0.0014344663619995,144962,60
pud,equalize,905,1000,0.0006279945373535,1.444530725479126,0.0014445307254791,144591,60
pud,equalize,906,1000,0.0005669593811035,1.4713194370269775,0.0014713194370269,144177,60
pud,equalize,907,1000,0.0006029605865478,1.5017879009246826,0.0015017879009246,145400,60
pud,equalize,908,1000,0.0006506443023681,1.4316256046295166,0.0014316256046295,142782,60
pud,equalize,909,1000,0.0005428791046142,1.4320509433746338,0.0014320509433746,143035,60
pud,equalize,910,1000,0.0005249977111816,1.431403636932373,0.0014314036369323,143600,60
pud,equalize,911,1000,0.0006375312805175,1.4846768379211426,0.0014846768379211,143596,60
pud,equalize,912,1000,0.0005507469177246,1.455195426940918,0.0014551954269409,144167,60
pud,equalize,913,1000,0.0006442070007324,1.4463469982147217,0.0014463469982147,143889,60
pud,equalize,914,1000,0.0007686614990234,1.4502670764923096,0.0014502670764923,143709,60
pud,equalize,915,1000,0.0006577968597412,1.4555654525756836,0.0014555654525756,143271,60
pud,equalize,916,1000,0.0005555152893066,1.4705297946929932,0.0014705297946929,145933,60
pud,equalize,917,1000,0.0007903575897216,1.4367811679840088,0.001436781167984,145067,60
pud,equalize,918,1000,0.0005567073822021,1.437725305557251,0.0014377253055572,145236,60
pud,equalize,919,1000,0.0005521774291992,1.457935810089111,0.0014579358100891,146087,60
pud,equalize,920,1000,0.0006804466247558,1.43796968460083,0.0014379696846008,145482,60
pud,equalize,921,1000,0.0005521774291992,1.449333667755127,0.0014493336677551,146719,60
pud,equalize,922,1000,0.0005342960357666,1.4270708560943604,0.0014270708560943,144453,60
pud,equalize,923,1000,0.0006542205810546,1.482790470123291,0.0014827904701232,145292,60
pud,equalize,924,1000,0.0005495548248291,1.433909893035889,0.0014339098930358,143890,60
pud,equalize,925,1000,0.0010058879852294,1.435925006866455,0.0014359250068664,143957,60
pud,equalize,926,1000,0.0005595684051513,1.4651546478271484,0.0014651546478271,145808,60
pud,equalize,927,1000,0.0009610652923583,1.4418542385101318,0.0014418542385101,143458,60
pud,equalize,928,1000,0.0005683898925781,1.43475341796875,0.0014347534179687,142930,60
pud,equalize,929,1000,0.0005557537078857,1.4318397045135498,0.0014318397045135,145975,60
pud,equalize,930,1000,0.0005710124969482,1.4578287601470947,0.001457828760147,144596,60
pud,equalize,931,1000,0.0006916522979736,1.4495160579681396,0.0014495160579681,143640,60
pud,equalize,932,1000,0.0007078647613525,1.4543907642364502,0.0014543907642364,145492,60
pud,equalize,933,1000,0.0006892681121826,1.430525541305542,0.0014305255413055,146201,60
pud,equalize,934,1000,0.0005702972412109,1.4361608028411863,0.0014361608028411,144269,60
pud,equalize,935,1000,0.0006225109100341,1.430741548538208,0.0014307415485382,146515,60
pud,equalize,936,1000,0.0006625652313232,1.4449350833892822,0.0014449350833892,143300,60
pud,equalize,937,1000,0.0005688667297363,1.4563696384429932,0.0014563696384429,147559,60
pud,equalize,938,1000,0.0005309581756591,1.428335189819336,0.0014283351898193,145165,60
pud,equalize,939,1000,0.0005850791931152,1.4523162841796875,0.0014523162841796,144725,60
pud,equalize,940,1000,0.0005946159362792,1.441087245941162,0.0014410872459411,144003,60
pud,equalize,941,1000,0.0005693435668945,1.522204875946045,0.001522204875946,144784,60
pud,equalize,942,1000,0.0005831718444824,1.4474997520446775,0.0014474997520446,145084,60
pud,equalize,943,1000,0.0009655952453613,1.4435503482818604,0.0014435503482818,143741,60
pud,equalize,944,1000,0.0006470680236816,1.4207277297973633,0.0014207277297973,142703,60
pud,equalize,945,1000,0.0006768703460693,1.487879753112793,0.0014878797531127,145463,60
pud,equalize,946,1000,0.0007269382476806,1.439708948135376,0.0014397089481353,145844,60
pud,equalize,947,1000,0.0005850791931152,1.45137357711792,0.0014513735771179,141920,60
pud,equalize,948,1000,0.0005631446838378,1.4345250129699707,0.0014345250129699,144734,60
pud,equalize,949,1000,0.0006880760192871,1.420469045639038,0.001420469045639,143316,60
pud,equalize,950,1000,0.0006470680236816,1.4531657695770264,0.001453165769577,142748,60
pud,equalize,951,1000,0.0005536079406738,1.4527177810668943,0.0014527177810668,144183,60
pud,equalize,952,1000,0.000701904296875,1.4500925540924072,0.0014500925540924,141974,60
pud,equalize,953,1000,0.0005767345428466,1.44604754447937,0.0014460475444793,145569,60
pud,equalize,954,1000,0.0005345344543457,1.428032636642456,0.0014280326366424,143444,60
pud,equalize,955,1000,0.0006556510925292,1.528367280960083,0.00152836728096,144252,60
pud,equalize,956,1000,0.0005848407745361,1.4513189792633057,0.0014513189792633,144477,60
pud,equalize,957,1000,0.0006148815155029,1.451216220855713,0.0014512162208557,144010,60
pud,equalize,958,1000,0.0005891323089599,1.432850360870361,0.0014328503608703,144651,60
pud,equalize,959,1000,0.0007514953613281,1.5129361152648926,0.0015129361152648,145005,60
pud,equalize,960,1000,0.00054931640625,1.4253966808319092,0.0014253966808319,144771,60
pud,equalize,961,1000,0.0005955696105957,1.422703504562378,0.0014227035045623,144695,60
pud,equalize,962,1000,0.0005857944488525,1.492876052856445,0.0014928760528564,145554,60
pud,equalize,963,1000,0.0006885528564453,1.443009376525879,0.0014430093765258,144029,60
pud,equalize,964,1000,0.0005888938903808,1.4602069854736328,0.0014602069854736,144789,60
pud,equalize,965,1000,0.0006487369537353,1.4951105117797852,0.0014951105117797,144865,60
pud,equalize,966,1000,0.0005481243133544,1.4515266418457031,0.0014515266418457,148537,60
pud,equalize,967,1000,0.0006072521209716,1.4569950103759766,0.0014569950103759,146368,60
pud,equalize,968,1000,0.0005648136138916,1.4776766300201416,0.0014776766300201,146937,60
pud,equalize,969,1000,0.0005326271057128,1.4354979991912842,0.0014354979991912,145879,60
pud,equalize,970,1000,0.0006966590881347,1.433932542800903,0.0014339325428009,145332,60
pud,equalize,971,1000,0.0005538463592529,1.4408485889434814,0.0014408485889434,142351,60
pud,equalize,972,1000,0.000565767288208,1.4309463500976562,0.0014309463500976,144153,60
pud,equalize,973,1000,0.0006434917449951,1.429657220840454,0.0014296572208404,144773,60
pud,equalize,974,1000,0.0006711483001708,1.4187889099121094,0.0014187889099121,145802,60
pud,equalize,975,1000,0.0006005764007568,1.4381866455078125,0.0014381866455078,145654,60
pud,equalize,976,1000,0.0006823539733886,1.43823504447937,0.0014382350444793,143722,60
pud,equalize,977,1000,0.0009951591491699,1.431058406829834,0.0014310584068298,143208,60
pud,equalize,978,1000,0.0007288455963134,1.463197946548462,0.0014631979465484,143808,60
pud,equalize,979,1000,0.0006053447723388,1.4513256549835205,0.0014513256549835,142876,60
pud,equalize,980,1000,0.0006775856018066,1.4494872093200684,0.00144948720932,145296,60
pud,equalize,981,1000,0.0006389617919921,1.4397127628326416,0.0014397127628326,143535,60
pud,equalize,982,1000,0.0006124973297119,1.4584128856658936,0.0014584128856658,144404,60
pud,equalize,983,1000,0.0005698204040527,1.4720330238342283,0.0014720330238342,145279,60
pud,equalize,984,1000,0.0006418228149414,1.448669672012329,0.0014486696720123,144831,60
pud,equalize,985,1000,0.0007112026214599,1.427015781402588,0.0014270157814025,143652,60
pud,equalize,986,1000,0.0005831718444824,1.4387421607971191,0.0014387421607971,146011,60
pud,equalize,987,1000,0.0005648136138916,1.422447919845581,0.0014224479198455,144093,60
pud,equalize,988,1000,0.0006942749023437,1.4223158359527588,0.0014223158359527,143979,60
pud,equalize,989,1000,0.0006489753723144,1.4408612251281738,0.0014408612251281,145046,60
pud,equalize,990,1000,0.0006425380706787,1.4769830703735352,0.0014769830703735,144837,60
pud,equalize,991,1000,0.0006392002105712,1.4363157749176023,0.0014363157749176,143332,60
pud,equalize,992,1000,0.0005774497985839,1.4333255290985107,0.0014333255290985,147249,60
pud,equalize,993,1000,0.0005879402160644,1.4656758308410645,0.001465675830841,144586,60
pud,equalize,994,1000,0.0006487369537353,1.4415593147277832,0.0014415593147277,143728,60
pud,equalize,995,1000,0.0006823539733886,1.5014514923095703,0.0015014514923095,145081,60
pud,equalize,996,1000,0.0005378723144531,1.4397614002227783,0.0014397614002227,143528,60
pud,equalize,997,1000,0.0006270408630371,1.4394958019256592,0.0014394958019256,145306,60
pud,equalize,998,1000,0.0005576610565185,1.4290993213653564,0.0014290993213653,145436,60
pud,equalize,999,1000,0.0006933212280273,1.4813451766967771,0.0014813451766967,144921,60
tobacco,equalize,0,1000,0.0012581348419189,1.751948595046997,0.0017519485950469,174851,60
tobacco,equalize,1,1000,0.0012109279632568,1.7520086765289309,0.0017520086765289,177076,60
tobacco,equalize,2,1000,0.0012996196746826,1.8014836311340328,0.001801483631134,174215,60
tobacco,equalize,3,1000,0.00128173828125,1.816827774047852,0.0018168277740478,174196,60
tobacco,equalize,4,1000,0.0016539096832275,1.8461339473724363,0.0018461339473724,171714,60
tobacco,equalize,5,1000,0.0011374950408935,1.776076316833496,0.0017760763168334,176200,60
tobacco,equalize,6,1000,0.0015246868133544,1.7841699123382568,0.0017841699123382,175676,60
tobacco,equalize,7,1000,0.0013110637664794,1.784705638885498,0.0017847056388854,175324,60
tobacco,equalize,8,1000,0.0012893676757812,1.858442306518555,0.0018584423065185,173372,60
tobacco,equalize,9,1000,0.0012896060943603,1.96651554107666,0.0019665155410766,175065,60
tobacco,equalize,10,1000,0.0015861988067626,1.9247827529907229,0.0019247827529907,175487,60
tobacco,equalize,11,1000,0.001457929611206,1.8059794902801516,0.0018059794902801,172762,60
tobacco,equalize,12,1000,0.0013997554779052,2.043556928634644,0.0020435569286346,174829,60
tobacco,equalize,13,1000,0.0013155937194824,2.453108310699463,0.0024531083106994,172149,60
tobacco,equalize,14,1000,0.0011734962463378,2.4664182662963867,0.0024664182662963,176618,60
tobacco,equalize,15,1000,0.0013895034790039,2.44439435005188,0.0024443943500518,174431,60
tobacco,equalize,16,1000,0.0012688636779785,2.5286786556243896,0.0025286786556243,175701,60
tobacco,equalize,17,1000,0.0012209415435791,2.502872943878174,0.0025028729438781,174423,60
tobacco,equalize,18,1000,0.00136399269104,2.403648853302002,0.002403648853302,172323,60
tobacco,equalize,19,1000,0.0011970996856689,2.4805917739868164,0.0024805917739868,174112,60
tobacco,equalize,20,1000,0.0011231899261474,1.7897224426269531,0.0017897224426269,175629,60
tobacco,equalize,21,1000,0.001396894454956,1.763521671295166,0.0017635216712951,173910,60
tobacco,equalize,22,1000,0.0012991428375244,1.7736146450042725,0.0017736146450042,174805,60
tobacco,equalize,23,1000,0.0011827945709228,1.7697312831878662,0.0017697312831878,172982,60
tobacco,equalize,24,1000,0.0014090538024902,1.7973110675811768,0.0017973110675811,176423,60
tobacco,equalize,25,1000,0.0013322830200195,1.7940125465393066,0.0017940125465393,174816,60
tobacco,equalize,26,1000,0.0012962818145751,1.8028149604797363,0.0018028149604797,177483,60
tobacco,equalize,27,1000,0.0013344287872314,1.7713234424591064,0.0017713234424591,173820,60
tobacco,equalize,28,1000,0.0013606548309326,1.7918932437896729,0.0017918932437896,176179,60
tobacco,equalize,29,1000,0.001204490661621,1.7723424434661863,0.0017723424434661,173968,60
tobacco,equalize,30,1000,0.0014054775238037,1.7519416809082031,0.0017519416809082,172627,60
tobacco,equalize,31,1000,0.0012319087982177,1.7531404495239258,0.0017531404495239,173225,60
tobacco,equalize,32,1000,0.0012125968933105,1.865983486175537,0.0018659834861755,175782,60
tobacco,equalize,33,1000,0.0014164447784423,1.753123760223389,0.0017531237602233,174128,60
tobacco,equalize,34,1000,0.0013024806976318,1.7720277309417725,0.0017720277309417,174847,60
tobacco,equalize,35,1000,0.0013725757598876,1.8620824813842771,0.0018620824813842,174301,60
tobacco,equalize,36,1000,0.0013771057128906,1.7712631225585938,0.0017712631225585,173083,60
tobacco,equalize,37,1000,0.0013694763183593,1.897655963897705,0.0018976559638977,173992,60
tobacco,equalize,38,1000,0.0012586116790771,1.7549269199371338,0.0017549269199371,172400,60
tobacco,equalize,39,1000,0.0013062953948974,1.7594034671783447,0.0017594034671783,173125,60
tobacco,equalize,40,1000,0.001284122467041,1.7650902271270752,0.001765090227127,172304,60
tobacco,equalize,41,1000,0.0011625289916992,1.7766473293304443,0.0017766473293304,176205,60
tobacco,equalize,42,1000,0.0013706684112548,1.7644085884094238,0.0017644085884094,172611,60
tobacco,equalize,43,1000,0.001220703125,1.775442361831665,0.0017754423618316,174435,60
tobacco,equalize,44,1000,0.0012311935424804,1.7475218772888184,0.0017475218772888,172558,60
tobacco,equalize,45,1000,0.0013506412506103,1.7509496212005615,0.0017509496212005,171332,60
tobacco,equalize,46,1000,0.0012953281402587,1.7974200248718262,0.0017974200248718,175772,60
tobacco,equalize,47,1000,0.0012111663818359,1.771111011505127,0.0017711110115051,174808,60
tobacco,equalize,48,1000,0.0013582706451416,1.7653777599334717,0.0017653777599334,173737,60
tobacco,equalize,49,1000,0.00115966796875,1.785630226135254,0.0017856302261352,176497,60
tobacco,equalize,50,1000,0.0011613368988037,1.827076196670532,0.0018270761966705,174964,60
tobacco,equalize,51,1000,0.0013544559478759,1.8197476863861084,0.0018197476863861,175683,60
tobacco,equalize,52,1000,0.0012903213500976,1.779177188873291,0.0017791771888732,173026,60
tobacco,equalize,53,1000,0.0012834072113037,1.761665105819702,0.0017616651058197,174511,60
tobacco,equalize,54,1000,0.0017480850219726,1.7674603462219238,0.0017674603462219,174342,60
tobacco,equalize,55,1000,0.0011863708496093,1.753483772277832,0.0017534837722778,175013,60
tobacco,equalize,56,1000,0.001296043395996,1.7649390697479248,0.0017649390697479,173924,60
tobacco,equalize,57,1000,0.0014975070953369,1.7899022102355957,0.0017899022102355,176252,60
tobacco,equalize,58,1000,0.0012445449829101,1.7874276638031006,0.0017874276638031,173751,60
tobacco,equalize,59,1000,0.0011146068572998,1.7675409317016602,0.0017675409317016,176021,60
tobacco,equalize,60,1000,0.0014271736145019,1.7978944778442385,0.0017978944778442,176570,60
tobacco,equalize,61,1000,0.0015923976898193,1.765416145324707,0.0017654161453247,172361,60
tobacco,equalize,62,1000,0.0012257099151611,1.772512912750244,0.0017725129127502,173551,60
tobacco,equalize,63,1000,0.0013515949249267,1.7817482948303225,0.0017817482948303,174470,60
tobacco,equalize,64,1000,0.0013332366943359,1.8016798496246336,0.0018016798496246,174805,60
tobacco,equalize,65,1000,0.0011348724365234,1.7691092491149902,0.0017691092491149,176329,60
tobacco,equalize,66,1000,0.0013988018035888,1.7893953323364258,0.0017893953323364,173237,60
tobacco,equalize,67,1000,0.0012111663818359,1.755378246307373,0.0017553782463073,172882,60
tobacco,equalize,68,1000,0.0012080669403076,1.7766473293304443,0.0017766473293304,173598,60
tobacco,equalize,69,1000,0.0014417171478271,1.7792160511016846,0.0017792160511016,175877,60
tobacco,equalize,70,1000,0.0012423992156982,1.8106098175048828,0.0018106098175048,175746,60
tobacco,equalize,71,1000,0.001133918762207,1.7706284523010254,0.001770628452301,173598,60
tobacco,equalize,72,1000,0.0013172626495361,1.8074383735656736,0.0018074383735656,174843,60
tobacco,equalize,73,1000,0.001162052154541,1.7929601669311523,0.0017929601669311,175699,60
tobacco,equalize,74,1000,0.0012004375457763,1.7559237480163574,0.0017559237480163,175524,60
tobacco,equalize,75,1000,0.0012958049774169,1.7447450160980225,0.001744745016098,172360,60
tobacco,equalize,76,1000,0.0011203289031982,1.770353078842163,0.0017703530788421,172875,60
tobacco,equalize,77,1000,0.0012309551239013,1.7569403648376465,0.0017569403648376,171967,60
tobacco,equalize,78,1000,0.001413345336914,1.7557992935180664,0.001755799293518,173908,60
tobacco,equalize,79,1000,0.001105785369873,1.819450616836548,0.0018194506168365,176748,60
tobacco,equalize,80,1000,0.0011255741119384,1.7734050750732422,0.0017734050750732,174192,60
tobacco,equalize,81,1000,0.001387596130371,1.8671691417694087,0.0018671691417694,177442,60
tobacco,equalize,82,1000,0.0011179447174072,1.8317205905914309,0.0018317205905914,175177,60
tobacco,equalize,83,1000,0.0012068748474121,1.752366542816162,0.0017523665428161,174254,60
tobacco,equalize,84,1000,0.0014357566833496,1.7887873649597168,0.0017887873649597,175659,60
tobacco,equalize,85,1000,0.0011887550354003,1.8166863918304443,0.0018166863918304,175149,60
tobacco,equalize,86,1000,0.0010979175567626,1.7683541774749756,0.0017683541774749,176032,60
tobacco,equalize,87,1000,0.0013899803161621,1.764096736907959,0.0017640967369079,173836,60
tobacco,equalize,88,1000,0.0011684894561767,1.801729202270508,0.0018017292022705,173558,60
tobacco,equalize,89,1000,0.0011067390441894,1.7621958255767822,0.0017621958255767,174561,60
tobacco,equalize,90,1000,0.0013201236724853,1.785454273223877,0.0017854542732238,174639,60
tobacco,equalize,91,1000,0.0010726451873779,1.7871127128601074,0.0017871127128601,173263,60
tobacco,equalize,92,1000,0.0011005401611328,1.774885654449463,0.0017748856544494,175159,60
tobacco,equalize,93,1000,0.00144624710083,1.7644176483154297,0.0017644176483154,173960,60
tobacco,equalize,94,1000,0.0012204647064208,1.8537230491638184,0.0018537230491638,175216,60
tobacco,equalize,95,1000,0.0011184215545654,1.7587966918945312,0.0017587966918945,175309,60
tobacco,equalize,96,1000,0.0014336109161376,1.747675895690918,0.0017476758956909,173330,60
tobacco,equalize,97,1000,0.0011682510375976,1.755286455154419,0.0017552864551544,175345,60
tobacco,equalize,98,1000,0.0013010501861572,1.7465605735778809,0.0017465605735778,174847,60
tobacco,equalize,99,1000,0.0014519691467285,1.754176139831543,0.0017541761398315,175217,60
tobacco,equalize,100,1000,0.0011358261108398,1.8598425388336184,0.0018598425388336,176608,60
tobacco,equalize,101,1000,0.0011241436004638,1.7381792068481443,0.0017381792068481,174241,60
tobacco,equalize,102,1000,0.0014400482177734,1.82073974609375,0.0018207397460937,175463,60
tobacco,equalize,103,1000,0.001145601272583,1.7770326137542725,0.0017770326137542,176176,60
tobacco,equalize,104,1000,0.0011076927185058,1.861083984375,0.001861083984375,174127,60
tobacco,equalize,105,1000,0.0015029907226562,1.8750367164611816,0.0018750367164611,174416,60
tobacco,equalize,106,1000,0.001096487045288,1.848328113555908,0.0018483281135559,174995,60
tobacco,equalize,107,1000,0.0011861324310302,1.8629162311553955,0.0018629162311553,176712,60
tobacco,equalize,108,1000,0.0014958381652832,1.8034305572509768,0.0018034305572509,175758,60
tobacco,equalize,109,1000,0.0010902881622314,1.790493726730347,0.0017904937267303,174033,60
tobacco,equalize,110,1000,0.0010988712310791,1.759788990020752,0.0017597889900207,174300,60
tobacco,equalize,111,1000,0.0014910697937011,1.8803656101226809,0.0018803656101226,175270,60
tobacco,equalize,112,1000,0.00146484375,1.8281340599060056,0.001828134059906,177158,60
tobacco,equalize,113,1000,0.0011250972747802,1.7601215839385986,0.0017601215839385,176606,60
tobacco,equalize,114,1000,0.001326560974121,1.822831630706787,0.0018228316307067,174866,60
tobacco,equalize,115,1000,0.0011389255523681,1.7792582511901855,0.0017792582511901,175723,60
tobacco,equalize,116,1000,0.0012638568878173,1.752922773361206,0.0017529227733612,177363,60
tobacco,equalize,117,1000,0.0016617774963378,1.7976160049438477,0.0017976160049438,176075,60
tobacco,equalize,118,1000,0.0013797283172607,1.80673623085022,0.0018067362308502,175523,60
tobacco,equalize,119,1000,0.0011179447174072,1.8003909587860107,0.001800390958786,174829,60
tobacco,equalize,120,1000,0.0013418197631835,1.7562518119812012,0.0017562518119812,171725,60
tobacco,equalize,121,1000,0.0011887550354003,1.7529375553131104,0.0017529375553131,175857,60
tobacco,equalize,122,1000,0.0010976791381835,1.7917017936706543,0.0017917017936706,177106,60
tobacco,equalize,123,1000,0.0014410018920898,1.7796087265014648,0.0017796087265014,176284,60
tobacco,equalize,124,1000,0.0011181831359863,1.7800397872924805,0.0017800397872924,172769,60
tobacco,equalize,125,1000,0.0010986328125,1.7588539123535156,0.0017588539123535,175826,60
tobacco,equalize,126,1000,0.0014431476593017,1.781252145767212,0.0017812521457672,173638,60
tobacco,equalize,127,1000,0.0010738372802734,1.7771527767181396,0.0017771527767181,173944,60
tobacco,equalize,128,1000,0.0010993480682373,1.775320291519165,0.0017753202915191,174877,60
tobacco,equalize,129,1000,0.0015726089477539,1.7672512531280518,0.001767251253128,175021,60
tobacco,equalize,130,1000,0.001096487045288,1.82708477973938,0.0018270847797393,177106,60
tobacco,equalize,131,1000,0.0011293888092041,1.7510881423950195,0.001751088142395,173980,60
tobacco,equalize,132,1000,0.0014152526855468,1.7593812942504885,0.0017593812942504,175692,60
tobacco,equalize,133,1000,0.0012552738189697,1.789031982421875,0.0017890319824218,174071,60
tobacco,equalize,134,1000,0.0010786056518554,1.7461349964141846,0.0017461349964141,174739,60
tobacco,equalize,135,1000,0.001408576965332,1.8220727443695068,0.0018220727443695,172531,60
tobacco,equalize,136,1000,0.00108003616333,1.8273673057556152,0.0018273673057556,176869,60
tobacco,equalize,137,1000,0.0011017322540283,1.780217170715332,0.0017802171707153,176173,60
tobacco,equalize,138,1000,0.001509666442871,1.77221417427063,0.0017722141742706,172052,60
tobacco,equalize,139,1000,0.0010921955108642,1.7845637798309326,0.0017845637798309,175233,60
tobacco,equalize,140,1000,0.0011079311370849,1.8011682033538818,0.0018011682033538,177216,60
tobacco,equalize,141,1000,0.0014312267303466,1.7733471393585205,0.0017733471393585,173653,60
tobacco,equalize,142,1000,0.0010888576507568,1.792982816696167,0.0017929828166961,176391,60
tobacco,equalize,143,1000,0.0011017322540283,1.779813289642334,0.0017798132896423,176270,60
tobacco,equalize,144,1000,0.0014355182647705,1.7565877437591553,0.0017565877437591,174741,60
tobacco,equalize,145,1000,0.0011019706726074,1.873719930648804,0.0018737199306488,176682,60
tobacco,equalize,146,1000,0.0011122226715087,1.7505114078521729,0.0017505114078521,173177,60
tobacco,equalize,147,1000,0.0013914108276367,1.7841286659240725,0.001784128665924,176329,60
tobacco,equalize,148,1000,0.0010707378387451,1.7981915473937988,0.0017981915473937,172867,60
tobacco,equalize,149,1000,0.0011019706726074,1.7808160781860352,0.001780816078186,176032,60
tobacco,equalize,150,1000,0.0015394687652587,1.844686508178711,0.0018446865081787,174163,60
tobacco,equalize,151,1000,0.0010867118835449,1.7894456386566162,0.0017894456386566,176838,60
tobacco,equalize,152,1000,0.0012023448944091,1.837165117263794,0.0018371651172637,174314,60
tobacco,equalize,153,1000,0.0014350414276123,2.2432990074157715,0.0022432990074157,176081,60
tobacco,equalize,154,1000,0.0010905265808105,2.260617017745972,0.0022606170177459,174408,60
tobacco,equalize,155,1000,0.0011484622955322,2.2901148796081543,0.0022901148796081,175585,60
tobacco,equalize,156,1000,0.0014948844909667,2.499312400817871,0.0024993124008178,175075,60
tobacco,equalize,157,1000,0.001063585281372,2.469804286956787,0.0024698042869567,175596,60
tobacco,equalize,158,1000,0.0011358261108398,2.501237630844116,0.0025012376308441,177467,60
tobacco,equalize,159,1000,0.0014781951904296,2.5028436183929443,0.0025028436183929,176153,60
tobacco,equalize,160,1000,0.001124620437622,2.491356372833252,0.0024913563728332,171731,60
tobacco,equalize,161,1000,0.0011281967163085,1.9093189239501955,0.0019093189239501,173382,60
tobacco,equalize,162,1000,0.0013434886932373,1.787731647491455,0.0017877316474914,175523,60
tobacco,equalize,163,1000,0.0013720989227294,1.773725509643555,0.0017737255096435,172319,60
tobacco,equalize,164,1000,0.0011992454528808,1.7875380516052246,0.0017875380516052,175542,60
tobacco,equalize,165,1000,0.0013427734375,1.812774896621704,0.0018127748966217,176350,60
tobacco,equalize,166,1000,0.0013136863708496,1.7963316440582275,0.0017963316440582,172890,60
tobacco,equalize,167,1000,0.0011758804321289,1.7546439170837402,0.0017546439170837,172521,60
tobacco,equalize,168,1000,0.0013909339904785,1.7608137130737305,0.0017608137130737,173178,60
tobacco,equalize,169,1000,0.0011849403381347,1.77005934715271,0.0017700593471527,177137,60
tobacco,equalize,170,1000,0.0011830329895019,1.7750630378723145,0.0017750630378723,173465,60
tobacco,equalize,171,1000,0.0013227462768554,1.7599093914031982,0.0017599093914031,174140,60
tobacco,equalize,172,1000,0.0014114379882812,1.8385884761810305,0.001838588476181,173620,60
tobacco,equalize,173,1000,0.0012111663818359,1.785400629043579,0.0017854006290435,173263,60
tobacco,equalize,174,1000,0.0013806819915771,1.7674317359924316,0.0017674317359924,177588,60
tobacco,equalize,175,1000,0.0013275146484375,1.790238857269287,0.0017902388572692,175091,60
tobacco,equalize,176,1000,0.0011928081512451,1.765477418899536,0.0017654774188995,175672,60
tobacco,equalize,177,1000,0.0013325214385986,1.7634623050689695,0.0017634623050689,174661,60
tobacco,equalize,178,1000,0.0012228488922119,1.8075568675994875,0.0018075568675994,174819,60
tobacco,equalize,179,1000,0.0011672973632812,1.769608974456787,0.0017696089744567,176519,60
tobacco,equalize,180,1000,0.0013751983642578,1.8288049697875977,0.0018288049697875,175170,60
tobacco,equalize,181,1000,0.0011842250823974,1.7837491035461426,0.0017837491035461,175409,60
tobacco,equalize,182,1000,0.001176118850708,1.7851033210754397,0.0017851033210754,173992,60
tobacco,equalize,183,1000,0.0016512870788574,1.9134025573730469,0.001913402557373,173227,60
tobacco,equalize,184,1000,0.0011947154998779,1.7529232501983645,0.0017529232501983,172786,60
tobacco,equalize,185,1000,0.001188039779663,1.7870969772338867,0.0017870969772338,174388,60
tobacco,equalize,186,1000,0.001415729522705,1.7907047271728516,0.0017907047271728,173981,60
tobacco,equalize,187,1000,0.0012054443359375,1.792297601699829,0.0017922976016998,173406,60
tobacco,equalize,188,1000,0.0011439323425292,1.7475662231445312,0.0017475662231445,174609,60
tobacco,equalize,189,1000,0.001349925994873,1.7440264225006104,0.0017440264225006,174924,60
tobacco,equalize,190,1000,0.0013141632080078,1.8013770580291748,0.0018013770580291,175779,60
tobacco,equalize,191,1000,0.0011844635009765,1.7635657787322998,0.0017635657787322,177019,60
tobacco,equalize,192,1000,0.0013635158538818,1.777738332748413,0.0017777383327484,172270,60
tobacco,equalize,193,1000,0.0014240741729736,1.7986514568328855,0.0017986514568328,176246,60
tobacco,equalize,194,1000,0.0011487007141113,1.7742297649383545,0.0017742297649383,176017,60
tobacco,equalize,195,1000,0.0014317035675048,1.7747440338134766,0.0017747440338134,176526,60
tobacco,equalize,196,1000,0.001176118850708,1.778217077255249,0.0017782170772552,175430,60
tobacco,equalize,197,1000,0.0012385845184326,1.872602462768555,0.0018726024627685,175308,60
tobacco,equalize,198,1000,0.0015256404876708,1.753007411956787,0.0017530074119567,172546,60
tobacco,equalize,199,1000,0.0012879371643066,1.7715070247650146,0.001771507024765,175647,60
tobacco,equalize,200,1000,0.0011513233184814,1.8092117309570312,0.001809211730957,174842,60
tobacco,equalize,201,1000,0.0014617443084716,1.8417983055114744,0.0018417983055114,172349,60
tobacco,equalize,202,1000,0.0011961460113525,1.8176262378692627,0.0018176262378692,176586,60
tobacco,equalize,203,1000,0.0011651515960693,1.7505114078521729,0.0017505114078521,172347,60
tobacco,equalize,204,1000,0.0014803409576416,1.780449390411377,0.0017804493904113,175571,60
tobacco,equalize,205,1000,0.001183271408081,1.749593734741211,0.0017495937347412,171815,60
tobacco,equalize,206,1000,0.0011317729949951,1.7553157806396484,0.0017553157806396,175577,60
tobacco,equalize,207,1000,0.001716136932373,1.7509095668792725,0.0017509095668792,174037,60
tobacco,equalize,208,1000,0.0011467933654785,1.8031423091888428,0.0018031423091888,178364,60
tobacco,equalize,209,1000,0.001162052154541,1.761523962020874,0.0017615239620208,176757,60
tobacco,equalize,210,1000,0.0013341903686523,1.7479534149169922,0.0017479534149169,176068,60
tobacco,equalize,211,1000,0.0013597011566162,1.7735118865966797,0.0017735118865966,174953,60
tobacco,equalize,212,1000,0.0011253356933593,1.7657921314239502,0.0017657921314239,175696,60
tobacco,equalize,213,1000,0.0015082359313964,1.786848783493042,0.001786848783493,171543,60
tobacco,equalize,214,1000,0.0014872550964355,1.775841236114502,0.0017758412361145,175664,60
tobacco,equalize,215,1000,0.0011103153228759,1.7713921070098877,0.0017713921070098,173158,60
tobacco,equalize,216,1000,0.0013961791992187,1.7559199333190918,0.001755919933319,172989,60
tobacco,equalize,217,1000,0.0012249946594238,1.7686080932617188,0.0017686080932617,173708,60
tobacco,equalize,218,1000,0.0014927387237548,1.7607171535491943,0.0017607171535491,173226,60
tobacco,equalize,219,1000,0.0013256072998046,1.7705745697021484,0.0017705745697021,174007,60
tobacco,equalize,220,1000,0.0011515617370605,1.7898712158203125,0.0017898712158203,175609,60
tobacco,equalize,221,1000,0.0011866092681884,1.844254732131958,0.0018442547321319,172880,60
tobacco,equalize,222,1000,0.0013468265533447,1.7560522556304932,0.0017560522556304,171723,60
tobacco,equalize,223,1000,0.0011422634124755,1.8136138916015625,0.0018136138916015,177126,60
tobacco,equalize,224,1000,0.0011961460113525,1.8791704177856443,0.0018791704177856,174492,60
tobacco,equalize,225,1000,0.0013613700866699,1.80267333984375,0.0018026733398437,173226,60
tobacco,equalize,226,1000,0.0011384487152099,1.7898879051208496,0.0017898879051208,174680,60
tobacco,equalize,227,1000,0.0011615753173828,1.8074069023132324,0.0018074069023132,173414,60
tobacco,equalize,228,1000,0.0014557838439941,1.7969460487365725,0.0017969460487365,175529,60
tobacco,equalize,229,1000,0.0012142658233642,1.793017864227295,0.0017930178642272,176155,60
tobacco,equalize,230,1000,0.001147985458374,1.8073759078979488,0.0018073759078979,173476,60
tobacco,equalize,231,1000,0.001340627670288,1.757884502410889,0.0017578845024108,175090,60
tobacco,equalize,232,1000,0.0012178421020507,1.8136675357818604,0.0018136675357818,177096,60
tobacco,equalize,233,1000,0.0011355876922607,1.7551252841949463,0.0017551252841949,175458,60
tobacco,equalize,234,1000,0.0013973712921142,1.7696843147277832,0.0017696843147277,173302,60
tobacco,equalize,235,1000,0.0011379718780517,1.794511318206787,0.0017945113182067,175640,60
tobacco,equalize,236,1000,0.0011289119720458,1.7560174465179443,0.0017560174465179,174108,60
tobacco,equalize,237,1000,0.0014140605926513,1.7610979080200195,0.00176109790802,177229,60
tobacco,equalize,238,1000,0.0012075901031494,1.7770988941192627,0.0017770988941192,173702,60
tobacco,equalize,239,1000,0.0011489391326904,1.786857843399048,0.001786857843399,172868,60
tobacco,equalize,240,1000,0.0014567375183105,1.7688641548156738,0.0017688641548156,173670,60
tobacco,equalize,241,1000,0.0012707710266113,1.7897052764892578,0.0017897052764892,173986,60
tobacco,equalize,242,1000,0.0011677742004394,1.7880854606628418,0.0017880854606628,173800,60
tobacco,equalize,243,1000,0.0015745162963867,1.826234579086304,0.0018262345790863,175786,60
tobacco,equalize,244,1000,0.0011191368103027,1.7817251682281494,0.0017817251682281,174571,60
tobacco,equalize,245,1000,0.0011427402496337,1.7696847915649414,0.0017696847915649,173995,60
tobacco,equalize,246,1000,0.0014419555664062,1.7567462921142578,0.0017567462921142,172807,60
tobacco,equalize,247,1000,0.0011205673217773,1.8138747215271,0.001813874721527,175127,60
tobacco,equalize,248,1000,0.0011100769042968,1.7712268829345703,0.0017712268829345,176043,60
tobacco,equalize,249,1000,0.0014538764953613,1.7900266647338867,0.0017900266647338,176145,60
tobacco,equalize,250,1000,0.0011229515075683,1.8087944984436035,0.0018087944984436,175158,60
tobacco,equalize,251,1000,0.0012109279632568,1.8815114498138428,0.0018815114498138,174956,60
tobacco,equalize,252,1000,0.0014872550964355,1.856761693954468,0.0018567616939544,171734,60
tobacco,equalize,253,1000,0.001108169555664,1.8277831077575684,0.0018277831077575,173019,60
tobacco,equalize,254,1000,0.0011610984802246,1.789123773574829,0.0017891237735748,173401,60
tobacco,equalize,255,1000,0.0014395713806152,1.8265326023101809,0.0018265326023101,173887,60
tobacco,equalize,256,1000,0.0010788440704345,1.8251304626464844,0.0018251304626464,178194,60
tobacco,equalize,257,1000,0.001103401184082,1.7665259838104248,0.0017665259838104,172149,60
tobacco,equalize,258,1000,0.0014231204986572,1.791409969329834,0.0017914099693298,174947,60
tobacco,equalize,259,1000,0.0011124610900878,1.7626776695251465,0.0017626776695251,172077,60
tobacco,equalize,260,1000,0.0010914802551269,1.7651863098144531,0.0017651863098144,173160,60
tobacco,equalize,261,1000,0.0014154911041259,1.7592322826385498,0.0017592322826385,172585,60
tobacco,equalize,262,1000,0.0010774135589599,1.770068883895874,0.0017700688838958,175093,60
tobacco,equalize,263,1000,0.001131534576416,1.870469570159912,0.0018704695701599,174768,60
tobacco,equalize,264,1000,0.0014078617095947,1.78908371925354,0.0017890837192535,176571,60
tobacco,equalize,265,1000,0.0010955333709716,1.8121733665466309,0.0018121733665466,176591,60
tobacco,equalize,266,1000,0.0010871887207031,1.7585265636444092,0.0017585265636444,171911,60
tobacco,equalize,267,1000,0.0013771057128906,1.784554958343506,0.0017845549583435,178801,60
tobacco,equalize,268,1000,0.0010943412780761,1.7964091300964355,0.0017964091300964,174752,60
tobacco,equalize,269,1000,0.0010840892791748,1.7781682014465332,0.0017781682014465,175415,60
tobacco,equalize,270,1000,0.0019426345825195,1.861264944076538,0.0018612649440765,174005,60
tobacco,equalize,271,1000,0.0011467933654785,1.8236067295074463,0.0018236067295074,172491,60
tobacco,equalize,272,1000,0.001110553741455,1.7680444717407229,0.0017680444717407,174080,60
tobacco,equalize,273,1000,0.0013716220855712,1.8065316677093504,0.0018065316677093,177641,60
tobacco,equalize,274,1000,0.0011353492736816,1.8019065856933596,0.0018019065856933,175352,60
tobacco,equalize,275,1000,0.0010948181152343,1.7586004734039309,0.0017586004734039,174519,60
tobacco,equalize,276,1000,0.0015349388122558,1.7643332481384275,0.0017643332481384,174060,60
tobacco,equalize,277,1000,0.001514196395874,1.872173547744751,0.0018721735477447,172072,60
tobacco,equalize,278,1000,0.0011060237884521,1.7607364654541016,0.0017607364654541,174221,60
tobacco,equalize,279,1000,0.0016109943389892,1.7907569408416748,0.0017907569408416,175459,60
tobacco,equalize,280,1000,0.001556396484375,1.805569410324097,0.001805569410324,174810,60
tobacco,equalize,281,1000,0.001418113708496,1.7595174312591553,0.0017595174312591,175078,60
tobacco,equalize,282,1000,0.0015358924865722,1.7781202793121338,0.0017781202793121,174243,60
tobacco,equalize,283,1000,0.0010900497436523,1.771956205368042,0.001771956205368,172998,60
tobacco,equalize,284,1000,0.0010912418365478,1.7481162548065186,0.0017481162548065,173081,60
tobacco,equalize,285,1000,0.0014269351959228,1.7885301113128662,0.0017885301113128,171357,60
tobacco,equalize,286,1000,0.0015439987182617,1.8258426189422607,0.0018258426189422,175552,60
tobacco,equalize,287,1000,0.0011272430419921,1.808525562286377,0.0018085255622863,173375,60
tobacco,equalize,288,1000,0.0018272399902343,1.7760584354400637,0.00177605843544,171513,60
tobacco,equalize,289,1000,0.0011024475097656,1.8113861083984373,0.0018113861083984,174330,60
tobacco,equalize,290,1000,0.0010850429534912,1.7611308097839355,0.0017611308097839,173105,60
tobacco,equalize,291,1000,0.0014755725860595,1.7620971202850342,0.001762097120285,172478,60
tobacco,equalize,292,1000,0.0010855197906494,1.7858831882476809,0.0017858831882476,175063,60
tobacco,equalize,293,1000,0.0011293888092041,1.7731401920318604,0.0017731401920318,173214,60
tobacco,equalize,294,1000,0.0014057159423828,2.015945672988892,0.0020159456729888,172745,60
tobacco,equalize,295,1000,0.0010476112365722,1.9924631118774412,0.0019924631118774,178168,60
tobacco,equalize,296,1000,0.0011231899261474,1.8081860542297363,0.0018081860542297,173473,60
tobacco,equalize,297,1000,0.0014231204986572,2.503199577331543,0.0025031995773315,175286,60
tobacco,equalize,298,1000,0.0010924339294433,2.441962957382202,0.0024419629573822,174912,60
tobacco,equalize,299,1000,0.0011289119720458,2.513882875442505,0.0025138828754425,176777,60
tobacco,equalize,300,1000,0.0014212131500244,2.5208373069763184,0.0025208373069763,175655,60
tobacco,equalize,301,1000,0.0011074542999267,2.514071226119995,0.0025140712261199,174139,60
tobacco,equalize,302,1000,0.0015468597412109,1.7713515758514404,0.0017713515758514,176598,60
tobacco,equalize,303,1000,0.0012977123260498,1.768911361694336,0.0017689113616943,175964,60
tobacco,equalize,304,1000,0.0012979507446289,1.7899372577667236,0.0017899372577667,176215,60
tobacco,equalize,305,1000,0.0011894702911376,1.7827153205871582,0.0017827153205871,173820,60
tobacco,equalize,306,1000,0.0013835430145263,1.7753887176513672,0.0017753887176513,177311,60
tobacco,equalize,307,1000,0.001758337020874,1.7758209705352783,0.0017758209705352,176391,60
tobacco,equalize,308,1000,0.0012171268463134,1.7691161632537842,0.0017691161632537,175620,60
tobacco,equalize,309,1000,0.0013637542724609,1.7683262825012207,0.0017683262825012,174168,60
tobacco,equalize,310,1000,0.0012457370758056,1.7764263153076172,0.0017764263153076,173058,60
tobacco,equalize,311,1000,0.0016319751739501,1.7693049907684326,0.0017693049907684,171651,60
tobacco,equalize,312,1000,0.0013594627380371,1.7681655883789062,0.0017681655883789,174867,60
tobacco,equalize,313,1000,0.0016436576843261,1.823353290557861,0.0018233532905578,173824,60
tobacco,equalize,314,1000,0.0013387203216552,1.7669363021850586,0.001766936302185,174270,60
tobacco,equalize,315,1000,0.0012977123260498,1.7753069400787354,0.0017753069400787,176268,60
tobacco,equalize,316,1000,0.0014548301696777,1.816817045211792,0.0018168170452117,174639,60
tobacco,equalize,317,1000,0.0011627674102783,1.7874677181243896,0.0017874677181243,174315,60
tobacco,equalize,318,1000,0.0013477802276611,1.79077410697937,0.0017907741069793,175140,60
tobacco,equalize,319,1000,0.0013735294342041,1.8053841590881348,0.0018053841590881,174158,60
tobacco,equalize,320,1000,0.0011718273162841,1.756478786468506,0.0017564787864685,176006,60
tobacco,equalize,321,1000,0.0013535022735595,1.7546541690826416,0.0017546541690826,173655,60
tobacco,equalize,322,1000,0.0012421607971191,1.811384201049805,0.0018113842010498,172839,60
tobacco,equalize,323,1000,0.001209020614624,1.7626135349273682,0.0017626135349273,173685,60
tobacco,equalize,324,1000,0.0013303756713867,1.7640182971954346,0.0017640182971954,174463,60
tobacco,equalize,325,1000,0.0012238025665283,1.7664027214050293,0.001766402721405,176207,60
tobacco,equalize,326,1000,0.0011162757873535,1.770085096359253,0.0017700850963592,173282,60
tobacco,equalize,327,1000,0.0018086433410644,1.754781723022461,0.0017547817230224,175567,60
tobacco,equalize,328,1000,0.001692771911621,1.8042747974395752,0.0018042747974395,173843,60
tobacco,equalize,329,1000,0.0011489391326904,1.801174879074097,0.001801174879074,175317,60
tobacco,equalize,330,1000,0.0013127326965332,1.7740726470947266,0.0017740726470947,173864,60
tobacco,equalize,331,1000,0.0011918544769287,1.7706151008605957,0.0017706151008605,174115,60
tobacco,equalize,332,1000,0.0016007423400878,1.7474756240844729,0.0017474756240844,175172,60
tobacco,equalize,333,1000,0.0013444423675537,1.7874577045440674,0.001787457704544,174329,60
tobacco,equalize,334,1000,0.0012092590332031,1.8137180805206297,0.0018137180805206,176295,60
tobacco,equalize,335,1000,0.0011982917785644,1.7772397994995115,0.0017772397994995,175244,60
tobacco,equalize,336,1000,0.001436710357666,1.737889289855957,0.0017378892898559,172812,60
tobacco,equalize,337,1000,0.0011899471282958,1.799003839492798,0.0017990038394927,178480,60
tobacco,equalize,338,1000,0.0011634826660156,1.794097661972046,0.001794097661972,177433,60
tobacco,equalize,339,1000,0.001357078552246,1.7495067119598389,0.0017495067119598,171085,60
tobacco,equalize,340,1000,0.0011794567108154,1.7885146141052246,0.0017885146141052,176212,60
tobacco,equalize,341,1000,0.0011606216430664,1.7078053951263428,0.0017078053951263,172528,60
tobacco,equalize,342,1000,0.0018396377563476,1.7711167335510254,0.001771116733551,174787,60
tobacco,equalize,343,1000,0.0012879371643066,1.7905592918395996,0.0017905592918395,172572,60
tobacco,equalize,344,1000,0.0011918544769287,1.8204345703125,0.0018204345703125,174566,60
tobacco,equalize,345,1000,0.0014774799346923,1.7801108360290527,0.001780110836029,176897,60
tobacco,equalize,346,1000,0.0011603832244873,1.745250225067139,0.0017452502250671,172494,60
tobacco,equalize,347,1000,0.0015919208526611,1.73169207572937,0.0017316920757293,173885,60
tobacco,equalize,348,1000,0.001450777053833,1.7504026889801023,0.0017504026889801,175269,60
tobacco,equalize,349,1000,0.0011229515075683,1.7657935619354248,0.0017657935619354,172432,60
tobacco,equalize,350,1000,0.0011293888092041,1.7781422138214111,0.0017781422138214,174265,60
tobacco,equalize,351,1000,0.0013084411621093,1.7515966892242432,0.0017515966892242,175503,60
tobacco,equalize,352,1000,0.0011911392211914,1.8745038509368896,0.0018745038509368,177002,60
tobacco,equalize,353,1000,0.0011196136474609,1.8086812496185305,0.0018086812496185,172391,60
tobacco,equalize,354,1000,0.0017719268798828,1.7546820640563965,0.0017546820640563,176378,60
tobacco,equalize,355,1000,0.0011210441589355,1.7870628833770752,0.001787062883377,175459,60
tobacco,equalize,356,1000,0.0011627674102783,1.756053447723389,0.0017560534477233,175333,60
tobacco,equalize,357,1000,0.0013704299926757,1.7520391941070557,0.001752039194107,173598,60
tobacco,equalize,358,1000,0.0011754035949707,1.7872586250305176,0.0017872586250305,175678,60
tobacco,equalize,359,1000,0.0011320114135742,1.8049659729003904,0.0018049659729003,177038,60
tobacco,equalize,360,1000,0.0014138221740722,1.8282623291015625,0.0018282623291015,173781,60
tobacco,equalize,361,1000,0.0011343955993652,1.8004803657531738,0.0018004803657531,175622,60
tobacco,equalize,362,1000,0.0011327266693115,1.7770562171936035,0.0017770562171936,175621,60
tobacco,equalize,363,1000,0.0013515949249267,1.763916015625,0.001763916015625,175176,60
tobacco,equalize,364,1000,0.0015285015106201,1.785137176513672,0.0017851371765136,174848,60
tobacco,equalize,365,1000,0.0015366077423095,1.7809326648712158,0.0017809326648712,175638,60
tobacco,equalize,366,1000,0.0013456344604492,1.786308526992798,0.0017863085269927,173582,60
tobacco,equalize,367,1000,0.0016036033630371,1.7729415893554688,0.0017729415893554,171735,60
tobacco,equalize,368,1000,0.0012834072113037,1.7891838550567627,0.0017891838550567,174964,60
tobacco,equalize,369,1000,0.0013947486877441,1.767857551574707,0.0017678575515747,174477,60
tobacco,equalize,370,1000,0.0011162757873535,1.7732551097869873,0.0017732551097869,173932,60
tobacco,equalize,371,1000,0.0016062259674072,1.7799596786499023,0.0017799596786499,171303,60
tobacco,equalize,372,1000,0.0014872550964355,1.7770342826843262,0.0017770342826843,174451,60
tobacco,equalize,373,1000,0.0011613368988037,1.783862829208374,0.0017838628292083,173967,60
tobacco,equalize,374,1000,0.0015044212341308,1.8634026050567627,0.0018634026050567,175556,60
tobacco,equalize,375,1000,0.0013628005981445,1.758692979812622,0.0017586929798126,173946,60
tobacco,equalize,376,1000,0.0011096000671386,1.7700433731079102,0.0017700433731079,173262,60
tobacco,equalize,377,1000,0.0012645721435546,1.7611751556396484,0.0017611751556396,176049,60
tobacco,equalize,378,1000,0.0014331340789794,1.785430669784546,0.0017854306697845,172556,60
tobacco,equalize,379,1000,0.001312255859375,1.7965116500854492,0.0017965116500854,173331,60
tobacco,equalize,380,1000,0.0011172294616699,1.79075288772583,0.0017907528877258,174601,60
tobacco,equalize,381,1000,0.0013351440429687,1.7749922275543213,0.0017749922275543,175596,60
tobacco,equalize,382,1000,0.0015950202941894,1.7887272834777832,0.0017887272834777,177239,60
tobacco,equalize,383,1000,0.0011239051818847,1.818947553634644,0.0018189475536346,174938,60
tobacco,equalize,384,1000,0.0014188289642333,1.7710716724395752,0.0017710716724395,173651,60
tobacco,equalize,385,1000,0.0011415481567382,1.8715019226074217,0.0018715019226074,175823,60
tobacco,equalize,386,1000,0.0011255741119384,1.7856311798095703,0.0017856311798095,176423,60
tobacco,equalize,387,1000,0.0018017292022705,1.764542818069458,0.0017645428180694,173434,60
tobacco,equalize,388,1000,0.0011031627655029,1.7738463878631592,0.0017738463878631,174261,60
tobacco,equalize,389,1000,0.0011293888092041,1.769552230834961,0.0017695522308349,173745,60
tobacco,equalize,390,1000,0.0018970966339111,1.776930570602417,0.0017769305706024,176555,60
tobacco,equalize,391,1000,0.0010859966278076,1.7681770324707031,0.0017681770324707,174109,60
tobacco,equalize,392,1000,0.0011146068572998,1.795276403427124,0.0017952764034271,175833,60
tobacco,equalize,393,1000,0.0018031597137451,1.771484136581421,0.0017714841365814,175441,60
tobacco,equalize,394,1000,0.0011515617370605,1.893599510192871,0.0018935995101928,173854,60
tobacco,equalize,395,1000,0.0011193752288818,1.7882394790649414,0.0017882394790649,173716,60
tobacco,equalize,396,1000,0.0015935897827148,1.7570312023162842,0.0017570312023162,175091,60
tobacco,equalize,397,1000,0.0010795593261718,1.808349609375,0.001808349609375,175374,60
tobacco,equalize,398,1000,0.0011048316955566,1.774580478668213,0.0017745804786682,172905,60
tobacco,equalize,399,1000,0.0013720989227294,1.7814106941223145,0.0017814106941223,173769,60
tobacco,equalize,400,1000,0.0015585422515869,1.7788474559783936,0.0017788474559783,173318,60
tobacco,equalize,401,1000,0.0010650157928466,1.7930326461791992,0.0017930326461791,175715,60
tobacco,equalize,402,1000,0.0014140605926513,1.8006532192230225,0.001800653219223,175039,60
tobacco,equalize,403,1000,0.0014009475708007,1.7761297225952148,0.0017761297225952,174111,60
tobacco,equalize,404,1000,0.0010998249053955,1.7464945316314695,0.0017464945316314,176001,60
tobacco,equalize,405,1000,0.0013341903686523,1.7944388389587402,0.0017944388389587,171055,60
tobacco,equalize,406,1000,0.0010628700256347,1.7911946773529053,0.0017911946773529,173718,60
tobacco,equalize,407,1000,0.001089334487915,1.7739379405975342,0.0017739379405975,174651,60
tobacco,equalize,408,1000,0.0013930797576904,1.7929604053497314,0.0017929604053497,173585,60
tobacco,equalize,409,1000,0.0010709762573242,1.794431447982788,0.0017944314479827,176620,60
tobacco,equalize,410,1000,0.0011038780212402,1.7782821655273438,0.0017782821655273,173514,60
tobacco,equalize,411,1000,0.0015566349029541,1.7814791202545166,0.0017814791202545,176341,60
tobacco,equalize,412,1000,0.0010857582092285,1.7972068786621094,0.0017972068786621,175015,60
tobacco,equalize,413,1000,0.0010912418365478,1.775650978088379,0.0017756509780883,175027,60
tobacco,equalize,414,1000,0.0014224052429199,1.7715694904327393,0.0017715694904327,173320,60
tobacco,equalize,415,1000,0.0010859966278076,1.7958996295928955,0.0017958996295928,171965,60
tobacco,equalize,416,1000,0.0011007785797119,1.7708525657653809,0.0017708525657653,175555,60
tobacco,equalize,417,1000,0.0018129348754882,1.7712748050689695,0.0017712748050689,175781,60
tobacco,equalize,418,1000,0.0011205673217773,1.825932741165161,0.0018259327411651,175908,60
tobacco,equalize,419,1000,0.0010890960693359,1.7751672267913818,0.0017751672267913,175621,60
tobacco,equalize,420,1000,0.0014896392822265,1.7682747840881348,0.0017682747840881,173764,60
tobacco,equalize,421,1000,0.0010976791381835,1.8018684387207031,0.0018018684387207,176020,60
tobacco,equalize,422,1000,0.0011811256408691,1.865360975265503,0.0018653609752655,172938,60
tobacco,equalize,423,1000,0.0013661384582519,1.7941629886627195,0.0017941629886627,176137,60
tobacco,equalize,424,1000,0.0010926723480224,1.8077960014343264,0.0018077960014343,174715,60
tobacco,equalize,425,1000,0.001169204711914,1.7667341232299805,0.0017667341232299,176441,60
tobacco,equalize,426,1000,0.0014476776123046,1.822055101394653,0.0018220551013946,174019,60
tobacco,equalize,427,1000,0.0015070438385009,1.7767348289489746,0.0017767348289489,175313,60
tobacco,equalize,428,1000,0.0011348724365234,1.8431603908538816,0.0018431603908538,175139,60
tobacco,equalize,429,1000,0.0013420581817626,1.7914741039276123,0.0017914741039276,174534,60
tobacco,equalize,430,1000,0.0010609626770019,1.7775897979736328,0.0017775897979736,173578,60
tobacco,equalize,431,1000,0.0010762214660644,1.7550182342529297,0.0017550182342529,171112,60
tobacco,equalize,432,1000,0.001471996307373,1.7883317470550537,0.001788331747055,175365,60
tobacco,equalize,433,1000,0.0010740756988525,1.7792675495147705,0.0017792675495147,174054,60
tobacco,equalize,434,1000,0.0012886524200439,1.7986440658569336,0.0017986440658569,175584,60
tobacco,equalize,435,1000,0.001366376876831,2.2202460765838623,0.0022202460765838,175658,60
tobacco,equalize,436,1000,0.0011253356933593,2.320441007614136,0.0023204410076141,174869,60
tobacco,equalize,437,1000,0.0011267662048339,2.3269200325012207,0.0023269200325012,174687,60
tobacco,equalize,438,1000,0.001418113708496,2.477637529373169,0.0024776375293731,174757,60
tobacco,equalize,439,1000,0.001086950302124,2.44317889213562,0.0024431788921356,175758,60
tobacco,equalize,440,1000,0.0011649131774902,2.6181328296661377,0.0026181328296661,176816,60
tobacco,equalize,441,1000,0.0016350746154785,2.504378318786621,0.0025043783187866,172671,60
tobacco,equalize,442,1000,0.0010738372802734,2.571138620376587,0.0025711386203765,174996,60
tobacco,equalize,443,1000,0.0010962486267089,1.796140193939209,0.0017961401939392,175109,60
tobacco,equalize,444,1000,0.001793622970581,1.7490615844726562,0.0017490615844726,175194,60
tobacco,equalize,445,1000,0.0012934207916259,1.8029866218566892,0.0018029866218566,174407,60
tobacco,equalize,446,1000,0.0012097358703613,1.818276643753052,0.001818276643753,174437,60
tobacco,equalize,447,1000,0.0012741088867187,1.7466444969177246,0.0017466444969177,173082,60
tobacco,equalize,448,1000,0.00130295753479,1.772615671157837,0.0017726156711578,175213,60
tobacco,equalize,449,1000,0.0011782646179199,1.7760353088378906,0.0017760353088378,173701,60
tobacco,equalize,450,1000,0.0015268325805664,1.7861018180847168,0.0017861018180847,177266,60
tobacco,equalize,451,1000,0.0012605190277099,1.7587761878967283,0.0017587761878967,171894,60
tobacco,equalize,452,1000,0.0011889934539794,1.7772741317749023,0.0017772741317749,174401,60
tobacco,equalize,453,1000,0.0013036727905273,1.7637720108032229,0.0017637720108032,172784,60
tobacco,equalize,454,1000,0.0012099742889404,1.7604436874389648,0.0017604436874389,174060,60
tobacco,equalize,455,1000,0.00111985206604,1.7598028182983398,0.0017598028182983,173390,60
tobacco,equalize,456,1000,0.0013172626495361,1.8342514038085935,0.0018342514038085,176878,60
tobacco,equalize,457,1000,0.0012197494506835,1.7878150939941406,0.0017878150939941,174450,60
tobacco,equalize,458,1000,0.0011622905731201,1.7811284065246582,0.0017811284065246,175851,60
tobacco,equalize,459,1000,0.0012974739074707,1.7740681171417236,0.0017740681171417,177364,60
tobacco,equalize,460,1000,0.0012187957763671,1.7957918643951416,0.0017957918643951,173915,60
tobacco,equalize,461,1000,0.001150369644165,1.7761399745941162,0.0017761399745941,175960,60
tobacco,equalize,462,1000,0.0013272762298583,1.797961711883545,0.0017979617118835,174941,60
tobacco,equalize,463,1000,0.001246690750122,1.7557151317596436,0.0017557151317596,173533,60
tobacco,equalize,464,1000,0.0011472702026367,1.7827327251434326,0.0017827327251434,174060,60
tobacco,equalize,465,1000,0.0013442039489746,1.8073866367340088,0.001807386636734,176680,60
tobacco,equalize,466,1000,0.0011930465698242,1.7816331386566162,0.0017816331386566,172573,60
tobacco,equalize,467,1000,0.0011577606201171,1.7655112743377686,0.0017655112743377,174053,60
tobacco,equalize,468,1000,0.0013139247894287,1.7659683227539062,0.0017659683227539,173668,60
tobacco,equalize,469,1000,0.0012183189392089,1.8151311874389648,0.0018151311874389,175549,60
tobacco,equalize,470,1000,0.0011243820190429,1.7564194202423096,0.0017564194202423,173269,60
tobacco,equalize,471,1000,0.0013673305511474,1.7875909805297852,0.0017875909805297,176080,60
tobacco,equalize,472,1000,0.0012378692626953,1.8226656913757324,0.0018226656913757,173562,60
tobacco,equalize,473,1000,0.0011770725250244,1.78733491897583,0.0017873349189758,174039,60
tobacco,equalize,474,1000,0.0013518333435058,1.76531720161438,0.0017653172016143,173137,60
tobacco,equalize,475,1000,0.0011641979217529,1.778674602508545,0.0017786746025085,173392,60
tobacco,equalize,476,1000,0.0013692378997802,1.7364132404327393,0.0017364132404327,172648,60
tobacco,equalize,477,1000,0.0013527870178222,1.8880419731140137,0.001888041973114,173708,60
tobacco,equalize,478,1000,0.001204490661621,1.8017008304595947,0.0018017008304595,173994,60
tobacco,equalize,479,1000,0.0014941692352294,1.7619082927703855,0.0017619082927703,173308,60
tobacco,equalize,480,1000,0.0013966560363769,1.8042371273040767,0.001804237127304,173893,60
tobacco,equalize,481,1000,0.0011587142944335,1.755964994430542,0.0017559649944305,175636,60
tobacco,equalize,482,1000,0.0014872550964355,1.767307996749878,0.0017673079967498,176952,60
tobacco,equalize,483,1000,0.0013532638549804,1.7799139022827148,0.0017799139022827,174517,60
tobacco,equalize,484,1000,0.0016632080078125,1.8183772563934328,0.0018183772563934,175247,60
tobacco,equalize,485,1000,0.0011510848999023,1.7827634811401367,0.0017827634811401,175335,60
tobacco,equalize,486,1000,0.0013582706451416,1.7965047359466553,0.0017965047359466,176874,60
tobacco,equalize,487,1000,0.0012197494506835,1.7605304718017578,0.0017605304718017,175088,60
tobacco,equalize,488,1000,0.0011513233184814,1.7847797870635986,0.0017847797870635,175646,60
tobacco,equalize,489,1000,0.0013282299041748,1.7636079788208008,0.0017636079788208,175327,60
tobacco,equalize,490,1000,0.0011577606201171,1.762991428375244,0.0017629914283752,172966,60
tobacco,equalize,491,1000,0.0011427402496337,1.8052074909210205,0.001805207490921,177196,60
tobacco,equalize,492,1000,0.0012712478637695,1.761814832687378,0.0017618148326873,174067,60
tobacco,equalize,493,1000,0.0013513565063476,1.7565040588378906,0.0017565040588378,175019,60
tobacco,equalize,494,1000,0.001133918762207,1.777788162231445,0.0017777881622314,174851,60
tobacco,equalize,495,1000,0.0015549659729003,1.7729191780090332,0.001772919178009,176451,60
tobacco,equalize,496,1000,0.0011217594146728,1.8160877227783203,0.0018160877227783,178175,60
tobacco,equalize,497,1000,0.0011267662048339,1.7853646278381348,0.0017853646278381,177279,60
tobacco,equalize,498,1000,0.0013666152954101,1.8409044742584229,0.0018409044742584,173791,60
tobacco,equalize,499,1000,0.0011079311370849,1.7795708179473877,0.0017795708179473,175821,60
tobacco,equalize,500,1000,0.0011141300201416,1.7694809436798096,0.0017694809436798,175530,60
tobacco,equalize,501,1000,0.0014090538024902,1.7766709327697754,0.0017766709327697,174738,60
tobacco,equalize,502,1000,0.0011188983917236,1.7902734279632568,0.0017902734279632,174117,60
tobacco,equalize,503,1000,0.0011234283447265,1.7821056842803955,0.0017821056842803,172283,60
tobacco,equalize,504,1000,0.0018699169158935,1.8062052726745603,0.0018062052726745,174382,60
tobacco,equalize,505,1000,0.0011169910430908,1.8198473453521729,0.0018198473453521,173112,60
tobacco,equalize,506,1000,0.0011191368103027,1.791008234024048,0.001791008234024,172135,60
tobacco,equalize,507,1000,0.0013871192932128,1.796316146850586,0.0017963161468505,176012,60
tobacco,equalize,508,1000,0.0011422634124755,1.7607321739196775,0.0017607321739196,172729,60
tobacco,equalize,509,1000,0.0012352466583251,1.9000720977783203,0.0019000720977783,174851,60
tobacco,equalize,510,1000,0.0013527870178222,1.8164479732513428,0.0018164479732513,179134,60
tobacco,equalize,511,1000,0.0011398792266845,1.7948081493377686,0.0017948081493377,174228,60
tobacco,equalize,512,1000,0.0012049674987792,1.8413434028625488,0.0018413434028625,173563,60
tobacco,equalize,513,1000,0.0014562606811523,1.7570345401763916,0.0017570345401763,173375,60
tobacco,equalize,514,1000,0.0011067390441894,1.773890256881714,0.0017738902568817,174493,60
tobacco,equalize,515,1000,0.0011284351348876,1.7790868282318115,0.0017790868282318,175439,60
tobacco,equalize,516,1000,0.0013964176177978,1.7589094638824463,0.0017589094638824,173849,60
tobacco,equalize,517,1000,0.001321792602539,1.7840490341186523,0.0017840490341186,176574,60
tobacco,equalize,518,1000,0.00162935256958,1.7433035373687744,0.0017433035373687,173286,60
tobacco,equalize,519,1000,0.0013601779937744,1.7787396907806396,0.0017787396907806,175505,60
tobacco,equalize,520,1000,0.0011203289031982,1.7966113090515137,0.0017966113090515,174844,60
tobacco,equalize,521,1000,0.0011184215545654,1.7749950885772705,0.0017749950885772,176780,60
tobacco,equalize,522,1000,0.0014340877532958,1.7758467197418213,0.0017758467197418,174480,60
tobacco,equalize,523,1000,0.0011548995971679,1.791130304336548,0.0017911303043365,175447,60
tobacco,equalize,524,1000,0.0011780261993408,1.781374454498291,0.0017813744544982,174161,60
tobacco,equalize,525,1000,0.0014195442199707,1.7618067264556885,0.0017618067264556,175014,60
tobacco,equalize,526,1000,0.0013320446014404,1.822620868682861,0.0018226208686828,173869,60
tobacco,equalize,527,1000,0.0011317729949951,1.749112844467163,0.0017491128444671,175649,60
tobacco,equalize,528,1000,0.0014429092407226,1.7852869033813477,0.0017852869033813,177221,60
tobacco,equalize,529,1000,0.0013208389282226,1.7762877941131592,0.0017762877941131,175849,60
tobacco,equalize,530,1000,0.001075267791748,1.7726213932037354,0.0017726213932037,174271,60
tobacco,equalize,531,1000,0.0013887882232666,1.8034553527832031,0.0018034553527832,172329,60
tobacco,equalize,532,1000,0.0010774135589599,1.8137943744659424,0.0018137943744659,174165,60
tobacco,equalize,533,1000,0.0011122226715087,1.7787625789642334,0.0017787625789642,174364,60
tobacco,equalize,534,1000,0.0013923645019531,1.7913172245025637,0.0017913172245025,171218,60
tobacco,equalize,535,1000,0.0013041496276855,1.8668243885040283,0.001866824388504,173256,60
tobacco,equalize,536,1000,0.0011065006256103,1.7797729969024658,0.0017797729969024,174965,60
tobacco,equalize,537,1000,0.001375675201416,1.8348419666290283,0.001834841966629,175401,60
tobacco,equalize,538,1000,0.0017426013946533,1.761510133743286,0.0017615101337432,176074,60
tobacco,equalize,539,1000,0.0011343955993652,1.746122121810913,0.0017461221218109,172706,60
tobacco,equalize,540,1000,0.0016384124755859,1.831902265548706,0.0018319022655487,173438,60
tobacco,equalize,541,1000,0.0011155605316162,1.8688759803771973,0.0018688759803771,175096,60
tobacco,equalize,542,1000,0.001509666442871,1.7587809562683103,0.0017587809562683,175175,60
tobacco,equalize,543,1000,0.0013766288757324,1.748321771621704,0.0017483217716217,175565,60
tobacco,equalize,544,1000,0.0010764598846435,1.7621753215789795,0.0017621753215789,174367,60
tobacco,equalize,545,1000,0.0010981559753417,1.728501558303833,0.0017285015583038,172559,60
tobacco,equalize,546,1000,0.0014083385467529,1.7599537372589111,0.0017599537372589,174031,60
tobacco,equalize,547,1000,0.0010902881622314,1.7792952060699463,0.0017792952060699,174355,60
tobacco,equalize,548,1000,0.0011053085327148,1.7462153434753418,0.0017462153434753,175666,60
tobacco,equalize,549,1000,0.0014045238494873,1.8371119499206543,0.0018371119499206,175537,60
tobacco,equalize,550,1000,0.0010962486267089,1.7965068817138672,0.0017965068817138,175914,60
tobacco,equalize,551,1000,0.0010573863983154,1.7560710906982422,0.0017560710906982,172080,60
tobacco,equalize,552,1000,0.0014996528625488,1.7863006591796875,0.0017863006591796,176988,60
tobacco,equalize,553,1000,0.0011115074157714,1.80098295211792,0.0018009829521179,175995,60
tobacco,equalize,554,1000,0.0015907287597656,1.7689907550811768,0.0017689907550811,172133,60
tobacco,equalize,555,1000,0.001357078552246,1.722153663635254,0.0017221536636352,172548,60
tobacco,equalize,556,1000,0.0015113353729248,1.807401657104492,0.0018074016571044,177104,60
tobacco,equalize,557,1000,0.0010943412780761,1.753028154373169,0.0017530281543731,173265,60
tobacco,equalize,558,1000,0.0014419555664062,1.833031415939331,0.0018330314159393,174912,60
tobacco,equalize,559,1000,0.0010838508605957,1.7877891063690186,0.001787789106369,176329,60
tobacco,equalize,560,1000,0.001091718673706,1.7688467502593994,0.0017688467502593,176626,60
tobacco,equalize,561,1000,0.0013403892517089,1.7833120822906494,0.0017833120822906,174431,60
tobacco,equalize,562,1000,0.001077651977539,1.7935497760772705,0.0017935497760772,173194,60
tobacco,equalize,563,1000,0.0010745525360107,1.7751178741455078,0.0017751178741455,176646,60
tobacco,equalize,564,1000,0.0016355514526367,1.7795233726501465,0.0017795233726501,174806,60
tobacco,equalize,565,1000,0.0010750293731689,1.7728931903839111,0.0017728931903839,175089,60
tobacco,equalize,566,1000,0.0011203289031982,1.7543268203735352,0.0017543268203735,173518,60
tobacco,equalize,567,1000,0.0014126300811767,1.7714276313781738,0.0017714276313781,175641,60
tobacco,equalize,568,1000,0.0010876655578613,1.795811653137207,0.0017958116531372,175197,60
tobacco,equalize,569,1000,0.0011055469512939,1.773786544799805,0.0017737865447998,174471,60
tobacco,equalize,570,1000,0.0013873577117919,1.768078327178955,0.0017680783271789,176225,60
tobacco,equalize,571,1000,0.0010960102081298,1.811122179031372,0.0018111221790313,175704,60
tobacco,equalize,572,1000,0.0011289119720458,1.80256462097168,0.0018025646209716,172374,60
tobacco,equalize,573,1000,0.0014700889587402,1.8261749744415283,0.0018261749744415,175487,60
tobacco,equalize,574,1000,0.001112937927246,1.7978246212005615,0.0017978246212005,174024,60
tobacco,equalize,575,1000,0.001105785369873,1.7886507511138916,0.0017886507511138,175884,60
tobacco,equalize,576,1000,0.0013835430145263,1.7840380668640137,0.001784038066864,175066,60
tobacco,equalize,577,1000,0.0011079311370849,1.819427728652954,0.0018194277286529,172658,60
tobacco,equalize,578,1000,0.0014722347259521,1.7653019428253174,0.0017653019428253,175085,60
tobacco,equalize,579,1000,0.0014388561248779,2.3782448768615723,0.0023782448768615,173345,60
tobacco,equalize,580,1000,0.0011444091796875,2.502976894378662,0.0025029768943786,176540,60
tobacco,equalize,581,1000,0.0011255741119384,2.545409917831421,0.0025454099178314,175944,60
tobacco,equalize,582,1000,0.001692771911621,2.522674083709717,0.0025226740837097,172210,60
tobacco,equalize,583,1000,0.0010397434234619,2.484959125518799,0.0024849591255187,175918,60
tobacco,equalize,584,1000,0.0011382102966308,2.545133352279663,0.0025451333522796,175793,60
tobacco,equalize,585,1000,0.0014302730560302,2.5301146507263184,0.0025301146507263,174670,60
tobacco,equalize,586,1000,0.0010890960693359,2.590250015258789,0.0025902500152587,174238,60
tobacco,equalize,587,1000,0.0011096000671386,1.7675154209136963,0.0017675154209136,173835,60
tobacco,equalize,588,1000,0.0012500286102294,1.7694616317749023,0.0017694616317749,172839,60
tobacco,equalize,589,1000,0.0013220310211181,1.78068208694458,0.0017806820869445,173943,60
tobacco,equalize,590,1000,0.0011787414550781,1.7655963897705078,0.0017655963897705,176319,60
tobacco,equalize,591,1000,0.0013270378112792,1.774170160293579,0.0017741701602935,174850,60
tobacco,equalize,592,1000,0.0012519359588623,1.7598493099212646,0.0017598493099212,174112,60
tobacco,equalize,593,1000,0.0011625289916992,1.806595802307129,0.0018065958023071,174521,60
tobacco,equalize,594,1000,0.0017342567443847,1.7668278217315674,0.0017668278217315,175267,60
tobacco,equalize,595,1000,0.0012192726135253,1.7544279098510742,0.001754427909851,172543,60
tobacco,equalize,596,1000,0.0012633800506591,1.769141674041748,0.0017691416740417,176785,60
tobacco,equalize,597,1000,0.0013320446014404,1.756303787231445,0.0017563037872314,174041,60
tobacco,equalize,598,1000,0.00130295753479,1.7847466468811035,0.0017847466468811,174698,60
tobacco,equalize,599,1000,0.0011591911315917,1.7378342151641846,0.0017378342151641,172389,60
tobacco,equalize,600,1000,0.0013115406036376,1.7750043869018557,0.0017750043869018,175403,60
tobacco,equalize,601,1000,0.0016634464263916,1.806804895401001,0.001806804895401,176690,60
tobacco,equalize,602,1000,0.0013515949249267,1.7998497486114502,0.0017998497486114,175627,60
tobacco,equalize,603,1000,0.0013000965118408,1.7748334407806396,0.0017748334407806,173448,60
tobacco,equalize,604,1000,0.0012085437774658,1.7858564853668213,0.0017858564853668,173878,60
tobacco,equalize,605,1000,0.0011746883392333,1.7685465812683103,0.0017685465812683,175516,60
tobacco,equalize,606,1000,0.0017361640930175,1.7400813102722168,0.0017400813102722,173324,60
tobacco,equalize,607,1000,0.0012092590332031,1.7698190212249756,0.0017698190212249,175631,60
tobacco,equalize,608,1000,0.0011696815490722,1.7898144721984863,0.0017898144721984,173263,60
tobacco,equalize,609,1000,0.0015642642974853,1.8073172569274905,0.0018073172569274,174440,60
tobacco,equalize,610,1000,0.0014197826385498,1.757378339767456,0.0017573783397674,173898,60
tobacco,equalize,611,1000,0.0011594295501708,1.7567684650421145,0.0017567684650421,177043,60
tobacco,equalize,612,1000,0.0013556480407714,1.777841329574585,0.0017778413295745,170185,60
tobacco,equalize,613,1000,0.0012307167053222,1.797553777694702,0.0017975537776947,173797,60
tobacco,equalize,614,1000,0.0011579990386962,1.803577184677124,0.0018035771846771,174371,60
tobacco,equalize,615,1000,0.0013468265533447,1.7370405197143557,0.0017370405197143,173858,60
tobacco,equalize,616,1000,0.0012373924255371,1.7878086566925049,0.0017878086566925,177258,60
tobacco,equalize,617,1000,0.0011498928070068,1.7415528297424316,0.0017415528297424,172631,60
tobacco,equalize,618,1000,0.0013353824615478,1.7663490772247314,0.0017663490772247,176438,60
tobacco,equalize,619,1000,0.0011701583862304,1.7649824619293213,0.0017649824619293,172529,60
tobacco,equalize,620,1000,0.0011532306671142,1.7653913497924805,0.0017653913497924,173492,60
tobacco,equalize,621,1000,0.0013465881347656,1.7925443649291992,0.0017925443649291,174443,60
tobacco,equalize,622,1000,0.0011701583862304,1.7821788787841797,0.0017821788787841,172509,60
tobacco,equalize,623,1000,0.0011117458343505,1.75606369972229,0.0017560636997222,175503,60
tobacco,equalize,624,1000,0.0013303756713867,1.7709243297576904,0.0017709243297576,175062,60
tobacco,equalize,625,1000,0.00114107131958,1.8445732593536377,0.0018445732593536,175519,60
tobacco,equalize,626,1000,0.0011599063873291,1.779759645462036,0.001779759645462,176359,60
tobacco,equalize,627,1000,0.0013320446014404,1.764284610748291,0.0017642846107482,174698,60
tobacco,equalize,628,1000,0.0015492439270019,1.7770471572875977,0.0017770471572875,175875,60
tobacco,equalize,629,1000,0.0011250972747802,1.7878203392028809,0.0017878203392028,175242,60
tobacco,equalize,630,1000,0.0017530918121337,1.7669117450714111,0.0017669117450714,175488,60
tobacco,equalize,631,1000,0.001575231552124,1.799267053604126,0.0017992670536041,174235,60
tobacco,equalize,632,1000,0.001310110092163,1.8870763778686523,0.0018870763778686,172799,60
tobacco,equalize,633,1000,0.0012996196746826,1.771298885345459,0.0017712988853454,173586,60
tobacco,equalize,634,1000,0.0011262893676757,1.7502548694610596,0.001750254869461,172568,60
tobacco,equalize,635,1000,0.0011086463928222,1.7784433364868164,0.0017784433364868,177729,60
tobacco,equalize,636,1000,0.0013351440429687,1.802751064300537,0.0018027510643005,174074,60
tobacco,equalize,637,1000,0.0013933181762695,1.7872037887573242,0.0017872037887573,174968,60
tobacco,equalize,638,1000,0.0015895366668701,1.7420589923858645,0.0017420589923858,171867,60
tobacco,equalize,639,1000,0.0014503002166748,1.780458927154541,0.0017804589271545,175677,60
tobacco,equalize,640,1000,0.0011181831359863,1.7584269046783447,0.0017584269046783,174852,60
tobacco,equalize,641,1000,0.0011036396026611,1.757582664489746,0.0017575826644897,175169,60
tobacco,equalize,642,1000,0.0013620853424072,1.755795955657959,0.0017557959556579,174204,60
tobacco,equalize,643,1000,0.001115083694458,1.775345802307129,0.0017753458023071,174856,60
tobacco,equalize,644,1000,0.0011191368103027,1.7516989707946775,0.0017516989707946,173436,60
tobacco,equalize,645,1000,0.0013439655303955,1.746417760848999,0.0017464177608489,173229,60
tobacco,equalize,646,1000,0.0011305809020996,1.790658712387085,0.001790658712387,176845,60
tobacco,equalize,647,1000,0.0015590190887451,1.772681474685669,0.0017726814746856,173741,60
tobacco,equalize,648,1000,0.0013327598571777,1.767455816268921,0.0017674558162689,175071,60
tobacco,equalize,649,1000,0.0011210441589355,1.8556327819824217,0.0018556327819824,175801,60
tobacco,equalize,650,1000,0.0011031627655029,1.7392332553863523,0.0017392332553863,172305,60
tobacco,equalize,651,1000,0.0017731189727783,1.7655878067016602,0.0017655878067016,175455,60
tobacco,equalize,652,1000,0.0014688968658447,1.779893398284912,0.0017798933982849,176982,60
tobacco,equalize,653,1000,0.0011353492736816,1.759885549545288,0.0017598855495452,174532,60
tobacco,equalize,654,1000,0.0013246536254882,1.752763271331787,0.0017527632713317,174272,60
tobacco,equalize,655,1000,0.00111985206604,1.7679591178894043,0.0017679591178894,173794,60
tobacco,equalize,656,1000,0.0015933513641357,1.7704651355743408,0.0017704651355743,174618,60
tobacco,equalize,657,1000,0.00132417678833,1.7722570896148682,0.0017722570896148,176552,60
tobacco,equalize,658,1000,0.0011398792266845,1.7902700901031494,0.0017902700901031,177692,60
tobacco,equalize,659,1000,0.0011231899261474,1.7930793762207031,0.0017930793762207,176152,60
tobacco,equalize,660,1000,0.0015466213226318,1.7538719177246094,0.0017538719177246,172550,60
tobacco,equalize,661,1000,0.001124620437622,1.7575578689575195,0.0017575578689575,174461,60
tobacco,equalize,662,1000,0.001127004623413,1.783618450164795,0.0017836184501647,174108,60
tobacco,equalize,663,1000,0.0013697147369384,1.8161017894744875,0.0018161017894744,175092,60
tobacco,equalize,664,1000,0.0011835098266601,1.833805084228516,0.0018338050842285,175710,60
tobacco,equalize,665,1000,0.0012228488922119,1.808269023895264,0.0018082690238952,175470,60
tobacco,equalize,666,1000,0.0013902187347412,1.8950345516204836,0.0018950345516204,174275,60
tobacco,equalize,667,1000,0.001145601272583,1.75840163230896,0.0017584016323089,174881,60
tobacco,equalize,668,1000,0.0011177062988281,1.7342393398284912,0.0017342393398284,176925,60
tobacco,equalize,669,1000,0.0013611316680908,1.7615606784820557,0.001761560678482,174380,60
tobacco,equalize,670,1000,0.0011312961578369,1.7636301517486572,0.0017636301517486,174026,60
tobacco,equalize,671,1000,0.0011374950408935,1.7516100406646729,0.0017516100406646,173768,60
tobacco,equalize,672,1000,0.0013754367828369,1.7278921604156494,0.0017278921604156,174475,60
tobacco,equalize,673,1000,0.0010862350463867,1.7657814025878906,0.0017657814025878,175431,60
tobacco,equalize,674,1000,0.001075267791748,1.7578997611999512,0.0017578997611999,172736,60
tobacco,equalize,675,1000,0.0014111995697021,1.7720930576324463,0.0017720930576324,174025,60
tobacco,equalize,676,1000,0.0015261173248291,1.768164873123169,0.0017681648731231,175373,60
tobacco,equalize,677,1000,0.0010738372802734,1.7628061771392822,0.0017628061771392,171934,60
tobacco,equalize,678,1000,0.0013697147369384,1.7939448356628418,0.0017939448356628,173779,60
tobacco,equalize,679,1000,0.0010817050933837,1.779254674911499,0.0017792546749114,175333,60
tobacco,equalize,680,1000,0.0010838508605957,1.753506422042847,0.0017535064220428,177074,60
tobacco,equalize,681,1000,0.0013706684112548,1.7336714267730713,0.001733671426773,174136,60
tobacco,equalize,682,1000,0.0014913082122802,1.758631467819214,0.0017586314678192,173853,60
tobacco,equalize,683,1000,0.0011012554168701,1.8041563034057615,0.0018041563034057,174454,60
tobacco,equalize,684,1000,0.0018479824066162,1.7622671127319336,0.0017622671127319,176571,60
tobacco,equalize,685,1000,0.0010843276977539,1.7958052158355713,0.0017958052158355,174613,60
tobacco,equalize,686,1000,0.001084566116333,1.749276876449585,0.0017492768764495,174028,60
tobacco,equalize,687,1000,0.0013725757598876,1.7626380920410156,0.001762638092041,173735,60
tobacco,equalize,688,1000,0.0015122890472412,1.768831491470337,0.0017688314914703,170209,60
tobacco,equalize,689,1000,0.0011172294616699,1.8088533878326416,0.0018088533878326,174166,60
tobacco,equalize,690,1000,0.001328706741333,1.7564122676849363,0.0017564122676849,175968,60
tobacco,equalize,691,1000,0.0011537075042724,1.9000110626220703,0.001900011062622,175294,60
tobacco,equalize,692,1000,0.0014805793762207,1.7600867748260498,0.001760086774826,176108,60
tobacco,equalize,693,1000,0.0013794898986816,1.754436492919922,0.0017544364929199,174391,60
tobacco,equalize,694,1000,0.001070499420166,1.8179090023040767,0.001817909002304,175192,60
tobacco,equalize,695,1000,0.0010945796966552,1.7809114456176758,0.0017809114456176,177442,60
tobacco,equalize,696,1000,0.0013551712036132,1.7586438655853271,0.0017586438655853,172031,60
tobacco,equalize,697,1000,0.0011830329895019,1.917876482009888,0.0019178764820098,175415,60
tobacco,equalize,698,1000,0.0010888576507568,1.789985418319702,0.0017899854183197,174840,60
tobacco,equalize,699,1000,0.0013360977172851,1.786238193511963,0.0017862381935119,173491,60
tobacco,equalize,700,1000,0.001072883605957,1.8015666007995603,0.0018015666007995,175160,60
tobacco,equalize,701,1000,0.0011372566223144,1.7569587230682373,0.0017569587230682,175664,60
tobacco,equalize,702,1000,0.0014114379882812,1.8093500137329104,0.0018093500137329,174547,60
tobacco,equalize,703,1000,0.0010859966278076,1.756844997406006,0.001756844997406,172346,60
tobacco,equalize,704,1000,0.0010945796966552,1.76045823097229,0.0017604582309722,175547,60
tobacco,equalize,705,1000,0.0014259815216064,1.847726345062256,0.0018477263450622,176980,60
tobacco,equalize,706,1000,0.001488447189331,1.819957971572876,0.0018199579715728,177288,60
tobacco,equalize,707,1000,0.001603364944458,1.8776161670684812,0.0018776161670684,175660,60
tobacco,equalize,708,1000,0.0018441677093505,1.7725512981414795,0.0017725512981414,173381,60
tobacco,equalize,709,1000,0.001070499420166,1.7740564346313477,0.0017740564346313,174415,60
tobacco,equalize,710,1000,0.0010809898376464,1.7586884498596191,0.0017586884498596,176649,60
tobacco,equalize,711,1000,0.0014004707336425,1.7640948295593262,0.0017640948295593,177572,60
tobacco,equalize,712,1000,0.0010733604431152,1.775869369506836,0.0017758693695068,173810,60
tobacco,equalize,713,1000,0.0011053085327148,1.7622668743133545,0.0017622668743133,177604,60
tobacco,equalize,714,1000,0.0013971328735351,1.8628969192504885,0.0018628969192504,176447,60
tobacco,equalize,715,1000,0.001605749130249,1.805401086807251,0.0018054010868072,174813,60
tobacco,equalize,716,1000,0.001162052154541,1.8661675453186035,0.0018661675453186,179036,60
tobacco,equalize,717,1000,0.0014364719390869,1.7848644256591797,0.0017848644256591,173551,60
tobacco,equalize,718,1000,0.0011618137359619,1.8132472038269043,0.0018132472038269,176985,60
tobacco,equalize,719,1000,0.0015692710876464,1.8270914554595947,0.0018270914554595,174528,60
tobacco,equalize,720,1000,0.0013811588287353,1.977980136871338,0.0019779801368713,175403,60
tobacco,equalize,721,1000,0.0010714530944824,1.971596956253052,0.001971596956253,172124,60
tobacco,equalize,722,1000,0.0011217594146728,1.8686950206756592,0.0018686950206756,174908,60
tobacco,equalize,723,1000,0.0014188289642333,2.493823289871216,0.0024938232898712,173799,60
tobacco,equalize,724,1000,0.0014350414276123,2.3899173736572266,0.0023899173736572,174742,60
tobacco,equalize,725,1000,0.001338243484497,2.4808337688446045,0.0024808337688446,174677,60
tobacco,equalize,726,1000,0.0015454292297363,2.533559083938598,0.0025335590839385,176934,60
tobacco,equalize,727,1000,0.0010693073272705,2.536036968231201,0.0025360369682312,174706,60
tobacco,equalize,728,1000,0.0010969638824462,1.772639274597168,0.0017726392745971,174802,60
tobacco,equalize,729,1000,0.0017054080963134,1.756760597229004,0.001756760597229,172393,60
tobacco,equalize,730,1000,0.0013070106506347,1.8209552764892576,0.0018209552764892,175113,60
tobacco,equalize,731,1000,0.00118088722229,1.7608084678649902,0.0017608084678649,172961,60
tobacco,equalize,732,1000,0.0014529228210449,1.7618496417999268,0.0017618496417999,174793,60
tobacco,equalize,733,1000,0.0016925334930419,1.7850062847137451,0.0017850062847137,176078,60
tobacco,equalize,734,1000,0.0012042522430419,1.7596516609191897,0.0017596516609191,175810,60
tobacco,equalize,735,1000,0.0013389587402343,1.7733123302459717,0.0017733123302459,174145,60
tobacco,equalize,736,1000,0.0012481212615966,1.7741475105285645,0.0017741475105285,172432,60
tobacco,equalize,737,1000,0.0012433528900146,1.748302936553955,0.0017483029365539,175502,60
tobacco,equalize,738,1000,0.0013234615325927,1.7549376487731934,0.0017549376487731,172808,60
tobacco,equalize,739,1000,0.0012397766113281,1.7542212009429932,0.0017542212009429,173144,60
tobacco,equalize,740,1000,0.0011878013610839,1.775129318237305,0.0017751293182373,175262,60
tobacco,equalize,741,1000,0.0013022422790527,1.7786178588867188,0.0017786178588867,175429,60
tobacco,equalize,742,1000,0.0012266635894775,1.787719488143921,0.0017877194881439,173216,60
tobacco,equalize,743,1000,0.0011968612670898,1.7586524486541748,0.0017586524486541,174712,60
tobacco,equalize,744,1000,0.0013163089752197,1.7639575004577637,0.0017639575004577,174063,60
tobacco,equalize,745,1000,0.0016396045684814,1.7877256870269775,0.0017877256870269,174495,60
tobacco,equalize,746,1000,0.0016231536865234,1.772136688232422,0.0017721366882324,175781,60
tobacco,equalize,747,1000,0.0013244152069091,1.7560741901397705,0.0017560741901397,174913,60
tobacco,equalize,748,1000,0.0014142990112304,1.7623882293701172,0.0017623882293701,173305,60
tobacco,equalize,749,1000,0.0011725425720214,1.8500113487243648,0.0018500113487243,174694,60
tobacco,equalize,750,1000,0.0017910003662109,1.7722713947296145,0.0017722713947296,176251,60
tobacco,equalize,751,1000,0.0011994838714599,1.7896568775177002,0.0017896568775177,174394,60
tobacco,equalize,752,1000,0.00118088722229,1.7453107833862305,0.0017453107833862,173667,60
tobacco,equalize,753,1000,0.0014910697937011,1.851259708404541,0.0018512597084045,173045,60
tobacco,equalize,754,1000,0.0011556148529052,1.7678234577178955,0.0017678234577178,171804,60
tobacco,equalize,755,1000,0.0011491775512695,1.767183542251587,0.0017671835422515,173405,60
tobacco,equalize,756,1000,0.0013399124145507,1.7671515941619873,0.0017671515941619,175445,60
tobacco,equalize,757,1000,0.001178503036499,1.772289752960205,0.0017722897529602,172411,60
tobacco,equalize,758,1000,0.0011496543884277,1.7520420551300049,0.00175204205513,174561,60
tobacco,equalize,759,1000,0.0018455982208251,1.8082058429718015,0.0018082058429718,174289,60
tobacco,equalize,760,1000,0.0011897087097167,1.811922550201416,0.0018119225502014,174309,60
tobacco,equalize,761,1000,0.0011796951293945,1.758906364440918,0.0017589063644409,173776,60
tobacco,equalize,762,1000,0.0018208026885986,1.7701592445373535,0.0017701592445373,173597,60
tobacco,equalize,763,1000,0.0011699199676513,1.7461285591125488,0.0017461285591125,173620,60
tobacco,equalize,764,1000,0.0011746883392333,1.7885291576385498,0.0017885291576385,174783,60
tobacco,equalize,765,1000,0.0013427734375,1.7832610607147217,0.0017832610607147,173307,60
tobacco,equalize,766,1000,0.00120210647583,1.768939971923828,0.0017689399719238,173487,60
tobacco,equalize,767,1000,0.0011594295501708,1.7678897380828855,0.0017678897380828,172679,60
tobacco,equalize,768,1000,0.0013709068298339,1.7608189582824707,0.0017608189582824,174873,60
tobacco,equalize,769,1000,0.0012316703796386,1.772817850112915,0.0017728178501129,176466,60
tobacco,equalize,770,1000,0.0015349388122558,1.8039309978485107,0.0018039309978485,175373,60
tobacco,equalize,771,1000,0.001796007156372,1.746246099472046,0.001746246099472,174118,60
tobacco,equalize,772,1000,0.0011839866638183,1.7494683265686035,0.0017494683265686,173604,60
tobacco,equalize,773,1000,0.0011518001556396,1.810119867324829,0.0018101198673248,173986,60
tobacco,equalize,774,1000,0.0018002986907958,1.8177266120910645,0.001817726612091,175766,60
tobacco,equalize,775,1000,0.0011458396911621,1.761756420135498,0.0017617564201354,175529,60
tobacco,equalize,776,1000,0.001101016998291,1.7459437847137451,0.0017459437847137,173013,60
tobacco,equalize,777,1000,0.001349925994873,1.768489122390747,0.0017684891223907,174813,60
tobacco,equalize,778,1000,0.0011088848114013,1.7611641883850098,0.001761164188385,174658,60
tobacco,equalize,779,1000,0.0011062622070312,1.7583765983581543,0.0017583765983581,173319,60
tobacco,equalize,780,1000,0.001265525817871,1.7575485706329346,0.0017575485706329,173307,60
tobacco,equalize,781,1000,0.0011076927185058,1.821239233016968,0.0018212392330169,177696,60
tobacco,equalize,782,1000,0.0011897087097167,1.8167076110839844,0.0018167076110839,175022,60
tobacco,equalize,783,1000,0.0013422966003417,1.7667603492736816,0.0017667603492736,173294,60
tobacco,equalize,784,1000,0.0011029243469238,1.8031330108642576,0.0018031330108642,174971,60
tobacco,equalize,785,1000,0.001117467880249,1.7690224647521973,0.0017690224647521,175839,60
tobacco,equalize,786,1000,0.0012876987457275,1.7554006576538086,0.0017554006576538,172599,60
tobacco,equalize,787,1000,0.0011260509490966,1.77825665473938,0.0017782566547393,176785,60
tobacco,equalize,788,1000,0.0011148452758789,1.7672100067138672,0.0017672100067138,173690,60
tobacco,equalize,789,1000,0.0013623237609863,1.7549664974212646,0.0017549664974212,173394,60
tobacco,equalize,790,1000,0.0010986328125,1.7790451049804688,0.0017790451049804,174578,60
tobacco,equalize,791,1000,0.001162052154541,1.883357286453247,0.0018833572864532,177287,60
tobacco,equalize,792,1000,0.0015184879302978,1.770524024963379,0.0017705240249633,173844,60
tobacco,equalize,793,1000,0.0011069774627685,1.786393165588379,0.0017863931655883,178086,60
tobacco,equalize,794,1000,0.0011231899261474,1.7490220069885254,0.0017490220069885,175448,60
tobacco,equalize,795,1000,0.0013568401336669,1.757866144180298,0.0017578661441802,173357,60
tobacco,equalize,796,1000,0.0011205673217773,1.7944936752319336,0.0017944936752319,175104,60
tobacco,equalize,797,1000,0.0011308193206787,1.7868773937225342,0.0017868773937225,176564,60
tobacco,equalize,798,1000,0.0016305446624755,1.769864797592163,0.0017698647975921,175464,60
tobacco,equalize,799,1000,0.0013377666473388,1.805691480636597,0.0018056914806365,175274,60
tobacco,equalize,800,1000,0.0011608600616455,1.7849738597869873,0.0017849738597869,175343,60
tobacco,equalize,801,1000,0.0013923645019531,1.7599148750305176,0.0017599148750305,173630,60
tobacco,equalize,802,1000,0.0011415481567382,1.7833645343780518,0.001783364534378,176128,60
tobacco,equalize,803,1000,0.0011603832244873,1.870731830596924,0.0018707318305969,173978,60
tobacco,equalize,804,1000,0.00136399269104,1.760767936706543,0.0017607679367065,174376,60
tobacco,equalize,805,1000,0.0011358261108398,1.783508539199829,0.0017835085391998,175445,60
tobacco,equalize,806,1000,0.0013871192932128,1.7574169635772705,0.0017574169635772,172590,60
tobacco,equalize,807,1000,0.0014188289642333,1.7472350597381592,0.0017472350597381,173946,60
tobacco,equalize,808,1000,0.0010855197906494,1.7629425525665283,0.0017629425525665,174271,60
tobacco,equalize,809,1000,0.0011160373687744,1.744986057281494,0.0017449860572814,175216,60
tobacco,equalize,810,1000,0.0015594959259033,1.906646013259888,0.0019066460132598,174794,60
tobacco,equalize,811,1000,0.0010695457458496,1.7650089263916016,0.0017650089263916,175447,60
tobacco,equalize,812,1000,0.0010895729064941,1.7594592571258545,0.0017594592571258,177209,60
tobacco,equalize,813,1000,0.001357078552246,1.7862825393676758,0.0017862825393676,175929,60
tobacco,equalize,814,1000,0.0010888576507568,1.8371496200561523,0.0018371496200561,174463,60
tobacco,equalize,815,1000,0.0010976791381835,1.7657289505004885,0.0017657289505004,173175,60
tobacco,equalize,816,1000,0.001314640045166,1.7688989639282229,0.0017688989639282,173194,60
tobacco,equalize,817,1000,0.0014784336090087,1.7887871265411377,0.0017887871265411,175139,60
tobacco,equalize,818,1000,0.0010974407196044,1.751725673675537,0.0017517256736755,173243,60
tobacco,equalize,819,1000,0.0013315677642822,1.8153460025787356,0.0018153460025787,174943,60
tobacco,equalize,820,1000,0.0011951923370361,1.8993842601776123,0.0018993842601776,175117,60
tobacco,equalize,821,1000,0.0010938644409179,1.7514371871948242,0.0017514371871948,173398,60
tobacco,equalize,822,1000,0.0013735294342041,1.7461135387420654,0.001746113538742,171571,60
tobacco,equalize,823,1000,0.0010592937469482,1.7760756015777588,0.0017760756015777,175775,60
tobacco,equalize,824,1000,0.001112937927246,1.7435495853424072,0.0017435495853424,172647,60
tobacco,equalize,825,1000,0.001422643661499,1.7980220317840576,0.001798022031784,173611,60
tobacco,equalize,826,1000,0.0010867118835449,1.7755396366119385,0.0017755396366119,174061,60
tobacco,equalize,827,1000,0.0010983943939208,1.7556984424591064,0.0017556984424591,176041,60
tobacco,equalize,828,1000,0.0013940334320068,1.7619946002960205,0.001761994600296,172025,60
tobacco,equalize,829,1000,0.0010907649993896,1.785574436187744,0.0017855744361877,174128,60
tobacco,equalize,830,1000,0.0011250972747802,1.7825052738189695,0.0017825052738189,173297,60
tobacco,equalize,831,1000,0.001401662826538,1.8023648262023928,0.0018023648262023,174328,60
tobacco,equalize,832,1000,0.0010819435119628,1.7858502864837646,0.0017858502864837,177151,60
tobacco,equalize,833,1000,0.001091718673706,1.7726562023162842,0.0017726562023162,174377,60
tobacco,equalize,834,1000,0.0014305114746093,1.7914104461669922,0.0017914104461669,176854,60
tobacco,equalize,835,1000,0.0014290809631347,1.8161327838897705,0.0018161327838897,175442,60
tobacco,equalize,836,1000,0.0010828971862792,1.760573148727417,0.0017605731487274,173470,60
tobacco,equalize,837,1000,0.0014228820800781,1.775228500366211,0.0017752285003662,175399,60
tobacco,equalize,838,1000,0.0010552406311035,1.808295965194702,0.0018082959651947,175114,60
tobacco,equalize,839,1000,0.0013163089752197,1.9147825241088867,0.0019147825241088,172063,60
tobacco,equalize,840,1000,0.0013799667358398,1.7283637523651123,0.0017283637523651,172486,60
tobacco,equalize,841,1000,0.001105785369873,1.7854323387145996,0.0017854323387145,174930,60
tobacco,equalize,842,1000,0.0010995864868164,1.7996559143066406,0.0017996559143066,175277,60
tobacco,equalize,843,1000,0.0014033317565917,1.772716045379639,0.0017727160453796,174718,60
tobacco,equalize,844,1000,0.001039981842041,1.8130760192871092,0.0018130760192871,174479,60
tobacco,equalize,845,1000,0.0010993480682373,1.7707960605621338,0.0017707960605621,172958,60
tobacco,equalize,846,1000,0.0014436244964599,1.770500659942627,0.0017705006599426,173365,60
tobacco,equalize,847,1000,0.0014927387237548,1.7995007038116455,0.0017995007038116,175198,60
tobacco,equalize,848,1000,0.0011191368103027,1.767549991607666,0.0017675499916076,174687,60
tobacco,equalize,849,1000,0.0014123916625976,1.789792776107788,0.0017897927761077,174819,60
tobacco,equalize,850,1000,0.0010833740234375,1.810823678970337,0.0018108236789703,172602,60
tobacco,equalize,851,1000,0.0010855197906494,1.742770433425903,0.0017427704334259,172946,60
tobacco,equalize,852,1000,0.0013904571533203,1.7778770923614502,0.0017778770923614,172646,60
tobacco,equalize,853,1000,0.0012032985687255,1.876267433166504,0.0018762674331665,173083,60
tobacco,equalize,854,1000,0.0011119842529296,1.7840843200683594,0.0017840843200683,176364,60
tobacco,equalize,855,1000,0.0013859272003173,1.7628376483917236,0.0017628376483917,175286,60
tobacco,equalize,856,1000,0.0010678768157958,1.783782958984375,0.0017837829589843,177443,60
tobacco,equalize,857,1000,0.0010981559753417,1.7384352684020996,0.001738435268402,173292,60
tobacco,equalize,858,1000,0.0019974708557128,1.911290407180786,0.0019112904071807,174585,60
tobacco,equalize,859,1000,0.0012593269348144,1.833155870437622,0.0018331558704376,173662,60
tobacco,equalize,860,1000,0.0011093616485595,1.7686607837677002,0.0017686607837677,174731,60
tobacco,equalize,861,1000,0.0017468929290771,2.081620931625366,0.0020816209316253,174791,60
tobacco,equalize,862,1000,0.0015859603881835,2.1003363132476807,0.0021003363132476,176676,60
tobacco,equalize,863,1000,0.001103401184082,1.8532984256744385,0.0018532984256744,171821,60
tobacco,equalize,864,1000,0.0014448165893554,2.467454195022583,0.0024674541950225,176290,60
tobacco,equalize,865,1000,0.0010883808135986,2.462761640548706,0.0024627616405487,174530,60
tobacco,equalize,866,1000,0.0011191368103027,2.518520832061768,0.0025185208320617,174390,60
tobacco,equalize,867,1000,0.0014028549194335,2.4976651668548584,0.0024976651668548,172499,60
tobacco,equalize,868,1000,0.0010569095611572,2.508385419845581,0.0025083854198455,174966,60
tobacco,equalize,869,1000,0.0011153221130371,1.8067786693573,0.0018067786693572,175531,60
tobacco,equalize,870,1000,0.0012857913970947,1.7612979412078855,0.0017612979412078,174819,60
tobacco,equalize,871,1000,0.0013115406036376,1.7566850185394287,0.0017566850185394,174939,60
tobacco,equalize,872,1000,0.0012204647064208,1.7667288780212402,0.0017667288780212,175337,60
tobacco,equalize,873,1000,0.0017004013061523,1.7639667987823486,0.0017639667987823,173890,60
tobacco,equalize,874,1000,0.0013155937194824,1.7780535221099854,0.0017780535221099,177311,60
tobacco,equalize,875,1000,0.0015926361083984,1.7848560810089111,0.0017848560810089,177583,60
tobacco,equalize,876,1000,0.0013678073883056,1.770394802093506,0.0017703948020935,174754,60
tobacco,equalize,877,1000,0.0012598037719726,1.8011698722839355,0.0018011698722839,174982,60
tobacco,equalize,878,1000,0.0011401176452636,1.724780797958374,0.0017247807979583,174567,60
tobacco,equalize,879,1000,0.0014708042144775,1.740769863128662,0.0017407698631286,173479,60
tobacco,equalize,880,1000,0.0013465881347656,1.8554706573486328,0.0018554706573486,175006,60
tobacco,equalize,881,1000,0.0011970996856689,1.7550952434539795,0.0017550952434539,174499,60
tobacco,equalize,882,1000,0.0017535686492919,1.771937608718872,0.0017719376087188,174830,60
tobacco,equalize,883,1000,0.001244306564331,1.771695613861084,0.001771695613861,176376,60
tobacco,equalize,884,1000,0.0011589527130126,1.8033323287963867,0.0018033323287963,174982,60
tobacco,equalize,885,1000,0.0013315677642822,1.8203771114349363,0.0018203771114349,173205,60
tobacco,equalize,886,1000,0.0012502670288085,1.8051955699920652,0.001805195569992,178205,60
tobacco,equalize,887,1000,0.0011558532714843,1.827964305877685,0.0018279643058776,177840,60
tobacco,equalize,888,1000,0.0013108253479003,1.8028998374938965,0.0018028998374938,174587,60
tobacco,equalize,889,1000,0.0011849403381347,1.770012378692627,0.0017700123786926,174641,60
tobacco,equalize,890,1000,0.0011970996856689,1.769355535507202,0.0017693555355072,175777,60
tobacco,equalize,891,1000,0.001328706741333,1.7588181495666504,0.0017588181495666,175841,60
tobacco,equalize,892,1000,0.0012128353118896,1.7665700912475586,0.0017665700912475,174610,60
tobacco,equalize,893,1000,0.001145601272583,1.756731033325195,0.0017567310333251,175645,60
tobacco,equalize,894,1000,0.0015614032745361,1.7624492645263672,0.0017624492645263,173683,60
tobacco,equalize,895,1000,0.0013651847839355,1.7805352210998535,0.0017805352210998,176517,60
tobacco,equalize,896,1000,0.0011446475982666,1.7481505870819092,0.0017481505870819,174695,60
tobacco,equalize,897,1000,0.0013375282287597,1.7742650508880615,0.001774265050888,177029,60
tobacco,equalize,898,1000,0.0011696815490722,1.7632713317871094,0.0017632713317871,175966,60
tobacco,equalize,899,1000,0.0011391639709472,1.7705574035644531,0.0017705574035644,176644,60
tobacco,equalize,900,1000,0.0013027191162109,1.7657485008239746,0.0017657485008239,173781,60
tobacco,equalize,901,1000,0.0012452602386474,1.801853895187378,0.0018018538951873,176001,60
tobacco,equalize,902,1000,0.0011813640594482,1.8057594299316408,0.0018057594299316,176128,60
tobacco,equalize,903,1000,0.001333475112915,1.77832293510437,0.0017783229351043,176290,60
tobacco,equalize,904,1000,0.0016384124755859,1.795994758605957,0.0017959947586059,176268,60
tobacco,equalize,905,1000,0.0011520385742187,1.7858893871307373,0.0017858893871307,177902,60
tobacco,equalize,906,1000,0.0013201236724853,1.7703535556793213,0.0017703535556793,174383,60
tobacco,equalize,907,1000,0.0016477108001708,1.7991774082183838,0.0017991774082183,176568,60
tobacco,equalize,908,1000,0.0011806488037109,1.7576603889465332,0.0017576603889465,172376,60
tobacco,equalize,909,1000,0.0013527870178222,1.7515244483947754,0.0017515244483947,174297,60
tobacco,equalize,910,1000,0.0012297630310058,1.784675121307373,0.0017846751213073,174170,60
tobacco,equalize,911,1000,0.0011548995971679,1.7770133018493652,0.0017770133018493,174700,60
tobacco,equalize,912,1000,0.0013246536254882,1.80184006690979,0.0018018400669097,172572,60
tobacco,equalize,913,1000,0.0011489391326904,1.7833621501922607,0.0017833621501922,174224,60
tobacco,equalize,914,1000,0.0011529922485351,1.7468643188476562,0.0017468643188476,171911,60
tobacco,equalize,915,1000,0.0017054080963134,1.7749242782592771,0.0017749242782592,173685,60
tobacco,equalize,916,1000,0.0011727809906005,1.7598609924316406,0.0017598609924316,174689,60
tobacco,equalize,917,1000,0.001133918762207,1.7657206058502195,0.0017657206058502,174682,60
tobacco,equalize,918,1000,0.0013597011566162,1.8372535705566408,0.0018372535705566,179023,60
tobacco,equalize,919,1000,0.0011763572692871,1.8148717880249023,0.0018148717880249,175713,60
tobacco,equalize,920,1000,0.0011196136474609,1.7421212196350098,0.001742121219635,175666,60
tobacco,equalize,921,1000,0.0014643669128417,1.7673845291137695,0.0017673845291137,177612,60
tobacco,equalize,922,1000,0.0011417865753173,1.7932534217834473,0.0017932534217834,174352,60
tobacco,equalize,923,1000,0.0011148452758789,1.7570128440856934,0.0017570128440856,174110,60
tobacco,equalize,924,1000,0.0017011165618896,1.7510910034179688,0.0017510910034179,171926,60
tobacco,equalize,925,1000,0.0010807514190673,1.7537477016448977,0.0017537477016448,173143,60
tobacco,equalize,926,1000,0.0011265277862548,1.7770929336547852,0.0017770929336547,173627,60
tobacco,equalize,927,1000,0.0013041496276855,1.7642226219177246,0.0017642226219177,173983,60
tobacco,equalize,928,1000,0.0011494159698486,1.7815353870391846,0.0017815353870391,174786,60
tobacco,equalize,929,1000,0.0011200904846191,1.740931749343872,0.0017409317493438,173506,60
tobacco,equalize,930,1000,0.0013167858123779,1.7517192363739014,0.0017517192363739,172562,60
tobacco,equalize,931,1000,0.0011007785797119,1.7485215663909912,0.0017485215663909,174034,60
tobacco,equalize,932,1000,0.0011196136474609,1.754009246826172,0.0017540092468261,172992,60
tobacco,equalize,933,1000,0.0013761520385742,1.7662811279296875,0.0017662811279296,172602,60
tobacco,equalize,934,1000,0.0011460781097412,1.7678184509277344,0.0017678184509277,175889,60
tobacco,equalize,935,1000,0.0011475086212158,1.7540292739868164,0.0017540292739868,173058,60
tobacco,equalize,936,1000,0.0013425350189208,1.744185209274292,0.0017441852092742,175018,60
tobacco,equalize,937,1000,0.0011014938354492,1.7926194667816162,0.0017926194667816,176908,60
tobacco,equalize,938,1000,0.0011494159698486,1.7800257205963137,0.0017800257205963,176829,60
tobacco,equalize,939,1000,0.0014410018920898,1.782867670059204,0.0017828676700592,173633,60
tobacco,equalize,940,1000,0.0013117790222167,1.7607712745666504,0.0017607712745666,174380,60
tobacco,equalize,941,1000,0.0016143321990966,1.7430641651153564,0.0017430641651153,172610,60
tobacco,equalize,942,1000,0.0013599395751953,1.773120641708374,0.0017731206417083,173189,60
tobacco,equalize,943,1000,0.0013182163238525,1.7630939483642578,0.0017630939483642,173434,60
tobacco,equalize,944,1000,0.0011436939239501,1.7606627941131592,0.0017606627941131,173289,60
tobacco,equalize,945,1000,0.0013492107391357,1.7896349430084229,0.0017896349430084,175721,60
tobacco,equalize,946,1000,0.0011122226715087,1.7743794918060305,0.001774379491806,175203,60
tobacco,equalize,947,1000,0.0011444091796875,1.781710147857666,0.0017817101478576,174060,60
tobacco,equalize,948,1000,0.0014324188232421,1.7667732238769531,0.0017667732238769,174101,60
tobacco,equalize,949,1000,0.0011043548583984,1.7904016971588137,0.0017904016971588,174726,60
tobacco,equalize,950,1000,0.0011522769927978,1.7727835178375244,0.0017727835178375,175144,60
tobacco,equalize,951,1000,0.0013513565063476,1.7684175968170166,0.001768417596817,175591,60
tobacco,equalize,952,1000,0.001108169555664,1.7666566371917725,0.0017666566371917,175188,60
tobacco,equalize,953,1000,0.0011072158813476,1.757899522781372,0.0017578995227813,175069,60
tobacco,equalize,954,1000,0.0013659000396728,1.73921537399292,0.0017392153739929,173738,60
tobacco,equalize,955,1000,0.0011723041534423,1.761777639389038,0.001761777639389,172012,60
tobacco,equalize,956,1000,0.0010786056518554,1.7731308937072754,0.0017731308937072,175892,60
tobacco,equalize,957,1000,0.001349925994873,1.7767932415008545,0.0017767932415008,176530,60
tobacco,equalize,958,1000,0.0010979175567626,1.8140597343444824,0.0018140597343444,173188,60
tobacco,equalize,959,1000,0.0015144348144531,1.7530593872070312,0.001753059387207,172466,60
tobacco,equalize,960,1000,0.0012910366058349,1.7735002040863037,0.0017735002040863,173468,60
tobacco,equalize,961,1000,0.0013430118560791,1.7751853466033936,0.0017751853466033,177754,60
tobacco,equalize,962,1000,0.0011229515075683,1.7840304374694824,0.0017840304374694,177724,60
tobacco,equalize,963,1000,0.001720905303955,1.7737443447113037,0.0017737443447113,176532,60
tobacco,equalize,964,1000,0.0010452270507812,1.7770819664001465,0.0017770819664001,173375,60
tobacco,equalize,965,1000,0.0014979839324951,1.7462844848632812,0.0017462844848632,174500,60
tobacco,equalize,966,1000,0.0013339519500732,1.7545044422149658,0.0017545044422149,176023,60
tobacco,equalize,967,1000,0.0010669231414794,1.7807207107543943,0.0017807207107543,174164,60
tobacco,equalize,968,1000,0.0010921955108642,1.774431228637695,0.0017744312286376,175278,60
tobacco,equalize,969,1000,0.0012874603271484,1.7721216678619385,0.0017721216678619,175041,60
tobacco,equalize,970,1000,0.0010526180267333,1.7664029598236084,0.0017664029598236,174848,60
tobacco,equalize,971,1000,0.0014872550964355,1.7667396068572998,0.0017667396068573,173770,60
tobacco,equalize,972,1000,0.0015711784362792,1.760419845581055,0.001760419845581,173722,60
tobacco,equalize,973,1000,0.001068115234375,1.771953821182251,0.0017719538211822,175916,60
tobacco,equalize,974,1000,0.001068115234375,1.7543814182281494,0.0017543814182281,174830,60
tobacco,equalize,975,1000,0.0013701915740966,1.7778630256652832,0.0017778630256652,175755,60
tobacco,equalize,976,1000,0.0010721683502197,1.7719175815582275,0.0017719175815582,174513,60
tobacco,equalize,977,1000,0.0011093616485595,1.7460308074951172,0.0017460308074951,174110,60
tobacco,equalize,978,1000,0.0013778209686279,1.7899763584136963,0.0017899763584136,176565,60
tobacco,equalize,979,1000,0.0010921955108642,1.821613311767578,0.0018216133117675,174254,60
tobacco,equalize,980,1000,0.0014832019805908,1.781783103942871,0.0017817831039428,175509,60
tobacco,equalize,981,1000,0.0018339157104492,1.7886250019073486,0.0017886250019073,173231,60
tobacco,equalize,982,1000,0.0010697841644287,1.786827802658081,0.001786827802658,173583,60
tobacco,equalize,983,1000,0.0011167526245117,1.7967050075531006,0.0017967050075531,174427,60
tobacco,equalize,984,1000,0.0013518333435058,1.779008150100708,0.0017790081501007,174690,60
tobacco,equalize,985,1000,0.001096487045288,1.783622980117798,0.0017836229801177,174976,60
tobacco,equalize,986,1000,0.0014746189117431,1.7434957027435305,0.0017434957027435,174143,60
tobacco,equalize,987,1000,0.0013597011566162,1.763272047042847,0.0017632720470428,176817,60
tobacco,equalize,988,1000,0.001070499420166,1.7960586547851562,0.0017960586547851,176259,60
tobacco,equalize,989,1000,0.0011262893676757,1.8309004306793213,0.0018309004306793,175460,60
tobacco,equalize,990,1000,0.0013751983642578,1.794144868850708,0.0017941448688507,176048,60
tobacco,equalize,991,1000,0.0010740756988525,1.7815399169921875,0.0017815399169921,175894,60
tobacco,equalize,992,1000,0.0011250972747802,1.75632905960083,0.0017563290596008,175678,60
tobacco,equalize,993,1000,0.0013768672943115,1.7743077278137207,0.0017743077278137,176351,60
tobacco,equalize,994,1000,0.0010526180267333,1.7685062885284424,0.0017685062885284,173614,60
tobacco,equalize,995,1000,0.0011103153228759,1.7497549057006836,0.0017497549057006,174711,60
tobacco,equalize,996,1000,0.0014324188232421,1.760969877243042,0.001760969877243,173654,60
tobacco,equalize,997,1000,0.0010697841644287,1.76416277885437,0.0017641627788543,173527,60
tobacco,equalize,998,1000,0.0015017986297607,1.7776010036468506,0.0017776010036468,174207,60
tobacco,equalize,999,1000,0.0014026165008544,1.778181076049805,0.0017781810760498,178034,60
ego,equalize,0,1000,0.0019917488098144,2.3002820014953613,0.0023002820014953,190061,60
ego,equalize,1,1000,0.002030611038208,2.201678991317749,0.0022016789913177,198129,60
ego,equalize,2,1000,0.0020697116851806,2.284836769104004,0.002284836769104,201202,60
ego,equalize,3,1000,0.0018749237060546,2.247992038726806,0.0022479920387268,193461,60
ego,equalize,4,1000,0.0020723342895507,2.7770814895629883,0.0027770814895629,198392,60
ego,equalize,5,1000,0.0021913051605224,2.821709156036377,0.0028217091560363,192909,60
ego,equalize,6,1000,0.0022768974304199,2.926266431808472,0.0029262664318084,191588,60
ego,equalize,7,1000,0.0019443035125732,2.056528329849243,0.0020565283298492,197018,60
ego,equalize,8,1000,0.0027647018432617,2.0858519077301025,0.0020858519077301,196093,60
ego,equalize,9,1000,0.0023784637451171,2.072140455245972,0.0020721404552459,193579,60
ego,equalize,10,1000,0.002103567123413,2.0295233726501465,0.0020295233726501,195749,60
ego,equalize,11,1000,0.0024096965789794,2.0546891689300537,0.00205468916893,196278,60
ego,equalize,12,1000,0.0025684833526611,2.092846632003784,0.0020928466320037,195820,60
ego,equalize,13,1000,0.0026168823242187,2.083121061325073,0.002083121061325,198696,60
ego,equalize,14,1000,0.0028736591339111,2.031647205352783,0.0020316472053527,196218,60
ego,equalize,15,1000,0.0026021003723144,2.1530873775482178,0.0021530873775482,198419,60
ego,equalize,16,1000,0.0020999908447265,2.056703329086304,0.0020567033290863,194672,60
ego,equalize,17,1000,0.0024402141571044,2.0783865451812744,0.0020783865451812,191639,60
ego,equalize,18,1000,0.0028538703918457,2.098782539367676,0.0020987825393676,193192,60
ego,equalize,19,1000,0.00213623046875,2.0157761573791504,0.0020157761573791,191858,60
ego,equalize,20,1000,0.0024099349975585,2.0626988410949707,0.0020626988410949,194412,60
ego,equalize,21,1000,0.002199649810791,2.0403287410736084,0.0020403287410736,195393,60
ego,equalize,22,1000,0.0021495819091796,2.0312376022338867,0.0020312376022338,195988,60
ego,equalize,23,1000,0.0023367404937744,2.069331884384156,0.0020693318843841,191300,60
ego,equalize,24,1000,0.0022280216217041,2.050630569458008,0.002050630569458,197560,60
ego,equalize,25,1000,0.0021233558654785,2.058512926101685,0.0020585129261016,194139,60
ego,equalize,26,1000,0.0024487972259521,2.0457630157470703,0.002045763015747,197898,60
ego,equalize,27,1000,0.0021364688873291,2.074124336242676,0.0020741243362426,200847,60
ego,equalize,28,1000,0.0021326541900634,2.050772190093994,0.0020507721900939,191573,60
ego,equalize,29,1000,0.0024049282073974,2.0372302532196045,0.0020372302532196,198907,60
ego,equalize,30,1000,0.0020787715911865,2.0369298458099365,0.0020369298458099,192462,60
ego,equalize,31,1000,0.002087116241455,2.0800154209136963,0.0020800154209136,194617,60
ego,equalize,32,1000,0.0023396015167236,2.074481964111328,0.0020744819641113,195396,60
ego,equalize,33,1000,0.0025146007537841,2.027820587158203,0.0020278205871582,192690,60
ego,equalize,34,1000,0.0021088123321533,2.055811882019043,0.002055811882019,197163,60
ego,equalize,35,1000,0.002772569656372,2.085416555404663,0.0020854165554046,196175,60
ego,equalize,36,1000,0.002042531967163,2.070009469985962,0.0020700094699859,197314,60
ego,equalize,37,1000,0.0021066665649414,2.0267372131347656,0.0020267372131347,194175,60
ego,equalize,38,1000,0.0023627281188964,2.0744049549102783,0.0020744049549102,195612,60
ego,equalize,39,1000,0.0020525455474853,2.056757688522339,0.0020567576885223,196415,60
ego,equalize,40,1000,0.0020341873168945,2.041926383972168,0.0020419263839721,193582,60
ego,equalize,41,1000,0.0024244785308837,2.038224458694458,0.0020382244586944,194661,60
ego,equalize,42,1000,0.0019874572753906,2.0375332832336426,0.0020375332832336,195965,60
ego,equalize,43,1000,0.0020639896392822,2.017216205596924,0.0020172162055969,195708,60
ego,equalize,44,1000,0.0023941993713378,2.0383005142211914,0.0020383005142211,198971,60
ego,equalize,45,1000,0.0023236274719238,2.176376342773437,0.0021763763427734,192785,60
ego,equalize,46,1000,0.0022180080413818,2.124074935913086,0.002124074935913,196230,60
ego,equalize,47,1000,0.0023329257965087,2.088973045349121,0.0020889730453491,196110,60
ego,equalize,48,1000,0.0020296573638916,2.0751261711120605,0.002075126171112,199432,60
ego,equalize,49,1000,0.0021278858184814,2.04948353767395,0.0020494835376739,197938,60
ego,equalize,50,1000,0.0024256706237792,2.065176248550415,0.0020651762485504,195755,60
ego,equalize,51,1000,0.0019969940185546,2.088866949081421,0.0020888669490814,194213,60
ego,equalize,52,1000,0.0021162033081054,2.05898380279541,0.0020589838027954,199431,60
ego,equalize,53,1000,0.0023725032806396,2.1055808067321777,0.0021055808067321,196306,60
ego,equalize,54,1000,0.0019989013671875,2.065768957138061,0.002065768957138,195591,60
ego,equalize,55,1000,0.0020220279693603,2.007267951965332,0.0020072679519653,187463,60
ego,equalize,56,1000,0.0022695064544677,2.0417723655700684,0.00204177236557,195985,60
ego,equalize,57,1000,0.0018939971923828,2.036273717880249,0.0020362737178802,193594,60
ego,equalize,58,1000,0.0020620822906494,2.00884747505188,0.0020088474750518,197529,60
ego,equalize,59,1000,0.0023920536041259,2.070039987564087,0.002070039987564,197389,60
ego,equalize,60,1000,0.0020279884338378,2.089410781860352,0.0020894107818603,194458,60
ego,equalize,61,1000,0.0022459030151367,2.0588173866271973,0.0020588173866271,196111,60
ego,equalize,62,1000,0.002378225326538,2.0558886528015137,0.0020558886528015,198261,60
ego,equalize,63,1000,0.0021862983703613,2.061118125915528,0.0020611181259155,195884,60
ego,equalize,64,1000,0.0023863315582275,2.0463387966156006,0.0020463387966156,196577,60
ego,equalize,65,1000,0.0023460388183593,2.026129484176636,0.0020261294841766,196152,60
ego,equalize,66,1000,0.0020883083343505,2.068981647491455,0.0020689816474914,195047,60
ego,equalize,67,1000,0.0020666122436523,2.0289528369903564,0.0020289528369903,192395,60
ego,equalize,68,1000,0.0022971630096435,2.028825759887696,0.0020288257598876,191166,60
ego,equalize,69,1000,0.0019354820251464,2.040089607238769,0.0020400896072387,193226,60
ego,equalize,70,1000,0.0020337104797363,2.027862787246704,0.0020278627872467,192065,60
ego,equalize,71,1000,0.0027134418487548,2.053905248641968,0.0020539052486419,196271,60
ego,equalize,72,1000,0.0019025802612304,2.0665080547332764,0.0020665080547332,194157,60
ego,equalize,73,1000,0.0023019313812255,2.019498825073242,0.0020194988250732,193661,60
ego,equalize,74,1000,0.0023796558380126,2.078164339065552,0.0020781643390655,193309,60
ego,equalize,75,1000,0.0018534660339355,2.0747108459472656,0.0020747108459472,194439,60
ego,equalize,76,1000,0.002023696899414,2.0232362747192383,0.0020232362747192,189687,60
ego,equalize,77,1000,0.0023252964019775,2.0756874084472656,0.0020756874084472,197916,60
ego,equalize,78,1000,0.0019145011901855,2.1326632499694824,0.0021326632499694,198409,60
ego,equalize,79,1000,0.0025246143341064,2.067030668258667,0.0020670306682586,193312,60
ego,equalize,80,1000,0.0026812553405761,2.1407623291015625,0.0021407623291015,199318,60
ego,equalize,81,1000,0.0020980834960937,2.1182827949523926,0.0021182827949523,195878,60
ego,equalize,82,1000,0.0021603107452392,2.054955244064331,0.0020549552440643,195209,60
ego,equalize,83,1000,0.0023229122161865,2.04050087928772,0.0020405008792877,197632,60
ego,equalize,84,1000,0.0019254684448242,2.151966094970703,0.0021519660949707,196508,60
ego,equalize,85,1000,0.0020427703857421,2.030690908432007,0.002030690908432,190677,60
ego,equalize,86,1000,0.002481460571289,2.0670371055603027,0.0020670371055603,195352,60
ego,equalize,87,1000,0.0018432140350341,2.1436033248901367,0.0021436033248901,194075,60
ego,equalize,88,1000,0.0020017623901367,2.1880035400390625,0.002188003540039,198766,60
ego,equalize,89,1000,0.0024986267089843,2.0489048957824707,0.0020489048957824,195018,60
ego,equalize,90,1000,0.0018587112426757,2.066394090652466,0.0020663940906524,197420,60
ego,equalize,91,1000,0.0020644664764404,2.046759366989136,0.0020467593669891,195721,60
ego,equalize,92,1000,0.0024173259735107,2.060924768447876,0.0020609247684478,194874,60
ego,equalize,93,1000,0.0018508434295654,2.061771869659424,0.0020617718696594,192109,60
ego,equalize,94,1000,0.001988410949707,2.072118759155273,0.0020721187591552,197133,60
ego,equalize,95,1000,0.0024139881134033,2.069786548614502,0.0020697865486145,196324,60
ego,equalize,96,1000,0.0017867088317871,2.0577056407928467,0.0020577056407928,192543,60
ego,equalize,97,1000,0.0020430088043212,2.08486270904541,0.0020848627090454,199369,60
ego,equalize,98,1000,0.0023610591888427,2.107137441635132,0.0021071374416351,199571,60
ego,equalize,99,1000,0.0018618106842041,2.1290361881256104,0.0021290361881256,196021,60
ego,equalize,100,1000,0.0019984245300292,2.084418535232544,0.0020844185352325,193640,60
ego,equalize,101,1000,0.0024406909942626,2.0987911224365234,0.0020987911224365,195212,60
ego,equalize,102,1000,0.001842975616455,2.05330777168274,0.0020533077716827,192391,60
ego,equalize,103,1000,0.0020549297332763,2.0864381790161133,0.0020864381790161,195191,60
ego,equalize,104,1000,0.0023994445800781,2.033348321914673,0.0020333483219146,194690,60
ego,equalize,105,1000,0.0019059181213378,2.0753328800201416,0.0020753328800201,197032,60
ego,equalize,106,1000,0.0020506381988525,2.0850603580474854,0.0020850603580474,196681,60
ego,equalize,107,1000,0.0023155212402343,2.344244241714477,0.0023442442417144,194324,60
ego,equalize,108,1000,0.0018160343170166,2.3039698600769043,0.0023039698600769,192690,60
ego,equalize,109,1000,0.0019943714141845,2.280400276184082,0.002280400276184,196252,60
ego,equalize,110,1000,0.002885103225708,2.336402416229248,0.0023364024162292,194886,60
ego,equalize,111,1000,0.0019013881683349,2.343755006790161,0.0023437550067901,198243,60
ego,equalize,112,1000,0.002009630203247,2.556199789047241,0.0025561997890472,193808,60
ego,equalize,113,1000,0.0023870468139648,2.2735025882720947,0.002273502588272,195605,60
ego,equalize,114,1000,0.0019011497497558,2.306351900100708,0.0023063519001007,196602,60
ego,equalize,115,1000,0.0020725727081298,2.4380836486816406,0.0024380836486816,188731,60
ego,equalize,116,1000,0.0024201869964599,2.260744571685791,0.0022607445716857,198271,60
ego,equalize,117,1000,0.0022518634796142,2.321530818939209,0.0023215308189392,197114,60
ego,equalize,118,1000,0.0020430088043212,2.4630980491638184,0.0024630980491638,189984,60
ego,equalize,119,1000,0.0024094581604003,2.4217870235443115,0.0024217870235443,195917,60
ego,equalize,120,1000,0.0018815994262695,2.463352918624878,0.0024633529186248,196078,60
ego,equalize,121,1000,0.0021247863769531,2.389435291290283,0.0023894352912902,193942,60
ego,equalize,122,1000,0.0024580955505371,2.4040772914886475,0.0024040772914886,199692,60
ego,equalize,123,1000,0.0018606185913085,2.377949953079224,0.0023779499530792,198590,60
ego,equalize,124,1000,0.0021812915802001,2.8733553886413574,0.0028733553886413,193859,60
ego,equalize,125,1000,0.0024495124816894,2.896117925643921,0.0028961179256439,194890,60
ego,equalize,126,1000,0.0018560886383056,3.0582940578460693,0.003058294057846,194578,60
ego,equalize,127,1000,0.0018596649169921,2.025886297225952,0.0020258862972259,192097,60
ego,equalize,128,1000,0.0024163722991943,2.0385358333587646,0.0020385358333587,193644,60
ego,equalize,129,1000,0.0022852420806884,2.0929644107818604,0.0020929644107818,195214,60
ego,equalize,130,1000,0.0020999908447265,2.035551786422729,0.0020355517864227,194317,60
ego,equalize,131,1000,0.002415657043457,2.042236089706421,0.0020422360897064,191888,60
ego,equalize,132,1000,0.0022339820861816,2.088860511779785,0.0020888605117797,194533,60
ego,equalize,133,1000,0.0021202564239501,2.039107084274292,0.0020391070842742,197873,60
ego,equalize,134,1000,0.0025322437286376,2.031988859176636,0.0020319888591766,196844,60
ego,equalize,135,1000,0.0022408962249755,2.058935642242432,0.0020589356422424,192002,60
ego,equalize,136,1000,0.002094030380249,2.062157154083252,0.0020621571540832,191718,60
ego,equalize,137,1000,0.002394676208496,2.036003589630127,0.0020360035896301,194683,60
ego,equalize,138,1000,0.0022585391998291,2.111580371856689,0.0021115803718566,195625,60
ego,equalize,139,1000,0.0021774768829345,2.0890822410583496,0.0020890822410583,196898,60
ego,equalize,140,1000,0.0024225711822509,2.048129081726074,0.002048129081726,195106,60
ego,equalize,141,1000,0.0021493434906005,2.04142427444458,0.0020414242744445,193554,60
ego,equalize,142,1000,0.0021147727966308,2.0518665313720703,0.002051866531372,193913,60
ego,equalize,143,1000,0.0023579597473144,2.043517827987671,0.0020435178279876,194718,60
ego,equalize,144,1000,0.00215744972229,2.064894914627075,0.002064894914627,197930,60
ego,equalize,145,1000,0.0021257400512695,2.059164047241211,0.0020591640472412,198336,60
ego,equalize,146,1000,0.0024387836456298,2.090561866760254,0.0020905618667602,198553,60
ego,equalize,147,1000,0.0021264553070068,2.0267958641052246,0.0020267958641052,194278,60
ego,equalize,148,1000,0.0020899772644042,2.028282165527344,0.0020282821655273,198094,60
ego,equalize,149,1000,0.0024011135101318,2.0943400859832764,0.0020943400859832,195245,60
ego,equalize,150,1000,0.0021281242370605,2.069408416748047,0.002069408416748,196639,60
ego,equalize,151,1000,0.0020773410797119,2.069995403289795,0.0020699954032897,198947,60
ego,equalize,152,1000,0.0025050640106201,2.115587949752808,0.0021155879497528,195993,60
ego,equalize,153,1000,0.0021030902862548,2.085299253463745,0.0020852992534637,197379,60
ego,equalize,154,1000,0.0021076202392578,2.006477832794189,0.0020064778327941,193480,60
ego,equalize,155,1000,0.0023539066314697,2.096697330474853,0.0020966973304748,197149,60
ego,equalize,156,1000,0.0021054744720458,2.0763256549835205,0.0020763256549835,197069,60
ego,equalize,157,1000,0.0021407604217529,2.0294346809387207,0.0020294346809387,194706,60
ego,equalize,158,1000,0.002385139465332,2.0286240577697754,0.0020286240577697,193577,60
ego,equalize,159,1000,0.0021173954010009,2.0534682273864746,0.0020534682273864,194017,60
ego,equalize,160,1000,0.0021066665649414,2.06614637374878,0.0020661463737487,193234,60
ego,equalize,161,1000,0.0024130344390869,2.0612807273864746,0.0020612807273864,195474,60
ego,equalize,162,1000,0.00205659866333,2.0561459064483643,0.0020561459064483,190368,60
ego,equalize,163,1000,0.0020790100097656,2.0331056118011475,0.0020331056118011,194512,60
ego,equalize,164,1000,0.0024275779724121,2.057897090911865,0.0020578970909118,199283,60
ego,equalize,165,1000,0.0021460056304931,2.062934637069702,0.0020629346370697,191716,60
ego,equalize,166,1000,0.0021197795867919,2.017491817474365,0.0020174918174743,192555,60
ego,equalize,167,1000,0.002375841140747,2.133648633956909,0.0021336486339569,201177,60
ego,equalize,168,1000,0.0019526481628417,2.1346752643585205,0.0021346752643585,197712,60
ego,equalize,169,1000,0.0020885467529296,2.0560319423675537,0.0020560319423675,199513,60
ego,equalize,170,1000,0.0030322074890136,2.054297685623169,0.0020542976856231,194909,60
ego,equalize,171,1000,0.0020167827606201,2.0791831016540527,0.002079183101654,194022,60
ego,equalize,172,1000,0.0020759105682373,2.009928703308105,0.0020099287033081,192217,60
ego,equalize,173,1000,0.0023460388183593,2.089529275894165,0.0020895292758941,198289,60
ego,equalize,174,1000,0.0019826889038085,2.0930635929107666,0.0020930635929107,197224,60
ego,equalize,175,1000,0.0020902156829833,2.038970708847046,0.002038970708847,193202,60
ego,equalize,176,1000,0.0022940635681152,2.087449312210083,0.00208744931221,193314,60
ego,equalize,177,1000,0.0019845962524414,2.077843427658081,0.002077843427658,190903,60
ego,equalize,178,1000,0.0020534992218017,2.010983228683472,0.0020109832286834,193217,60
ego,equalize,179,1000,0.0023341178894042,2.1054563522338867,0.0021054563522338,201891,60
ego,equalize,180,1000,0.0021307468414306,2.081268072128296,0.0020812680721282,199259,60
ego,equalize,181,1000,0.0021395683288574,2.1061244010925293,0.0021061244010925,196581,60
ego,equalize,182,1000,0.0023670196533203,2.046868801116944,0.0020468688011169,200015,60
ego,equalize,183,1000,0.0022594928741455,2.100697755813598,0.0021006977558135,192143,60
ego,equalize,184,1000,0.0020782947540283,2.048538446426392,0.0020485384464263,199234,60
ego,equalize,185,1000,0.002263069152832,2.1009514331817627,0.0021009514331817,195896,60
ego,equalize,186,1000,0.0019543170928955,2.1584105491638184,0.0021584105491638,197919,60
ego,equalize,187,1000,0.0020833015441894,2.022149085998535,0.0020221490859985,193982,60
ego,equalize,188,1000,0.0023367404937744,2.103215217590332,0.0021032152175903,202664,60
ego,equalize,189,1000,0.0019323825836181,2.0494649410247803,0.0020494649410247,192602,60
ego,equalize,190,1000,0.0020866394042968,2.096789836883545,0.0020967898368835,196785,60
ego,equalize,191,1000,0.0025591850280761,2.0386781692504883,0.0020386781692504,193464,60
ego,equalize,192,1000,0.00191330909729,2.1071794033050537,0.002107179403305,197046,60
ego,equalize,193,1000,0.0021157264709472,2.136798620223999,0.0021367986202239,196697,60
ego,equalize,194,1000,0.0023674964904785,2.042707920074463,0.0020427079200744,194316,60
ego,equalize,195,1000,0.0018720626831054,2.1079275608062744,0.0021079275608062,195850,60
ego,equalize,196,1000,0.002047061920166,2.040239095687866,0.0020402390956878,194055,60
ego,equalize,197,1000,0.0024893283843994,2.0684139728546143,0.0020684139728546,191621,60
ego,equalize,198,1000,0.0019104480743408,2.050694227218628,0.0020506942272186,193947,60
ego,equalize,199,1000,0.0021042823791503,2.0799899101257324,0.0020799899101257,195077,60
ego,equalize,200,1000,0.002349853515625,2.060906410217285,0.0020609064102172,194681,60
ego,equalize,201,1000,0.0023636817932128,2.135265350341797,0.0021352653503417,195152,60
ego,equalize,202,1000,0.0020496845245361,2.064332962036133,0.0020643329620361,192419,60
ego,equalize,203,1000,0.0024068355560302,2.043459177017212,0.0020434591770172,193670,60
ego,equalize,204,1000,0.0019869804382324,2.080663681030273,0.0020806636810302,198654,60
ego,equalize,205,1000,0.0020554065704345,2.024271011352539,0.0020242710113525,194859,60
ego,equalize,206,1000,0.0023152828216552,2.057424068450928,0.0020574240684509,192556,60
ego,equalize,207,1000,0.0019207000732421,2.080185890197754,0.0020801858901977,197422,60
ego,equalize,208,1000,0.0021126270294189,2.0870304107666016,0.0020870304107666,196180,60
ego,equalize,209,1000,0.0023806095123291,2.0721917152404785,0.0020721917152404,196189,60
ego,equalize,210,1000,0.0019261837005615,2.0920066833496094,0.0020920066833496,194553,60
ego,equalize,211,1000,0.0020806789398193,2.034459590911865,0.0020344595909118,196888,60
ego,equalize,212,1000,0.0023441314697265,2.0845947265625,0.0020845947265625,194885,60
ego,equalize,213,1000,0.0019471645355224,2.072636604309082,0.002072636604309,196616,60
ego,equalize,214,1000,0.0021412372589111,2.08860182762146,0.0020886018276214,194894,60
ego,equalize,215,1000,0.0024223327636718,2.0593602657318115,0.0020593602657318,195331,60
ego,equalize,216,1000,0.0018689632415771,2.059807062149048,0.002059807062149,193348,60
ego,equalize,217,1000,0.0021183490753173,2.041095495223999,0.0020410954952239,194302,60
ego,equalize,218,1000,0.0026202201843261,2.033524513244629,0.0020335245132446,192134,60
ego,equalize,219,1000,0.0018270015716552,2.128885507583618,0.0021288855075836,196242,60
ego,equalize,220,1000,0.0024523735046386,2.0292723178863525,0.0020292723178863,196673,60
ego,equalize,221,1000,0.0024638175964355,2.2501220703125,0.0022501220703125,196007,60
ego,equalize,222,1000,0.0018184185028076,2.0751824378967285,0.0020751824378967,198409,60
ego,equalize,223,1000,0.0023956298828125,2.054108142852783,0.0020541081428527,199428,60
ego,equalize,224,1000,0.0022475719451904,2.2230913639068604,0.0022230913639068,193286,60
ego,equalize,225,1000,0.0018448829650878,2.0565617084503174,0.0020565617084503,192222,60
ego,equalize,226,1000,0.0020365715026855,2.1697487831115723,0.0021697487831115,193796,60
ego,equalize,227,1000,0.0024659633636474,2.260960102081299,0.0022609601020812,193047,60
ego,equalize,228,1000,0.0018548965454101,2.3155038356781006,0.0023155038356781,197305,60
ego,equalize,229,1000,0.0024423599243164,2.2650153636932373,0.0022650153636932,195737,60
ego,equalize,230,1000,0.0023026466369628,2.367314338684082,0.002367314338684,195680,60
ego,equalize,231,1000,0.0018966197967529,2.3910441398620605,0.002391044139862,196889,60
ego,equalize,232,1000,0.0020248889923095,2.505215644836426,0.0025052156448364,192048,60
ego,equalize,233,1000,0.002507209777832,2.55743670463562,0.0025574367046356,198133,60
ego,equalize,234,1000,0.0019092559814453,2.546685218811035,0.002546685218811,197809,60
ego,equalize,235,1000,0.002058982849121,2.550220727920532,0.0025502207279205,197466,60
ego,equalize,236,1000,0.0023717880249023,2.48895525932312,0.0024889552593231,198309,60
ego,equalize,237,1000,0.0022072792053222,2.543586492538452,0.0025435864925384,193769,60
ego,equalize,238,1000,0.0019159317016601,2.5361459255218506,0.0025361459255218,196621,60
ego,equalize,239,1000,0.002488374710083,2.430853366851806,0.0024308533668518,192926,60
ego,equalize,240,1000,0.0018248558044433,2.4362940788269043,0.0024362940788269,194735,60
ego,equalize,241,1000,0.0025186538696289,2.438694477081299,0.0024386944770812,194756,60
ego,equalize,242,1000,0.0023200511932373,2.561436653137207,0.0025614366531372,194617,60
ego,equalize,243,1000,0.0018484592437744,2.2910385131835938,0.0022910385131835,194631,60
ego,equalize,244,1000,0.0020346641540527,2.8922994136810303,0.002892299413681,199806,60
ego,equalize,245,1000,0.0030601024627685,2.9366447925567627,0.0029366447925567,194156,60
ego,equalize,246,1000,0.001962661743164,3.0985541343688965,0.0030985541343688,194474,60
ego,equalize,247,1000,0.0018548965454101,2.078454732894897,0.0020784547328948,197348,60
ego,equalize,248,1000,0.0023984909057617,2.057964324951172,0.0020579643249511,196103,60
ego,equalize,249,1000,0.0023095607757568,2.0206589698791504,0.0020206589698791,192146,60
ego,equalize,250,1000,0.0020897388458251,2.024122476577759,0.0020241224765777,189652,60
ego,equalize,251,1000,0.0023529529571533,2.0279664993286133,0.0020279664993286,194908,60
ego,equalize,252,1000,0.0023090839385986,2.0843069553375244,0.0020843069553375,196286,60
ego,equalize,253,1000,0.0021390914916992,2.0353236198425293,0.0020353236198425,192682,60
ego,equalize,254,1000,0.0023944377899169,2.043204069137573,0.0020432040691375,198705,60
ego,equalize,255,1000,0.002213716506958,2.098703384399414,0.0020987033843994,192288,60
ego,equalize,256,1000,0.0021183490753173,2.015716791152954,0.0020157167911529,193538,60
ego,equalize,257,1000,0.0028574466705322,2.0739102363586426,0.0020739102363586,200571,60
ego,equalize,258,1000,0.0022938251495361,2.0275025367736816,0.0020275025367736,191074,60
ego,equalize,259,1000,0.0021696090698242,2.10923433303833,0.0021092343330383,195099,60
ego,equalize,260,1000,0.0024566650390625,2.048449277877808,0.0020484492778778,191178,60
ego,equalize,261,1000,0.0025477409362792,2.1054842472076416,0.0021054842472076,193134,60
ego,equalize,262,1000,0.0021402835845947,2.053191900253296,0.0020531919002532,196940,60
ego,equalize,263,1000,0.0028567314147949,2.0922977924346924,0.0020922977924346,194645,60
ego,equalize,264,1000,0.0021979808807373,2.0566442012786865,0.0020566442012786,197412,60
ego,equalize,265,1000,0.0021562576293945,2.025773048400879,0.0020257730484008,197949,60
ego,equalize,266,1000,0.0023872852325439,2.048750162124634,0.0020487501621246,192582,60
ego,equalize,267,1000,0.0021061897277832,2.046645402908325,0.0020466454029083,197218,60
ego,equalize,268,1000,0.0021193027496337,2.071496725082397,0.0020714967250823,197060,60
ego,equalize,269,1000,0.0024564266204833,2.0898358821868896,0.0020898358821868,198273,60
ego,equalize,270,1000,0.0021545886993408,2.0742576122283936,0.0020742576122283,192470,60
ego,equalize,271,1000,0.0021908283233642,2.0408289432525635,0.0020408289432525,195716,60
ego,equalize,272,1000,0.0023798942565917,2.0591750144958496,0.0020591750144958,196128,60
ego,equalize,273,1000,0.0020654201507568,2.022432804107666,0.0020224328041076,191974,60
ego,equalize,274,1000,0.0023581981658935,2.092087507247925,0.0020920875072479,195573,60
ego,equalize,275,1000,0.0024337768554687,2.0523719787597656,0.0020523719787597,199421,60
ego,equalize,276,1000,0.00211763381958,2.0580050945281982,0.0020580050945281,195866,60
ego,equalize,277,1000,0.0021247863769531,2.022986650466919,0.0020229866504669,193290,60
ego,equalize,278,1000,0.0023112297058105,2.082649946212769,0.0020826499462127,194128,60
ego,equalize,279,1000,0.0021171569824218,2.1344001293182373,0.0021344001293182,198605,60
ego,equalize,280,1000,0.0021660327911376,2.108457326889038,0.002108457326889,198561,60
ego,equalize,281,1000,0.0024363994598388,2.075059652328491,0.0020750596523284,200607,60
ego,equalize,282,1000,0.0020637512207031,2.1186273097991943,0.0021186273097991,194044,60
ego,equalize,283,1000,0.0024564266204833,2.0787553787231445,0.0020787553787231,194616,60
ego,equalize,284,1000,0.0024008750915527,2.0518958568573,0.0020518958568572,196888,60
ego,equalize,285,1000,0.0020394325256347,2.1073999404907227,0.0021073999404907,199537,60
ego,equalize,286,1000,0.0021224021911621,2.058445453643799,0.0020584454536437,198563,60
ego,equalize,287,1000,0.0023870468139648,2.0618813037872314,0.0020618813037872,192190,60
ego,equalize,288,1000,0.0021426677703857,2.158217191696167,0.0021582171916961,199636,60
ego,equalize,289,1000,0.0021018981933593,2.035595655441284,0.0020355956554412,197050,60
ego,equalize,290,1000,0.0024330615997314,2.043554782867432,0.0020435547828674,196285,60
ego,equalize,291,1000,0.0020332336425781,2.0693695545196533,0.0020693695545196,194752,60
ego,equalize,292,1000,0.002131700515747,2.129452705383301,0.0021294527053833,199423,60
ego,equalize,293,1000,0.0027668476104736,2.077632665634156,0.0020776326656341,192114,60
ego,equalize,294,1000,0.0020143985748291,2.083824157714844,0.0020838241577148,195865,60
ego,equalize,295,1000,0.0020973682403564,2.0337469577789307,0.0020337469577789,194832,60
ego,equalize,296,1000,0.002448558807373,2.064438581466675,0.0020644385814666,193580,60
ego,equalize,297,1000,0.0021007061004638,2.151684522628784,0.0021516845226287,195293,60
ego,equalize,298,1000,0.0022304058074951,2.071967124938965,0.0020719671249389,196463,60
ego,equalize,299,1000,0.0024850368499755,2.1482033729553223,0.0021482033729553,197236,60
ego,equalize,300,1000,0.0020163059234619,2.090728282928467,0.0020907282829284,199503,60
ego,equalize,301,1000,0.0020625591278076,2.066462278366089,0.002066462278366,196248,60
ego,equalize,302,1000,0.0023798942565917,2.0387566089630127,0.002038756608963,195393,60
ego,equalize,303,1000,0.0018999576568603,2.077800035476685,0.0020778000354766,193661,60
ego,equalize,304,1000,0.0021865367889404,2.1221492290496826,0.0021221492290496,192304,60
ego,equalize,305,1000,0.0023660659790039,2.1117517948150635,0.002111751794815,199305,60
ego,equalize,306,1000,0.0019562244415283,2.0702035427093506,0.0020702035427093,195906,60
ego,equalize,307,1000,0.0022699832916259,2.1206092834472656,0.0021206092834472,195819,60
ego,equalize,308,1000,0.0025882720947265,2.1319711208343506,0.0021319711208343,198160,60
ego,equalize,309,1000,0.0019254684448242,2.107517957687378,0.0021075179576873,198880,60
ego,equalize,310,1000,0.0021190643310546,2.114243268966675,0.0021142432689666,196595,60
ego,equalize,311,1000,0.0023980140686035,2.0940964221954346,0.0020940964221954,195705,60
ego,equalize,312,1000,0.00201416015625,2.122929573059082,0.002122929573059,195313,60
ego,equalize,313,1000,0.0020484924316406,2.088961839675904,0.0020889618396759,195899,60
ego,equalize,314,1000,0.0025298595428466,2.130867719650269,0.0021308677196502,198960,60
ego,equalize,315,1000,0.0019562244415283,2.0968337059021,0.002096833705902,194793,60
ego,equalize,316,1000,0.0021607875823974,2.1582093238830566,0.002158209323883,198715,60
ego,equalize,317,1000,0.0023882389068603,2.115362405776977,0.0021153624057769,193446,60
ego,equalize,318,1000,0.0019021034240722,2.0968286991119385,0.0020968286991119,191834,60
ego,equalize,319,1000,0.0023326873779296,2.153492212295532,0.0021534922122955,196773,60
ego,equalize,320,1000,0.0025160312652587,2.1013545989990234,0.002101354598999,192871,60
ego,equalize,321,1000,0.0019896030426025,2.182407855987549,0.0021824078559875,198287,60
ego,equalize,322,1000,0.0022039413452148,2.101393699645996,0.0021013936996459,196501,60
ego,equalize,323,1000,0.0024611949920654,2.114762783050537,0.0021147627830505,196383,60
ego,equalize,324,1000,0.0019366741180419,2.10162353515625,0.0021016235351562,198988,60
ego,equalize,325,1000,0.0021193027496337,2.093236207962036,0.002093236207962,190470,60
ego,equalize,326,1000,0.0024507045745849,2.1138856410980225,0.002113885641098,193358,60
ego,equalize,327,1000,0.0019097328186035,2.103851556777954,0.0021038515567779,197228,60
ego,equalize,328,1000,0.0021686553955078,2.137293815612793,0.0021372938156127,197535,60
ego,equalize,329,1000,0.0024442672729492,2.098301649093628,0.0020983016490936,196937,60
ego,equalize,330,1000,0.001887559890747,2.106166124343872,0.0021061661243438,195696,60
ego,equalize,331,1000,0.0022482872009277,2.112597703933716,0.0021125977039337,198499,60
ego,equalize,332,1000,0.00244140625,2.0594582557678223,0.0020594582557678,196391,60
ego,equalize,333,1000,0.0020608901977539,2.148721933364868,0.0021487219333648,194214,60
ego,equalize,334,1000,0.0021007061004638,2.095700979232788,0.0020957009792327,195516,60
ego,equalize,335,1000,0.0026400089263916,2.0811054706573486,0.0020811054706573,196238,60
ego,equalize,336,1000,0.0020244121551513,2.1650893688201904,0.0021650893688201,193681,60
ego,equalize,337,1000,0.002040147781372,2.0844314098358154,0.0020844314098358,195412,60
ego,equalize,338,1000,0.0024323463439941,2.087068557739258,0.0020870685577392,196000,60
ego,equalize,339,1000,0.0019140243530273,2.0825798511505127,0.0020825798511505,191587,60
ego,equalize,340,1000,0.0114502906799316,1.9450011253356927,0.0019450011253356,193509,60
ego,equalize,341,1000,0.0020182132720947,1.9243624210357664,0.0019243624210357,195467,60
ego,equalize,342,1000,0.0018765926361083,1.937916040420532,0.0019379160404205,199825,60
ego,equalize,343,1000,0.0017976760864257,1.9800329208374023,0.0019800329208374,194902,60
ego,equalize,344,1000,0.0018527507781982,1.933634042739868,0.0019336340427398,192884,60
ego,equalize,345,1000,0.00215744972229,1.989098072052002,0.001989098072052,200418,60
ego,equalize,346,1000,0.00236177444458,1.944439172744751,0.0019444391727447,199157,60
ego,equalize,347,1000,0.001847505569458,1.915513277053833,0.0019155132770538,189984,60
ego,equalize,348,1000,0.0017940998077392,1.930131196975708,0.0019301311969757,191475,60
ego,equalize,349,1000,0.0018389225006103,1.9138760566711424,0.0019138760566711,197820,60
ego,equalize,350,1000,0.0018773078918457,1.9431030750274656,0.0019431030750274,194050,60
ego,equalize,351,1000,0.002077579498291,1.9176783561706543,0.0019176783561706,194837,60
ego,equalize,352,1000,0.0017659664154052,1.9511916637420648,0.001951191663742,198529,60
ego,equalize,353,1000,0.0019049644470214,1.9697158336639404,0.0019697158336639,193884,60
ego,equalize,354,1000,0.0021336078643798,1.925275087356568,0.0019252750873565,196548,60
ego,equalize,355,1000,0.0020925998687744,1.897763729095459,0.0018977637290954,190799,60
ego,equalize,356,1000,0.0020158290863037,1.96067476272583,0.0019606747627258,199926,60
ego,equalize,357,1000,0.0017766952514648,1.98689603805542,0.0019868960380554,195275,60
ego,equalize,358,1000,0.0018672943115234,1.949018955230713,0.0019490189552307,197555,60
ego,equalize,359,1000,0.0020124912261962,1.9713201522827148,0.0019713201522827,194954,60
ego,equalize,360,1000,0.0018653869628906,1.9524283409118648,0.0019524283409118,193474,60
ego,equalize,361,1000,0.0019466876983642,1.917962551116944,0.0019179625511169,189205,60
ego,equalize,362,1000,0.0020442008972167,1.948838710784912,0.0019488387107849,200471,60
ego,equalize,363,1000,0.001826524734497,1.9629240036010744,0.001962924003601,194384,60
ego,equalize,364,1000,0.0019810199737548,1.9579200744628904,0.0019579200744628,199829,60
ego,equalize,365,1000,0.0020151138305664,1.9388651847839355,0.0019388651847839,196847,60
ego,equalize,366,1000,0.0018730163574218,1.9840166568756104,0.0019840166568756,194644,60
ego,equalize,367,1000,0.0019681453704833,1.9586408138275144,0.0019586408138275,198102,60
ego,equalize,368,1000,0.0024139881134033,1.9338171482086184,0.0019338171482086,198318,60
ego,equalize,369,1000,0.00181245803833,1.9932408332824707,0.0019932408332824,196068,60
ego,equalize,370,1000,0.001885175704956,2.043846368789673,0.0020438463687896,200304,60
ego,equalize,371,1000,0.0020339488983154,1.9430618286132808,0.0019430618286132,190848,60
ego,equalize,372,1000,0.0021839141845703,1.982693433761597,0.0019826934337615,191996,60
ego,equalize,373,1000,0.0020816326141357,1.9195518493652344,0.0019195518493652,197139,60
ego,equalize,374,1000,0.0024068355560302,1.9627668857574463,0.0019627668857574,197614,60
ego,equalize,375,1000,0.0021085739135742,2.003988027572632,0.0020039880275726,197938,60
ego,equalize,376,1000,0.0019278526306152,2.16634202003479,0.0021663420200347,195832,60
ego,equalize,377,1000,0.0020318031311035,2.267873525619507,0.0022678735256195,197040,60
ego,equalize,378,1000,0.0017762184143066,2.1235880851745605,0.0021235880851745,195840,60
ego,equalize,379,1000,0.0022604465484619,2.263129711151123,0.0022631297111511,193794,60
ego,equalize,380,1000,0.002183198928833,2.3855981826782227,0.0023855981826782,197496,60
ego,equalize,381,1000,0.0017061233520507,2.16158413887024,0.0021615841388702,195627,60
ego,equalize,382,1000,0.0021603107452392,2.2145910263061523,0.0022145910263061,196074,60
ego,equalize,383,1000,0.002063512802124,2.212742567062378,0.0022127425670623,196921,60
ego,equalize,384,1000,0.002181053161621,2.292009830474853,0.0022920098304748,193849,60
ego,equalize,385,1000,0.0018696784973144,2.04119610786438,0.0020411961078643,198517,60
ego,equalize,386,1000,0.0024523735046386,2.154430627822876,0.0021544306278228,195730,60
ego,equalize,387,1000,0.001697301864624,2.241409540176392,0.0022414095401763,199870,60
ego,equalize,388,1000,0.0018160343170166,2.2480809688568115,0.0022480809688568,191419,60
ego,equalize,389,1000,0.00211763381958,2.28287935256958,0.0022828793525695,193839,60
ego,equalize,390,1000,0.0021939277648925,2.2104251384735107,0.0022104251384735,196864,60
ego,equalize,391,1000,0.0021920204162597,2.208269119262696,0.0022082691192626,194018,60
ego,equalize,392,1000,0.0021255016326904,2.331995725631714,0.0023319957256317,196492,60
ego,equalize,393,1000,0.0017251968383789,2.2737324237823486,0.0022737324237823,196482,60
ego,equalize,394,1000,0.0018637180328369,2.5652661323547363,0.0025652661323547,194323,60
ego,equalize,395,1000,0.0020897388458251,2.689804077148437,0.0026898040771484,199442,60
ego,equalize,396,1000,0.0022108554840087,2.670961856842041,0.002670961856842,198783,60
ego,equalize,397,1000,0.0018262863159179,1.9447693824768064,0.0019447693824768,194690,60
ego,equalize,398,1000,0.0025956630706787,1.9327051639556885,0.0019327051639556,192831,60
ego,equalize,399,1000,0.0026121139526367,2.0140514373779297,0.0020140514373779,197364,60
ego,equalize,400,1000,0.0024268627166748,1.95731258392334,0.0019573125839233,197809,60
ego,equalize,401,1000,0.0022437572479248,1.9948437213897705,0.0019948437213897,202446,60
ego,equalize,402,1000,0.0025191307067871,1.917337417602539,0.0019173374176025,191217,60
ego,equalize,403,1000,0.0019974708557128,1.996193647384644,0.0019961936473846,192825,60
ego,equalize,404,1000,0.0027086734771728,1.9669110774993896,0.0019669110774993,197344,60
ego,equalize,405,1000,0.0022375583648681,2.0106987953186035,0.0020106987953186,203477,60
ego,equalize,406,1000,0.0024776458740234,1.9160194396972656,0.0019160194396972,189021,60
ego,equalize,407,1000,0.0023977756500244,2.0199227333068848,0.0020199227333068,198387,60
ego,equalize,408,1000,0.002002477645874,1.9329564571380613,0.001932956457138,190665,60
ego,equalize,409,1000,0.0019969940185546,1.9728789329528809,0.0019728789329528,199045,60
ego,equalize,410,1000,0.0027613639831542,1.977177143096924,0.0019771771430969,197223,60
ego,equalize,411,1000,0.0021862983703613,1.9751570224761963,0.0019751570224761,199348,60
ego,equalize,412,1000,0.001943826675415,1.973451852798462,0.0019734518527984,196203,60
ego,equalize,413,1000,0.0022833347320556,1.9439339637756348,0.0019439339637756,193282,60
ego,equalize,414,1000,0.0019576549530029,1.9829013347625728,0.0019829013347625,193688,60
ego,equalize,415,1000,0.0024952888488769,1.9134697914123533,0.0019134697914123,193170,60
ego,equalize,416,1000,0.0023543834686279,1.9867331981658936,0.0019867331981658,201580,60
ego,equalize,417,1000,0.0021147727966308,2.00438928604126,0.0020043892860412,198925,60
ego,equalize,418,1000,0.0019283294677734,1.991154670715332,0.0019911546707153,196651,60
ego,equalize,419,1000,0.0027425289154052,1.964336395263672,0.0019643363952636,195574,60
ego,equalize,420,1000,0.0021133422851562,1.9764540195465088,0.0019764540195465,192201,60
ego,equalize,421,1000,0.0024020671844482,1.923011779785156,0.0019230117797851,192529,60
ego,equalize,422,1000,0.0022752285003662,1.9941346645355225,0.0019941346645355,198319,60
ego,equalize,423,1000,0.0023484230041503,1.966604709625244,0.0019666047096252,191833,60
ego,equalize,424,1000,0.0019600391387939,1.907559871673584,0.0019075598716735,194195,60
ego,equalize,425,1000,0.0022201538085937,1.947547912597656,0.0019475479125976,193419,60
ego,equalize,426,1000,0.0020532608032226,1.9816975593566888,0.0019816975593566,192937,60
ego,equalize,427,1000,0.001981496810913,1.9157912731170648,0.001915791273117,193692,60
ego,equalize,428,1000,0.00230073928833,1.9285001754760744,0.001928500175476,191686,60
ego,equalize,429,1000,0.002051830291748,1.9464030265808103,0.0019464030265808,196293,60
ego,equalize,430,1000,0.0019543170928955,1.953165054321289,0.0019531650543212,190251,60
ego,equalize,431,1000,0.0027675628662109,2.0887691974639893,0.0020887691974639,201066,60
ego,equalize,432,1000,0.0019750595092773,1.9604477882385247,0.0019604477882385,196455,60
ego,equalize,433,1000,0.0019314289093017,1.949737787246704,0.0019497377872467,196184,60
ego,equalize,434,1000,0.0022604465484619,1.9669365882873533,0.0019669365882873,193947,60
ego,equalize,435,1000,0.0020861625671386,1.9726274013519287,0.0019726274013519,196724,60
ego,equalize,436,1000,0.0023128986358642,1.944089412689209,0.0019440894126892,193643,60
ego,equalize,437,1000,0.0022685527801513,1.9656827449798584,0.0019656827449798,194919,60
ego,equalize,438,1000,0.001997947692871,2.046563148498535,0.0020465631484985,196108,60
ego,equalize,439,1000,0.0019500255584716,1.976194143295288,0.0019761941432952,195842,60
ego,equalize,440,1000,0.0023050308227539,1.95356035232544,0.0019535603523254,192753,60
ego,equalize,441,1000,0.002150535583496,1.978498697280884,0.0019784986972808,189244,60
ego,equalize,442,1000,0.0019328594207763,1.935389518737793,0.0019353895187377,196672,60
ego,equalize,443,1000,0.0023267269134521,1.9467511177062988,0.0019467511177062,193591,60
ego,equalize,444,1000,0.0018994808197021,1.995640754699707,0.0019956407546997,195340,60
ego,equalize,445,1000,0.0023372173309326,2.003438234329224,0.0020034382343292,194856,60
ego,equalize,446,1000,0.0026535987854003,1.9356942176818848,0.0019356942176818,194776,60
ego,equalize,447,1000,0.0019605159759521,2.017831802368164,0.0020178318023681,192324,60
ego,equalize,448,1000,0.0023651123046875,1.9699418544769287,0.0019699418544769,193733,60
ego,equalize,449,1000,0.0023984909057617,2.015770435333252,0.0020157704353332,193856,60
ego,equalize,450,1000,0.0018262863159179,2.0271689891815186,0.0020271689891815,198093,60
ego,equalize,451,1000,0.0019423961639404,1.9542219638824463,0.0019542219638824,197520,60
ego,equalize,452,1000,0.0025746822357177,1.95880389213562,0.0019588038921356,196976,60
ego,equalize,453,1000,0.0018308162689208,1.9668385982513428,0.0019668385982513,197135,60
ego,equalize,454,1000,0.0023910999298095,1.9390804767608645,0.0019390804767608,192652,60
ego,equalize,455,1000,0.0025141239166259,2.056105136871338,0.0020561051368713,200590,60
ego,equalize,456,1000,0.0018677711486816,2.012669563293457,0.0020126695632934,194292,60
ego,equalize,457,1000,0.0019266605377197,1.9461338520050049,0.001946133852005,192946,60
ego,equalize,458,1000,0.0026690959930419,1.9730513095855715,0.0019730513095855,194688,60
ego,equalize,459,1000,0.0018622875213623,1.9880025386810305,0.001988002538681,196881,60
ego,equalize,460,1000,0.001939058303833,1.960171222686768,0.0019601712226867,195441,60
ego,equalize,461,1000,0.0023012161254882,1.949063062667847,0.0019490630626678,193444,60
ego,equalize,462,1000,0.0019407272338867,2.0104448795318604,0.0020104448795318,197625,60
ego,equalize,463,1000,0.001941442489624,1.9029788970947263,0.0019029788970947,193565,60
ego,equalize,464,1000,0.0026617050170898,1.9667174816131592,0.0019667174816131,198234,60
ego,equalize,465,1000,0.0023002624511718,1.716425895690918,0.0017164258956909,195718,60
ego,equalize,466,1000,0.0018360614776611,1.7267084121704102,0.0017267084121704,192220,60
ego,equalize,467,1000,0.0017955303192138,1.7851698398590088,0.001785169839859,197744,60
ego,equalize,468,1000,0.0043220520019531,1.764573574066162,0.0017645735740661,200580,60
ego,equalize,469,1000,0.0018248558044433,1.8333590030670168,0.001833359003067,193733,60
ego,equalize,470,1000,0.0017716884613037,1.733168125152588,0.0017331681251525,196653,60
ego,equalize,471,1000,0.0043966770172119,1.7655959129333496,0.0017655959129333,191060,60
ego,equalize,472,1000,0.0019080638885498,1.7641794681549072,0.0017641794681549,194750,60
ego,equalize,473,1000,0.0020592212677001,1.7640447616577148,0.0017640447616577,194797,60
ego,equalize,474,1000,0.0041975975036621,1.7759003639221191,0.0017759003639221,198596,60
ego,equalize,475,1000,0.0020864009857177,1.7707221508026123,0.0017707221508026,198365,60
ego,equalize,476,1000,0.0018777847290039,1.812052011489868,0.0018120520114898,197640,60
ego,equalize,477,1000,0.0042676925659179,1.767777919769287,0.0017677779197692,199984,60
ego,equalize,478,1000,0.0020053386688232,1.7437143325805664,0.0017437143325805,195918,60
ego,equalize,479,1000,0.002171516418457,1.766312837600708,0.0017663128376007,192607,60
ego,equalize,480,1000,0.0044136047363281,1.7643730640411377,0.0017643730640411,197062,60
ego,equalize,481,1000,0.0020921230316162,1.7700159549713137,0.0017700159549713,197483,60
ego,equalize,482,1000,0.0019083023071289,1.822190761566162,0.0018221907615661,192721,60
ego,equalize,483,1000,0.0044682025909423,1.7349679470062256,0.0017349679470062,190694,60
ego,equalize,484,1000,0.0024151802062988,1.7649331092834473,0.0017649331092834,193556,60
ego,equalize,485,1000,0.0019764900207519,1.8536639213562007,0.0018536639213562,198417,60
ego,equalize,486,1000,0.0045640468597412,1.7479982376098633,0.0017479982376098,198645,60
ego,equalize,487,1000,0.0023524761199951,1.7401933670043943,0.0017401933670043,191769,60
ego,equalize,488,1000,0.0023460388183593,1.759101629257202,0.0017591016292572,195207,60
ego,equalize,489,1000,0.0045619010925292,1.7678732872009275,0.0017678732872009,193508,60
ego,equalize,490,1000,0.0020325183868408,1.7436439990997314,0.0017436439990997,196857,60
ego,equalize,491,1000,0.0019862651824951,1.851142168045044,0.001851142168045,196174,60
ego,equalize,492,1000,0.0046708583831787,1.7451684474945068,0.0017451684474945,192555,60
ego,equalize,493,1000,0.002047061920166,1.7581052780151367,0.0017581052780151,188782,60
ego,equalize,494,1000,0.0019996166229248,1.7858803272247314,0.0017858803272247,197359,60
ego,equalize,495,1000,0.0047245025634765,1.7928433418273926,0.0017928433418273,191898,60
ego,equalize,496,1000,0.0021164417266845,1.7810087203979492,0.0017810087203979,190891,60
ego,equalize,497,1000,0.0024073123931884,1.7814931869506836,0.0017814931869506,197746,60
ego,equalize,498,1000,0.0051832199096679,1.7926671504974363,0.0017926671504974,197859,60
ego,equalize,499,1000,0.0021102428436279,1.776653289794922,0.0017766532897949,194800,60
ego,equalize,500,1000,0.0020380020141601,1.7925636768341064,0.0017925636768341,196943,60
ego,equalize,501,1000,0.0050339698791503,1.8230910301208496,0.0018230910301208,197434,60
ego,equalize,502,1000,0.0020599365234375,1.7531874179840088,0.001753187417984,197108,60
ego,equalize,503,1000,0.0020930767059326,1.8009963035583496,0.0018009963035583,197908,60
ego,equalize,504,1000,0.0050280094146728,1.7966885566711426,0.0017966885566711,194271,60
ego,equalize,505,1000,0.0021376609802246,1.7973825931549072,0.0017973825931549,199528,60
ego,equalize,506,1000,0.0020644664764404,1.7928762435913086,0.0017928762435913,193788,60
ego,equalize,507,1000,0.0054450035095214,1.7825186252593994,0.0017825186252593,193771,60
ego,equalize,508,1000,0.0024330615997314,1.7724294662475586,0.0017724294662475,193108,60
ego,equalize,509,1000,0.0020694732666015,1.7691466808319092,0.0017691466808319,190960,60
ego,equalize,510,1000,0.005204439163208,1.7919485569000244,0.0017919485569,194371,60
ego,equalize,511,1000,0.002223253250122,1.7946460247039795,0.0017946460247039,194612,60
ego,equalize,512,1000,0.0020923614501953,1.9085423946380613,0.001908542394638,200635,60
ego,equalize,513,1000,0.0057151317596435,1.7830431461334229,0.0017830431461334,196853,60
ego,equalize,514,1000,0.0021018981933593,1.7798595428466797,0.0017798595428466,194432,60
ego,equalize,515,1000,0.0020811557769775,1.7964708805084229,0.0017964708805084,194039,60
ego,equalize,516,1000,0.0054209232330322,1.7904047966003418,0.0017904047966003,193484,60
ego,equalize,517,1000,0.0026400089263916,1.7915408611297607,0.0017915408611297,196269,60
ego,equalize,518,1000,0.0023062229156494,1.8163201808929443,0.0018163201808929,195199,60
ego,equalize,519,1000,0.0055880546569824,1.7911672592163086,0.0017911672592163,193680,60
ego,equalize,520,1000,0.0021908283233642,1.7601299285888672,0.0017601299285888,193015,60
ego,equalize,521,1000,0.0022323131561279,1.838951826095581,0.0018389518260955,200902,60
ego,equalize,522,1000,0.005547285079956,1.801551342010498,0.0018015513420104,195107,60
ego,equalize,523,1000,0.0026636123657226,1.8729817867279053,0.0018729817867279,199184,60
ego,equalize,524,1000,0.0021436214447021,1.870532512664795,0.0018705325126647,193241,60
ego,equalize,525,1000,0.0057065486907958,1.7984802722930908,0.001798480272293,196711,60
ego,equalize,526,1000,0.0022332668304443,1.772848129272461,0.0017728481292724,190975,60
ego,equalize,527,1000,0.0026497840881347,1.7854151725769043,0.0017854151725769,193617,60
ego,equalize,528,1000,0.0057003498077392,1.805269479751587,0.0018052694797515,195758,60
ego,equalize,529,1000,0.0022411346435546,1.88623571395874,0.0018862357139587,195651,60
ego,equalize,530,1000,0.0021400451660156,1.8103082180023196,0.0018103082180023,195797,60
ego,equalize,531,1000,0.0058307647705078,1.81103515625,0.00181103515625,194030,60
ego,equalize,532,1000,0.0021767616271972,1.8087143898010252,0.001808714389801,198589,60
ego,equalize,533,1000,0.0026533603668212,1.8327200412750244,0.001832720041275,199160,60
ego,equalize,534,1000,0.005939245223999,1.8326997756958008,0.0018326997756958,194550,60
ego,equalize,535,1000,0.0023019313812255,1.8004376888275146,0.0018004376888275,196392,60
ego,equalize,536,1000,0.002171516418457,1.8725297451019287,0.0018725297451019,193426,60
ego,equalize,537,1000,0.0057384967803955,1.8284928798675537,0.0018284928798675,197787,60
ego,equalize,538,1000,0.0022585391998291,1.8535723686218264,0.0018535723686218,195393,60
ego,equalize,539,1000,0.0023598670959472,1.8524513244628904,0.0018524513244628,194345,60
ego,equalize,540,1000,0.0058696269989013,1.8457157611846924,0.0018457157611846,198534,60
ego,equalize,541,1000,0.0023150444030761,1.7885265350341797,0.0017885265350341,194580,60
ego,equalize,542,1000,0.0021479129791259,1.8646435737609863,0.0018646435737609,190886,60
ego,equalize,543,1000,0.0061748027801513,1.829795837402344,0.0018297958374023,194987,60
ego,equalize,544,1000,0.0022287368774414,1.8397526741027832,0.0018397526741027,196916,60
ego,equalize,545,1000,0.0025403499603271,1.7959086894989014,0.0017959086894989,195303,60
ego,equalize,546,1000,0.0060541629791259,1.83003568649292,0.0018300356864929,193148,60
ego,equalize,547,1000,0.0024633407592773,1.8020899295806885,0.0018020899295806,192134,60
ego,equalize,548,1000,0.0025482177734375,1.8725619316101076,0.0018725619316101,195233,60
ego,equalize,549,1000,0.0065858364105224,1.789670705795288,0.0017896707057952,191734,60
ego,equalize,550,1000,0.0023863315582275,1.8658576011657717,0.0018658576011657,196557,60
ego,equalize,551,1000,0.0026643276214599,1.8326241970062256,0.0018326241970062,192234,60
ego,equalize,552,1000,0.0067059993743896,1.8373639583587649,0.0018373639583587,196083,60
ego,equalize,553,1000,0.0024075508117675,1.780893087387085,0.001780893087387,188757,60
ego,equalize,554,1000,0.002453327178955,1.9144537448883057,0.0019144537448883,195805,60
ego,equalize,555,1000,0.0066902637481689,1.8772368431091309,0.0018772368431091,194790,60
ego,equalize,556,1000,0.0023877620697021,1.8663175106048584,0.0018663175106048,195917,60
ego,equalize,557,1000,0.0027413368225097,1.8780303001403809,0.0018780303001403,197898,60
ego,equalize,558,1000,0.0063135623931884,1.8364369869232176,0.0018364369869232,195626,60
ego,equalize,559,1000,0.0025382041931152,1.8476014137268064,0.0018476014137268,191432,60
ego,equalize,560,1000,0.0022146701812744,1.857637643814087,0.001857637643814,193704,60
ego,equalize,561,1000,0.0067737102508544,1.8219761848449707,0.0018219761848449,194000,60
ego,equalize,562,1000,0.0028846263885498,1.832843542098999,0.0018328435420989,195503,60
ego,equalize,563,1000,0.0022745132446289,1.848844289779663,0.0018488442897796,195184,60
ego,equalize,564,1000,0.0064039230346679,1.859739065170288,0.0018597390651702,192458,60
ego,equalize,565,1000,0.0024137496948242,1.8496654033660889,0.001849665403366,198151,60
ego,equalize,566,1000,0.0026922225952148,1.8751749992370603,0.001875174999237,194858,60
ego,equalize,567,1000,0.0063567161560058,1.842022180557251,0.0018420221805572,198638,60
ego,equalize,568,1000,0.0024924278259277,1.887453556060791,0.0018874535560607,195812,60
ego,equalize,569,1000,0.0023159980773925,1.8694095611572263,0.0018694095611572,201519,60
ego,equalize,570,1000,0.0069804191589355,1.8915915489196775,0.0018915915489196,198507,60
ego,equalize,571,1000,0.0023934841156005,1.8266737461090088,0.001826673746109,189764,60
ego,equalize,572,1000,0.0022594928741455,1.8746297359466555,0.0018746297359466,195166,60
ego,equalize,573,1000,0.0069406032562255,1.8295366764068604,0.0018295366764068,196069,60
ego,equalize,574,1000,0.0029089450836181,1.837829828262329,0.0018378298282623,192993,60
ego,equalize,575,1000,0.0023419857025146,1.8197565078735352,0.0018197565078735,195665,60
ego,equalize,576,1000,0.0069587230682373,1.8482260704040527,0.001848226070404,194133,60
ego,equalize,577,1000,0.0024640560150146,2.0086374282836914,0.0020086374282836,196459,60
ego,equalize,578,1000,0.0026676654815673,2.105987787246704,0.0021059877872467,196033,60
ego,equalize,579,1000,0.0069272518157958,2.2091221809387207,0.0022091221809387,195702,60
ego,equalize,580,1000,0.0023753643035888,1.888622045516968,0.0018886220455169,196022,60
ego,equalize,581,1000,0.002671480178833,2.089987277984619,0.0020899872779846,197652,60
ego,equalize,582,1000,0.0068140029907226,2.037776470184326,0.0020377764701843,191195,60
ego,equalize,583,1000,0.0024383068084716,1.8938696384429927,0.0018938696384429,191309,60
ego,equalize,584,1000,0.0022046566009521,2.033613920211792,0.0020336139202117,193097,60
ego,equalize,585,1000,0.0068795680999755,2.195109367370605,0.0021951093673706,193528,60
ego,equalize,586,1000,0.0024516582489013,2.0975773334503174,0.0020975773334503,198727,60
ego,equalize,587,1000,0.0027773380279541,2.142221689224243,0.0021422216892242,195201,60
ego,equalize,588,1000,0.0063905715942382,2.200796127319336,0.0022007961273193,196945,60
ego,equalize,589,1000,0.0029926300048828,2.612262010574341,0.0026122620105743,198085,60
ego,equalize,590,1000,0.002169132232666,2.151146173477173,0.0021511461734771,189964,60
ego,equalize,591,1000,0.0066194534301757,2.026745557785034,0.002026745557785,199762,60
ego,equalize,592,1000,0.0029127597808837,2.2489001750946045,0.0022489001750946,193838,60
ego,equalize,593,1000,0.0023508071899414,2.1092560291290283,0.002109256029129,197577,60
ego,equalize,594,1000,0.0070695877075195,2.230187177658081,0.002230187177658,196005,60
ego,equalize,595,1000,0.0025484561920166,2.187335968017578,0.0021873359680175,193643,60
ego,equalize,596,1000,0.0026211738586425,2.22330904006958,0.0022233090400695,190184,60
ego,equalize,597,1000,0.007009744644165,2.042405366897583,0.0020424053668975,198024,60
ego,equalize,598,1000,0.0025017261505126,2.42802357673645,0.0024280235767364,197062,60
ego,equalize,599,1000,0.0023860931396484,2.1147594451904297,0.0021147594451904,194605,60
ego,equalize,600,1000,0.0066978931427001,2.0914268493652344,0.0020914268493652,193547,60
ego,equalize,601,1000,0.00248384475708,2.140871286392212,0.0021408712863922,194954,60
ego,equalize,602,1000,0.0027456283569335,2.047844648361206,0.0020478446483612,195208,60
ego,equalize,603,1000,0.0072269439697265,2.107965469360352,0.0021079654693603,197755,60
ego,equalize,604,1000,0.002570629119873,2.230179071426392,0.0022301790714263,194725,60
ego,equalize,605,1000,0.0022418498992919,2.1026313304901123,0.0021026313304901,192630,60
ego,equalize,606,1000,0.0067102909088134,2.2207539081573486,0.0022207539081573,191601,60
ego,equalize,607,1000,0.0025186538696289,2.318795680999756,0.0023187956809997,199116,60
ego,equalize,608,1000,0.0026736259460449,2.3368654251098637,0.0023368654251098,198519,60
ego,equalize,609,1000,0.0073285102844238,2.4459779262542725,0.0024459779262542,197329,60
ego,equalize,610,1000,0.0026569366455078,2.750328540802002,0.002750328540802,194000,60
ego,equalize,611,1000,0.0023450851440429,2.805651426315308,0.0028056514263153,195387,60
ego,equalize,612,1000,0.0069620609283447,2.7120678424835205,0.0027120678424835,196422,60
ego,equalize,613,1000,0.0025238990783691,2.765582799911499,0.0027655827999114,198253,60
ego,equalize,614,1000,0.0026822090148925,2.8438966274261475,0.0028438966274261,195044,60
ego,equalize,615,1000,0.0069642066955566,2.92976713180542,0.0029297671318054,195720,60
ego,equalize,616,1000,0.0017716884613037,1.9290673732757568,0.0019290673732757,196481,60
ego,equalize,617,1000,0.002554178237915,1.902587652206421,0.0019025876522064,197207,60
ego,equalize,618,1000,0.0046613216400146,1.884037494659424,0.0018840374946594,194414,60
ego,equalize,619,1000,0.0026564598083496,1.8540430068969729,0.0018540430068969,192758,60
ego,equalize,620,1000,0.0021042823791503,1.83575701713562,0.0018357570171356,199116,60
ego,equalize,621,1000,0.004241943359375,1.8016927242279053,0.0018016927242279,191310,60
ego,equalize,622,1000,0.0025489330291748,1.8431150913238523,0.0018431150913238,196583,60
ego,equalize,623,1000,0.0023982524871826,1.869350910186768,0.0018693509101867,192350,60
ego,equalize,624,1000,0.0046961307525634,1.8309009075164795,0.0018309009075164,196245,60
ego,equalize,625,1000,0.002138614654541,1.8431627750396729,0.0018431627750396,196511,60
ego,equalize,626,1000,0.0020263195037841,1.8507232666015625,0.0018507232666015,194922,60
ego,equalize,627,1000,0.0046260356903076,2.0102627277374268,0.0020102627277374,197696,60
ego,equalize,628,1000,0.0022120475769042,1.841418981552124,0.0018414189815521,195816,60
ego,equalize,629,1000,0.0025060176849365,1.843730926513672,0.0018437309265136,190461,60
ego,equalize,630,1000,0.0047438144683837,1.8963508605957031,0.0018963508605957,190090,60
ego,equalize,631,1000,0.0025956630706787,1.8837833404541016,0.0018837833404541,198244,60
ego,equalize,632,1000,0.0022237300872802,1.871687650680542,0.0018716876506805,195027,60
ego,equalize,633,1000,0.0044836997985839,1.839740753173828,0.0018397407531738,189658,60
ego,equalize,634,1000,0.0021159648895263,1.8973305225372317,0.0018973305225372,199400,60
ego,equalize,635,1000,0.0021018981933593,1.8582992553710935,0.001858299255371,197396,60
ego,equalize,636,1000,0.0045969486236572,1.8717305660247805,0.0018717305660247,193671,60
ego,equalize,637,1000,0.0022385120391845,1.889410257339477,0.0018894102573394,197988,60
ego,equalize,638,1000,0.0021142959594726,1.8078703880310056,0.001807870388031,192605,60
ego,equalize,639,1000,0.0051102638244628,1.848501682281494,0.0018485016822814,193478,60
ego,equalize,640,1000,0.0022597312927246,1.9497652053833008,0.0019497652053833,199504,60
ego,equalize,641,1000,0.0024394989013671,1.8461322784423828,0.0018461322784423,195001,60
ego,equalize,642,1000,0.0048401355743408,1.868272304534912,0.0018682723045349,199270,60
ego,equalize,643,1000,0.0022788047790527,1.889542579650879,0.0018895425796508,197281,60
ego,equalize,644,1000,0.0021119117736816,1.9196984767913816,0.0019196984767913,195674,60
ego,equalize,645,1000,0.0046901702880859,1.8254694938659668,0.0018254694938659,189978,60
ego,equalize,646,1000,0.0023252964019775,1.8797369003295896,0.0018797369003295,195785,60
ego,equalize,647,1000,0.0025651454925537,1.849165916442871,0.0018491659164428,193738,60
ego,equalize,648,1000,0.0048949718475341,1.924110412597656,0.0019241104125976,198434,60
ego,equalize,649,1000,0.0027315616607666,1.8899197578430176,0.001889919757843,198935,60
ego,equalize,650,1000,0.0026276111602783,1.9537136554718015,0.0019537136554718,198068,60
ego,equalize,651,1000,0.0051820278167724,1.9144306182861328,0.0019144306182861,198210,60
ego,equalize,652,1000,0.0021898746490478,1.827296257019043,0.001827296257019,190555,60
ego,equalize,653,1000,0.0021975040435791,1.8472843170166016,0.0018472843170166,196236,60
ego,equalize,654,1000,0.0049989223480224,1.8146896362304688,0.0018146896362304,191488,60
ego,equalize,655,1000,0.0022330284118652,1.8917350769042969,0.0018917350769042,199943,60
ego,equalize,656,1000,0.0021238327026367,1.8902816772460935,0.001890281677246,200756,60
ego,equalize,657,1000,0.0052428245544433,1.8328313827514648,0.0018328313827514,194680,60
ego,equalize,658,1000,0.0022149085998535,1.8390977382659912,0.0018390977382659,196174,60
ego,equalize,659,1000,0.0021414756774902,1.8700551986694336,0.0018700551986694,192442,60
ego,equalize,660,1000,0.0050580501556396,1.8684091567993164,0.0018684091567993,198138,60
ego,equalize,661,1000,0.0021541118621826,1.8501360416412356,0.0018501360416412,191470,60
ego,equalize,662,1000,0.0021545886993408,1.8809561729431152,0.0018809561729431,197360,60
ego,equalize,663,1000,0.0048937797546386,1.8501782417297363,0.0018501782417297,197596,60
ego,equalize,664,1000,0.0021862983703613,1.8408751487731931,0.0018408751487731,195966,60
ego,equalize,665,1000,0.0022563934326171,1.8716657161712649,0.0018716657161712,194414,60
ego,equalize,666,1000,0.0050742626190185,1.8839361667633057,0.0018839361667633,193229,60
ego,equalize,667,1000,0.0024237632751464,1.8620843887329104,0.0018620843887329,197445,60
ego,equalize,668,1000,0.0021216869354248,1.869997262954712,0.0018699972629547,196912,60
ego,equalize,669,1000,0.0051276683807373,1.8626489639282229,0.0018626489639282,192330,60
ego,equalize,670,1000,0.0025804042816162,1.8773865699768064,0.0018773865699768,196222,60
ego,equalize,671,1000,0.0022027492523193,1.899242639541626,0.0018992426395416,191753,60
ego,equalize,672,1000,0.0051207542419433,1.8803129196166992,0.0018803129196166,197870,60
ego,equalize,673,1000,0.0023231506347656,1.8865978717803955,0.0018865978717803,196599,60
ego,equalize,674,1000,0.0022916793823242,1.889700412750244,0.0018897004127502,197694,60
ego,equalize,675,1000,0.0052239894866943,1.878525257110596,0.0018785252571105,197038,60
ego,equalize,676,1000,0.0023560523986816,1.873518466949463,0.0018735184669494,198609,60
ego,equalize,677,1000,0.0022516250610351,1.8793728351593015,0.0018793728351593,198092,60
ego,equalize,678,1000,0.005082368850708,1.8164420127868648,0.0018164420127868,189929,60
ego,equalize,679,1000,0.0029911994934082,1.906501531600952,0.0019065015316009,197556,60
ego,equalize,680,1000,0.0021929740905761,1.8619239330291748,0.0018619239330291,193469,60
ego,equalize,681,1000,0.0052852630615234,1.9094510078430176,0.001909451007843,196033,60
ego,equalize,682,1000,0.0023963451385498,1.871387720108032,0.001871387720108,197452,60
ego,equalize,683,1000,0.002253770828247,1.854041337966919,0.0018540413379669,193990,60
ego,equalize,684,1000,0.0053038597106933,1.9359362125396729,0.0019359362125396,193786,60
ego,equalize,685,1000,0.0022721290588378,1.8568825721740725,0.001856882572174,200026,60
ego,equalize,686,1000,0.0021669864654541,1.9088225364685056,0.0019088225364685,199066,60
ego,equalize,687,1000,0.0054447650909423,1.8357088565826416,0.0018357088565826,195761,60
ego,equalize,688,1000,0.0023775100708007,1.944199800491333,0.0019441998004913,198442,60
ego,equalize,689,1000,0.0023338794708251,1.9169893264770508,0.001916989326477,198243,60
ego,equalize,690,1000,0.0054554939270019,1.8969826698303225,0.0018969826698303,199359,60
ego,equalize,691,1000,0.0026297569274902,1.8863167762756348,0.0018863167762756,194693,60
ego,equalize,692,1000,0.0021770000457763,1.8546926975250244,0.001854692697525,192362,60
ego,equalize,693,1000,0.005702257156372,1.865163326263428,0.0018651633262634,194965,60
ego,equalize,694,1000,0.0023643970489501,1.910590887069702,0.0019105908870697,197465,60
ego,equalize,695,1000,0.0023128986358642,1.9109165668487549,0.0019109165668487,195534,60
ego,equalize,696,1000,0.0056252479553222,1.8594965934753416,0.0018594965934753,197061,60
ego,equalize,697,1000,0.0024709701538085,1.843501329421997,0.0018435013294219,193599,60
ego,equalize,698,1000,0.0022516250610351,1.9130921363830569,0.001913092136383,192288,60
ego,equalize,699,1000,0.0056915283203125,1.8324534893035889,0.0018324534893035,193714,60
ego,equalize,700,1000,0.002354621887207,1.8858156204223635,0.0018858156204223,194416,60
ego,equalize,701,1000,0.0023801326751708,1.926863670349121,0.0019268636703491,201592,60
ego,equalize,702,1000,0.0057003498077392,1.862786054611206,0.0018627860546112,193641,60
ego,equalize,703,1000,0.0024285316467285,1.882707357406616,0.0018827073574066,196686,60
ego,equalize,704,1000,0.0022501945495605,1.8543920516967771,0.0018543920516967,191521,60
ego,equalize,705,1000,0.0058386325836181,1.883873701095581,0.0018838737010955,196597,60
ego,equalize,706,1000,0.0023539066314697,1.8620193004608157,0.0018620193004608,190405,60
ego,equalize,707,1000,0.0023887157440185,1.9593925476074217,0.0019593925476074,193365,60
ego,equalize,708,1000,0.0058071613311767,1.8685991764068604,0.0018685991764068,193704,60
ego,equalize,709,1000,0.002882957458496,1.8821847438812256,0.0018821847438812,192972,60
ego,equalize,710,1000,0.0021789073944091,1.8804481029510496,0.001880448102951,195665,60
ego,equalize,711,1000,0.0059642791748046,1.8772976398468015,0.0018772976398468,193347,60
ego,equalize,712,1000,0.0023777484893798,1.904623746871948,0.0019046237468719,198986,60
ego,equalize,713,1000,0.0023996829986572,1.893718957901001,0.001893718957901,196031,60
ego,equalize,714,1000,0.0063750743865966,1.8487389087677,0.0018487389087677,193033,60
ego,equalize,715,1000,0.002481460571289,1.927152395248413,0.0019271523952484,195291,60
ego,equalize,716,1000,0.0022227764129638,1.9233434200286863,0.0019233434200286,195821,60
ego,equalize,717,1000,0.0058677196502685,1.942885160446167,0.0019428851604461,197729,60
ego,equalize,718,1000,0.0023105144500732,1.9191222190856931,0.0019191222190856,200260,60
ego,equalize,719,1000,0.0024724006652832,1.9153687953948972,0.0019153687953948,198657,60
ego,equalize,720,1000,0.0061268806457519,1.8746299743652344,0.0018746299743652,197150,60
ego,equalize,721,1000,0.0024354457855224,1.8395414352416992,0.0018395414352416,190342,60
ego,equalize,722,1000,0.0022618770599365,1.9145283699035645,0.0019145283699035,198027,60
ego,equalize,723,1000,0.006535530090332,1.860865831375122,0.0018608658313751,195952,60
ego,equalize,724,1000,0.0024421215057373,1.9080970287323,0.0019080970287322,197932,60
ego,equalize,725,1000,0.0023849010467529,1.87009859085083,0.0018700985908508,195959,60
ego,equalize,726,1000,0.0062208175659179,1.8518030643463133,0.0018518030643463,192228,60
ego,equalize,727,1000,0.0025341510772705,1.9117019176483157,0.0019117019176483,194668,60
ego,equalize,728,1000,0.0021748542785644,1.894263744354248,0.0018942637443542,199460,60
ego,equalize,729,1000,0.0063042640686035,1.875070095062256,0.0018750700950622,195185,60
ego,equalize,730,1000,0.0024282932281494,1.893919944763184,0.0018939199447631,197010,60
ego,equalize,731,1000,0.0024206638336181,1.8587737083435056,0.0018587737083435,191046,60
ego,equalize,732,1000,0.0063521862030029,1.9016051292419436,0.0019016051292419,195788,60
ego,equalize,733,1000,0.0025465488433837,1.9251856803894043,0.0019251856803894,201503,60
ego,equalize,734,1000,0.0022652149200439,1.962233066558838,0.0019622330665588,197725,60
ego,equalize,735,1000,0.0063328742980957,1.9013309478759768,0.0019013309478759,199357,60
ego,equalize,736,1000,0.0023808479309082,1.902087688446045,0.001902087688446,192196,60
ego,equalize,737,1000,0.0024394989013671,1.888044595718384,0.0018880445957183,194189,60
ego,equalize,738,1000,0.0064208507537841,1.93010687828064,0.0019301068782806,196276,60
ego,equalize,739,1000,0.0026144981384277,1.8656542301177976,0.0018656542301177,195546,60
ego,equalize,740,1000,0.0022461414337158,1.940840482711792,0.0019408404827117,195029,60
ego,equalize,741,1000,0.0064325332641601,1.9017245769500728,0.00190172457695,198523,60
ego,equalize,742,1000,0.0023844242095947,1.894557237625122,0.0018945572376251,192455,60
ego,equalize,743,1000,0.0025253295898437,1.8998441696166992,0.0018998441696166,192699,60
ego,equalize,744,1000,0.006465196609497,1.887371301651001,0.001887371301651,193603,60
ego,equalize,745,1000,0.0025761127471923,1.8803472518920896,0.001880347251892,192935,60
ego,equalize,746,1000,0.0023748874664306,1.9320216178894043,0.0019320216178894,194518,60
ego,equalize,747,1000,0.0068206787109375,1.8718671798706052,0.0018718671798706,191432,60
ego,equalize,748,1000,0.0024161338806152,1.8606133460998533,0.0018606133460998,192340,60
ego,equalize,749,1000,0.002420425415039,1.9283349514007568,0.0019283349514007,196406,60
ego,equalize,750,1000,0.0066051483154296,1.8944435119628904,0.0018944435119628,197206,60
ego,equalize,751,1000,0.0026679039001464,1.9028103351593015,0.0019028103351593,198629,60
ego,equalize,752,1000,0.0026557445526123,1.9367451667785645,0.0019367451667785,192301,60
ego,equalize,753,1000,0.0066046714782714,1.870777368545532,0.0018707773685455,191920,60
ego,equalize,754,1000,0.0024917125701904,1.9243056774139404,0.0019243056774139,198427,60
ego,equalize,755,1000,0.0024945735931396,1.9030101299285889,0.0019030101299285,193534,60
ego,equalize,756,1000,0.0066120624542236,1.944603681564331,0.0019446036815643,194220,60
ego,equalize,757,1000,0.0026383399963378,1.853454351425171,0.0018534543514251,192417,60
ego,equalize,758,1000,0.0022809505462646,1.981783151626587,0.0019817831516265,193335,60
ego,equalize,759,1000,0.0069036483764648,1.9230427742004397,0.0019230427742004,199432,60
ego,equalize,760,1000,0.0025105476379394,1.9226367473602293,0.0019226367473602,190986,60
ego,equalize,761,1000,0.0027182102203369,2.0216212272644043,0.0020216212272644,191927,60
ego,equalize,762,1000,0.0070111751556396,1.9011313915252688,0.0019011313915252,195193,60
ego,equalize,763,1000,0.002650499343872,1.9129784107208248,0.0019129784107208,197328,60
ego,equalize,764,1000,0.002342939376831,1.9342832565307615,0.0019342832565307,199894,60
ego,equalize,765,1000,0.00677490234375,1.905492067337036,0.001905492067337,196774,60
ego,equalize,766,1000,0.0023746490478515,1.8948240280151367,0.0018948240280151,189224,60
ego,equalize,767,1000,0.0024876594543457,1.8900954723358157,0.0018900954723358,193750,60
ego,equalize,768,1000,0.0072882175445556,1.924526929855347,0.0019245269298553,197504,60
ego,equalize,769,1000,0.0026676654815673,1.9228010177612305,0.0019228010177612,194499,60
ego,equalize,770,1000,0.0022716522216796,1.9355058670043943,0.0019355058670043,196452,60
ego,equalize,771,1000,0.0067462921142578,1.8760654926300049,0.00187606549263,193641,60
ego,equalize,772,1000,0.0024299621582031,1.9248523712158203,0.0019248523712158,201920,60
ego,equalize,773,1000,0.0025241374969482,2.157187461853028,0.002157187461853,196847,60
ego,equalize,774,1000,0.0073969364166259,1.9441754817962649,0.0019441754817962,193359,60
ego,equalize,775,1000,0.0027382373809814,1.9469900131225584,0.0019469900131225,197693,60
ego,equalize,776,1000,0.0022621154785156,2.1247949600219727,0.0021247949600219,193294,60
ego,equalize,777,1000,0.0068497657775878,1.9376039505004885,0.0019376039505004,197910,60
ego,equalize,778,1000,0.0024576187133789,1.915548324584961,0.0019155483245849,196568,60
ego,equalize,779,1000,0.0025177001953125,2.094199657440185,0.0020941996574401,195935,60
ego,equalize,780,1000,0.0068702697753906,1.9013104438781736,0.0019013104438781,193216,60
ego,equalize,781,1000,0.0027525424957275,1.9189677238464355,0.0019189677238464,193487,60
ego,equalize,782,1000,0.0023572444915771,1.9548017978668213,0.0019548017978668,200184,60
ego,equalize,783,1000,0.007153034210205,1.9062597751617432,0.0019062597751617,197597,60
ego,equalize,784,1000,0.0024309158325195,2.5215437412261963,0.0025215437412261,194525,60
ego,equalize,785,1000,0.0030059814453125,2.5617823600769043,0.0025617823600769,194275,60
ego,equalize,786,1000,0.0071809291839599,2.4780569076538086,0.0024780569076538,195540,60
ego,equalize,787,1000,0.0026524066925048,2.196133136749268,0.0021961331367492,197088,60
ego,equalize,788,1000,0.00238037109375,2.192835807800293,0.0021928358078002,195853,60
ego,equalize,789,1000,0.0072672367095947,2.504741668701172,0.0025047416687011,194449,60
ego,equalize,790,1000,0.0026044845581054,2.2299909591674805,0.0022299909591674,196187,60
ego,equalize,791,1000,0.0025503635406494,2.172029733657837,0.0021720297336578,195046,60
ego,equalize,792,1000,0.0068206787109375,2.3395259380340576,0.002339525938034,197306,60
ego,equalize,793,1000,0.002716064453125,2.269449472427368,0.0022694494724273,194429,60
ego,equalize,794,1000,0.0022995471954345,2.262108087539673,0.0022621080875396,196155,60
ego,equalize,795,1000,0.007387638092041,2.235558271408081,0.002235558271408,193878,60
ego,equalize,796,1000,0.0024731159210205,2.252265214920044,0.00225226521492,196677,60
ego,equalize,797,1000,0.0025038719177246,2.071636438369751,0.0020716364383697,195776,60
ego,equalize,798,1000,0.0069563388824462,2.1417365074157715,0.0021417365074157,191912,60
ego,equalize,799,1000,0.0026686191558837,2.273810386657715,0.0022738103866577,192763,60
ego,equalize,800,1000,0.0029520988464355,2.3403236865997314,0.0023403236865997,196036,60
ego,equalize,801,1000,0.0071079730987548,2.1513993740081787,0.0021513993740081,198380,60
ego,equalize,802,1000,0.0025279521942138,2.1435344219207764,0.0021435344219207,195424,60
ego,equalize,803,1000,0.0030481815338134,2.1220498085021973,0.0021220498085021,189272,60
ego,equalize,804,1000,0.0070388317108154,2.1703009605407715,0.0021703009605407,195774,60
ego,equalize,805,1000,0.0029056072235107,2.22108006477356,0.0022210800647735,193826,60
ego,equalize,806,1000,0.0024950504302978,2.654444932937622,0.0026544449329376,193649,60
ego,equalize,807,1000,0.0072319507598876,2.074789047241211,0.0020747890472412,192568,60
ego,equalize,808,1000,0.0027062892913818,2.4781885147094727,0.0024781885147094,195451,60
ego,equalize,809,1000,0.0030052661895751,2.798358678817749,0.0027983586788177,198106,60
ego,equalize,810,1000,0.0076503753662109,2.3146681785583496,0.0023146681785583,199269,60
ego,equalize,811,1000,0.0027191638946533,2.367724895477295,0.0023677248954772,196484,60
ego,equalize,812,1000,0.0024535655975341,2.8450796604156494,0.0028450796604156,197076,60
ego,equalize,813,1000,0.007004976272583,2.12274432182312,0.0021227443218231,200678,60
ego,equalize,814,1000,0.0025224685668945,2.16553282737732,0.0021655328273773,199196,60
ego,equalize,815,1000,0.002617597579956,2.805889129638672,0.0028058891296386,198188,60
ego,equalize,816,1000,0.0074126720428466,2.149011611938477,0.0021490116119384,199377,60
ego,equalize,817,1000,0.0027675628662109,2.856853008270264,0.0028568530082702,196358,60
ego,equalize,818,1000,0.0023698806762695,2.904373407363892,0.0029043734073638,192266,60
ego,equalize,819,1000,0.007106065750122,2.814453363418579,0.0028144533634185,192522,60
ego,equalize,820,1000,0.0025663375854492,2.8887410163879395,0.0028887410163879,190343,60
ego,equalize,821,1000,0.0025920867919921,2.9189817905426025,0.0029189817905426,188209,60
ego,equalize,822,1000,0.0076146125793457,3.1614346504211426,0.0031614346504211,202587,60
ego,equalize,823,1000,0.0022401809692382,1.9431509971618648,0.0019431509971618,196727,60
ego,equalize,824,1000,0.0020856857299804,1.944199085235596,0.0019441990852355,192142,60
ego,equalize,825,1000,0.0044453144073486,1.890165328979492,0.0018901653289794,193688,60
ego,equalize,826,1000,0.0028011798858642,1.8754117488861084,0.0018754117488861,193126,60
ego,equalize,827,1000,0.0021021366119384,1.876300573348999,0.0018763005733489,196288,60
ego,equalize,828,1000,0.0046684741973876,1.891883373260498,0.0018918833732604,191985,60
ego,equalize,829,1000,0.0022463798522949,1.8845691680908203,0.0018845691680908,192920,60
ego,equalize,830,1000,0.0020971298217773,1.8734097480773928,0.0018734097480773,193832,60
ego,equalize,831,1000,0.0044739246368408,1.9888951778411863,0.0019888951778411,197817,60
ego,equalize,832,1000,0.0022668838500976,1.8691484928131104,0.0018691484928131,195735,60
ego,equalize,833,1000,0.0021638870239257,1.8870975971221924,0.0018870975971221,195618,60
ego,equalize,834,1000,0.0043861865997314,1.9380178451538088,0.0019380178451538,199123,60
ego,equalize,835,1000,0.002328872680664,1.8960602283477783,0.0018960602283477,196460,60
ego,equalize,836,1000,0.0022253990173339,2.0052499771118164,0.0020052499771118,198870,60
ego,equalize,837,1000,0.0044760704040527,1.9040772914886477,0.0019040772914886,195010,60
ego,equalize,838,1000,0.0021953582763671,1.878661155700684,0.0018786611557006,192044,60
ego,equalize,839,1000,0.0022535324096679,1.9782519340515137,0.0019782519340515,195747,60
ego,equalize,840,1000,0.0049281120300292,1.8923120498657229,0.0018923120498657,199042,60
ego,equalize,841,1000,0.0022623538970947,1.898082256317139,0.0018980822563171,196974,60
ego,equalize,842,1000,0.0028114318847656,1.8817830085754397,0.0018817830085754,193564,60
ego,equalize,843,1000,0.0051605701446533,1.958195686340332,0.0019581956863403,195711,60
ego,equalize,844,1000,0.0022225379943847,1.926124095916748,0.0019261240959167,192111,60
ego,equalize,845,1000,0.0022199153900146,1.905245304107666,0.0019052453041076,195205,60
ego,equalize,846,1000,0.0051183700561523,1.9397003650665283,0.0019397003650665,200082,60
ego,equalize,847,1000,0.0022509098052978,1.9098803997039795,0.0019098803997039,199518,60
ego,equalize,848,1000,0.0024366378784179,2.019418716430664,0.0020194187164306,197807,60
ego,equalize,849,1000,0.0045816898345947,1.977945566177368,0.0019779455661773,191865,60
ego,equalize,850,1000,0.0026733875274658,1.881741523742676,0.0018817415237426,193139,60
ego,equalize,851,1000,0.0027217864990234,1.9159302711486816,0.0019159302711486,191153,60
ego,equalize,852,1000,0.0045366287231445,1.897676706314087,0.001897676706314,191690,60
ego,equalize,853,1000,0.0025100708007812,2.0486485958099365,0.0020486485958099,195607,60
ego,equalize,854,1000,0.0027186870574951,1.8931984901428225,0.0018931984901428,193786,60
ego,equalize,855,1000,0.0048887729644775,2.0889315605163574,0.0020889315605163,196250,60
ego,equalize,856,1000,0.0030629634857177,1.964792251586914,0.0019647922515869,190672,60
ego,equalize,857,1000,0.0022597312927246,1.97865891456604,0.001978658914566,193180,60
ego,equalize,858,1000,0.0047144889831542,1.901559829711914,0.0019015598297119,195575,60
ego,equalize,859,1000,0.0024890899658203,2.020350694656372,0.0020203506946563,193476,60
ego,equalize,860,1000,0.0022876262664794,1.893665075302124,0.0018936650753021,194648,60
ego,equalize,861,1000,0.0048737525939941,1.881377458572388,0.0018813774585723,194542,60
ego,equalize,862,1000,0.0023174285888671,1.940535068511963,0.0019405350685119,194296,60
ego,equalize,863,1000,0.0027539730072021,1.914292573928833,0.0019142925739288,195858,60
ego,equalize,864,1000,0.0053191184997558,1.9754390716552732,0.0019754390716552,195914,60
ego,equalize,865,1000,0.0022389888763427,1.896467447280884,0.0018964674472808,199783,60
ego,equalize,866,1000,0.0024676322937011,2.045379161834717,0.0020453791618347,198662,60
ego,equalize,867,1000,0.0048775672912597,1.9110498428344729,0.0019110498428344,198149,60
ego,equalize,868,1000,0.0023684501647949,1.9667418003082275,0.0019667418003082,195411,60
ego,equalize,869,1000,0.0030090808868408,1.894472599029541,0.0018944725990295,194788,60
ego,equalize,870,1000,0.0048327445983886,1.8905205726623533,0.0018905205726623,194155,60
ego,equalize,871,1000,0.0029125213623046,1.9094679355621336,0.0019094679355621,201307,60
ego,equalize,872,1000,0.0028717517852783,1.931567668914795,0.0019315676689147,197413,60
ego,equalize,873,1000,0.0052049160003662,2.067856788635254,0.0020678567886352,196890,60
ego,equalize,874,1000,0.0028541088104248,1.8952741622924805,0.0018952741622924,194846,60
ego,equalize,875,1000,0.0027458667755126,1.931164264678955,0.0019311642646789,197342,60
ego,equalize,876,1000,0.0053925514221191,2.066297769546509,0.0020662977695465,194059,60
ego,equalize,877,1000,0.0023198127746582,1.9279534816741943,0.0019279534816741,198498,60
ego,equalize,878,1000,0.0025031566619873,2.056845426559448,0.0020568454265594,198669,60
ego,equalize,879,1000,0.0049657821655273,1.9247260093688965,0.0019247260093688,192120,60
ego,equalize,880,1000,0.0023953914642333,1.8885722160339355,0.0018885722160339,194633,60
ego,equalize,881,1000,0.0025246143341064,2.008761405944824,0.0020087614059448,194451,60
ego,equalize,882,1000,0.0051321983337402,1.9589519500732424,0.0019589519500732,189595,60
ego,equalize,883,1000,0.0025973320007324,2.03977370262146,0.0020397737026214,198919,60
ego,equalize,884,1000,0.0022895336151123,1.9406957626342771,0.0019406957626342,194020,60
ego,equalize,885,1000,0.005563735961914,1.903994083404541,0.0019039940834045,194342,60
ego,equalize,886,1000,0.0024144649505615,1.926441192626953,0.0019264411926269,200025,60
ego,equalize,887,1000,0.0022878646850585,1.915165424346924,0.0019151654243469,195273,60
ego,equalize,888,1000,0.0055181980133056,1.949314832687378,0.0019493148326873,196990,60
ego,equalize,889,1000,0.0028121471405029,1.931323289871216,0.0019313232898712,193813,60
ego,equalize,890,1000,0.0023081302642822,1.9452812671661377,0.0019452812671661,198099,60
ego,equalize,891,1000,0.0051465034484863,1.935450315475464,0.0019354503154754,194014,60
ego,equalize,892,1000,0.0028853416442871,1.943853616714477,0.0019438536167144,195647,60
ego,equalize,893,1000,0.0024614334106445,2.0988106727600098,0.00209881067276,193149,60
ego,equalize,894,1000,0.0055899620056152,1.9551410675048828,0.0019551410675048,194285,60
ego,equalize,895,1000,0.0027637481689453,1.9629595279693604,0.0019629595279693,197500,60
ego,equalize,896,1000,0.0025351047515869,2.061084985733032,0.002061084985733,196208,60
ego,equalize,897,1000,0.0055375099182128,2.0243866443634038,0.0020243866443634,192210,60
ego,equalize,898,1000,0.002495527267456,1.9297294616699217,0.0019297294616699,197709,60
ego,equalize,899,1000,0.0027244091033935,1.9114925861358645,0.0019114925861358,195470,60
ego,equalize,900,1000,0.0052766799926757,1.9232754707336424,0.0019232754707336,193249,60
ego,equalize,901,1000,0.0025122165679931,1.939922332763672,0.0019399223327636,195624,60
ego,equalize,902,1000,0.0024421215057373,1.9383292198181152,0.0019383292198181,196910,60
ego,equalize,903,1000,0.006134033203125,2.087054252624512,0.0020870542526245,194565,60
ego,equalize,904,1000,0.0031194686889648,2.0686357021331787,0.0020686357021331,193466,60
ego,equalize,905,1000,0.0025134086608886,2.035080671310425,0.0020350806713104,190936,60
ego,equalize,906,1000,0.0057480335235595,2.079998731613159,0.0020799987316131,198697,60
ego,equalize,907,1000,0.0026395320892333,2.014042615890503,0.0020140426158905,192325,60
ego,equalize,908,1000,0.0023419857025146,1.902143955230713,0.0019021439552307,194856,60
ego,equalize,909,1000,0.0054323673248291,1.9092590808868408,0.0019092590808868,196693,60
ego,equalize,910,1000,0.0024874210357666,1.9140284061431885,0.0019140284061431,194091,60
ego,equalize,911,1000,0.0022649765014648,1.9036836624145508,0.0019036836624145,193970,60
ego,equalize,912,1000,0.0054461956024169,2.0393929481506348,0.0020393929481506,195279,60
ego,equalize,913,1000,0.0026764869689941,2.034886121749878,0.0020348861217498,197936,60
ego,equalize,914,1000,0.002413272857666,1.9151265621185305,0.0019151265621185,193312,60
ego,equalize,915,1000,0.0057048797607421,2.039057970046997,0.0020390579700469,198427,60
ego,equalize,916,1000,0.0030584335327148,1.9082558155059812,0.0019082558155059,196312,60
ego,equalize,917,1000,0.0025608539581298,2.0219297409057617,0.0020219297409057,194073,60
ego,equalize,918,1000,0.0061023235321044,1.9239709377288816,0.0019239709377288,195390,60
ego,equalize,919,1000,0.0024013519287109,1.9095494747161863,0.0019095494747161,198491,60
ego,equalize,920,1000,0.0025813579559326,2.0632565021514893,0.0020632565021514,196155,60
ego,equalize,921,1000,0.0055930614471435,1.958763599395752,0.0019587635993957,200486,60
ego,equalize,922,1000,0.0028116703033447,2.0142946243286133,0.0020142946243286,197263,60
ego,equalize,923,1000,0.0028350353240966,1.975514888763428,0.0019755148887634,197487,60
ego,equalize,924,1000,0.0058555603027343,2.0787878036499023,0.0020787878036499,196315,60
ego,equalize,925,1000,0.0025186538696289,1.9783508777618408,0.0019783508777618,199743,60
ego,equalize,926,1000,0.0026817321777343,1.9349596500396729,0.0019349596500396,196938,60
ego,equalize,927,1000,0.0056536197662353,1.950692176818848,0.0019506921768188,193435,60
ego,equalize,928,1000,0.0028655529022216,1.9208736419677732,0.0019208736419677,197318,60
ego,equalize,929,1000,0.0022966861724853,1.8949120044708248,0.0018949120044708,192392,60
ego,equalize,930,1000,0.0056843757629394,1.9384205341339111,0.0019384205341339,191512,60
ego,equalize,931,1000,0.0027179718017578,2.058661937713623,0.0020586619377136,197501,60
ego,equalize,932,1000,0.0025908946990966,2.046811580657959,0.0020468115806579,192703,60
ego,equalize,933,1000,0.0056450366973876,1.964426040649414,0.0019644260406494,199989,60
ego,equalize,934,1000,0.0027840137481689,2.048872709274292,0.0020488727092742,194692,60
ego,equalize,935,1000,0.0024528503417968,2.008859157562256,0.0020088591575622,191333,60
ego,equalize,936,1000,0.0058588981628417,2.006807327270508,0.0020068073272705,200699,60
ego,equalize,937,1000,0.0025255680084228,1.9569456577301023,0.0019569456577301,191358,60
ego,equalize,938,1000,0.0024335384368896,1.988148212432861,0.0019881482124328,199062,60
ego,equalize,939,1000,0.0058462619781494,1.928215742111206,0.0019282157421112,194939,60
ego,equalize,940,1000,0.0025489330291748,2.014403343200684,0.0020144033432006,196892,60
ego,equalize,941,1000,0.0023374557495117,1.9427192211151123,0.0019427192211151,192008,60
ego,equalize,942,1000,0.0058062076568603,1.9958508014678955,0.0019958508014678,197545,60
ego,equalize,943,1000,0.0027410984039306,1.9762709140777588,0.0019762709140777,193941,60
ego,equalize,944,1000,0.0024378299713134,1.9837098121643064,0.0019837098121643,199652,60
ego,equalize,945,1000,0.0060913562774658,2.051656007766724,0.0020516560077667,195174,60
ego,equalize,946,1000,0.0025558471679687,1.936436414718628,0.0019364364147186,199068,60
ego,equalize,947,1000,0.002429723739624,1.947270393371582,0.0019472703933715,194341,60
ego,equalize,948,1000,0.0058135986328125,1.9327518939971924,0.0019327518939971,195588,60
ego,equalize,949,1000,0.002561330795288,1.9587538242340088,0.001958753824234,195955,60
ego,equalize,950,1000,0.0024387836456298,1.976832389831543,0.0019768323898315,194882,60
ego,equalize,951,1000,0.0061404705047607,1.92718243598938,0.0019271824359893,197093,60
ego,equalize,952,1000,0.0027546882629394,2.07119083404541,0.0020711908340454,197930,60
ego,equalize,953,1000,0.0030207633972167,2.09609603881836,0.0020960960388183,197216,60
ego,equalize,954,1000,0.0064525604248046,2.0500035285949707,0.0020500035285949,196613,60
ego,equalize,955,1000,0.002760887145996,2.1137585639953613,0.0021137585639953,196617,60
ego,equalize,956,1000,0.0023977756500244,1.9854776859283447,0.0019854776859283,193894,60
ego,equalize,957,1000,0.0059728622436523,1.8984334468841555,0.0018984334468841,196080,60
ego,equalize,958,1000,0.0029003620147705,2.049150228500366,0.0020491502285003,192949,60
ego,equalize,959,1000,0.0025746822357177,2.064784526824951,0.0020647845268249,192017,60
ego,equalize,960,1000,0.0060884952545166,1.97193455696106,0.001971934556961,197783,60
ego,equalize,961,1000,0.0024373531341552,1.918190717697144,0.0019181907176971,192711,60
ego,equalize,962,1000,0.0024302005767822,1.9420280456542969,0.0019420280456542,196894,60
ego,equalize,963,1000,0.0062110424041748,1.8955488204956052,0.0018955488204956,189106,60
ego,equalize,964,1000,0.0030701160430908,1.9674651622772217,0.0019674651622772,193699,60
ego,equalize,965,1000,0.0024011135101318,1.9841907024383545,0.0019841907024383,193547,60
ego,equalize,966,1000,0.0061686038970947,1.93963360786438,0.0019396336078643,192951,60
ego,equalize,967,1000,0.0025005340576171,1.918623447418213,0.0019186234474182,191764,60
ego,equalize,968,1000,0.0027575492858886,2.1124510765075684,0.0021124510765075,199002,60
ego,equalize,969,1000,0.0061836242675781,1.915122509002685,0.0019151225090026,194700,60
ego,equalize,970,1000,0.0026400089263916,1.914748191833496,0.0019147481918334,194375,60
ego,equalize,971,1000,0.0024731159210205,2.028688669204712,0.0020286886692047,192495,60
ego,equalize,972,1000,0.0064210891723632,1.945265531539917,0.0019452655315399,194800,60
ego,equalize,973,1000,0.002800703048706,2.103774070739746,0.0021037740707397,194256,60
ego,equalize,974,1000,0.0027697086334228,1.941004753112793,0.0019410047531127,192967,60
ego,equalize,975,1000,0.0068957805633544,1.9437742233276367,0.0019437742233276,192662,60
ego,equalize,976,1000,0.0025758743286132,2.0144498348236084,0.0020144498348236,195272,60
ego,equalize,977,1000,0.0023777484893798,1.9340994358062744,0.0019340994358062,195466,60
ego,equalize,978,1000,0.006826639175415,1.9254264831542969,0.0019254264831542,196025,60
ego,equalize,979,1000,0.0025908946990966,1.9915246963500977,0.00199152469635,200475,60
ego,equalize,980,1000,0.0023512840270996,2.1905336380004883,0.0021905336380004,188411,60
ego,equalize,981,1000,0.00663423538208,2.065847635269165,0.0020658476352691,195587,60
ego,equalize,982,1000,0.0028579235076904,2.0611696243286133,0.0020611696243286,195857,60
ego,equalize,983,1000,0.00244140625,2.199913740158081,0.002199913740158,192928,60
ego,equalize,984,1000,0.0064296722412109,1.9811029434204104,0.0019811029434204,193332,60
ego,equalize,985,1000,0.0026116371154785,1.9606907367706297,0.0019606907367706,197408,60
ego,equalize,986,1000,0.0024330615997314,1.9641804695129397,0.0019641804695129,193725,60
ego,equalize,987,1000,0.0065333843231201,1.941465139389038,0.001941465139389,196081,60
ego,equalize,988,1000,0.0029950141906738,2.026634454727173,0.0020266344547271,197166,60
ego,equalize,989,1000,0.0028369426727294,2.120718002319336,0.0021207180023193,190657,60
ego,equalize,990,1000,0.0067012310028076,2.0250015258789062,0.0020250015258789,193833,60
ego,equalize,991,1000,0.0029995441436767,2.3398709297180176,0.002339870929718,192995,60
ego,equalize,992,1000,0.0026531219482421,2.4496209621429443,0.0024496209621429,196701,60
ego,equalize,993,1000,0.0069448947906494,2.3577163219451904,0.0023577163219451,193125,60
ego,equalize,994,1000,0.0033042430877685,2.765509366989136,0.0027655093669891,194338,60
ego,equalize,995,1000,0.0028905868530273,2.324126005172729,0.0023241260051727,195167,60
ego,equalize,996,1000,0.0067090988159179,2.3527867794036865,0.0023527867794036,196095,60
ego,equalize,997,1000,0.0029373168945312,2.3319411277771,0.0023319411277771,190082,60
ego,equalize,998,1000,0.002709150314331,2.6770260334014893,0.0026770260334014,195027,60
ego,equalize,999,1000,0.0066869258880615,2.436703681945801,0.0024367036819458,194391,60
