network,method,variant_index,variation_seed,uncertainty,proportion_edges,done
pud,equalize,0,2165121741,0.01,0.043795740118136764,True
pud,equalize,1,2310751638,0.01,0.07624213143661505,True
pud,equalize,2,3085228320,0.01,0.04168359519479257,True
pud,equalize,3,2949479497,0.01,0.0480166726647459,True
pud,equalize,4,1916305338,0.01,0.07424179302164487,True
pud,equalize,5,200782245,0.01,0.02185084930547141,True
pud,equalize,6,1169229093,0.01,0.05868918171506367,True
pud,equalize,7,1591561783,0.01,0.08611794191088161,True
pud,equalize,8,163812862,0.01,0.03202170247104983,True
pud,equalize,9,934026429,0.01,0.07583859219906218,True
pud,equalize,10,1171932564,0.01,0.02736782715900862,True
pud,equalize,11,1042885312,0.01,0.07871780393041763,True
pud,equalize,12,949488958,0.01,0.03164043332567356,True
pud,equalize,13,1119995530,0.01,0.050013365733546755,True
pud,equalize,14,1668990636,0.01,0.07694251793697575,True
pud,equalize,15,299095942,0.01,0.011365548223606237,True
pud,equalize,16,2401903328,0.01,0.035500501039381384,True
pud,equalize,17,3586708698,0.01,0.04931958704838886,True
pud,equalize,18,4128482750,0.01,0.017426687443285637,True
pud,equalize,19,39555487,0.01,0.09766506954780713,True
pud,equalize,20,2687372836,0.01,0.008064263684033767,True
pud,equalize,21,1852543374,0.01,0.04527514885882357,True
pud,equalize,22,1836724095,0.01,0.010680458343552147,True
pud,equalize,23,1544597056,0.01,0.03953371755921749,True
pud,equalize,24,1494024542,0.01,0.0783218656768598,True
pud,equalize,25,1771381208,0.01,0.038730223830223835,True
pud,equalize,26,2154348620,0.01,0.07050553805938468,True
pud,equalize,27,2294329873,0.01,0.01310047813862053,True
pud,equalize,28,2874522447,0.01,0.021076815304698206,True
pud,equalize,29,2244632231,0.01,0.02343727854543125,True
pud,equalize,30,2956193963,0.01,0.07001632826495267,True
pud,equalize,31,2781081473,0.01,0.06810474906145447,True
pud,equalize,32,3868866406,0.01,0.0009933416370165094,True
pud,equalize,33,1834701308,0.01,0.03826770104574861,True
pud,equalize,34,3033232520,0.01,0.08506004685898216,True
pud,equalize,35,2590237456,0.01,0.029125482712744424,True
pud,equalize,36,377977215,0.01,0.0881390534744841,True
pud,equalize,37,10158428,0.01,0.06042176525571798,True
pud,equalize,38,1178952000,0.01,0.036511263357557236,True
pud,equalize,39,293127135,0.01,0.0790146770645856,True
pud,equalize,40,1882698340,0.01,0.04668329238639897,True
pud,equalize,41,996854849,0.01,0.06482635045800227,True
pud,equalize,42,2777766750,0.01,0.04914721042228742,True
pud,equalize,43,1795001797,0.01,0.04833586623438172,True
pud,equalize,44,6602526,0.01,0.02144491660259064,True
pud,equalize,45,2620936161,0.01,0.0461043896480708,True
pud,equalize,46,1646630645,0.01,0.09516343615835629,True
pud,equalize,47,559690909,0.01,0.05103194382544185,True
pud,equalize,48,2792286252,0.01,0.02772948474065814,True
pud,equalize,49,770508637,0.01,0.06203605443671313,True
pud,equalize,50,2703547659,0.01,0.04267174957850879,True
pud,equalize,51,2676346209,0.01,0.008773235754044718,True
pud,equalize,52,202125728,0.01,0.02579661737687644,True
pud,equalize,53,2305760507,0.01,0.013882467529500498,True
pud,equalize,54,3504290690,0.01,0.07930995224099661,True
pud,equalize,55,432385439,0.01,0.048975417813984984,True
pud,equalize,56,1624510622,0.01,0.08065883534632208,True
pud,equalize,57,3048766697,0.01,0.05607539119659415,True
pud,equalize,58,2853036669,0.01,0.06142066713562364,True
pud,equalize,59,1207740513,0.01,0.06934345737565661,True
pud,equalize,60,3577885116,0.01,0.06431748231893769,True
pud,equalize,61,128540056,0.01,0.08471642423796866,True
pud,equalize,62,4067591118,0.01,0.002033666436873416,True
pud,equalize,63,182441188,0.01,0.04748503410188846,True
pud,equalize,64,3034727726,0.01,0.008849743946813315,True
pud,equalize,65,388561845,0.01,0.0838352749445539,True
pud,equalize,66,3863564597,0.01,0.02133874647753241,True
pud,equalize,67,3575763180,0.01,0.038258656248791614,True
pud,equalize,68,4252255157,0.01,0.03570346038032655,True
pud,equalize,69,3379806496,0.01,0.07065697221646848,True
pud,equalize,70,369228705,0.01,0.07773300208262394,True
pud,equalize,71,3140842028,0.01,0.06312844858489759,True
pud,equalize,72,2218270679,0.01,0.08506089473399754,True
pud,equalize,73,911746778,0.01,0.0006904269750452441,True
pud,equalize,74,3025155008,0.01,0.0665401925161063,True
pud,equalize,75,1672642058,0.01,0.04261906667370849,True
pud,equalize,76,774046791,0.01,0.0016777418536975009,True
pud,equalize,77,2291966294,0.01,0.07022422381334921,True
pud,equalize,78,349176422,0.01,0.02283763255619614,True
pud,equalize,79,2612965351,0.01,0.087238889348561,True
pud,equalize,80,3375946963,0.01,0.016922940302648928,True
pud,equalize,81,3203021923,0.01,0.048493877430279775,True
pud,equalize,82,745369807,0.01,0.0523767927499115,True
pud,equalize,83,1381068747,0.01,0.060516422141562234,True
pud,equalize,84,242384604,0.01,0.08947674271669379,True
pud,equalize,85,1474175741,0.01,0.07793726443053023,True
pud,equalize,86,579264612,0.01,0.009093113156119525,True
pud,equalize,87,4039068953,0.01,0.07231861202793073,True
pud,equalize,88,1674494768,0.01,0.09170279266783775,True
pud,equalize,89,238738950,0.01,0.0001231048478583796,True
pud,equalize,90,3153733636,0.01,0.034147245373025305,True
pud,equalize,91,2971841504,0.01,0.02529881009169014,True
pud,equalize,92,2791015373,0.01,0.033233896354085746,True
pud,equalize,93,1554233809,0.01,0.04318953597938553,True
pud,equalize,94,2124939685,0.01,0.06886243483420522,True
pud,equalize,95,3910792477,0.01,0.09249373662123461,True
pud,equalize,96,912789016,0.01,0.010657058423038535,True
pud,equalize,97,2924549499,0.01,0.0658937911188228,True
pud,equalize,98,3070433051,0.01,0.01139436647435701,True
pud,equalize,99,4279769118,0.01,0.0668209047752704,True
pud,equalize,100,3895676852,0.01,0.01786202097723656,True
pud,equalize,101,3412394017,0.01,0.0945650971603803,True
pud,equalize,102,1838732882,0.01,0.09417827647396962,True
pud,equalize,103,2175962419,0.01,0.0020192981939240796,True
pud,equalize,104,1518373434,0.01,0.0835880318571347,True
pud,equalize,105,1575717635,0.01,0.040939568211737526,True
pud,equalize,106,906318132,0.01,0.08256058688717727,True
pud,equalize,107,226394537,0.01,0.02587215082192326,True
pud,equalize,108,1397988628,0.01,0.0013596824120989837,True
pud,equalize,109,48801056,0.01,0.04883160755848979,True
pud,equalize,110,2540129109,0.01,0.010929325862753081,True
pud,equalize,111,551297206,0.01,0.010054542779734776,True
pud,equalize,112,2576745758,0.01,0.04915211693375872,True
pud,equalize,113,3699662757,0.01,0.08031446953035587,True
pud,equalize,114,322105557,0.01,0.0842051595528626,True
pud,equalize,115,4177202439,0.01,0.02130852807021254,True
pud,equalize,116,1868298294,0.01,0.01827603645988294,True
pud,equalize,117,674810870,0.01,0.08846451314986242,True
pud,equalize,118,2784827547,0.01,0.0659773051586708,True
pud,equalize,119,3205399637,0.01,0.016744527709646618,True
pud,equalize,120,4053523699,0.01,0.06989549918673485,True
pud,equalize,121,3493769797,0.01,0.05094302806432974,True
pud,equalize,122,3052176610,0.01,0.0073490752124574345,True
pud,equalize,123,2192118267,0.01,0.07718512313615952,True
pud,equalize,124,4170684501,0.01,0.03165437316193016,True
pud,equalize,125,1718221201,0.01,0.031408424204735434,True
pud,equalize,126,3678194060,0.01,0.07203673299201427,True
pud,equalize,127,2657572168,0.01,0.0982915695047555,True
pud,equalize,128,411734496,0.01,0.0175403194783351,True
pud,equalize,129,3446660643,0.01,0.07824347060619218,True
pud,equalize,130,2647977642,0.01,0.012071321564287963,True
pud,equalize,131,3460748845,0.01,0.020517684990278964,True
pud,equalize,132,2133416863,0.01,0.09100532053433597,True
pud,equalize,133,1315569740,0.01,0.06107966796918503,True
pud,equalize,134,361419783,0.01,0.02761787969038301,True
pud,equalize,135,1730158410,0.01,0.06350520407833155,True
pud,equalize,136,1951860311,0.01,0.07765220468966377,True
pud,equalize,137,930509684,0.01,0.025206293592045004,True
pud,equalize,138,324799276,0.01,0.04369161323119543,True
pud,equalize,139,1839940639,0.01,0.08818498103219978,True
pud,equalize,140,1652006928,0.01,0.014777966962695866,True
pud,equalize,141,3597688421,0.01,0.08823161878907777,True
pud,equalize,142,1172275092,0.01,0.09048231198834084,True
pud,equalize,143,664595473,0.01,0.02397629485026147,True
pud,equalize,144,377135104,0.01,0.05492796266281755,True
pud,equalize,145,2443636641,0.01,0.03769758737958047,True
pud,equalize,146,1846271879,0.01,0.062042982642138804,True
pud,equalize,147,1960997360,0.01,0.05949336376078279,True
pud,equalize,148,797755014,0.01,0.046558242418709234,True
pud,equalize,149,2400456096,0.01,0.09988397434040464,True
pud,equalize,150,2198493565,0.01,0.07479484168003485,True
pud,equalize,151,577037974,0.01,0.04215385780130837,True
pud,equalize,152,4032454003,0.01,0.09946666505200703,True
pud,equalize,153,3846551279,0.01,0.001834400601078734,True
pud,equalize,154,1838898581,0.01,0.076283585942423,True
pud,equalize,155,110819357,0.01,0.08494056530347605,True
pud,equalize,156,790179592,0.01,0.004089151891397957,True
pud,equalize,157,330295487,0.01,0.09303018694495038,True
pud,equalize,158,3311435916,0.01,0.01271181581269324,True
pud,equalize,159,3552794595,0.01,0.016527455441888782,True
pud,equalize,160,679112817,0.01,0.05773430486599568,True
pud,equalize,161,3829425417,0.01,0.05244904361133721,True
pud,equalize,162,1456451065,0.01,0.04813618306192106,True
pud,equalize,163,3425468707,0.01,0.004942135309241514,True
pud,equalize,164,1717013335,0.01,0.09962397008826426,True
pud,equalize,165,2994609966,0.01,0.005049082552147255,True
pud,equalize,166,1346030325,0.01,0.0530922733736203,True
pud,equalize,167,39171448,0.01,0.07507892118411322,True
pud,equalize,168,3241571597,0.01,0.03640368512599074,True
pud,equalize,169,4166863443,0.01,0.09229104612922738,True
pud,equalize,170,1022199175,0.01,0.022719429437478268,True
pud,equalize,171,4007667338,0.01,0.09239182085093313,True
pud,equalize,172,260072703,0.01,0.09957313345077917,True
pud,equalize,173,3681239136,0.01,0.05816614813515123,True
pud,equalize,174,3369644481,0.01,0.011695345239736966,True
pud,equalize,175,1439232831,0.01,0.09104568823093849,True
pud,equalize,176,3299711385,0.01,0.04083397591529928,True
pud,equalize,177,3364404261,0.01,0.08991065466576198,True
pud,equalize,178,1552180763,0.01,0.035435495853991694,True
pud,equalize,179,2340740125,0.01,0.08075818589693716,True
pud,equalize,180,3382072763,0.01,0.037695377010993104,True
pud,equalize,181,992723448,0.01,0.07458392340642475,True
pud,equalize,182,534518569,0.01,0.049294574760321966,True
pud,equalize,183,526808229,0.01,0.031499735955893504,True
pud,equalize,184,1191982905,0.01,0.044654046726519236,True
pud,equalize,185,4184469738,0.01,0.05185504222447104,True
pud,equalize,186,3039462877,0.01,0.0913038801975626,True
pud,equalize,187,3644056201,0.01,0.010619426692876978,True
pud,equalize,188,2103666528,0.01,0.0061185739856869925,True
pud,equalize,189,728424126,0.01,0.042505813184679275,True
pud,equalize,190,3994247812,0.01,0.020688153536243672,True
pud,equalize,191,3036812794,0.01,0.02211472463592027,True
pud,equalize,192,4085656311,0.01,0.029539936489519927,True
pud,equalize,193,4263825733,0.01,0.04767754091530557,True
pud,equalize,194,2344549507,0.01,0.08851480254082555,True
pud,equalize,195,2853523642,0.01,0.04819293889920152,True
pud,equalize,196,3018806867,0.01,0.069365003682795,True
pud,equalize,197,2183602906,0.01,0.0991284925602734,True
pud,equalize,198,112266370,0.01,0.0017013660911448848,True
pud,equalize,199,831020141,0.01,0.09200064015172192,True
pud,equalize,200,1897931685,0.01,0.050109914145260274,True
pud,equalize,201,4269710698,0.01,0.08274935857113228,True
pud,equalize,202,2427043567,0.01,0.002244837783678144,True
pud,equalize,203,270427104,0.01,0.019846341146506342,True
pud,equalize,204,3204642532,0.01,0.054102186512573536,True
pud,equalize,205,4079115078,0.01,0.0852948767591526,True
pud,equalize,206,1210399738,0.01,0.0325145990846733,True
pud,equalize,207,666333072,0.01,0.07011536673108415,True
pud,equalize,208,2480952451,0.01,0.020636736319494788,True
pud,equalize,209,2718942889,0.01,0.08674734663921425,True
pud,equalize,210,1839828515,0.01,0.08267714781010593,True
pud,equalize,211,1692021170,0.01,0.0232913641058352,True
pud,equalize,212,973457236,0.01,0.08047673094596432,True
pud,equalize,213,351407908,0.01,0.000739256349097106,True
pud,equalize,214,2867509709,0.01,0.061793709408703115,True
pud,equalize,215,2610352706,0.01,0.0008085138778195167,True
pud,equalize,216,830684638,0.01,0.011454122548900348,True
pud,equalize,217,3086526338,0.01,0.016156850489845855,True
pud,equalize,218,2957769966,0.01,0.013342036824744531,True
pud,equalize,219,2500628027,0.01,0.019212981638529913,True
pud,equalize,220,662323480,0.01,0.08665069506472856,True
pud,equalize,221,932805948,0.01,0.017665162980861626,True
pud,equalize,222,310027932,0.01,0.06565969186809927,True
pud,equalize,223,714969255,0.01,0.0612710153779276,True
pud,equalize,224,2078527871,0.01,0.018434977528201557,True
pud,equalize,225,330017373,0.01,0.04110193696305199,True
pud,equalize,226,35641933,0.01,0.08963249695345749,True
pud,equalize,227,236497692,0.01,0.06750759184245443,True
pud,equalize,228,2245290576,0.01,0.06929644192720286,True
pud,equalize,229,113797827,0.01,0.0821126931134302,True
pud,equalize,230,2172460135,0.01,0.0841945344984291,True
pud,equalize,231,2532127898,0.01,0.08142061009913427,True
pud,equalize,232,4125726934,0.01,0.020772100093355485,True
pud,equalize,233,1513890026,0.01,0.0030273609480812483,True
pud,equalize,234,500477390,0.01,0.04214659384438729,True
pud,equalize,235,746478831,0.01,0.09437150492021867,True
pud,equalize,236,98914687,0.01,0.09799340557539199,True
pud,equalize,237,609370654,0.01,0.04604975220876332,True
pud,equalize,238,2585679379,0.01,0.09505573581716725,True
pud,equalize,239,1983093560,0.01,0.02703885956756208,True
pud,equalize,240,2928556786,0.01,0.01600927431136976,True
pud,equalize,241,536824427,0.01,0.005636560706678617,True
pud,equalize,242,2416067404,0.01,0.00972261355089592,True
pud,equalize,243,1831038507,0.01,0.014830406182046563,True
pud,equalize,244,4144443140,0.01,0.039580025148635525,True
pud,equalize,245,432500633,0.01,0.0844352434881059,True
pud,equalize,246,3416406834,0.01,0.07563189618282536,True
pud,equalize,247,307607768,0.01,0.08892609718322533,True
pud,equalize,248,2220092600,0.01,0.04453897502922638,True
pud,equalize,249,2860671086,0.01,0.05572333711441904,True
pud,equalize,250,1061755010,0.01,0.05010573681842774,True
pud,equalize,251,246284251,0.01,0.018748805880790177,True
pud,equalize,252,4058265628,0.01,0.08954895470740007,True
pud,equalize,253,471088870,0.01,0.010908265709989075,True
pud,equalize,254,1700613688,0.01,0.03331389533537497,True
pud,equalize,255,1707153896,0.01,0.03683670326305939,True
pud,equalize,256,4142023427,0.01,0.0410460070743539,True
pud,equalize,257,3682413662,0.01,0.03998748858185133,True
pud,equalize,258,3834111607,0.01,0.008454880003725662,True
pud,equalize,259,1003887128,0.01,0.0747871140031551,True
pud,equalize,260,2831647785,0.01,0.04653703112706469,True
pud,equalize,261,1198917739,0.01,0.07149423646968527,True
pud,equalize,262,153675678,0.01,0.07549537976016844,True
pud,equalize,263,2972985023,0.01,0.08665102934233217,True
pud,equalize,264,4212660858,0.01,0.027730594337353698,True
pud,equalize,265,896697876,0.01,0.03977583950296814,True
pud,equalize,266,3553789914,0.01,0.09739901146457514,True
pud,equalize,267,1915749051,0.01,0.03980196532544316,True
pud,equalize,268,165650907,0.01,0.054803800191488464,True
pud,equalize,269,3436711644,0.01,0.003855130701584897,True
pud,equalize,270,887837027,0.01,0.06165645295595398,True
pud,equalize,271,2434386146,0.01,0.056849710719510976,True
pud,equalize,272,1181669392,0.01,0.05231156897143352,True
pud,equalize,273,1807904526,0.01,0.09305845844781624,True
pud,equalize,274,2992397590,0.01,0.04456706344878683,True
pud,equalize,275,2289651720,0.01,0.06166277514755728,True
pud,equalize,276,85594302,0.01,0.09064098997045206,True
pud,equalize,277,2997591200,0.01,0.07167491124837097,True
pud,equalize,278,1201138581,0.01,0.04304022306416481,True
pud,equalize,279,49339549,0.01,0.08298087013615088,True
pud,equalize,280,1537252383,0.01,0.06183973301537842,True
pud,equalize,281,2309255172,0.01,0.08765941255436656,True
pud,equalize,282,2707132060,0.01,0.014104526531473462,True
pud,equalize,283,1167726466,0.01,0.05425282166155629,True
pud,equalize,284,955765094,0.01,0.023917385697085736,True
pud,equalize,285,2390769340,0.01,0.037987247899445145,True
pud,equalize,286,1227838771,0.01,0.024499993521167263,True
pud,equalize,287,3109019122,0.01,0.03409833958626134,True
pud,equalize,288,3949115246,0.01,0.08289035351969933,True
pud,equalize,289,250967347,0.01,0.09591826222679145,True
pud,equalize,290,2697615383,0.01,0.09180440700323339,True
pud,equalize,291,3867606104,0.01,0.03716947071450432,True
pud,equalize,292,1279854195,0.01,0.04246937844370268,True
pud,equalize,293,1535401342,0.01,0.028737753486011954,True
pud,equalize,294,3133160219,0.01,0.07299994974083987,True
pud,equalize,295,2947174807,0.01,0.006681291987176031,True
pud,equalize,296,3571519007,0.01,0.07908846463743385,True
pud,equalize,297,164647332,0.01,0.08944616350930308,True
pud,equalize,298,2588767183,0.01,0.007318581734121976,True
pud,equalize,299,3002836733,0.01,0.09516219553100023,True
pud,equalize,300,3308161180,0.01,0.09738130892047757,True
pud,equalize,301,2878552831,0.01,0.01965861071628977,True
pud,equalize,302,1413810153,0.01,0.031060510953517164,True
pud,equalize,303,1918757293,0.01,0.051890452768968615,True
pud,equalize,304,3278007299,0.01,0.016419602579156867,True
pud,equalize,305,1335723153,0.01,0.007529140072194607,True
pud,equalize,306,1782209223,0.01,0.06127765227904994,True
pud,equalize,307,1056458568,0.01,0.0684197453775433,True
pud,equalize,308,3941202253,0.01,0.0765783475260951,True
pud,equalize,309,3647727360,0.01,0.09861208340852846,True
pud,equalize,310,3630409394,0.01,0.059710470496129264,True
pud,equalize,311,143043466,0.01,0.09016311576185347,True
pud,equalize,312,386192462,0.01,0.030728100657273816,True
pud,equalize,313,3895380428,0.01,0.09022061605596361,True
pud,equalize,314,2314621544,0.01,0.09459224132057502,True
pud,equalize,315,795401736,0.01,0.021004590645067867,True
pud,equalize,316,543136458,0.01,0.04674307174749268,True
pud,equalize,317,3721279863,0.01,0.07977475834134579,True
pud,equalize,318,3655582978,0.01,0.0829911516706858,True
pud,equalize,319,3476228002,0.01,0.04475319311661963,True
pud,equalize,320,320682312,0.01,0.06677888936295587,True
pud,equalize,321,2570152234,0.01,0.045747008652155155,True
pud,equalize,322,1376046097,0.01,0.07902706231711586,True
pud,equalize,323,1424641864,0.01,0.0869649519905848,True
pud,equalize,324,675316190,0.01,0.018452363068587774,True
pud,equalize,325,886365448,0.01,0.03462286010084579,True
pud,equalize,326,2118043286,0.01,0.0836988708754707,True
pud,equalize,327,395370746,0.01,0.09654802719331496,True
pud,equalize,328,2632149503,0.01,0.04081174553072856,True
pud,equalize,329,2540336080,0.01,0.07264753460496122,True
pud,equalize,330,1843019308,0.01,0.08501163475603675,True
pud,equalize,331,4258941450,0.01,0.03822255654751616,True
pud,equalize,332,3052876612,0.01,0.024130592208209956,True
pud,equalize,333,2547125374,0.01,0.05351369981654315,True
pud,equalize,334,1204284778,0.01,0.02774865645095427,True
pud,equalize,335,2456260863,0.01,0.06795412944517386,True
pud,equalize,336,1264259698,0.01,0.026266921123489065,True
pud,equalize,337,2133682687,0.01,0.09714788835173042,True
pud,equalize,338,828927787,0.01,0.08860511554310417,True
pud,equalize,339,3299917986,0.01,0.04172543594592312,True
pud,equalize,340,3048806035,0.01,0.0051574553396095185,True
pud,equalize,341,3518162126,0.01,0.08414489888167771,True
pud,equalize,342,2178962323,0.01,0.014852448508562523,True
pud,equalize,343,28579940,0.01,0.017142395398182898,True
pud,equalize,344,1788953209,0.01,0.035140226320397906,True
pud,equalize,345,4086908033,0.01,0.08422741269863411,True
pud,equalize,346,3937737302,0.01,0.07354100032713717,True
pud,equalize,347,545998963,0.01,0.026988654538871573,True
pud,equalize,348,1123679684,0.01,0.023575694791362636,True
pud,equalize,349,2294755645,0.01,0.002075073549617079,True
pud,equalize,350,3544286971,0.01,0.07823966338557767,True
pud,equalize,351,1774756150,0.01,0.01084698799783358,True
pud,equalize,352,2722422922,0.01,0.041538599840188296,True
pud,equalize,353,4108784518,0.01,0.09760769512999293,True
pud,equalize,354,643297664,0.01,0.03743625845780805,True
pud,equalize,355,1369368609,0.01,0.021228480713684772,True
pud,equalize,356,3683887113,0.01,0.06847145287080564,True
pud,equalize,357,3592001036,0.01,0.02668820440415264,True
pud,equalize,358,4230743719,0.01,0.004275925505511147,True
pud,equalize,359,2155594198,0.01,0.08474515980370728,True
pud,equalize,360,3060115725,0.01,0.08964761554433265,True
pud,equalize,361,687133936,0.01,0.07625404586832393,True
pud,equalize,362,1168843034,0.01,0.052173828163873094,True
pud,equalize,363,4017812151,0.01,0.07034389473114021,True
pud,equalize,364,1765466353,0.01,0.06534791649360291,True
pud,equalize,365,1980464546,0.01,0.05491114692232531,True
pud,equalize,366,2871192629,0.01,0.0013852395750204027,True
pud,equalize,367,3141563465,0.01,0.08956255182591999,True
pud,equalize,368,1021662246,0.01,0.019937089044323876,True
pud,equalize,369,2141899379,0.01,0.018677110252034824,True
pud,equalize,370,1864537338,0.01,0.013021385258141572,True
pud,equalize,371,2285163371,0.01,0.09387168036438064,True
pud,equalize,372,306856375,0.01,0.09309311643203436,True
pud,equalize,373,2581883294,0.01,0.022574730230532105,True
pud,equalize,374,2993227665,0.01,0.03090514482829553,True
pud,equalize,375,2986770833,0.01,0.043420104007617505,True
pud,equalize,376,4140414916,0.01,0.007653215630011468,True
pud,equalize,377,3980512224,0.01,0.06211399993604999,True
pud,equalize,378,1479399471,0.01,0.08995769873982185,True
pud,equalize,379,2639043348,0.01,0.03888552565343272,True
pud,equalize,380,3442941342,0.01,0.07808313177277848,True
pud,equalize,381,1419636526,0.01,0.0502419344320461,True
pud,equalize,382,2726089996,0.01,0.04668936121979287,True
pud,equalize,383,1984947544,0.01,0.023757737938410406,True
pud,equalize,384,3040045033,0.01,0.07311625919766285,True
pud,equalize,385,555665847,0.01,0.08014166945095338,True
pud,equalize,386,2495697098,0.01,0.0801308829872352,True
pud,equalize,387,2969251848,0.01,0.020646448148479303,True
pud,equalize,388,950445987,0.01,0.05098086088078773,True
pud,equalize,389,776356534,0.01,0.07875574341557857,True
pud,equalize,390,3397008040,0.01,0.021406512952854218,True
pud,equalize,391,3119294755,0.01,0.0956202426232301,True
pud,equalize,392,571320202,0.01,0.08210644528940436,True
pud,equalize,393,4063977146,0.01,0.07963634440720069,True
pud,equalize,394,3284149828,0.01,0.07495673384010462,True
pud,equalize,395,3852439688,0.01,0.028227987003976066,True
pud,equalize,396,1559555436,0.01,0.029072979775555376,True
pud,equalize,397,3994953107,0.01,0.030016750874753518,True
pud,equalize,398,1597858404,0.01,0.020859165098074006,True
pud,equalize,399,3891763615,0.01,0.08190776269776208,True
pud,equalize,400,4173344980,0.01,0.07120999274136203,True
pud,equalize,401,774508615,0.01,0.05905010035648026,True
pud,equalize,402,4107993732,0.01,0.0843464555901963,True
pud,equalize,403,1688044170,0.01,0.04713663610070476,True
pud,equalize,404,4181666290,0.01,0.02605887546300292,True
pud,equalize,405,441834233,0.01,0.08570333569844699,True
pud,equalize,406,697664521,0.01,0.07962761839803946,True
pud,equalize,407,123267176,0.01,0.006975010927108927,True
pud,equalize,408,3052311072,0.01,0.019371403075545815,True
pud,equalize,409,2656033348,0.01,0.09720237729382775,True
pud,equalize,410,454872824,0.01,0.05559858102069161,True
pud,equalize,411,170124987,0.01,0.029980250001507527,True
pud,equalize,412,698612742,0.01,0.07851227475245423,True
pud,equalize,413,2647382599,0.01,0.04642532542493064,True
pud,equalize,414,2335433455,0.01,0.030083065952493982,True
pud,equalize,415,3554167579,0.01,0.09224334107462935,True
pud,equalize,416,3601711790,0.01,0.08824954089179196,True
pud,equalize,417,3573472829,0.01,0.005944365547882802,True
pud,equalize,418,2041815707,0.01,0.0007079204358131475,True
pud,equalize,419,2419309556,0.01,0.08471392006428986,True
pud,equalize,420,1261849278,0.01,0.03658228002151539,True
pud,equalize,421,3555358011,0.01,0.04352936503145332,True
pud,equalize,422,3074189291,0.01,0.09948756093822075,True
pud,equalize,423,3576276890,0.01,0.09011652569278115,True
pud,equalize,424,1085671479,0.01,0.0003353179430691134,True
pud,equalize,425,4175447810,0.01,0.08339727812649618,True
pud,equalize,426,300517901,0.01,0.013673700138889355,True
pud,equalize,427,1794648393,0.01,0.09667575005631307,True
pud,equalize,428,2385884905,0.01,0.032633542345468315,True
pud,equalize,429,3483743438,0.01,0.01457973987954272,True
pud,equalize,430,3914199917,0.01,0.022240927786625855,True
pud,equalize,431,1056908069,0.01,0.026307289271817514,True
pud,equalize,432,3655761692,0.01,0.07864103886577513,True
pud,equalize,433,3660043112,0.01,0.04325736601807284,True
pud,equalize,434,3558206086,0.01,0.01270187412934003,True
pud,equalize,435,2265400505,0.01,0.08055993471786227,True
pud,equalize,436,2961004762,0.01,0.05007918593642694,True
pud,equalize,437,3031030786,0.01,0.06453086972933951,True
pud,equalize,438,4097600067,0.01,0.07589937466061213,True
pud,equalize,439,2036048379,0.01,0.025119303110731496,True
pud,equalize,440,1343423944,0.01,0.06166252316901192,True
pud,equalize,441,2982501670,0.01,0.06141045310547997,True
pud,equalize,442,3141338651,0.01,0.09640662858035312,True
pud,equalize,443,1860766299,0.01,0.03865004576201395,True
pud,equalize,444,2590106641,0.01,0.08791089661029819,True
pud,equalize,445,259128516,0.01,0.05023688217250857,True
pud,equalize,446,4022280684,0.01,0.08918309871095698,True
pud,equalize,447,2846200222,0.01,0.0894951148007004,True
pud,equalize,448,3442893365,0.01,0.09759549923865304,True
pud,equalize,449,2959879497,0.01,0.05216297212646982,True
pud,equalize,450,3075894948,0.01,0.07630054862966948,True
pud,equalize,451,1670974347,0.01,0.0031545050030269196,True
pud,equalize,452,1887633060,0.01,0.04093096608868081,True
pud,equalize,453,2744272860,0.01,0.06500531425025351,True
pud,equalize,454,585006680,0.01,0.031577189447097656,True
pud,equalize,455,66964765,0.01,0.037518747849655136,True
pud,equalize,456,2228997326,0.01,0.062432335014599855,True
pud,equalize,457,2750201065,0.01,0.03157019101455255,True
pud,equalize,458,1781506803,0.01,0.03546768685463303,True
pud,equalize,459,4086951089,0.01,0.004335442777687615,True
pud,equalize,460,1751516841,0.01,0.05722775855872419,True
pud,equalize,461,1865851559,0.01,0.06149282336606219,True
pud,equalize,462,1269277051,0.01,0.08978855207687048,True
pud,equalize,463,1776996747,0.01,0.0886065906119829,True
pud,equalize,464,2356283702,0.01,0.0029406493930093426,True
pud,equalize,465,1104903871,0.01,0.05770868301774604,True
pud,equalize,466,925295648,0.01,0.024619581775556176,True
pud,equalize,467,3530789986,0.01,0.08783431241736471,True
pud,equalize,468,3030253515,0.01,0.09794285481150106,True
pud,equalize,469,1517491827,0.01,0.0964919430333872,True
pud,equalize,470,3742157169,0.01,0.05326825163015031,True
pud,equalize,471,2533647463,0.01,0.014784328986686725,True
pud,equalize,472,2600899267,0.01,0.04428875334805952,True
pud,equalize,473,232840439,0.01,0.05405987562150391,True
pud,equalize,474,3713625149,0.01,0.03748221825019476,True
pud,equalize,475,571682043,0.01,0.00567021884683796,True
pud,equalize,476,2502642167,0.01,0.054791754472975164,True
pud,equalize,477,1399948161,0.01,0.06986475517312574,True
pud,equalize,478,3524229150,0.01,0.0659214796681886,True
pud,equalize,479,2699978603,0.01,0.05592855011603787,True
pud,equalize,480,982589365,0.01,0.011703443262908952,True
pud,equalize,481,166661389,0.01,0.02118203996245227,True
pud,equalize,482,84015982,0.01,0.010397593598460153,True
pud,equalize,483,35517866,0.01,0.01849021685435005,True
pud,equalize,484,351035740,0.01,0.09305981093898943,True
pud,equalize,485,3878038117,0.01,0.08435662128515184,True
pud,equalize,486,713029030,0.01,0.024388158853744082,True
pud,equalize,487,898456489,0.01,0.04059580170832634,True
pud,equalize,488,1417584227,0.01,0.015053165618312282,True
pud,equalize,489,1228008391,0.01,0.0002522970925739943,True
pud,equalize,490,3053598310,0.01,0.05005721824112496,True
pud,equalize,491,3997501744,0.01,0.02129815404661415,True
pud,equalize,492,1896395807,0.01,0.032117140113484634,True
pud,equalize,493,326414936,0.01,0.07048236263969196,True
pud,equalize,494,585083106,0.01,0.08538987629235317,True
pud,equalize,495,3185211667,0.01,0.022860994393008063,True
pud,equalize,496,2849884691,0.01,0.043785018457213935,True
pud,equalize,497,2318199830,0.01,0.04778922049907189,True
pud,equalize,498,2244056610,0.01,0.0529839621455716,True
pud,equalize,499,3483955229,0.01,0.0376615344152296,True
pud,equalize,500,4051890540,0.01,0.0005710141062808427,True
pud,equalize,501,1821174503,0.01,0.021914871812994965,True
pud,equalize,502,367406457,0.01,0.05875794080911461,True
pud,equalize,503,196889548,0.01,0.059457215249955675,True
pud,equalize,504,2599103470,0.01,0.04336448514972829,True
pud,equalize,505,2948656593,0.01,0.021261313406830698,True
pud,equalize,506,3452418321,0.01,0.06821571092074533,True
pud,equalize,507,557973851,0.01,0.051854996883926356,True
pud,equalize,508,2319862731,0.01,0.07737597635420358,True
pud,equalize,509,1856643851,0.01,0.08495164101955587,True
pud,equalize,510,3341968861,0.01,0.039223817990865585,True
pud,equalize,511,2591434118,0.01,0.06818442022568198,True
pud,equalize,512,807435367,0.01,0.09502635749488107,True
pud,equalize,513,2482886373,0.01,0.046466554563862644,True
pud,equalize,514,4278156638,0.01,0.03941488858532062,True
pud,equalize,515,45942568,0.01,0.06728195519074863,True
pud,equalize,516,1255843160,0.01,0.030187597224633912,True
pud,equalize,517,2323065202,0.01,0.03770035070591185,True
pud,equalize,518,577686388,0.01,0.05372932221088337,True
pud,equalize,519,4290922306,0.01,0.026115178397900854,True
pud,equalize,520,75167308,0.01,0.06227439993483285,True
pud,equalize,521,3887735017,0.01,0.03923703372150668,True
pud,equalize,522,1932282294,0.01,0.08240215789112794,True
pud,equalize,523,2396979372,0.01,0.07883967857574613,True
pud,equalize,524,36157026,0.01,0.06771627003759574,True
pud,equalize,525,3775573102,0.01,0.00785225920840088,True
pud,equalize,526,2561658163,0.01,0.011594313961576475,True
pud,equalize,527,4162697148,0.01,0.0033922287253521422,True
pud,equalize,528,2291901895,0.01,0.08407928482601235,True
pud,equalize,529,3148783149,0.01,0.030926534487823322,True
pud,equalize,530,2338771818,0.01,0.009020895398420803,True
pud,equalize,531,1921381127,0.01,0.04103857782072166,True
pud,equalize,532,3525091673,0.01,0.050969552773904706,True
pud,equalize,533,1627138601,0.01,0.061784565599095155,True
pud,equalize,534,2097127205,0.01,0.0663874679756135,True
pud,equalize,535,2794262965,0.01,0.07177415017483539,True
pud,equalize,536,3150601937,0.01,0.0223683320158815,True
pud,equalize,537,1620554751,0.01,0.06664506731000296,True
pud,equalize,538,341334944,0.01,0.006580375253286064,True
pud,equalize,539,592963999,0.01,0.04796919231634448,True
pud,equalize,540,3781518454,0.01,0.03217766880185579,True
pud,equalize,541,2928027287,0.01,0.08355101564776396,True
pud,equalize,542,2789468573,0.01,0.05767090089284105,True
pud,equalize,543,3183720432,0.01,0.0571387633850061,True
pud,equalize,544,676133106,0.01,0.030361246376401953,True
pud,equalize,545,1781745370,0.01,0.044188616830856335,True
pud,equalize,546,672844305,0.01,0.03603153986972992,True
pud,equalize,547,3672494007,0.01,0.06005324561319321,True
pud,equalize,548,259019933,0.01,0.0927684593783649,True
pud,equalize,549,3090136169,0.01,0.012740816641352959,True
pud,equalize,550,3721302562,0.01,0.008222888421543085,True
pud,equalize,551,2518561225,0.01,0.08046826832717582,True
pud,equalize,552,3318634867,0.01,0.0980076653236682,True
pud,equalize,553,4007947735,0.01,0.07238043598756277,True
pud,equalize,554,2458132261,0.01,0.03837722528482012,True
pud,equalize,555,2224779982,0.01,0.027721095594080716,True
pud,equalize,556,237714691,0.01,0.058550014803711574,True
pud,equalize,557,8366899,0.01,0.07173569255669891,True
pud,equalize,558,2033533088,0.01,0.09409549481649537,True
pud,equalize,559,3172974092,0.01,0.03074783087792278,True
pud,equalize,560,2246391702,0.01,0.042703117749493126,True
pud,equalize,561,3837309776,0.01,0.04234684911631094,True
pud,equalize,562,419409143,0.01,0.04293188693538389,True
pud,equalize,563,691530812,0.01,0.024321653372756758,True
pud,equalize,564,3570115804,0.01,0.0451902047554065,True
pud,equalize,565,1281043356,0.01,0.004457068527123876,True
pud,equalize,566,1532080227,0.01,0.006963972703042498,True
pud,equalize,567,3119624564,0.01,0.03043796970140571,True
pud,equalize,568,2936567244,0.01,0.028451953968997003,True
pud,equalize,569,2415062840,0.01,0.08624466325944793,True
pud,equalize,570,1188564006,0.01,0.07307782319801541,True
pud,equalize,571,2984993090,0.01,0.04168725440336109,True
pud,equalize,572,1263694083,0.01,0.06591514389050453,True
pud,equalize,573,2529783231,0.01,0.041775063642955516,True
pud,equalize,574,2279649762,0.01,0.039507186085835755,True
pud,equalize,575,695978493,0.01,0.08393668757928426,True
pud,equalize,576,3782546609,0.01,0.060877092957636575,True
pud,equalize,577,3789179714,0.01,0.09101536397124223,True
pud,equalize,578,3567909391,0.01,0.06259076642819937,True
pud,equalize,579,321000198,0.01,0.0825953916233346,True
pud,equalize,580,4265259396,0.01,0.09152576279829548,True
pud,equalize,581,552777151,0.01,0.03041386497096439,True
pud,equalize,582,1737843299,0.01,0.029164536701186086,True
pud,equalize,583,3106573272,0.01,0.020930926416824116,True
pud,equalize,584,3437978595,0.01,0.01579574379832375,True
pud,equalize,585,938565167,0.01,0.02902478030000315,True
pud,equalize,586,3681779413,0.01,0.00016682591464669552,True
pud,equalize,587,1691965018,0.01,0.07704370452974732,True
pud,equalize,588,167342823,0.01,0.020285767889954266,True
pud,equalize,589,3870772365,0.01,0.032522383122769005,True
pud,equalize,590,2737433279,0.01,0.0853203067727708,True
pud,equalize,591,3596195414,0.01,0.05149298703971238,True
pud,equalize,592,170385246,0.01,0.06284486480443134,True
pud,equalize,593,1144935534,0.01,0.047392700589556726,True
pud,equalize,594,2619103531,0.01,0.0022818214650185188,True
pud,equalize,595,40540808,0.01,0.0648036013583209,True
pud,equalize,596,2346124048,0.01,0.07796263223068221,True
pud,equalize,597,2418314935,0.01,0.020315026931864513,True
pud,equalize,598,3648841656,0.01,0.07211552386288682,True
pud,equalize,599,1767909874,0.01,0.05085000016083048,True
pud,equalize,600,1211351155,0.01,0.08962762741348951,True
pud,equalize,601,492539589,0.01,0.00766888649653712,True
pud,equalize,602,4029322183,0.01,0.026791000974427562,True
pud,equalize,603,1076779104,0.01,0.06388072349431584,True
pud,equalize,604,3811768958,0.01,0.0051819704824370046,True
pud,equalize,605,2960570708,0.01,0.014733662896574863,True
pud,equalize,606,2448192918,0.01,0.029343617489452113,True
pud,equalize,607,440715733,0.01,0.04057719035070299,True
pud,equalize,608,2666319094,0.01,0.014250978598941456,True
pud,equalize,609,3719125636,0.01,0.07402496654866715,True
pud,equalize,610,3553728171,0.01,0.04048513843071871,True
pud,equalize,611,552215381,0.01,0.03278719557540383,True
pud,equalize,612,2109024070,0.01,0.017908640048433355,True
pud,equalize,613,736682397,0.01,0.0028625997247399117,True
pud,equalize,614,3178074643,0.01,0.08787925742137365,True
pud,equalize,615,2891055777,0.01,0.003502389130480821,True
pud,equalize,616,3533653247,0.01,0.017485905413386783,True
pud,equalize,617,1010413673,0.01,0.09260122093278557,True
pud,equalize,618,587998529,0.01,0.09019743258624441,True
pud,equalize,619,466561833,0.01,0.09861375291932814,True
pud,equalize,620,2407647757,0.01,0.04742100889162601,True
pud,equalize,621,1871641617,0.01,0.007933056673501039,True
pud,equalize,622,753777836,0.01,0.04270701639408399,True
pud,equalize,623,183812444,0.01,0.09943840455418823,True
pud,equalize,624,1456756467,0.01,0.0016316685400557308,True
pud,equalize,625,3504884389,0.01,0.05216875557984209,True
pud,equalize,626,1755014959,0.01,0.08232430562560661,True
pud,equalize,627,1759456468,0.01,0.026214714164887055,True
pud,equalize,628,4128576705,0.01,0.028265182732577998,True
pud,equalize,629,1449375874,0.01,0.0517415145691414,True
pud,equalize,630,1801527297,0.01,0.029444080412705787,True
pud,equalize,631,3601511055,0.01,0.057236682077682025,True
pud,equalize,632,2448976494,0.01,0.05679899012710065,True
pud,equalize,633,48813993,0.01,0.0727254229072162,True
pud,equalize,634,2963643235,0.01,0.04213143811015289,True
pud,equalize,635,1827852980,0.01,0.0025016925377513545,True
pud,equalize,636,1732638877,0.01,0.054717105951376334,True
pud,equalize,637,3086354913,0.01,0.05788640291451713,True
pud,equalize,638,666415097,0.01,0.049742269373588534,True
pud,equalize,639,969910139,0.01,0.09271540235770104,True
pud,equalize,640,51237951,0.01,0.03432682106594751,True
pud,equalize,641,4260527789,0.01,0.06314822648881752,True
pud,equalize,642,905062349,0.01,0.05675672606401653,True
pud,equalize,643,1851820450,0.01,0.04726960401987467,True
pud,equalize,644,41249750,0.01,0.00019870166150735003,True
pud,equalize,645,3573810046,0.01,0.08042727402406818,True
pud,equalize,646,329999354,0.01,0.055051239812197256,True
pud,equalize,647,1231155545,0.01,0.06361393608988491,True
pud,equalize,648,437376826,0.01,0.027270515693690458,True
pud,equalize,649,1174754836,0.01,0.035205044817752607,True
pud,equalize,650,399605797,0.01,0.07484525429420234,True
pud,equalize,651,333454404,0.01,0.028239866810768434,True
pud,equalize,652,2686901364,0.01,0.028723706600497036,True
pud,equalize,653,475708029,0.01,0.05934206085964131,True
pud,equalize,654,3295797947,0.01,0.06472405881506581,True
pud,equalize,655,1690683645,0.01,0.04254009673321585,True
pud,equalize,656,2984727230,0.01,0.06825012426849979,True
pud,equalize,657,1583687355,0.01,0.021239786992075904,True
pud,equalize,658,1191223414,0.01,0.011210663274582833,True
pud,equalize,659,4086086101,0.01,0.08998077690816986,True
pud,equalize,660,2301916067,0.01,0.00932647659814243,True
pud,equalize,661,1884073280,0.01,0.008457209891745842,True
pud,equalize,662,797944436,0.01,0.06141979972791242,True
pud,equalize,663,499839383,0.01,0.017669769364932888,True
pud,equalize,664,2778671123,0.01,0.0117278382424025,True
pud,equalize,665,3161329406,0.01,0.0665285159683614,True
pud,equalize,666,3798573408,0.01,0.002618872485735513,True
pud,equalize,667,463047627,0.01,0.061536052963397085,True
pud,equalize,668,1684981718,0.01,0.07419422603343305,True
pud,equalize,669,66979212,0.01,0.03948903613148518,True
pud,equalize,670,3204804582,0.01,0.0925242918023653,True
pud,equalize,671,212248650,0.01,0.038792389256351284,True
pud,equalize,672,674662812,0.01,0.033081859399178314,True
pud,equalize,673,3802362023,0.01,0.04428873491328551,True
pud,equalize,674,163245455,0.01,0.09376082640441878,True
pud,equalize,675,369614602,0.01,0.022327054184019347,True
pud,equalize,676,2179793891,0.01,0.04620417372869682,True
pud,equalize,677,2386256470,0.01,0.07077149660431377,True
pud,equalize,678,1773755427,0.01,0.04850150959247556,True
pud,equalize,679,1514540744,0.01,0.0431985596681604,True
pud,equalize,680,3033085318,0.01,0.05976697593433819,True
pud,equalize,681,708727530,0.01,0.005752715402549003,True
pud,equalize,682,1172462329,0.01,0.04598130637632968,True
pud,equalize,683,2165280062,0.01,0.06749559041227735,True
pud,equalize,684,2902023475,0.01,0.029311869904009892,True
pud,equalize,685,1350292305,0.01,0.0669152273280153,True
pud,equalize,686,3427739300,0.01,0.08674568199167008,True
pud,equalize,687,2699615579,0.01,0.0469413970544704,True
pud,equalize,688,2678955084,0.01,0.021713786735349117,True
pud,equalize,689,4119470531,0.01,0.00956262684342224,True
pud,equalize,690,1573756722,0.01,0.09628573846410543,True
pud,equalize,691,1153058271,0.01,0.08318076449430568,True
pud,equalize,692,2077506012,0.01,0.03075993892219613,True
pud,equalize,693,3491544659,0.01,0.07987066160266228,True
pud,equalize,694,1244456925,0.01,0.021142623217171176,True
pud,equalize,695,1405987202,0.01,0.03851133325214623,True
pud,equalize,696,1037298107,0.01,0.052556717151155855,True
pud,equalize,697,2801210889,0.01,0.019545278700238713,True
pud,equalize,698,3869145166,0.01,0.035565211520649655,True
pud,equalize,699,1347274304,0.01,0.05024333465099845,True
pud,equalize,700,2277280931,0.01,0.07548489574920136,True
pud,equalize,701,1082413850,0.01,0.0026001599950812304,True
pud,equalize,702,550869150,0.01,0.019027897837244036,True
pud,equalize,703,4051959908,0.01,0.007248797687482156,True
pud,equalize,704,3106403811,0.01,0.09834168124354692,True
pud,equalize,705,2918900546,0.01,0.040938566726640015,True
pud,equalize,706,3249621127,0.01,0.01639269814421924,True
pud,equalize,707,3959310288,0.01,0.09961173890686972,True
pud,equalize,708,4086573151,0.01,0.01892651381329499,True
pud,equalize,709,375896421,0.01,0.028343165191060105,True
pud,equalize,710,2408681544,0.01,0.03289775920318213,True
pud,equalize,711,2754656885,0.01,0.08824374393743223,True
pud,equalize,712,819861052,0.01,0.03608337425926457,True
pud,equalize,713,2685441680,0.01,0.0059617136690726,True
pud,equalize,714,1350932602,0.01,0.05844605638862293,True
pud,equalize,715,3546244503,0.01,0.05801198333263601,True
pud,equalize,716,51644693,0.01,0.07495954996508206,True
pud,equalize,717,4216338644,0.01,0.0036646413481600695,True
pud,equalize,718,3917958808,0.01,0.031478431106164405,True
pud,equalize,719,1854037200,0.01,0.06709792659216758,True
pud,equalize,720,3570679507,0.01,0.05550203293694309,True
pud,equalize,721,1812404188,0.01,0.07063625982851073,True
pud,equalize,722,197408514,0.01,0.09624603758619288,True
pud,equalize,723,1384897156,0.01,0.023956246968799434,True
pud,equalize,724,842762880,0.01,0.02432882039554144,True
pud,equalize,725,3126992351,0.01,0.07014471541531926,True
pud,equalize,726,3924929465,0.01,0.036421778378468904,True
pud,equalize,727,2372080728,0.01,0.06991649653340358,True
pud,equalize,728,2125899026,0.01,0.08935018957917738,True
pud,equalize,729,2068643854,0.01,0.030309072494065538,True
pud,equalize,730,1669486135,0.01,0.09834218307393508,True
pud,equalize,731,1148951055,0.01,0.01439321017825268,True
pud,equalize,732,1793154699,0.01,0.05874372068127403,True
pud,equalize,733,3302415281,0.01,0.06380323391248521,True
pud,equalize,734,412919944,0.01,0.05137811731325346,True
pud,equalize,735,3193971047,0.01,0.07760414354537232,True
pud,equalize,736,114399281,0.01,0.029982663484758754,True
pud,equalize,737,4177964179,0.01,0.06196370364835899,True
pud,equalize,738,3934310749,0.01,0.09518113317168679,True
pud,equalize,739,3789905675,0.01,0.07777310574382813,True
pud,equalize,740,1960992483,0.01,0.05041266687046262,True
pud,equalize,741,2412676225,0.01,0.004255171935035651,True
pud,equalize,742,4105440331,0.01,0.011881599088519124,True
pud,equalize,743,269043302,0.01,0.04264911786218492,True
pud,equalize,744,964051985,0.01,0.020923302418308254,True
pud,equalize,745,2210033522,0.01,0.00786772538339824,True
pud,equalize,746,281477481,0.01,0.09482464652137669,True
pud,equalize,747,3999771407,0.01,0.05557154586510415,True
pud,equalize,748,855101779,0.01,0.054563455301135745,True
pud,equalize,749,2906648403,0.01,0.0784330681876157,True
pud,equalize,750,2143913215,0.01,0.01455416026944485,True
pud,equalize,751,2945975466,0.01,0.03321768697523821,True
pud,equalize,752,2476998581,0.01,0.04408030997034721,True
pud,equalize,753,1161839115,0.01,0.06969439346506219,True
pud,equalize,754,1457919563,0.01,0.0019716186956381557,True
pud,equalize,755,832895890,0.01,0.08874264378280894,True
pud,equalize,756,4085046439,0.01,0.06434932779305116,True
pud,equalize,757,171226662,0.01,0.09776035758236995,True
pud,equalize,758,1247408304,0.01,0.06250686891052568,True
pud,equalize,759,2292143674,0.01,0.051333988122479815,True
pud,equalize,760,797157382,0.01,0.02212857259946104,True
pud,equalize,761,3258860422,0.01,0.013924123235926412,True
pud,equalize,762,3820367328,0.01,0.06309916759431031,True
pud,equalize,763,2423541988,0.01,0.0691835284032581,True
pud,equalize,764,1751566935,0.01,0.024908752659068056,True
pud,equalize,765,1274663096,0.01,0.05842619175671936,True
pud,equalize,766,884923920,0.01,0.06622528260628674,True
pud,equalize,767,3503293196,0.01,0.08349207380800211,True
pud,equalize,768,2368975978,0.01,0.03113254989207285,True
pud,equalize,769,3671425343,0.01,0.08567077526919283,True
pud,equalize,770,1751038296,0.01,0.041918377521949615,True
pud,equalize,771,4027147006,0.01,0.029157810246807938,True
pud,equalize,772,556894088,0.01,0.03530241043693325,True
pud,equalize,773,586378997,0.01,0.017656043417811098,True
pud,equalize,774,2613890048,0.01,0.07526777055855727,True
pud,equalize,775,1081444182,0.01,0.09157155588475524,True
pud,equalize,776,2566612255,0.01,0.06338065745498689,True
pud,equalize,777,3491249272,0.01,0.05192178566204252,True
pud,equalize,778,944711533,0.01,0.0839837185967594,True
pud,equalize,779,3060195698,0.01,0.027489623597763982,True
pud,equalize,780,2117971070,0.01,0.0018995780103261862,True
pud,equalize,781,608336006,0.01,0.010693044912269412,True
pud,equalize,782,2749229423,0.01,0.02891845013871265,True
pud,equalize,783,2248769148,0.01,0.09523387198196892,True
pud,equalize,784,3922903789,0.01,0.09592755013483178,True
pud,equalize,785,555435456,0.01,0.015172390273335036,True
pud,equalize,786,4077899227,0.01,0.0675473217560191,True
pud,equalize,787,2914427294,0.01,0.060626846935000804,True
pud,equalize,788,2459331984,0.01,0.08420926863075852,True
pud,equalize,789,2398943750,0.01,0.010171147802935931,True
pud,equalize,790,1600920973,0.01,0.08796145855063042,True
pud,equalize,791,707679317,0.01,0.01203432591726601,True
pud,equalize,792,3685131211,0.01,0.06428433542099601,True
pud,equalize,793,77424577,0.01,0.06867593065949687,True
pud,equalize,794,2190074612,0.01,0.08844099049961028,True
pud,equalize,795,3753969924,0.01,0.09493847449147422,True
pud,equalize,796,1963409261,0.01,0.0533143015648355,True
pud,equalize,797,3201387331,0.01,0.043823557441222266,True
pud,equalize,798,200890126,0.01,0.016636023830703294,True
pud,equalize,799,3543774502,0.01,0.07070133161460902,True
pud,equalize,800,2776633428,0.01,0.048270868471875665,True
pud,equalize,801,3111207431,0.01,0.08811160598829522,True
pud,equalize,802,3801420536,0.01,0.043671055447823584,True
pud,equalize,803,1518462939,0.01,0.07799636789243056,True
pud,equalize,804,3971234153,0.01,0.07013375711447886,True
pud,equalize,805,1320891838,0.01,0.02534177824467151,True
pud,equalize,806,2396896537,0.01,0.04051086296257539,True
pud,equalize,807,3236343746,0.01,0.018767107150501672,True
pud,equalize,808,1770014921,0.01,0.061277219017547506,True
pud,equalize,809,3260420633,0.01,0.05722717671512756,True
pud,equalize,810,2220196641,0.01,0.07862444226945405,True
pud,equalize,811,81401383,0.01,0.03285265709133073,True
pud,equalize,812,882770588,0.01,0.07021261236171518,True
pud,equalize,813,2196940781,0.01,0.08731855160415433,True
pud,equalize,814,1190468323,0.01,0.07265698122537927,True
pud,equalize,815,191074914,0.01,0.01812409990488466,True
pud,equalize,816,3188372784,0.01,0.08953356232701848,True
pud,equalize,817,3373759992,0.01,0.08410251320634235,True
pud,equalize,818,2335058341,0.01,0.016813182714036645,True
pud,equalize,819,232280356,0.01,0.007930528509032964,True
pud,equalize,820,1895979026,0.01,0.056274415178921504,True
pud,equalize,821,3287067081,0.01,0.04469541853642629,True
pud,equalize,822,2349650075,0.01,0.0916410431849471,True
pud,equalize,823,3183335744,0.01,0.06137617503239863,True
pud,equalize,824,3689779333,0.01,0.04000064395392827,True
pud,equalize,825,2121433715,0.01,0.03148070469531949,True
pud,equalize,826,3073995744,0.01,0.08448300578884715,True
pud,equalize,827,2831131585,0.01,0.05284033569690569,True
pud,equalize,828,843252233,0.01,0.028446868345693734,True
pud,equalize,829,1660703971,0.01,0.08042542473522955,True
pud,equalize,830,2288821101,0.01,0.05684382842259081,True
pud,equalize,831,3886099733,0.01,0.09175090691170297,True
pud,equalize,832,3899552153,0.01,0.06692939615274435,True
pud,equalize,833,3655416653,0.01,0.09449869122448043,True
pud,equalize,834,861869968,0.01,0.061801491737078385,True
pud,equalize,835,528054969,0.01,0.07559819973350097,True
pud,equalize,836,2713263020,0.01,0.05154750738508819,True
pud,equalize,837,3052603040,0.01,0.022799589424178892,True
pud,equalize,838,3789385560,0.01,0.04707919109201706,True
pud,equalize,839,386868284,0.01,0.0006603363096787662,True
pud,equalize,840,3917277350,0.01,0.04688921455046553,True
pud,equalize,841,898634099,0.01,0.029600645089945667,True
pud,equalize,842,3692604273,0.01,0.08017377891599566,True
pud,equalize,843,3257379840,0.01,0.09597923752098209,True
pud,equalize,844,2815073198,0.01,0.0019567838473618982,True
pud,equalize,845,4094099331,0.01,0.08186257169172073,True
pud,equalize,846,1816791097,0.01,0.010265449442461183,True
pud,equalize,847,1285354761,0.01,0.06964334783274527,True
pud,equalize,848,2609412072,0.01,0.07203692841027891,True
pud,equalize,849,814981801,0.01,0.061402934461897075,True
pud,equalize,850,3686021357,0.01,0.0011024924124380497,True
pud,equalize,851,2918647619,0.01,0.050388847213273184,True
pud,equalize,852,4116165983,0.01,0.0868094236285729,True
pud,equalize,853,1362887437,0.01,0.09139753178143811,True
pud,equalize,854,3840188637,0.01,0.04958886367277603,True
pud,equalize,855,975489503,0.01,0.022295662921967763,True
pud,equalize,856,1117598820,0.01,0.08633160187840527,True
pud,equalize,857,175078000,0.01,0.023867598040424955,True
pud,equalize,858,2571365031,0.01,0.0953357748196896,True
pud,equalize,859,2450455817,0.01,0.011205662685381713,True
pud,equalize,860,349685134,0.01,0.019262980255151132,True
pud,equalize,861,2070873579,0.01,0.00928706333601933,True
pud,equalize,862,2252495684,0.01,0.02691034934149065,True
pud,equalize,863,2050970621,0.01,0.07886893425248624,True
pud,equalize,864,2116951346,0.01,0.08769959205912409,True
pud,equalize,865,3214123810,0.01,0.09549026403894952,True
pud,equalize,866,1183287610,0.01,0.01338992901727808,True
pud,equalize,867,1333245280,0.01,0.07768704429310792,True
pud,equalize,868,359728951,0.01,0.041073804171701034,True
pud,equalize,869,2999250987,0.01,0.05367437230076188,True
pud,equalize,870,1147629320,0.01,0.020899421390663232,True
pud,equalize,871,3269203548,0.01,0.0803687175158369,True
pud,equalize,872,892116150,0.01,0.07927763290322105,True
pud,equalize,873,2459405408,0.01,0.07860441334250519,True
pud,equalize,874,651845309,0.01,0.03720008938418719,True
pud,equalize,875,2835920116,0.01,0.0016400240154037739,True
pud,equalize,876,3889000953,0.01,0.06499616359175894,True
pud,equalize,877,2939588778,0.01,0.0034239956720837684,True
pud,equalize,878,1721649075,0.01,0.01040196019215599,True
pud,equalize,879,3068348354,0.01,0.0774841334664419,True
pud,equalize,880,1838307313,0.01,0.06769557010525094,True
pud,equalize,881,3140199918,0.01,0.05065606840536249,True
pud,equalize,882,2656180009,0.01,0.07832335941656764,True
pud,equalize,883,399658265,0.01,0.08829786428487206,True
pud,equalize,884,3087504691,0.01,0.04763618617591995,True
pud,equalize,885,867270570,0.01,0.0505672166356455,True
pud,equalize,886,553865422,0.01,0.07269916321395466,True
pud,equalize,887,2600868406,0.01,0.03650760129703811,True
pud,equalize,888,463168747,0.01,0.07092835931868595,True
pud,equalize,889,3223656798,0.01,0.08112898400431663,True
pud,equalize,890,403631971,0.01,0.021148959753334386,True
pud,equalize,891,484035703,0.01,0.09546267966663873,True
pud,equalize,892,808232023,0.01,0.09730380148780753,True
pud,equalize,893,3010568726,0.01,0.002047345012534885,True
pud,equalize,894,2111130905,0.01,0.023212840746550924,True
pud,equalize,895,1827677577,0.01,0.07378310501521858,True
pud,equalize,896,2355107364,0.01,0.06881840319260409,True
pud,equalize,897,3739572662,0.01,0.06561115433351415,True
pud,equalize,898,2200357548,0.01,0.018291002013778868,True
pud,equalize,899,1379214026,0.01,0.0745842680512126,True
pud,equalize,900,1282327362,0.01,0.07314329042034483,True
pud,equalize,901,1854981794,0.01,0.047701011200430424,True
pud,equalize,902,1659036501,0.01,0.06356968450064314,True
pud,equalize,903,3148104634,0.01,0.09237005359414006,True
pud,equalize,904,426243593,0.01,0.04570511099581692,True
pud,equalize,905,3750222966,0.01,0.006227368402732259,True
pud,equalize,906,97075561,0.01,0.026659181349678453,True
pud,equalize,907,3156464449,0.01,0.03456317923510861,True
pud,equalize,908,4057901877,0.01,0.010327028238755642,True
pud,equalize,909,1758045929,0.01,0.01756577674440083,True
pud,equalize,910,1589144360,0.01,0.07504832858078864,True
pud,equalize,911,1851671649,0.01,0.05874495449634631,True
pud,equalize,912,1030764249,0.01,0.08714421033220629,True
pud,equalize,913,1651639358,0.01,0.05111757063173492,True
pud,equalize,914,2554339381,0.01,0.07802999085787926,True
pud,equalize,915,2754861380,0.01,0.04377276874930185,True
pud,equalize,916,4057884161,0.01,0.02501334024541532,True
pud,equalize,917,3359722048,0.01,0.004352885210048185,True
pud,equalize,918,4182812165,0.01,0.044819883554023,True
pud,equalize,919,2813652364,0.01,0.038761438132145276,True
pud,equalize,920,234467647,0.01,0.08267838040277027,True
pud,equalize,921,1575917602,0.01,0.08825554418337378,True
pud,equalize,922,1398600611,0.01,0.05126511217429889,True
pud,equalize,923,678618298,0.01,0.07142333401079232,True
pud,equalize,924,1002779092,0.01,0.09680398089256215,True
pud,equalize,925,917964269,0.01,0.003574066401735432,True
pud,equalize,926,3947875494,0.01,0.05978343570615716,True
pud,equalize,927,2996923182,0.01,0.06107539770637941,True
pud,equalize,928,121358621,0.01,0.0012654906443860026,True
pud,equalize,929,2823038251,0.01,0.07959699455825571,True
pud,equalize,930,4015122039,0.01,0.08290690999425537,True
pud,equalize,931,1066281033,0.01,0.027092810653736955,True
pud,equalize,932,1898129845,0.01,0.08550375499869756,True
pud,equalize,933,1946570291,0.01,0.0808873395372065,True
pud,equalize,934,912842951,0.01,0.07500964615404992,True
pud,equalize,935,2063226579,0.01,0.08538945132555742,True
pud,equalize,936,394141633,0.01,0.010693907800410197,True
pud,equalize,937,2528504057,0.01,0.0756883529827357,True
pud,equalize,938,2005512701,0.01,0.060240897612364064,True
pud,equalize,939,1460851886,0.01,0.04465955817188569,True
pud,equalize,940,3157611921,0.01,0.0004949644083180438,True
pud,equalize,941,4187437688,0.01,0.08066571119409802,True
pud,equalize,942,1043165354,0.01,0.04928596819856748,True
pud,equalize,943,1574551121,0.01,0.04155096583688942,True
pud,equalize,944,2078520276,0.01,0.09193346770944263,True
pud,equalize,945,3199754541,0.01,0.06921494889248418,True
pud,equalize,946,3579704802,0.01,0.026672305795867136,True
pud,equalize,947,2570791220,0.01,0.01313309959553004,True
pud,equalize,948,1935763540,0.01,0.019637558536404087,True
pud,equalize,949,3151054367,0.01,0.0011289431741497435,True
pud,equalize,950,1958290548,0.01,0.07200331388416084,True
pud,equalize,951,755869283,0.01,0.026004000076879887,True
pud,equalize,952,610571142,0.01,0.03902906883984626,True
pud,equalize,953,1750688681,0.01,0.07826565850542687,True
pud,equalize,954,4047612754,0.01,0.06469932539364014,True
pud,equalize,955,3071430359,0.01,0.008657977538069529,True
pud,equalize,956,2290770827,0.01,0.04143083779346375,True
pud,equalize,957,3404394763,0.01,0.03809035750652359,True
pud,equalize,958,2323653156,0.01,0.04317822515989389,True
pud,equalize,959,1641682487,0.01,0.04436839747687368,True
pud,equalize,960,1967743904,0.01,0.07675611447102554,True
pud,equalize,961,1239039942,0.01,0.03670744332988265,True
pud,equalize,962,895961813,0.01,0.05903741562873177,True
pud,equalize,963,1089788079,0.01,0.05051126037253622,True
pud,equalize,964,1586939672,0.01,0.0010509377109849227,True
pud,equalize,965,1548756779,0.01,0.05509478868726693,True
pud,equalize,966,4034722605,0.01,0.041672109830762354,True
pud,equalize,967,1004234501,0.01,0.061286849118580816,True
pud,equalize,968,1834174637,0.01,0.06387388066317055,True
pud,equalize,969,261399295,0.01,0.00411628259443253,True
pud,equalize,970,966465854,0.01,0.027561776598260992,True
pud,equalize,971,689908723,0.01,0.06480422263006,True
pud,equalize,972,3731607479,0.01,0.019719724753970026,True
pud,equalize,973,2592523484,0.01,0.09043225293749922,True
pud,equalize,974,7577313,0.01,0.006313042079779785,True
pud,equalize,975,3015435819,0.01,0.09605818783139541,True
pud,equalize,976,455069531,0.01,0.07862782476150883,True
pud,equalize,977,1176651542,0.01,0.0497289333428888,True
pud,equalize,978,4066630908,0.01,0.015854370111040638,True
pud,equalize,979,317751498,0.01,0.00926763956070833,True
pud,equalize,980,3029233991,0.01,0.010311936518707078,True
pud,equalize,981,364244178,0.01,0.08358478843358612,True
pud,equalize,982,3531975833,0.01,0.09946208543055954,True
pud,equalize,983,2364105392,0.01,0.05104876869347629,True
pud,equalize,984,2658275010,0.01,0.0027153528104119197,True
pud,equalize,985,3964387525,0.01,0.016083575397161588,True
pud,equalize,986,1329680342,0.01,0.07864741892166817,True
pud,equalize,987,1313355490,0.01,0.07456779549926684,True
pud,equalize,988,3417288056,0.01,0.08915781442978794,True
pud,equalize,989,3897639291,0.01,0.09818063194227807,True
pud,equalize,990,142172972,0.01,0.017983632714814946,True
pud,equalize,991,2962230520,0.01,0.029031655432802797,True
pud,equalize,992,2622435688,0.01,0.09554358172125815,True
pud,equalize,993,1238957981,0.01,0.0794876724599103,True
pud,equalize,994,392346158,0.01,0.05841540794239353,True
pud,equalize,995,2203167760,0.01,0.09813498612460031,True
pud,equalize,996,1412192918,0.01,0.014212134124540499,True
pud,equalize,997,353093038,0.01,0.03638493064171424,True
pud,equalize,998,3061873187,0.01,0.056732981552730294,True
pud,equalize,999,2810029849,0.01,0.022972429893824954,True
tobacco,equalize,0,1183105679,0.01,0.05207109093381196,True
tobacco,equalize,1,4189262771,0.01,0.020073986741149352,True
tobacco,equalize,2,3409914062,0.01,0.05641586331839202,True
tobacco,equalize,3,513907705,0.01,0.05456872670089235,True
tobacco,equalize,4,451714685,0.01,0.021179175895607718,True
tobacco,equalize,5,3269649398,0.01,0.07205546172475719,True
tobacco,equalize,6,1978943729,0.01,0.020785937239361542,True
tobacco,equalize,7,1650662510,0.01,0.05957692401765661,True
tobacco,equalize,8,2544603734,0.01,0.04454590036046893,True
tobacco,equalize,9,3637826565,0.01,0.032731697290414453,True
tobacco,equalize,10,680203429,0.01,0.086645766855952,True
tobacco,equalize,11,3021768530,0.01,0.0832174855275934,True
tobacco,equalize,12,2721067937,0.01,0.051200375483135024,True
tobacco,equalize,13,346899814,0.01,0.09749426115399817,True
tobacco,equalize,14,4085389133,0.01,0.05127087092754704,True
tobacco,equalize,15,1793384281,0.01,0.010934118785804903,True
tobacco,equalize,16,1332986617,0.01,0.00589518742525087,True
tobacco,equalize,17,7157318,0.01,0.09912003445771472,True
tobacco,equalize,18,3988253212,0.01,0.04902356532562344,True
tobacco,equalize,19,4127890934,0.01,0.020438573042906073,True
tobacco,equalize,20,1195126812,0.01,0.027739621842080342,True
tobacco,equalize,21,3427532585,0.01,0.07487424974984928,True
tobacco,equalize,22,806671418,0.01,0.013932551753276401,True
tobacco,equalize,23,1963752341,0.01,0.09564622880318496,True
tobacco,equalize,24,329836123,0.01,0.0936036130925868,True
tobacco,equalize,25,11564586,0.01,0.042433372301092155,True
tobacco,equalize,26,2816112974,0.01,0.09237329155175808,True
tobacco,equalize,27,519842547,0.01,0.028268656874622357,True
tobacco,equalize,28,2955054236,0.01,0.09927950002361044,True
tobacco,equalize,29,3729381447,0.01,0.054699675552948385,True
tobacco,equalize,30,87157228,0.01,0.0052933659350089535,True
tobacco,equalize,31,1860397694,0.01,0.026051167116776797,True
tobacco,equalize,32,1356508253,0.01,0.07232196424369335,True
tobacco,equalize,33,1116579751,0.01,0.0781805049844505,True
tobacco,equalize,34,716087965,0.01,0.04102928887676193,True
tobacco,equalize,35,734345086,0.01,0.04565372625858804,True
tobacco,equalize,36,2199894049,0.01,0.043783892096581845,True
tobacco,equalize,37,316952150,0.01,0.08285372313732192,True
tobacco,equalize,38,3663202268,0.01,0.0027179721165078497,True
tobacco,equalize,39,2477782583,0.01,0.09041833463863358,True
tobacco,equalize,40,1971658749,0.01,0.0649844581949367,True
tobacco,equalize,41,1893437968,0.01,0.05284741618073544,True
tobacco,equalize,42,3597587616,0.01,0.035828111303768465,True
tobacco,equalize,43,4214211718,0.01,0.06799074640352465,True
tobacco,equalize,44,3830285855,0.01,0.037827915512458114,True
tobacco,equalize,45,2262080490,0.01,0.03248211033709847,True
tobacco,equalize,46,2780172160,0.01,0.012908555143587665,True
tobacco,equalize,47,934885405,0.01,0.014114545805282153,True
tobacco,equalize,48,13865125,0.01,0.06560344095426845,True
tobacco,equalize,49,3069613721,0.01,0.0560347098777117,True
tobacco,equalize,50,666904915,0.01,0.014807652523869575,True
tobacco,equalize,51,589296865,0.01,0.07577629948717507,True
tobacco,equalize,52,259046331,0.01,0.081407688422006,True
tobacco,equalize,53,3854090098,0.01,0.06239729432996613,True
tobacco,equalize,54,177719716,0.01,0.05836507522896398,True
tobacco,equalize,55,1041976486,0.01,0.05543638518633546,True
tobacco,equalize,56,3465225596,0.01,0.02534730806717287,True
tobacco,equalize,57,1609607772,0.01,0.010633202060704805,True
tobacco,equalize,58,1343782216,0.01,0.0812988921544518,True
tobacco,equalize,59,1531255486,0.01,0.09034911163986575,True
tobacco,equalize,60,339602109,0.01,0.03839156109926825,True
tobacco,equalize,61,1442732772,0.01,0.07144185979313498,True
tobacco,equalize,62,1657432762,0.01,0.045982775303909,True
tobacco,equalize,63,574998916,0.01,0.0782645764521453,True
tobacco,equalize,64,392839244,0.01,0.01503544819889413,True
tobacco,equalize,65,1043478341,0.01,0.016395003948575182,True
tobacco,equalize,66,1970262010,0.01,0.07905310729571555,True
tobacco,equalize,67,2170388655,0.01,0.036557833274370746,True
tobacco,equalize,68,2019500130,0.01,0.005281512681847223,True
tobacco,equalize,69,3236199422,0.01,0.004839278578241202,True
tobacco,equalize,70,1397082367,0.01,0.0504007491445129,True
tobacco,equalize,71,2630765542,0.01,0.029690967288283132,True
tobacco,equalize,72,4058413705,0.01,0.006869522447703902,True
tobacco,equalize,73,1006513401,0.01,0.09281253142391227,True
tobacco,equalize,74,1087746708,0.01,0.04520659025490972,True
tobacco,equalize,75,2476113089,0.01,0.006655312714681505,True
tobacco,equalize,76,3542370958,0.01,0.048166534632193315,True
tobacco,equalize,77,2811045227,0.01,0.00196279034431992,True
tobacco,equalize,78,2428940892,0.01,0.035733212592430195,True
tobacco,equalize,79,2248559412,0.01,0.07248215316056263,True
tobacco,equalize,80,1352605231,0.01,0.00506026722925117,True
tobacco,equalize,81,2586299030,0.01,0.0723017603771675,True
tobacco,equalize,82,476070984,0.01,0.09749816108987348,True
tobacco,equalize,83,1719681389,0.01,0.06550365379525618,True
tobacco,equalize,84,4134537741,0.01,0.03009450648146944,True
tobacco,equalize,85,737239782,0.01,0.03670900939038627,True
tobacco,equalize,86,3146107590,0.01,0.056796462924345294,True
tobacco,equalize,87,2595033503,0.01,0.07716463203454417,True
tobacco,equalize,88,3576181143,0.01,0.08374107090672556,True
tobacco,equalize,89,1549913651,0.01,0.04481467511227997,True
tobacco,equalize,90,2337655845,0.01,0.06228372982017169,True
tobacco,equalize,91,1206888043,0.01,0.07986623653979488,True
tobacco,equalize,92,1920079747,0.01,0.09214126056685945,True
tobacco,equalize,93,260984575,0.01,0.0867555950202829,True
tobacco,equalize,94,3324611013,0.01,0.025844969644991857,True
tobacco,equalize,95,1694889988,0.01,0.025472191491571296,True
tobacco,equalize,96,521742152,0.01,0.07742753619879017,True
tobacco,equalize,97,2099755550,0.01,0.05259377233820372,True
tobacco,equalize,98,2395818903,0.01,0.03711319959240329,True
tobacco,equalize,99,3423213286,0.01,0.08528444852546666,True
tobacco,equalize,100,669690772,0.01,0.048564413669458795,True
tobacco,equalize,101,1264458558,0.01,0.09255461648066357,True
tobacco,equalize,102,3106656889,0.01,0.08398406030228873,True
tobacco,equalize,103,2128327988,0.01,0.042408245788308985,True
tobacco,equalize,104,754893943,0.01,0.09595395604790402,True
tobacco,equalize,105,1693133648,0.01,0.09312426072065084,True
tobacco,equalize,106,4215850029,0.01,0.050607586835603485,True
tobacco,equalize,107,549172996,0.01,0.04340917484473246,True
tobacco,equalize,108,1507983518,0.01,0.06759195099091715,True
tobacco,equalize,109,2367664560,0.01,0.09851638493492296,True
tobacco,equalize,110,102333019,0.01,0.0011032260085291569,True
tobacco,equalize,111,2960700043,0.01,0.03661287629379768,True
tobacco,equalize,112,2389193929,0.01,0.06359791371469341,True
tobacco,equalize,113,2176167519,0.01,0.0196412102956008,True
tobacco,equalize,114,3688885254,0.01,0.03329752088436221,True
tobacco,equalize,115,4041735004,0.01,0.06061826442899764,True
tobacco,equalize,116,947427527,0.01,0.06912928672194411,True
tobacco,equalize,117,1263856424,0.01,0.06863314936148378,True
tobacco,equalize,118,2493150014,0.01,0.06822666281535893,True
tobacco,equalize,119,421864558,0.01,0.07909457921887887,True
tobacco,equalize,120,82298394,0.01,0.02809518877044369,True
tobacco,equalize,121,1018083464,0.01,0.04591543895097053,True
tobacco,equalize,122,299120289,0.01,0.06737234377840436,True
tobacco,equalize,123,3721920003,0.01,0.05331243963653533,True
tobacco,equalize,124,2017747818,0.01,0.04805517636060669,True
tobacco,equalize,125,583176836,0.01,0.016280841721840356,True
tobacco,equalize,126,1604789971,0.01,0.07340571855671488,True
tobacco,equalize,127,2496122739,0.01,0.01765804813428613,True
tobacco,equalize,128,939972936,0.01,0.0119519579992311,True
tobacco,equalize,129,668156938,0.01,0.08624457832649383,True
tobacco,equalize,130,1132481338,0.01,0.09945860802428808,True
tobacco,equalize,131,531775267,0.01,0.071131484340115,True
tobacco,equalize,132,742680112,0.01,0.012422984677965876,True
tobacco,equalize,133,3786440244,0.01,0.018640621841802662,True
tobacco,equalize,134,794963746,0.01,0.050958277984155156,True
tobacco,equalize,135,598923977,0.01,0.009157575549635711,True
tobacco,equalize,136,1781716393,0.01,0.047038973755467596,True
tobacco,equalize,137,4092983811,0.01,0.06609175314230167,True
tobacco,equalize,138,622450902,0.01,0.04696065085928308,True
tobacco,equalize,139,440481919,0.01,0.06323365719295482,True
tobacco,equalize,140,3638568918,0.01,0.04429923459415407,True
tobacco,equalize,141,4235103237,0.01,0.09038047343352262,True
tobacco,equalize,142,1169406383,0.01,0.08375980329812716,True
tobacco,equalize,143,317074525,0.01,0.09389514535479558,True
tobacco,equalize,144,3691382861,0.01,0.027900176800363996,True
tobacco,equalize,145,3683306792,0.01,0.0321480984763642,True
tobacco,equalize,146,39592183,0.01,0.016310144849736176,True
tobacco,equalize,147,477541921,0.01,0.08337448532938888,True
tobacco,equalize,148,2227996538,0.01,0.04147533270212898,True
tobacco,equalize,149,1690743792,0.01,0.03990412830547463,True
tobacco,equalize,150,3817614838,0.01,0.060614660167472335,True
tobacco,equalize,151,2459544853,0.01,0.035310829987185044,True
tobacco,equalize,152,1739318076,0.01,0.0638914825092194,True
tobacco,equalize,153,2740089528,0.01,0.06535743747089151,True
tobacco,equalize,154,1490285450,0.01,0.06163580197472496,True
tobacco,equalize,155,1069608831,0.01,0.03410127089991412,True
tobacco,equalize,156,3228538950,0.01,0.09963569255534543,True
tobacco,equalize,157,1754118546,0.01,0.022590882009892312,True
tobacco,equalize,158,986222758,0.01,0.005958232293034826,True
tobacco,equalize,159,3112294257,0.01,0.07260148295527909,True
tobacco,equalize,160,4167432878,0.01,0.030749348618769545,True
tobacco,equalize,161,3453693846,0.01,0.024873497908151,True
tobacco,equalize,162,980758247,0.01,0.016756275352390472,True
tobacco,equalize,163,696391623,0.01,0.08548181777600047,True
tobacco,equalize,164,1194040209,0.01,0.08884381305720862,True
tobacco,equalize,165,292736693,0.01,0.07492361472294966,True
tobacco,equalize,166,407274282,0.01,0.08845592995164198,True
tobacco,equalize,167,1205294072,0.01,0.09085652380760739,True
tobacco,equalize,168,3631390983,0.01,0.08165150273695476,True
tobacco,equalize,169,769251720,0.01,0.038920228097295034,True
tobacco,equalize,170,326401199,0.01,0.05264614731579417,True
tobacco,equalize,171,2077641338,0.01,0.07307538562881141,True
tobacco,equalize,172,1810227930,0.01,0.04882757472401742,True
tobacco,equalize,173,1117230952,0.01,0.09875596502374254,True
tobacco,equalize,174,2015853633,0.01,0.03899099705479095,True
tobacco,equalize,175,1531009780,0.01,0.0857362339780231,True
tobacco,equalize,176,2401455719,0.01,0.04485494016681542,True
tobacco,equalize,177,2405867578,0.01,0.09551193309331601,True
tobacco,equalize,178,2475799219,0.01,0.045847980713603076,True
tobacco,equalize,179,2814518649,0.01,0.03233908100232163,True
tobacco,equalize,180,180233498,0.01,0.09692181735550227,True
tobacco,equalize,181,43925351,0.01,0.08105129403918206,True
tobacco,equalize,182,294802173,0.01,0.09614121314661817,True
tobacco,equalize,183,124492081,0.01,0.0641069969206368,True
tobacco,equalize,184,2281232838,0.01,0.01899868628606466,True
tobacco,equalize,185,901204765,0.01,0.044959399502634695,True
tobacco,equalize,186,1411442553,0.01,0.055129232675133394,True
tobacco,equalize,187,33461370,0.01,0.048543549439737516,True
tobacco,equalize,188,472926123,0.01,0.025454766347067306,True
tobacco,equalize,189,1155729154,0.01,0.04288609370127649,True
tobacco,equalize,190,2393229398,0.01,0.02125430350147597,True
tobacco,equalize,191,2824500427,0.01,0.01742876846628254,True
tobacco,equalize,192,3554782154,0.01,0.05715106765720999,True
tobacco,equalize,193,1092403212,0.01,0.03299368791535356,True
tobacco,equalize,194,3736087923,0.01,0.04521840780934388,True
tobacco,equalize,195,1018515968,0.01,0.073023442869721,True
tobacco,equalize,196,819313609,0.01,0.08611886740418387,True
tobacco,equalize,197,2348187777,0.01,0.0320252764549821,True
tobacco,equalize,198,37604432,0.01,0.06798840521635903,True
tobacco,equalize,199,3339207601,0.01,0.08871419507090929,True
tobacco,equalize,200,1800009729,0.01,0.007828348759267023,True
tobacco,equalize,201,1563780413,0.01,0.0764147427047936,True
tobacco,equalize,202,3750227616,0.01,0.06520151540551831,True
tobacco,equalize,203,4280090177,0.01,0.0665354607233199,True
tobacco,equalize,204,242441821,0.01,0.026214665216933986,True
tobacco,equalize,205,2142486806,0.01,0.0032673361364390697,True
tobacco,equalize,206,3681156255,0.01,0.06574973759480705,True
tobacco,equalize,207,1075945398,0.01,0.031149372189198245,True
tobacco,equalize,208,4242681458,0.01,0.048032617031648774,True
tobacco,equalize,209,1921427704,0.01,0.08646066883793922,True
tobacco,equalize,210,1168289886,0.01,0.08967973720975947,True
tobacco,equalize,211,2733467638,0.01,0.05596841072433676,True
tobacco,equalize,212,2069348670,0.01,0.09851811619017699,True
tobacco,equalize,213,795914507,0.01,0.06105480464112062,True
tobacco,equalize,214,894761562,0.01,0.08137318458502632,True
tobacco,equalize,215,3849525533,0.01,0.025165550244576753,True
tobacco,equalize,216,2196581415,0.01,0.0012751328481117486,True
tobacco,equalize,217,1871467711,0.01,0.048743099272415984,True
tobacco,equalize,218,3567264890,0.01,0.09848279285432848,True
tobacco,equalize,219,748307130,0.01,0.03628770486111817,True
tobacco,equalize,220,2543455098,0.01,0.01571949447326848,True
tobacco,equalize,221,1989363755,0.01,0.061053132425902525,True
tobacco,equalize,222,244374623,0.01,0.002789110443722076,True
tobacco,equalize,223,3498640227,0.01,0.05359113978241647,True
tobacco,equalize,224,3468598333,0.01,0.04218359492572535,True
tobacco,equalize,225,841446845,0.01,0.07748719191017019,True
tobacco,equalize,226,4025938509,0.01,0.00922632545220108,True
tobacco,equalize,227,402723016,0.01,0.0035616346227274054,True
tobacco,equalize,228,130709799,0.01,0.0075436320076069045,True
tobacco,equalize,229,2542189567,0.01,0.0429942165126802,True
tobacco,equalize,230,3164036643,0.01,0.0640000855441427,True
tobacco,equalize,231,2407956223,0.01,0.046314537695397534,True
tobacco,equalize,232,2728364998,0.01,0.023085968192856268,True
tobacco,equalize,233,4215717540,0.01,0.005361958649200727,True
tobacco,equalize,234,3125815316,0.01,0.07420467853237125,True
tobacco,equalize,235,471421170,0.01,0.018123835632727615,True
tobacco,equalize,236,707082084,0.01,0.058027508119419514,True
tobacco,equalize,237,1345530926,0.01,0.024642526519338917,True
tobacco,equalize,238,2530095534,0.01,0.046362351727083896,True
tobacco,equalize,239,2263522988,0.01,0.019872276885048314,True
tobacco,equalize,240,1414297581,0.01,0.0397034340262831,True
tobacco,equalize,241,231194423,0.01,0.03087723522611188,True
tobacco,equalize,242,1872750002,0.01,0.030737935559035846,True
tobacco,equalize,243,2070567972,0.01,0.0568303183909622,True
tobacco,equalize,244,3565083011,0.01,0.04280257348660173,True
tobacco,equalize,245,4009323873,0.01,0.07828509439714804,True
tobacco,equalize,246,1250754408,0.01,0.06806610699213554,True
tobacco,equalize,247,114047595,0.01,0.08327957261346683,True
tobacco,equalize,248,527005104,0.01,0.034579190909459115,True
tobacco,equalize,249,2009277997,0.01,0.08148522069884201,True
tobacco,equalize,250,2691579845,0.01,0.09847998545778604,True
tobacco,equalize,251,3323617251,0.01,0.019040370109071416,True
tobacco,equalize,252,650574006,0.01,0.0549385384209356,True
tobacco,equalize,253,1892883616,0.01,0.0037147960660037674,True
tobacco,equalize,254,2180031453,0.01,0.027551924284437493,True
tobacco,equalize,255,1177838143,0.01,0.018081861534454038,True
tobacco,equalize,256,3593069117,0.01,0.05604660093834092,True
tobacco,equalize,257,3329671159,0.01,0.013659695326184041,True
tobacco,equalize,258,1327064428,0.01,0.0442548844049454,True
tobacco,equalize,259,854338904,0.01,0.08900648793335189,True
tobacco,equalize,260,3344613393,0.01,0.05984668216283771,True
tobacco,equalize,261,3393365871,0.01,0.08707970777002075,True
tobacco,equalize,262,510484436,0.01,0.02406886628562678,True
tobacco,equalize,263,3033568285,0.01,0.07199226186730366,True
tobacco,equalize,264,3233931685,0.01,0.05155271027797919,True
tobacco,equalize,265,2798944553,0.01,0.0006809616254943141,True
tobacco,equalize,266,2477895516,0.01,0.020571840239787642,True
tobacco,equalize,267,3729420771,0.01,0.03521015199255264,True
tobacco,equalize,268,3137535368,0.01,0.0679589575119766,True
tobacco,equalize,269,4233402791,0.01,0.04852034881018672,True
tobacco,equalize,270,3110419883,0.01,0.020811427168833375,True
tobacco,equalize,271,1235648811,0.01,0.06080287716586592,True
tobacco,equalize,272,2346579888,0.01,0.05410015156301604,True
tobacco,equalize,273,3337163980,0.01,0.05495115622266788,True
tobacco,equalize,274,1699185925,0.01,0.05541266672258299,True
tobacco,equalize,275,2921493415,0.01,0.04905625198146685,True
tobacco,equalize,276,337788264,0.01,0.0003895778527316929,True
tobacco,equalize,277,2089030669,0.01,0.01764021471029792,True
tobacco,equalize,278,2861543113,0.01,0.0088894448022111,True
tobacco,equalize,279,2318085621,0.01,0.05605271478974272,True
tobacco,equalize,280,345633912,0.01,0.03994308790958401,True
tobacco,equalize,281,426822946,0.01,0.05653252590527674,True
tobacco,equalize,282,2845709571,0.01,0.012612750148363439,True
tobacco,equalize,283,2246424252,0.01,0.07222418756247799,True
tobacco,equalize,284,3664737990,0.01,0.025060226784522355,True
tobacco,equalize,285,2191825495,0.01,0.07442542368840187,True
tobacco,equalize,286,3308178088,0.01,0.061870846647257,True
tobacco,equalize,287,4235147282,0.01,0.08421174259768441,True
tobacco,equalize,288,191538169,0.01,0.002194681507061236,True
tobacco,equalize,289,1615520273,0.01,0.0161360012907531,True
tobacco,equalize,290,3503823869,0.01,0.003443391342079072,True
tobacco,equalize,291,3139128367,0.01,0.01665565261126798,True
tobacco,equalize,292,1163167600,0.01,0.025156353204858428,True
tobacco,equalize,293,1405843624,0.01,0.03184051315369729,True
tobacco,equalize,294,782728573,0.01,0.04168830898259476,True
tobacco,equalize,295,3256314057,0.01,0.06555862925280363,True
tobacco,equalize,296,2393165469,0.01,0.0241393141247081,True
tobacco,equalize,297,801917972,0.01,0.007307486347842751,True
tobacco,equalize,298,45867420,0.01,0.016144274456969622,True
tobacco,equalize,299,4036883814,0.01,0.004647140713620346,True
tobacco,equalize,300,2216582056,0.01,0.07634820866574078,True
tobacco,equalize,301,3960222021,0.01,0.09855682093814522,True
tobacco,equalize,302,2370771283,0.01,0.05093983320903356,True
tobacco,equalize,303,2666578264,0.01,0.023462976956313254,True
tobacco,equalize,304,1075189612,0.01,0.02265464481036296,True
tobacco,equalize,305,3033494699,0.01,0.06114485195986518,True
tobacco,equalize,306,924714580,0.01,0.0379540168954345,True
tobacco,equalize,307,1916706203,0.01,0.08941728201092014,True
tobacco,equalize,308,1541557124,0.01,0.07893253408558784,True
tobacco,equalize,309,934522732,0.01,0.055326472216157524,True
tobacco,equalize,310,4136394296,0.01,0.03465054926204304,True
tobacco,equalize,311,2097340839,0.01,0.04698473825649602,True
tobacco,equalize,312,3436855571,0.01,0.087758095043469,True
tobacco,equalize,313,3258767245,0.01,0.07366703029817008,True
tobacco,equalize,314,2748207891,0.01,0.07131963901414143,True
tobacco,equalize,315,4223566663,0.01,0.09411157410265206,True
tobacco,equalize,316,3414485856,0.01,0.09378310741802633,True
tobacco,equalize,317,4218123865,0.01,0.06845779543996644,True
tobacco,equalize,318,2163094272,0.01,0.039249922877423564,True
tobacco,equalize,319,398960166,0.01,0.09050792156758018,True
tobacco,equalize,320,2584554941,0.01,0.0698190454466071,True
tobacco,equalize,321,1880031060,0.01,0.00029092614304695454,True
tobacco,equalize,322,2892443691,0.01,0.04598981935935344,True
tobacco,equalize,323,371442877,0.01,0.02026932349852393,True
tobacco,equalize,324,2771043857,0.01,0.004572922102744604,True
tobacco,equalize,325,91436236,0.01,0.012887520415755327,True
tobacco,equalize,326,2504652323,0.01,0.08588822340384478,True
tobacco,equalize,327,1113199148,0.01,0.09640920061500098,True
tobacco,equalize,328,2711583391,0.01,0.06218879175448377,True
tobacco,equalize,329,3304621354,0.01,0.007605172995929533,True
tobacco,equalize,330,2780432766,0.01,0.07970287025858278,True
tobacco,equalize,331,3533502583,0.01,0.07359238247938052,True
tobacco,equalize,332,3446145018,0.01,0.07792299215384033,True
tobacco,equalize,333,1991564949,0.01,0.0552624167096522,True
tobacco,equalize,334,3266424284,0.01,0.06968662613985266,True
tobacco,equalize,335,2269085055,0.01,0.05935031193896206,True
tobacco,equalize,336,1887766103,0.01,0.06594408741177549,True
tobacco,equalize,337,2846658312,0.01,0.09786916941285122,True
tobacco,equalize,338,3694619181,0.01,0.07823273043189338,True
tobacco,equalize,339,3649465309,0.01,0.061112161237088305,True
tobacco,equalize,340,3022655976,0.01,0.07911007122239597,True
tobacco,equalize,341,579033975,0.01,0.011951841908892947,True
tobacco,equalize,342,584453004,0.01,0.0906880268621808,True
tobacco,equalize,343,2843862304,0.01,0.013835311258546224,True
tobacco,equalize,344,1339867170,0.01,0.0583686592083459,True
tobacco,equalize,345,2684574496,0.01,0.051960240770512714,True
tobacco,equalize,346,38311084,0.01,0.055347993682972156,True
tobacco,equalize,347,260757529,0.01,0.04798955794209401,True
tobacco,equalize,348,3608492656,0.01,0.00816046409127733,True
tobacco,equalize,349,4188560065,0.01,0.02370380503750057,True
tobacco,equalize,350,4130388881,0.01,0.05588909748778547,True
tobacco,equalize,351,591426742,0.01,0.055815180146232414,True
tobacco,equalize,352,2847842699,0.01,0.04230786751326204,True
tobacco,equalize,353,528394818,0.01,0.07782655959757828,True
tobacco,equalize,354,1288388774,0.01,0.04937734690083532,True
tobacco,equalize,355,1253051867,0.01,0.03159775034562878,True
tobacco,equalize,356,695811464,0.01,0.09244102102418235,True
tobacco,equalize,357,3955944190,0.01,0.021895283307431092,True
tobacco,equalize,358,1579447102,0.01,0.05335199333821137,True
tobacco,equalize,359,4167782412,0.01,0.005124705399726148,True
tobacco,equalize,360,1001705007,0.01,0.09736859224936957,True
tobacco,equalize,361,1897153451,0.01,0.017442802499743528,True
tobacco,equalize,362,2258384525,0.01,0.015048617724678071,True
tobacco,equalize,363,3967022635,0.01,0.0469637836115185,True
tobacco,equalize,364,3360158186,0.01,0.012936259583531208,True
tobacco,equalize,365,1684565787,0.01,0.02565005829368322,True
tobacco,equalize,366,3085408746,0.01,0.04047640404094475,True
tobacco,equalize,367,2777755936,0.01,0.053292514011753306,True
tobacco,equalize,368,3009879669,0.01,0.01924107132661498,True
tobacco,equalize,369,736808816,0.01,0.07588507823590444,True
tobacco,equalize,370,1383641417,0.01,0.037243310082575455,True
tobacco,equalize,371,551712083,0.01,0.08954559102346533,True
tobacco,equalize,372,100158733,0.01,0.02185571882857781,True
tobacco,equalize,373,178776570,0.01,0.08564972735524137,True
tobacco,equalize,374,1140062245,0.01,0.00892578652850935,True
tobacco,equalize,375,4247430968,0.01,0.07652386476326986,True
tobacco,equalize,376,415963093,0.01,0.09422651231607777,True
tobacco,equalize,377,979423606,0.01,0.0945034532556484,True
tobacco,equalize,378,2738164406,0.01,0.020637184105863772,True
tobacco,equalize,379,3776724277,0.01,0.09228193766489363,True
tobacco,equalize,380,1031331540,0.01,0.08962171712064354,True
tobacco,equalize,381,3340161096,0.01,0.04043148736017702,True
tobacco,equalize,382,3356511687,0.01,0.016721963884665448,True
tobacco,equalize,383,3172824692,0.01,0.09452859926015057,True
tobacco,equalize,384,343700801,0.01,0.012942237419336389,True
tobacco,equalize,385,1837452089,0.01,0.011109437430878688,True
tobacco,equalize,386,2706482990,0.01,0.046269355193353415,True
tobacco,equalize,387,1715063510,0.01,0.02411634430592421,True
tobacco,equalize,388,2566681518,0.01,0.03735258143575381,True
tobacco,equalize,389,3740849534,0.01,0.0950902785224164,True
tobacco,equalize,390,4163000819,0.01,0.0883327975638365,True
tobacco,equalize,391,2749504231,0.01,0.05016869968176742,True
tobacco,equalize,392,2614760228,0.01,0.048422844145202384,True
tobacco,equalize,393,1319149514,0.01,0.09514674126922155,True
tobacco,equalize,394,3571761456,0.01,0.04884514544921115,True
tobacco,equalize,395,4025703268,0.01,0.040486858318011666,True
tobacco,equalize,396,3423709630,0.01,0.00035807543115153886,True
tobacco,equalize,397,1307295738,0.01,0.07633120926470875,True
tobacco,equalize,398,115133769,0.01,0.09741326481259102,True
tobacco,equalize,399,1216120359,0.01,0.02823254616903357,True
tobacco,equalize,400,417531997,0.01,0.07314118717394265,True
tobacco,equalize,401,2690229028,0.01,0.05834822098669297,True
tobacco,equalize,402,631891102,0.01,0.06872693129995576,True
tobacco,equalize,403,2380134787,0.01,0.0003403585003063259,True
tobacco,equalize,404,3510248602,0.01,0.09380967610280112,True
tobacco,equalize,405,3616063155,0.01,0.0059230797918712885,True
tobacco,equalize,406,2799174196,0.01,0.08169496298053447,True
tobacco,equalize,407,2081804491,0.01,0.06712038720392903,True
tobacco,equalize,408,1810416737,0.01,0.06408670801171563,True
tobacco,equalize,409,2682495987,0.01,0.017134583316216558,True
tobacco,equalize,410,2414053739,0.01,0.011701501938562387,True
tobacco,equalize,411,593467776,0.01,0.015792721151357405,True
tobacco,equalize,412,2141279912,0.01,0.08675573980954042,True
tobacco,equalize,413,2990421019,0.01,0.053548332665252635,True
tobacco,equalize,414,256354789,0.01,0.06126483464425303,True
tobacco,equalize,415,740965506,0.01,0.08988638160280732,True
tobacco,equalize,416,2947229696,0.01,0.08609770365763268,True
tobacco,equalize,417,2041230710,0.01,0.03362866995308207,True
tobacco,equalize,418,2569633520,0.01,0.07453962627324665,True
tobacco,equalize,419,4094432856,0.01,0.08464773561518647,True
tobacco,equalize,420,1404804192,0.01,0.08699920331614153,True
tobacco,equalize,421,682658688,0.01,0.026434410351972915,True
tobacco,equalize,422,3004269509,0.01,0.0993651088115511,True
tobacco,equalize,423,1714796686,0.01,0.029114453199903547,True
tobacco,equalize,424,3307274445,0.01,0.03994444841817473,True
tobacco,equalize,425,1492446843,0.01,0.021693449629989703,True
tobacco,equalize,426,1064349221,0.01,0.06935429813559485,True
tobacco,equalize,427,1713213689,0.01,0.051035784650956165,True
tobacco,equalize,428,2601144589,0.01,0.04508848642500392,True
tobacco,equalize,429,356111843,0.01,0.028951327949182017,True
tobacco,equalize,430,1582957763,0.01,0.0585747510040287,True
tobacco,equalize,431,1441897565,0.01,0.086176516279171,True
tobacco,equalize,432,1298788137,0.01,0.09796459303591834,True
tobacco,equalize,433,53914846,0.01,0.010136399368121485,True
tobacco,equalize,434,4154334864,0.01,0.021400158941711312,True
tobacco,equalize,435,2175034244,0.01,0.004528877167110712,True
tobacco,equalize,436,2488921596,0.01,0.013649025203824628,True
tobacco,equalize,437,2714554607,0.01,0.01812580541368677,True
tobacco,equalize,438,3078794132,0.01,0.006099941483097383,True
tobacco,equalize,439,316853186,0.01,0.04131555345729139,True
tobacco,equalize,440,1260002362,0.01,0.06126283206831035,True
tobacco,equalize,441,3722621226,0.01,0.07944403123082923,True
tobacco,equalize,442,315812636,0.01,0.019219869701816352,True
tobacco,equalize,443,2985362290,0.01,0.05358064207334173,True
tobacco,equalize,444,3138511268,0.01,0.06812233003827382,True
tobacco,equalize,445,2845127208,0.01,0.04269365418085163,True
tobacco,equalize,446,337922095,0.01,0.0915351547876833,True
tobacco,equalize,447,3461002211,0.01,0.0031627351782515414,True
tobacco,equalize,448,1022189141,0.01,0.03583191118577912,True
tobacco,equalize,449,1243145308,0.01,0.015031696622494706,True
tobacco,equalize,450,3904094258,0.01,0.027666639624129866,True
tobacco,equalize,451,1086385960,0.01,0.0034596399540965054,True
tobacco,equalize,452,1758035989,0.01,0.003402483729754813,True
tobacco,equalize,453,1393900162,0.01,0.017460893188970063,True
tobacco,equalize,454,3674120426,0.01,0.051562691585180356,True
tobacco,equalize,455,2929250040,0.01,0.08058180132912901,True
tobacco,equalize,456,3024666076,0.01,0.018503496938570587,True
tobacco,equalize,457,305834202,0.01,0.07616284692582054,True
tobacco,equalize,458,1558905097,0.01,0.04111529646793918,True
tobacco,equalize,459,308443138,0.01,0.0812215829359455,True
tobacco,equalize,460,1160253008,0.01,0.010438994881822317,True
tobacco,equalize,461,314477336,0.01,0.07167364175863081,True
tobacco,equalize,462,1876714369,0.01,0.014635499801701347,True
tobacco,equalize,463,2161692201,0.01,0.06331594730951429,True
tobacco,equalize,464,3738491143,0.01,0.05363279943672068,True
tobacco,equalize,465,2016319959,0.01,0.09639907015473109,True
tobacco,equalize,466,734325094,0.01,0.09510012706664522,True
tobacco,equalize,467,171756242,0.01,0.007152926546551541,True
tobacco,equalize,468,3614242446,0.01,0.0672302463016482,True
tobacco,equalize,469,4144210622,0.01,0.08571650572578615,True
tobacco,equalize,470,2000279376,0.01,0.033312507346933896,True
tobacco,equalize,471,3193414474,0.01,0.02135755345098669,True
tobacco,equalize,472,1220232802,0.01,0.07151549938136911,True
tobacco,equalize,473,3127955934,0.01,0.048835763277405776,True
tobacco,equalize,474,2879851652,0.01,0.07697535513734746,True
tobacco,equalize,475,2161157073,0.01,0.07499230818317786,True
tobacco,equalize,476,529637974,0.01,0.08384431630918962,True
tobacco,equalize,477,1584057889,0.01,0.036237300258053655,True
tobacco,equalize,478,2709579374,0.01,0.01856966506575494,True
tobacco,equalize,479,3874516021,0.01,0.059437307748778125,True
tobacco,equalize,480,2153105673,0.01,0.09687133204994944,True
tobacco,equalize,481,2977001650,0.01,0.03155257043844365,True
tobacco,equalize,482,1159672428,0.01,0.09409337226177994,True
tobacco,equalize,483,1843150127,0.01,0.023634512036076027,True
tobacco,equalize,484,946654347,0.01,0.019023337025439926,True
tobacco,equalize,485,534148220,0.01,0.005769840643294999,True
tobacco,equalize,486,4139664374,0.01,0.013529087003945062,True
tobacco,equalize,487,923343727,0.01,0.0008561116916108169,True
tobacco,equalize,488,4237817255,0.01,0.008092739818217221,True
tobacco,equalize,489,3977963968,0.01,0.03009269763651622,True
tobacco,equalize,490,1295059417,0.01,0.09373495950238925,True
tobacco,equalize,491,3262466812,0.01,0.09701981284110017,True
tobacco,equalize,492,2606340588,0.01,0.0005652177040659124,True
tobacco,equalize,493,1441666477,0.01,0.0971966881444469,True
tobacco,equalize,494,1381934950,0.01,0.011263479797704158,True
tobacco,equalize,495,422585015,0.01,0.04837399910866463,True
tobacco,equalize,496,519750586,0.01,0.09186897262998811,True
tobacco,equalize,497,1947251950,0.01,0.05000667013472541,True
tobacco,equalize,498,2542987757,0.01,0.09691905163833689,True
tobacco,equalize,499,2578166821,0.01,0.09048915845977501,True
tobacco,equalize,500,3622785647,0.01,0.08409727238569054,True
tobacco,equalize,501,2229427066,0.01,0.013134095548219893,True
tobacco,equalize,502,236922282,0.01,0.004799464516248919,True
tobacco,equalize,503,321524027,0.01,0.03383828082962703,True
tobacco,equalize,504,1115692383,0.01,0.011534413267439404,True
tobacco,equalize,505,3191469984,0.01,0.05445759034315936,True
tobacco,equalize,506,1148196448,0.01,0.05833826270250082,True
tobacco,equalize,507,2756882125,0.01,0.08044899389294624,True
tobacco,equalize,508,1761872636,0.01,0.03481937034632217,True
tobacco,equalize,509,3677357745,0.01,0.06928028636139123,True
tobacco,equalize,510,1819803522,0.01,0.0378386906357338,True
tobacco,equalize,511,3072800250,0.01,0.09264481435900518,True
tobacco,equalize,512,3939294487,0.01,0.09407081917091786,True
tobacco,equalize,513,1129130919,0.01,0.09496065870673297,True
tobacco,equalize,514,41355941,0.01,0.03537205421600106,True
tobacco,equalize,515,4107849862,0.01,0.05123420479038474,True
tobacco,equalize,516,3116484154,0.01,0.045664886319700004,True
tobacco,equalize,517,4292940789,0.01,0.07811537802353996,True
tobacco,equalize,518,1782131934,0.01,0.07139454407162099,True
tobacco,equalize,519,2996456341,0.01,0.039733231624242686,True
tobacco,equalize,520,157240094,0.01,0.059894102767247805,True
tobacco,equalize,521,2736978229,0.01,0.055383466490610135,True
tobacco,equalize,522,2456193955,0.01,0.05055821987997727,True
tobacco,equalize,523,3043721322,0.01,0.06495161750706215,True
tobacco,equalize,524,2815876355,0.01,0.09765009355515984,True
tobacco,equalize,525,2968699811,0.01,0.07954298330468262,True
tobacco,equalize,526,942351332,0.01,0.0836384056398618,True
tobacco,equalize,527,1240552620,0.01,0.06615333428789683,True
tobacco,equalize,528,3161751302,0.01,0.027149763145585405,True
tobacco,equalize,529,2960165136,0.01,0.04863534153293036,True
tobacco,equalize,530,1223020712,0.01,0.004682741425778714,True
tobacco,equalize,531,4068565837,0.01,0.049869804564206366,True
tobacco,equalize,532,255406871,0.01,0.017441942477829774,True
tobacco,equalize,533,409192977,0.01,0.07735764334389346,True
tobacco,equalize,534,1445938241,0.01,0.06119871561424472,True
tobacco,equalize,535,2073593648,0.01,0.02969117073090547,True
tobacco,equalize,536,944155491,0.01,0.058496160436890335,True
tobacco,equalize,537,3033890008,0.01,0.07785924983376094,True
tobacco,equalize,538,9617278,0.01,0.08457981051223626,True
tobacco,equalize,539,552392559,0.01,0.08703920271377208,True
tobacco,equalize,540,4181986682,0.01,0.02596161999266653,True
tobacco,equalize,541,778310593,0.01,0.013498439580560795,True
tobacco,equalize,542,2237159589,0.01,0.07793577192612161,True
tobacco,equalize,543,4274267683,0.01,0.09136053235710317,True
tobacco,equalize,544,2103118127,0.01,0.034892844042995655,True
tobacco,equalize,545,186188369,0.01,0.06380223328851052,True
tobacco,equalize,546,1428859530,0.01,0.08296601748910132,True
tobacco,equalize,547,2717479293,0.01,0.025917442946282978,True
tobacco,equalize,548,3195942025,0.01,0.016150274163022272,True
tobacco,equalize,549,3661470047,0.01,0.08942797562454763,True
tobacco,equalize,550,1381305994,0.01,0.05294264798839587,True
tobacco,equalize,551,2841683744,0.01,0.010847602305791106,True
tobacco,equalize,552,1826990187,0.01,0.05341111229982313,True
tobacco,equalize,553,3924873401,0.01,0.08589848803058804,True
tobacco,equalize,554,410225034,0.01,0.047557821129843164,True
tobacco,equalize,555,2493354722,0.01,0.05727753393451768,True
tobacco,equalize,556,1518623505,0.01,0.024569147589867793,True
tobacco,equalize,557,391870636,0.01,0.06399611619193461,True
tobacco,equalize,558,298907116,0.01,0.07655739323055405,True
tobacco,equalize,559,3100053557,0.01,0.03786547864284311,True
tobacco,equalize,560,1022772480,0.01,0.07452970797600598,True
tobacco,equalize,561,591051420,0.01,0.022916521564928318,True
tobacco,equalize,562,1701362639,0.01,0.01792991811030228,True
tobacco,equalize,563,1728297637,0.01,0.058586439607253675,True
tobacco,equalize,564,982866659,0.01,0.03213862389668067,True
tobacco,equalize,565,3897858911,0.01,0.048790458280964705,True
tobacco,equalize,566,2918382242,0.01,0.06651147127966052,True
tobacco,equalize,567,413022976,0.01,0.022810625901886594,True
tobacco,equalize,568,2533787232,0.01,0.0339068181543039,True
tobacco,equalize,569,2358343894,0.01,0.0024384573805652735,True
tobacco,equalize,570,3425677594,0.01,0.08315391958241088,True
tobacco,equalize,571,3602308033,0.01,0.03298019267762914,True
tobacco,equalize,572,4201850902,0.01,0.09029170082308424,True
tobacco,equalize,573,2068687054,0.01,0.0016114706672978097,True
tobacco,equalize,574,3165795162,0.01,0.08169531836511494,True
tobacco,equalize,575,466117308,0.01,0.0058856671566442365,True
tobacco,equalize,576,3195563323,0.01,0.08560948588432943,True
tobacco,equalize,577,1655966447,0.01,0.08435534828680029,True
tobacco,equalize,578,359595819,0.01,0.012766181241270791,True
tobacco,equalize,579,1054280956,0.01,0.05918355032346086,True
tobacco,equalize,580,4019354911,0.01,0.08952329957979616,True
tobacco,equalize,581,3574948175,0.01,0.01903974850836636,True
tobacco,equalize,582,197363369,0.01,0.0218646073284543,True
tobacco,equalize,583,4229176849,0.01,0.004612882627193016,True
tobacco,equalize,584,2346496497,0.01,0.06760280560519845,True
tobacco,equalize,585,1303447274,0.01,0.09977599889132163,True
tobacco,equalize,586,1621223576,0.01,0.018948903292244926,True
tobacco,equalize,587,3784684265,0.01,0.0337592159659294,True
tobacco,equalize,588,1640995434,0.01,0.054747192134756165,True
tobacco,equalize,589,2735588356,0.01,0.06442410049798737,True
tobacco,equalize,590,4076435660,0.01,0.06686231231584105,True
tobacco,equalize,591,3101147444,0.01,0.0450535955833255,True
tobacco,equalize,592,1817154522,0.01,0.03964790774778987,True
tobacco,equalize,593,2944928003,0.01,0.0029309417066953336,True
tobacco,equalize,594,2547412341,0.01,0.07573672802932913,True
tobacco,equalize,595,179066465,0.01,0.0827426202992765,True
tobacco,equalize,596,2913628896,0.01,0.009625297866847717,True
tobacco,equalize,597,3694943966,0.01,0.022249421973178418,True
tobacco,equalize,598,2729042397,0.01,0.04433352280765416,True
tobacco,equalize,599,3464797873,0.01,0.004862498065166688,True
tobacco,equalize,600,4267052097,0.01,0.008765948128764313,True
tobacco,equalize,601,1190754665,0.01,0.041816632222531624,True
tobacco,equalize,602,3138857963,0.01,0.032615007458981674,True
tobacco,equalize,603,2817846985,0.01,0.040493549047105115,True
tobacco,equalize,604,787045967,0.01,0.06315885610490785,True
tobacco,equalize,605,424336536,0.01,0.006271042157331087,True
tobacco,equalize,606,3230446931,0.01,0.05061333570092333,True
tobacco,equalize,607,3953343944,0.01,0.028237665266762114,True
tobacco,equalize,608,2236706090,0.01,0.08387453309282876,True
tobacco,equalize,609,365513516,0.01,0.011079300591825415,True
tobacco,equalize,610,1457474763,0.01,0.01645411497376853,True
tobacco,equalize,611,1300031175,0.01,0.0004495388137882972,True
tobacco,equalize,612,1397630422,0.01,0.06319977975294848,True
tobacco,equalize,613,2440721202,0.01,0.0638387796017075,True
tobacco,equalize,614,522310520,0.01,0.06732902388211699,True
tobacco,equalize,615,1246040716,0.01,0.05071660658369778,True
tobacco,equalize,616,391029113,0.01,0.09885249009134398,True
tobacco,equalize,617,421508791,0.01,0.04410958289171799,True
tobacco,equalize,618,1240101216,0.01,0.012927052919075976,True
tobacco,equalize,619,2381953757,0.01,0.0003607986869210156,True
tobacco,equalize,620,715514393,0.01,0.07291774446602116,True
tobacco,equalize,621,533280386,0.01,0.011132188427921198,True
tobacco,equalize,622,123822183,0.01,0.020037636429306817,True
tobacco,equalize,623,3195098535,0.01,0.06687633549220842,True
tobacco,equalize,624,3210630977,0.01,0.07128972894075995,True
tobacco,equalize,625,1786047920,0.01,0.07780985739045496,True
tobacco,equalize,626,3514923936,0.01,0.006185733693159202,True
tobacco,equalize,627,1772598790,0.01,0.08349131213917868,True
tobacco,equalize,628,1729244610,0.01,0.002213166888196372,True
tobacco,equalize,629,3548531571,0.01,0.0008633113842535734,True
tobacco,equalize,630,1681878811,0.01,0.06383047807415464,True
tobacco,equalize,631,3704089270,0.01,0.028234248321486122,True
tobacco,equalize,632,2148808043,0.01,0.04246633112618484,True
tobacco,equalize,633,2136552288,0.01,0.08044504439933645,True
tobacco,equalize,634,1369444499,0.01,0.08935743889107772,True
tobacco,equalize,635,968982261,0.01,0.06913673845188155,True
tobacco,equalize,636,2464579354,0.01,0.07517399047540202,True
tobacco,equalize,637,2566961145,0.01,0.04580283024473367,True
tobacco,equalize,638,336352031,0.01,0.0027822694341546384,True
tobacco,equalize,639,1045462728,0.01,0.028498217168580243,True
tobacco,equalize,640,3569255498,0.01,0.05836554900594877,True
tobacco,equalize,641,4226271652,0.01,0.01739658493110027,True
tobacco,equalize,642,622313439,0.01,0.07206119567597026,True
tobacco,equalize,643,3606881487,0.01,0.06809879199745773,True
tobacco,equalize,644,1745019095,0.01,0.03283491395268025,True
tobacco,equalize,645,1685125742,0.01,0.07716571358361277,True
tobacco,equalize,646,3236791287,0.01,0.03625842518425581,True
tobacco,equalize,647,3752979359,0.01,0.08922413840900899,True
tobacco,equalize,648,3573759362,0.01,0.006660295546090389,True
tobacco,equalize,649,295954779,0.01,0.042853468334257065,True
tobacco,equalize,650,2398620338,0.01,0.011195208099720822,True
tobacco,equalize,651,2559891245,0.01,0.07666955808056564,True
tobacco,equalize,652,1491275881,0.01,0.01039345528867247,True
tobacco,equalize,653,2544997928,0.01,0.06729537818221525,True
tobacco,equalize,654,1074947715,0.01,0.07209055561003797,True
tobacco,equalize,655,134432595,0.01,0.09625406692480121,True
tobacco,equalize,656,1444277212,0.01,0.07553513852034363,True
tobacco,equalize,657,4153340661,0.01,0.050244248499445414,True
tobacco,equalize,658,1578535846,0.01,0.05864272540746024,True
tobacco,equalize,659,910107573,0.01,0.098858608392126,True
tobacco,equalize,660,680674575,0.01,0.09157594279891008,True
tobacco,equalize,661,1590297966,0.01,0.08789592756912169,True
tobacco,equalize,662,2754113168,0.01,0.059165598726890006,True
tobacco,equalize,663,2119569636,0.01,0.03024528166553188,True
tobacco,equalize,664,2385058338,0.01,0.07840288893052928,True
tobacco,equalize,665,4289005396,0.01,0.04226227601045532,True
tobacco,equalize,666,3412990909,0.01,0.031597242856997075,True
tobacco,equalize,667,766870280,0.01,0.040940024276546694,True
tobacco,equalize,668,2950037776,0.01,0.07504822582604569,True
tobacco,equalize,669,2742620190,0.01,0.023533928088311243,True
tobacco,equalize,670,2461627849,0.01,0.004640689165762291,True
tobacco,equalize,671,2289226166,0.01,0.09752967191665944,True
tobacco,equalize,672,1350521862,0.01,0.0540264770188639,True
tobacco,equalize,673,2479416035,0.01,0.017081381432499355,True
tobacco,equalize,674,1470263562,0.01,0.015057574310456734,True
tobacco,equalize,675,3935144250,0.01,0.05577410414846873,True
tobacco,equalize,676,1539735923,0.01,0.06091671330321289,True
tobacco,equalize,677,3680793131,0.01,0.08646363702362864,True
tobacco,equalize,678,3152334624,0.01,0.025087173833700828,True
tobacco,equalize,679,816652304,0.01,0.06561765098772766,True
tobacco,equalize,680,794567418,0.01,0.053084325076944265,True
tobacco,equalize,681,3587524367,0.01,0.011702954462008641,True
tobacco,equalize,682,728602654,0.01,0.07521523690770389,True
tobacco,equalize,683,265762345,0.01,0.013766935750169886,True
tobacco,equalize,684,135703815,0.01,0.03626675696012395,True
tobacco,equalize,685,2624377365,0.01,0.047993180377462176,True
tobacco,equalize,686,2197568801,0.01,0.0478234633406217,True
tobacco,equalize,687,3825493586,0.01,0.05835015843161814,True
tobacco,equalize,688,684600572,0.01,0.07246907572630878,True
tobacco,equalize,689,1704981716,0.01,0.03264221952693398,True
tobacco,equalize,690,73742269,0.01,0.05059249527304395,True
tobacco,equalize,691,1937501361,0.01,0.07258080610202178,True
tobacco,equalize,692,263610586,0.01,0.06252188551046893,True
tobacco,equalize,693,2268756412,0.01,0.09096574014072005,True
tobacco,equalize,694,60088556,0.01,0.09439716597295467,True
tobacco,equalize,695,3155239672,0.01,0.07102461791768433,True
tobacco,equalize,696,2887503171,0.01,0.008502732763830978,True
tobacco,equalize,697,452798157,0.01,0.09537882132660909,True
tobacco,equalize,698,2518536620,0.01,0.028707798849530133,True
tobacco,equalize,699,2202464714,0.01,0.04033470819278491,True
tobacco,equalize,700,2955209363,0.01,0.07991575572199479,True
tobacco,equalize,701,1215569278,0.01,0.02789167176749311,True
tobacco,equalize,702,2871814390,0.01,0.08150624193644118,True
tobacco,equalize,703,315362634,0.01,0.08228245583449045,True
tobacco,equalize,704,4061949713,0.01,0.08845400009580695,True
tobacco,equalize,705,3021472446,0.01,0.05777250120125754,True
tobacco,equalize,706,2113816389,0.01,0.06892667443350127,True
tobacco,equalize,707,3911962746,0.01,0.09516259405021898,True
tobacco,equalize,708,2923601931,0.01,0.05164731608276745,True
tobacco,equalize,709,2738263932,0.01,0.03190446231473122,True
tobacco,equalize,710,3280230868,0.01,0.013774460887844321,True
tobacco,equalize,711,425938795,0.01,0.03297456997728654,True
tobacco,equalize,712,2969615997,0.01,0.022912309948567702,True
tobacco,equalize,713,2892034386,0.01,0.036660528843131326,True
tobacco,equalize,714,3344405457,0.01,0.0838860243104543,True
tobacco,equalize,715,784390167,0.01,0.028502940360276077,True
tobacco,equalize,716,1391193016,0.01,0.03997985216037381,True
tobacco,equalize,717,3807337589,0.01,0.062447202605714874,True
tobacco,equalize,718,2459876447,0.01,0.0004924776511955443,True
tobacco,equalize,719,3380539280,0.01,0.09992623765877348,True
tobacco,equalize,720,1332472909,0.01,0.014954153554378735,True
tobacco,equalize,721,3096588121,0.01,0.09351844701885366,True
tobacco,equalize,722,2131531619,0.01,0.09541859969637331,True
tobacco,equalize,723,3641410148,0.01,0.04328965750487758,True
tobacco,equalize,724,2158774041,0.01,0.08762697554549798,True
tobacco,equalize,725,1270708320,0.01,1.8868729297516484e-05,True
tobacco,equalize,726,764672553,0.01,0.03416552075521189,True
tobacco,equalize,727,250333158,0.01,0.03242092399467146,True
tobacco,equalize,728,2452554448,0.01,0.056162471707734134,True
tobacco,equalize,729,1709318382,0.01,0.07479572735396876,True
tobacco,equalize,730,507452160,0.01,0.06884362759709532,True
tobacco,equalize,731,2456588325,0.01,0.05145403287596815,True
tobacco,equalize,732,3593760998,0.01,0.03375181124205952,True
tobacco,equalize,733,2870801055,0.01,0.051314067556669174,True
tobacco,equalize,734,78476533,0.01,0.033849918088451225,True
tobacco,equalize,735,329567590,0.01,0.057253246794243144,True
tobacco,equalize,736,2866198012,0.01,0.09201687277554173,True
tobacco,equalize,737,475643291,0.01,0.0867470278002097,True
tobacco,equalize,738,1088444489,0.01,0.08307380204188208,True
tobacco,equalize,739,2869196662,0.01,0.06459326540478058,True
tobacco,equalize,740,1030522418,0.01,0.06583657393593201,True
tobacco,equalize,741,3562350643,0.01,0.09713295614246702,True
tobacco,equalize,742,4134375208,0.01,0.023832473497587395,True
tobacco,equalize,743,3850335849,0.01,0.06382915712790177,True
tobacco,equalize,744,3302990092,0.01,0.0231229225582949,True
tobacco,equalize,745,1078132565,0.01,0.051429395589627995,True
tobacco,equalize,746,2669747029,0.01,0.039907180401276304,True
tobacco,equalize,747,1931185387,0.01,0.07654660835417272,True
tobacco,equalize,748,3468839624,0.01,0.0087122305767944,True
tobacco,equalize,749,3318419588,0.01,0.0047443090029327456,True
tobacco,equalize,750,1475111168,0.01,0.015528514587469733,True
tobacco,equalize,751,1367317033,0.01,0.06505285906091184,True
tobacco,equalize,752,3563628227,0.01,0.0738526900630487,True
tobacco,equalize,753,3293215504,0.01,0.008537709579843334,True
tobacco,equalize,754,1590488644,0.01,0.05341878863751146,True
tobacco,equalize,755,252613234,0.01,0.025335040951896606,True
tobacco,equalize,756,2756533231,0.01,0.09392997989009906,True
tobacco,equalize,757,1904466352,0.01,0.08195766404225618,True
tobacco,equalize,758,4150868124,0.01,0.020355468793831422,True
tobacco,equalize,759,212785748,0.01,0.017933461435399544,True
tobacco,equalize,760,2742627520,0.01,0.04713008228345055,True
tobacco,equalize,761,2527420300,0.01,0.007811916430436317,True
tobacco,equalize,762,1980309454,0.01,0.06615523539583133,True
tobacco,equalize,763,3188260840,0.01,0.009232748323139394,True
tobacco,equalize,764,2838211450,0.01,0.022731625024501136,True
tobacco,equalize,765,402868477,0.01,0.0863628099375551,True
tobacco,equalize,766,4183347705,0.01,0.004034491176773148,True
tobacco,equalize,767,3558952045,0.01,0.013693354775734502,True
tobacco,equalize,768,2736885312,0.01,0.05591332396911278,True
tobacco,equalize,769,3129794755,0.01,0.07076858459489725,True
tobacco,equalize,770,1267713736,0.01,0.09989348093013178,True
tobacco,equalize,771,2429997334,0.01,0.011771054139591864,True
tobacco,equalize,772,2790055342,0.01,0.03496125217089657,True
tobacco,equalize,773,2286726061,0.01,0.053300937028150225,True
tobacco,equalize,774,802207067,0.01,0.055689808070895463,True
tobacco,equalize,775,2320997719,0.01,0.027500380375308022,True
tobacco,equalize,776,515371311,0.01,0.0036275402330434472,True
tobacco,equalize,777,1514020321,0.01,0.018856674236371253,True
tobacco,equalize,778,1642214296,0.01,0.009122220731692887,True
tobacco,equalize,779,3156014379,0.01,0.05574781397705869,True
tobacco,equalize,780,2705653001,0.01,0.014621444089376568,True
tobacco,equalize,781,4244755486,0.01,0.06830806459470849,True
tobacco,equalize,782,2706928901,0.01,0.08375484362915864,True
tobacco,equalize,783,3420330459,0.01,0.001755865767368936,True
tobacco,equalize,784,3120572191,0.01,0.035902786631794505,True
tobacco,equalize,785,1424532129,0.01,0.017344869131127462,True
tobacco,equalize,786,2906786028,0.01,0.03691032242901602,True
tobacco,equalize,787,3839864775,0.01,0.09032695028836789,True
tobacco,equalize,788,22327130,0.01,0.07380851358277392,True
tobacco,equalize,789,1772913764,0.01,0.031108123061245885,True
tobacco,equalize,790,2295852714,0.01,0.0803861196163067,True
tobacco,equalize,791,3113810156,0.01,0.053544875343252335,True
tobacco,equalize,792,790660564,0.01,0.0846615385913334,True
tobacco,equalize,793,1680572994,0.01,0.09504818555042324,True
tobacco,equalize,794,1149411662,0.01,0.0940686867543695,True
tobacco,equalize,795,1849501473,0.01,0.07701420120349953,True
tobacco,equalize,796,1779063149,0.01,0.009435765764574756,True
tobacco,equalize,797,107524081,0.01,0.008273198824041917,True
tobacco,equalize,798,3192859711,0.01,0.05291839013567329,True
tobacco,equalize,799,3169928960,0.01,0.0077850336136635724,True
tobacco,equalize,800,871726348,0.01,0.07938264441357379,True
tobacco,equalize,801,3334238411,0.01,0.051528783708002394,True
tobacco,equalize,802,1912031811,0.01,0.008569324499422848,True
tobacco,equalize,803,1770675022,0.01,0.0979295358396364,True
tobacco,equalize,804,299248318,0.01,0.005734294084447389,True
tobacco,equalize,805,1838195184,0.01,0.08624141204067992,True
tobacco,equalize,806,3703888454,0.01,0.04066983556223458,True
tobacco,equalize,807,1041701894,0.01,0.057577446770009734,True
tobacco,equalize,808,1817225035,0.01,0.08744508513537745,True
tobacco,equalize,809,1569846550,0.01,0.06144273444709034,True
tobacco,equalize,810,1508566972,0.01,0.07883501452054592,True
tobacco,equalize,811,582087778,0.01,0.09257897800161194,True
tobacco,equalize,812,2263267845,0.01,0.09938935713880151,True
tobacco,equalize,813,3044827840,0.01,0.06097148406174631,True
tobacco,equalize,814,1023151996,0.01,0.00818962292031491,True
tobacco,equalize,815,2360525576,0.01,0.036543148866800115,True
tobacco,equalize,816,628565609,0.01,0.0005642154298194036,True
tobacco,equalize,817,3087318518,0.01,0.07170324862128961,True
tobacco,equalize,818,2905841764,0.01,0.04662152548853037,True
tobacco,equalize,819,618857330,0.01,0.09904408672916787,True
tobacco,equalize,820,1530053068,0.01,0.061869604110563414,True
tobacco,equalize,821,340413324,0.01,0.008805498032167625,True
tobacco,equalize,822,619248953,0.01,0.004318658128749586,True
tobacco,equalize,823,4278579008,0.01,0.02491272836023163,True
tobacco,equalize,824,2244298891,0.01,0.030891690576092368,True
tobacco,equalize,825,1491770346,0.01,0.02783889442906584,True
tobacco,equalize,826,4292149658,0.01,0.014412122716838761,True
tobacco,equalize,827,3003902479,0.01,0.002612663247509928,True
tobacco,equalize,828,3326867291,0.01,0.05660921092493685,True
tobacco,equalize,829,1306449145,0.01,0.07213070675195436,True
tobacco,equalize,830,4276001276,0.01,0.04358639819643389,True
tobacco,equalize,831,1863363684,0.01,0.0160805213817098,True
tobacco,equalize,832,250300094,0.01,0.040105676744386226,True
tobacco,equalize,833,3632252086,0.01,0.0031358214420496577,True
tobacco,equalize,834,814036491,0.01,0.0899533622031382,True
tobacco,equalize,835,3736758276,0.01,0.04349005908774253,True
tobacco,equalize,836,274619541,0.01,0.09770722449079017,True
tobacco,equalize,837,3679634765,0.01,0.08589655543641206,True
tobacco,equalize,838,2363739599,0.01,0.07009927108058027,True
tobacco,equalize,839,1370984760,0.01,0.04680837068856791,True
tobacco,equalize,840,1321149629,0.01,0.060965333706962194,True
tobacco,equalize,841,2328126902,0.01,0.0954726461460645,True
tobacco,equalize,842,1989989355,0.01,0.020872295490853565,True
tobacco,equalize,843,396241530,0.01,0.06821514373617013,True
tobacco,equalize,844,2879497215,0.01,0.03953355517576593,True
tobacco,equalize,845,328365078,0.01,0.0608958702555992,True
tobacco,equalize,846,1321913395,0.01,0.08770722114654707,True
tobacco,equalize,847,113608202,0.01,0.03986031329943596,True
tobacco,equalize,848,2311683477,0.01,0.036603234855257565,True
tobacco,equalize,849,1351660348,0.01,0.02321410976925692,True
tobacco,equalize,850,2914220325,0.01,0.09777438043011795,True
tobacco,equalize,851,1443038451,0.01,0.048732111974874384,True
tobacco,equalize,852,3906334030,0.01,0.04449552171512349,True
tobacco,equalize,853,2493134742,0.01,0.06766635771290834,True
tobacco,equalize,854,278289090,0.01,0.06742043446679834,True
tobacco,equalize,855,2177320826,0.01,0.07079620881564774,True
tobacco,equalize,856,4163934550,0.01,0.045563032446872875,True
tobacco,equalize,857,3521131303,0.01,0.012000369830658698,True
tobacco,equalize,858,717040952,0.01,0.0572857643418385,True
tobacco,equalize,859,3363524970,0.01,0.017369118408307294,True
tobacco,equalize,860,2453519962,0.01,0.026811550969260314,True
tobacco,equalize,861,2947846520,0.01,0.07523758409872078,True
tobacco,equalize,862,3158883796,0.01,0.06140545512225344,True
tobacco,equalize,863,1935562239,0.01,0.019520681955901578,True
tobacco,equalize,864,3779679774,0.01,0.0005428301424316162,True
tobacco,equalize,865,930151065,0.01,0.019344886589424282,True
tobacco,equalize,866,1601032157,0.01,0.03996523711602559,True
tobacco,equalize,867,1233919352,0.01,0.029200013178296735,True
tobacco,equalize,868,2504498493,0.01,0.012291411185434776,True
tobacco,equalize,869,188821615,0.01,0.06874602424332507,True
tobacco,equalize,870,4093465133,0.01,0.008279036668750473,True
tobacco,equalize,871,727991679,0.01,0.08146365768341196,True
tobacco,equalize,872,804578385,0.01,0.09981240294919332,True
tobacco,equalize,873,3337567928,0.01,0.09687473395233462,True
tobacco,equalize,874,407072378,0.01,0.07853641368339244,True
tobacco,equalize,875,772733557,0.01,0.04051010392765025,True
tobacco,equalize,876,1777563933,0.01,0.02665623017061791,True
tobacco,equalize,877,718395012,0.01,0.09724420645632276,True
tobacco,equalize,878,3588311892,0.01,0.0651634003736855,True
tobacco,equalize,879,3274509807,0.01,0.02816845683911212,True
tobacco,equalize,880,3865168225,0.01,0.06325337024139363,True
tobacco,equalize,881,836342529,0.01,0.035282137468904164,True
tobacco,equalize,882,3595145632,0.01,0.09520354427777183,True
tobacco,equalize,883,3987721793,0.01,0.028459184413281016,True
tobacco,equalize,884,134764579,0.01,0.020683060161696278,True
tobacco,equalize,885,4120585699,0.01,0.09924659878883793,True
tobacco,equalize,886,1821763253,0.01,0.04861002243069284,True
tobacco,equalize,887,1042055226,0.01,0.0710563175697491,True
tobacco,equalize,888,1549162400,0.01,0.0614368432690267,True
tobacco,equalize,889,3706539351,0.01,0.03234989385622835,True
tobacco,equalize,890,2535853020,0.01,0.0454674861584799,True
tobacco,equalize,891,516280734,0.01,0.05101197766588472,True
tobacco,equalize,892,2929341956,0.01,0.020279693959692494,True
tobacco,equalize,893,657630161,0.01,0.08317233609055442,True
tobacco,equalize,894,2391634941,0.01,0.05342402306310277,True
tobacco,equalize,895,1225086117,0.01,0.044373361267718764,True
tobacco,equalize,896,1966638302,0.01,0.07420998401500183,True
tobacco,equalize,897,2953262702,0.01,0.03768792618177518,True
tobacco,equalize,898,1116542208,0.01,0.08582101431679254,True
tobacco,equalize,899,1024744554,0.01,0.04171215910790813,True
tobacco,equalize,900,969144739,0.01,0.06486112640611119,True
tobacco,equalize,901,1489823344,0.01,0.013335036684982971,True
tobacco,equalize,902,3493503309,0.01,0.08556627175033447,True
tobacco,equalize,903,3343872696,0.01,0.08848567040659491,True
tobacco,equalize,904,3877837294,0.01,0.052006207436314816,True
tobacco,equalize,905,2989623523,0.01,0.09500380378462778,True
tobacco,equalize,906,108615850,0.01,0.021929457329485938,True
tobacco,equalize,907,2610670301,0.01,0.027571559157405202,True
tobacco,equalize,908,2403505688,0.01,0.040281915395261506,True
tobacco,equalize,909,2941480489,0.01,0.00482018568098922,True
tobacco,equalize,910,4291876569,0.01,0.05298884152325939,True
tobacco,equalize,911,19538973,0.01,0.002662139729483104,True
tobacco,equalize,912,2421849875,0.01,0.03272034998494599,True
tobacco,equalize,913,556244354,0.01,0.06251639014064765,True
tobacco,equalize,914,1902945814,0.01,0.07432233630177892,True
tobacco,equalize,915,546110065,0.01,0.014706560480767274,True
tobacco,equalize,916,1144343483,0.01,0.05823769780640812,True
tobacco,equalize,917,4110867582,0.01,0.09987193900167252,True
tobacco,equalize,918,666933070,0.01,0.09957703239189564,True
tobacco,equalize,919,234666087,0.01,0.08791662090220714,True
tobacco,equalize,920,1438444379,0.01,0.034623183040791504,True
tobacco,equalize,921,2143566346,0.01,0.047903291654080304,True
tobacco,equalize,922,601456417,0.01,0.02204050729065206,True
tobacco,equalize,923,874218637,0.01,0.07786984545898588,True
tobacco,equalize,924,314647858,0.01,0.08118351663164586,True
tobacco,equalize,925,2754383343,0.01,0.01591256210692257,True
tobacco,equalize,926,2635942330,0.01,0.06857847017291545,True
tobacco,equalize,927,1110515161,0.01,0.020685915147797898,True
tobacco,equalize,928,3899091809,0.01,0.053760966859240006,True
tobacco,equalize,929,3062771381,0.01,0.008473125852976594,True
tobacco,equalize,930,400142570,0.01,0.0467216060189279,True
tobacco,equalize,931,1036743497,0.01,0.08721576924416727,True
tobacco,equalize,932,2244583992,0.01,0.006725853223644974,True
tobacco,equalize,933,1828617080,0.01,0.012071885234433134,True
tobacco,equalize,934,2873855511,0.01,0.007018502117199699,True
tobacco,equalize,935,828567840,0.01,0.09467411881554776,True
tobacco,equalize,936,2386735157,0.01,0.08682440394664848,True
tobacco,equalize,937,4100787252,0.01,0.0722809912298756,True
tobacco,equalize,938,975894078,0.01,0.09577032048959842,True
tobacco,equalize,939,3570329118,0.01,0.014137107017961526,True
tobacco,equalize,940,4207653135,0.01,0.04963501557571777,True
tobacco,equalize,941,320204118,0.01,0.0039988419931555556,True
tobacco,equalize,942,1080944408,0.01,0.04915835878778914,True
tobacco,equalize,943,2534574833,0.01,0.019482933199642474,True
tobacco,equalize,944,647545465,0.01,0.08841805928309718,True
tobacco,equalize,945,3553260132,0.01,0.07064310975877607,True
tobacco,equalize,946,2516428963,0.01,0.08462623476976211,True
tobacco,equalize,947,3491745398,0.01,0.054651965613020805,True
tobacco,equalize,948,1858093112,0.01,0.09649236215416852,True
tobacco,equalize,949,3960984778,0.01,0.047788152588083346,True
tobacco,equalize,950,491672951,0.01,0.008894526895342147,True
tobacco,equalize,951,1369097682,0.01,0.04263372810974199,True
tobacco,equalize,952,244391811,0.01,0.055682971295546224,True
tobacco,equalize,953,2849372503,0.01,0.018800444050574086,True
tobacco,equalize,954,1673175953,0.01,0.09139138105287517,True
tobacco,equalize,955,3202808098,0.01,0.017280160649847876,True
tobacco,equalize,956,551361527,0.01,0.03932109151889257,True
tobacco,equalize,957,993788590,0.01,0.0046330763490368574,True
tobacco,equalize,958,4113576471,0.01,0.031061472063818697,True
tobacco,equalize,959,620232463,0.01,0.05166092190811331,True
tobacco,equalize,960,736900508,0.01,0.001544429648394674,True
tobacco,equalize,961,4180879169,0.01,0.09591378244410924,True
tobacco,equalize,962,2183445290,0.01,0.0808521546973884,True
tobacco,equalize,963,332974233,0.01,0.017859876188501357,True
tobacco,equalize,964,4095786176,0.01,0.08721807812671388,True
tobacco,equalize,965,1485139301,0.01,0.0688607168350695,True
tobacco,equalize,966,158531672,0.01,0.02126792445054533,True
tobacco,equalize,967,1067657877,0.01,0.0683229258258535,True
tobacco,equalize,968,2592728703,0.01,0.07888899681800443,True
tobacco,equalize,969,1306629538,0.01,0.08089688915117815,True
tobacco,equalize,970,2763170004,0.01,0.015257965639202743,True
tobacco,equalize,971,3126693619,0.01,0.047912107288868744,True
tobacco,equalize,972,3525886618,0.01,0.05522413957939342,True
tobacco,equalize,973,3661435331,0.01,0.09093449701392035,True
tobacco,equalize,974,3697232132,0.01,0.04568627800369501,True
tobacco,equalize,975,3055048972,0.01,0.042045212400882805,True
tobacco,equalize,976,2708485734,0.01,0.026728713216114964,True
tobacco,equalize,977,1678291742,0.01,0.025922210975968165,True
tobacco,equalize,978,2906555445,0.01,0.025386579091333485,True
tobacco,equalize,979,2852634185,0.01,0.07938790581636894,True
tobacco,equalize,980,1315313728,0.01,0.036905250612660236,True
tobacco,equalize,981,3609831451,0.01,0.09690580295152405,True
tobacco,equalize,982,1831746229,0.01,0.023976789553767832,True
tobacco,equalize,983,1945886,0.01,0.07279304074595537,True
tobacco,equalize,984,2478419197,0.01,0.040377049187253926,True
tobacco,equalize,985,2946433783,0.01,0.08803240447626577,True
tobacco,equalize,986,3784172020,0.01,0.08924937009380796,True
tobacco,equalize,987,1525093046,0.01,0.09764465658901404,True
tobacco,equalize,988,2206198520,0.01,0.08696938329134143,True
tobacco,equalize,989,991938076,0.01,0.019916664357468885,True
tobacco,equalize,990,2543184183,0.01,0.05401479421672437,True
tobacco,equalize,991,3182832513,0.01,0.006059605997267792,True
tobacco,equalize,992,1229696640,0.01,0.07162702401091174,True
tobacco,equalize,993,21873564,0.01,0.09138943190477376,True
tobacco,equalize,994,1639531574,0.01,0.07357844787417843,True
tobacco,equalize,995,3057239635,0.01,0.06678620970192321,True
tobacco,equalize,996,3729368331,0.01,0.053306921503636,True
tobacco,equalize,997,604735847,0.01,0.0945526740916204,True
tobacco,equalize,998,3643491357,0.01,0.09888401930485805,True
tobacco,equalize,999,3438506058,0.01,0.04460028707613818,True
ego,equalize,0,3982466393,0.01,0.005741959481792991,True
ego,equalize,1,1154238087,0.01,0.05314436436460224,True
ego,equalize,2,3593136189,0.01,0.0929248913138006,True
ego,equalize,3,1907999395,0.01,0.03659294341846627,True
ego,equalize,4,3671128606,0.01,0.08863903582231891,True
ego,equalize,5,4223360688,0.01,0.012090970325266438,True
ego,equalize,6,1583879707,0.01,0.02602863003394299,True
ego,equalize,7,2752605305,0.01,0.06234037629743844,True
ego,equalize,8,642180976,0.01,0.06436459176428816,True
ego,equalize,9,901856688,0.01,0.06503391202165547,True
ego,equalize,10,984764301,0.01,0.08824926995919583,True
ego,equalize,11,3064589385,0.01,0.049659802451023166,True
ego,equalize,12,337238994,0.01,0.02174706217204646,True
ego,equalize,13,3520528842,0.01,0.08091381906183424,True
ego,equalize,14,667664036,0.01,0.08514953059285861,True
ego,equalize,15,1191210601,0.01,0.06360080684213033,True
ego,equalize,16,4096654802,0.01,0.029512595217363536,True
ego,equalize,17,3379451955,0.01,0.015233842724215952,True
ego,equalize,18,2696043447,0.01,0.016950734406256895,True
ego,equalize,19,2097981060,0.01,0.07819106972291762,True
ego,equalize,20,3003487216,0.01,0.03633801397455335,True
ego,equalize,21,4050502385,0.01,0.032030694766998415,True
ego,equalize,22,293325057,0.01,0.024816578183144523,True
ego,equalize,23,1613431668,0.01,0.01795274485708288,True
ego,equalize,24,1668677670,0.01,0.06470856915871669,True
ego,equalize,25,2262882973,0.01,0.055275451473746434,True
ego,equalize,26,2502796383,0.01,0.06819496912592769,True
ego,equalize,27,460257376,0.01,0.08341709052252566,True
ego,equalize,28,777127238,0.01,0.03686877966266965,True
ego,equalize,29,187811270,0.01,0.07992022835990573,True
ego,equalize,30,753638962,0.01,0.005409975096485831,True
ego,equalize,31,539601514,0.01,0.037639882667440096,True
ego,equalize,32,2706814009,0.01,0.06697755074662326,True
ego,equalize,33,335561399,0.01,0.007151321530188881,True
ego,equalize,34,632900245,0.01,0.08096396658311605,True
ego,equalize,35,3712221522,0.01,0.09271324044259861,True
ego,equalize,36,528970619,0.01,0.04619645287355515,True
ego,equalize,37,384926066,0.01,0.0793045881189029,True
ego,equalize,38,2271729141,0.01,0.03838631083644145,True
ego,equalize,39,1375308033,0.01,0.07589936681987383,True
ego,equalize,40,572758655,0.01,0.07573736057166676,True
ego,equalize,41,4193241730,0.01,0.06679678707042096,True
ego,equalize,42,2431441090,0.01,0.04733013893900621,True
ego,equalize,43,2544640396,0.01,0.04231038240501424,True
ego,equalize,44,2993891000,0.01,0.06956376997883128,True
ego,equalize,45,909194253,0.01,0.024237725326986526,True
ego,equalize,46,3694975400,0.01,0.09256526135710745,True
ego,equalize,47,1831061455,0.01,0.07545880173298863,True
ego,equalize,48,3681920235,0.01,0.07890946971508855,True
ego,equalize,49,4176004869,0.01,0.07407099278770927,True
ego,equalize,50,869090937,0.01,0.02625722605732458,True
ego,equalize,51,3900570195,0.01,0.09249754117038876,True
ego,equalize,52,2327363201,0.01,0.08485269547150745,True
ego,equalize,53,894555397,0.01,0.08123909174875928,True
ego,equalize,54,2403822974,0.01,0.06552298722834347,True
ego,equalize,55,2490798817,0.01,0.006347213847187661,True
ego,equalize,56,71557576,0.01,0.05098991966254915,True
ego,equalize,57,2990268389,0.01,0.009313123421723834,True
ego,equalize,58,1016914575,0.01,0.09239055772473571,True
ego,equalize,59,521168272,0.01,0.03288784534582128,True
ego,equalize,60,612514825,0.01,0.04970486561746871,True
ego,equalize,61,309320116,0.01,0.07464218201851477,True
ego,equalize,62,1476561109,0.01,0.09005714349884353,True
ego,equalize,63,2620265336,0.01,0.06434777334905839,True
ego,equalize,64,1802411569,0.01,0.0762824873871154,True
ego,equalize,65,1396564438,0.01,0.044158196146975685,True
ego,equalize,66,252888128,0.01,0.06467338053292274,True
ego,equalize,67,2142366056,0.01,0.007863277095476118,True
ego,equalize,68,708863131,0.01,0.007470531630498656,True
ego,equalize,69,3383601195,0.01,0.03761787716607942,True
ego,equalize,70,2483775072,0.01,0.007157344974889868,True
ego,equalize,71,3555340141,0.01,0.09351909453782159,True
ego,equalize,72,304581749,0.01,0.008945389511901302,True
ego,equalize,73,3082596809,0.01,0.04969252094016671,True
ego,equalize,74,3364533807,0.01,0.06917644168922053,True
ego,equalize,75,4134402197,0.01,0.009412864038171721,True
ego,equalize,76,3877195816,0.01,0.0015164977708987172,True
ego,equalize,77,177866405,0.01,0.0692004032732471,True
ego,equalize,78,39340368,0.01,0.07668565143553475,True
ego,equalize,79,815946395,0.01,0.0004912800440710962,True
ego,equalize,80,1571295585,0.01,0.08887219431876313,True
ego,equalize,81,2947452214,0.01,0.016223222863224463,True
ego,equalize,82,2549381324,0.01,0.017778974664734926,True
ego,equalize,83,2368581658,0.01,0.05961096240325331,True
ego,equalize,84,1385640986,0.01,0.05752169346002495,True
ego,equalize,85,3319074141,0.01,0.014187911283259148,True
ego,equalize,86,1291949752,0.01,0.0392197933694422,True
ego,equalize,87,3702669107,0.01,0.042474111620900146,True
ego,equalize,88,3166552556,0.01,0.09660589995510825,True
ego,equalize,89,4141662023,0.01,0.0542147763019757,True
ego,equalize,90,3580970422,0.01,0.08733609048207974,True
ego,equalize,91,3996047941,0.01,0.06296535830500126,True
ego,equalize,92,2700891594,0.01,0.04147242009299773,True
ego,equalize,93,4242940248,0.01,0.028063360904293656,True
ego,equalize,94,2252517979,0.01,0.0657051789067014,True
ego,equalize,95,3709841224,0.01,0.04262776819300537,True
ego,equalize,96,3584696651,0.01,0.02839251806004537,True
ego,equalize,97,799443548,0.01,0.06818680595986837,True
ego,equalize,98,3090024214,0.01,0.07381482283751015,True
ego,equalize,99,3645209679,0.01,0.05559779642345702,True
ego,equalize,100,2919232236,0.01,0.0470341641708092,True
ego,equalize,101,495585313,0.01,0.05077381774679133,True
ego,equalize,102,125539802,0.01,0.029833050137986195,True
ego,equalize,103,2066993632,0.01,0.017181267151758464,True
ego,equalize,104,300592,0.01,0.033633088824948344,True
ego,equalize,105,2724450490,0.01,0.09635572141489701,True
ego,equalize,106,630421228,0.01,0.096734158138244,True
ego,equalize,107,3415180388,0.01,0.01201632406807548,True
ego,equalize,108,1539584066,0.01,0.017027437965680115,True
ego,equalize,109,1438269599,0.01,0.05350189204420689,True
ego,equalize,110,2107607095,0.01,0.006632555527037187,True
ego,equalize,111,867013085,0.01,0.08191549289887821,True
ego,equalize,112,3845267344,0.01,0.056068629158747524,True
ego,equalize,113,4211358360,0.01,0.05726229222297935,True
ego,equalize,114,1247543176,0.01,0.07220926415911987,True
ego,equalize,115,2044833430,0.01,0.004638283421510692,True
ego,equalize,116,1876474849,0.01,0.06025603595125184,True
ego,equalize,117,308291064,0.01,0.07066475433368416,True
ego,equalize,118,3412796575,0.01,0.0052957362172602945,True
ego,equalize,119,3667643371,0.01,0.06931329253285183,True
ego,equalize,120,1211613118,0.01,0.03603502621629674,True
ego,equalize,121,3528174350,0.01,0.06590988552559318,True
ego,equalize,122,3006085753,0.01,0.09877860836617862,True
ego,equalize,123,2175930491,0.01,0.09289274605027276,True
ego,equalize,124,788848120,0.01,0.04488383277173899,True
ego,equalize,125,3427953506,0.01,0.035443807093459005,True
ego,equalize,126,1285797594,0.01,0.0037596565641070502,True
ego,equalize,127,3044804236,0.01,0.02198268966683642,True
ego,equalize,128,3615301511,0.01,0.0432717465957824,True
ego,equalize,129,1671920798,0.01,0.037751746485544704,True
ego,equalize,130,3200948977,0.01,0.05892714138040683,True
ego,equalize,131,1318291366,0.01,0.023903845765527454,True
ego,equalize,132,2133513999,0.01,0.051135476461764764,True
ego,equalize,133,694750487,0.01,0.0470734695607818,True
ego,equalize,134,1676630034,0.01,0.007449578366187148,True
ego,equalize,135,4080958471,0.01,0.012802108212737818,True
ego,equalize,136,898551719,0.01,0.011567098129746779,True
ego,equalize,137,3357225517,0.01,0.015541871043987366,True
ego,equalize,138,806966516,0.01,0.03095973224287282,True
ego,equalize,139,473847130,0.01,0.08665135110446158,True
ego,equalize,140,1651932384,0.01,0.036838745834127495,True
ego,equalize,141,3570518035,0.01,0.037897940108651856,True
ego,equalize,142,2035089795,0.01,0.05535809623206398,True
ego,equalize,143,4064800236,0.01,0.038820443554394984,True
ego,equalize,144,3540141575,0.01,0.06144961104499167,True
ego,equalize,145,1719773305,0.01,0.05848969485053375,True
ego,equalize,146,4053744810,0.01,0.0928476239330685,True
ego,equalize,147,1587233670,0.01,0.04520920259264382,True
ego,equalize,148,2728364900,0.01,0.05672206806508256,True
ego,equalize,149,1252713321,0.01,0.05252479299290678,True
ego,equalize,150,3751413897,0.01,0.08071425212372682,True
ego,equalize,151,1985494732,0.01,0.05900488985963917,True
ego,equalize,152,631223548,0.01,0.07441357571784546,True
ego,equalize,153,3053635640,0.01,0.09789789873920653,True
ego,equalize,154,3004427127,0.01,0.03705967704526414,True
ego,equalize,155,275456750,0.01,0.02786582430141147,True
ego,equalize,156,1394274337,0.01,0.0755339526979601,True
ego,equalize,157,1481827269,0.01,0.0645874072481668,True
ego,equalize,158,2292057762,0.01,0.03678955402419062,True
ego,equalize,159,1105345512,0.01,0.06010222349313991,True
ego,equalize,160,1792974745,0.01,0.02941193516145535,True
ego,equalize,161,2777544142,0.01,0.04992089455204653,True
ego,equalize,162,3411650411,0.01,0.010876850931560622,True
ego,equalize,163,3638170844,0.01,0.028995279443553457,True
ego,equalize,164,418868210,0.01,0.07244006053482176,True
ego,equalize,165,621479,0.01,0.049120361111567326,True
ego,equalize,166,3466514659,0.01,0.0042727455373444915,True
ego,equalize,167,2588768642,0.01,0.0850976064885654,True
ego,equalize,168,557015793,0.01,0.03451460987267692,True
ego,equalize,169,1064354272,0.01,0.06531817868851489,True
ego,equalize,170,1678902014,0.01,0.02853396545960002,True
ego,equalize,171,3198947218,0.01,0.022357411257717688,True
ego,equalize,172,2321744700,0.01,0.021324753974766554,True
ego,equalize,173,3942831515,0.01,0.09562354139144341,True
ego,equalize,174,3804184436,0.01,0.09607948603002184,True
ego,equalize,175,1645908691,0.01,0.03592385149441566,True
ego,equalize,176,1363100227,0.01,0.011648190875225528,True
ego,equalize,177,250835089,0.01,0.0048418105101422195,True
ego,equalize,178,3410918630,0.01,0.05105046744042886,True
ego,equalize,179,4002988023,0.01,0.07864152613332827,True
ego,equalize,180,2846674781,0.01,0.0519965173946059,True
ego,equalize,181,1011713069,0.01,0.06948719778113507,True
ego,equalize,182,2298789072,0.01,0.08697185843986416,True
ego,equalize,183,1982414341,0.01,0.010410376064418116,True
ego,equalize,184,2659375844,0.01,0.09671670930850808,True
ego,equalize,185,1423545301,0.01,0.04273129702733829,True
ego,equalize,186,939921045,0.01,0.06012452534433147,True
ego,equalize,187,1533755021,0.01,0.0440598046137496,True
ego,equalize,188,2290768900,0.01,0.09624478827322128,True
ego,equalize,189,1808971039,0.01,0.004122589318592085,True
ego,equalize,190,1598076787,0.01,0.08396427731000092,True
ego,equalize,191,444992713,0.01,0.049656004108693454,True
ego,equalize,192,2903516636,0.01,0.023711839385737322,True
ego,equalize,193,1875262937,0.01,0.04500823923015099,True
ego,equalize,194,3834339964,0.01,0.018034735489132737,True
ego,equalize,195,3465187510,0.01,0.013087340991489161,True
ego,equalize,196,3089024904,0.01,0.05345098366494288,True
ego,equalize,197,1849850080,0.01,0.003298958914988859,True
ego,equalize,198,3950542741,0.01,0.04876283892422792,True
ego,equalize,199,452861038,0.01,0.044184783664926855,True
ego,equalize,200,4289008305,0.01,0.05470046404600931,True
ego,equalize,201,3570490890,0.01,0.07069191477349594,True
ego,equalize,202,2918825309,0.01,0.06700974380243938,True
ego,equalize,203,3588235483,0.01,0.026296083469122468,True
ego,equalize,204,3073879624,0.01,0.08722479118811742,True
ego,equalize,205,4001465189,0.01,0.04054945341890123,True
ego,equalize,206,2590811116,0.01,0.06949237140442964,True
ego,equalize,207,1981990509,0.01,0.054714330247599766,True
ego,equalize,208,3767878635,0.01,0.05752345658771246,True
ego,equalize,209,3109405972,0.01,0.06421690976866024,True
ego,equalize,210,3084141469,0.01,0.048915796134967195,True
ego,equalize,211,184050399,0.01,0.08588949500350244,True
ego,equalize,212,4039585502,0.01,0.025932700040978397,True
ego,equalize,213,1786052189,0.01,0.05055905873841117,True
ego,equalize,214,443371943,0.01,0.04640098132847839,True
ego,equalize,215,3091902698,0.01,0.06333673598875929,True
ego,equalize,216,2836840761,0.01,0.041381315566196744,True
ego,equalize,217,1624495974,0.01,0.09960214724600097,True
ego,equalize,218,3814057077,0.01,0.08148941147495181,True
ego,equalize,219,3320849209,0.01,0.006366562689068778,True
ego,equalize,220,2489246248,0.01,0.05234323648085568,True
ego,equalize,221,1941453796,0.01,0.021555025193888078,True
ego,equalize,222,5071248,0.01,0.09587749338774643,True
ego,equalize,223,1283510222,0.01,0.04320513838799894,True
ego,equalize,224,1900754000,0.01,0.02800738183851237,True
ego,equalize,225,462807001,0.01,0.03386749495062307,True
ego,equalize,226,3179164344,0.01,0.013350351920191461,True
ego,equalize,227,3568543347,0.01,0.017534442975094322,True
ego,equalize,228,1202091859,0.01,0.08405497810035543,True
ego,equalize,229,3781140679,0.01,0.05529814336116045,True
ego,equalize,230,1859247681,0.01,0.029736788193589037,True
ego,equalize,231,2438233131,0.01,0.03244183872408202,True
ego,equalize,232,2830871128,0.01,0.018447865429547117,True
ego,equalize,233,2931766096,0.01,0.07586466769731082,True
ego,equalize,234,3148003484,0.01,0.07138985115716683,True
ego,equalize,235,3439413753,0.01,0.0730882334404241,True
ego,equalize,236,3177800715,0.01,0.07615012517967427,True
ego,equalize,237,379925430,0.01,0.01963741450788069,True
ego,equalize,238,138906844,0.01,0.03133182827715197,True
ego,equalize,239,2793716817,0.01,0.04302766522268037,True
ego,equalize,240,2825989256,0.01,0.011866041850251363,True
ego,equalize,241,3016702671,0.01,0.05627160302618098,True
ego,equalize,242,1110292984,0.01,0.0037782836533135525,True
ego,equalize,243,2258800391,0.01,0.05976122294824228,True
ego,equalize,244,1126830363,0.01,0.0883471802064586,True
ego,equalize,245,1109372446,0.01,0.09689695783319625,True
ego,equalize,246,1228477478,0.01,0.019688989791666014,True
ego,equalize,247,4032573629,0.01,0.01221205385018842,True
ego,equalize,248,3644713839,0.01,0.028943120434775284,True
ego,equalize,249,3058620106,0.01,0.014607407402685013,True
ego,equalize,250,2268055590,0.01,0.010828364653179923,True
ego,equalize,251,2723309342,0.01,0.06096074165715098,True
ego,equalize,252,962118694,0.01,0.017117121889430233,True
ego,equalize,253,379961085,0.01,0.048561420291006276,True
ego,equalize,254,1242507589,0.01,0.09731228364290799,True
ego,equalize,255,340783872,0.01,0.022672036042985944,True
ego,equalize,256,2790576069,0.01,0.023550288558012767,True
ego,equalize,257,3293213312,0.01,0.05741680761870164,True
ego,equalize,258,2189781446,0.01,0.001236004955690817,True
ego,equalize,259,3967105707,0.01,0.04617826136360327,True
ego,equalize,260,4246083663,0.01,0.03055796618192992,True
ego,equalize,261,980287506,0.01,0.029468500589010117,True
ego,equalize,262,655971796,0.01,0.05121157376778587,True
ego,equalize,263,958809153,0.01,0.03925133209122594,True
ego,equalize,264,3455342301,0.01,0.005402659988919068,True
ego,equalize,265,1546648126,0.01,0.08284993565990802,True
ego,equalize,266,1828511838,0.01,0.03791275084498699,True
ego,equalize,267,2940764598,0.01,0.029750631655032046,True
ego,equalize,268,2574239391,0.01,0.02288761146567131,True
ego,equalize,269,139379279,0.01,0.06850821798122576,True
ego,equalize,270,3087414376,0.01,0.013830096549818283,True
ego,equalize,271,27181708,0.01,0.08434107042834257,True
ego,equalize,272,3463321151,0.01,0.015101169776219947,True
ego,equalize,273,120908585,0.01,0.06383052737420102,True
ego,equalize,274,1560242320,0.01,0.06920201302011236,True
ego,equalize,275,2462248549,0.01,0.0968002166039266,True
ego,equalize,276,1445218671,0.01,0.08690490735284549,True
ego,equalize,277,255034668,0.01,0.0788687110065664,True
ego,equalize,278,789933398,0.01,0.018112268437238278,True
ego,equalize,279,344560061,0.01,0.09281734595550128,True
ego,equalize,280,732150052,0.01,0.0907745611191462,True
ego,equalize,281,1592892439,0.01,0.09059997536133028,True
ego,equalize,282,139972921,0.01,0.006323300173989854,True
ego,equalize,283,337485748,0.01,0.014685460492155612,True
ego,equalize,284,3540954424,0.01,0.08202835465246602,True
ego,equalize,285,529463639,0.01,0.046848150352046716,True
ego,equalize,286,2065634373,0.01,0.08715521377164326,True
ego,equalize,287,2807099794,0.01,0.0015778437417721003,True
ego,equalize,288,339969059,0.01,0.05433861718853694,True
ego,equalize,289,454374762,0.01,0.08486250309367874,True
ego,equalize,290,2915402217,0.01,0.047095971306319255,True
ego,equalize,291,818976708,0.01,0.06748898730705054,True
ego,equalize,292,3235415009,0.01,0.0154950676667997,True
ego,equalize,293,334484246,0.01,0.02378712008069599,True
ego,equalize,294,2872292262,0.01,0.09763110504306088,True
ego,equalize,295,641303597,0.01,0.04257636977726523,True
ego,equalize,296,3930318202,0.01,0.01885995444041171,True
ego,equalize,297,3743243572,0.01,0.029022797486426014,True
ego,equalize,298,1910629864,0.01,0.09351714453398313,True
ego,equalize,299,2924248842,0.01,0.05768567537405847,True
ego,equalize,300,2913753661,0.01,0.09245214986573563,True
ego,equalize,301,1954369083,0.01,0.08154613393787623,True
ego,equalize,302,3774382097,0.01,0.0946637535166174,True
ego,equalize,303,348339908,0.01,0.005716409979096716,True
ego,equalize,304,3068358191,0.01,0.012003761147045733,True
ego,equalize,305,3726000746,0.01,0.07641358595168779,True
ego,equalize,306,1068636528,0.01,0.07096031190077072,True
ego,equalize,307,3290830491,0.01,0.043058509435350494,True
ego,equalize,308,4130151197,0.01,0.05016245730542338,True
ego,equalize,309,977424665,0.01,0.055921942467768354,True
ego,equalize,310,3297542733,0.01,0.09466862164267152,True
ego,equalize,311,2221872463,0.01,0.08213930375338509,True
ego,equalize,312,3738858783,0.01,0.09351800416286421,True
ego,equalize,313,2349803155,0.01,0.02752613419429786,True
ego,equalize,314,18489122,0.01,0.08468041693493183,True
ego,equalize,315,2408980521,0.01,0.037324498800829546,True
ego,equalize,316,3642439418,0.01,0.0793414523083595,True
ego,equalize,317,395096049,0.01,0.012140863410520442,True
ego,equalize,318,953251128,0.01,0.02029188866413875,True
ego,equalize,319,677409823,0.01,0.08663157694161719,True
ego,equalize,320,1784327450,0.01,0.029363592718261434,True
ego,equalize,321,3018217367,0.01,0.027073455819212913,True
ego,equalize,322,422845343,0.01,0.0673276319546449,True
ego,equalize,323,776962221,0.01,0.07124205111390154,True
ego,equalize,324,3758054507,0.01,0.06070029288838115,True
ego,equalize,325,3036157539,0.01,0.03263111868978382,True
ego,equalize,326,2956815758,0.01,0.05351777092449577,True
ego,equalize,327,602690352,0.01,0.09297119725561268,True
ego,equalize,328,2862653594,0.01,0.08272014211536301,True
ego,equalize,329,438861922,0.01,0.0724451789778107,True
ego,equalize,330,2181527011,0.01,0.0637099858196247,True
ego,equalize,331,2480808000,0.01,0.07321575218310633,True
ego,equalize,332,2456112150,0.01,0.06867877730477191,True
ego,equalize,333,955381467,0.01,0.03676337299603362,True
ego,equalize,334,596405343,0.01,0.05341347704102204,True
ego,equalize,335,85080790,0.01,0.09523932699580306,True
ego,equalize,336,536683807,0.01,0.06567584905633936,True
ego,equalize,337,4144867608,0.01,0.06612176712928557,True
ego,equalize,338,730463898,0.01,0.027497746242736466,True
ego,equalize,339,611593561,0.01,0.011572738329898625,True
ego,equalize,340,1329264283,0.01,0.021946673992061627,True
ego,equalize,341,1092975778,0.01,0.05810264465295657,True
ego,equalize,342,1521074688,0.01,0.09134799135995214,True
ego,equalize,343,2090103395,0.01,0.0705941714994807,True
ego,equalize,344,2147630504,0.01,0.0758981859786543,True
ego,equalize,345,3465283538,0.01,0.08645223743574852,True
ego,equalize,346,2802995280,0.01,0.07320235426853407,True
ego,equalize,347,112542478,0.01,0.013286136585908936,True
ego,equalize,348,1002173419,0.01,0.004825292056174136,True
ego,equalize,349,1709954439,0.01,0.05038771535025513,True
ego,equalize,350,3940307979,0.01,0.043588043984909466,True
ego,equalize,351,523876327,0.01,0.07945264402748518,True
ego,equalize,352,2251906740,0.01,0.09853222376516009,True
ego,equalize,353,1796557499,0.01,0.033924988516412735,True
ego,equalize,354,3800540193,0.01,0.024084046935933336,True
ego,equalize,355,510731802,0.01,0.011019935769462598,True
ego,equalize,356,3665918586,0.01,0.0964318011620916,True
ego,equalize,357,2704393252,0.01,0.034049353437019196,True
ego,equalize,358,3523733570,0.01,0.014852690322833673,True
ego,equalize,359,58066570,0.01,0.052092181548641106,True
ego,equalize,360,2473968126,0.01,0.05726869315823753,True
ego,equalize,361,3280711316,0.01,0.010389869839970402,True
ego,equalize,362,2967614394,0.01,0.0736041832348752,True
ego,equalize,363,2986600266,0.01,0.035992660656880206,True
ego,equalize,364,3878721852,0.01,0.07847501680416266,True
ego,equalize,365,24750162,0.01,0.082247313831358,True
ego,equalize,366,827934965,0.01,0.0806197718395581,True
ego,equalize,367,314718822,0.01,0.06998265306800361,True
ego,equalize,368,2698757810,0.01,0.0149375809283126,True
ego,equalize,369,2169881560,0.01,0.05431910416281693,True
ego,equalize,370,1831427747,0.01,0.08172026744888092,True
ego,equalize,371,689765694,0.01,0.011192889137944629,True
ego,equalize,372,4170322248,0.01,0.05363990275288967,True
ego,equalize,373,2464019801,0.01,0.09605779287390248,True
ego,equalize,374,1561577629,0.01,0.09795743271729354,True
ego,equalize,375,3072034952,0.01,0.033185171913625126,True
ego,equalize,376,2919657386,0.01,0.046768618124181795,True
ego,equalize,377,2164291930,0.01,0.07553022375468638,True
ego,equalize,378,1592632715,0.01,0.09597919971095836,True
ego,equalize,379,2692347237,0.01,0.004177925973644858,True
ego,equalize,380,1841575983,0.01,0.09286468308729068,True
ego,equalize,381,2038450642,0.01,0.015515461130727826,True
ego,equalize,382,1352712469,0.01,0.022373517238022757,True
ego,equalize,383,834999240,0.01,0.042666996779431636,True
ego,equalize,384,39789775,0.01,0.0058295851499054925,True
ego,equalize,385,4281062221,0.01,0.09847084309749725,True
ego,equalize,386,1734336038,0.01,0.04603575226157494,True
ego,equalize,387,894029879,0.01,0.06176503775514963,True
ego,equalize,388,1224485510,0.01,0.028895595214827843,True
ego,equalize,389,4032936904,0.01,0.07444795521528687,True
ego,equalize,390,307159717,0.01,0.05298729918488979,True
ego,equalize,391,2398482459,0.01,0.008229391198034909,True
ego,equalize,392,2676394796,0.01,0.09854594043656963,True
ego,equalize,393,3274777821,0.01,0.040144412984367356,True
ego,equalize,394,3344932256,0.01,0.057462088889058086,True
ego,equalize,395,2280705872,0.01,0.09528083461110137,True
ego,equalize,396,3542714791,0.01,0.07517116555984373,True
ego,equalize,397,1286378994,0.01,0.04274135492184109,True
ego,equalize,398,4272243875,0.01,0.002813896898914936,True
ego,equalize,399,759017878,0.01,0.08765208495889251,True
ego,equalize,400,4220362904,0.01,0.09317681724473026,True
ego,equalize,401,3943256713,0.01,0.09020337083284226,True
ego,equalize,402,267938996,0.01,0.05716993551810326,True
ego,equalize,403,4162711356,0.01,0.04540919195090917,True
ego,equalize,404,2823533109,0.01,0.09692616704967219,True
ego,equalize,405,4220142446,0.01,0.09340774917406014,True
ego,equalize,406,3298374990,0.01,0.019234134306255812,True
ego,equalize,407,1761513019,0.01,0.07698949043716785,True
ego,equalize,408,3516963264,0.01,0.009861994275578857,True
ego,equalize,409,1608168595,0.01,0.07150005549392723,True
ego,equalize,410,1989193420,0.01,0.08335380410407268,True
ego,equalize,411,4237127302,0.01,0.02691930791868903,True
ego,equalize,412,3747682942,0.01,0.04579311758481032,True
ego,equalize,413,3065819105,0.01,0.06360323559923273,True
ego,equalize,414,2564732319,0.01,0.009891704191340812,True
ego,equalize,415,1372368579,0.01,0.014720094501124815,True
ego,equalize,416,2633290872,0.01,0.08271478022159885,True
ego,equalize,417,2768001867,0.01,0.0933841165292095,True
ego,equalize,418,3197246577,0.01,0.09195323973526784,True
ego,equalize,419,1578665417,0.01,0.052438934120174224,True
ego,equalize,420,1555258704,0.01,0.05261070754818992,True
ego,equalize,421,477875130,0.01,0.08987930401705234,True
ego,equalize,422,3129447514,0.01,0.0927557335288878,True
ego,equalize,423,1712792186,0.01,0.011009383296654851,True
ego,equalize,424,898601191,0.01,0.011887947325068295,True
ego,equalize,425,2172345954,0.01,0.013710533846860974,True
ego,equalize,426,3850411033,0.01,0.06656553978531847,True
ego,equalize,427,123601534,0.01,0.034116701329940206,True
ego,equalize,428,1236341926,0.01,0.018415431464737564,True
ego,equalize,429,3906559380,0.01,0.0773443788607568,True
ego,equalize,430,2605727904,0.01,0.024008878955888758,True
ego,equalize,431,3660648409,0.01,0.08065909455348348,True
ego,equalize,432,3781390007,0.01,0.09248859202519677,True
ego,equalize,433,1089504801,0.01,0.06747012786797787,True
ego,equalize,434,424896639,0.01,0.03669572186835788,True
ego,equalize,435,3373433562,0.01,0.07603571107021821,True
ego,equalize,436,1927897276,0.01,0.08971902449584736,True
ego,equalize,437,2931829561,0.01,0.07079939924767081,True
ego,equalize,438,1825387621,0.01,0.09880844398330178,True
ego,equalize,439,3587902453,0.01,0.09262425141472033,True
ego,equalize,440,3983065043,0.01,0.035034204868098905,True
ego,equalize,441,1147933311,0.01,0.007847905606787798,True
ego,equalize,442,1682888233,0.01,0.032836515036321734,True
ego,equalize,443,2810620554,0.01,0.01839209286763396,True
ego,equalize,444,1034273919,0.01,0.01794015696484671,True
ego,equalize,445,479133286,0.01,0.04366566634853533,True
ego,equalize,446,1186778954,0.01,0.05017019212746265,True
ego,equalize,447,489289500,0.01,0.01955325244948394,True
ego,equalize,448,3097102881,0.01,0.04591813409088598,True
ego,equalize,449,1419423746,0.01,0.0052744371038982996,True
ego,equalize,450,3707612483,0.01,0.07536509265328828,True
ego,equalize,451,1865408170,0.01,0.08386075445671004,True
ego,equalize,452,800580158,0.01,0.09107067538749102,True
ego,equalize,453,982050719,0.01,0.046932418430560056,True
ego,equalize,454,360493799,0.01,0.07128449582319517,True
ego,equalize,455,2634066513,0.01,0.0945223273745318,True
ego,equalize,456,2261872211,0.01,0.0055004259423874,True
ego,equalize,457,2944534542,0.01,0.04632890584958055,True
ego,equalize,458,1949050338,0.01,0.012814301030263953,True
ego,equalize,459,785947473,0.01,0.033704971514403506,True
ego,equalize,460,3489318417,0.01,0.029606623651346878,True
ego,equalize,461,4246610295,0.01,0.022124066174430426,True
ego,equalize,462,2207227498,0.01,0.06233049464231671,True
ego,equalize,463,3988549878,0.01,0.04754904019265885,True
ego,equalize,464,428232919,0.01,0.025796563763028746,True
ego,equalize,465,2759479046,0.01,0.04109833669976453,True
ego,equalize,466,4172288638,0.01,0.011735998913392498,True
ego,equalize,467,2034479566,0.01,0.09304117686607204,True
ego,equalize,468,1703247757,0.01,0.06017859445342016,True
ego,equalize,469,2015697022,0.01,0.06060117248711997,True
ego,equalize,470,3106598018,0.01,0.026259082978768635,True
ego,equalize,471,3278906554,0.01,0.01051261393660935,True
ego,equalize,472,3238165569,0.01,0.08832337878865246,True
ego,equalize,473,402954666,0.01,0.07111727138049896,True
ego,equalize,474,4174881664,0.01,0.03007078723956365,True
ego,equalize,475,2620067890,0.01,0.07818055135934587,True
ego,equalize,476,1449274697,0.01,0.014233042109690008,True
ego,equalize,477,4113325305,0.01,0.09709548468476328,True
ego,equalize,478,2350443095,0.01,0.06096136288840426,True
ego,equalize,479,1487878918,0.01,0.023817018628502773,True
ego,equalize,480,1089376841,0.01,0.04585801689846051,True
ego,equalize,481,1403181078,0.01,0.09280719217604046,True
ego,equalize,482,3237631386,0.01,0.010938887240027463,True
ego,equalize,483,3076310712,0.01,0.01737093696073173,True
ego,equalize,484,2433574015,0.01,0.05054420277463587,True
ego,equalize,485,641630386,0.01,0.08388181927645404,True
ego,equalize,486,3182817857,0.01,0.06436239108328952,True
ego,equalize,487,4294939643,0.01,0.03575770123033375,True
ego,equalize,488,296869098,0.01,0.07037222830326299,True
ego,equalize,489,3873964331,0.01,0.005188143792373212,True
ego,equalize,490,2649492599,0.01,0.0942342076440949,True
ego,equalize,491,2660253202,0.01,0.034813730753683346,True
ego,equalize,492,801244484,0.01,0.04597047829621551,True
ego,equalize,493,1278634987,0.01,0.007463098798238044,True
ego,equalize,494,1822547474,0.01,0.08644077319893734,True
ego,equalize,495,2809185988,0.01,0.04336521849106169,True
ego,equalize,496,4000753185,0.01,0.004799426457744571,True
ego,equalize,497,88367262,0.01,0.07692544722397694,True
ego,equalize,498,3330516367,0.01,0.06844968775168181,True
ego,equalize,499,1144489073,0.01,0.05284332845427786,True
ego,equalize,500,1826771813,0.01,0.08957824671018502,True
ego,equalize,501,3316398129,0.01,0.05743832918317957,True
ego,equalize,502,2203607103,0.01,0.03165914814392545,True
ego,equalize,503,639944570,0.01,0.06058121961666296,True
ego,equalize,504,660062689,0.01,0.028117153642774118,True
ego,equalize,505,3390311700,0.01,0.06627233110375555,True
ego,equalize,506,1348381548,0.01,0.07630960529226145,True
ego,equalize,507,942624803,0.01,0.021888664177172435,True
ego,equalize,508,2714635671,0.01,0.06647642315097489,True
ego,equalize,509,710358440,0.01,0.016335481328843937,True
ego,equalize,510,3882487923,0.01,0.04218841344581984,True
ego,equalize,511,1109559875,0.01,0.06412356909105847,True
ego,equalize,512,3402852023,0.01,0.09736379181730374,True
ego,equalize,513,1740774786,0.01,0.09703711762725671,True
ego,equalize,514,2569862179,0.01,0.014035145109998216,True
ego,equalize,515,3758022201,0.01,0.042501954300852476,True
ego,equalize,516,4260095422,0.01,0.03495325266975872,True
ego,equalize,517,1682780137,0.01,0.014961560175370092,True
ego,equalize,518,3500605878,0.01,0.0208011492029215,True
ego,equalize,519,600191434,0.01,0.01870169984337412,True
ego,equalize,520,3203054060,0.01,0.04019218596639199,True
ego,equalize,521,1371248440,0.01,0.09958489690560728,True
ego,equalize,522,3918723946,0.01,0.0759729061996527,True
ego,equalize,523,2054484333,0.01,0.06497666860110399,True
ego,equalize,524,41002573,0.01,0.020598167536068048,True
ego,equalize,525,4283690410,0.01,0.0381135194772164,True
ego,equalize,526,135080690,0.01,0.050812338226302656,True
ego,equalize,527,396333070,0.01,0.06753232274411787,True
ego,equalize,528,2165504842,0.01,0.023456050154240106,True
ego,equalize,529,3219904625,0.01,0.035663806721854964,True
ego,equalize,530,26662482,0.01,0.0859107920441843,True
ego,equalize,531,3839512913,0.01,0.017590503363930466,True
ego,equalize,532,1829825703,0.01,0.09766887078949116,True
ego,equalize,533,1576905444,0.01,0.09858084000285804,True
ego,equalize,534,2074403704,0.01,0.038183698309127115,True
ego,equalize,535,1522923063,0.01,0.06071145230254792,True
ego,equalize,536,4249081570,0.01,0.07830822613247529,True
ego,equalize,537,357567703,0.01,0.03837699614026069,True
ego,equalize,538,1000119767,0.01,0.08934852666953069,True
ego,equalize,539,2501337990,0.01,0.056383642479631894,True
ego,equalize,540,768513414,0.01,0.07172619629497966,True
ego,equalize,541,635067116,0.01,0.022826730875867576,True
ego,equalize,542,1167774775,0.01,0.04834626720400488,True
ego,equalize,543,1833296739,0.01,0.013131381652799014,True
ego,equalize,544,1704364267,0.01,0.02073494169781728,True
ego,equalize,545,2168403081,0.01,0.03926136181885025,True
ego,equalize,546,3605787108,0.01,0.023610982156494965,True
ego,equalize,547,2337160692,0.01,0.013032410876183332,True
ego,equalize,548,87660873,0.01,0.0777464875862221,True
ego,equalize,549,472030032,0.01,0.00804392641327747,True
ego,equalize,550,277723249,0.01,0.07690847623831837,True
ego,equalize,551,3705536560,0.01,0.05287978404044896,True
ego,equalize,552,3283148620,0.01,0.03125673292758022,True
ego,equalize,553,4069800212,0.01,0.009391871014730458,True
ego,equalize,554,1788466906,0.01,0.06624316989751762,True
ego,equalize,555,780507530,0.01,0.019500484962836184,True
ego,equalize,556,1302606775,0.01,0.02897162753427478,True
ego,equalize,557,470833234,0.01,0.0409624052998496,True
ego,equalize,558,2022012459,0.01,0.014401837538176266,True
ego,equalize,559,2782498294,0.01,0.024658619899513914,True
ego,equalize,560,3829312583,0.01,0.023707309950236444,True
ego,equalize,561,1613546950,0.01,0.012850390453105555,True
ego,equalize,562,1939979065,0.01,0.015843149169757344,True
ego,equalize,563,2208599243,0.01,0.028589870214666847,True
ego,equalize,564,2196410493,0.01,0.00898221110724029,True
ego,equalize,565,1341309562,0.01,0.07849517834652323,True
ego,equalize,566,2878119581,0.01,0.04212302844368079,True
ego,equalize,567,4236225716,0.01,0.07496540196893232,True
ego,equalize,568,885406378,0.01,0.04373566247717941,True
ego,equalize,569,2061537775,0.01,0.09682193818868345,True
ego,equalize,570,3833866480,0.01,0.08807612029234389,True
ego,equalize,571,2225767061,0.01,0.004623982690609341,True
ego,equalize,572,2698097043,0.01,0.036681938565804297,True
ego,equalize,573,3718091896,0.01,0.06604722811954904,True
ego,equalize,574,3192295680,0.01,0.022024274783985665,True
ego,equalize,575,1317777911,0.01,0.09084549714815245,True
ego,equalize,576,1924632371,0.01,0.05473823447716071,True
ego,equalize,577,3643930788,0.01,0.09889180060237698,True
ego,equalize,578,2720369238,0.01,0.06673367461121459,True
ego,equalize,579,1533620132,0.01,0.052357189889790184,True
ego,equalize,580,3393383005,0.01,0.02860879015582836,True
ego,equalize,581,1534551317,0.01,0.06411705995412713,True
ego,equalize,582,4141418269,0.01,0.06803521459695666,True
ego,equalize,583,80320614,0.01,0.03275988279242673,True
ego,equalize,584,3503915212,0.01,0.0912863378100335,True
ego,equalize,585,3138977191,0.01,0.048485523029317495,True
ego,equalize,586,3963904196,0.01,0.08811875010600595,True
ego,equalize,587,1200926938,0.01,0.051985236956299655,True
ego,equalize,588,4181422461,0.01,0.01785585310523139,True
ego,equalize,589,1901879643,0.01,0.09227717336759135,True
ego,equalize,590,1749691940,0.01,0.006364898065636848,True
ego,equalize,591,2664620599,0.01,0.08946496483625627,True
ego,equalize,592,1273333728,0.01,0.009300107474967446,True
ego,equalize,593,2953260203,0.01,0.04410185791685353,True
ego,equalize,594,4285343201,0.01,0.03388482806334318,True
ego,equalize,595,417411367,0.01,0.030796700967297364,True
ego,equalize,596,2130644879,0.01,0.023450963885084032,True
ego,equalize,597,3335106451,0.01,0.05026580281081258,True
ego,equalize,598,3460752965,0.01,0.06357780645228771,True
ego,equalize,599,4196080743,0.01,0.06167704742627178,True
ego,equalize,600,2127739098,0.01,0.04039602770554242,True
ego,equalize,601,4096068073,0.01,0.013189091117250718,True
ego,equalize,602,503166280,0.01,0.0671813388503689,True
ego,equalize,603,2189504950,0.01,0.03650365499027293,True
ego,equalize,604,3502811410,0.01,0.048880680815528134,True
ego,equalize,605,1215309769,0.01,0.01056244159299722,True
ego,equalize,606,2089839916,0.01,0.03091982527709877,True
ego,equalize,607,521241466,0.01,0.056674446454481,True
ego,equalize,608,4088531020,0.01,0.08611610859008338,True
ego,equalize,609,1855500119,0.01,0.07131231747318342,True
ego,equalize,610,959784349,0.01,0.06380404279864947,True
ego,equalize,611,289947722,0.01,0.008399609668143293,True
ego,equalize,612,3570803309,0.01,0.0726639176608931,True
ego,equalize,613,2866241735,0.01,0.09711554163644465,True
ego,equalize,614,3418719648,0.01,0.0005112132512895773,True
ego,equalize,615,876707738,0.01,0.05112715387960581,True
ego,equalize,616,2153496431,0.01,0.035790060080395696,True
ego,equalize,617,367187799,0.01,0.07964405345793371,True
ego,equalize,618,3326660491,0.01,0.037520931967235396,True
ego,equalize,619,3279230250,0.01,0.02675500474600745,True
ego,equalize,620,1497180843,0.01,0.07211815266937613,True
ego,equalize,621,158012705,0.01,0.01829252327593912,True
ego,equalize,622,1031312626,0.01,0.05328092436140447,True
ego,equalize,623,2236329580,0.01,0.002529365166145459,True
ego,equalize,624,3348042367,0.01,0.09346891948496287,True
ego,equalize,625,3019939215,0.01,0.0397285301291594,True
ego,equalize,626,4266801405,0.01,0.0419123339042353,True
ego,equalize,627,2926399854,0.01,0.06286174909066006,True
ego,equalize,628,130489761,0.01,0.054715314171143364,True
ego,equalize,629,3166287083,0.01,0.0008022856805586787,True
ego,equalize,630,369367223,0.01,4.293573353131297e-05,True
ego,equalize,631,1453147458,0.01,0.08404836827996029,True
ego,equalize,632,989670572,0.01,0.060042677545763236,True
ego,equalize,633,1067139080,0.01,0.012475067679202367,True
ego,equalize,634,433890292,0.01,0.06235355952591583,True
ego,equalize,635,3103666096,0.01,0.08924514451929294,True
ego,equalize,636,3662070500,0.01,0.0272132884811081,True
ego,equalize,637,2289090267,0.01,0.09510625493682866,True
ego,equalize,638,832598875,0.01,0.053645136351140356,True
ego,equalize,639,1619808054,0.01,0.012876765608735985,True
ego,equalize,640,2413936459,0.01,0.0717316281146997,True
ego,equalize,641,2821218374,0.01,0.00647640011083096,True
ego,equalize,642,3219300547,0.01,0.06298127035214195,True
ego,equalize,643,1637010980,0.01,0.0446042644892927,True
ego,equalize,644,1861771887,0.01,0.04704216716811406,True
ego,equalize,645,1468908296,0.01,0.008520878384555798,True
ego,equalize,646,2909346466,0.01,0.06962857509698166,True
ego,equalize,647,515535598,0.01,0.011172542715653211,True
ego,equalize,648,1894125250,0.01,0.07208094615638716,True
ego,equalize,649,253860725,0.01,0.04067166506486154,True
ego,equalize,650,2066748047,0.01,0.09232158039273797,True
ego,equalize,651,3890485976,0.01,0.005268131847780577,True
ego,equalize,652,2434459042,0.01,0.016563684479745534,True
ego,equalize,653,385410101,0.01,0.07875242647297735,True
ego,equalize,654,264148431,0.01,0.054714656252320276,True
ego,equalize,655,2030585303,0.01,0.09570424293498506,True
ego,equalize,656,101672598,0.01,0.09868057437652583,True
ego,equalize,657,333910630,0.01,0.06680578854267702,True
ego,equalize,658,2720700275,0.01,0.06760626368453185,True
ego,equalize,659,523334094,0.01,0.0032530547443537783,True
ego,equalize,660,3864923497,0.01,0.08568825282171601,True
ego,equalize,661,1091099438,0.01,0.01665926193906705,True
ego,equalize,662,4010280606,0.01,0.03741984087558994,True
ego,equalize,663,4214131062,0.01,0.07188661337550097,True
ego,equalize,664,507938336,0.01,0.08612593563236154,True
ego,equalize,665,167747648,0.01,0.028092804067804636,True
ego,equalize,666,3127176575,0.01,0.002748356901140048,True
ego,equalize,667,3957087699,0.01,0.0897902399956513,True
ego,equalize,668,748233465,0.01,0.05697315597228795,True
ego,equalize,669,2117775642,0.01,0.010387987535442034,True
ego,equalize,670,290256010,0.01,0.01808220176161347,True
ego,equalize,671,2108370263,0.01,9.493775300040143e-06,True
ego,equalize,672,3419532317,0.01,0.08096308485740822,True
ego,equalize,673,1131142016,0.01,0.06496749881725798,True
ego,equalize,674,3950022867,0.01,0.09577122952777399,True
ego,equalize,675,2219930009,0.01,0.08596785518967115,True
ego,equalize,676,1928533660,0.01,0.07998418428721021,True
ego,equalize,677,2732124097,0.01,0.0850643359940199,True
ego,equalize,678,2163452033,0.01,0.0032799516696455757,True
ego,equalize,679,2068909802,0.01,0.040545863715358545,True
ego,equalize,680,718646928,0.01,0.04711900841782127,True
ego,equalize,681,372227884,0.01,0.08914637450589079,True
ego,equalize,682,3577884047,0.01,0.07587961727524878,True
ego,equalize,683,3059386853,0.01,0.033405269941751504,True
ego,equalize,684,2683625421,0.01,0.07500668243867195,True
ego,equalize,685,892498474,0.01,0.06314514906567863,True
ego,equalize,686,495622489,0.01,0.09884528352991695,True
ego,equalize,687,4175960652,0.01,0.034487485249602136,True
ego,equalize,688,3746479818,0.01,0.07627574582251184,True
ego,equalize,689,4282305914,0.01,0.05821334320554326,True
ego,equalize,690,2904221478,0.01,0.06509721885593364,True
ego,equalize,691,2451611022,0.01,0.09176813732293633,True
ego,equalize,692,1310982951,0.01,0.014699660726178065,True
ego,equalize,693,304971954,0.01,0.02761651484697999,True
ego,equalize,694,2715157913,0.01,0.04955778052353243,True
ego,equalize,695,3631267777,0.01,0.02910653745455415,True
ego,equalize,696,2093090308,0.01,0.04535110815725177,True
ego,equalize,697,1307588732,0.01,0.007812505364495504,True
ego,equalize,698,61171347,0.01,0.04667070030884866,True
ego,equalize,699,2089800467,0.01,0.011116691382485267,True
ego,equalize,700,4067702975,0.01,0.06797722359379349,True
ego,equalize,701,2919883544,0.01,0.09615295705748483,True
ego,equalize,702,1567769894,0.01,0.015453185257482772,True
ego,equalize,703,2110334672,0.01,0.06901866420877527,True
ego,equalize,704,3963005370,0.01,0.0034863701325496543,True
ego,equalize,705,1668183901,0.01,0.09962467837351824,True
ego,equalize,706,2781977708,0.01,0.0020112894787073124,True
ego,equalize,707,3335114894,0.01,0.021989075217288802,True
ego,equalize,708,477589272,0.01,0.06848034875929482,True
ego,equalize,709,110271219,0.01,0.08779320138290353,True
ego,equalize,710,1660490634,0.01,0.035729375175676606,True
ego,equalize,711,4009026335,0.01,0.038718333981325195,True
ego,equalize,712,4167159038,0.01,0.07965876177572846,True
ego,equalize,713,573755527,0.01,0.08900249593654241,True
ego,equalize,714,3943532368,0.01,0.05268836491846775,True
ego,equalize,715,945694527,0.01,0.023005477882159654,True
ego,equalize,716,1389241446,0.01,0.07631728435207347,True
ego,equalize,717,794979492,0.01,0.05656353962901787,True
ego,equalize,718,1748148339,0.01,0.07986492771635438,True
ego,equalize,719,3939625287,0.01,0.0593982958641257,True
ego,equalize,720,7708252,0.01,0.06258958924117403,True
ego,equalize,721,44043106,0.01,0.011176146044786884,True
ego,equalize,722,2515658791,0.01,0.03176191608385761,True
ego,equalize,723,3029092844,0.01,0.013572944381859298,True
ego,equalize,724,2563200291,0.01,0.07943105330539513,True
ego,equalize,725,3346809210,0.01,0.07303555267331972,True
ego,equalize,726,2741135130,0.01,0.06809278209413626,True
ego,equalize,727,984532500,0.01,0.0557376739155904,True
ego,equalize,728,4009930196,0.01,0.09013838506174023,True
ego,equalize,729,265302997,0.01,0.0948612255245617,True
ego,equalize,730,1430523573,0.01,0.06788277826370198,True
ego,equalize,731,2785036482,0.01,0.007070803801733728,True
ego,equalize,732,4047949990,0.01,0.07381008845514556,True
ego,equalize,733,2244194337,0.01,0.060951020468667266,True
ego,equalize,734,1917579500,0.01,0.04656436463689111,True
ego,equalize,735,305855291,0.01,0.09392875673102502,True
ego,equalize,736,1459264952,0.01,0.046464911710418326,True
ego,equalize,737,1172554768,0.01,0.05155418478390707,True
ego,equalize,738,2682524361,0.01,0.013505479449599312,True
ego,equalize,739,792984024,0.01,0.07415401033672676,True
ego,equalize,740,2735570690,0.01,0.01124534334896531,True
ego,equalize,741,1378691079,0.01,0.09010082481261106,True
ego,equalize,742,2973753849,0.01,0.017397879444511988,True
ego,equalize,743,118026140,0.01,0.09481246147572905,True
ego,equalize,744,115287248,0.01,0.09328854262678415,True
ego,equalize,745,309224581,0.01,0.009350062304600627,True
ego,equalize,746,2504166175,0.01,0.002907096985671631,True
ego,equalize,747,3071963133,0.01,0.00695340156098,True
ego,equalize,748,2722502765,0.01,0.014262980380236835,True
ego,equalize,749,1067713266,0.01,0.06472213805568243,True
ego,equalize,750,2630954691,0.01,0.07562701577797624,True
ego,equalize,751,3107076301,0.01,0.03552180510758226,True
ego,equalize,752,125089997,0.01,0.049010971026862596,True
ego,equalize,753,2038320167,0.01,0.04999048686729286,True
ego,equalize,754,925188289,0.01,0.0882759734059061,True
ego,equalize,755,1716312599,0.01,0.034653928635645204,True
ego,equalize,756,1232265719,0.01,0.024413668899807995,True
ego,equalize,757,1720140089,0.01,0.03046519876266035,True
ego,equalize,758,1097508374,0.01,0.038897169422961925,True
ego,equalize,759,1835827552,0.01,0.09727255110673434,True
ego,equalize,760,1308298933,0.01,0.013091650670554967,True
ego,equalize,761,2358669667,0.01,0.034516824675146676,True
ego,equalize,762,3106162707,0.01,0.07001424514376496,True
ego,equalize,763,2058989131,0.01,0.08786788830097607,True
ego,equalize,764,2819878053,0.01,0.062128462750262514,True
ego,equalize,765,854830575,0.01,0.027900873526492054,True
ego,equalize,766,4253698047,0.01,0.0059697950757194975,True
ego,equalize,767,2529832303,0.01,0.028464193814312335,True
ego,equalize,768,3371819009,0.01,0.08472763051416027,True
ego,equalize,769,1169743014,0.01,0.05893318352505009,True
ego,equalize,770,2595376554,0.01,0.0825758930119016,True
ego,equalize,771,3153887983,0.01,0.008468346411335958,True
ego,equalize,772,1968415390,0.01,0.039721800329747495,True
ego,equalize,773,458088686,0.01,0.06423570378927328,True
ego,equalize,774,961727134,0.01,0.05866715194706395,True
ego,equalize,775,1212507833,0.01,0.07660069024611577,True
ego,equalize,776,3464089600,0.01,0.002414020116515625,True
ego,equalize,777,1937099237,0.01,0.08353771757600817,True
ego,equalize,778,1600338929,0.01,0.09749097116172725,True
ego,equalize,779,2880406727,0.01,0.0900409188219169,True
ego,equalize,780,2195201631,0.01,0.017711930017893552,True
ego,equalize,781,1515079339,0.01,0.05309878215604479,True
ego,equalize,782,1803120893,0.01,0.07296816708376751,True
ego,equalize,783,403407800,0.01,0.07883457972963923,True
ego,equalize,784,1166861907,0.01,0.06607665320749273,True
ego,equalize,785,1633030270,0.01,0.08791529473485608,True
ego,equalize,786,2315177242,0.01,0.09225792694372874,True
ego,equalize,787,4113081774,0.01,0.047385692696626174,True
ego,equalize,788,3958581013,0.01,0.06834698140626584,True
ego,equalize,789,101856066,0.01,0.01994015206197688,True
ego,equalize,790,3182308804,0.01,0.023582157797159265,True
ego,equalize,791,1539347058,0.01,0.012284813460280665,True
ego,equalize,792,2229274803,0.01,0.06632446526222717,True
ego,equalize,793,678720215,0.01,0.07327980743147886,True
ego,equalize,794,1225704797,0.01,0.04269609555971807,True
ego,equalize,795,3687616831,0.01,0.0008581302019977422,True
ego,equalize,796,669602591,0.01,0.027379055870845083,True
ego,equalize,797,676159746,0.01,0.012233547860185257,True
ego,equalize,798,746836142,0.01,0.00395743067829838,True
ego,equalize,799,1850470724,0.01,0.023503701745084128,True
ego,equalize,800,603569029,0.01,0.07232045417958653,True
ego,equalize,801,1196202463,0.01,0.07773830761778194,True
ego,equalize,802,1535028302,0.01,0.07378889172323187,True
ego,equalize,803,4263369122,0.01,0.0043733020808211735,True
ego,equalize,804,3603477170,0.01,0.027783246458905377,True
ego,equalize,805,1645311151,0.01,0.049785508923381606,True
ego,equalize,806,3125180372,0.01,0.045040939204106935,True
ego,equalize,807,3355820858,0.01,0.008720247822613648,True
ego,equalize,808,838581720,0.01,0.08300353937765148,True
ego,equalize,809,4285796449,0.01,0.07464358522666477,True
ego,equalize,810,581392437,0.01,0.04750629692842323,True
ego,equalize,811,1734022704,0.01,0.08803637249112653,True
ego,equalize,812,1565686502,0.01,0.08513785595977043,True
ego,equalize,813,1004835167,0.01,0.05651488046726655,True
ego,equalize,814,680337748,0.01,0.036740448842237865,True
ego,equalize,815,1564404540,0.01,0.03589053653964132,True
ego,equalize,816,3464092836,0.01,0.020666062376838348,True
ego,equalize,817,152595989,0.01,0.07355311536685738,True
ego,equalize,818,3959173190,0.01,0.03376571402527845,True
ego,equalize,819,918009837,0.01,0.0425793320429322,True
ego,equalize,820,3362295351,0.01,0.0838144427589605,True
ego,equalize,821,1941948408,0.01,0.009524486488360807,True
ego,equalize,822,2679606573,0.01,0.046028488503747314,True
ego,equalize,823,3562508919,0.01,0.09659538132877403,True
ego,equalize,824,2077294512,0.01,0.0007241951120130153,True
ego,equalize,825,721498379,0.01,0.019415466165158525,True
ego,equalize,826,878760363,0.01,0.060273790884977245,True
ego,equalize,827,282214861,0.01,0.07462891993437355,True
ego,equalize,828,2005963393,0.01,0.011331936583362857,True
ego,equalize,829,3237428744,0.01,0.015222589711330026,True
ego,equalize,830,1842352946,0.01,0.02915283369817743,True
ego,equalize,831,568441987,0.01,0.0329022674336751,True
ego,equalize,832,4198330015,0.01,0.05889466451294435,True
ego,equalize,833,471415206,0.01,0.08264220870792816,True
ego,equalize,834,2798805507,0.01,0.08497587673878965,True
ego,equalize,835,4224942334,0.01,0.033131158860809105,True
ego,equalize,836,1555674535,0.01,0.0669855249698985,True
ego,equalize,837,1071029336,0.01,0.046722133846375836,True
ego,equalize,838,1847665619,0.01,0.027315378550094915,True
ego,equalize,839,1355338529,0.01,0.043939396853218265,True
ego,equalize,840,3201687238,0.01,0.07858249177511353,True
ego,equalize,841,1061971023,0.01,0.053311155111666925,True
ego,equalize,842,971537540,0.01,0.07317834567495121,True
ego,equalize,843,98278650,0.01,0.08970401754635815,True
ego,equalize,844,3655808726,0.01,0.004763223068327816,True
ego,equalize,845,255763214,0.01,0.07990925718137112,True
ego,equalize,846,3029467995,0.01,0.07910850824398807,True
ego,equalize,847,4215199898,0.01,0.09497294353241431,True
ego,equalize,848,170393341,0.01,0.031224743801303457,True
ego,equalize,849,2632244546,0.01,0.0026640537623394914,True
ego,equalize,850,923876484,0.01,0.03686469873553895,True
ego,equalize,851,598096311,0.01,0.0292700271651998,True
ego,equalize,852,351225555,0.01,0.004421536487437406,True
ego,equalize,853,941782229,0.01,0.053822938571899674,True
ego,equalize,854,1413931133,0.01,0.02596548977173655,True
ego,equalize,855,951741761,0.01,0.05246853756000839,True
ego,equalize,856,3036330143,0.01,0.09695613054557467,True
ego,equalize,857,4025214293,0.01,0.01929944890490687,True
ego,equalize,858,210370184,0.01,0.024395014193200004,True
ego,equalize,859,946257958,0.01,0.07519776128307612,True
ego,equalize,860,946185828,0.01,0.08473457977452127,True
ego,equalize,861,1738239620,0.01,0.09021873511534967,True
ego,equalize,862,3715714311,0.01,0.03532463357521085,True
ego,equalize,863,1486115599,0.01,0.07390047975730812,True
ego,equalize,864,2526661970,0.01,0.06758742489172019,True
ego,equalize,865,3696601766,0.01,0.09420541642957787,True
ego,equalize,866,663247360,0.01,0.06471590834643669,True
ego,equalize,867,3691477583,0.01,0.08656193962836482,True
ego,equalize,868,1264411673,0.01,0.06504958357413897,True
ego,equalize,869,514196384,0.01,0.08925352254105033,True
ego,equalize,870,729524142,0.01,0.02807502521574237,True
ego,equalize,871,1299850862,0.01,0.05629817977705459,True
ego,equalize,872,2176655974,0.01,0.07963732192467476,True
ego,equalize,873,4036974507,0.01,0.04292291869824837,True
ego,equalize,874,1427637983,0.01,0.02929179879338171,True
ego,equalize,875,2218384258,0.01,0.045467749399972515,True
ego,equalize,876,3843823584,0.01,0.0027535881248383024,True
ego,equalize,877,4168197334,0.01,0.025815555031125995,True
ego,equalize,878,2183061792,0.01,0.06641209989055444,True
ego,equalize,879,229230880,0.01,0.008261283122225516,True
ego,equalize,880,2392990445,0.01,0.06914377151654016,True
ego,equalize,881,2673706539,0.01,0.060281740767733155,True
ego,equalize,882,3134746882,0.01,0.03293375596081787,True
ego,equalize,883,4035160376,0.01,0.06457696148932207,True
ego,equalize,884,1089188229,0.01,0.026752119333677604,True
ego,equalize,885,3443973894,0.01,0.061143025455515004,True
ego,equalize,886,774486819,0.01,0.09084922646335253,True
ego,equalize,887,942412630,0.01,0.07688412346337158,True
ego,equalize,888,4245067598,0.01,0.026328776002757993,True
ego,equalize,889,4174415207,0.01,0.030240402948198998,True
ego,equalize,890,717451470,0.01,0.04957601303667665,True
ego,equalize,891,2209912477,0.01,0.021218904401128558,True
ego,equalize,892,373812198,0.01,0.032334715165052035,True
ego,equalize,893,19242418,0.01,0.013518798785258457,True
ego,equalize,894,4111387037,0.01,0.02464881429631114,True
ego,equalize,895,2955953351,0.01,0.06509100880902138,True
ego,equalize,896,4292362649,0.01,0.06993439507204639,True
ego,equalize,897,589231969,0.01,0.06501795139792708,True
ego,equalize,898,1529198405,0.01,0.09747519799091857,True
ego,equalize,899,4263209642,0.01,0.07713016750837187,True
ego,equalize,900,54146103,0.01,0.07435960696301142,True
ego,equalize,901,2590048914,0.01,0.02360197577594122,True
ego,equalize,902,1399538239,0.01,0.06206900697539422,True
ego,equalize,903,1494627358,0.01,0.03919042778075829,True
ego,equalize,904,499179319,0.01,0.031302474128354754,True
ego,equalize,905,2890679835,0.01,0.008788474117080747,True
ego,equalize,906,2002070969,0.01,0.05262095558072939,True
ego,equalize,907,2453294404,0.01,0.04208948155701926,True
ego,equalize,908,2315262530,0.01,0.032997452848602574,True
ego,equalize,909,3695294361,0.01,0.034474335473789953,True
ego,equalize,910,86287060,0.01,0.06994219241625235,True
ego,equalize,911,3533271208,0.01,0.06273659223298994,True
ego,equalize,912,2844583856,0.01,0.010857495294031261,True
ego,equalize,913,3545077355,0.01,0.08347362387005824,True
ego,equalize,914,2243230015,0.01,0.08399417294224502,True
ego,equalize,915,2267512420,0.01,0.09806749136412818,True
ego,equalize,916,672529133,0.01,0.04128618076065741,True
ego,equalize,917,1579471106,0.01,0.0013934048808256106,True
ego,equalize,918,3325576003,0.01,0.02689593090453949,True
ego,equalize,919,451340293,0.01,0.07462179051486109,True
ego,equalize,920,1230965622,0.01,0.08918646246226265,True
ego,equalize,921,2833242510,0.01,0.07533508338794298,True
ego,equalize,922,1008823101,0.01,0.044741164762789755,True
ego,equalize,923,102416803,0.01,0.005815663584504438,True
ego,equalize,924,801365081,0.01,0.04152142599507496,True
ego,equalize,925,1605953243,0.01,0.07576710154405401,True
ego,equalize,926,1926496531,0.01,0.08004445601754037,True
ego,equalize,927,685075414,0.01,0.06072691980553421,True
ego,equalize,928,1531733268,0.01,0.0511245679573925,True
ego,equalize,929,2704946355,0.01,0.01609137888248311,True
ego,equalize,930,882251297,0.01,0.05349587849205646,True
ego,equalize,931,4280625850,0.01,0.04806843218596707,True
ego,equalize,932,629472335,0.01,0.013506840822162459,True
ego,equalize,933,3013999705,0.01,0.06975418157825773,True
ego,equalize,934,1362805791,0.01,0.07867033473359342,True
ego,equalize,935,2430887092,0.01,0.016584258171611244,True
ego,equalize,936,3509185077,0.01,0.0676407572989809,True
ego,equalize,937,1862572503,0.01,0.012744544719715312,True
ego,equalize,938,1704100304,0.01,0.08088445292630829,True
ego,equalize,939,2109034507,0.01,0.04028450888317271,True
ego,equalize,940,3881293540,0.01,0.026773259318846377,True
ego,equalize,941,3041420558,0.01,0.022922619192357076,True
ego,equalize,942,1616176918,0.01,0.08849429081637072,True
ego,equalize,943,3602946090,0.01,0.021585622565529053,True
ego,equalize,944,2423410235,0.01,0.07647270076807086,True
ego,equalize,945,2537737284,0.01,0.06611002684349339,True
ego,equalize,946,48999296,0.01,0.08379336608837276,True
ego,equalize,947,3531685093,0.01,0.028136868609138624,True
ego,equalize,948,1218081248,0.01,0.029073750946268184,True
ego,equalize,949,4167919431,0.01,0.055800802711394606,True
ego,equalize,950,3325028145,0.01,0.08558830023158814,True
ego,equalize,951,472770464,0.01,0.05875637866227176,True
ego,equalize,952,4185903993,0.01,0.09323149122964902,True
ego,equalize,953,3197061827,0.01,0.08640749628039464,True
ego,equalize,954,989028538,0.01,0.04927468850007091,True
ego,equalize,955,4082546939,0.01,0.03823753229666141,True
ego,equalize,956,271113057,0.01,0.05288282124141069,True
ego,equalize,957,2061635061,0.01,0.026937220118285157,True
ego,equalize,958,1350479154,0.01,0.020795136914064972,True
ego,equalize,959,1127109063,0.01,0.013280858642594151,True
ego,equalize,960,2868838901,0.01,0.05339287627464036,True
ego,equalize,961,2050907103,0.01,0.017508431800181024,True
ego,equalize,962,1692762726,0.01,0.09912326046523229,True
ego,equalize,963,3249731129,0.01,0.0010545133423840447,True
ego,equalize,964,4173201178,0.01,0.03105590501725186,True
ego,equalize,965,3698999838,0.01,0.03687508525785095,True
ego,equalize,966,1223037380,0.01,0.09596400146225034,True
ego,equalize,967,1204829584,0.01,0.005192735336596976,True
ego,equalize,968,717003337,0.01,0.03890895983327484,True
ego,equalize,969,1937367445,0.01,0.029809529687128734,True
ego,equalize,970,3618666616,0.01,0.03991439402503208,True
ego,equalize,971,1386026709,0.01,0.04793236023320327,True
ego,equalize,972,803977385,0.01,0.03170266876187907,True
ego,equalize,973,1664092357,0.01,0.05251328962947767,True
ego,equalize,974,2773680728,0.01,0.05827218777176746,True
ego,equalize,975,3208363416,0.01,0.02472123180079934,True
ego,equalize,976,3360221320,0.01,0.07080744607627242,True
ego,equalize,977,1444832089,0.01,0.042997078976734396,True
ego,equalize,978,3356490079,0.01,0.030285260166931706,True
ego,equalize,979,3895989213,0.01,0.08209848638901052,True
ego,equalize,980,2433768436,0.01,0.0059454377330876,True
ego,equalize,981,1426939032,0.01,0.016244355772747122,True
ego,equalize,982,2623358402,0.01,0.023209825948904795,True
ego,equalize,983,527606736,0.01,0.0033180168321254033,True
ego,equalize,984,2632942675,0.01,0.01997151520694157,True
ego,equalize,985,2590921437,0.01,0.06723182357246636,True
ego,equalize,986,1356192660,0.01,0.01871020575419472,True
ego,equalize,987,42861571,0.01,0.03097390017082249,True
ego,equalize,988,1864068276,0.01,0.09766265896151059,True
ego,equalize,989,3736547796,0.01,0.019099392865848955,True
ego,equalize,990,695374632,0.01,0.09414762994181014,True
ego,equalize,991,3144908289,0.01,0.05252796701551297,True
ego,equalize,992,1065142011,0.01,0.08762819335297363,True
ego,equalize,993,2185324529,0.01,0.03748506062026601,True
ego,equalize,994,3524908859,0.01,0.06788871145456656,True
ego,equalize,995,1117902768,0.01,0.009648984566521614,True
ego,equalize,996,3013515954,0.01,0.07771070783346667,True
ego,equalize,997,3600451952,0.01,0.009669807988561853,True
ego,equalize,998,2129498559,0.01,0.06892909455719248,True
ego,equalize,999,2817426482,0.01,0.014314553056138369,True
