network,method,variant_index,n_runs,n_unique_seeds,seeds_distinct,std_share_of_correct_agents_at_convergence,std_convergence_step,std_proportion_reached_by_truth,any_variance
pud,equalize,0,1000,1000,True,0.056917604514804584,34.93411392893772,0.11529211370029384,True
pud,equalize,1,1000,1000,True,0.049770137062397926,34.23055003940194,0.09376392472719405,True
pud,equalize,2,1000,1000,True,0.05039201264358871,34.85900233799011,0.09885291168270233,True
pud,equalize,3,1000,1000,True,0.04973023399140111,32.04551862585469,0.09653446643492956,True
pud,equalize,4,1000,1000,True,0.05223284880060784,33.30580363840512,0.06719638070794375,True
pud,equalize,5,1000,1000,True,0.05138210165388694,32.39280646995564,0.09470708578963578,True
pud,equalize,6,1000,1000,True,0.048437021602575805,32.844530731919434,0.08840724790129756,True
pud,equalize,7,1000,1000,True,0.043685181260106905,29.685076368438065,0.08484493044503143,True
pud,equalize,8,1000,1000,True,0.049465768185910364,31.103364946577724,0.10086647756463143,True
pud,equalize,9,1000,1000,True,0.0539935695759741,33.5194443718866,0.12540029288957075,True
pud,equalize,10,1000,1000,True,0.053405172681452895,33.70830507456582,0.11699222090842801,True
pud,equalize,11,1000,1000,True,0.06077257239541169,33.926124152340186,0.1326979229883878,True
pud,equalize,12,1000,1000,True,0.048355258117957774,31.946351528773985,0.09438178248050591,True
pud,equalize,13,1000,1000,True,0.05069611108371475,32.34476996362781,0.13238935795133017,True
pud,equalize,14,1000,1000,True,0.041071326094496804,31.495685275923115,0.11642396766522596,True
pud,equalize,15,1000,1000,True,0.0555841881771124,34.844391858662135,0.10439506161159583,True
pud,equalize,16,1000,1000,True,0.04886867764039649,31.528668081604717,0.10446902783972759,True
pud,equalize,17,1000,1000,True,0.05235019780169454,33.894044963680564,0.10164481793158803,True
pud,equalize,18,1000,1000,True,0.05649013789160322,34.12947510583777,0.10977226650583088,True
pud,equalize,19,1000,1000,True,0.048799797611399784,31.648943110315706,0.09540037464015265,True
pud,equalize,20,1000,1000,True,0.05618452732835892,33.77392834717335,0.11008317786738679,True
pud,equalize,21,1000,1000,True,0.04952032130572481,30.718508931912698,0.09054888250805081,True
pud,equalize,22,1000,1000,True,0.05430193480399009,33.66028637727255,0.09993363167993416,True
pud,equalize,23,1000,1000,True,0.05528109537783092,33.46319195773171,0.12931795966283272,True
pud,equalize,24,1000,1000,True,0.04360149363168171,34.31165444859808,0.09699719736310064,True
pud,equalize,25,1000,1000,True,0.05555462665890103,32.5926629626976,0.10509654526748485,True
pud,equalize,26,1000,1000,True,0.04801157139330394,31.802502401540668,0.09510824502431395,True
pud,equalize,27,1000,1000,True,0.05534723609368292,33.821823945494124,0.10734177042983942,True
pud,equalize,28,1000,1000,True,0.05037240940862001,31.650613327390673,0.08705533858017349,True
pud,equalize,29,1000,1000,True,0.05445396288677321,31.74132473605977,0.09860202086427296,True
pud,equalize,30,1000,1000,True,0.04886175888648996,34.35629477985075,0.09108007872603505,True
pud,equalize,31,1000,1000,True,0.04806269568021943,37.247077724299395,0.11529824128946826,True
pud,equalize,32,1000,1000,True,0.05576708175444908,34.624995581227154,0.10700425686697854,True
pud,equalize,33,1000,1000,True,0.05595152112364223,32.93416765306207,0.10523412991404182,True
pud,equalize,34,1000,1000,True,0.04258114113368632,33.117767421733,0.07885660607068792,True
pud,equalize,35,1000,1000,True,0.05583695400090127,33.78819432878886,0.11003576522944541,True
pud,equalize,36,1000,1000,True,0.04010657253485802,31.99794491838499,0.0710447250889393,True
pud,equalize,37,1000,1000,True,0.05118738149867951,31.47225851444411,0.10893874085585559,True
pud,equalize,38,1000,1000,True,0.05665078644589386,32.56886511685662,0.09596894495127958,True
pud,equalize,39,1000,1000,True,0.05395460368920579,34.14278084749395,0.1003206162729412,True
pud,equalize,40,1000,1000,True,0.04513181790770588,35.44327127960961,0.06968748581354005,True
pud,equalize,41,1000,1000,True,0.05425216727763959,33.82025178794505,0.11923958194003603,True
pud,equalize,42,1000,1000,True,0.05316454773439222,34.018381854520946,0.11648162627324217,True
pud,equalize,43,1000,1000,True,0.04932761603507414,34.301914582133755,0.11120967850233446,True
pud,equalize,44,1000,1000,True,0.05650822184251129,36.083105797588985,0.10454141538578957,True
pud,equalize,45,1000,1000,True,0.04847472932070946,33.47650482054541,0.06645792412506085,True
pud,equalize,46,1000,1000,True,0.046995303153810154,32.25072760419523,0.1186915865428101,True
pud,equalize,47,1000,1000,True,0.04541848076567212,33.53150815278072,0.11652365361527184,True
pud,equalize,48,1000,1000,True,0.06058822360414747,34.96495924493549,0.07535440462439004,True
pud,equalize,49,1000,1000,True,0.0546802151232594,34.41342178569286,0.12070364688098852,True
pud,equalize,50,1000,1000,True,0.054636594031906925,33.84237083893503,0.09871445226723265,True
pud,equalize,51,1000,1000,True,0.05850914880450032,35.79625896654565,0.11110626600547341,True
pud,equalize,52,1000,1000,True,0.05493129153882564,34.22492937903598,0.10635607036602895,True
pud,equalize,53,1000,1000,True,0.05394533584341893,34.27311482780636,0.10625120711006383,True
pud,equalize,54,1000,1000,True,0.04943729661193355,33.80832191931448,0.11487278578314468,True
pud,equalize,55,1000,1000,True,0.05280655472781975,35.23490315014361,0.11141257769720528,True
pud,equalize,56,1000,1000,True,0.042150194411045,34.7851126776959,0.06105944886990298,True
pud,equalize,57,1000,1000,True,0.05685215719546425,34.16636906374454,0.11889960439768471,True
pud,equalize,58,1000,1000,True,0.04949310963391337,33.03802922391104,0.06678722063019371,True
pud,equalize,59,1000,1000,True,0.05750207618366574,31.758255226003836,0.1107103745682266,True
pud,equalize,60,1000,1000,True,0.05101071782805387,32.53742190155821,0.11314846796342024,True
pud,equalize,61,1000,1000,True,0.046631071080594506,33.14750132362921,0.1196873210278132,True
pud,equalize,62,1000,1000,True,0.05479823372840667,34.127756313593196,0.10883043725940861,True
pud,equalize,63,1000,1000,True,0.05032376656691629,32.299568898051874,0.08581004286673048,True
pud,equalize,64,1000,1000,True,0.05371203396439751,35.26287515220505,0.10488793255213742,True
pud,equalize,65,1000,1000,True,0.04918812337832662,31.899017524055502,0.06881928741993522,True
pud,equalize,66,1000,1000,True,0.05853878212215966,34.231004133679754,0.13056912033549578,True
pud,equalize,67,1000,1000,True,0.042910363075360475,32.33100640252326,0.06464940204816426,True
pud,equalize,68,1000,1000,True,0.05537426420100288,30.97485244516913,0.09743581363019338,True
pud,equalize,69,1000,1000,True,0.045308113900108284,32.56486939940033,0.09405329130306006,True
pud,equalize,70,1000,1000,True,0.045847722993663534,32.09281475657752,0.0905343233459206,True
pud,equalize,71,1000,1000,True,0.04013500519465905,33.42910821424945,0.06347605653383344,True
pud,equalize,72,1000,1000,True,0.05256853375110191,33.78532202007256,0.10507773430614871,True
pud,equalize,73,1000,1000,True,0.055652225893611657,34.99792102396941,0.11106330916182586,True
pud,equalize,74,1000,1000,True,0.04884944747403514,34.92800479557915,0.10002579852403264,True
pud,equalize,75,1000,1000,True,0.05405755391989605,33.31481614837459,0.1041413895257101,True
pud,equalize,76,1000,1000,True,0.05738403335380511,31.60876302546495,0.10788823606622494,True
pud,equalize,77,1000,1000,True,0.04877461391915843,32.95626239427038,0.10922822352677358,True
pud,equalize,78,1000,1000,True,0.048330793036691994,32.98964951314276,0.10048710745877851,True
pud,equalize,79,1000,1000,True,0.04285289076495984,32.79719181576374,0.06967522453196866,True
pud,equalize,80,1000,1000,True,0.05673835987655513,34.82558829366705,0.1068421421225414,True
pud,equalize,81,1000,1000,True,0.05759533160093987,32.62552123721551,0.08849573540677079,True
pud,equalize,82,1000,1000,True,0.05368262357666654,35.835315765317326,0.0743714932776375,True
pud,equalize,83,1000,1000,True,0.04878774259135684,31.89449582608259,0.10825038134680356,True
pud,equalize,84,1000,1000,True,0.04523572825887864,33.855705206065345,0.11005044634503187,True
pud,equalize,85,1000,1000,True,0.051958763326504925,32.52915855044517,0.10931448798741462,True
pud,equalize,86,1000,1000,True,0.056015094967316895,33.92319959850486,0.10902767515918738,True
pud,equalize,87,1000,1000,True,0.044524204819567696,31.024647604767406,0.057852050552131856,True
pud,equalize,88,1000,1000,True,0.05081430244855609,36.31591550546399,0.09297396157454085,True
pud,equalize,89,1000,1000,True,0.056901204179147534,32.29621400412129,0.10922646990723019,True
pud,equalize,90,1000,1000,True,0.04922679186212562,32.356482488057935,0.10931254940211634,True
pud,equalize,91,1000,1000,True,0.05364156187597288,32.92234461577729,0.10832370270583089,True
pud,equalize,92,1000,1000,True,0.04984702400815054,33.468034166948016,0.10564781874198005,True
pud,equalize,93,1000,1000,True,0.05655596048752658,32.995401482630875,0.11046589049549622,True
pud,equalize,94,1000,1000,True,0.05221898807952317,30.53258048380451,0.10227695153266358,True
pud,equalize,95,1000,1000,True,0.043588258697684824,31.387020948156263,0.08964893876796436,True
pud,equalize,96,1000,1000,True,0.0565494386563269,32.58616944349244,0.10776343318057474,True
pud,equalize,97,1000,1000,True,0.046754994451639484,31.927315436785474,0.07167711465615854,True
pud,equalize,98,1000,1000,True,0.05573606120384287,32.79458795289247,0.10351429554760082,True
pud,equalize,99,1000,1000,True,0.057222372168088335,33.13722227344953,0.07415657442778892,True
pud,equalize,100,1000,1000,True,0.0587973124438293,33.28121450608436,0.110478429825872,True
pud,equalize,101,1000,1000,True,0.050227776241566185,32.02773947689721,0.1276725286343982,True
pud,equalize,102,1000,1000,True,0.04954022682703496,34.90892136689416,0.08972076297402945,True
pud,equalize,103,1000,1000,True,0.057173842547138094,35.152498574070094,0.10956402435151223,True
pud,equalize,104,1000,1000,True,0.04616267398164672,32.184980581010144,0.08115902313998756,True
pud,equalize,105,1000,1000,True,0.04629380674787803,34.69487570232815,0.07488482596957696,True
pud,equalize,106,1000,1000,True,0.05319461589760591,32.998629532148755,0.09283621512915191,True
pud,equalize,107,1000,1000,True,0.04970452944062121,32.41503718955139,0.07875945249952346,True
pud,equalize,108,1000,1000,True,0.057715435383279244,33.00881880649472,0.11084980607187746,True
pud,equalize,109,1000,1000,True,0.05035770197445619,35.09829625494662,0.07227852847846548,True
pud,equalize,110,1000,1000,True,0.05583096070138419,32.616167708668655,0.11185265826297482,True
pud,equalize,111,1000,1000,True,0.05460772680821364,37.68796591751802,0.10969563672293162,True
pud,equalize,112,1000,1000,True,0.0534289467019425,33.88248957795162,0.10503504353486208,True
pud,equalize,113,1000,1000,True,0.04570863710692805,33.566512121458196,0.0924035960766746,True
pud,equalize,114,1000,1000,True,0.04276349545125932,33.29466858222199,0.06032033725386284,True
pud,equalize,115,1000,1000,True,0.05451806247293156,32.40631321208878,0.11092287165769792,True
pud,equalize,116,1000,1000,True,0.05342882192548961,33.56555304177186,0.10866841568690157,True
pud,equalize,117,1000,1000,True,0.04620389460362849,30.279240677401408,0.07002279699330377,True
pud,equalize,118,1000,1000,True,0.05483671722081434,34.06236972085178,0.109030881909102,True
pud,equalize,119,1000,1000,True,0.057686422434861856,34.88965525768347,0.10761981322010768,True
pud,equalize,120,1000,1000,True,0.04361786359613866,33.82173784713021,0.11766075895357324,True
pud,equalize,121,1000,1000,True,0.05344040640785806,34.62040438816393,0.1147266160041038,True
pud,equalize,122,1000,1000,True,0.06067281613114683,34.49470081041434,0.12530267355487673,True
pud,equalize,123,1000,1000,True,0.04637229776493721,35.306781161697536,0.08443163353116379,True
pud,equalize,124,1000,1000,True,0.04665391889378799,31.163999727249386,0.08950603469550855,True
pud,equalize,125,1000,1000,True,0.047616451146143664,33.444729196093064,0.09397966617476883,True
pud,equalize,126,1000,1000,True,0.04007024541853013,31.64615286255187,0.09562134104998493,True
pud,equalize,127,1000,1000,True,0.04793694933046023,34.09266946133728,0.12368050436707406,True
pud,equalize,128,1000,1000,True,0.04902183438952056,35.83584239277766,0.07182916547159433,True
pud,equalize,129,1000,1000,True,0.05521030387818009,34.30064512512848,0.10003964399362071,True
pud,equalize,130,1000,1000,True,0.049345943083149525,32.442805057516225,0.08476011101781951,True
pud,equalize,131,1000,1000,True,0.05511877074907322,33.72121533990138,0.09842181769064653,True
pud,equalize,132,1000,1000,True,0.04629231331014836,31.998702708078653,0.07554028522158243,True
pud,equalize,133,1000,1000,True,0.05157028046424117,34.583267572628245,0.07448736325008838,True
pud,equalize,134,1000,1000,True,0.05668199248090118,33.21073266280044,0.10764046235409094,True
pud,equalize,135,1000,1000,True,0.045388196649147984,36.85096165638015,0.12115517241318728,True
pud,equalize,136,1000,1000,True,0.05050906775942243,34.5022868662354,0.05074114287485959,True
pud,equalize,137,1000,1000,True,0.04466174516833709,33.021855732226804,0.09634103775419671,True
pud,equalize,138,1000,1000,True,0.053426173823161956,32.851541683762726,0.09749501475067619,True
pud,equalize,139,1000,1000,True,0.05697081665745441,34.04706141504726,0.0763315833537072,True
pud,equalize,140,1000,1000,True,0.05128625907950755,34.67548269310753,0.11188942458218888,True
pud,equalize,141,1000,1000,True,0.041039335241168776,34.5602516049869,0.0833890154710713,True
pud,equalize,142,1000,1000,True,0.045536959619171154,33.669435338300524,0.07544534363725311,True
pud,equalize,143,1000,1000,True,0.04889315006682215,34.17278026441513,0.10224690281765247,True
pud,equalize,144,1000,1000,True,0.05220980939948799,32.85684280328833,0.10046518714042438,True
pud,equalize,145,1000,1000,True,0.05095916423719179,34.664709302113,0.11005519602835437,True
pud,equalize,146,1000,1000,True,0.05323271875152548,32.29609084703596,0.10508924132362603,True
pud,equalize,147,1000,1000,True,0.05320539747983896,33.58682813246884,0.10002677110789694,True
pud,equalize,148,1000,1000,True,0.0540002000453542,34.42835017830509,0.11320351988158428,True
pud,equalize,149,1000,1000,True,0.03906995309144742,32.9345863037628,0.06311844636558268,True
pud,equalize,150,1000,1000,True,0.04227916627884907,30.659715572718543,0.061553694316024754,True
pud,equalize,151,1000,1000,True,0.05332307308714296,33.109256953305376,0.101133325398569,True
pud,equalize,152,1000,1000,True,0.04942181129925091,31.873266227357373,0.057361275490751824,True
pud,equalize,153,1000,1000,True,0.05510783928459983,33.85420764100085,0.10465323752018756,True
pud,equalize,154,1000,1000,True,0.052392705175010344,34.55030070780861,0.10838276422128619,True
pud,equalize,155,1000,1000,True,0.04846482751617754,31.36767246704798,0.11884819189221763,True
pud,equalize,156,1000,1000,True,0.057979297071358925,34.26888944801101,0.11018827378179742,True
pud,equalize,157,1000,1000,True,0.052773351861206116,33.44914586353439,0.11076050238640528,True
pud,equalize,158,1000,1000,True,0.05701414595963157,31.600082768878945,0.10891799157572127,True
pud,equalize,159,1000,1000,True,0.059690054385907486,31.5239512117374,0.10999562224734331,True
pud,equalize,160,1000,1000,True,0.049850239916705376,32.185088162066606,0.10151318104525109,True
pud,equalize,161,1000,1000,True,0.04775551807040564,34.693329488534246,0.10098635526949808,True
pud,equalize,162,1000,1000,True,0.05358037230456967,32.299867476508325,0.1044022231445809,True
pud,equalize,163,1000,1000,True,0.05701717198559192,30.784734512417028,0.1083924960957932,True
pud,equalize,164,1000,1000,True,0.048209131607718995,31.58408420391511,0.09655768058011929,True
pud,equalize,165,1000,1000,True,0.05787137290983458,34.138078446216035,0.11269732434082118,True
pud,equalize,166,1000,1000,True,0.05103917159434543,32.165081672521836,0.11213010465691348,True
pud,equalize,167,1000,1000,True,0.05048920065435825,34.15390459376497,0.11062315967639924,True
pud,equalize,168,1000,1000,True,0.04996553874150058,34.22690281050858,0.1151059495839795,True
pud,equalize,169,1000,1000,True,0.05467479501449039,35.349292369155,0.10314558810574019,True
pud,equalize,170,1000,1000,True,0.05082769731961911,35.19041595377924,0.10521258374252472,True
pud,equalize,171,1000,1000,True,0.043881927717990175,32.33563098193694,0.12172687297773763,True
pud,equalize,172,1000,1000,True,0.05117788391941519,32.55977733339096,0.10837541917557451,True
pud,equalize,173,1000,1000,True,0.05297145749025578,34.309013392984646,0.09693355175990469,True
pud,equalize,174,1000,1000,True,0.055088605395711775,34.791878592568125,0.10785787630711761,True
pud,equalize,175,1000,1000,True,0.04091839364236584,34.49339877425824,0.0772797954844826,True
pud,equalize,176,1000,1000,True,0.05069877637503617,34.71842840625134,0.10760007744730793,True
pud,equalize,177,1000,1000,True,0.043731933130249825,32.26966742933679,0.06384276112566051,True
pud,equalize,178,1000,1000,True,0.05038023201393358,34.13937303173566,0.10476304833430676,True
pud,equalize,179,1000,1000,True,0.04210673680007295,30.692654430661417,0.07129481479942248,True
pud,equalize,180,1000,1000,True,0.05787751647730098,31.677807752431352,0.11260987775457904,True
pud,equalize,181,1000,1000,True,0.050654422253413975,32.565230399921944,0.09376660280968452,True
pud,equalize,182,1000,1000,True,0.0485255068475829,32.006530021231605,0.0885033018844181,True
pud,equalize,183,1000,1000,True,0.0545513406382657,33.0517216495601,0.11847790021563588,True
pud,equalize,184,1000,1000,True,0.0497641238714333,32.718241762050724,0.07417573727304635,True
pud,equalize,185,1000,1000,True,0.05767402543499581,34.114403937340015,0.10796285998343351,True
pud,equalize,186,1000,1000,True,0.05297445925475156,35.10897953515596,0.07874684473396733,True
pud,equalize,187,1000,1000,True,0.05223288779974963,30.73879756919584,0.1031260232272469,True
pud,equalize,188,1000,1000,True,0.05928672326546269,33.59450810772499,0.1135058730193136,True
pud,equalize,189,1000,1000,True,0.056232356354989854,30.057026532909074,0.11003658145934588,True
pud,equalize,190,1000,1000,True,0.049712258467859906,33.81365848292669,0.07022387392572274,True
pud,equalize,191,1000,1000,True,0.05800787409300675,30.02405753724836,0.12706979903643703,True
pud,equalize,192,1000,1000,True,0.05514321533544145,31.981475497543887,0.12110538161778825,True
pud,equalize,193,1000,1000,True,0.05012654480240146,34.41529287976495,0.11976171764109632,True
pud,equalize,194,1000,1000,True,0.044404669702161115,34.879231585572526,0.07279430770718202,True
pud,equalize,195,1000,1000,True,0.04409582018768549,34.765350566332565,0.09078559669849197,True
pud,equalize,196,1000,1000,True,0.052088168368168,32.6997433629073,0.09893132110861705,True
pud,equalize,197,1000,1000,True,0.04793398752966237,33.33473137734876,0.10313324475085377,True
pud,equalize,198,1000,1000,True,0.05625786748820993,34.414272097488855,0.10700389054886086,True
pud,equalize,199,1000,1000,True,0.0489001893505385,31.989356917574945,0.04970862135522406,True
pud,equalize,200,1000,1000,True,0.04951407830725806,32.27155513761306,0.09865279619722324,True
pud,equalize,201,1000,1000,True,0.044661103854818286,34.592131128336106,0.09632789680930287,True
pud,equalize,202,1000,1000,True,0.05722683368689169,33.05922526315461,0.10760605793218012,True
pud,equalize,203,1000,1000,True,0.05810878580433704,32.44475882172651,0.07115141132355235,True
pud,equalize,204,1000,1000,True,0.05098553534890866,32.82083307900639,0.10318256563902573,True
pud,equalize,205,1000,1000,True,0.04286711594718765,32.48984358226429,0.1159386363875624,True
pud,equalize,206,1000,1000,True,0.05886082245223122,33.386458332683326,0.11517728203207565,True
pud,equalize,207,1000,1000,True,0.04998783061782681,33.88406728832889,0.09995221018560647,True
pud,equalize,208,1000,1000,True,0.05658545815025336,34.47608096927492,0.1244445456348795,True
pud,equalize,209,1000,1000,True,0.04967890850871509,33.875325297331095,0.08493733274495474,True
pud,equalize,210,1000,1000,True,0.046049086799433155,29.70360178496877,0.07778807471522377,True
pud,equalize,211,1000,1000,True,0.053679468222421645,33.92297015298041,0.09989539961478472,True
pud,equalize,212,1000,1000,True,0.048587881433771345,33.09001003324115,0.08614704554881801,True
pud,equalize,213,1000,1000,True,0.05610966334765924,31.535010876801678,0.1083364848544445,True
pud,equalize,214,1000,1000,True,0.052341042130989564,32.48555554396446,0.11816023385300796,True
pud,equalize,215,1000,1000,True,0.05601052700879067,32.595053597133415,0.10838456395494565,True
pud,equalize,216,1000,1000,True,0.05760951567489782,34.05224337690543,0.11420133347689612,True
pud,equalize,217,1000,1000,True,0.05711171530160303,36.03683221372267,0.11206822822628087,True
pud,equalize,218,1000,1000,True,0.057558085529980436,31.511562814306753,0.10942789440574133,True
pud,equalize,219,1000,1000,True,0.053805262719331615,33.6233096378093,0.12232536859731565,True
pud,equalize,220,1000,1000,True,0.047509484433227764,38.026101772335274,0.08553374541628743,True
pud,equalize,221,1000,1000,True,0.05136130070273282,34.65916761839499,0.10122429562457502,True
pud,equalize,222,1000,1000,True,0.05310970593213195,32.94534085420881,0.07246340583484319,True
pud,equalize,223,1000,1000,True,0.05627731051687124,35.4524897715238,0.11443399305028248,True
pud,equalize,224,1000,1000,True,0.05848993160164775,34.598085366100825,0.11174233809732456,True
pud,equalize,225,1000,1000,True,0.05308169803865233,34.537531758943054,0.09825605186651386,True
pud,equalize,226,1000,1000,True,0.047497155210458865,34.978158899518995,0.05848127166711125,True
pud,equalize,227,1000,1000,True,0.04910135146866512,32.49372610212624,0.10621208459295133,True
pud,equalize,228,1000,1000,True,0.04688188994631373,34.82394687567738,0.10347518996489741,True
pud,equalize,229,1000,1000,True,0.05646106491956959,32.7857565262722,0.11389230292985855,True
pud,equalize,230,1000,1000,True,0.053034206292137884,33.394304170022764,0.11768302215572009,True
pud,equalize,231,1000,1000,True,0.04163147995756085,34.65022574241039,0.11595955020588264,True
pud,equalize,232,1000,1000,True,0.053036580667393037,33.570757736458674,0.11477083500568093,True
pud,equalize,233,1000,1000,True,0.05773943599599673,32.47272030489592,0.11043346189526451,True
pud,equalize,234,1000,1000,True,0.046873883855024445,31.47471732994595,0.09517493639881522,True
pud,equalize,235,1000,1000,True,0.04883002011260625,36.03991764696473,0.08630565765469768,True
pud,equalize,236,1000,1000,True,0.03996754084238427,31.615448739500756,0.11542961887479421,True
pud,equalize,237,1000,1000,True,0.05462961707470038,33.86802974783151,0.09531908725466127,True
pud,equalize,238,1000,1000,True,0.04868523111165297,34.48519357637419,0.11082714769706323,True
pud,equalize,239,1000,1000,True,0.05473093670035956,34.01721705254561,0.10634448507643846,True
pud,equalize,240,1000,1000,True,0.05492194124054274,33.699887240167435,0.111288427404084,True
pud,equalize,241,1000,1000,True,0.05712745010549268,34.047015199573664,0.11162386354888568,True
pud,equalize,242,1000,1000,True,0.05052455581933146,33.432667796632686,0.10612709303727871,True
pud,equalize,243,1000,1000,True,0.05863548729541156,34.00388748363928,0.11418952190801154,True
pud,equalize,244,1000,1000,True,0.05589399026861607,33.83705529445492,0.11323607809667398,True
pud,equalize,245,1000,1000,True,0.045391982758692453,32.795716778262374,0.07360196924365006,True
pud,equalize,246,1000,1000,True,0.04210603751318484,34.038074211094845,0.0611915743009779,True
pud,equalize,247,1000,1000,True,0.04649449589089174,33.233710460916036,0.09897329481440816,True
pud,equalize,248,1000,1000,True,0.05286300837372943,34.63999582852169,0.10948171446624837,True
pud,equalize,249,1000,1000,True,0.04773576964608095,30.283245780464156,0.10770455932208921,True
pud,equalize,250,1000,1000,True,0.04530297322158944,33.26272735360106,0.07175673582182003,True
pud,equalize,251,1000,1000,True,0.05284089325512959,34.84348570393037,0.072530112094866,True
pud,equalize,252,1000,1000,True,0.05154774725352777,35.05419916358096,0.08914807767465556,True
pud,equalize,253,1000,1000,True,0.05659777838854206,34.55670688882261,0.10916883741127043,True
pud,equalize,254,1000,1000,True,0.04274713332385468,32.42904240029298,0.10200839895219473,True
pud,equalize,255,1000,1000,True,0.05566646262992103,33.18908561560562,0.11002194842758635,True
pud,equalize,256,1000,1000,True,0.05045843051340919,34.721825398443556,0.10540407317544853,True
pud,equalize,257,1000,1000,True,0.05395072168535255,34.28933361848841,0.1182094390540852,True
pud,equalize,258,1000,1000,True,0.05732813822285497,33.840087337357744,0.11083219214115912,True
pud,equalize,259,1000,1000,True,0.046768110640045164,34.79503734729997,0.09877575550985783,True
pud,equalize,260,1000,1000,True,0.05569661093043096,33.22897915976355,0.10856263823135973,True
pud,equalize,261,1000,1000,True,0.0522609489975398,33.25227990679737,0.11528328982805898,True
pud,equalize,262,1000,1000,True,0.04595856426858469,31.9054399750262,0.09913002746735729,True
pud,equalize,263,1000,1000,True,0.05032139176469389,34.94296930714389,0.10873111245092094,True
pud,equalize,264,1000,1000,True,0.05909385608640287,34.84861660094989,0.11481505471898472,True
pud,equalize,265,1000,1000,True,0.054548539942665224,35.124368976538214,0.10325708058703784,True
pud,equalize,266,1000,1000,True,0.049443141056478845,33.35188000698012,0.09884704233196752,True
pud,equalize,267,1000,1000,True,0.04596642763078074,32.7455460177411,0.08676248549280323,True
pud,equalize,268,1000,1000,True,0.05511504914245571,31.897842622973737,0.10916032155719008,True
pud,equalize,269,1000,1000,True,0.05535062648111448,35.00218387472416,0.10879813905452793,True
pud,equalize,270,1000,1000,True,0.051038474956898214,35.53343208866827,0.0959849679589157,True
pud,equalize,271,1000,1000,True,0.05261721072232479,34.78962706037534,0.10470029891357804,True
pud,equalize,272,1000,1000,True,0.050036450910841856,32.868674387629326,0.1066256286797786,True
pud,equalize,273,1000,1000,True,0.041318956579752916,30.65824259477376,0.13618686825982804,True
pud,equalize,274,1000,1000,True,0.05580043696452653,32.466195095822364,0.09863943004951836,True
pud,equalize,275,1000,1000,True,0.05586199485460399,33.73569332324445,0.11409586396026591,True
pud,equalize,276,1000,1000,True,0.05374123528883915,34.28748873860552,0.0996120071844185,True
pud,equalize,277,1000,1000,True,0.04865631041509289,33.19220095142833,0.08726253208664553,True
pud,equalize,278,1000,1000,True,0.04854303932250913,33.76349767130177,0.061109413107723186,True
pud,equalize,279,1000,1000,True,0.0572710417420726,35.682443175881325,0.06922037718247388,True
pud,equalize,280,1000,1000,True,0.056914386647028074,31.879874513554782,0.13387418268704185,True
pud,equalize,281,1000,1000,True,0.053043163183334255,32.860030432122244,0.11765677169600534,True
pud,equalize,282,1000,1000,True,0.050824801955611794,30.569264040863004,0.0724682910649654,True
pud,equalize,283,1000,1000,True,0.05139253920969223,33.154412737975015,0.11808679325284746,True
pud,equalize,284,1000,1000,True,0.05116427669650518,32.43898272141098,0.07398214999929725,True
pud,equalize,285,1000,1000,True,0.057924561412364746,33.89991019162145,0.11635268649378487,True
pud,equalize,286,1000,1000,True,0.05708379805163633,32.49046430877835,0.10796705887662744,True
pud,equalize,287,1000,1000,True,0.05663422164847324,32.02884186167211,0.11196190710226095,True
pud,equalize,288,1000,1000,True,0.047472376633257755,32.87886663192635,0.10445675518463947,True
pud,equalize,289,1000,1000,True,0.0413551376180446,32.2293021333072,0.1368565690561734,True
pud,equalize,290,1000,1000,True,0.04842720258921926,32.85207084796939,0.06530318276326465,True
pud,equalize,291,1000,1000,True,0.050272539935882876,37.99865996321449,0.11486534037625575,True
pud,equalize,292,1000,1000,True,0.04967612512472573,33.479970131408415,0.08028921487155892,True
pud,equalize,293,1000,1000,True,0.05525861867864239,32.40733051332676,0.1038848929712801,True
pud,equalize,294,1000,1000,True,0.03377953029079397,33.139492678675694,0.0555381128173135,True
pud,equalize,295,1000,1000,True,0.0571763742972373,33.70074034795081,0.1087163167646154,True
pud,equalize,296,1000,1000,True,0.052183527035139746,29.945168491761738,0.06068424551991222,True
pud,equalize,297,1000,1000,True,0.04946620744520794,32.03947551068837,0.10741048756758426,True
pud,equalize,298,1000,1000,True,0.05098897363252927,32.79342578932552,0.10018002560822292,True
pud,equalize,299,1000,1000,True,0.04389695987673581,34.086442334159784,0.0576331940961838,True
pud,equalize,300,1000,1000,True,0.048834838808800025,35.40076653124901,0.09788824820070317,True
pud,equalize,301,1000,1000,True,0.05336522657505922,31.772342925884452,0.1055312159072575,True
pud,equalize,302,1000,1000,True,0.04872738981844317,31.549763723362492,0.10111935253347958,True
pud,equalize,303,1000,1000,True,0.05392540687072134,32.691247131304124,0.07859123109443109,True
pud,equalize,304,1000,1000,True,0.05568587382101386,34.46722594001438,0.11119393357642103,True
pud,equalize,305,1000,1000,True,0.056943116515681846,31.922901356236405,0.11051730158946735,True
pud,equalize,306,1000,1000,True,0.04952135840495094,33.779583049528604,0.11324497427052058,True
pud,equalize,307,1000,1000,True,0.04334968922098007,31.78699098688015,0.061989317080435445,True
pud,equalize,308,1000,1000,True,0.04379300214688458,34.298306430493035,0.07054468770193091,True
pud,equalize,309,1000,1000,True,0.04300481741604834,34.04013923297024,0.10316128987364913,True
pud,equalize,310,1000,1000,True,0.05303615235657771,33.462672801197456,0.08773531392000587,True
pud,equalize,311,1000,1000,True,0.05946528814213516,34.37735906087028,0.06704772484885231,True
pud,equalize,312,1000,1000,True,0.046879614669970766,33.744242042161794,0.13613751943358915,True
pud,equalize,313,1000,1000,True,0.04013974201323284,33.85775891874712,0.08538095893200164,True
pud,equalize,314,1000,1000,True,0.04647748824517357,33.14401531196846,0.13964616838882124,True
pud,equalize,315,1000,1000,True,0.04788812064348978,33.80277549255386,0.09933073822113453,True
pud,equalize,316,1000,1000,True,0.0570812448928588,33.16633106027859,0.06810337005131008,True
pud,equalize,317,1000,1000,True,0.04247462423263688,32.33307285118443,0.06002853642381418,True
pud,equalize,318,1000,1000,True,0.04310735378815642,35.05955042495553,0.09240200949126968,True
pud,equalize,319,1000,1000,True,0.04895694253343669,33.266634094840434,0.10087924329808913,True
pud,equalize,320,1000,1000,True,0.05633100477326347,33.446451231782426,0.1099915058448819,True
pud,equalize,321,1000,1000,True,0.05648500292604715,33.35050690769182,0.12322638005208439,True
pud,equalize,322,1000,1000,True,0.050472747811120204,31.165383039519984,0.13180694777393748,True
pud,equalize,323,1000,1000,True,0.04330933666053209,33.24394644141998,0.08332370611056616,True
pud,equalize,324,1000,1000,True,0.05291931781052043,32.347367373559166,0.11445841338696658,True
pud,equalize,325,1000,1000,True,0.0473912999256401,36.32350367186513,0.09683201121045523,True
pud,equalize,326,1000,1000,True,0.04308042292626865,31.13468233337222,0.06552548368646872,True
pud,equalize,327,1000,1000,True,0.04770119831815187,35.48814399204332,0.132469936025565,True
pud,equalize,328,1000,1000,True,0.04767988809125984,34.66416155051208,0.08348205691740287,True
pud,equalize,329,1000,1000,True,0.04319693490498122,32.626461591781606,0.11542971727258813,True
pud,equalize,330,1000,1000,True,0.05193001463270626,32.97601551127728,0.06498881100278382,True
pud,equalize,331,1000,1000,True,0.04459108586109566,32.596386977700455,0.1050990825863567,True
pud,equalize,332,1000,1000,True,0.046983946562287646,33.25374150377669,0.07322096104123783,True
pud,equalize,333,1000,1000,True,0.04607186549428465,36.96594647780576,0.06951652348209768,True
pud,equalize,334,1000,1000,True,0.056425271240534605,33.0333382963333,0.10988027996836341,True
pud,equalize,335,1000,1000,True,0.04576837012286655,33.021691643524264,0.08742227588542667,True
pud,equalize,336,1000,1000,True,0.05260919391086141,34.375057221770554,0.09959646976737406,True
pud,equalize,337,1000,1000,True,0.04352072870668061,33.89297714866606,0.08592840832940345,True
pud,equalize,338,1000,1000,True,0.049326614907893335,35.149184855413075,0.11744458320185223,True
pud,equalize,339,1000,1000,True,0.05062362206629541,33.66472752006171,0.09808478066209285,True
pud,equalize,340,1000,1000,True,0.05774006354578773,32.75769222640692,0.11275742509289687,True
pud,equalize,341,1000,1000,True,0.053122472053143736,36.88608621147004,0.07938157263543015,True
pud,equalize,342,1000,1000,True,0.050696578646095565,33.93707080759917,0.10146447654228548,True
pud,equalize,343,1000,1000,True,0.05715192553705074,33.24119394666804,0.10840965744416174,True
pud,equalize,344,1000,1000,True,0.04950599290321661,34.95505364035363,0.10226144114806426,True
pud,equalize,345,1000,1000,True,0.047128915660749345,32.071728344446925,0.11296152464172354,True
pud,equalize,346,1000,1000,True,0.05304234390478592,33.643930076612634,0.09514691953130326,True
pud,equalize,347,1000,1000,True,0.0557637831049225,35.12095714811884,0.11389872911418793,True
pud,equalize,348,1000,1000,True,0.05667753163814204,33.40739305902213,0.10922007458044525,True
pud,equalize,349,1000,1000,True,0.05675973946990382,32.80606651215595,0.10668545609974153,True
pud,equalize,350,1000,1000,True,0.041998940315849886,31.29112915827743,0.07426784941541073,True
pud,equalize,351,1000,1000,True,0.058671784288573815,33.19418007723643,0.11458773984792958,True
pud,equalize,352,1000,1000,True,0.054645839528529326,33.27250252085046,0.1200823914682779,True
pud,equalize,353,1000,1000,True,0.04325266565680956,31.810956838800056,0.06923510759330695,True
pud,equalize,354,1000,1000,True,0.05387993510953226,32.70290383131137,0.10213007380448054,True
pud,equalize,355,1000,1000,True,0.044681451395018855,33.23943675816424,0.06258818470124797,True
pud,equalize,356,1000,1000,True,0.05439407080070038,32.966922194830374,0.10647803691691078,True
pud,equalize,357,1000,1000,True,0.05393400173554598,33.17642655561325,0.10532720094666553,True
pud,equalize,358,1000,1000,True,0.05777085001201827,33.25767153605315,0.10721681966815229,True
pud,equalize,359,1000,1000,True,0.052778688881024695,34.587846868517275,0.0962475101489724,True
pud,equalize,360,1000,1000,True,0.044746837946081065,34.05148830814888,0.10361347926992778,True
pud,equalize,361,1000,1000,True,0.04295579697581178,32.61162026026919,0.07182633290629163,True
pud,equalize,362,1000,1000,True,0.055765911752433915,34.206772370394724,0.11348305959399761,True
pud,equalize,363,1000,1000,True,0.05012099434442691,32.97457202148346,0.07239038115627391,True
pud,equalize,364,1000,1000,True,0.04971886891237497,32.949453394555725,0.07370928463887917,True
pud,equalize,365,1000,1000,True,0.04932729567658694,31.873721088068773,0.13425852663912502,True
pud,equalize,366,1000,1000,True,0.055821177228364625,32.98916543351771,0.10919633693489905,True
pud,equalize,367,1000,1000,True,0.0457435673140747,35.57792561406581,0.10676051195821537,True
pud,equalize,368,1000,1000,True,0.05577279747575519,33.68175136479693,0.10914316738877575,True
pud,equalize,369,1000,1000,True,0.05261617833159515,33.95437992365639,0.10444781968541535,True
pud,equalize,370,1000,1000,True,0.057169896248261964,35.713997255977944,0.10862047416305734,True
pud,equalize,371,1000,1000,True,0.04995978135547052,34.43268329654254,0.12009128163995056,True
pud,equalize,372,1000,1000,True,0.046601741873872185,33.72185924589568,0.09538884617872596,True
pud,equalize,373,1000,1000,True,0.05034402143082295,35.029562243910505,0.10103540755718717,True
pud,equalize,374,1000,1000,True,0.051732932415399537,34.21903043629377,0.10177546758659052,True
pud,equalize,375,1000,1000,True,0.05154037012950547,32.09497155318883,0.07305321584762038,True
pud,equalize,376,1000,1000,True,0.05520114062160243,33.901782239286476,0.10064057547579289,True
pud,equalize,377,1000,1000,True,0.05542917179987225,34.16229089215183,0.10310505190530221,True
pud,equalize,378,1000,1000,True,0.049367475672966996,34.10770493598184,0.08714061220978596,True
pud,equalize,379,1000,1000,True,0.05666226453489326,35.348775084859724,0.1085204372855269,True
pud,equalize,380,1000,1000,True,0.053227631365116566,33.270038157477366,0.13361571532838512,True
pud,equalize,381,1000,1000,True,0.047544645685222355,35.86318969361203,0.0877482904057726,True
pud,equalize,382,1000,1000,True,0.053588914230417665,31.736890695214615,0.06487917640402195,True
pud,equalize,383,1000,1000,True,0.055393977254295276,36.774228802246824,0.1097762460531916,True
pud,equalize,384,1000,1000,True,0.05630154702608858,33.16858604161474,0.12318128766021903,True
pud,equalize,385,1000,1000,True,0.051569297737469745,37.90988418605364,0.09369449698585343,True
pud,equalize,386,1000,1000,True,0.04751627531439187,34.8149041503779,0.0952146658482431,True
pud,equalize,387,1000,1000,True,0.05542339725208987,34.66259908027671,0.0959562657582693,True
pud,equalize,388,1000,1000,True,0.053148062459603136,32.1447005896773,0.10082119057586952,True
pud,equalize,389,1000,1000,True,0.05034179350042573,35.053361022874824,0.11623821804094098,True
pud,equalize,390,1000,1000,True,0.05552976178991266,34.86400686954958,0.10029549181798925,True
pud,equalize,391,1000,1000,True,0.04724753700550347,30.488067682291707,0.08166140270261113,True
pud,equalize,392,1000,1000,True,0.044407194111865354,32.95583687300324,0.06184121343418437,True
pud,equalize,393,1000,1000,True,0.05398294655276348,32.4048488809931,0.1157293132729011,True
pud,equalize,394,1000,1000,True,0.05142087773139104,36.270341382457374,0.12600177884301847,True
pud,equalize,395,1000,1000,True,0.05588651530192765,34.26173048752792,0.09489308083376499,True
pud,equalize,396,1000,1000,True,0.056531389728993554,32.88669820763404,0.10904573510999417,True
pud,equalize,397,1000,1000,True,0.053635292186220394,33.25446640678512,0.11092753501584426,True
pud,equalize,398,1000,1000,True,0.055248234427965275,32.93207913266334,0.10721506942175206,True
pud,equalize,399,1000,1000,True,0.04525557601549037,31.4122392547873,0.09753580918859531,True
pud,equalize,400,1000,1000,True,0.054414844561405995,33.33529323404851,0.10915088152768902,True
pud,equalize,401,1000,1000,True,0.053860440371733286,34.282774085537476,0.0789338830999373,True
pud,equalize,402,1000,1000,True,0.0473277983200905,32.21307559051138,0.05816313795939788,True
pud,equalize,403,1000,1000,True,0.05132070551750838,34.187283659278926,0.09980188708970722,True
pud,equalize,404,1000,1000,True,0.05813481139813129,30.517542430543124,0.12637060722482255,True
pud,equalize,405,1000,1000,True,0.048496791290064734,35.771998825897334,0.06517249192491956,True
pud,equalize,406,1000,1000,True,0.04371289043432677,32.772363829910105,0.14631163721722612,True
pud,equalize,407,1000,1000,True,0.057104517561449776,36.681926830525136,0.10921755161258154,True
pud,equalize,408,1000,1000,True,0.051373479972106666,33.90941249859691,0.10197008457458563,True
pud,equalize,409,1000,1000,True,0.04880280805521414,32.380947237534606,0.053666274440710704,True
pud,equalize,410,1000,1000,True,0.051954442293937426,34.74244113472742,0.10728701784247181,True
pud,equalize,411,1000,1000,True,0.05707915123907187,33.617521845014096,0.12741888923285016,True
pud,equalize,412,1000,1000,True,0.03941826204585953,31.20830524075282,0.10703623420178218,True
pud,equalize,413,1000,1000,True,0.05292295704810956,32.881937154005996,0.10777541291792683,True
pud,equalize,414,1000,1000,True,0.05673120072590099,34.62724128486126,0.10972808366903622,True
pud,equalize,415,1000,1000,True,0.04986644384976958,34.74039422631816,0.10763291467291804,True
pud,equalize,416,1000,1000,True,0.05066568712503416,32.2841013348676,0.10291034993360382,True
pud,equalize,417,1000,1000,True,0.05805459754658796,32.352797962463775,0.10841573162690704,True
pud,equalize,418,1000,1000,True,0.05761292293304419,32.94730300039747,0.1095681196311508,True
pud,equalize,419,1000,1000,True,0.05182209715060189,32.43056582916802,0.09786851787027051,True
pud,equalize,420,1000,1000,True,0.05588566812014121,36.11252414329411,0.1100308817481329,True
pud,equalize,421,1000,1000,True,0.05381370585893156,31.70912989976231,0.10958125459231013,True
pud,equalize,422,1000,1000,True,0.03921199111131161,30.847505425884926,0.07561447947432316,True
pud,equalize,423,1000,1000,True,0.05362912305367461,31.79221407829282,0.1270644975719413,True
pud,equalize,424,1000,1000,True,0.057962311083779604,32.55967020717501,0.10863005006800733,True
pud,equalize,425,1000,1000,True,0.05080580796972715,33.444477929846656,0.10774095820102064,True
pud,equalize,426,1000,1000,True,0.05498227660565485,33.933593915174974,0.10538237020781648,True
pud,equalize,427,1000,1000,True,0.040340793616755105,32.068422848652844,0.0707749833741057,True
pud,equalize,428,1000,1000,True,0.04923843600528873,32.66566073111028,0.07373388838448909,True
pud,equalize,429,1000,1000,True,0.05682711489820965,35.49640116969606,0.10793846841123401,True
pud,equalize,430,1000,1000,True,0.055431768758125714,32.386765059202816,0.11261468009473502,True
pud,equalize,431,1000,1000,True,0.05507066167913527,35.25673267618541,0.10429970112287469,True
pud,equalize,432,1000,1000,True,0.04237075482213565,32.965847478868184,0.06412118060726218,True
pud,equalize,433,1000,1000,True,0.045798321981228705,36.719757610855766,0.09800453504246061,True
pud,equalize,434,1000,1000,True,0.06018070627208863,32.262745930872036,0.11416122668845297,True
pud,equalize,435,1000,1000,True,0.04207661442513503,35.46377237407211,0.07472401154404498,True
pud,equalize,436,1000,1000,True,0.04752624226365581,29.74479120787369,0.07199804867040271,True
pud,equalize,437,1000,1000,True,0.055337205353146415,34.199180911244056,0.10189762715467464,True
pud,equalize,438,1000,1000,True,0.04137568767844467,32.485497318034085,0.11185090991754477,True
pud,equalize,439,1000,1000,True,0.05425978207307217,34.69909150107535,0.10640036201553563,True
pud,equalize,440,1000,1000,True,0.05028699854059917,33.79641659998882,0.06287014934778146,True
pud,equalize,441,1000,1000,True,0.04745314908438314,33.70700103835996,0.0859053053162695,True
pud,equalize,442,1000,1000,True,0.048284465717553814,32.55545269229104,0.08347506465857385,True
pud,equalize,443,1000,1000,True,0.05419410814862342,33.49908440539831,0.10822185660444743,True
pud,equalize,444,1000,1000,True,0.04790071521927954,34.33212127148569,0.12822740938862687,True
pud,equalize,445,1000,1000,True,0.042490142647703864,31.204401468382628,0.08158792500225041,True
pud,equalize,446,1000,1000,True,0.041582342822018836,32.25620620903828,0.11397713383410304,True
pud,equalize,447,1000,1000,True,0.04253167156860583,33.41934755497181,0.07493911602835404,True
pud,equalize,448,1000,1000,True,0.05260412484413446,33.16734802482707,0.11376336497254527,True
pud,equalize,449,1000,1000,True,0.04311479938403896,32.825270006505654,0.11199294510408421,True
pud,equalize,450,1000,1000,True,0.05514652871785884,34.122672448095265,0.10197467066281765,True
pud,equalize,451,1000,1000,True,0.05645991039207803,32.06898913280555,0.1079832520164557,True
pud,equalize,452,1000,1000,True,0.05468509061711856,31.763486899268475,0.10112580540355919,True
pud,equalize,453,1000,1000,True,0.05023249526200061,32.53081491447763,0.13569712052404986,True
pud,equalize,454,1000,1000,True,0.04936631029956151,34.57995280505744,0.07460940181710461,True
pud,equalize,455,1000,1000,True,0.053856581380781046,33.571472175047674,0.11839740362518592,True
pud,equalize,456,1000,1000,True,0.03980730747482254,32.860729617584575,0.06400616868419504,True
pud,equalize,457,1000,1000,True,0.04738865311912172,32.45150521932688,0.11230364427977625,True
pud,equalize,458,1000,1000,True,0.054741131532710215,33.4338451273556,0.09750530469899801,True
pud,equalize,459,1000,1000,True,0.056556667747195526,31.548599953088253,0.10995433170970753,True
pud,equalize,460,1000,1000,True,0.0479626796788431,32.141717440112004,0.06960597303020395,True
pud,equalize,461,1000,1000,True,0.04463343705904469,36.70404652078569,0.093048655797271,True
pud,equalize,462,1000,1000,True,0.051267254246981975,34.38609666711242,0.09297265693886352,True
pud,equalize,463,1000,1000,True,0.04882499739242564,33.69234000481415,0.12098026775133698,True
pud,equalize,464,1000,1000,True,0.05785895899342183,34.95247400399577,0.10882825919769185,True
pud,equalize,465,1000,1000,True,0.051516238600136294,33.68980611401615,0.10458600276953241,True
pud,equalize,466,1000,1000,True,0.05587470993102822,34.67975455507147,0.1080247885361115,True
pud,equalize,467,1000,1000,True,0.039787048888542356,34.47073539975612,0.07340440915878703,True
pud,equalize,468,1000,1000,True,0.0515022221742799,34.08622008964913,0.10238062545782677,True
pud,equalize,469,1000,1000,True,0.05101679099044709,33.81089197285395,0.08541384439781888,True
pud,equalize,470,1000,1000,True,0.04623908746803449,33.163986250147914,0.06636893144934906,True
pud,equalize,471,1000,1000,True,0.05805352574867311,33.199145636597336,0.1126600918528664,True
pud,equalize,472,1000,1000,True,0.05011319409319488,32.47841681794234,0.10760626903578838,True
pud,equalize,473,1000,1000,True,0.0494621890755772,34.40990066826697,0.07330281435656201,True
pud,equalize,474,1000,1000,True,0.05685570972554174,34.53480816509627,0.11552052407032043,True
pud,equalize,475,1000,1000,True,0.057238832540656204,32.24565086953588,0.11315574539566864,True
pud,equalize,476,1000,1000,True,0.05155559267240043,32.96225113671698,0.10239852188362202,True
pud,equalize,477,1000,1000,True,0.0456989599254907,32.79947827328965,0.10759462043094446,True
pud,equalize,478,1000,1000,True,0.0479194785004291,32.06087360007522,0.10652657409141778,True
pud,equalize,479,1000,1000,True,0.05483442079299921,35.29158221162661,0.10971815238584254,True
pud,equalize,480,1000,1000,True,0.05712278307014647,34.97525159309079,0.11062503400292426,True
pud,equalize,481,1000,1000,True,0.051808973673355276,31.875180062236513,0.10925811323943854,True
pud,equalize,482,1000,1000,True,0.05720317266518495,34.69347084106749,0.11237186447650464,True
pud,equalize,483,1000,1000,True,0.057165663526454,32.33692500841723,0.11310536494900192,True
pud,equalize,484,1000,1000,True,0.0381128927345143,32.81078749435923,0.10821213220131815,True
pud,equalize,485,1000,1000,True,0.04938607666034259,30.692027889991238,0.10896296743208189,True
pud,equalize,486,1000,1000,True,0.05714437423030231,31.323631829658577,0.1113939727296492,True
pud,equalize,487,1000,1000,True,0.04958665690697324,34.201316875231576,0.11166773852443013,True
pud,equalize,488,1000,1000,True,0.053751099902613536,32.58998801779467,0.1074478288562683,True
pud,equalize,489,1000,1000,True,0.05695219459455274,32.9835277070237,0.11260220323261666,True
pud,equalize,490,1000,1000,True,0.05366850238406274,33.454940382550376,0.11530073613419135,True
pud,equalize,491,1000,1000,True,0.051868245953295984,33.547104182030374,0.0731589711636816,True
pud,equalize,492,1000,1000,True,0.05376781817783699,34.08516885685034,0.10114416065481933,True
pud,equalize,493,1000,1000,True,0.05195774161354828,30.275394563902882,0.1065160041299075,True
pud,equalize,494,1000,1000,True,0.04346168881971488,31.498991983871484,0.08882511879189951,True
pud,equalize,495,1000,1000,True,0.0560266415904187,33.82924007423164,0.10682978037658153,True
pud,equalize,496,1000,1000,True,0.04816516850162702,34.646291345539424,0.08658569935811186,True
pud,equalize,497,1000,1000,True,0.056075565198628885,34.72120100169348,0.10069542819442827,True
pud,equalize,498,1000,1000,True,0.04867152563262639,32.82421019613419,0.10712478243779859,True
pud,equalize,499,1000,1000,True,0.045710402144342716,34.514363328909894,0.09450005944213952,True
pud,equalize,500,1000,1000,True,0.05567476543437646,32.976016724280086,0.11016485962545541,True
pud,equalize,501,1000,1000,True,0.0559763574430544,36.87052588450563,0.0999463164545823,True
pud,equalize,502,1000,1000,True,0.050877668583513405,34.471532080834464,0.10452780361413445,True
pud,equalize,503,1000,1000,True,0.05527095882006109,33.3760920270783,0.09547242831258265,True
pud,equalize,504,1000,1000,True,0.0535688952957766,32.02533020907045,0.05844219577423131,True
pud,equalize,505,1000,1000,True,0.05587883607402407,34.27904922835521,0.11061063061450409,True
pud,equalize,506,1000,1000,True,0.05223569447971165,32.9685327395685,0.1063360379314697,True
pud,equalize,507,1000,1000,True,0.04199761163109219,31.568665413666128,0.09810209849129152,True
pud,equalize,508,1000,1000,True,0.05454332970047589,34.45478608263299,0.09924980579637062,True
pud,equalize,509,1000,1000,True,0.05797525972982563,36.196484635942205,0.058359888135686794,True
pud,equalize,510,1000,1000,True,0.04686324206443813,31.619620491081164,0.065180273278741,True
pud,equalize,511,1000,1000,True,0.052482414456277576,37.19707944180564,0.08898257215965466,True
pud,equalize,512,1000,1000,True,0.04049810847587152,30.988639837850258,0.05455402917077191,True
pud,equalize,513,1000,1000,True,0.05508319073215138,32.65278363325246,0.06553474245875848,True
pud,equalize,514,1000,1000,True,0.05807865143997766,32.84291215772438,0.11831695452636981,True
pud,equalize,515,1000,1000,True,0.04836301004632301,33.01677087481451,0.06609823964335675,True
pud,equalize,516,1000,1000,True,0.05506971563615445,34.453219065857986,0.11408478058222239,True
pud,equalize,517,1000,1000,True,0.05245033394425814,32.17883677201524,0.11192684945816009,True
pud,equalize,518,1000,1000,True,0.05320690570607179,32.429522043964816,0.14270313656393538,True
pud,equalize,519,1000,1000,True,0.05473933629732466,33.3093218033631,0.09981859843031553,True
pud,equalize,520,1000,1000,True,0.049120379969978464,34.904847800842795,0.07024197946393841,True
pud,equalize,521,1000,1000,True,0.0588754324248228,29.221759289953777,0.14755438419883124,True
pud,equalize,522,1000,1000,True,0.04336771285782222,31.68571690841159,0.07356080545212533,True
pud,equalize,523,1000,1000,True,0.05233528658775284,33.454950590308755,0.06467917023067314,True
pud,equalize,524,1000,1000,True,0.04427344325640121,34.24931362815904,0.08457517293238725,True
pud,equalize,525,1000,1000,True,0.05577990146466205,31.640591002697786,0.11308286920945176,True
pud,equalize,526,1000,1000,True,0.05352621487656628,32.686108609010034,0.10164943630554263,True
pud,equalize,527,1000,1000,True,0.05785520879908036,37.09721148550118,0.10894097393758298,True
pud,equalize,528,1000,1000,True,0.04469522442520849,33.98670844609699,0.06853304150391822,True
pud,equalize,529,1000,1000,True,0.05244029997748292,33.78010959129647,0.10783137040974879,True
pud,equalize,530,1000,1000,True,0.05505415403530609,33.263401374483635,0.11044318745092876,True
pud,equalize,531,1000,1000,True,0.05306095260507508,37.18140804219227,0.10106599665076452,True
pud,equalize,532,1000,1000,True,0.05207508349477372,33.332389518304865,0.11545950655671879,True
pud,equalize,533,1000,1000,True,0.05070356843311772,31.32968809292553,0.11924051790859981,True
pud,equalize,534,1000,1000,True,0.050548056830927904,33.68449346509459,0.06506417629569314,True
pud,equalize,535,1000,1000,True,0.05594621645654395,33.00333165000164,0.0690727439053733,True
pud,equalize,536,1000,1000,True,0.04640253159334741,31.708427759824357,0.09886127891715644,True
pud,equalize,537,1000,1000,True,0.05599081053349318,32.96294876069191,0.10831239455766277,True
pud,equalize,538,1000,1000,True,0.06079534481041524,32.11019096797775,0.11555480715569613,True
pud,equalize,539,1000,1000,True,0.046452971040812,33.50553023009784,0.09314741005524522,True
pud,equalize,540,1000,1000,True,0.05670936953090373,32.88168462837633,0.11450279203022103,True
pud,equalize,541,1000,1000,True,0.04847582953785027,35.70248337300922,0.07450942437697163,True
pud,equalize,542,1000,1000,True,0.048234504324263634,33.39334602881238,0.0883079236689214,True
pud,equalize,543,1000,1000,True,0.055022617122977055,32.96005309461743,0.1092628674231592,True
pud,equalize,544,1000,1000,True,0.05202081254912889,30.74459261398661,0.09898699503058563,True
pud,equalize,545,1000,1000,True,0.043954205967372706,32.48028508187697,0.06793038466322583,True
pud,equalize,546,1000,1000,True,0.05166375619042526,34.457657479869404,0.12230898738466331,True
pud,equalize,547,1000,1000,True,0.05188662735971025,33.015868911782405,0.1108909546679101,True
pud,equalize,548,1000,1000,True,0.04169402805329131,30.92743371183584,0.10608578871791091,True
pud,equalize,549,1000,1000,True,0.05592502807716862,32.21809167222664,0.10762600482030468,True
pud,equalize,550,1000,1000,True,0.05601584321741506,34.16331927667451,0.11051360175489489,True
pud,equalize,551,1000,1000,True,0.04910985292505963,34.85079303258392,0.08113239827210038,True
pud,equalize,552,1000,1000,True,0.05039542895203155,35.02070673187507,0.1330735079515022,True
pud,equalize,553,1000,1000,True,0.04555525067648658,34.1010110700548,0.06955793304420939,True
pud,equalize,554,1000,1000,True,0.05298445963641568,31.90987251619787,0.12170363517502185,True
pud,equalize,555,1000,1000,True,0.05576268498769618,34.465070419193985,0.11449640621887237,True
pud,equalize,556,1000,1000,True,0.057638614457178015,33.91654316111829,0.11068901994237039,True
pud,equalize,557,1000,1000,True,0.055096968391427185,34.648634662855045,0.11103309260900998,True
pud,equalize,558,1000,1000,True,0.05000556882568428,31.202392151884766,0.0670837683445753,True
pud,equalize,559,1000,1000,True,0.050463647837690244,32.86725154313941,0.11726752994860476,True
pud,equalize,560,1000,1000,True,0.057693421325117566,30.784973591023267,0.09684272536845566,True
pud,equalize,561,1000,1000,True,0.04801469810972367,34.85444291621945,0.102126543991532,True
pud,equalize,562,1000,1000,True,0.05254688558977769,33.12023647258576,0.11454815958450633,True
pud,equalize,563,1000,1000,True,0.05417002952524054,32.90492631810623,0.10421355033811137,True
pud,equalize,564,1000,1000,True,0.0546803234973768,34.45611236050869,0.10136896973281005,True
pud,equalize,565,1000,1000,True,0.05852993747004103,33.423475821643684,0.11474635420120824,True
pud,equalize,566,1000,1000,True,0.055584041585803615,35.31900513887672,0.10706764390034167,True
pud,equalize,567,1000,1000,True,0.05276238839959417,33.61396489556089,0.06952029546457265,True
pud,equalize,568,1000,1000,True,0.0523097977273054,32.57446961962696,0.11093646218433012,True
pud,equalize,569,1000,1000,True,0.04204394526365638,32.954860627834556,0.08811629801182437,True
pud,equalize,570,1000,1000,True,0.053642390414510015,32.50691887890945,0.08253627410544939,True
pud,equalize,571,1000,1000,True,0.05006167060933475,35.37486269938019,0.10121268646387452,True
pud,equalize,572,1000,1000,True,0.055059741964389786,34.230607926240516,0.11419562541620204,True
pud,equalize,573,1000,1000,True,0.05646834139805165,34.27640049655156,0.11933326660457477,True
pud,equalize,574,1000,1000,True,0.05388858648254211,30.522273571934313,0.07151116290309567,True
pud,equalize,575,1000,1000,True,0.05409438025625807,33.93850778982482,0.07444975022551772,True
pud,equalize,576,1000,1000,True,0.05396276265246637,34.512595367488665,0.11030450277904948,True
pud,equalize,577,1000,1000,True,0.053860799093704004,33.873693096560935,0.09739758407022245,True
pud,equalize,578,1000,1000,True,0.054289139036127206,33.17741929385105,0.12007011891719822,True
pud,equalize,579,1000,1000,True,0.04027258817141868,32.43206436537767,0.05991114408175815,True
pud,equalize,580,1000,1000,True,0.047564749890005364,33.94859667202755,0.07201832328573674,True
pud,equalize,581,1000,1000,True,0.056666142699102626,32.87655432067053,0.11332584724731154,True
pud,equalize,582,1000,1000,True,0.053083385371217005,33.54907138804292,0.10559019256271909,True
pud,equalize,583,1000,1000,True,0.05515631546615917,34.738228380272936,0.11131342470034115,True
pud,equalize,584,1000,1000,True,0.05508878468010402,34.475354617465506,0.11365063153974428,True
pud,equalize,585,1000,1000,True,0.0511893591855491,32.46211599695867,0.06857597750931463,True
pud,equalize,586,1000,1000,True,0.058390050733762494,33.542241487414046,0.1114685312399429,True
pud,equalize,587,1000,1000,True,0.0480658383346719,30.47572220637273,0.06957603887248243,True
pud,equalize,588,1000,1000,True,0.05773098960258542,34.43851261306156,0.11473115972718867,True
pud,equalize,589,1000,1000,True,0.04606177280110099,33.933454819690844,0.09101702187835492,True
pud,equalize,590,1000,1000,True,0.04725929394518639,32.9561962459262,0.07593849037864563,True
pud,equalize,591,1000,1000,True,0.04827417068739302,34.17408490362251,0.11826070332370463,True
pud,equalize,592,1000,1000,True,0.053920636696244556,34.72505003596107,0.1080295107143654,True
pud,equalize,593,1000,1000,True,0.041266719021088076,33.56201386984994,0.061056216759133315,True
pud,equalize,594,1000,1000,True,0.05773876888277724,31.981625333931984,0.10966526848146187,True
pud,equalize,595,1000,1000,True,0.05286151369029863,34.01911251046975,0.08434780361875845,True
pud,equalize,596,1000,1000,True,0.04806867386778429,33.14815946625092,0.09352815051240779,True
pud,equalize,597,1000,1000,True,0.05677922481304558,34.483014427395986,0.1120392149160835,True
pud,equalize,598,1000,1000,True,0.05026002019129747,33.14482522204635,0.10188077697018895,True
pud,equalize,599,1000,1000,True,0.0497752665537195,32.01215837771643,0.10184415836263065,True
pud,equalize,600,1000,1000,True,0.05039776474565142,31.182304212485644,0.09553946893015886,True
pud,equalize,601,1000,1000,True,0.053207990442353484,33.385983585930184,0.10168747510186588,True
pud,equalize,602,1000,1000,True,0.05506727199021615,34.16969123360643,0.10955348149941185,True
pud,equalize,603,1000,1000,True,0.0504124702875571,32.697520150616924,0.0976830191088616,True
pud,equalize,604,1000,1000,True,0.05718533438859829,32.412618283625285,0.10738529625536195,True
pud,equalize,605,1000,1000,True,0.05733677422921825,33.8762715628506,0.11227773324535925,True
pud,equalize,606,1000,1000,True,0.05849424895230152,35.02241246687612,0.11144555001113302,True
pud,equalize,607,1000,1000,True,0.04562551673984393,32.74162169166335,0.09442142922184718,True
pud,equalize,608,1000,1000,True,0.053651457472177665,34.871694825459805,0.09927688179661597,True
pud,equalize,609,1000,1000,True,0.04930403409233141,32.7132704571096,0.10022732125486507,True
pud,equalize,610,1000,1000,True,0.05581602938047877,33.885061000387765,0.10902668775109749,True
pud,equalize,611,1000,1000,True,0.04877501763894107,32.56287725309298,0.10630127172508508,True
pud,equalize,612,1000,1000,True,0.05607374333284718,32.56898265221068,0.10660761733607066,True
pud,equalize,613,1000,1000,True,0.057227593059706844,32.92269550021687,0.10945860032535218,True
pud,equalize,614,1000,1000,True,0.049398035648453936,35.41929359826365,0.11827618599210708,True
pud,equalize,615,1000,1000,True,0.05668464965202519,32.9758847493134,0.10737207490374676,True
pud,equalize,616,1000,1000,True,0.05824318536940874,35.107738050179194,0.1095435372042088,True
pud,equalize,617,1000,1000,True,0.046427556738335464,33.33114325972033,0.065223996757991,True
pud,equalize,618,1000,1000,True,0.05332549826707762,32.918468008095395,0.09816701314156301,True
pud,equalize,619,1000,1000,True,0.05556582016285165,34.190991503611,0.11418289638628236,True
pud,equalize,620,1000,1000,True,0.051031956823974045,34.672786894047036,0.07069439620168622,True
pud,equalize,621,1000,1000,True,0.05629009517503781,33.9878494612413,0.11313945071743091,True
pud,equalize,622,1000,1000,True,0.05850759579261567,31.519179177129597,0.11493931786000584,True
pud,equalize,623,1000,1000,True,0.04139961233193577,32.8060237761299,0.10151318773415903,True
pud,equalize,624,1000,1000,True,0.05671100226391505,37.164110375468425,0.11053423524181921,True
pud,equalize,625,1000,1000,True,0.05102057198260422,33.98608721226967,0.08097398987969555,True
pud,equalize,626,1000,1000,True,0.052090698442212605,32.58431510711864,0.09945400326498727,True
pud,equalize,627,1000,1000,True,0.05796362311776475,33.33518975497215,0.11570472796767675,True
pud,equalize,628,1000,1000,True,0.05403007735751689,31.341532173778614,0.07772042250318814,True
pud,equalize,629,1000,1000,True,0.05235632427279463,32.9395258617971,0.10992324538760312,True
pud,equalize,630,1000,1000,True,0.05295581200105762,30.57555086993528,0.09715051323704997,True
pud,equalize,631,1000,1000,True,0.054467020262690125,31.090640070606458,0.0984504011240253,True
pud,equalize,632,1000,1000,True,0.055944053843941514,30.557334896878686,0.1104238545529044,True
pud,equalize,633,1000,1000,True,0.04999945555259133,34.948473371522255,0.06009537173280239,True
pud,equalize,634,1000,1000,True,0.053762577052797834,32.969603804110236,0.10656708314426433,True
pud,equalize,635,1000,1000,True,0.05623953949375062,33.38379097705951,0.1079642001707905,True
pud,equalize,636,1000,1000,True,0.05497474167490214,32.85951916872796,0.1057100384174664,True
pud,equalize,637,1000,1000,True,0.04681695245354013,35.56430501218883,0.07111283938872028,True
pud,equalize,638,1000,1000,True,0.05475692526244996,32.194246380370515,0.10194728969689783,True
pud,equalize,639,1000,1000,True,0.04618836366739576,34.34669561981181,0.09931766654975785,True
pud,equalize,640,1000,1000,True,0.04975782834370368,31.931274387346335,0.11284580105088012,True
pud,equalize,641,1000,1000,True,0.04871940318716539,31.57281514214404,0.07026086753074459,True
pud,equalize,642,1000,1000,True,0.04576644412020021,34.80847707096649,0.09809553859048853,True
pud,equalize,643,1000,1000,True,0.05104087444585498,36.127382620389206,0.10755962113528214,True
pud,equalize,644,1000,1000,True,0.057592994044093265,32.20585845774026,0.11370717807455698,True
pud,equalize,645,1000,1000,True,0.037807790365818515,32.260101425755,0.08968242942822273,True
pud,equalize,646,1000,1000,True,0.057239626263759044,32.94406265171313,0.07113642257861967,True
pud,equalize,647,1000,1000,True,0.047269837432174416,31.932337199146573,0.10214563314391062,True
pud,equalize,648,1000,1000,True,0.051202419647686355,33.970892893770106,0.10276411680982668,True
pud,equalize,649,1000,1000,True,0.055480923203441494,34.388578569054,0.12096570067891452,True
pud,equalize,650,1000,1000,True,0.04622806453462316,32.41577048289921,0.07955672795535877,True
pud,equalize,651,1000,1000,True,0.056524632454126346,32.584553257640344,0.06963506194333322,True
pud,equalize,652,1000,1000,True,0.0564829964581279,33.76470441155971,0.10046862479352066,True
pud,equalize,653,1000,1000,True,0.052623869155909386,35.13526860577559,0.12012303928847802,True
pud,equalize,654,1000,1000,True,0.03548367560678997,34.97912285921418,0.06798078068991173,True
pud,equalize,655,1000,1000,True,0.04255044355718963,33.07382395490428,0.09740266176300583,True
pud,equalize,656,1000,1000,True,0.049460591620569906,32.75751754941146,0.09668919022399991,True
pud,equalize,657,1000,1000,True,0.05437907072885057,35.82527214132504,0.10738547100383762,True
pud,equalize,658,1000,1000,True,0.05536258820575052,31.18964826669259,0.10551865495356676,True
pud,equalize,659,1000,1000,True,0.05546441301511368,31.933635543107208,0.11469822778399902,True
pud,equalize,660,1000,1000,True,0.05619721775987328,36.04673320843374,0.10082085260990234,True
pud,equalize,661,1000,1000,True,0.05361157052192335,33.06793613154592,0.10912359964737234,True
pud,equalize,662,1000,1000,True,0.04362923331895714,33.0350128045987,0.11660906461599493,True
pud,equalize,663,1000,1000,True,0.05336905169676847,35.05591577751179,0.09267226135522623,True
pud,equalize,664,1000,1000,True,0.05920436983371589,34.32765111393438,0.11359044419468425,True
pud,equalize,665,1000,1000,True,0.05110676310008198,33.81339444657989,0.08732073347050608,True
pud,equalize,666,1000,1000,True,0.057494260583122556,34.81360331824329,0.10927932496221567,True
pud,equalize,667,1000,1000,True,0.0529693960092075,32.62582374438996,0.0954187386157056,True
pud,equalize,668,1000,1000,True,0.04550484847318911,32.233061893031504,0.1085925764236257,True
pud,equalize,669,1000,1000,True,0.05295697648114638,33.99542651593005,0.07465583254731899,True
pud,equalize,670,1000,1000,True,0.03947468480863072,32.71446964265201,0.11612782229556838,True
pud,equalize,671,1000,1000,True,0.05318298716184331,31.362379947956757,0.09871604807805136,True
pud,equalize,672,1000,1000,True,0.05444121418988683,32.77615338931645,0.07855464717375156,True
pud,equalize,673,1000,1000,True,0.05451858444037882,32.39785658033568,0.097197002443237,True
pud,equalize,674,1000,1000,True,0.0522892890856858,30.610727466037133,0.11276097247532164,True
pud,equalize,675,1000,1000,True,0.056309364833047396,34.46839131726342,0.11195648184522634,True
pud,equalize,676,1000,1000,True,0.04788803299054686,34.761962890492825,0.1088065896470305,True
pud,equalize,677,1000,1000,True,0.05610051715172827,35.14443404011509,0.12455710723584971,True
pud,equalize,678,1000,1000,True,0.0519503549816173,33.6725067525422,0.1225264088439612,True
pud,equalize,679,1000,1000,True,0.052581505221494226,33.85033595106554,0.09182600562281894,True
pud,equalize,680,1000,1000,True,0.0476323575049722,33.72705666078794,0.10604563133824008,True
pud,equalize,681,1000,1000,True,0.05681071017091282,31.93855787289088,0.10749384765627575,True
pud,equalize,682,1000,1000,True,0.04773113873498381,34.53476364476815,0.08239222590080261,True
pud,equalize,683,1000,1000,True,0.05316887142763977,34.32706658017839,0.11114798499253703,True
pud,equalize,684,1000,1000,True,0.05866143810875808,34.12628775592212,0.11100687555171114,True
pud,equalize,685,1000,1000,True,0.05004120647705262,31.62708710899567,0.10524565267699854,True
pud,equalize,686,1000,1000,True,0.04828636798655842,30.77208265619992,0.10412611003069047,True
pud,equalize,687,1000,1000,True,0.045045895662639265,34.56509960928798,0.09793631024394135,True
pud,equalize,688,1000,1000,True,0.05567870683718982,33.23539244540374,0.10533183250220042,True
pud,equalize,689,1000,1000,True,0.05536740472672382,33.38177812819443,0.10568104762520332,True
pud,equalize,690,1000,1000,True,0.04012818811610464,32.70142620743015,0.07809759959005395,True
pud,equalize,691,1000,1000,True,0.04211172529601949,32.469503707325124,0.04957071890581683,True
pud,equalize,692,1000,1000,True,0.049924777984384903,33.85471947897368,0.08655410353938266,True
pud,equalize,693,1000,1000,True,0.04943630894368337,32.252047624918326,0.09236414180491272,True
pud,equalize,694,1000,1000,True,0.05522245025662732,33.97439618300817,0.10676928165990833,True
pud,equalize,695,1000,1000,True,0.054474780664038124,32.83859983312321,0.10134524235576207,True
pud,equalize,696,1000,1000,True,0.0490799687584796,32.841756332449705,0.07490922160509667,True
pud,equalize,697,1000,1000,True,0.057346144132919524,34.032484467050004,0.10674547782944735,True
pud,equalize,698,1000,1000,True,0.05282356376550989,35.14061124966383,0.10604910113646344,True
pud,equalize,699,1000,1000,True,0.04521354544113993,33.87234098789158,0.10093438462684558,True
pud,equalize,700,1000,1000,True,0.04725632624707903,31.991973930972122,0.09383404775729606,True
pud,equalize,701,1000,1000,True,0.05599724420027017,34.23644314177511,0.11055019305810906,True
pud,equalize,702,1000,1000,True,0.050474879462858786,32.57667502984305,0.09598313637892754,True
pud,equalize,703,1000,1000,True,0.05511450594382661,34.01672529800598,0.10858969723541462,True
pud,equalize,704,1000,1000,True,0.04211740791386284,33.70837686688578,0.07917801166273498,True
pud,equalize,705,1000,1000,True,0.048254853270914944,34.0478608872863,0.10294597348507674,True
pud,equalize,706,1000,1000,True,0.05305114117761194,31.09033264537387,0.12166178529020524,True
pud,equalize,707,1000,1000,True,0.04509052485942879,33.8123078035203,0.05844519539019038,True
pud,equalize,708,1000,1000,True,0.057083554744096154,32.945876449109676,0.10516676879727388,True
pud,equalize,709,1000,1000,True,0.054809153736701074,33.89101940042524,0.10760398301407727,True
pud,equalize,710,1000,1000,True,0.05325162259163541,33.603933921491986,0.09910581949002854,True
pud,equalize,711,1000,1000,True,0.044508614785493575,34.45009188666991,0.11405235748073593,True
pud,equalize,712,1000,1000,True,0.0488458143574955,33.17406780905833,0.10083788235836035,True
pud,equalize,713,1000,1000,True,0.05583814241312249,33.83803800458886,0.10966541201578825,True
pud,equalize,714,1000,1000,True,0.04611817348861429,30.79242398707838,0.10352826953345928,True
pud,equalize,715,1000,1000,True,0.05306934201333568,34.10192474040138,0.13792392562300154,True
pud,equalize,716,1000,1000,True,0.04843392342430669,34.318173086573246,0.08087864327665002,True
pud,equalize,717,1000,1000,True,0.05584270236483374,33.701106791914114,0.10606263639711287,True
pud,equalize,718,1000,1000,True,0.05658040929552722,33.45672905410808,0.11974336704225953,True
pud,equalize,719,1000,1000,True,0.052734788339715254,31.234304474407622,0.11076562955790044,True
pud,equalize,720,1000,1000,True,0.05489680442250231,32.6816293351479,0.06974065183605985,True
pud,equalize,721,1000,1000,True,0.049469836176785804,33.36306087576498,0.10415349487092193,True
pud,equalize,722,1000,1000,True,0.04329550485605568,34.27900062720616,0.11035153201149475,True
pud,equalize,723,1000,1000,True,0.05189691110958387,32.83765978263372,0.09960987543386758,True
pud,equalize,724,1000,1000,True,0.050811963935793174,31.59482031915991,0.10045716733581433,True
pud,equalize,725,1000,1000,True,0.048575987310706066,33.570981978488504,0.07504148564561629,True
pud,equalize,726,1000,1000,True,0.057807816977496256,31.58679722605633,0.1136433227902758,True
pud,equalize,727,1000,1000,True,0.05664243381637105,30.71232449685305,0.12162834251811419,True
pud,equalize,728,1000,1000,True,0.046177263124070375,33.371740799664614,0.09843898655550083,True
pud,equalize,729,1000,1000,True,0.05346488867460265,34.13320817034344,0.088481566051151,True
pud,equalize,730,1000,1000,True,0.0460980691060769,32.948317771928814,0.08492682107715797,True
pud,equalize,731,1000,1000,True,0.055453323715635945,33.024068177618574,0.07414172614362007,True
pud,equalize,732,1000,1000,True,0.05301236636535216,33.832960127662496,0.122725557522204,True
pud,equalize,733,1000,1000,True,0.05742440656320101,34.39683584285043,0.11061028461100891,True
pud,equalize,734,1000,1000,True,0.04667772223541354,33.809131296145424,0.08286159738375586,True
pud,equalize,735,1000,1000,True,0.0499065187854648,31.07471279030588,0.06566497835769117,True
pud,equalize,736,1000,1000,True,0.05576404324041181,34.209629696914284,0.11395958510382984,True
pud,equalize,737,1000,1000,True,0.053352763821637283,34.1568135369797,0.11490375790306823,True
pud,equalize,738,1000,1000,True,0.044684793171063705,31.054140963807065,0.08245627647950275,True
pud,equalize,739,1000,1000,True,0.044152658854825694,32.49420796080434,0.10223700134708787,True
pud,equalize,740,1000,1000,True,0.05188279169507048,33.51427980727021,0.09550342182480644,True
pud,equalize,741,1000,1000,True,0.05734502895351098,33.33573644004284,0.11062981090885221,True
pud,equalize,742,1000,1000,True,0.056385056246325,31.960499229517676,0.10923249584326154,True
pud,equalize,743,1000,1000,True,0.05762907252420431,35.67725548581336,0.11329491233278671,True
pud,equalize,744,1000,1000,True,0.04618511330892266,32.04709470451261,0.10507821895505001,True
pud,equalize,745,1000,1000,True,0.05583814241312249,33.30011974452945,0.10838635967206833,True
pud,equalize,746,1000,1000,True,0.04623290474847413,33.21874266133503,0.10435359583149477,True
pud,equalize,747,1000,1000,True,0.046770973376842225,32.66128826301865,0.09900879060610704,True
pud,equalize,748,1000,1000,True,0.05029871755476795,33.963149147274315,0.06032075170635519,True
pud,equalize,749,1000,1000,True,0.04804087637074428,33.699633885251636,0.11065237245926632,True
pud,equalize,750,1000,1000,True,0.056470115553425994,32.062673609666426,0.11178382521745672,True
pud,equalize,751,1000,1000,True,0.05576064256497821,34.49008993899552,0.07587679340732434,True
pud,equalize,752,1000,1000,True,0.053022035950124516,34.8464190986678,0.10344820377463076,True
pud,equalize,753,1000,1000,True,0.04159199828077096,30.61779507084075,0.08517498038714548,True
pud,equalize,754,1000,1000,True,0.05891886448831641,34.04163327456543,0.11097482697541015,True
pud,equalize,755,1000,1000,True,0.052389838568038985,32.21979874238819,0.100433231920884,True
pud,equalize,756,1000,1000,True,0.05325582794283216,36.01112583633008,0.10098219803998948,True
pud,equalize,757,1000,1000,True,0.04878578901561953,32.29787881579841,0.1213350406880281,True
pud,equalize,758,1000,1000,True,0.043556087014898194,28.996270087719903,0.05646849881150278,True
pud,equalize,759,1000,1000,True,0.05460567509963063,35.559564550202246,0.12093617896525444,True
pud,equalize,760,1000,1000,True,0.05618117847477761,35.13977482853298,0.1052943616372339,True
pud,equalize,761,1000,1000,True,0.05495590937568627,31.610167209301505,0.10800603321054128,True
pud,equalize,762,1000,1000,True,0.047344490077946146,35.30675899880928,0.10648711740318406,True
pud,equalize,763,1000,1000,True,0.036486085627872505,31.627316294621014,0.12753463049426475,True
pud,equalize,764,1000,1000,True,0.057222973026358114,33.09906192024179,0.1129197245725071,True
pud,equalize,765,1000,1000,True,0.052583421083450876,34.88069328439445,0.09548118811551633,True
pud,equalize,766,1000,1000,True,0.041714585778438056,31.42815775701783,0.12936981348821414,True
pud,equalize,767,1000,1000,True,0.0549421592604216,30.562323210122624,0.12197621909491767,True
pud,equalize,768,1000,1000,True,0.055175337799007344,32.80192823600466,0.10920001808890549,True
pud,equalize,769,1000,1000,True,0.04890133174989798,31.705293422392415,0.06933048427194718,True
pud,equalize,770,1000,1000,True,0.04892280515462631,34.40797545628048,0.10757492708931578,True
pud,equalize,771,1000,1000,True,0.05508444583400569,34.16349742049253,0.10747864502217391,True
pud,equalize,772,1000,1000,True,0.055977768955934204,33.813248867862434,0.11728096000735548,True
pud,equalize,773,1000,1000,True,0.054027518137051075,34.25221626406093,0.07079336563043144,True
pud,equalize,774,1000,1000,True,0.04350665622410518,31.57572293709203,0.10982818455868598,True
pud,equalize,775,1000,1000,True,0.046352913528629386,32.738126381941896,0.1132345926073961,True
pud,equalize,776,1000,1000,True,0.04145055659427638,32.853985679061836,0.12433100186474554,True
pud,equalize,777,1000,1000,True,0.048944332198130845,34.25035118068135,0.10178516166810597,True
pud,equalize,778,1000,1000,True,0.051250746456473,37.33385636389576,0.08591669163343388,True
pud,equalize,779,1000,1000,True,0.051809707608411915,34.22700799076659,0.09700049064404358,True
pud,equalize,780,1000,1000,True,0.055263185120201216,35.16642574956972,0.10590796785096478,True
pud,equalize,781,1000,1000,True,0.05430580875189625,34.23994415883297,0.10360371793700442,True
pud,equalize,782,1000,1000,True,0.05031228895362531,34.97735244411732,0.09923927376190397,True
pud,equalize,783,1000,1000,True,0.04583976385865533,32.72100878640511,0.08486661647899363,True
pud,equalize,784,1000,1000,True,0.048821457284251815,33.1402280619793,0.12589845800642302,True
pud,equalize,785,1000,1000,True,0.05569234714809744,33.33900536908683,0.11006696895218378,True
pud,equalize,786,1000,1000,True,0.046066961461242534,32.98071738152462,0.1107961290940357,True
pud,equalize,787,1000,1000,True,0.04892877161096552,32.34850747716191,0.10724358796913606,True
pud,equalize,788,1000,1000,True,0.05571481173721742,30.48793976312601,0.09851601048046786,True
pud,equalize,789,1000,1000,True,0.05716167238739133,32.34133553210195,0.11049512809772807,True
pud,equalize,790,1000,1000,True,0.04764251654474236,34.90452113981797,0.09364513987507425,True
pud,equalize,791,1000,1000,True,0.05745147066421783,33.06605655351118,0.0969710094134668,True
pud,equalize,792,1000,1000,True,0.05398324385662602,35.35771869054903,0.11488888405329885,True
pud,equalize,793,1000,1000,True,0.050464782977712834,34.87243817114026,0.12328569600527943,True
pud,equalize,794,1000,1000,True,0.051269879011239736,33.05252056954205,0.07376070418238617,True
pud,equalize,795,1000,1000,True,0.052966365987538976,30.835358778519183,0.09511912673907881,True
pud,equalize,796,1000,1000,True,0.049364509668534284,32.81453336556837,0.08782232062522602,True
pud,equalize,797,1000,1000,True,0.053627908709855475,33.37272657425522,0.10757437335382965,True
pud,equalize,798,1000,1000,True,0.054668011501073296,32.789896248692216,0.09920473343446104,True
pud,equalize,799,1000,1000,True,0.054625520874992096,31.543492498453627,0.10246583290824433,True
pud,equalize,800,1000,1000,True,0.05530026231715072,32.14060358798509,0.11891723649581867,True
pud,equalize,801,1000,1000,True,0.04828410647688953,35.26917508249945,0.08338581384514565,True
pud,equalize,802,1000,1000,True,0.05457482800570105,31.734246485461096,0.11403390821252345,True
pud,equalize,803,1000,1000,True,0.05343390401950275,33.596533094948946,0.10587637561599966,True
pud,equalize,804,1000,1000,True,0.053412441330544784,33.80612901531319,0.10711128400170464,True
pud,equalize,805,1000,1000,True,0.04957685640859074,32.90073541731249,0.07060678018014564,True
pud,equalize,806,1000,1000,True,0.05494146717020592,33.756139811892,0.10037213166419659,True
pud,equalize,807,1000,1000,True,0.052220330935019585,35.01764947851297,0.10501017234676027,True
pud,equalize,808,1000,1000,True,0.05372767983308896,35.36508509815861,0.11512263992031378,True
pud,equalize,809,1000,1000,True,0.05722701598043262,33.11238825575709,0.10344049640395339,True
pud,equalize,810,1000,1000,True,0.04428910492225842,35.758684525580634,0.07100414176756274,True
pud,equalize,811,1000,1000,True,0.04808826760740588,34.30368899987288,0.09606577993267985,True
pud,equalize,812,1000,1000,True,0.05532454637951192,34.713164289646656,0.10987669632393271,True
pud,equalize,813,1000,1000,True,0.049265273372770674,31.420458924083206,0.11368180359730314,True
pud,equalize,814,1000,1000,True,0.04703972447849101,30.020391136692407,0.0810728973909162,True
pud,equalize,815,1000,1000,True,0.04290879071924137,32.722168082203844,0.06496186060553787,True
pud,equalize,816,1000,1000,True,0.04647450382922705,33.24310020139518,0.07713149826556825,True
pud,equalize,817,1000,1000,True,0.03768885613206124,31.805142210026357,0.08413836634590682,True
pud,equalize,818,1000,1000,True,0.05193990354483645,35.536107609022125,0.10347547630975595,True
pud,equalize,819,1000,1000,True,0.05506536519850245,32.089111860567286,0.10417619867498704,True
pud,equalize,820,1000,1000,True,0.044520211806091614,32.66023214859319,0.11561976367856155,True
pud,equalize,821,1000,1000,True,0.042701629193772794,33.41773946573885,0.10206284919198164,True
pud,equalize,822,1000,1000,True,0.054419495417373,32.16634624883591,0.07350020072199014,True
pud,equalize,823,1000,1000,True,0.049693162209406345,30.299467833610546,0.11322865536189029,True
pud,equalize,824,1000,1000,True,0.055076830736259845,32.52478917687246,0.10273326363349956,True
pud,equalize,825,1000,1000,True,0.046189790972935324,34.3814363283444,0.0897202614164826,True
pud,equalize,826,1000,1000,True,0.044213811316274367,31.31876651466338,0.06718922606166432,True
pud,equalize,827,1000,1000,True,0.04412755920602772,31.773062553049556,0.10756488481118939,True
pud,equalize,828,1000,1000,True,0.05519871062190663,33.48854132386181,0.1049758108527747,True
pud,equalize,829,1000,1000,True,0.047702823634624074,30.979313807765337,0.06950818319352188,True
pud,equalize,830,1000,1000,True,0.05446129444470259,33.91254346108531,0.10089673917084062,True
pud,equalize,831,1000,1000,True,0.03808203620450832,36.14924901018,0.05564989212772259,True
pud,equalize,832,1000,1000,True,0.056198659972601206,32.22722003214053,0.07717195726204125,True
pud,equalize,833,1000,1000,True,0.05697867914003632,32.34603405365177,0.1400198288426886,True
pud,equalize,834,1000,1000,True,0.05687369588791129,32.316242603372075,0.11146774709293854,True
pud,equalize,835,1000,1000,True,0.05419897498005741,33.55854643753212,0.11859202604718122,True
pud,equalize,836,1000,1000,True,0.05360447742493159,31.61588396676582,0.09997352180316744,True
pud,equalize,837,1000,1000,True,0.05406262486605148,34.94754009941187,0.09351216729441557,True
pud,equalize,838,1000,1000,True,0.05490439614502087,32.64958339703587,0.09475407480081278,True
pud,equalize,839,1000,1000,True,0.056370988948764494,31.346650474971007,0.1085245855970542,True
pud,equalize,840,1000,1000,True,0.041931861247198665,32.16373285239137,0.062218650691148555,True
pud,equalize,841,1000,1000,True,0.05335285638042838,34.64080066915313,0.11100350344821454,True
pud,equalize,842,1000,1000,True,0.045155258911974,33.999810823003116,0.08628935244674753,True
pud,equalize,843,1000,1000,True,0.04564535323124292,32.869016170247626,0.08040994963311443,True
pud,equalize,844,1000,1000,True,0.05610883493733131,31.622696769883493,0.1101882810645062,True
pud,equalize,845,1000,1000,True,0.04256606194645718,34.16430697379943,0.10485479613067272,True
pud,equalize,846,1000,1000,True,0.05683349625261758,32.367664790651794,0.1087176153001123,True
pud,equalize,847,1000,1000,True,0.05019889330342741,34.615948000885375,0.10600040996892535,True
pud,equalize,848,1000,1000,True,0.0457514433422732,30.774970203072495,0.0900103087374571,True
pud,equalize,849,1000,1000,True,0.05335177458952844,32.716666685345565,0.10282097050363143,True
pud,equalize,850,1000,1000,True,0.056934057589286984,34.12745545744657,0.10777238875415993,True
pud,equalize,851,1000,1000,True,0.04872823984123264,32.94783052038479,0.12196007239772884,True
pud,equalize,852,1000,1000,True,0.047165418122462,33.76769574608253,0.09736776407765294,True
pud,equalize,853,1000,1000,True,0.05415612433020975,33.657090545678486,0.11048703851136724,True
pud,equalize,854,1000,1000,True,0.046024706194031414,32.51361259534228,0.055285566173826,True
pud,equalize,855,1000,1000,True,0.05366972501062447,32.71097049920714,0.09495024753086662,True
pud,equalize,856,1000,1000,True,0.05001298473371999,34.77047872836956,0.12851577411948645,True
pud,equalize,857,1000,1000,True,0.054288837722266337,32.80203505881914,0.10129372946846034,True
pud,equalize,858,1000,1000,True,0.034737186108915505,33.47770862827981,0.16313137022233734,True
pud,equalize,859,1000,1000,True,0.05527157530808252,31.46235846213694,0.10596527208896739,True
pud,equalize,860,1000,1000,True,0.05703046510959983,32.17142084210767,0.11341440237759341,True
pud,equalize,861,1000,1000,True,0.05224401909179842,33.35385997152354,0.1031349535413446,True
pud,equalize,862,1000,1000,True,0.056707501626687286,33.26611795806659,0.11006171108479815,True
pud,equalize,863,1000,1000,True,0.048177777777777785,33.818219941327484,0.09346524804756362,True
pud,equalize,864,1000,1000,True,0.042313467196305715,32.96729856994655,0.09492614348033625,True
pud,equalize,865,1000,1000,True,0.05008851301249089,33.83855184549126,0.1351744296076484,True
pud,equalize,866,1000,1000,True,0.05068815212090591,35.35720541841507,0.10135991305890432,True
pud,equalize,867,1000,1000,True,0.04288194388214125,32.60468377396107,0.08765493443534253,True
pud,equalize,868,1000,1000,True,0.05088266701411332,31.75270027887392,0.0987468636789025,True
pud,equalize,869,1000,1000,True,0.0510929387984458,32.133780838861774,0.0769627134348787,True
pud,equalize,870,1000,1000,True,0.05761557466904625,36.40218625302607,0.07912142254897116,True
pud,equalize,871,1000,1000,True,0.04068249691889076,31.05411777848471,0.09227344695168636,True
pud,equalize,872,1000,1000,True,0.044490193121075765,33.156106888475314,0.08529824220613688,True
pud,equalize,873,1000,1000,True,0.04640284021745773,33.584172403082974,0.08502757069196895,True
pud,equalize,874,1000,1000,True,0.05171039845758274,33.90682904666846,0.08370514903701351,True
pud,equalize,875,1000,1000,True,0.054351438701187006,33.74098990841851,0.1090779939558484,True
pud,equalize,876,1000,1000,True,0.057469982502945736,31.649732368536704,0.13545670530595996,True
pud,equalize,877,1000,1000,True,0.058915414361461596,32.69824116064961,0.11154749638883557,True
pud,equalize,878,1000,1000,True,0.059788696854881675,33.5380207972981,0.10957380904956088,True
pud,equalize,879,1000,1000,True,0.04824193017656419,33.85643194431451,0.08161568401075378,True
pud,equalize,880,1000,1000,True,0.05027582071083622,33.56719654662867,0.08676189568704615,True
pud,equalize,881,1000,1000,True,0.054656728997364616,31.86868367221966,0.1082839425871732,True
pud,equalize,882,1000,1000,True,0.049607544975724394,35.17527982831125,0.09752391286370186,True
pud,equalize,883,1000,1000,True,0.04836786888773105,32.11391499023438,0.08628759263054746,True
pud,equalize,884,1000,1000,True,0.05208851796417041,33.79051056139875,0.08440413584741063,True
pud,equalize,885,1000,1000,True,0.048820881992427366,34.865417120694254,0.11077972749872315,True
pud,equalize,886,1000,1000,True,0.046318654749223635,33.31815059393303,0.07666215767739053,True
pud,equalize,887,1000,1000,True,0.05667159455697034,34.33957483720496,0.1169588637191262,True
pud,equalize,888,1000,1000,True,0.05275914992903665,33.876259755173685,0.09486401898910583,True
pud,equalize,889,1000,1000,True,0.05075298568119472,32.186765913959114,0.14140291744418995,True
pud,equalize,890,1000,1000,True,0.04633073667117573,31.777142162252414,0.09796856134671816,True
pud,equalize,891,1000,1000,True,0.046643802599998806,31.934852293380033,0.11801573236827265,True
pud,equalize,892,1000,1000,True,0.057063443141908955,33.230825388485314,0.11246835000606357,True
pud,equalize,893,1000,1000,True,0.05644999863311789,34.53442211764951,0.11068024013145054,True
pud,equalize,894,1000,1000,True,0.05695559890751374,34.13120074067128,0.1095097019209477,True
pud,equalize,895,1000,1000,True,0.05543489006967577,35.12127081983224,0.10739252106290695,True
pud,equalize,896,1000,1000,True,0.04586816858006093,35.26170034187234,0.11048206323334253,True
pud,equalize,897,1000,1000,True,0.0511607440172156,37.53112467006551,0.13378536292634308,True
pud,equalize,898,1000,1000,True,0.05269149789688355,33.893370384191655,0.09895712003154837,True
pud,equalize,899,1000,1000,True,0.048955888433830703,33.79403799488898,0.09635159637212448,True
pud,equalize,900,1000,1000,True,0.0524421798004452,34.86025100311242,0.10490319523432244,True
pud,equalize,901,1000,1000,True,0.03995583827609776,36.376274122015296,0.08110789567447019,True
pud,equalize,902,1000,1000,True,0.058143898759568595,32.72974280375573,0.11221508448147774,True
pud,equalize,903,1000,1000,True,0.04413956401133921,33.53822176263971,0.07228364909110445,True
pud,equalize,904,1000,1000,True,0.053738313113609146,33.93827567806001,0.10772768079688963,True
pud,equalize,905,1000,1000,True,0.056287313001583864,33.73846053097266,0.10954680830529269,True
pud,equalize,906,1000,1000,True,0.056879729080287586,31.31768942626515,0.10863460956371929,True
pud,equalize,907,1000,1000,True,0.05527096440422258,37.11824349292407,0.10756739833790341,True
pud,equalize,908,1000,1000,True,0.05513667753752073,32.68982220814301,0.108664119488438,True
pud,equalize,909,1000,1000,True,0.058187011193263215,30.62145938716834,0.11265894998776475,True
pud,equalize,910,1000,1000,True,0.04789832853600646,30.464635234973684,0.11428491794255183,True
pud,equalize,911,1000,1000,True,0.05533658959628925,33.020429797323956,0.10683782564080159,True
pud,equalize,912,1000,1000,True,0.05291616360215818,32.66764624211545,0.10138115586948147,True
pud,equalize,913,1000,1000,True,0.050082291540283236,31.273545993379134,0.06735280154932836,True
pud,equalize,914,1000,1000,True,0.04176628683578877,32.01306481735231,0.05949374798567254,True
pud,equalize,915,1000,1000,True,0.04336718763031519,31.1713579909506,0.08894712259136858,True
pud,equalize,916,1000,1000,True,0.05361563711465039,34.080676504435765,0.10741576717147738,True
pud,equalize,917,1000,1000,True,0.0546359794175375,34.12354774931821,0.10854016665630184,True
pud,equalize,918,1000,1000,True,0.05063400384799737,32.76547426789364,0.10146889020292055,True
pud,equalize,919,1000,1000,True,0.05820999023331789,34.68082223650414,0.07338205452238256,True
pud,equalize,920,1000,1000,True,0.04251938555703914,33.42713981183553,0.1454995273845788,True
pud,equalize,921,1000,1000,True,0.049831269621581645,33.775346615541935,0.12587199013773703,True
pud,equalize,922,1000,1000,True,0.04917879197628703,32.05089376288905,0.11790334972571055,True
pud,equalize,923,1000,1000,True,0.04339215950114537,32.528983015151276,0.10351314761128201,True
pud,equalize,924,1000,1000,True,0.034389833051120665,31.98896528492286,0.13895113227496142,True
pud,equalize,925,1000,1000,True,0.05455871907551069,33.05872276722136,0.10505880540246303,True
pud,equalize,926,1000,1000,True,0.03885681057929308,33.25058098740532,0.052043162286132656,True
pud,equalize,927,1000,1000,True,0.03979509864974844,33.03483367598511,0.06124931443304912,True
pud,equalize,928,1000,1000,True,0.05662708421477012,32.329910299906494,0.10757271672090489,True
pud,equalize,929,1000,1000,True,0.04722207973834714,34.34315615956111,0.08423538375613428,True
pud,equalize,930,1000,1000,True,0.03864717101109076,32.04535510803399,0.10672047196204891,True
pud,equalize,931,1000,1000,True,0.054592351248273004,32.778627182967874,0.09938949381841866,True
pud,equalize,932,1000,1000,True,0.04553627640832968,34.80304492425914,0.09542769158366797,True
pud,equalize,933,1000,1000,True,0.03796527978476918,34.335296693053344,0.06836809504259342,True
pud,equalize,934,1000,1000,True,0.047945925044732024,33.33035611870956,0.08742987030884938,True
pud,equalize,935,1000,1000,True,0.04852337606444298,33.39954752687527,0.08119400254564814,True
pud,equalize,936,1000,1000,True,0.05596199768758425,34.15084186370813,0.10821161481212131,True
pud,equalize,937,1000,1000,True,0.05332768025595602,35.966241379938495,0.1277710679397693,True
pud,equalize,938,1000,1000,True,0.05480051815561106,33.09195937081998,0.1057769747868681,True
pud,equalize,939,1000,1000,True,0.05317193054169524,33.54595914562587,0.09245097199176557,True
pud,equalize,940,1000,1000,True,0.05796976649220258,33.16297620841652,0.11108888666622212,True
pud,equalize,941,1000,1000,True,0.047728263748997066,32.88500180933551,0.10586816341417923,True
pud,equalize,942,1000,1000,True,0.050487773853102054,33.59572806176404,0.10663133616274276,True
pud,equalize,943,1000,1000,True,0.048429955784451736,32.40990464348823,0.11554421685823447,True
pud,equalize,944,1000,1000,True,0.05289709436814647,32.80303021063755,0.10463391738182543,True
pud,equalize,945,1000,1000,True,0.047996784871746266,35.44396466254869,0.11995678234109829,True
pud,equalize,946,1000,1000,True,0.05297032828869711,35.57054489321185,0.11208739480456344,True
pud,equalize,947,1000,1000,True,0.05452189389208932,30.58629758568369,0.10777640090758549,True
pud,equalize,948,1000,1000,True,0.05919000478684443,35.126218754656755,0.11985155427331093,True
pud,equalize,949,1000,1000,True,0.05873951285438424,32.93250892355454,0.11443343582435993,True
pud,equalize,950,1000,1000,True,0.03960532293692695,29.875148468250327,0.11639804843300572,True
pud,equalize,951,1000,1000,True,0.05367151576896512,32.19145089926827,0.10491393239163492,True
pud,equalize,952,1000,1000,True,0.0551588491719625,30.221967573273584,0.10037396187369621,True
pud,equalize,953,1000,1000,True,0.051276423480370315,34.603312543743556,0.06550516990246355,True
pud,equalize,954,1000,1000,True,0.043031375288959325,31.276906240867238,0.09877018531000556,True
pud,equalize,955,1000,1000,True,0.05785873708257141,34.158022425193174,0.11183271236787364,True
pud,equalize,956,1000,1000,True,0.04828831108720123,33.281187944543085,0.10417340185633273,True
pud,equalize,957,1000,1000,True,0.054820667230120024,33.90173889345501,0.10472524840897246,True
pud,equalize,958,1000,1000,True,0.05161624660492321,35.46061475778445,0.0720842708138567,True
pud,equalize,959,1000,1000,True,0.051025411243738085,34.1802717221499,0.10724219503097523,True
pud,equalize,960,1000,1000,True,0.05040144888178033,32.762609160443866,0.09809590671164749,True
pud,equalize,961,1000,1000,True,0.05197669824540443,34.46223984305141,0.11368436920909196,True
pud,equalize,962,1000,1000,True,0.05053891179020648,33.84758608822792,0.10991371700195196,True
pud,equalize,963,1000,1000,True,0.04975870666414963,32.82608960872434,0.10835246041974472,True
pud,equalize,964,1000,1000,True,0.05449905537747455,34.12712233693313,0.10721345444865964,True
pud,equalize,965,1000,1000,True,0.04981047413278992,34.504996377336425,0.11992269886766102,True
pud,equalize,966,1000,1000,True,0.06113368370996972,36.021890997003474,0.1237402571298763,True
pud,equalize,967,1000,1000,True,0.05123388033154585,34.6424966767697,0.08509374931708855,True
pud,equalize,968,1000,1000,True,0.05564832698560035,35.68673466429788,0.10240989957452454,True
pud,equalize,969,1000,1000,True,0.05847974852591554,36.34080845275735,0.11053678009190615,True
pud,equalize,970,1000,1000,True,0.048006151869150596,34.163661630451735,0.06806929566512114,True
pud,equalize,971,1000,1000,True,0.043731046688187614,29.697942672851934,0.07599576336469499,True
pud,equalize,972,1000,1000,True,0.05175778226210391,33.5110368535502,0.11462842547084875,True
pud,equalize,973,1000,1000,True,0.046364619067070616,32.41029884157195,0.0660638523898856,True
pud,equalize,974,1000,1000,True,0.05437626570117644,34.751586956569334,0.108062482497196,True
pud,equalize,975,1000,1000,True,0.05165543964041391,33.71121896342522,0.10213605970154725,True
pud,equalize,976,1000,1000,True,0.0502118179980238,33.54374332122162,0.07461154049682021,True
pud,equalize,977,1000,1000,True,0.054110859000097156,31.593745203758292,0.10662431971907514,True
pud,equalize,978,1000,1000,True,0.05564763924090958,32.54847363548711,0.1064165905333409,True
pud,equalize,979,1000,1000,True,0.05767957359305409,32.21683758533727,0.10672010466983596,True
pud,equalize,980,1000,1000,True,0.05246562543086523,33.720770809695324,0.10203963161317806,True
pud,equalize,981,1000,1000,True,0.04443255257573058,32.25456208042515,0.06525201950424765,True
pud,equalize,982,1000,1000,True,0.05160916274279544,33.535843272534535,0.07460415372542216,True
pud,equalize,983,1000,1000,True,0.045995034621973525,34.4347376786872,0.09963509719266897,True
pud,equalize,984,1000,1000,True,0.057374214537779605,33.989298889503445,0.1119629656583477,True
pud,equalize,985,1000,1000,True,0.05099547789198665,33.765824379096685,0.10726883212601418,True
pud,equalize,986,1000,1000,True,0.050433526718681405,34.77902929927746,0.19700842997567763,True
pud,equalize,987,1000,1000,True,0.0508636024027272,33.28147158705576,0.07656738741014228,True
pud,equalize,988,1000,1000,True,0.04764451570268303,32.34248844786066,0.09580082153826976,True
pud,equalize,989,1000,1000,True,0.04700164956390781,34.26890549754982,0.09719089272987273,True
pud,equalize,990,1000,1000,True,0.05458164006420809,33.31450781566493,0.10516600633707114,True
pud,equalize,991,1000,1000,True,0.055981637200993896,31.32854570515523,0.10780292032050723,True
pud,equalize,992,1000,1000,True,0.040559518832220316,36.17909616062845,0.06858628520716455,True
pud,equalize,993,1000,1000,True,0.04626698687048979,33.64373053036776,0.10310304027321526,True
pud,equalize,994,1000,1000,True,0.050417994778956296,33.51713018741312,0.10353828599444105,True
pud,equalize,995,1000,1000,True,0.0548122496897307,35.32056679896289,0.08618404366653987,True
pud,equalize,996,1000,1000,True,0.055181826271131,32.73553445416769,0.11646405634251748,True
pud,equalize,997,1000,1000,True,0.0523862377083387,33.240372500921225,0.07310908474057748,True
pud,equalize,998,1000,1000,True,0.05243093517154698,35.43103024186568,0.09709787857976794,True
pud,equalize,999,1000,1000,True,0.050494237539459474,35.713705478429425,0.10297148052965509,True
tobacco,equalize,0,1000,1000,True,0.015836981275931236,45.810640674411005,0.02169661205858426,True
tobacco,equalize,1,1000,1000,True,0.015334762179283186,46.96752307712213,0.019270211207404287,True
tobacco,equalize,2,1000,1000,True,0.01619376238428744,45.343828411372584,0.02028507100785581,True
tobacco,equalize,3,1000,1000,True,0.015207871871692584,48.026759041184526,0.019292891393915643,True
tobacco,equalize,4,1000,1000,True,0.017021604645988026,43.42801174357398,0.022369736692024383,True
tobacco,equalize,5,1000,1000,True,0.015413521511795144,47.39938818170547,0.019927957494453457,True
tobacco,equalize,6,1000,1000,True,0.016802961625924945,46.504161362183495,0.02313334473244358,True
tobacco,equalize,7,1000,1000,True,0.015433883596619746,45.89558828471425,0.01873474763077123,True
tobacco,equalize,8,1000,1000,True,0.015475959486081079,46.95437802803909,0.01919242105606958,True
tobacco,equalize,9,1000,1000,True,0.01633400340239892,46.43930205117212,0.019729937531082656,True
tobacco,equalize,10,1000,1000,True,0.0164557808319229,45.909169356458634,0.019437275762929904,True
tobacco,equalize,11,1000,1000,True,0.016093543896439036,43.49121010043294,0.02163324898659966,True
tobacco,equalize,12,1000,1000,True,0.013794175693188821,45.86246568818559,0.017191846085985275,True
tobacco,equalize,13,1000,1000,True,0.014523417587099205,42.36926715202896,0.02457085385397254,True
tobacco,equalize,14,1000,1000,True,0.014636949779479222,44.49453984479444,0.019725582322390387,True
tobacco,equalize,15,1000,1000,True,0.017073983802313706,46.756339024778235,0.021940518906693986,True
tobacco,equalize,16,1000,1000,True,0.016477552248205324,44.40708951282441,0.022360265064755348,True
tobacco,equalize,17,1000,1000,True,0.012424159121980508,44.61058250011986,0.015887072897799476,True
tobacco,equalize,18,1000,1000,True,0.015905630091809432,44.863957371145936,0.020702331345765546,True
tobacco,equalize,19,1000,1000,True,0.015572545476038839,44.99574931035153,0.01953253054583742,True
tobacco,equalize,20,1000,1000,True,0.0157565100623126,44.41487767629221,0.020387007359699016,True
tobacco,equalize,21,1000,1000,True,0.014935224096438535,43.487652270500874,0.01963997472443991,True
tobacco,equalize,22,1000,1000,True,0.016121947601888422,45.48213907678486,0.02133255204720105,True
tobacco,equalize,23,1000,1000,True,0.01150349338371671,42.72947081347954,0.01226997181849344,True
tobacco,equalize,24,1000,1000,True,0.013988053937183602,46.74355646503591,0.0180459427732138,True
tobacco,equalize,25,1000,1000,True,0.015757473938989082,46.59242582222995,0.02138943953696346,True
tobacco,equalize,26,1000,1000,True,0.015441426437064488,47.80545691654876,0.019918580455037,True
tobacco,equalize,27,1000,1000,True,0.016531954752873435,44.9457406213314,0.020871526880692878,True
tobacco,equalize,28,1000,1000,True,0.014608234323536999,45.8939316141034,0.01913503069117499,True
tobacco,equalize,29,1000,1000,True,0.014502177174562767,44.14563371387934,0.018815883598835795,True
tobacco,equalize,30,1000,1000,True,0.017255456911182705,44.84539966373362,0.02263496099034091,True
tobacco,equalize,31,1000,1000,True,0.0163548886170608,44.90127364563281,0.019403220245087144,True
tobacco,equalize,32,1000,1000,True,0.014190015682180332,46.01052570879842,0.018508383352073197,True
tobacco,equalize,33,1000,1000,True,0.013896417356449973,44.74996777652471,0.017264176648680837,True
tobacco,equalize,34,1000,1000,True,0.014471777994740084,45.228902164434636,0.015530873494849952,True
tobacco,equalize,35,1000,1000,True,0.01457658568161624,45.069084736657345,0.018848548087140173,True
tobacco,equalize,36,1000,1000,True,0.014125290945769248,44.95293217355238,0.017696192878529797,True
tobacco,equalize,37,1000,1000,True,0.014665494713522182,46.824480093216195,0.017903508755849076,True
tobacco,equalize,38,1000,1000,True,0.01698049917648653,44.50267407695857,0.021862541068666808,True
tobacco,equalize,39,1000,1000,True,0.01387297262665382,47.10470650582594,0.01582729524036067,True
tobacco,equalize,40,1000,1000,True,0.012987279332336114,43.78076728427678,0.01495379513010787,True
tobacco,equalize,41,1000,1000,True,0.01588615607570478,46.74031423728343,0.020385456861462134,True
tobacco,equalize,42,1000,1000,True,0.01627540973547047,44.530053660421295,0.020704044614336593,True
tobacco,equalize,43,1000,1000,True,0.01383369366174861,46.929902780636574,0.016327708906519554,True
tobacco,equalize,44,1000,1000,True,0.016254903393023275,44.76975135066086,0.020738146319159677,True
tobacco,equalize,45,1000,1000,True,0.016203053856448577,44.50100870766864,0.020070044129898195,True
tobacco,equalize,46,1000,1000,True,0.01636866160374039,46.46641815332875,0.021215090188908426,True
tobacco,equalize,47,1000,1000,True,0.016373313034473497,46.051592111456905,0.021332352238897512,True
tobacco,equalize,48,1000,1000,True,0.014970588935093405,44.60277828790489,0.018861050534374015,True
tobacco,equalize,49,1000,1000,True,0.012857930354764954,46.94675698064776,0.01542841310968827,True
tobacco,equalize,50,1000,1000,True,0.01622586356665232,47.850190219057644,0.021427268517313944,True
tobacco,equalize,51,1000,1000,True,0.014801891360072705,46.4578573655738,0.017902954684881404,True
tobacco,equalize,52,1000,1000,True,0.01403342431057982,45.87837534176641,0.018554685060316385,True
tobacco,equalize,53,1000,1000,True,0.015354059055000617,47.76406472443483,0.019072783633698805,True
tobacco,equalize,54,1000,1000,True,0.014651595709464924,47.49247346685578,0.02050916747115275,True
tobacco,equalize,55,1000,1000,True,0.01503983766512562,44.87135869349178,0.019041596373523886,True
tobacco,equalize,56,1000,1000,True,0.0170743905192621,47.382678522852636,0.02122023656591309,True
tobacco,equalize,57,1000,1000,True,0.017093926767935842,46.694094872906575,0.02262120591191019,True
tobacco,equalize,58,1000,1000,True,0.013839072552726308,44.96188384620911,0.016483044634034164,True
tobacco,equalize,59,1000,1000,True,0.013680892088880797,46.3733604454109,0.018217968762819902,True
tobacco,equalize,60,1000,1000,True,0.014935955597244345,48.870042971129045,0.02105187126478303,True
tobacco,equalize,61,1000,1000,True,0.015545229070723554,43.922803633192636,0.01940549553670762,True
tobacco,equalize,62,1000,1000,True,0.015785252854620204,44.91802977647172,0.020085102580011806,True
tobacco,equalize,63,1000,1000,True,0.015157175119904442,47.47884897509626,0.021167178005005435,True
tobacco,equalize,64,1000,1000,True,0.01682005425570705,47.07807318699439,0.022356518669871525,True
tobacco,equalize,65,1000,1000,True,0.015967860525846027,46.36676351655354,0.02026161315780686,True
tobacco,equalize,66,1000,1000,True,0.014245062025984188,46.97653489775507,0.017621551550133594,True
tobacco,equalize,67,1000,1000,True,0.01671458328326381,47.5890541616452,0.01990866917441035,True
tobacco,equalize,68,1000,1000,True,0.017180632579916113,42.77990645151062,0.022310912098106643,True
tobacco,equalize,69,1000,1000,True,0.017649582220020884,46.439679919224254,0.021841592427755237,True
tobacco,equalize,70,1000,1000,True,0.015723554612680008,45.33902826484044,0.020646047179476348,True
tobacco,equalize,71,1000,1000,True,0.01611467983223599,45.955874444949906,0.020517902312904575,True
tobacco,equalize,72,1000,1000,True,0.01718284332594788,46.80365745323756,0.02297867472470469,True
tobacco,equalize,73,1000,1000,True,0.012543419638548842,47.914365267631375,0.02190163029242077,True
tobacco,equalize,74,1000,1000,True,0.015944942672356993,46.67559773586194,0.02084500290580182,True
tobacco,equalize,75,1000,1000,True,0.016528287177084558,47.617122970628955,0.0208548980555507,True
tobacco,equalize,76,1000,1000,True,0.014408427067542714,44.900393929229615,0.018368216098775342,True
tobacco,equalize,77,1000,1000,True,0.01702312111390456,42.26260653343567,0.02229379272996111,True
tobacco,equalize,78,1000,1000,True,0.015820878987045893,45.69139455083419,0.01994637871220134,True
tobacco,equalize,79,1000,1000,True,0.015206972757585483,47.24731205052833,0.02006679260060758,True
tobacco,equalize,80,1000,1000,True,0.016996020964658843,46.82069132338821,0.02309831806142074,True
tobacco,equalize,81,1000,1000,True,0.016127908158921178,45.279494652657064,0.022172452031727765,True
tobacco,equalize,82,1000,1000,True,0.013742181316058517,46.285609761566285,0.017239112705140898,True
tobacco,equalize,83,1000,1000,True,0.014055661465526493,46.37462111974609,0.016234863429657027,True
tobacco,equalize,84,1000,1000,True,0.015494897391228167,46.50514723124743,0.019707917360313715,True
tobacco,equalize,85,1000,1000,True,0.01744150589255969,47.195050577364576,0.02279988010127491,True
tobacco,equalize,86,1000,1000,True,0.013625443482575607,47.00769060483614,0.014997425576182995,True
tobacco,equalize,87,1000,1000,True,0.014220770911149929,44.7866397935813,0.01693289673453471,True
tobacco,equalize,88,1000,1000,True,0.013949248380954212,45.123371283626405,0.017804518696238822,True
tobacco,equalize,89,1000,1000,True,0.015711566386809678,48.214979819554,0.01806665818245009,True
tobacco,equalize,90,1000,1000,True,0.01465834612995035,46.95977724606453,0.018204893472208376,True
tobacco,equalize,91,1000,1000,True,0.01450482340260748,46.45193032587559,0.017479911312176837,True
tobacco,equalize,92,1000,1000,True,0.014020076360609238,46.35266679491052,0.019321308217453127,True
tobacco,equalize,93,1000,1000,True,0.012980345217168654,45.64489456664349,0.01700316446080007,True
tobacco,equalize,94,1000,1000,True,0.016115136021286544,46.30072725130783,0.019977515168186234,True
tobacco,equalize,95,1000,1000,True,0.01621855045356733,45.60242887171691,0.020471331909070894,True
tobacco,equalize,96,1000,1000,True,0.013858623511173613,45.427668881420715,0.016589787045978386,True
tobacco,equalize,97,1000,1000,True,0.013795698042048455,44.777918386186734,0.01578855385932968,True
tobacco,equalize,98,1000,1000,True,0.01662243401058923,45.39354129168598,0.022016917654814477,True
tobacco,equalize,99,1000,1000,True,0.012513846451551763,47.22219722757509,0.014942039894853517,True
tobacco,equalize,100,1000,1000,True,0.016063027269382697,45.26235009364847,0.021670337442273733,True
tobacco,equalize,101,1000,1000,True,0.013182435551932496,43.63786107269695,0.016120223065934972,True
tobacco,equalize,102,1000,1000,True,0.013575607202119514,47.50305917517313,0.015849049900673488,True
tobacco,equalize,103,1000,1000,True,0.015098633263579995,44.96948992372495,0.01773395222800659,True
tobacco,equalize,104,1000,1000,True,0.01448390126287372,45.725669716254565,0.018878905100504332,True
tobacco,equalize,105,1000,1000,True,0.01543305001670421,46.64676777655661,0.02143982583583707,True
tobacco,equalize,106,1000,1000,True,0.01524697363735241,46.96714782696518,0.019074524632938617,True
tobacco,equalize,107,1000,1000,True,0.01411229289881482,47.92866632820071,0.018621701613433555,True
tobacco,equalize,108,1000,1000,True,0.014026778171084105,45.9420007835967,0.01588074563487236,True
tobacco,equalize,109,1000,1000,True,0.013562910413419265,44.28317864607282,0.017434378554592168,True
tobacco,equalize,110,1000,1000,True,0.017249403571952274,46.69342566143546,0.022745357260864605,True
tobacco,equalize,111,1000,1000,True,0.014763631370536056,46.23627472018047,0.01913326203175044,True
tobacco,equalize,112,1000,1000,True,0.016770322333290507,47.01394512269738,0.02008334903034266,True
tobacco,equalize,113,1000,1000,True,0.016346870409110984,47.052106902879494,0.021820737256527552,True
tobacco,equalize,114,1000,1000,True,0.01624585677807589,44.5736922859213,0.02076210350015567,True
tobacco,equalize,115,1000,1000,True,0.014610738833194067,47.447637148755895,0.01838380006516362,True
tobacco,equalize,116,1000,1000,True,0.014614632017938996,49.72031004529235,0.017760637279872756,True
tobacco,equalize,117,1000,1000,True,0.014589658374612118,47.07816240041661,0.01992279701803988,True
tobacco,equalize,118,1000,1000,True,0.014570752657706366,46.9948664324094,0.017177495236397913,True
tobacco,equalize,119,1000,1000,True,0.014181904361604748,45.24760500844216,0.019991467391200755,True
tobacco,equalize,120,1000,1000,True,0.01583491872558382,44.218586307117505,0.021184134805040524,True
tobacco,equalize,121,1000,1000,True,0.014561585985085043,47.69403055938972,0.022201080340726643,True
tobacco,equalize,122,1000,1000,True,0.013459785531671377,47.71570772816851,0.017074805991658653,True
tobacco,equalize,123,1000,1000,True,0.014398621970570838,48.11730815413514,0.01671881084382669,True
tobacco,equalize,124,1000,1000,True,0.0132665478964185,41.658032106665814,0.016032765088997897,True
tobacco,equalize,125,1000,1000,True,0.017016667804066035,44.81651173395805,0.020747977305697784,True
tobacco,equalize,126,1000,1000,True,0.014836294940506246,45.87215883300021,0.01977379410720151,True
tobacco,equalize,127,1000,1000,True,0.015510341157507932,46.17437453826527,0.01950840870806119,True
tobacco,equalize,128,1000,1000,True,0.017095400401455265,45.18473050710826,0.02283223178010087,True
tobacco,equalize,129,1000,1000,True,0.014391260955921756,45.028264001624585,0.018830596068198837,True
tobacco,equalize,130,1000,1000,True,0.012953861998585298,46.24628378583516,0.014008461952045215,True
tobacco,equalize,131,1000,1000,True,0.015331538791132575,44.77786953395617,0.01985252285633264,True
tobacco,equalize,132,1000,1000,True,0.017131286258134027,45.62919170881728,0.022422968714857452,True
tobacco,equalize,133,1000,1000,True,0.016938591011974983,45.082701327671124,0.022278981417800294,True
tobacco,equalize,134,1000,1000,True,0.014903704667977902,43.625851040409515,0.02004872329251054,True
tobacco,equalize,135,1000,1000,True,0.01604455548411804,45.491812878802705,0.02128405064014271,True
tobacco,equalize,136,1000,1000,True,0.015981805231021565,47.90584347446562,0.020886149937321432,True
tobacco,equalize,137,1000,1000,True,0.015029974082734512,45.76718334134186,0.019507371464567946,True
tobacco,equalize,138,1000,1000,True,0.016613932369242714,43.43596776865919,0.021807600992994874,True
tobacco,equalize,139,1000,1000,True,0.01305651652055543,43.318133743272,0.015160541802768771,True
tobacco,equalize,140,1000,1000,True,0.01461076464642144,48.97188319842315,0.018852000844697344,True
tobacco,equalize,141,1000,1000,True,0.013547397756307332,48.94916333299273,0.01543457245884139,True
tobacco,equalize,142,1000,1000,True,0.013764632815934921,46.9683097311368,0.019299647229549757,True
tobacco,equalize,143,1000,1000,True,0.013606125927517894,48.01929924519932,0.012702511690020785,True
tobacco,equalize,144,1000,1000,True,0.01666139334606866,46.36709953188791,0.022125737170803336,True
tobacco,equalize,145,1000,1000,True,0.01622737913892648,47.35441770310348,0.01974143998123987,True
tobacco,equalize,146,1000,1000,True,0.015231178327287393,43.39640159045448,0.020187694300275713,True
tobacco,equalize,147,1000,1000,True,0.012535311171768265,47.7994849240031,0.015416681161045533,True
tobacco,equalize,148,1000,1000,True,0.014918790957419537,44.49736296680962,0.01881398597889166,True
tobacco,equalize,149,1000,1000,True,0.01621243379454518,46.74617605751298,0.02140038096297186,True
tobacco,equalize,150,1000,1000,True,0.015511140479711165,45.71472881905787,0.020877618198239144,True
tobacco,equalize,151,1000,1000,True,0.01612690628597083,46.37552971126044,0.02137295373370899,True
tobacco,equalize,152,1000,1000,True,0.013129641403610828,46.06056235001913,0.01690891231620194,True
tobacco,equalize,153,1000,1000,True,0.016890349098633194,47.91211161073993,0.024420865734150816,True
tobacco,equalize,154,1000,1000,True,0.014527119886547714,43.87436080446073,0.01827600263631628,True
tobacco,equalize,155,1000,1000,True,0.016446354405917823,46.005399411373446,0.020010024905785687,True
tobacco,equalize,156,1000,1000,True,0.012545456911667112,44.750613124291384,0.014419136012241493,True
tobacco,equalize,157,1000,1000,True,0.01516096944632066,47.56936812697852,0.019428310830912603,True
tobacco,equalize,158,1000,1000,True,0.016597597010707756,46.81810452164846,0.022324424749011498,True
tobacco,equalize,159,1000,1000,True,0.01345505233909833,47.98974464403827,0.015202947349856489,True
tobacco,equalize,160,1000,1000,True,0.014951585121000928,44.02749866844584,0.018006787432120017,True
tobacco,equalize,161,1000,1000,True,0.015847448660632306,45.682448226862796,0.020994376195797585,True
tobacco,equalize,162,1000,1000,True,0.016552637944411978,46.51007924095593,0.02203921266816006,True
tobacco,equalize,163,1000,1000,True,0.014490608756181895,44.287596898002946,0.01638596467602699,True
tobacco,equalize,164,1000,1000,True,0.01424453417946738,45.34135238388904,0.01923822657412613,True
tobacco,equalize,165,1000,1000,True,0.014512023272396566,46.783282270486325,0.01871514152529321,True
tobacco,equalize,166,1000,1000,True,0.013557331875794235,44.31780567672547,0.01565072941157475,True
tobacco,equalize,167,1000,1000,True,0.013767344277000914,44.579340046707735,0.016903286310938993,True
tobacco,equalize,168,1000,1000,True,0.013687559658327362,46.134133957407286,0.01830387391743978,True
tobacco,equalize,169,1000,1000,True,0.015544312497948312,46.5179775033266,0.019981270189637666,True
tobacco,equalize,170,1000,1000,True,0.0164989574965281,42.96329567200356,0.024543527244244367,True
tobacco,equalize,171,1000,1000,True,0.014047848010995052,46.01032927506605,0.016309878621842522,True
tobacco,equalize,172,1000,1000,True,0.016659237377866162,44.82965090205366,0.02235972236904306,True
tobacco,equalize,173,1000,1000,True,0.013315925096838457,45.96100337242433,0.017168678474236677,True
tobacco,equalize,174,1000,1000,True,0.01629280780038489,50.83373147822221,0.019755173170981844,True
tobacco,equalize,175,1000,1000,True,0.011928096018357185,45.57704157796993,0.012850362762751154,True
tobacco,equalize,176,1000,1000,True,0.016120271714934353,46.50602558808912,0.020504420421208317,True
tobacco,equalize,177,1000,1000,True,0.01526797896314356,45.125980089079505,0.021817038705640293,True
tobacco,equalize,178,1000,1000,True,0.015782406724474524,46.26113097406937,0.01871972190420146,True
tobacco,equalize,179,1000,1000,True,0.015924589714035785,46.79649173816345,0.0207189994048787,True
tobacco,equalize,180,1000,1000,True,0.01090564124018135,46.341979888649554,0.011281633221355235,True
tobacco,equalize,181,1000,1000,True,0.014219826644022144,46.53753022024267,0.01700906715727695,True
tobacco,equalize,182,1000,1000,True,0.013061696634300134,46.62175389236231,0.015792648345529136,True
tobacco,equalize,183,1000,1000,True,0.013996501725774912,45.08127627962634,0.016589114036542972,True
tobacco,equalize,184,1000,1000,True,0.015686491237732064,46.88942528971751,0.021057880564769618,True
tobacco,equalize,185,1000,1000,True,0.01487860263658615,45.56811885518208,0.017374840511312592,True
tobacco,equalize,186,1000,1000,True,0.01590786523964047,45.802277661705865,0.021141735709944837,True
tobacco,equalize,187,1000,1000,True,0.01413358215946085,45.00001293333147,0.01634490113625096,True
tobacco,equalize,188,1000,1000,True,0.015526794800747565,47.42041879823501,0.019729791887467995,True
tobacco,equalize,189,1000,1000,True,0.01495617492865559,46.261908996495166,0.019066309124435927,True
tobacco,equalize,190,1000,1000,True,0.01659999720148276,45.91065409030893,0.022005394552224538,True
tobacco,equalize,191,1000,1000,True,0.016394811291577324,50.91538705538828,0.0207922997278465,True
tobacco,equalize,192,1000,1000,True,0.015194590359808732,43.37233104180591,0.018476574241241293,True
tobacco,equalize,193,1000,1000,True,0.015529072524960113,46.59900732848286,0.019128232676581446,True
tobacco,equalize,194,1000,1000,True,0.01566381792882484,45.54648955737424,0.020049386468772867,True
tobacco,equalize,195,1000,1000,True,0.014237717486540527,47.64113059111843,0.017474726424889103,True
tobacco,equalize,196,1000,1000,True,0.013788846582754255,45.75918596303916,0.015112741464152889,True
tobacco,equalize,197,1000,1000,True,0.014610887975656094,47.55469625599558,0.018814983812299443,True
tobacco,equalize,198,1000,1000,True,0.01488794727309771,43.58963046413677,0.018350559845926342,True
tobacco,equalize,199,1000,1000,True,0.015314448510660314,46.62433260648349,0.022371355180153762,True
tobacco,equalize,200,1000,1000,True,0.017066086313731795,45.45893791104231,0.022267386111474715,True
tobacco,equalize,201,1000,1000,True,0.015361494560748487,44.084364563867766,0.01981388118398779,True
tobacco,equalize,202,1000,1000,True,0.014850104522831774,47.816196042763586,0.018983947774500645,True
tobacco,equalize,203,1000,1000,True,0.014711565765183642,44.91991307872267,0.01781495240141121,True
tobacco,equalize,204,1000,1000,True,0.014569528658665124,46.98390106195951,0.019019919937733866,True
tobacco,equalize,205,1000,1000,True,0.016587347121515227,41.53430840883233,0.02247260091606149,True
tobacco,equalize,206,1000,1000,True,0.015168918735121679,46.91115081726305,0.01924134028325165,True
tobacco,equalize,207,1000,1000,True,0.015860540539576227,48.19570137470768,0.021254548826902423,True
tobacco,equalize,208,1000,1000,True,0.01584862382570224,48.89643651637611,0.0197694340249085,True
tobacco,equalize,209,1000,1000,True,0.014274048845529389,47.50900915615901,0.015969865046399752,True
tobacco,equalize,210,1000,1000,True,0.015987986159624875,44.544936592164994,0.019910239062372888,True
tobacco,equalize,211,1000,1000,True,0.014397221172528092,46.73335843912783,0.015838682224207992,True
tobacco,equalize,212,1000,1000,True,0.012954475708077036,45.36374746424726,0.015559178953661046,True
tobacco,equalize,213,1000,1000,True,0.015686827073177024,42.32838469632405,0.021729129636771333,True
tobacco,equalize,214,1000,1000,True,0.012378204904492695,45.538698971314496,0.01553715636565135,True
tobacco,equalize,215,1000,1000,True,0.0169667511124335,43.646707046465714,0.020912780027585478,True
tobacco,equalize,216,1000,1000,True,0.017442015244423122,44.386674565684686,0.022695646806190423,True
tobacco,equalize,217,1000,1000,True,0.013903360481179659,46.40668848345031,0.01745636022766716,True
tobacco,equalize,218,1000,1000,True,0.013307254451487187,46.74367255575882,0.01600089757842024,True
tobacco,equalize,219,1000,1000,True,0.015210926258146667,47.7788337132668,0.01970393159852041,True
tobacco,equalize,220,1000,1000,True,0.016505682132342898,46.31101509360381,0.021124401406101587,True
tobacco,equalize,221,1000,1000,True,0.014577660428566695,45.086490216028125,0.017850190889262464,True
tobacco,equalize,222,1000,1000,True,0.016973852612577375,42.377048870821575,0.02224660126457204,True
tobacco,equalize,223,1000,1000,True,0.015436264617660586,47.1953400665786,0.020967716117679117,True
tobacco,equalize,224,1000,1000,True,0.014393371914280506,46.53323474679146,0.018001700090928066,True
tobacco,equalize,225,1000,1000,True,0.014039208105578828,43.59466623338227,0.01800242504174846,True
tobacco,equalize,226,1000,1000,True,0.016606008598018154,47.36895185667507,0.020479022946964485,True
tobacco,equalize,227,1000,1000,True,0.017196776152645026,48.56476710538207,0.022346662374613576,True
tobacco,equalize,228,1000,1000,True,0.016302800021413873,48.600814386180815,0.021241448809339376,True
tobacco,equalize,229,1000,1000,True,0.01543733535623385,45.94952638493677,0.020164492791909305,True
tobacco,equalize,230,1000,1000,True,0.014649059362112025,46.94417348297869,0.016835974652638336,True
tobacco,equalize,231,1000,1000,True,0.015907992060468747,45.5879578397629,0.01936496279321164,True
tobacco,equalize,232,1000,1000,True,0.014226082981758106,47.3568873977165,0.017956111877578965,True
tobacco,equalize,233,1000,1000,True,0.01640222356340812,45.672904834266895,0.02175466373750613,True
tobacco,equalize,234,1000,1000,True,0.014722990659024224,44.17821630622947,0.018202112578927197,True
tobacco,equalize,235,1000,1000,True,0.016512116527493573,46.79303794369415,0.02148134229868379,True
tobacco,equalize,236,1000,1000,True,0.013285859487877676,46.41329912859029,0.014961015419271856,True
tobacco,equalize,237,1000,1000,True,0.015293960684346982,49.339280081898245,0.02013966600907405,True
tobacco,equalize,238,1000,1000,True,0.015488157908682035,45.87370920254868,0.01921090283173338,True
tobacco,equalize,239,1000,1000,True,0.016166465829042905,44.539247591309845,0.0208567695750525,True
tobacco,equalize,240,1000,1000,True,0.015688838882254936,44.19161798350452,0.020912253586537435,True
tobacco,equalize,241,1000,1000,True,0.015048762349805274,45.07067565501986,0.018412856515002917,True
tobacco,equalize,242,1000,1000,True,0.016613228987830478,43.379764867965804,0.020722027260000477,True
tobacco,equalize,243,1000,1000,True,0.01526193046353054,45.5702337496748,0.019205148513701118,True
tobacco,equalize,244,1000,1000,True,0.014084729926494361,46.08087411280302,0.01769861489882904,True
tobacco,equalize,245,1000,1000,True,0.014047038298881622,44.987809182043975,0.01782547403506168,True
tobacco,equalize,246,1000,1000,True,0.015396590665816176,44.62772401770003,0.0190112308550577,True
tobacco,equalize,247,1000,1000,True,0.013657358354359092,46.4693110665523,0.018031319492956045,True
tobacco,equalize,248,1000,1000,True,0.015287195273816813,46.34515240022413,0.01985158199959488,True
tobacco,equalize,249,1000,1000,True,0.01409361547815896,46.88306703917738,0.017593935578099854,True
tobacco,equalize,250,1000,1000,True,0.013532672904959863,46.71803758721036,0.016200007302072612,True
tobacco,equalize,251,1000,1000,True,0.016640057461267028,48.642533486651374,0.02200515514889087,True
tobacco,equalize,252,1000,1000,True,0.015711139631675346,46.41539878100801,0.021978936964624704,True
tobacco,equalize,253,1000,1000,True,0.016690025815504352,43.77899769295775,0.022998629567034252,True
tobacco,equalize,254,1000,1000,True,0.01645986937132335,44.88545643078613,0.02218366032698497,True
tobacco,equalize,255,1000,1000,True,0.01656442657405196,43.90344213156868,0.02117606237026537,True
tobacco,equalize,256,1000,1000,True,0.015156916417147582,46.659429529303075,0.018304915583183912,True
tobacco,equalize,257,1000,1000,True,0.01533361478387435,43.426291563982296,0.01839275431353043,True
tobacco,equalize,258,1000,1000,True,0.014625176876243746,44.356918186456554,0.01868714457837648,True
tobacco,equalize,259,1000,1000,True,0.013501238819876502,41.21797024357216,0.016054693638342256,True
tobacco,equalize,260,1000,1000,True,0.01429681410984304,45.78015290494343,0.017889900800840266,True
tobacco,equalize,261,1000,1000,True,0.014143302220104188,45.40445765560911,0.014396058934759018,True
tobacco,equalize,262,1000,1000,True,0.015962234002697386,46.20692968592481,0.020472520619738456,True
tobacco,equalize,263,1000,1000,True,0.015585750736176468,46.786987250730306,0.01820028911364752,True
tobacco,equalize,264,1000,1000,True,0.015462939215890835,47.2616859517305,0.018289215629447242,True
tobacco,equalize,265,1000,1000,True,0.016830682806050015,45.31019442686159,0.022861556868200156,True
tobacco,equalize,266,1000,1000,True,0.015114256562192693,44.69135351496976,0.018058803307838427,True
tobacco,equalize,267,1000,1000,True,0.015022681733416457,49.85977736612951,0.017351433868029835,True
tobacco,equalize,268,1000,1000,True,0.01461402576039266,48.30588469327521,0.018535791534791998,True
tobacco,equalize,269,1000,1000,True,0.015038381947471657,46.3391279050437,0.02053898444581885,True
tobacco,equalize,270,1000,1000,True,0.017616365192669618,45.205784751511615,0.021596541189465582,True
tobacco,equalize,271,1000,1000,True,0.014721751665573789,43.69455250943761,0.0181694984444474,True
tobacco,equalize,272,1000,1000,True,0.014933120781911651,44.356438089639255,0.019216586267418442,True
tobacco,equalize,273,1000,1000,True,0.01459075472489374,49.25882782811625,0.01771807374775067,True
tobacco,equalize,274,1000,1000,True,0.014750380468774752,48.423074004032415,0.016736498779570667,True
tobacco,equalize,275,1000,1000,True,0.0163883483740312,45.224613199009234,0.019884237418476655,True
tobacco,equalize,276,1000,1000,True,0.016824082736976,46.42887463637257,0.022742120492421202,True
tobacco,equalize,277,1000,1000,True,0.017515785230670648,45.38839957522186,0.02313934539274348,True
tobacco,equalize,278,1000,1000,True,0.016306733078933097,46.440285948732054,0.02092082585584248,True
tobacco,equalize,279,1000,1000,True,0.01589168710492126,47.21218401006249,0.020638506854479793,True
tobacco,equalize,280,1000,1000,True,0.016563430864739093,44.31232221402981,0.01913818402467588,True
tobacco,equalize,281,1000,1000,True,0.014152524510649857,46.75174773203671,0.01725140250181401,True
tobacco,equalize,282,1000,1000,True,0.015567350221894522,45.404536678618356,0.01778748658980467,True
tobacco,equalize,283,1000,1000,True,0.013297429289111712,44.90730448379194,0.014221409508347417,True
tobacco,equalize,284,1000,1000,True,0.01596632594348404,44.79949150381062,0.021678242115077916,True
tobacco,equalize,285,1000,1000,True,0.015162108585655544,43.714088701470146,0.020595089435098194,True
tobacco,equalize,286,1000,1000,True,0.014112845628319862,48.083877713845,0.01728839364933013,True
tobacco,equalize,287,1000,1000,True,0.014106013253873822,45.65118152906888,0.017594194174051735,True
tobacco,equalize,288,1000,1000,True,0.017596153935611914,44.25412784136639,0.023120919548634215,True
tobacco,equalize,289,1000,1000,True,0.017359105322950697,44.71271743027928,0.023130642620421686,True
tobacco,equalize,290,1000,1000,True,0.01666938236915521,44.86537612680852,0.02199577283981192,True
tobacco,equalize,291,1000,1000,True,0.01586134410454299,45.71456568753552,0.01942253677886968,True
tobacco,equalize,292,1000,1000,True,0.015051799307600533,44.52108524059134,0.01901382005030177,True
tobacco,equalize,293,1000,1000,True,0.015970391720831836,45.679034622023266,0.021617409938453982,True
tobacco,equalize,294,1000,1000,True,0.015744204720464797,44.45856469792969,0.01819519138792783,True
tobacco,equalize,295,1000,1000,True,0.015218871087838691,48.3546251769156,0.01885559774731229,True
tobacco,equalize,296,1000,1000,True,0.015992837024029056,47.192915474676916,0.019765992211444185,True
tobacco,equalize,297,1000,1000,True,0.017581093549518083,46.76702047383391,0.023925002450750372,True
tobacco,equalize,298,1000,1000,True,0.016772806667282692,45.824515883967614,0.022372605360667187,True
tobacco,equalize,299,1000,1000,True,0.01745919544153428,46.586835812276405,0.022156115182341424,True
tobacco,equalize,300,1000,1000,True,0.013814347934580647,47.82313221653303,0.016014977245522866,True
tobacco,equalize,301,1000,1000,True,0.013959009310299815,47.179080946962074,0.014153052827832227,True
tobacco,equalize,302,1000,1000,True,0.016598720869762183,45.590573543222725,0.02298943917901001,True
tobacco,equalize,303,1000,1000,True,0.016768187153948167,45.57146809133978,0.02294592528365328,True
tobacco,equalize,304,1000,1000,True,0.016402114068406064,45.44036504034711,0.02161941454480196,True
tobacco,equalize,305,1000,1000,True,0.01515491892521033,48.08313217751106,0.01948878840279926,True
tobacco,equalize,306,1000,1000,True,0.01550690062991272,46.44849059980314,0.021995195838699844,True
tobacco,equalize,307,1000,1000,True,0.013176128470304872,45.99637071552494,0.016231103274183326,True
tobacco,equalize,308,1000,1000,True,0.016571294795795447,45.84647859977907,0.020399543563952727,True
tobacco,equalize,309,1000,1000,True,0.013713560186083525,45.53031710849376,0.020112926958078266,True
tobacco,equalize,310,1000,1000,True,0.01626837832666887,43.97502286525841,0.022077555246457273,True
tobacco,equalize,311,1000,1000,True,0.015300050126249087,44.20937908408124,0.02128434850067174,True
tobacco,equalize,312,1000,1000,True,0.012440931424269162,47.09052251780606,0.014677960465855582,True
tobacco,equalize,313,1000,1000,True,0.014069513916564335,45.00094470119488,0.017011978324713326,True
tobacco,equalize,314,1000,1000,True,0.014714215021720177,45.45984051885796,0.01784878393320012,True
tobacco,equalize,315,1000,1000,True,0.013399818276662685,47.638095847756134,0.014984828875993584,True
tobacco,equalize,316,1000,1000,True,0.01413412389121435,44.52101390354896,0.017270766250106522,True
tobacco,equalize,317,1000,1000,True,0.015158426310002743,44.60300186086134,0.0199249916457255,True
tobacco,equalize,318,1000,1000,True,0.015536934814646861,48.037198086482945,0.020361586917833255,True
tobacco,equalize,319,1000,1000,True,0.014318952442038764,46.45220162704885,0.01838383783947654,True
tobacco,equalize,320,1000,1000,True,0.014029505961063778,45.649030263522576,0.01793798325231694,True
tobacco,equalize,321,1000,1000,True,0.017171802437739046,44.59358670257417,0.022292653334487985,True
tobacco,equalize,322,1000,1000,True,0.01587044657029491,44.459746726674005,0.0194165538196112,True
tobacco,equalize,323,1000,1000,True,0.01642595760339894,46.6774439638676,0.021857549483847077,True
tobacco,equalize,324,1000,1000,True,0.017386011397686776,46.17504337843117,0.022908275948468726,True
tobacco,equalize,325,1000,1000,True,0.016610394621088258,47.837789988668995,0.021677608057800692,True
tobacco,equalize,326,1000,1000,True,0.011612942877840066,43.5925048144747,0.01127373608321054,True
tobacco,equalize,327,1000,1000,True,0.014817851370703584,48.11153199597784,0.019910235454268208,True
tobacco,equalize,328,1000,1000,True,0.015053046530169291,44.85983003757371,0.020172980407961737,True
tobacco,equalize,329,1000,1000,True,0.0165791076943095,48.769401380373736,0.021638552652247536,True
tobacco,equalize,330,1000,1000,True,0.014069488386796244,45.93005011972009,0.017606862423126982,True
tobacco,equalize,331,1000,1000,True,0.01435599064013805,44.8263067294195,0.018644692582274733,True
tobacco,equalize,332,1000,1000,True,0.013308582847698829,45.3003357161953,0.013699562806764714,True
tobacco,equalize,333,1000,1000,True,0.01621346213644018,45.9319579269162,0.021288886490809754,True
tobacco,equalize,334,1000,1000,True,0.01302713895302316,48.50296872357403,0.015973684073230382,True
tobacco,equalize,335,1000,1000,True,0.015407893432865943,45.70059588232959,0.01964666270559678,True
tobacco,equalize,336,1000,1000,True,0.015235673690542345,42.943388967336986,0.01632056027626592,True
tobacco,equalize,337,1000,1000,True,0.01342257305316266,48.47848594995516,0.015722970172539395,True
tobacco,equalize,338,1000,1000,True,0.014915862977222076,49.45824007180199,0.01810264617512269,True
tobacco,equalize,339,1000,1000,True,0.014500355367761099,43.31175100362487,0.018867727471871817,True
tobacco,equalize,340,1000,1000,True,0.013824519368132438,48.94931108810419,0.015168108877555346,True
tobacco,equalize,341,1000,1000,True,0.01699536051948503,44.48290925737659,0.022391121901555015,True
tobacco,equalize,342,1000,1000,True,0.013160983236354661,44.40562611877013,0.015012659735946666,True
tobacco,equalize,343,1000,1000,True,0.016739109730407896,43.17539595649355,0.02211481218109489,True
tobacco,equalize,344,1000,1000,True,0.01585042663378142,47.628832066302024,0.02028721552731193,True
tobacco,equalize,345,1000,1000,True,0.014240408233669372,48.042068970850956,0.018931470674239365,True
tobacco,equalize,346,1000,1000,True,0.015713091560642132,43.83865832800999,0.01994184592516526,True
tobacco,equalize,347,1000,1000,True,0.014969317245845496,44.137169993102184,0.018175940647705092,True
tobacco,equalize,348,1000,1000,True,0.01695878462488846,46.30134597395631,0.022327296290068924,True
tobacco,equalize,349,1000,1000,True,0.016623279614041725,43.18292921977387,0.021571754332983077,True
tobacco,equalize,350,1000,1000,True,0.014773204745529097,44.62365712265188,0.018916617981089616,True
tobacco,equalize,351,1000,1000,True,0.014094239023945515,48.555967614702105,0.01767827349915689,True
tobacco,equalize,352,1000,1000,True,0.016308084022432105,46.348117502224405,0.020237740906889866,True
tobacco,equalize,353,1000,1000,True,0.014514951877953323,42.25408996771792,0.016174920266919898,True
tobacco,equalize,354,1000,1000,True,0.01599994013470441,47.20200330494459,0.01994172494467897,True
tobacco,equalize,355,1000,1000,True,0.01578081958679893,45.765711171137724,0.018781027416429612,True
tobacco,equalize,356,1000,1000,True,0.013421498587044103,45.81320891402392,0.015387273638823713,True
tobacco,equalize,357,1000,1000,True,0.016567420569792834,43.996913482652396,0.019649492335923533,True
tobacco,equalize,358,1000,1000,True,0.016371062448229813,46.303070265372256,0.021066441601422577,True
tobacco,equalize,359,1000,1000,True,0.017262789554703242,49.65928469078063,0.02280670873428845,True
tobacco,equalize,360,1000,1000,True,0.014908360214053716,46.86392043992905,0.018953487054358568,True
tobacco,equalize,361,1000,1000,True,0.017232606533449515,45.839558418466474,0.022817917687820384,True
tobacco,equalize,362,1000,1000,True,0.017151525596348707,47.598480637516154,0.022773554541636445,True
tobacco,equalize,363,1000,1000,True,0.0164464767103897,47.14160608210119,0.020137715953805705,True
tobacco,equalize,364,1000,1000,True,0.016449373895613545,47.04777248712207,0.020876515067395206,True
tobacco,equalize,365,1000,1000,True,0.01633722870764083,45.779285228146584,0.021771510810367767,True
tobacco,equalize,366,1000,1000,True,0.016023081957663138,42.890969632313045,0.01950732850063018,True
tobacco,equalize,367,1000,1000,True,0.014207671447012885,43.32018900004939,0.017438553486781933,True
tobacco,equalize,368,1000,1000,True,0.015871968546584125,46.017113164560854,0.019808325907711147,True
tobacco,equalize,369,1000,1000,True,0.01270615185427069,46.091034605441436,0.016511042972986126,True
tobacco,equalize,370,1000,1000,True,0.01592161809233374,44.86057708055036,0.02310228958467775,True
tobacco,equalize,371,1000,1000,True,0.013875630558864328,43.50594431798947,0.0185040667450507,True
tobacco,equalize,372,1000,1000,True,0.01682008877947708,44.30830169392639,0.023063782505934285,True
tobacco,equalize,373,1000,1000,True,0.012826079964160507,44.78198199052829,0.01632432476337496,True
tobacco,equalize,374,1000,1000,True,0.016657834770754866,47.009178508031816,0.0219676522849837,True
tobacco,equalize,375,1000,1000,True,0.01541841139264893,44.75918993905051,0.021789656785968458,True
tobacco,equalize,376,1000,1000,True,0.013191505463043589,45.082827728526524,0.016016119186675608,True
tobacco,equalize,377,1000,1000,True,0.015504568681656093,46.42846754955412,0.019639162685990787,True
tobacco,equalize,378,1000,1000,True,0.015424765299284807,45.976024882540685,0.020463558993500507,True
tobacco,equalize,379,1000,1000,True,0.011498073090645891,42.179893776537654,0.013149779602089526,True
tobacco,equalize,380,1000,1000,True,0.014707319693649478,44.73501759248564,0.017098893820169925,True
tobacco,equalize,381,1000,1000,True,0.01468072384911736,46.374246991191136,0.01778395238120333,True
tobacco,equalize,382,1000,1000,True,0.016841145754472646,47.58816952773031,0.021544002590159376,True
tobacco,equalize,383,1000,1000,True,0.01357558956306393,47.56734337757365,0.016741137764736385,True
tobacco,equalize,384,1000,1000,True,0.01658824539901791,43.72888289220295,0.022396152005852363,True
tobacco,equalize,385,1000,1000,True,0.015959389800973313,47.26785028959959,0.021102182154685213,True
tobacco,equalize,386,1000,1000,True,0.015477644025811687,45.2160377631654,0.019868652820517054,True
tobacco,equalize,387,1000,1000,True,0.01611032829862239,46.20079700611235,0.02178816214210224,True
tobacco,equalize,388,1000,1000,True,0.01427237954086172,45.483457201492506,0.018588847197157005,True
tobacco,equalize,389,1000,1000,True,0.014191367329125789,44.56350496763019,0.01806962159874762,True
tobacco,equalize,390,1000,1000,True,0.0134518164396054,45.80411526271411,0.016805703314438033,True
tobacco,equalize,391,1000,1000,True,0.016060367911101093,45.555846156119195,0.021312788903511792,True
tobacco,equalize,392,1000,1000,True,0.015592694906053176,48.41651692346321,0.02087706305571628,True
tobacco,equalize,393,1000,1000,True,0.014184371460214219,46.67580228555263,0.016654308145745964,True
tobacco,equalize,394,1000,1000,True,0.016246393298059134,44.44142981498232,0.021627106974472936,True
tobacco,equalize,395,1000,1000,True,0.016097486429124765,44.91504585325501,0.02205647589108675,True
tobacco,equalize,396,1000,1000,True,0.016753230420343646,48.26776065864254,0.022045655612444967,True
tobacco,equalize,397,1000,1000,True,0.013976744013235976,45.29735228465346,0.017598651294582827,True
tobacco,equalize,398,1000,1000,True,0.014641151655498555,47.068906668840306,0.01944289271877977,True
tobacco,equalize,399,1000,1000,True,0.015101049701490975,44.3208262445546,0.01893640591611216,True
tobacco,equalize,400,1000,1000,True,0.0141078040861584,44.26356149249629,0.016995494019539058,True
tobacco,equalize,401,1000,1000,True,0.014812675942919148,45.904746758913724,0.018984164731539604,True
tobacco,equalize,402,1000,1000,True,0.013864146019319368,46.721038933225785,0.01737056996616582,True
tobacco,equalize,403,1000,1000,True,0.017230846888812323,44.34914518905635,0.022541193372185454,True
tobacco,equalize,404,1000,1000,True,0.013249061749457332,43.86947684894362,0.01616250345341744,True
tobacco,equalize,405,1000,1000,True,0.01727208338346476,44.93230435889083,0.023109026007364815,True
tobacco,equalize,406,1000,1000,True,0.015546672370732593,45.8882171804484,0.02009924222651798,True
tobacco,equalize,407,1000,1000,True,0.015154178241852834,45.6453414819081,0.01888179969298681,True
tobacco,equalize,408,1000,1000,True,0.014265085576855416,46.30653058694853,0.01773487850643425,True
tobacco,equalize,409,1000,1000,True,0.016524293820050592,47.96083402110518,0.021976464475447974,True
tobacco,equalize,410,1000,1000,True,0.017594699445962897,47.51338552450247,0.023424262303492708,True
tobacco,equalize,411,1000,1000,True,0.016473099965501038,46.668926696464744,0.021728313019900383,True
tobacco,equalize,412,1000,1000,True,0.013719886375061947,47.78624043592464,0.014374559951629683,True
tobacco,equalize,413,1000,1000,True,0.014223629852214906,49.439076356663456,0.014327124897353943,True
tobacco,equalize,414,1000,1000,True,0.016391247068116305,45.3592504347239,0.02061796463647972,True
tobacco,equalize,415,1000,1000,True,0.014077927706688404,44.64833451541054,0.015921413547362956,True
tobacco,equalize,416,1000,1000,True,0.013044026288216728,46.00183664811656,0.014956136102348899,True
tobacco,equalize,417,1000,1000,True,0.015550047891110686,46.19353893132675,0.020986227346654545,True
tobacco,equalize,418,1000,1000,True,0.015150326499810155,46.8287682520051,0.018716313513037257,True
tobacco,equalize,419,1000,1000,True,0.013624509803799515,45.55292920329054,0.015869807938012865,True
tobacco,equalize,420,1000,1000,True,0.013999512090251616,44.972550561425805,0.017638276870423696,True
tobacco,equalize,421,1000,1000,True,0.016469206638573444,47.51576159549587,0.02057030739308128,True
tobacco,equalize,422,1000,1000,True,0.01706641990652011,44.693267457190906,0.0222679324017322,True
tobacco,equalize,423,1000,1000,True,0.016775874097902092,46.244872483335925,0.021507233212266837,True
tobacco,equalize,424,1000,1000,True,0.015079430343276776,46.7253868362799,0.019263631820749593,True
tobacco,equalize,425,1000,1000,True,0.01636575013024039,48.63293656566504,0.02243714629132038,True
tobacco,equalize,426,1000,1000,True,0.0138475398962641,46.04205294076275,0.016815039370266103,True
tobacco,equalize,427,1000,1000,True,0.016108306694672458,45.016008608049646,0.018844039050505506,True
tobacco,equalize,428,1000,1000,True,0.016332694555260856,45.95945690497224,0.021695295054836958,True
tobacco,equalize,429,1000,1000,True,0.01642151065342831,45.27872396611902,0.02090700591375012,True
tobacco,equalize,430,1000,1000,True,0.015012132161013363,44.299908758371046,0.01990409080528604,True
tobacco,equalize,431,1000,1000,True,0.012479064495460565,44.52147185347762,0.014802345542367026,True
tobacco,equalize,432,1000,1000,True,0.013384440869321747,47.414995254666,0.017855325421884234,True
tobacco,equalize,433,1000,1000,True,0.016211358489021766,45.325413224812415,0.021971963869303782,True
tobacco,equalize,434,1000,1000,True,0.015542443754432578,46.46193005031108,0.019578988165298454,True
tobacco,equalize,435,1000,1000,True,0.017082409629948014,45.34877105280803,0.02250219355295185,True
tobacco,equalize,436,1000,1000,True,0.017622005079957235,48.34827648427604,0.023395177603031905,True
tobacco,equalize,437,1000,1000,True,0.016975215354374476,44.90346346330091,0.022564691704475177,True
tobacco,equalize,438,1000,1000,True,0.017734137555076652,45.64848246108517,0.021699665444842652,True
tobacco,equalize,439,1000,1000,True,0.014298103324268993,46.14444100864155,0.01698774293896394,True
tobacco,equalize,440,1000,1000,True,0.015686579776865456,48.63636647612566,0.020073440669657095,True
tobacco,equalize,441,1000,1000,True,0.013605289926558137,44.86984242227735,0.016726040520943498,True
tobacco,equalize,442,1000,1000,True,0.016196527728080324,46.530570424184575,0.020555906110856836,True
tobacco,equalize,443,1000,1000,True,0.016111876660817977,47.26151837383137,0.018857459751218306,True
tobacco,equalize,444,1000,1000,True,0.015539344734552912,46.20260126875975,0.019035419462645014,True
tobacco,equalize,445,1000,1000,True,0.01501161972165379,44.14597774429738,0.019142767944802203,True
tobacco,equalize,446,1000,1000,True,0.013771332437615256,44.785310437687045,0.013773256758692906,True
tobacco,equalize,447,1000,1000,True,0.016969760908378546,45.52058079594328,0.021892780323526234,True
tobacco,equalize,448,1000,1000,True,0.0151978431879856,48.242964575158524,0.0189526648708078,True
tobacco,equalize,449,1000,1000,True,0.015121954083008269,46.31053442792471,0.019524378672100655,True
tobacco,equalize,450,1000,1000,True,0.015769884330740527,51.78448844972788,0.021581640813896994,True
tobacco,equalize,451,1000,1000,True,0.016498127292642106,42.93316624708688,0.02172354357369357,True
tobacco,equalize,452,1000,1000,True,0.016414583041186013,45.95243409222193,0.022511623547967128,True
tobacco,equalize,453,1000,1000,True,0.015839238205685887,44.17537033234696,0.020659389995604457,True
tobacco,equalize,454,1000,1000,True,0.014355468540516407,46.00782976842093,0.018609728393411504,True
tobacco,equalize,455,1000,1000,True,0.013957085722146361,46.26616366201114,0.018247228257037482,True
tobacco,equalize,456,1000,1000,True,0.016353654288771082,48.013363931305626,0.02181226588020487,True
tobacco,equalize,457,1000,1000,True,0.014792584227430357,45.30017108135465,0.017458919415906896,True
tobacco,equalize,458,1000,1000,True,0.016039508637558802,47.00917781667746,0.020198285518782354,True
tobacco,equalize,459,1000,1000,True,0.015323352337341995,48.25098448736564,0.017384101985201156,True
tobacco,equalize,460,1000,1000,True,0.016438937633375297,45.14002409170824,0.022442827617930153,True
tobacco,equalize,461,1000,1000,True,0.014333479747046216,45.94216364082128,0.018130959275423783,True
tobacco,equalize,462,1000,1000,True,0.015589494513042576,46.5350353927017,0.020079724900185884,True
tobacco,equalize,463,1000,1000,True,0.01572192497949165,46.77316443218269,0.019179727914119118,True
tobacco,equalize,464,1000,1000,True,0.012195636598423397,46.46018080033697,0.013312202088330845,True
tobacco,equalize,465,1000,1000,True,0.013793420531929931,47.442508365388946,0.016520176290283992,True
tobacco,equalize,466,1000,1000,True,0.013500919121002996,45.50086450827061,0.014712284785824729,True
tobacco,equalize,467,1000,1000,True,0.017363402822314314,44.094060722505475,0.022235568735603,True
tobacco,equalize,468,1000,1000,True,0.015494294666986428,46.3272465834092,0.018176130031582985,True
tobacco,equalize,469,1000,1000,True,0.01321413329757381,46.199584402892626,0.015833184100280263,True
tobacco,equalize,470,1000,1000,True,0.016198656584358765,47.29195110164097,0.021743598558099073,True
tobacco,equalize,471,1000,1000,True,0.01701668011717394,47.07797361824317,0.02255034477237227,True
tobacco,equalize,472,1000,1000,True,0.014902120358307326,44.525634818607585,0.020264759869555102,True
tobacco,equalize,473,1000,1000,True,0.015303884135264597,45.526887429298306,0.01926473532594708,True
tobacco,equalize,474,1000,1000,True,0.015132085283551493,44.57174251698042,0.018522291609163907,True
tobacco,equalize,475,1000,1000,True,0.014647601182434628,43.632766769940226,0.018646987872765156,True
tobacco,equalize,476,1000,1000,True,0.014355096136771916,44.04164047807484,0.015041518909353601,True
tobacco,equalize,477,1000,1000,True,0.016667011925559486,45.15026839344369,0.02204816052749708,True
tobacco,equalize,478,1000,1000,True,0.01680897344703274,45.90315854056232,0.022082737834274543,True
tobacco,equalize,479,1000,1000,True,0.015472352291116997,45.00559005279233,0.020451004948538146,True
tobacco,equalize,480,1000,1000,True,0.013468322422025657,46.89880116804693,0.014937260185100295,True
tobacco,equalize,481,1000,1000,True,0.015374754544704071,45.96904941370878,0.020298869640137145,True
tobacco,equalize,482,1000,1000,True,0.015054726696941039,47.26116477616691,0.017678503432217513,True
tobacco,equalize,483,1000,1000,True,0.01654530427478855,46.74671871907161,0.021584978105105762,True
tobacco,equalize,484,1000,1000,True,0.016737536055377523,47.102781138697104,0.021871805356252414,True
tobacco,equalize,485,1000,1000,True,0.016934800106647954,48.72043488106402,0.02137357218081118,True
tobacco,equalize,486,1000,1000,True,0.017200203039228985,49.33039756580116,0.02287421558499019,True
tobacco,equalize,487,1000,1000,True,0.016967383386753184,48.41214987996299,0.022301920142761115,True
tobacco,equalize,488,1000,1000,True,0.01705386200719709,47.03688641906477,0.022498741399088282,True
tobacco,equalize,489,1000,1000,True,0.014957039488343411,43.36574767025238,0.01862908134887157,True
tobacco,equalize,490,1000,1000,True,0.014117326477125451,42.94558002868281,0.018334659970366853,True
tobacco,equalize,491,1000,1000,True,0.014228881532682069,50.53441979482895,0.015936416190569024,True
tobacco,equalize,492,1000,1000,True,0.01710721009553886,46.58641981307428,0.022343115187430332,True
tobacco,equalize,493,1000,1000,True,0.012540059729652466,47.69187183367833,0.014674752722838061,True
tobacco,equalize,494,1000,1000,True,0.017931120364478432,46.1409666023589,0.02318983926230266,True
tobacco,equalize,495,1000,1000,True,0.01635495450385218,47.4664049512916,0.023163008134135105,True
tobacco,equalize,496,1000,1000,True,0.014095611746880364,47.938047258936194,0.01859467247161339,True
tobacco,equalize,497,1000,1000,True,0.015730634702418936,48.96979843740425,0.021110710479698487,True
tobacco,equalize,498,1000,1000,True,0.013105527082116711,45.56175280868813,0.01587836415524436,True
tobacco,equalize,499,1000,1000,True,0.01414331026234317,47.09398007176713,0.020156459584771854,True
tobacco,equalize,500,1000,1000,True,0.015189185824255352,43.79976141487531,0.0185278993564065,True
tobacco,equalize,501,1000,1000,True,0.01654924336545806,46.76414605229096,0.02129571527642284,True
tobacco,equalize,502,1000,1000,True,0.016456623721601105,45.58393698442468,0.022294080590637325,True
tobacco,equalize,503,1000,1000,True,0.015998670937723742,47.562915291222424,0.020904419528174324,True
tobacco,equalize,504,1000,1000,True,0.016650224206187322,47.07426129000857,0.02148924071774431,True
tobacco,equalize,505,1000,1000,True,0.015847968070919007,44.32213280066744,0.02007611263983309,True
tobacco,equalize,506,1000,1000,True,0.016220087746768,44.65694542845491,0.022991923289184,True
tobacco,equalize,507,1000,1000,True,0.013629106839777904,46.140783001591984,0.017235211797715068,True
tobacco,equalize,508,1000,1000,True,0.014704407009242809,45.85343562918705,0.019411109352468946,True
tobacco,equalize,509,1000,1000,True,0.017403625264291657,45.45035532314351,0.023488814967699462,True
tobacco,equalize,510,1000,1000,True,0.015759763906964982,47.77147730602435,0.02006830179333996,True
tobacco,equalize,511,1000,1000,True,0.01421511194798949,45.338107768189886,0.019899297486215897,True
tobacco,equalize,512,1000,1000,True,0.01176510023764051,45.22508187941731,0.012846821710260465,True
tobacco,equalize,513,1000,1000,True,0.014866179488526919,45.9025530335732,0.01716149922328493,True
tobacco,equalize,514,1000,1000,True,0.01630561112339402,46.83917111777278,0.02107589676403433,True
tobacco,equalize,515,1000,1000,True,0.015187146851360871,45.12101815118981,0.01987010144067705,True
tobacco,equalize,516,1000,1000,True,0.01613995694018452,44.899445419737646,0.021593885746422077,True
tobacco,equalize,517,1000,1000,True,0.01580426143234609,47.074159833182364,0.018836047829533457,True
tobacco,equalize,518,1000,1000,True,0.012879818645143917,45.08368001838359,0.01734609185652869,True
tobacco,equalize,519,1000,1000,True,0.015855635985808258,47.127932004279586,0.021063684088279543,True
tobacco,equalize,520,1000,1000,True,0.014197229725569884,45.37741358870071,0.016838728030960367,True
tobacco,equalize,521,1000,1000,True,0.01598786633883977,48.54859009281319,0.02093366438009694,True
tobacco,equalize,522,1000,1000,True,0.015737115519542356,45.44013204206168,0.021729883409721366,True
tobacco,equalize,523,1000,1000,True,0.013578393885077785,46.60732979907774,0.019246043962620186,True
tobacco,equalize,524,1000,1000,True,0.013601649203420477,45.583890564540454,0.017578060375332365,True
tobacco,equalize,525,1000,1000,True,0.012668972159147642,46.25898619727847,0.013784605089012898,True
tobacco,equalize,526,1000,1000,True,0.01316797725743715,45.18121112807845,0.01484198165634612,True
tobacco,equalize,527,1000,1000,True,0.014815701896599594,46.725986335228924,0.018182816158741812,True
tobacco,equalize,528,1000,1000,True,0.014547601285177597,49.14464527290842,0.015798178386900962,True
tobacco,equalize,529,1000,1000,True,0.01652566175491989,47.909604454639364,0.02273209429976607,True
tobacco,equalize,530,1000,1000,True,0.016972935592231078,46.05921795905788,0.02247396613296737,True
tobacco,equalize,531,1000,1000,True,0.01570468316493218,43.52972270759371,0.019312154918451167,True
tobacco,equalize,532,1000,1000,True,0.01658140008412004,45.47478174768956,0.02129241052788082,True
tobacco,equalize,533,1000,1000,True,0.013404327571843537,46.74004176292529,0.01719945228053772,True
tobacco,equalize,534,1000,1000,True,0.014153465231462334,45.347199207889346,0.016534342024470097,True
tobacco,equalize,535,1000,1000,True,0.015725619968133014,44.70821472615519,0.020427630680271956,True
tobacco,equalize,536,1000,1000,True,0.015255891730489808,45.25432327413592,0.018168690207708952,True
tobacco,equalize,537,1000,1000,True,0.015147158716686497,45.04053950609384,0.01909618203445402,True
tobacco,equalize,538,1000,1000,True,0.013115407909848132,45.832657832597924,0.014058972565375987,True
tobacco,equalize,539,1000,1000,True,0.01257579408450538,43.151495501314905,0.014709397503761738,True
tobacco,equalize,540,1000,1000,True,0.016199831770569818,45.557547739095874,0.019770716412809235,True
tobacco,equalize,541,1000,1000,True,0.016615627280801282,44.731071795788665,0.022084703998302535,True
tobacco,equalize,542,1000,1000,True,0.015269308895937398,46.05236557441973,0.020026215442894315,True
tobacco,equalize,543,1000,1000,True,0.012949825949476764,47.518415114563744,0.014740773182999555,True
tobacco,equalize,544,1000,1000,True,0.015226322677785587,45.40315309535231,0.01797463920644408,True
tobacco,equalize,545,1000,1000,True,0.013739138097491032,45.24818801896934,0.01650819468786181,True
tobacco,equalize,546,1000,1000,True,0.014405457273799068,45.52340100431864,0.01783386572455433,True
tobacco,equalize,547,1000,1000,True,0.017097408933072586,44.805881031400325,0.024053977606111283,True
tobacco,equalize,548,1000,1000,True,0.0168799623989484,46.25095073617407,0.022415270850134162,True
tobacco,equalize,549,1000,1000,True,0.014418525271417407,46.52008846724176,0.019143323345275343,True
tobacco,equalize,550,1000,1000,True,0.014502320415924879,48.301165658812,0.01792802185810357,True
tobacco,equalize,551,1000,1000,True,0.017376907694232512,43.09700221593145,0.02339177738733185,True
tobacco,equalize,552,1000,1000,True,0.013928524525327184,46.659424085601394,0.01659340928039074,True
tobacco,equalize,553,1000,1000,True,0.013143244141402291,47.80597216875732,0.016458295185653306,True
tobacco,equalize,554,1000,1000,True,0.014308686064938679,44.13313166998236,0.017380163697645855,True
tobacco,equalize,555,1000,1000,True,0.012646670195061818,43.515510981717775,0.01501905495793129,True
tobacco,equalize,556,1000,1000,True,0.015432896794464385,49.34354247518109,0.020792129278524283,True
tobacco,equalize,557,1000,1000,True,0.016392548318607127,46.67025578460011,0.021843834352525092,True
tobacco,equalize,558,1000,1000,True,0.014499457384208873,47.77920317460307,0.019949222246831915,True
tobacco,equalize,559,1000,1000,True,0.014662953421420839,46.88697856548234,0.01817499172242189,True
tobacco,equalize,560,1000,1000,True,0.014816959295995299,46.94330755283441,0.025911150781491407,True
tobacco,equalize,561,1000,1000,True,0.015852547588545957,46.036477265316464,0.020072210429889575,True
tobacco,equalize,562,1000,1000,True,0.01671172813497923,44.7457748172942,0.02215245992447456,True
tobacco,equalize,563,1000,1000,True,0.014395644332069473,45.0615211017116,0.018098631049775223,True
tobacco,equalize,564,1000,1000,True,0.01557745000158439,47.80630046343264,0.01898071330694276,True
tobacco,equalize,565,1000,1000,True,0.016471471800324305,46.79885766768244,0.021166719830339725,True
tobacco,equalize,566,1000,1000,True,0.015684476455737787,45.25065387372872,0.020154915112735903,True
tobacco,equalize,567,1000,1000,True,0.01650985948044187,44.006591767597726,0.02120613974260786,True
tobacco,equalize,568,1000,1000,True,0.016231333422492392,47.49353841313574,0.020246012715556157,True
tobacco,equalize,569,1000,1000,True,0.017382851197732297,46.87273364121192,0.022681219065637113,True
tobacco,equalize,570,1000,1000,True,0.014091629122514293,47.056820706460826,0.016761965345328703,True
tobacco,equalize,571,1000,1000,True,0.015711771758586634,48.504395512159505,0.019527258212367275,True
tobacco,equalize,572,1000,1000,True,0.013184528009529416,44.65357907267905,0.01580106410948371,True
tobacco,equalize,573,1000,1000,True,0.016261220180585265,46.86064266524735,0.021736449991258525,True
tobacco,equalize,574,1000,1000,True,0.014763617178347288,44.42626952603605,0.018267872384500616,True
tobacco,equalize,575,1000,1000,True,0.01717784653026939,46.41870898678678,0.022926375524699418,True
tobacco,equalize,576,1000,1000,True,0.014478176445262657,43.78691178879826,0.019671651248963255,True
tobacco,equalize,577,1000,1000,True,0.014616981437985099,45.956708280728726,0.01751398909269414,True
tobacco,equalize,578,1000,1000,True,0.01716023535033155,47.102609004173004,0.02160495445086687,True
tobacco,equalize,579,1000,1000,True,0.015015894166555561,46.00999864159963,0.015067749682508192,True
tobacco,equalize,580,1000,1000,True,0.013200408600765526,47.24115155243361,0.01565387521802073,True
tobacco,equalize,581,1000,1000,True,0.017159106402488983,47.792435217301914,0.020649293311304738,True
tobacco,equalize,582,1000,1000,True,0.014646939068630406,43.24802770069405,0.017974985578854494,True
tobacco,equalize,583,1000,1000,True,0.017485521602606243,46.869918668587424,0.0230780138807485,True
tobacco,equalize,584,1000,1000,True,0.015095374920330574,48.962599512280796,0.021023600702467914,True
tobacco,equalize,585,1000,1000,True,0.014892727132399796,44.98507641429544,0.01998382956402534,True
tobacco,equalize,586,1000,1000,True,0.016556823693536036,45.799206936365174,0.022368416766802974,True
tobacco,equalize,587,1000,1000,True,0.014493404556461717,43.67509330270514,0.017661489452246642,True
tobacco,equalize,588,1000,1000,True,0.013942574138895988,46.049571974123715,0.016884531121562987,True
tobacco,equalize,589,1000,1000,True,0.015699600656015823,46.260023249021394,0.020863549556568172,True
tobacco,equalize,590,1000,1000,True,0.014366606995353826,47.20073345828431,0.01776673410603454,True
tobacco,equalize,591,1000,1000,True,0.014452199887362217,45.284230146928635,0.016351674483491025,True
tobacco,equalize,592,1000,1000,True,0.014183380029389375,45.74209719722086,0.017443715836473684,True
tobacco,equalize,593,1000,1000,True,0.016812250777334895,46.80903287828109,0.023010504201348828,True
tobacco,equalize,594,1000,1000,True,0.01274568965313916,42.20302964243207,0.015486613675124983,True
tobacco,equalize,595,1000,1000,True,0.01430742876723916,42.92533227594168,0.017552781275515867,True
tobacco,equalize,596,1000,1000,True,0.017000495465211218,46.08662251673472,0.022304192023852896,True
tobacco,equalize,597,1000,1000,True,0.016419214170670656,44.23979338785388,0.021927741611504105,True
tobacco,equalize,598,1000,1000,True,0.014870745335104029,48.6054605574312,0.018739462183279106,True
tobacco,equalize,599,1000,1000,True,0.017474425293137377,42.85430758978612,0.022203900699190298,True
tobacco,equalize,600,1000,1000,True,0.016731797683543034,45.7351570566889,0.022529302819186657,True
tobacco,equalize,601,1000,1000,True,0.0164769418700997,47.71968042642364,0.020845122090146787,True
tobacco,equalize,602,1000,1000,True,0.015868827117778452,47.10091157291969,0.021509273970826498,True
tobacco,equalize,603,1000,1000,True,0.01557414461330247,44.9870347544712,0.020808255888671565,True
tobacco,equalize,604,1000,1000,True,0.014454873487385094,44.69345719453799,0.019672969223858344,True
tobacco,equalize,605,1000,1000,True,0.016990085899767523,45.13357668078168,0.022052247069063266,True
tobacco,equalize,606,1000,1000,True,0.01567759852340345,43.92613144814827,0.020865020629240855,True
tobacco,equalize,607,1000,1000,True,0.015129102428922672,50.62480458233888,0.016247985434720606,True
tobacco,equalize,608,1000,1000,True,0.014849482077511359,45.873737922693856,0.016027340641560358,True
tobacco,equalize,609,1000,1000,True,0.016716921555415494,45.64583661189703,0.022008593601384796,True
tobacco,equalize,610,1000,1000,True,0.016658645156421827,46.46301320405296,0.02160167456382488,True
tobacco,equalize,611,1000,1000,True,0.016020273969287457,47.63035955144576,0.02132258320296545,True
tobacco,equalize,612,1000,1000,True,0.01505222566571632,45.94554140501557,0.016619956015096745,True
tobacco,equalize,613,1000,1000,True,0.015465676917291001,47.8114190439899,0.018800372166699213,True
tobacco,equalize,614,1000,1000,True,0.013213009712967743,43.84195888643663,0.01450572353017659,True
tobacco,equalize,615,1000,1000,True,0.014973414657787665,44.53836364304374,0.02038994857750405,True
tobacco,equalize,616,1000,1000,True,0.014534493236309655,48.544056649604386,0.016835428830086673,True
tobacco,equalize,617,1000,1000,True,0.016005469246381555,45.64216076173432,0.02397446364175098,True
tobacco,equalize,618,1000,1000,True,0.016406638887819514,48.25803721661294,0.021331701165148608,True
tobacco,equalize,619,1000,1000,True,0.017169576323289838,47.15607234492712,0.02306930146551731,True
tobacco,equalize,620,1000,1000,True,0.014713293878335967,43.908517806913046,0.01751822159997316,True
tobacco,equalize,621,1000,1000,True,0.016625559431853645,47.13587541353189,0.020486074643993483,True
tobacco,equalize,622,1000,1000,True,0.015575039443466766,46.229362087314165,0.019854775906355412,True
tobacco,equalize,623,1000,1000,True,0.015859350781031213,45.88374430013314,0.019774535225584706,True
tobacco,equalize,624,1000,1000,True,0.013802954663861533,45.092262706588585,0.01671537301046951,True
tobacco,equalize,625,1000,1000,True,0.015293951290018872,47.528072115329906,0.020002244818405006,True
tobacco,equalize,626,1000,1000,True,0.016731159726646027,45.1905755550867,0.022078240724686473,True
tobacco,equalize,627,1000,1000,True,0.014490628999582273,46.46001287128534,0.01942806432234511,True
tobacco,equalize,628,1000,1000,True,0.017124348631473562,46.82114239315397,0.02143178266998461,True
tobacco,equalize,629,1000,1000,True,0.016884643161009738,46.572432146066845,0.022418791399805016,True
tobacco,equalize,630,1000,1000,True,0.015378697611495313,45.282820760195584,0.02093718301480396,True
tobacco,equalize,631,1000,1000,True,0.016569575116893127,44.14928963188422,0.021274047249770316,True
tobacco,equalize,632,1000,1000,True,0.014409600771341145,44.44136135403595,0.018800035906338608,True
tobacco,equalize,633,1000,1000,True,0.013724387343865819,47.60069961670732,0.0161832215803918,True
tobacco,equalize,634,1000,1000,True,0.01537813704754035,45.17410072154176,0.020060014302103604,True
tobacco,equalize,635,1000,1000,True,0.014344595211739234,46.01221097708738,0.017853183865513916,True
tobacco,equalize,636,1000,1000,True,0.014458550691628594,47.34448778897074,0.01960030898743357,True
tobacco,equalize,637,1000,1000,True,0.014724027071977189,48.088199966311905,0.01886213093680588,True
tobacco,equalize,638,1000,1000,True,0.016668287697096426,45.4287498287153,0.022392350392802247,True
tobacco,equalize,639,1000,1000,True,0.016642022744062006,46.99260230078772,0.02172242828319505,True
tobacco,equalize,640,1000,1000,True,0.01575925754422862,47.6466378247196,0.020831357680615406,True
tobacco,equalize,641,1000,1000,True,0.01673813549994764,45.26380937349396,0.020645902199196875,True
tobacco,equalize,642,1000,1000,True,0.015166909009080942,46.02738732537401,0.017975274328445288,True
tobacco,equalize,643,1000,1000,True,0.014467041129119009,47.56016467591339,0.01880451283466177,True
tobacco,equalize,644,1000,1000,True,0.016376836198721142,42.38686003940372,0.02147227533389861,True
tobacco,equalize,645,1000,1000,True,0.015257083031559907,44.3190090029098,0.016039060748381042,True
tobacco,equalize,646,1000,1000,True,0.01593121033073822,49.758004129988976,0.01706496236321921,True
tobacco,equalize,647,1000,1000,True,0.014362734110492277,45.96685674483301,0.01828990954538231,True
tobacco,equalize,648,1000,1000,True,0.016531356885247733,47.01799611850764,0.022112292616378284,True
tobacco,equalize,649,1000,1000,True,0.014717837192481178,48.02967206842037,0.017186045180453153,True
tobacco,equalize,650,1000,1000,True,0.016238497001154494,45.01548594650512,0.020975930094354247,True
tobacco,equalize,651,1000,1000,True,0.011158378770833206,44.193008213969776,0.012392432488962712,True
tobacco,equalize,652,1000,1000,True,0.0169702283296716,48.17150273761449,0.02240654093053601,True
tobacco,equalize,653,1000,1000,True,0.015302570117312205,45.8390115076667,0.02030313460274993,True
tobacco,equalize,654,1000,1000,True,0.012262612080338593,46.103253854798574,0.013977654163505427,True
tobacco,equalize,655,1000,1000,True,0.014942038692905465,46.17349417143996,0.02020594123771393,True
tobacco,equalize,656,1000,1000,True,0.013482247724310233,46.39219843896169,0.015498113456011165,True
tobacco,equalize,657,1000,1000,True,0.014186290393168736,46.645699651736386,0.01713355473369512,True
tobacco,equalize,658,1000,1000,True,0.014663596848816794,48.22311827329295,0.016352177877565526,True
tobacco,equalize,659,1000,1000,True,0.013960211364695264,46.233331006969415,0.01903520529127116,True
tobacco,equalize,660,1000,1000,True,0.012933422912732903,46.484271533498294,0.015198429308492425,True
tobacco,equalize,661,1000,1000,True,0.014517375161614967,44.62298151177261,0.01811868555393885,True
tobacco,equalize,662,1000,1000,True,0.01434858898021376,44.883118608225075,0.016695833763304645,True
tobacco,equalize,663,1000,1000,True,0.014960736918418566,47.00510116997942,0.019413268080118715,True
tobacco,equalize,664,1000,1000,True,0.013144883776310174,46.87461893178439,0.01676976366440486,True
tobacco,equalize,665,1000,1000,True,0.015566379956800217,46.02813378793453,0.018972184234282482,True
tobacco,equalize,666,1000,1000,True,0.015427550131162523,49.02780206168741,0.018999068285850625,True
tobacco,equalize,667,1000,1000,True,0.015174682787892151,45.439903598049156,0.018670369353018055,True
tobacco,equalize,668,1000,1000,True,0.013178978273194449,50.13511119963733,0.013506133125241425,True
tobacco,equalize,669,1000,1000,True,0.015877263208101167,47.181559957254485,0.020532183884452083,True
tobacco,equalize,670,1000,1000,True,0.017157318284590443,47.54952496082374,0.022351209934350035,True
tobacco,equalize,671,1000,1000,True,0.015740596624889865,46.67196348987259,0.02180872098632779,True
tobacco,equalize,672,1000,1000,True,0.014926031388079318,47.06365237632966,0.019450474267285908,True
tobacco,equalize,673,1000,1000,True,0.016893095032060164,47.56401201538827,0.02240009595513163,True
tobacco,equalize,674,1000,1000,True,0.016242767390039166,42.15455258925185,0.022197397427015986,True
tobacco,equalize,675,1000,1000,True,0.016255022350257796,46.2937617287686,0.02157737969207627,True
tobacco,equalize,676,1000,1000,True,0.014319339164093265,47.78769581178821,0.01790829070891439,True
tobacco,equalize,677,1000,1000,True,0.01410116922894694,43.76733535411997,0.015872558815333608,True
tobacco,equalize,678,1000,1000,True,0.015812165968564395,46.717792745377,0.01815929482402564,True
tobacco,equalize,679,1000,1000,True,0.014603187530474815,45.105699318378825,0.017985625285807917,True
tobacco,equalize,680,1000,1000,True,0.014048168473634994,45.39229586614892,0.016586258585072407,True
tobacco,equalize,681,1000,1000,True,0.016304322027469346,45.016013861735914,0.02007669559499412,True
tobacco,equalize,682,1000,1000,True,0.015157053865879637,46.32773889366931,0.01902406883347785,True
tobacco,equalize,683,1000,1000,True,0.017082661951574762,47.74098746360406,0.02220982821615087,True
tobacco,equalize,684,1000,1000,True,0.014567218845622317,47.741773731188495,0.01882434324263508,True
tobacco,equalize,685,1000,1000,True,0.014258087250637473,47.00305554961294,0.017890251825489374,True
tobacco,equalize,686,1000,1000,True,0.014115569085147597,45.977790464527544,0.01743867707151474,True
tobacco,equalize,687,1000,1000,True,0.014072694137864623,47.25044735237964,0.01755070751972225,True
tobacco,equalize,688,1000,1000,True,0.014710374237652937,44.19535404315707,0.01996398590534388,True
tobacco,equalize,689,1000,1000,True,0.017558362827187358,46.45910507101918,0.023501432581127073,True
tobacco,equalize,690,1000,1000,True,0.0143173657270816,46.58741220544451,0.019726066686595364,True
tobacco,equalize,691,1000,1000,True,0.013881902727402104,45.70235840741701,0.017885784698616663,True
tobacco,equalize,692,1000,1000,True,0.016069078976292412,48.551687262133335,0.020965660336063525,True
tobacco,equalize,693,1000,1000,True,0.014439574890576174,44.524286844372924,0.01633909851405984,True
tobacco,equalize,694,1000,1000,True,0.013880938427316265,45.60415700350134,0.01672152050423537,True
tobacco,equalize,695,1000,1000,True,0.013986869683991125,48.082539824763835,0.016638445274024867,True
tobacco,equalize,696,1000,1000,True,0.01877737032013307,43.63787390558802,0.02407024254034343,True
tobacco,equalize,697,1000,1000,True,0.013731608844289473,45.45607522653051,0.018736824531584234,True
tobacco,equalize,698,1000,1000,True,0.017144786111477156,47.40671260486219,0.02224856963016892,True
tobacco,equalize,699,1000,1000,True,0.014830951572825704,43.5781128434906,0.016012048943779087,True
tobacco,equalize,700,1000,1000,True,0.01465082304244956,46.29540365954271,0.017893522481987067,True
tobacco,equalize,701,1000,1000,True,0.016631212074640227,45.54113639337516,0.020845799848405618,True
tobacco,equalize,702,1000,1000,True,0.01400189973546993,46.27839442979845,0.01924003599076538,True
tobacco,equalize,703,1000,1000,True,0.013425025849861728,42.50148566815047,0.016219521936467782,True
tobacco,equalize,704,1000,1000,True,0.013417833426165517,45.5774263314637,0.016094884837860455,True
tobacco,equalize,705,1000,1000,True,0.0157716243997017,47.64203606060513,0.020567598624853828,True
tobacco,equalize,706,1000,1000,True,0.014637765712541509,46.80650655624707,0.01715651610051759,True
tobacco,equalize,707,1000,1000,True,0.014629959111204079,49.182988929100276,0.019074273552175062,True
tobacco,equalize,708,1000,1000,True,0.016359272804233976,44.53831877159263,0.021410654983846766,True
tobacco,equalize,709,1000,1000,True,0.01768847707514055,46.411407811011294,0.022457697475650868,True
tobacco,equalize,710,1000,1000,True,0.01670306550073017,47.90260743425143,0.022787360311037425,True
tobacco,equalize,711,1000,1000,True,0.01547852277606539,46.590007684051734,0.019953790260613103,True
tobacco,equalize,712,1000,1000,True,0.016541209708931044,45.023792599024794,0.022065376596345446,True
tobacco,equalize,713,1000,1000,True,0.014712333614475178,46.368364042739316,0.019075175230589766,True
tobacco,equalize,714,1000,1000,True,0.012993517286754363,46.5298311946218,0.014824087929152307,True
tobacco,equalize,715,1000,1000,True,0.016168145814199487,46.35644540945736,0.02088721186049791,True
tobacco,equalize,716,1000,1000,True,0.016462182365487753,48.87165542520531,0.02305661743768007,True
tobacco,equalize,717,1000,1000,True,0.013695331691054144,44.492262237382356,0.01715593127457016,True
tobacco,equalize,718,1000,1000,True,0.017154541011623618,47.65239527033243,0.022181959324022584,True
tobacco,equalize,719,1000,1000,True,0.013799299281926107,46.30644896771939,0.017345658377848013,True
tobacco,equalize,720,1000,1000,True,0.016586489941136623,46.037425981477284,0.021703633349702014,True
tobacco,equalize,721,1000,1000,True,0.014005165839885784,46.83433168093679,0.016007786191705405,True
tobacco,equalize,722,1000,1000,True,0.013119613871914463,45.906682912186106,0.015406681153447128,True
tobacco,equalize,723,1000,1000,True,0.016225324891970642,45.507786136000945,0.020204282028726202,True
tobacco,equalize,724,1000,1000,True,0.014483704933484129,44.784343648199204,0.017635588578408454,True
tobacco,equalize,725,1000,1000,True,0.017227948033945527,45.16824848275611,0.022870425642232454,True
tobacco,equalize,726,1000,1000,True,0.01608572329389528,49.07923842114912,0.02066505716393618,True
tobacco,equalize,727,1000,1000,True,0.016582952114582043,45.978468482540826,0.02242176486284922,True
tobacco,equalize,728,1000,1000,True,0.01554529800405389,46.89484828848474,0.018014878663439895,True
tobacco,equalize,729,1000,1000,True,0.013039169723535995,46.01934974551465,0.015041001500987371,True
tobacco,equalize,730,1000,1000,True,0.01638158580516357,46.95402252203745,0.020652534005148184,True
tobacco,equalize,731,1000,1000,True,0.012773001963037479,48.20982761844311,0.014540349040463514,True
tobacco,equalize,732,1000,1000,True,0.016631987763517424,48.38171298124944,0.021803872757631744,True
tobacco,equalize,733,1000,1000,True,0.014225424815253686,47.93622759458654,0.01821762339553345,True
tobacco,equalize,734,1000,1000,True,0.01627227739591988,46.95895974145935,0.019227436552995518,True
tobacco,equalize,735,1000,1000,True,0.014084449399889575,43.64412875748581,0.01716987094701951,True
tobacco,equalize,736,1000,1000,True,0.013862458879669902,45.544718420471106,0.017347993029582082,True
tobacco,equalize,737,1000,1000,True,0.014121512124424218,46.34973566267665,0.01784507634949154,True
tobacco,equalize,738,1000,1000,True,0.012868767971881188,45.55371703823959,0.015221918547829932,True
tobacco,equalize,739,1000,1000,True,0.013927410432002756,43.69642163839048,0.01720657812069083,True
tobacco,equalize,740,1000,1000,True,0.015656021270534975,48.39922887815466,0.021141811880159064,True
tobacco,equalize,741,1000,1000,True,0.014528847275956401,48.11805231926995,0.019043363172469605,True
tobacco,equalize,742,1000,1000,True,0.01615327945525357,45.199373269991256,0.02060915427027791,True
tobacco,equalize,743,1000,1000,True,0.01493701971664193,44.724188712597126,0.017242253072167153,True
tobacco,equalize,744,1000,1000,True,0.01682433074886513,44.417553185649474,0.020077225458222808,True
tobacco,equalize,745,1000,1000,True,0.014440760986825372,45.47621328782773,0.017847828682657184,True
tobacco,equalize,746,1000,1000,True,0.016614877491124957,47.933923676244156,0.021484663961787696,True
tobacco,equalize,747,1000,1000,True,0.014093910688901187,45.320232027208334,0.017720764728651434,True
tobacco,equalize,748,1000,1000,True,0.017102119792786863,44.974503610379074,0.020703487998324138,True
tobacco,equalize,749,1000,1000,True,0.016717803918349945,45.7811136168617,0.020975142662564224,True
tobacco,equalize,750,1000,1000,True,0.015878159053069493,47.40801618924799,0.02064743168986175,True
tobacco,equalize,751,1000,1000,True,0.014275961175767052,45.830740382411456,0.015349833147806446,True
tobacco,equalize,752,1000,1000,True,0.014590345654726545,45.11862266293154,0.018069402937498803,True
tobacco,equalize,753,1000,1000,True,0.01733926538008258,45.26606869389035,0.021936934700583444,True
tobacco,equalize,754,1000,1000,True,0.015991083215345835,45.31138470627443,0.021728086819313482,True
tobacco,equalize,755,1000,1000,True,0.015181904886691727,44.756574656691505,0.01904088300557191,True
tobacco,equalize,756,1000,1000,True,0.013662818935231826,45.221863904531844,0.015520246217375456,True
tobacco,equalize,757,1000,1000,True,0.01514283632718601,43.534470009407485,0.01943589437135548,True
tobacco,equalize,758,1000,1000,True,0.017091199440372955,45.27343900125105,0.02224381108039114,True
tobacco,equalize,759,1000,1000,True,0.014753951562098855,43.830166312712066,0.019585439911931093,True
tobacco,equalize,760,1000,1000,True,0.016564623540309388,43.170122990327464,0.01998798863464976,True
tobacco,equalize,761,1000,1000,True,0.016647502941114004,47.59024925339223,0.02327543341073093,True
tobacco,equalize,762,1000,1000,True,0.015414110694142492,46.92810022790183,0.02145405484729942,True
tobacco,equalize,763,1000,1000,True,0.016921582385569862,43.58320318654883,0.022145881264733058,True
tobacco,equalize,764,1000,1000,True,0.01608164535417463,47.67162584808704,0.018543419825932068,True
tobacco,equalize,765,1000,1000,True,0.013624182891260253,46.71773486589435,0.013488952237785935,True
tobacco,equalize,766,1000,1000,True,0.017172055886190127,45.939958979084864,0.022717288365265112,True
tobacco,equalize,767,1000,1000,True,0.01716067316394825,44.24456982500791,0.02269963471658889,True
tobacco,equalize,768,1000,1000,True,0.01678253628815857,47.14748000688902,0.021759658289930234,True
tobacco,equalize,769,1000,1000,True,0.014714563283524561,48.61011051211465,0.01786894094618336,True
tobacco,equalize,770,1000,1000,True,0.012703663932499871,47.148275376730375,0.014743068798904257,True
tobacco,equalize,771,1000,1000,True,0.016026563702934968,44.64629968989591,0.021221094174074716,True
tobacco,equalize,772,1000,1000,True,0.01443601104079442,45.097906647648294,0.017078841333020258,True
tobacco,equalize,773,1000,1000,True,0.011993755933464138,44.78992971639942,0.013724507297151417,True
tobacco,equalize,774,1000,1000,True,0.015384055027081792,46.816954663882186,0.019036347510754503,True
tobacco,equalize,775,1000,1000,True,0.01615848008724523,47.183462770339354,0.021753012850744914,True
tobacco,equalize,776,1000,1000,True,0.01738541328688247,42.33864465237403,0.022460392856207597,True
tobacco,equalize,777,1000,1000,True,0.015854926149478647,45.94294321220616,0.021248963092114225,True
tobacco,equalize,778,1000,1000,True,0.016943680978225874,46.21171968234898,0.0223434988680682,True
tobacco,equalize,779,1000,1000,True,0.015735276902201206,45.333246508495286,0.020201126785437003,True
tobacco,equalize,780,1000,1000,True,0.016293558449102033,44.73730826726168,0.022175334073385868,True
tobacco,equalize,781,1000,1000,True,0.013172586368847088,49.86501362679048,0.015844908404672543,True
tobacco,equalize,782,1000,1000,True,0.014348071618080853,46.85457838888319,0.018378824900601106,True
tobacco,equalize,783,1000,1000,True,0.017643666136999265,45.28005702293229,0.023203910766046814,True
tobacco,equalize,784,1000,1000,True,0.015821131373522042,46.60013046119077,0.020033939904553984,True
tobacco,equalize,785,1000,1000,True,0.015459371192288122,46.646490532514875,0.019125833941975073,True
tobacco,equalize,786,1000,1000,True,0.017057540467059127,45.06633110205445,0.022287119335392267,True
tobacco,equalize,787,1000,1000,True,0.01415318775916309,46.71407469917391,0.017808475416887622,True
tobacco,equalize,788,1000,1000,True,0.014569291982334382,44.55378659552968,0.017707534614582885,True
tobacco,equalize,789,1000,1000,True,0.01473950806584982,44.87492355425243,0.01601444493481818,True
tobacco,equalize,790,1000,1000,True,0.014076705934992202,47.78635700699521,0.01407687604530683,True
tobacco,equalize,791,1000,1000,True,0.015482498188169441,46.86210228959004,0.019840935450617263,True
tobacco,equalize,792,1000,1000,True,0.014519253794130653,47.084240080944284,0.01931799388220865,True
tobacco,equalize,793,1000,1000,True,0.011409033878742213,47.1780733392113,0.0128100605809457,True
tobacco,equalize,794,1000,1000,True,0.011637288839804973,45.83423715957319,0.01333360147677195,True
tobacco,equalize,795,1000,1000,True,0.014026865663195378,44.053235420341146,0.017703890778862866,True
tobacco,equalize,796,1000,1000,True,0.016337860427885625,46.00838167116944,0.021969893335379343,True
tobacco,equalize,797,1000,1000,True,0.016396798666974764,47.495093472905175,0.02211838082503411,True
tobacco,equalize,798,1000,1000,True,0.0152391687745545,46.980045806703934,0.02004120586073459,True
tobacco,equalize,799,1000,1000,True,0.017460112638208295,45.11122835835885,0.022719745053410314,True
tobacco,equalize,800,1000,1000,True,0.014120899533747771,46.28534704417803,0.017837494755555346,True
tobacco,equalize,801,1000,1000,True,0.015387660745141765,45.46322799802056,0.02018289121587101,True
tobacco,equalize,802,1000,1000,True,0.016561465654051807,47.60533180222568,0.021747727189007065,True
tobacco,equalize,803,1000,1000,True,0.014080332241726543,46.75028894028357,0.019179904265282138,True
tobacco,equalize,804,1000,1000,True,0.01619303187912015,47.595531554968474,0.021426860607178556,True
tobacco,equalize,805,1000,1000,True,0.015893281627944615,45.142164048702845,0.018761754615747937,True
tobacco,equalize,806,1000,1000,True,0.01618323637723702,45.3359228427083,0.020274725909906997,True
tobacco,equalize,807,1000,1000,True,0.012936749145535767,44.124631261915376,0.01568059462776122,True
tobacco,equalize,808,1000,1000,True,0.014612475592946829,45.51049943694312,0.017024265057473634,True
tobacco,equalize,809,1000,1000,True,0.013670404030634782,44.49561039023962,0.016177636284628046,True
tobacco,equalize,810,1000,1000,True,0.012839188820907203,44.614208095628015,0.01512440518936162,True
tobacco,equalize,811,1000,1000,True,0.0141968805801204,45.71366525449474,0.015257671192352997,True
tobacco,equalize,812,1000,1000,True,0.01341084873729472,47.918527930227576,0.01797728845262697,True
tobacco,equalize,813,1000,1000,True,0.013942361169916569,45.63757179123359,0.017760546945783075,True
tobacco,equalize,814,1000,1000,True,0.01719827613045601,45.67755062391152,0.02395380647266981,True
tobacco,equalize,815,1000,1000,True,0.01504180506833687,46.269691753890044,0.018240722946512487,True
tobacco,equalize,816,1000,1000,True,0.01726453727486047,46.52571723251561,0.02249235850810867,True
tobacco,equalize,817,1000,1000,True,0.014412711351040247,45.287544413447726,0.018439564217349613,True
tobacco,equalize,818,1000,1000,True,0.014533471729262157,44.588697570124204,0.02031617989149428,True
tobacco,equalize,819,1000,1000,True,0.012403299407210622,46.86439747825635,0.015510831716963377,True
tobacco,equalize,820,1000,1000,True,0.015387411753250617,47.48350567302292,0.021406198740648273,True
tobacco,equalize,821,1000,1000,True,0.017405937695676384,44.82371689184198,0.02294668187188489,True
tobacco,equalize,822,1000,1000,True,0.017358878746283387,44.0791215770006,0.023665389452074685,True
tobacco,equalize,823,1000,1000,True,0.01640567264680341,46.48307622135179,0.021976725983546302,True
tobacco,equalize,824,1000,1000,True,0.014465760349285782,43.17112913742238,0.017634585455387916,True
tobacco,equalize,825,1000,1000,True,0.016332583127977165,46.5118230023292,0.019323671843906067,True
tobacco,equalize,826,1000,1000,True,0.016972322219047282,45.013012329769715,0.021614910496940743,True
tobacco,equalize,827,1000,1000,True,0.017965616184874942,45.62698016524872,0.022159273291320173,True
tobacco,equalize,828,1000,1000,True,0.015768645211719272,44.03219702672125,0.02095394967180596,True
tobacco,equalize,829,1000,1000,True,0.015152176042923416,44.848808412264425,0.02029749379728878,True
tobacco,equalize,830,1000,1000,True,0.016337454063083002,44.70703290311268,0.020918921433264837,True
tobacco,equalize,831,1000,1000,True,0.016494819487781847,47.55039869443789,0.01994280563765861,True
tobacco,equalize,832,1000,1000,True,0.014640849487825878,48.14744228928469,0.019041959806770092,True
tobacco,equalize,833,1000,1000,True,0.017419909623133008,48.30588857478972,0.022246199497465476,True
tobacco,equalize,834,1000,1000,True,0.013136216899934184,47.66286483206816,0.015075936347523787,True
tobacco,equalize,835,1000,1000,True,0.016360013816702906,46.65611038224254,0.021235616060545817,True
tobacco,equalize,836,1000,1000,True,0.01124528878762775,42.769183999697724,0.013920229010655788,True
tobacco,equalize,837,1000,1000,True,0.013705041516791402,46.546941886658885,0.015538805376471758,True
tobacco,equalize,838,1000,1000,True,0.013871246855493485,44.49717973085485,0.01806318224176796,True
tobacco,equalize,839,1000,1000,True,0.01555808427868215,43.017101610870995,0.021044944865352425,True
tobacco,equalize,840,1000,1000,True,0.015458122286277902,43.57322347497371,0.02348703694982947,True
tobacco,equalize,841,1000,1000,True,0.013317754295339412,46.952136266627946,0.01650517979296453,True
tobacco,equalize,842,1000,1000,True,0.01630224185572021,46.26899902742656,0.021152420644625178,True
tobacco,equalize,843,1000,1000,True,0.014220365511232309,45.16260041228804,0.01800318820384455,True
tobacco,equalize,844,1000,1000,True,0.016065799838481075,44.97436557640363,0.019787738401872278,True
tobacco,equalize,845,1000,1000,True,0.014329924185787324,43.68084518413077,0.01770260306808213,True
tobacco,equalize,846,1000,1000,True,0.01489883551238969,43.40534270110075,0.020699131708155835,True
tobacco,equalize,847,1000,1000,True,0.01701035211622108,44.64196227765979,0.02249050810244184,True
tobacco,equalize,848,1000,1000,True,0.016400455494715464,45.958231373715854,0.02054424511515194,True
tobacco,equalize,849,1000,1000,True,0.016575230960391152,45.8764235637435,0.021857804745880772,True
tobacco,equalize,850,1000,1000,True,0.012670461498343442,43.58545165534023,0.0164407274166774,True
tobacco,equalize,851,1000,1000,True,0.015491883535524763,45.61562324467353,0.020152994159010555,True
tobacco,equalize,852,1000,1000,True,0.015970259772711534,46.74820514201588,0.02079715205278221,True
tobacco,equalize,853,1000,1000,True,0.014471736627833269,44.26786770333534,0.0207900319464735,True
tobacco,equalize,854,1000,1000,True,0.015615081974553257,47.64016691826341,0.02151653112322545,True
tobacco,equalize,855,1000,1000,True,0.014230412907739761,46.35901426907177,0.017499007150526453,True
tobacco,equalize,856,1000,1000,True,0.01502542116185045,49.79340067719818,0.018221998659270846,True
tobacco,equalize,857,1000,1000,True,0.016672707964280387,46.69193437843414,0.023110950190890666,True
tobacco,equalize,858,1000,1000,True,0.01513602195724247,46.3571653037586,0.017694620417501125,True
tobacco,equalize,859,1000,1000,True,0.01645873639474312,45.512193487020596,0.02146564997064502,True
tobacco,equalize,860,1000,1000,True,0.014956186136230528,45.97017118741239,0.01823396251285364,True
tobacco,equalize,861,1000,1000,True,0.01213511681413373,44.35826100062986,0.014129040368388104,True
tobacco,equalize,862,1000,1000,True,0.01585431294612877,52.07800902492337,0.02014182779325468,True
tobacco,equalize,863,1000,1000,True,0.015278530550008135,44.3343316065552,0.021111536240657237,True
tobacco,equalize,864,1000,1000,True,0.017531459014347706,45.065617714616984,0.022810670142148475,True
tobacco,equalize,865,1000,1000,True,0.01588934569507183,47.00950010370244,0.018441307863218105,True
tobacco,equalize,866,1000,1000,True,0.015588380844901526,46.84145493043528,0.021541861742428232,True
tobacco,equalize,867,1000,1000,True,0.01618399987609121,45.04815200427205,0.021090462140500588,True
tobacco,equalize,868,1000,1000,True,0.0166494605133713,46.11336947133662,0.020857038233392734,True
tobacco,equalize,869,1000,1000,True,0.0141781980530788,46.56059534627967,0.01694611693515912,True
tobacco,equalize,870,1000,1000,True,0.017482459176980058,45.42658075400349,0.023818798483906348,True
tobacco,equalize,871,1000,1000,True,0.01532354962917759,46.332853128206985,0.020025820846016437,True
tobacco,equalize,872,1000,1000,True,0.013291766803632825,48.89508595963402,0.018961892253626714,True
tobacco,equalize,873,1000,1000,True,0.014154649503291584,43.697069695804544,0.018069181623116215,True
tobacco,equalize,874,1000,1000,True,0.014167020911527052,47.60714525152711,0.018686730675259968,True
tobacco,equalize,875,1000,1000,True,0.013093297127324188,49.55040979648907,0.01653343212829319,True
tobacco,equalize,876,1000,1000,True,0.016233632882262556,43.82101646470561,0.019284550990925676,True
tobacco,equalize,877,1000,1000,True,0.014648362576311115,45.55418395712956,0.01796305686625249,True
tobacco,equalize,878,1000,1000,True,0.013540704054793223,45.58514572752839,0.013937274710124294,True
tobacco,equalize,879,1000,1000,True,0.015418116304045,46.30392595666161,0.019724783216849628,True
tobacco,equalize,880,1000,1000,True,0.01479110822287156,48.39425548554291,0.017882646199401553,True
tobacco,equalize,881,1000,1000,True,0.014835274844938328,45.84681012895008,0.019279878130992436,True
tobacco,equalize,882,1000,1000,True,0.014935426114488523,45.22741535838633,0.019393210112311675,True
tobacco,equalize,883,1000,1000,True,0.01582937807176163,48.86336689177282,0.021065752754296136,True
tobacco,equalize,884,1000,1000,True,0.016205587842896798,46.11717333055008,0.021025435281401536,True
tobacco,equalize,885,1000,1000,True,0.012521752723005321,44.452277500708554,0.014777547747645373,True
tobacco,equalize,886,1000,1000,True,0.01704178033634174,50.948611119440734,0.022427804830627524,True
tobacco,equalize,887,1000,1000,True,0.015118533666476223,47.51046621535091,0.018654177889942187,True
tobacco,equalize,888,1000,1000,True,0.014451503966113034,45.23505754390062,0.018521583127756945,True
tobacco,equalize,889,1000,1000,True,0.01681221694963247,44.14816099227691,0.021248996899958336,True
tobacco,equalize,890,1000,1000,True,0.016195509030508145,45.87894147645518,0.01930884025221695,True
tobacco,equalize,891,1000,1000,True,0.01569819239064679,47.972760177000445,0.020223300541589172,True
tobacco,equalize,892,1000,1000,True,0.016509388452914765,45.64666362397146,0.021550099394726845,True
tobacco,equalize,893,1000,1000,True,0.01217707529833524,46.9399294311357,0.01452598123011554,True
tobacco,equalize,894,1000,1000,True,0.015937083331408152,44.725188775454036,0.019795808437157985,True
tobacco,equalize,895,1000,1000,True,0.013646707885182244,48.16120545625909,0.014829876209384746,True
tobacco,equalize,896,1000,1000,True,0.013493878062066271,46.97275779640791,0.017211437185788978,True
tobacco,equalize,897,1000,1000,True,0.01611727971400527,47.39196302117058,0.020996789555393497,True
tobacco,equalize,898,1000,1000,True,0.014485206062379793,45.599833815486654,0.018166319326283167,True
tobacco,equalize,899,1000,1000,True,0.015957234651513,43.681314815376155,0.01999016502475009,True
tobacco,equalize,900,1000,1000,True,0.015961632798025534,45.18025054158067,0.017708707028408373,True
tobacco,equalize,901,1000,1000,True,0.01599720255474287,47.780969004405925,0.020937349709927562,True
tobacco,equalize,902,1000,1000,True,0.01494327584693796,47.46931236072416,0.016527997415863808,True
tobacco,equalize,903,1000,1000,True,0.014238558399640907,46.8395335160375,0.01761309711210353,True
tobacco,equalize,904,1000,1000,True,0.014173239735790216,48.02599479448604,0.016842945401808793,True
tobacco,equalize,905,1000,1000,True,0.015480088699838235,47.84728201267027,0.01872026395294368,True
tobacco,equalize,906,1000,1000,True,0.01649436218555416,48.39994122930316,0.02508290130419512,True
tobacco,equalize,907,1000,1000,True,0.01565849888403731,47.494519431193325,0.019057264236268936,True
tobacco,equalize,908,1000,1000,True,0.01613552318011776,44.936829260640984,0.02060774598188966,True
tobacco,equalize,909,1000,1000,True,0.01699906678181743,43.6553409218162,0.022454960981616316,True
tobacco,equalize,910,1000,1000,True,0.014285902423643177,46.62395414376605,0.018646999430374123,True
tobacco,equalize,911,1000,1000,True,0.017186741838347945,45.487822546259565,0.023251661859256485,True
tobacco,equalize,912,1000,1000,True,0.01610236490636203,44.623142157405276,0.01980925068644617,True
tobacco,equalize,913,1000,1000,True,0.014389565309757003,44.95893486282788,0.019176813983606534,True
tobacco,equalize,914,1000,1000,True,0.015217989932510684,43.25419146163756,0.021772082741031946,True
tobacco,equalize,915,1000,1000,True,0.016797243110373884,43.046855576220665,0.02108680271837137,True
tobacco,equalize,916,1000,1000,True,0.01322054903819074,45.165144514326535,0.015406193494919429,True
tobacco,equalize,917,1000,1000,True,0.013739664446058671,45.24080985128361,0.013889119482340562,True
tobacco,equalize,918,1000,1000,True,0.014945847581633838,48.713534782440085,0.018467303727850708,True
tobacco,equalize,919,1000,1000,True,0.015909045349288546,46.23373909819538,0.021764227004155166,True
tobacco,equalize,920,1000,1000,True,0.01742086909418264,46.76719410013819,0.022797788914016705,True
tobacco,equalize,921,1000,1000,True,0.015233315941854434,50.05030924979385,0.017380454062737333,True
tobacco,equalize,922,1000,1000,True,0.016473908536837733,48.68696022550596,0.022197989938158198,True
tobacco,equalize,923,1000,1000,True,0.012903837015017386,45.41768267976692,0.01493169956408126,True
tobacco,equalize,924,1000,1000,True,0.012312408179153139,45.08417154612026,0.014366540323720048,True
tobacco,equalize,925,1000,1000,True,0.015401490975180619,45.55535699563774,0.019669451485779046,True
tobacco,equalize,926,1000,1000,True,0.014385795566845343,44.758684866738434,0.017486754091237355,True
tobacco,equalize,927,1000,1000,True,0.0157778633828844,44.54398624954889,0.021400721402467217,True
tobacco,equalize,928,1000,1000,True,0.014431387298405143,46.28758153111912,0.017716651906954886,True
tobacco,equalize,929,1000,1000,True,0.01585070876432086,45.590919753828175,0.019822692880317298,True
tobacco,equalize,930,1000,1000,True,0.014836001185998817,44.0427083181768,0.01996134241252503,True
tobacco,equalize,931,1000,1000,True,0.014663933248855433,45.794288333808616,0.024555041203198968,True
tobacco,equalize,932,1000,1000,True,0.016366656180705392,45.501779481686214,0.021271512246915456,True
tobacco,equalize,933,1000,1000,True,0.01566872941716569,43.997654437481096,0.019724159509628046,True
tobacco,equalize,934,1000,1000,True,0.01658579658514733,46.70683760435939,0.02190542196362164,True
tobacco,equalize,935,1000,1000,True,0.014673778921524935,44.43521841962746,0.018241783642673506,True
tobacco,equalize,936,1000,1000,True,0.01350422482313066,46.68380528620177,0.015204625913782008,True
tobacco,equalize,937,1000,1000,True,0.01473911937081417,47.880617539877235,0.015190215257713618,True
tobacco,equalize,938,1000,1000,True,0.014396087212140394,46.80132219286118,0.018290352394006816,True
tobacco,equalize,939,1000,1000,True,0.01648652074620533,44.4139877853813,0.022126070508174493,True
tobacco,equalize,940,1000,1000,True,0.016316671644118597,46.854856738656245,0.019181663318397303,True
tobacco,equalize,941,1000,1000,True,0.017247312776629022,46.00962834016376,0.02131805912553323,True
tobacco,equalize,942,1000,1000,True,0.016268122575119358,45.98146669039603,0.022594132725879405,True
tobacco,equalize,943,1000,1000,True,0.014595893999548417,45.77359111977123,0.018170245364249313,True
tobacco,equalize,944,1000,1000,True,0.013593703824167993,43.82304734953972,0.01747558148744624,True
tobacco,equalize,945,1000,1000,True,0.014314789815320637,47.80898617414931,0.018871237311264843,True
tobacco,equalize,946,1000,1000,True,0.013010019872787,44.84212072371243,0.014348182184942753,True
tobacco,equalize,947,1000,1000,True,0.014177969622603275,44.94416981099996,0.016862282941770064,True
tobacco,equalize,948,1000,1000,True,0.013461425746109442,45.756035656512026,0.017782499449470496,True
tobacco,equalize,949,1000,1000,True,0.014977428210568479,45.55547084599171,0.017565548576268256,True
tobacco,equalize,950,1000,1000,True,0.015611878501647766,45.94354431255821,0.020029826241103832,True
tobacco,equalize,951,1000,1000,True,0.014503750275199657,45.137497925782284,0.01712737197724313,True
tobacco,equalize,952,1000,1000,True,0.014638917348173772,47.17139658733881,0.018525235459944854,True
tobacco,equalize,953,1000,1000,True,0.016616167713693484,46.26538921267171,0.02065081472371025,True
tobacco,equalize,954,1000,1000,True,0.013105117332025512,45.36165071952298,0.015817167267832367,True
tobacco,equalize,955,1000,1000,True,0.017367856782124616,45.64955482805939,0.02224229393232932,True
tobacco,equalize,956,1000,1000,True,0.015083933227321808,46.52260027126601,0.019431976044329422,True
tobacco,equalize,957,1000,1000,True,0.016611510406641737,47.796141057620964,0.02188025942636931,True
tobacco,equalize,958,1000,1000,True,0.015472524081375272,47.79879345757589,0.01735548526028206,True
tobacco,equalize,959,1000,1000,True,0.015654355160863342,43.77009074699298,0.021485291174582644,True
tobacco,equalize,960,1000,1000,True,0.017169430229885,46.02022355443311,0.02223100209826206,True
tobacco,equalize,961,1000,1000,True,0.012921524871590187,47.31988465750946,0.015350652527356902,True
tobacco,equalize,962,1000,1000,True,0.014723237875957891,47.863512449464054,0.017238319189284146,True
tobacco,equalize,963,1000,1000,True,0.015706446084513843,47.92246838383849,0.020527742247252,True
tobacco,equalize,964,1000,1000,True,0.01196010938179964,44.86453359837813,0.013899611771016096,True
tobacco,equalize,965,1000,1000,True,0.01465536774979252,43.57648448418023,0.018680122360957962,True
tobacco,equalize,966,1000,1000,True,0.01571167612197067,44.08290452091377,0.02040700526570385,True
tobacco,equalize,967,1000,1000,True,0.013414007047204036,46.24546576692682,0.013982985811148407,True
tobacco,equalize,968,1000,1000,True,0.013581240385046846,45.86849371845559,0.01582506951888286,True
tobacco,equalize,969,1000,1000,True,0.01375605699528983,45.56601056708827,0.01599835923568343,True
tobacco,equalize,970,1000,1000,True,0.018174623140027227,45.70311691777706,0.022285819230449765,True
tobacco,equalize,971,1000,1000,True,0.014442907817880622,46.12833294191326,0.019978841731408677,True
tobacco,equalize,972,1000,1000,True,0.01592227946148798,46.138646664157804,0.019419649109047775,True
tobacco,equalize,973,1000,1000,True,0.015427854352123052,46.699688906886735,0.020231350410222834,True
tobacco,equalize,974,1000,1000,True,0.014819320671974728,46.54755740100655,0.020220144713230703,True
tobacco,equalize,975,1000,1000,True,0.015940160607788908,46.05224180210992,0.021042244849212296,True
tobacco,equalize,976,1000,1000,True,0.01693893171006835,45.574201375339534,0.022027360695225536,True
tobacco,equalize,977,1000,1000,True,0.0164549222551071,44.732224402549,0.02185073052865099,True
tobacco,equalize,978,1000,1000,True,0.015666987090723738,48.16728947117535,0.018902274926945274,True
tobacco,equalize,979,1000,1000,True,0.01559768213954688,46.881526041714984,0.02352586885600131,True
tobacco,equalize,980,1000,1000,True,0.015653622811896535,46.423807674511146,0.02082191567813858,True
tobacco,equalize,981,1000,1000,True,0.015161582262589218,43.133323996650205,0.01704019140112673,True
tobacco,equalize,982,1000,1000,True,0.015885933362473532,45.29272691061998,0.020711101786043254,True
tobacco,equalize,983,1000,1000,True,0.016536172527396444,44.406741278774334,0.021033354053381047,True
tobacco,equalize,984,1000,1000,True,0.016140366793743803,45.72176615136384,0.021223930522624238,True
tobacco,equalize,985,1000,1000,True,0.013034759148579213,42.83943771806535,0.014646286734649318,True
tobacco,equalize,986,1000,1000,True,0.013118573459961484,46.49230636352643,0.01588540539528353,True
tobacco,equalize,987,1000,1000,True,0.013539622161590648,47.595036621479764,0.016695262920284996,True
tobacco,equalize,988,1000,1000,True,0.013225728275270802,45.32780514209793,0.01908831173968247,True
tobacco,equalize,989,1000,1000,True,0.016332194226138845,44.284245505597134,0.021602573561789407,True
tobacco,equalize,990,1000,1000,True,0.013420556518582654,48.570728798320495,0.01659571232014421,True
tobacco,equalize,991,1000,1000,True,0.017239164100094444,47.42057321458694,0.023034483045090978,True
tobacco,equalize,992,1000,1000,True,0.015735210322951533,44.78884142283656,0.020004199401081682,True
tobacco,equalize,993,1000,1000,True,0.013295873753050374,46.759061143269335,0.016836759752676914,True
tobacco,equalize,994,1000,1000,True,0.014506484117131761,46.11066041600359,0.018254696085979107,True
tobacco,equalize,995,1000,1000,True,0.014657522765576738,44.87782836769177,0.01731109430923174,True
tobacco,equalize,996,1000,1000,True,0.014168324471366766,43.931768505262795,0.016001532101188744,True
tobacco,equalize,997,1000,1000,True,0.011510587489695988,46.16857449607904,0.013337282603382513,True
tobacco,equalize,998,1000,1000,True,0.013884470992434898,45.20254584644542,0.01816933106694141,True
tobacco,equalize,999,1000,1000,True,0.014394563065267688,46.81874457949508,0.01901313240350096,True
ego,equalize,0,1000,1000,True,0.0,63.61219442056688,0.0,True
ego,equalize,1,1000,1000,True,0.0013780591676237582,74.0954273825315,0.4871301832827263,True
ego,equalize,2,1000,1000,True,0.0,73.30920266924201,0.0,True
ego,equalize,3,1000,1000,True,0.001931501314255978,63.274406192393464,0.4947588625214551,True
ego,equalize,4,1000,1000,True,0.0019142878834851576,64.01596938264701,0.0049149114052839385,True
ego,equalize,5,1000,1000,True,0.0015834038427423617,64.99611310686201,0.4918333050943175,True
ego,equalize,6,1000,1000,True,0.0,66.86785667269439,0.0,True
ego,equalize,7,1000,1000,True,0.0018719105916335085,67.2240111567288,0.3603048116640105,True
ego,equalize,8,1000,1000,True,0.0018284855282825142,67.31607795319034,0.4905787075158554,True
ego,equalize,9,1000,1000,True,0.0016133736695947564,64.86084920042289,0.493395378981198,True
ego,equalize,10,1000,1000,True,0.0016391345676885277,64.87272153224343,0.49201524366629135,True
ego,equalize,11,1000,1000,True,0.000982485580054438,65.56083217897711,0.003929942320217702,True
ego,equalize,12,1000,1000,True,0.0018638899919476348,71.942807840673,0.495458607716253,True
ego,equalize,13,1000,1000,True,0.0,69.6374151157264,0.0,True
ego,equalize,14,1000,1000,True,0.0016075608677766496,69.87559284900559,0.4918333050943175,True
ego,equalize,15,1000,1000,True,0.0009766896066479142,70.78154730577737,0.4912748721438947,True
ego,equalize,16,1000,1000,True,0.0,68.3026677077843,0.0,True
ego,equalize,17,1000,1000,True,0.001545557833545369,62.89052932675953,0.4888506929523574,True
ego,equalize,18,1000,1000,True,0.00163045020903629,66.78452766921393,0.4950757517794625,True
ego,equalize,19,1000,1000,True,0.0,60.24189435932439,0.0,True
ego,equalize,20,1000,1000,True,0.0016323072496144484,68.93724868313211,0.49108451411136966,True
ego,equalize,21,1000,1000,True,0.0015974201461975764,68.21550081176565,0.4938785275753543,True
ego,equalize,22,1000,1000,True,0.0009809053260063704,68.30169731419564,0.493395378981198,True
ego,equalize,23,1000,1000,True,0.0016244856278256033,63.56497463226112,0.48906441293555597,True
ego,equalize,24,1000,1000,True,0.0009747553633860965,67.1019850675075,0.002924266090158252,True
ego,equalize,25,1000,1000,True,0.0016169952956975673,62.22516917614608,0.4858765275252551,True
ego,equalize,26,1000,1000,True,0.0015497320754981863,68.24874794455938,0.4865953144040744,True
ego,equalize,27,1000,1000,True,0.0009751506252990145,68.09560625326718,0.0029254518758970063,True
ego,equalize,28,1000,1000,True,0.001565409120081891,67.18360418286593,0.4918333050943175,True
ego,equalize,29,1000,1000,True,0.0,69.45414567180276,0.0,True
ego,equalize,30,1000,1000,True,0.0015668778957183395,63.76447722674436,0.49069746280167376,True
ego,equalize,31,1000,1000,True,0.0016617424393739902,67.14853915760195,0.4970754469896899,True
ego,equalize,32,1000,1000,True,0.0014166401522102395,69.31072921272724,0.3886648264960857,True
ego,equalize,33,1000,1000,True,0.0016062388000837081,65.19932438300262,0.48969276082049645,True
ego,equalize,34,1000,1000,True,0.0019010788211343047,68.5021490976743,0.3835076552199117,True
ego,equalize,35,1000,1000,True,0.0009781615182232555,63.33211172067453,0.49201524366629135,True
ego,equalize,36,1000,1000,True,0.0015824799942083547,69.46276271499717,0.4908920451586072,True
ego,equalize,37,1000,1000,True,0.001594919188475398,66.0046844928449,0.48989794855663565,True
ego,equalize,38,1000,1000,True,0.0016253624998783264,68.24379426731781,0.496141108959941,True
ego,equalize,39,1000,1000,True,0.0016121176627212019,63.431812011009114,0.49493332884339086,True
ego,equalize,40,1000,1000,True,0.0019195332915635745,64.2656305967661,0.39553017141279134,True
ego,equalize,41,1000,1000,True,0.0,67.44295425765392,0.0,True
ego,equalize,42,1000,1000,True,0.0015985764430237884,65.87398405288693,0.4905007645253982,True
ego,equalize,43,1000,1000,True,0.0021436086124375377,67.7035799348897,0.48545447485060106,True
ego,equalize,44,1000,1000,True,0.0,66.40397698180433,0.0,True
ego,equalize,45,1000,1000,True,0.001563544667947364,67.40699351699348,0.4870636508712183,True
ego,equalize,46,1000,1000,True,0.0018738299631071275,63.781636071834974,0.3776001398849624,True
ego,equalize,47,1000,1000,True,0.001595220253729706,62.639858716315764,0.49272203116970525,True
ego,equalize,48,1000,1000,True,0.0015492627317902714,68.82837624119865,0.48989794855663565,True
ego,equalize,49,1000,1000,True,0.0,69.90608096582156,0.0,True
ego,equalize,50,1000,1000,True,0.0016489912204930872,63.640435062937776,0.494190246767376,True
ego,equalize,51,1000,1000,True,0.0021448150531722223,68.0397209797336,0.38699024212745664,True
ego,equalize,52,1000,1000,True,0.0014071263851785888,70.08802493293702,0.49104519433114097,True
ego,equalize,53,1000,1000,True,0.002458947188036274,66.08711193568682,0.2456588522443013,True
ego,equalize,54,1000,1000,True,0.0015802042778211261,68.27719765046014,0.48333839077813795,True
ego,equalize,55,1000,1000,True,0.0016182841525668888,59.06390294418411,0.4868305660083393,True
ego,equalize,56,1000,1000,True,0.0,68.26834387181222,0.0,True
ego,equalize,57,1000,1000,True,0.0016277814783603678,65.11745667637825,0.49449368044495773,True
ego,equalize,58,1000,1000,True,0.0,65.85606395010258,0.0,True
ego,equalize,59,1000,1000,True,0.0016111771615017027,68.1060326182637,0.4872945721019269,True
ego,equalize,60,1000,1000,True,0.0016192119824662034,64.40880557811953,0.496141108959941,True
ego,equalize,61,1000,1000,True,0.0009795666623652317,64.8828072681816,0.49272203116970525,True
ego,equalize,62,1000,1000,True,0.0009856003915008173,69.2557209117052,0.001971200783001609,True
ego,equalize,63,1000,1000,True,0.0016260383778667388,66.36526609605359,0.493395378981198,True
ego,equalize,64,1000,1000,True,0.0,68.36074949121023,0.0,True
ego,equalize,65,1000,1000,True,0.0015784036286490028,64.73169931339669,0.49219508327491446,True
ego,equalize,66,1000,1000,True,0.0,64.60215778903984,0.0,True
ego,equalize,67,1000,1000,True,0.0016048257521912759,64.51257997476151,0.493395378981198,True
ego,equalize,68,1000,1000,True,0.0016278118294223408,66.58832062756952,0.4971830648765101,True
ego,equalize,69,1000,1000,True,0.001608789722796783,63.4229053576072,0.4935585071701227,True
ego,equalize,70,1000,1000,True,0.0016177076534912664,62.545173874568455,0.49434299833212975,True
ego,equalize,71,1000,1000,True,0.0009747553633860965,66.50739476930366,0.0019495107267721676,True
ego,equalize,72,1000,1000,True,0.001654141256914723,68.51986829380219,0.49749371855331004,True
ego,equalize,73,1000,1000,True,0.0016154974655845607,65.04066481056293,0.493395378981198,True
ego,equalize,74,1000,1000,True,0.0017875748594679847,66.4469225698226,0.48606882585682964,True
ego,equalize,75,1000,1000,True,0.001602438716693003,68.34322408988326,0.4908920451586072,True
ego,equalize,76,1000,1000,True,0.001654304923688941,61.34237549198759,0.4958870839213298,True
ego,equalize,77,1000,1000,True,0.0,70.85097701514073,0.0,True
ego,equalize,78,1000,1000,True,0.0018194928331845067,70.03083405900576,0.3668174168004573,True
ego,equalize,79,1000,1000,True,0.0015514080538005205,67.01052645666947,0.4875233327749554,True
ego,equalize,80,1000,1000,True,0.0015899800476922587,66.95708234384172,0.49434299833212975,True
ego,equalize,81,1000,1000,True,0.0018885120789469852,71.46682528278419,0.49201607659401714,True
ego,equalize,82,1000,1000,True,0.0015958048766043992,67.86807289882336,0.4923728262201317,True
ego,equalize,83,1000,1000,True,0.001396966556054623,70.42062606935556,0.4874675513047111,True
ego,equalize,84,1000,1000,True,0.00160378979372895,67.38660056717508,0.49146312170904544,True
ego,equalize,85,1000,1000,True,0.0015799053545121052,62.742271802987815,0.48927599573246994,True
ego,equalize,86,1000,1000,True,0.0015837220711023006,65.70424716865722,0.48989794855663565,True
ego,equalize,87,1000,1000,True,0.0015579670987594537,65.61162530375238,0.49371955602345746,True
ego,equalize,88,1000,1000,True,0.0,70.48912855185543,0.0,True
ego,equalize,89,1000,1000,True,0.001590843640938808,64.26080979881905,0.4949333288433908,True
ego,equalize,90,1000,1000,True,0.0009777998113207232,67.51113685903978,0.4918333050943175,True
ego,equalize,91,1000,1000,True,0.0015949241447420943,64.69003910185864,0.4928934976239796,True
ego,equalize,92,1000,1000,True,0.0,69.12857675375648,0.0,True
ego,equalize,93,1000,1000,True,0.001586869711298045,66.60051890938989,0.49371955602345746,True
ego,equalize,94,1000,1000,True,0.0,68.89032813828078,0.0,True
ego,equalize,95,1000,1000,True,0.0,68.98349820065665,0.0,True
ego,equalize,96,1000,1000,True,0.001646707812960911,63.94167773056944,0.4963869458396343,True
ego,equalize,97,1000,1000,True,0.0016392852663775982,73.14246946200272,0.4875233327749554,True
ego,equalize,98,1000,1000,True,0.0015854792872665717,69.13698691004693,0.49030194778320024,True
ego,equalize,99,1000,1000,True,0.0018449646942726666,68.88222237268481,0.4900412116552496,True
ego,equalize,100,1000,1000,True,0.0015792034754231004,64.03808554290174,0.48989794855663565,True
ego,equalize,101,1000,1000,True,0.000977433926896197,65.37712945671444,0.4916492652287807,True
ego,equalize,102,1000,1000,True,0.0009731320956551443,67.53822709399469,0.4894854441145313,True
ego,equalize,103,1000,1000,True,0.00158805857886894,67.43435711119369,0.48538644398046393,True
ego,equalize,104,1000,1000,True,0.0015718544264016064,64.44571281318875,0.494642294997102,True
ego,equalize,105,1000,1000,True,0.0009799075499482821,68.05695391361562,0.4928934976239796,True
ego,equalize,106,1000,1000,True,0.002133599113481495,66.78897543008127,0.4903681605043106,True
ego,equalize,107,1000,1000,True,0.0016079111871459785,67.73397245105295,0.4928934976239796,True
ego,equalize,108,1000,1000,True,0.0,69.31936165314855,0.0,True
ego,equalize,109,1000,1000,True,0.0,67.60753283473669,0.0,True
ego,equalize,110,1000,1000,True,0.0015914199372798494,67.2341505784077,0.4923728262201317,True
ego,equalize,111,1000,1000,True,0.0009722950555378971,66.40124961926544,0.001944590111075769,True
ego,equalize,112,1000,1000,True,0.0015930346908780816,63.62275643195601,0.49272203116970525,True
ego,equalize,113,1000,1000,True,0.0,64.21467881255812,0.0,True
ego,equalize,114,1000,1000,True,0.0,66.69612879320658,0.0,True
ego,equalize,115,1000,1000,True,0.0015829844323971879,63.85873972292281,0.49050076452539815,True
ego,equalize,116,1000,1000,True,0.0,68.13430530210168,0.0,True
ego,equalize,117,1000,1000,True,0.0,63.82965614822,0.0,True
ego,equalize,118,1000,1000,True,0.0016146274754868558,63.395707614948186,0.49146312170904544,True
ego,equalize,119,1000,1000,True,0.0016103612888870033,66.56347430085061,0.494788843851597,True
ego,equalize,120,1000,1000,True,0.0015903329971340223,67.22692850339067,0.4916492652287807,True
ego,equalize,121,1000,1000,True,0.0,67.54974934076365,0.0,True
ego,equalize,122,1000,1000,True,0.001368958713317649,70.92673075787435,0.4919535998353005,True
ego,equalize,123,1000,1000,True,0.0,63.84120847853681,0.0,True
ego,equalize,124,1000,1000,True,0.001978880344078155,64.52116799159792,0.4952470624427759,True
ego,equalize,125,1000,1000,True,0.0016079050418499035,65.33140056664942,0.49010100999691897,True
ego,equalize,126,1000,1000,True,0.001550471513572037,65.12223826005983,0.48863483297857513,True
ego,equalize,127,1000,1000,True,0.0016096063920025367,69.31012617936862,0.494190246767376,True
ego,equalize,128,1000,1000,True,0.0016100139575359511,66.48507549818981,0.4949333288433908,True
ego,equalize,129,1000,1000,True,0.0015809807139196836,68.11911775705848,0.49030194778320024,True
ego,equalize,130,1000,1000,True,0.001600088877768964,67.11340038323196,0.494642294997102,True
ego,equalize,131,1000,1000,True,0.001894905468664715,64.56339098901172,0.4886080145039012,True
ego,equalize,132,1000,1000,True,0.001866026258678889,65.78924616531185,0.3810345187347598,True
ego,equalize,133,1000,1000,True,0.0015977355828681943,74.8905926735795,0.49371955602345746,True
ego,equalize,134,1000,1000,True,0.0016463813533612248,69.53841861877504,0.4935585071701227,True
ego,equalize,135,1000,1000,True,0.0016103674248098348,70.51636686613966,0.49272203116970525,True
ego,equalize,136,1000,1000,True,0.0016108913463942674,64.70179654383641,0.4894854441145313,True
ego,equalize,137,1000,1000,True,0.001598625891612349,65.04509597963555,0.48863483297857513,True
ego,equalize,138,1000,1000,True,0.0,65.00681791166215,0.0,True
ego,equalize,139,1000,1000,True,0.0009858590137601115,70.15116247076737,0.001971718027520198,True
ego,equalize,140,1000,1000,True,0.0016234634319914221,66.71667530685264,0.4925484747717731,True
ego,equalize,141,1000,1000,True,0.0015814406443175964,61.55593459610535,0.4916492652287807,True
ego,equalize,142,1000,1000,True,0.0009827892610976858,64.75729635338399,0.49434299833212975,True
ego,equalize,143,1000,1000,True,0.0016136174054053292,65.31428998312697,0.4906974628016738,True
ego,equalize,144,1000,1000,True,0.0018486970530521955,67.36324739796918,0.35151311153384396,True
ego,equalize,145,1000,1000,True,0.0,70.36771350555594,0.0,True
ego,equalize,146,1000,1000,True,0.0009833842842884855,69.39049784372497,0.494642294997102,True
ego,equalize,147,1000,1000,True,0.0016347268317010507,66.4929523784288,0.4908920451586072,True
ego,equalize,148,1000,1000,True,0.0015878457685284842,69.051090968934,0.003911199245282842,True
ego,equalize,149,1000,1000,True,0.0,66.75824274949123,0.0,True
ego,equalize,150,1000,1000,True,0.0,68.7357743755026,0.0,True
ego,equalize,151,1000,1000,True,0.0016114469833134522,66.88174781657548,0.49069746280167376,True
ego,equalize,152,1000,1000,True,0.0,69.24203167874265,0.0,True
ego,equalize,153,1000,1000,True,0.0016407360874194953,70.3613484734339,0.4957569969249047,True
ego,equalize,154,1000,1000,True,0.0015712105824397375,63.6030313742985,0.4888506929523574,True
ego,equalize,155,1000,1000,True,0.001928563664856828,67.2346696206652,0.4904791431500249,True
ego,equalize,156,1000,1000,True,0.0009735442561043791,66.81796344546876,0.4896927608204965,True
ego,equalize,157,1000,1000,True,0.0,62.201025425631045,0.0,True
ego,equalize,158,1000,1000,True,0.0016449307058302787,64.64490754112036,0.494190246767376,True
ego,equalize,159,1000,1000,True,0.0018955446641766801,66.79031899160238,0.38014777249506915,True
ego,equalize,160,1000,1000,True,0.001579723971798051,66.1688842583884,0.4912748721438947,True
ego,equalize,161,1000,1000,True,0.000982789261097686,66.56845592320735,0.49434299833212975,True
ego,equalize,162,1000,1000,True,0.0019187723191425976,62.72422638821463,0.4897835756919098,True
ego,equalize,163,1000,1000,True,0.0015988533354220483,64.31707281896463,0.4918333050943175,True
ego,equalize,164,1000,1000,True,0.0009743558846857359,70.31794160098829,0.49010100999691897,True
ego,equalize,165,1000,1000,True,0.001596102060349249,64.25710345168073,0.4906974628016738,True
ego,equalize,166,1000,1000,True,0.0,63.667000675389126,0.0,True
ego,equalize,167,1000,1000,True,0.0,70.10473358483007,0.0,True
ego,equalize,168,1000,1000,True,0.0016334932926529652,71.56389491915598,0.496141108959941,True
ego,equalize,169,1000,1000,True,0.0018933613339487622,69.76359961326537,0.4874672784797209,True
ego,equalize,170,1000,1000,True,0.0,68.46802698340299,0.0,True
ego,equalize,171,1000,1000,True,0.0009759285192020146,69.09915712944695,0.4908920451586072,True
ego,equalize,172,1000,1000,True,0.0015958841310141677,61.280942478065725,0.4935585071701226,True
ego,equalize,173,1000,1000,True,0.0021384248980192777,68.11883351173888,0.2594060068582074,True
ego,equalize,174,1000,1000,True,0.0018829787703212337,67.52957740131357,0.003437006627400422,True
ego,equalize,175,1000,1000,True,0.001595022027853631,64.92285572893417,0.49146312170904544,True
ego,equalize,176,1000,1000,True,0.0009727156972812648,65.78060051413334,0.48927599573246994,True
ego,equalize,177,1000,1000,True,0.001572457790693218,66.81664157229095,0.4916492652287807,True
ego,equalize,178,1000,1000,True,0.00097887241793268,62.04327450255991,0.4923728262201317,True
ego,equalize,179,1000,1000,True,0.0,71.36382220004755,0.0,True
ego,equalize,180,1000,1000,True,0.0015966628439320586,67.3273341147561,0.4918333050943175,True
ego,equalize,181,1000,1000,True,0.0,68.8595631630059,0.0,True
ego,equalize,182,1000,1000,True,0.000980244286908519,65.58039932022372,0.4930628763149787,True
ego,equalize,183,1000,1000,True,0.0015737241027289656,69.66669613954718,0.48863483297857513,True
ego,equalize,184,1000,1000,True,0.0013922733622791729,66.58868705718712,0.3795277260377813,True
ego,equalize,185,1000,1000,True,0.0016008988756013572,69.85740607838227,0.4863578929142613,True
ego,equalize,186,1000,1000,True,0.0016136174054053292,68.3407085052533,0.4906974628016738,True
ego,equalize,187,1000,1000,True,0.001387092793591189,64.19104046516149,0.48954146483827016,True
ego,equalize,188,1000,1000,True,0.000981229636521131,71.2736634669497,0.4935585071701227,True
ego,equalize,189,1000,1000,True,0.0016105968915377925,67.10141277201248,0.49371955602345746,True
ego,equalize,190,1000,1000,True,0.0009755416755500596,66.69276403778748,0.4906974628016738,True
ego,equalize,191,1000,1000,True,0.0,67.56943616754545,0.0,True
ego,equalize,192,1000,1000,True,0.0009701280011404035,71.53449436460707,0.48797438457361664,True
ego,equalize,193,1000,1000,True,0.0016332416330720083,68.55389989635893,0.494788843851597,True
ego,equalize,194,1000,1000,True,0.0,61.9954526074292,0.0,True
ego,equalize,195,1000,1000,True,0.0015934055674822326,67.55034788955568,0.49371955602345746,True
ego,equalize,196,1000,1000,True,0.000979221619824611,67.63411842406168,0.4925484747717731,True
ego,equalize,197,1000,1000,True,0.001582859586430481,65.50394918628953,0.49219508327491446,True
ego,equalize,198,1000,1000,True,0.0,64.29581783444394,0.0,True
ego,equalize,199,1000,1000,True,0.0015806344280295097,64.01510033578015,0.49219508327491446,True
ego,equalize,200,1000,1000,True,0.0016066718201770069,67.46663797018493,0.4923728262201317,True
ego,equalize,201,1000,1000,True,0.0016593896418666267,62.42902286597156,0.49108451411136966,True
ego,equalize,202,1000,1000,True,0.0009781615182232555,65.87153739666321,0.003912646072892972,True
ego,equalize,203,1000,1000,True,0.0016048060493527492,63.49438636604027,0.49219508327491446,True
ego,equalize,204,1000,1000,True,0.0,69.37777946864543,0.0,True
ego,equalize,205,1000,1000,True,0.0016236289740266558,63.57110286128439,0.49449368044495773,True
ego,equalize,206,1000,1000,True,0.0009781615182232555,65.56527178316277,0.49201524366629135,True
ego,equalize,207,1000,1000,True,0.0,70.63843087158718,0.0,True
ego,equalize,208,1000,1000,True,0.0,64.3200870646177,0.0,True
ego,equalize,209,1000,1000,True,0.001604036217852669,66.79075743693883,0.48969276082049645,True
ego,equalize,210,1000,1000,True,0.0015823051513756477,65.53448856136744,0.4925484747717731,True
ego,equalize,211,1000,1000,True,0.0,65.0555413166319,0.0,True
ego,equalize,212,1000,1000,True,0.0015768553558332947,71.19938043972012,0.4848876158451565,True
ego,equalize,213,1000,1000,True,0.0,63.65763539434999,0.0,True
ego,equalize,214,1000,1000,True,0.0016271075389896212,66.9943338201075,0.4938785275753543,True
ego,equalize,215,1000,1000,True,0.0,63.31111623561853,0.0,True
ego,equalize,216,1000,1000,True,0.0016207246698895538,65.38008026914619,0.4956248581336493,True
ego,equalize,217,1000,1000,True,0.0,60.34281064053944,0.0,True
ego,equalize,218,1000,1000,True,0.0,61.736051412444574,0.0,True
ego,equalize,219,1000,1000,True,0.0016116677130142486,67.80034982210637,0.4888506929523574,True
ego,equalize,220,1000,1000,True,0.0,73.1143903140825,0.0,True
ego,equalize,221,1000,1000,True,0.0019218709569404839,68.09300221755537,0.4940499994795062,True
ego,equalize,222,1000,1000,True,0.0,66.33231278193156,0.0,True
ego,equalize,223,1000,1000,True,0.0,76.77623861586345,0.0,True
ego,equalize,224,1000,1000,True,0.0015992747626135068,70.13642565742855,0.4928934976239796,True
ego,equalize,225,1000,1000,True,0.0018649722066701837,66.91828386920872,0.4906702059659735,True
ego,equalize,226,1000,1000,True,0.0015780718048813112,65.2307318983928,0.4863578929142613,True
ego,equalize,227,1000,1000,True,0.001616143231150927,67.12409992692639,0.49306287631497864,True
ego,equalize,228,1000,1000,True,0.0016801310348359146,67.12600073741918,0.251207316064058,True
ego,equalize,229,1000,1000,True,0.0018399696365058254,64.58682397362483,0.4909079235678725,True
ego,equalize,230,1000,1000,True,0.0016401000049618359,70.10149499119116,0.49146312170904544,True
ego,equalize,231,1000,1000,True,0.0016218948137951329,67.17281205219861,0.49434299833212975,True
ego,equalize,232,1000,1000,True,0.0,68.3776695712862,0.0,True
ego,equalize,233,1000,1000,True,0.0009788724179326798,65.43558138352557,0.4923728262201317,True
ego,equalize,234,1000,1000,True,0.0016198818868815457,70.29333196683737,0.48927599573246994,True
ego,equalize,235,1000,1000,True,0.0015839628837856395,66.35726670079171,0.4896927608204965,True
ego,equalize,236,1000,1000,True,0.00138052783524909,66.82077161332396,0.48918682484889675,True
ego,equalize,237,1000,1000,True,0.0016343822601034863,67.17829738092503,0.4896927608204965,True
ego,equalize,238,1000,1000,True,0.001579533810315819,67.18043881220187,0.48438001610305936,True
ego,equalize,239,1000,1000,True,0.0016590561483972527,64.91863002251357,0.4980602373207482,True
ego,equalize,240,1000,1000,True,0.0009759285192020149,65.38567713956934,0.4908920451586072,True
ego,equalize,241,1000,1000,True,0.0016039080820333322,66.31110362526023,0.003918266649460877,True
ego,equalize,242,1000,1000,True,0.0015852287318266726,68.4359431220174,0.4905007645253982,True
ego,equalize,243,1000,1000,True,0.000977433926896197,66.62392092184308,0.0039097357075847375,True
ego,equalize,244,1000,1000,True,0.0,68.42450119657431,0.0,True
ego,equalize,245,1000,1000,True,0.0,64.26966363689793,0.0,True
ego,equalize,246,1000,1000,True,0.0016103674248098348,66.48814423639752,0.49272203116970525,True
ego,equalize,247,1000,1000,True,0.0016259350693884024,65.49160935570296,0.49108451411136966,True
ego,equalize,248,1000,1000,True,0.0015853546377685792,66.69018211850977,0.49201524366629135,True
ego,equalize,249,1000,1000,True,0.0,64.79125468765056,0.0,True
ego,equalize,250,1000,1000,True,0.0016026360252184137,67.44985467738236,0.49219508327491446,True
ego,equalize,251,1000,1000,True,0.0015914199372798496,66.79252604895251,0.4868305660083393,True
ego,equalize,252,1000,1000,True,0.0,65.17215819657962,0.0,True
ego,equalize,253,1000,1000,True,0.0,65.57739607517212,0.0,True
ego,equalize,254,1000,1000,True,0.0016654760333944451,68.79853177939192,0.49219508327491446,True
ego,equalize,255,1000,1000,True,0.0015993587876005904,66.30772998678208,0.48989794855663565,True
ego,equalize,256,1000,1000,True,0.0,66.27452418539117,0.0,True
ego,equalize,257,1000,1000,True,0.0016244089854504163,68.79467246088174,0.49201524366629135,True
ego,equalize,258,1000,1000,True,0.0016305568674108296,65.27456261056064,0.4932301693935601,True
ego,equalize,259,1000,1000,True,0.0016133920429239122,68.57799354749305,0.49601512073726134,True
ego,equalize,260,1000,1000,True,0.0009659573111834221,64.76099378483934,0.4858765275252551,True
ego,equalize,261,1000,1000,True,0.0018700294082679596,63.874533610821764,0.4904309384098969,True
ego,equalize,262,1000,1000,True,0.0018863007032786116,68.26677376293684,0.493875792722824,True
ego,equalize,263,1000,1000,True,0.001593623835762897,64.49129379226315,0.4908920451586072,True
ego,equalize,264,1000,1000,True,0.0015889344101102257,67.12040119069611,0.4870636508712183,True
ego,equalize,265,1000,1000,True,0.0,64.08074905148972,0.0,True
ego,equalize,266,1000,1000,True,0.001592940407475975,65.55372816247754,0.48969276082049645,True
ego,equalize,267,1000,1000,True,0.0016004605892553036,66.1774468833605,0.49219508327491446,True
ego,equalize,268,1000,1000,True,0.0016045092460792718,70.52136130279959,0.4935585071701227,True
ego,equalize,269,1000,1000,True,0.0016333723073094057,71.0455943109775,0.4888506929523574,True
ego,equalize,270,1000,1000,True,0.0015789644400465706,65.92848473914746,0.49010100999691897,True
ego,equalize,271,1000,1000,True,0.000982485580054438,70.71323316042056,0.001964971160108851,True
ego,equalize,272,1000,1000,True,0.0019073057582841314,67.55054119694378,0.38847073698744333,True
ego,equalize,273,1000,1000,True,0.0,64.8726238408776,0.0,True
ego,equalize,274,1000,1000,True,0.0,62.443483815366996,0.0,True
ego,equalize,275,1000,1000,True,0.0009781615182232555,72.26317014219622,0.001956323036446486,True
ego,equalize,276,1000,1000,True,0.0015647916716499228,68.20564525022837,0.48538644398046393,True
ego,equalize,277,1000,1000,True,0.0,65.42141774678993,0.0,True
ego,equalize,278,1000,1000,True,0.0016189104960761134,64.90478885259546,0.4968541033341679,True
ego,equalize,279,1000,1000,True,0.0,70.56637283437487,0.0,True
ego,equalize,280,1000,1000,True,0.0016325336325131025,67.58832945856851,0.49219508327491446,True
ego,equalize,281,1000,1000,True,0.0009759285192020146,67.3280517392268,0.4908920451586072,True
ego,equalize,282,1000,1000,True,0.001549827712350843,65.58969480032668,0.49146312170904544,True
ego,equalize,283,1000,1000,True,0.0016136039335328724,69.12924521503183,0.48906441293555597,True
ego,equalize,284,1000,1000,True,0.001375791493043806,61.60814439666236,0.3795121437010695,True
ego,equalize,285,1000,1000,True,0.0015854792872665717,70.43522294278623,0.49030194778320024,True
ego,equalize,286,1000,1000,True,0.0019274648650440416,68.25260457301245,0.3908386512534164,True
ego,equalize,287,1000,1000,True,0.0015930880329628756,66.58035671277227,0.4912748721438947,True
ego,equalize,288,1000,1000,True,0.0016012111585702346,69.60251075931097,0.4958870839213298,True
ego,equalize,289,1000,1000,True,0.0015816655615654678,70.08146331234815,0.4875233327749554,True
ego,equalize,290,1000,1000,True,0.0016126373393206663,67.95577808398635,0.49626505014961514,True
ego,equalize,291,1000,1000,True,0.0,65.08043097583175,0.0,True
ego,equalize,292,1000,1000,True,0.001595220253729706,68.09069004643733,0.49272203116970525,True
ego,equalize,293,1000,1000,True,0.0016201490392256167,65.02354192136876,0.494190246767376,True
ego,equalize,294,1000,1000,True,0.0016103122006626608,69.03217202869978,0.4858765275252551,True
ego,equalize,295,1000,1000,True,0.0016462192997406585,60.71819970980694,0.49449368044495773,True
ego,equalize,296,1000,1000,True,0.001598042300769433,66.78038334720759,0.4908920451586071,True
ego,equalize,297,1000,1000,True,0.0016027112426980196,64.25417613665277,0.4906974628016738,True
ego,equalize,298,1000,1000,True,0.0016207246698895538,64.63202480968702,0.4956248581336493,True
ego,equalize,299,1000,1000,True,0.0016105968915377925,68.4940165561927,0.4912748721438947,True
ego,equalize,300,1000,1000,True,0.001648991220493087,67.91743510321926,0.494190246767376,True
ego,equalize,301,1000,1000,True,0.0013874845353694168,66.7608305520535,0.3769438484672434,True
ego,equalize,302,1000,1000,True,0.0,63.19217159585513,0.0,True
ego,equalize,303,1000,1000,True,0.0016117253430145459,73.19549220409684,0.494190246767376,True
ego,equalize,304,1000,1000,True,0.0015848609294763778,66.36678072650504,0.4956248581336493,True
ego,equalize,305,1000,1000,True,0.0,68.95431803012774,0.0,True
ego,equalize,306,1000,1000,True,0.000977433926896197,67.2832903773292,0.0019548678537923687,True
ego,equalize,307,1000,1000,True,0.0,68.92678897932211,0.0,True
ego,equalize,308,1000,1000,True,0.0016301107950525806,69.32338999212315,0.4923728262201317,True
ego,equalize,309,1000,1000,True,0.0015872930751278575,73.18606151447146,0.49219508327491446,True
ego,equalize,310,1000,1000,True,0.0018748252780480322,69.3214899940848,0.49059178515067337,True
ego,equalize,311,1000,1000,True,0.0016207649076073324,61.959422003437055,0.4916492652287807,True
ego,equalize,312,1000,1000,True,0.0009701280011404035,66.3885007437282,0.48797438457361664,True
ego,equalize,313,1000,1000,True,0.001839273522222888,71.04632853990415,0.3705233764840426,True
ego,equalize,314,1000,1000,True,0.000980244286908519,74.01897324335161,0.4930628763149787,True
ego,equalize,315,1000,1000,True,0.0015748940329231935,66.24468394520424,0.48969276082049645,True
ego,equalize,316,1000,1000,True,0.0016131580735666844,66.77267236676992,0.49449368044495773,True
ego,equalize,317,1000,1000,True,0.0016124706688450969,67.1496469387591,0.49146312170904544,True
ego,equalize,318,1000,1000,True,0.0016319585343126221,63.69066214132179,0.4935585071701227,True
ego,equalize,319,1000,1000,True,0.0016141182343038095,66.69999603448264,0.48863483297857513,True
ego,equalize,320,1000,1000,True,0.0009755416755500596,66.1370120205018,0.4906974628016738,True
ego,equalize,321,1000,1000,True,0.0016152527899979596,70.07726186859757,0.4972886485734417,True
ego,equalize,322,1000,1000,True,0.001601334573781134,70.58617427655362,0.4881966816765555,True
ego,equalize,323,1000,1000,True,0.000977063860256564,68.14490671356151,0.001954127720513103,True
ego,equalize,324,1000,1000,True,0.0009856003915008173,68.44926483169853,0.001971200783001609,True
ego,equalize,325,1000,1000,True,0.0015871623424681637,61.442111780113805,0.48885069295235745,True
ego,equalize,326,1000,1000,True,0.001643758926706653,65.46217103029811,0.4905007645253982,True
ego,equalize,327,1000,1000,True,0.0018650177709825604,65.61016701701041,0.36132798356984563,True
ego,equalize,328,1000,1000,True,0.0021347519646596753,68.06601776951551,0.22341073130199962,True
ego,equalize,329,1000,1000,True,0.0,64.98491387237503,0.0,True
ego,equalize,330,1000,1000,True,0.001618284152566889,66.61535546703928,0.4957569969249047,True
ego,equalize,331,1000,1000,True,0.0016215048596514392,65.97414644389119,0.4935585071701227,True
ego,equalize,332,1000,1000,True,0.0016443635488231866,65.58998489861085,0.4925484747717731,True
ego,equalize,333,1000,1000,True,0.0015998677858016772,65.43204263967311,0.4894854441145313,True
ego,equalize,334,1000,1000,True,0.0015982797193651215,66.99698309625592,0.49219508327491446,True
ego,equalize,335,1000,1000,True,0.0009805768775220007,62.35834632188381,0.4932301693935601,True
ego,equalize,336,1000,1000,True,0.0,64.6181185040233,0.0,True
ego,equalize,337,1000,1000,True,0.0,65.20072281807926,0.0,True
ego,equalize,338,1000,1000,True,0.0018614805765305978,73.17566535399592,0.4897213757360764,True
ego,equalize,339,1000,1000,True,0.001590058349576949,66.02480163544605,0.4918333050943175,True
ego,equalize,340,1000,1000,True,0.0016421892369164717,68.92001102002233,0.49146312170904544,True
ego,equalize,341,1000,1000,True,0.0009830888279223936,65.929560221497,0.49449368044495773,True
ego,equalize,342,1000,1000,True,0.0,69.22167561537354,0.0,True
ego,equalize,343,1000,1000,True,0.0016760646044730976,69.11573189947423,0.4968541033341679,True
ego,equalize,344,1000,1000,True,0.0009827892610976858,68.80763434387204,0.49434299833212975,True
ego,equalize,345,1000,1000,True,0.0016209490129073878,73.81386913040124,0.49010100999691897,True
ego,equalize,346,1000,1000,True,0.0,71.60415037551944,0.0,True
ego,equalize,347,1000,1000,True,0.0015876204820619727,63.09468871466123,0.488416830176848,True
ego,equalize,348,1000,1000,True,0.001563544667947364,66.27640134316286,0.4870636508712183,True
ego,equalize,349,1000,1000,True,0.0016450424319269957,71.00244784512715,0.4932301693935601,True
ego,equalize,350,1000,1000,True,0.0009649829900208151,65.7351770363479,0.48538644398046393,True
ego,equalize,351,1000,1000,True,0.0016027112426980192,62.14290330359534,0.4868305660083393,True
ego,equalize,352,1000,1000,True,0.0018636948932767175,64.65002056457523,0.37231566738377325,True
ego,equalize,353,1000,1000,True,0.0018985396508966244,65.15276313403753,0.3766903876329294,True
ego,equalize,354,1000,1000,True,0.0015943243246132667,67.62440163136381,0.4932301693935601,True
ego,equalize,355,1000,1000,True,0.0015422502849438088,61.033847977986774,0.4828043081829324,True
ego,equalize,356,1000,1000,True,0.0009659573111834221,68.04152058853477,0.0019319146223668194,True
ego,equalize,357,1000,1000,True,0.0015929404074759748,65.86072710652381,0.48969276082049645,True
ego,equalize,358,1000,1000,True,0.0016155953254437566,71.13638292041563,0.49521611443893865,True
ego,equalize,359,1000,1000,True,0.0015696841715821472,66.74046661509043,0.49201524366629135,True
ego,equalize,360,1000,1000,True,0.0015803605959449267,64.9059575385804,0.4888506929523574,True
ego,equalize,361,1000,1000,True,0.0016068538505972525,62.0034271230228,0.49535441857320706,True
ego,equalize,362,1000,1000,True,0.0015908436409388079,70.30767496511316,0.49272203116970525,True
ego,equalize,363,1000,1000,True,0.0024148114421362727,65.01577150199788,0.2384517318094842,True
ego,equalize,364,1000,1000,True,0.0,69.05377440082475,0.0,True
ego,equalize,365,1000,1000,True,0.0,68.71281969909253,0.0,True
ego,equalize,366,1000,1000,True,0.0,67.46918751548739,0.0,True
ego,equalize,367,1000,1000,True,0.0018555759485811801,65.69256880348036,0.3732064033656709,True
ego,equalize,368,1000,1000,True,0.0015899551891446762,71.01356825283462,0.49030194778320024,True
ego,equalize,369,1000,1000,True,0.0018909016821639663,66.65101181527554,0.38433615266204973,True
ego,equalize,370,1000,1000,True,0.0,75.63386532499844,0.0,True
ego,equalize,371,1000,1000,True,0.0016511757250439693,62.88612641910773,0.4932301693935601,True
ego,equalize,372,1000,1000,True,0.002283673851255428,63.154271304481064,0.36941521523535875,True
ego,equalize,373,1000,1000,True,0.0,63.27547454583015,0.0,True
ego,equalize,374,1000,1000,True,0.0,67.6599069168736,0.0,True
ego,equalize,375,1000,1000,True,0.0,68.99449366434976,0.0,True
ego,equalize,376,1000,1000,True,0.0016057601278462244,66.03344437480148,0.4928934976239796,True
ego,equalize,377,1000,1000,True,0.001627150047917156,72.14886277690037,0.4916492652287807,True
ego,equalize,378,1000,1000,True,0.0,65.12773909786827,0.0,True
ego,equalize,379,1000,1000,True,0.0015586671297578081,65.8978570516523,0.4872945721019269,True
ego,equalize,380,1000,1000,True,0.0018939123588954847,69.60869187105875,0.4941131715134675,True
ego,equalize,381,1000,1000,True,0.0018664921823168213,69.43213860309936,0.38677796848073764,True
ego,equalize,382,1000,1000,True,0.0009739521840092285,68.66626918655186,0.4898979485566356,True
ego,equalize,383,1000,1000,True,0.0016208319682504842,69.87326211792319,0.4938785275753543,True
ego,equalize,384,1000,1000,True,0.0016305568674108296,65.67556774783147,0.49323016939356007,True
ego,equalize,385,1000,1000,True,0.0009774339268961967,66.57882329239531,0.0019548678537923687,True
ego,equalize,386,1000,1000,True,0.0,69.12427287140169,0.0,True
ego,equalize,387,1000,1000,True,0.0,70.25638120484146,0.0,True
ego,equalize,388,1000,1000,True,0.0016065340537165986,63.92509240509551,0.49108451411136966,True
ego,equalize,389,1000,1000,True,0.0016070100359386603,71.28219328135184,0.48906441293555597,True
ego,equalize,390,1000,1000,True,0.001596943780625523,67.26240780703587,0.4916492652287807,True
ego,equalize,391,1000,1000,True,0.001584680113978249,65.78411416139917,0.494788843851597,True
ego,equalize,392,1000,1000,True,0.0015671452564926824,68.30715874635688,0.48538644398046393,True
ego,equalize,393,1000,1000,True,0.0016302077776874132,67.9621635617937,0.49434299833212975,True
ego,equalize,394,1000,1000,True,0.001548113004264522,63.11924168587579,0.48863483297857513,True
ego,equalize,395,1000,1000,True,0.000982485580054438,72.68661937385725,0.49419024676737605,True
ego,equalize,396,1000,1000,True,0.0018981982007829953,66.98992395129285,0.37845547552238584,True
ego,equalize,397,1000,1000,True,0.0016192217462690803,68.0985601903594,0.4912748721438947,True
ego,equalize,398,1000,1000,True,0.0016105968915377925,69.68840964608103,0.49371955602345746,True
ego,equalize,399,1000,1000,True,0.000977063860256564,68.65817871164367,0.49146312170904544,True
ego,equalize,400,1000,1000,True,0.0,65.83473641627192,0.0,True
ego,equalize,401,1000,1000,True,0.0,69.47086500109238,0.0,True
ego,equalize,402,1000,1000,True,0.0,60.73990377832352,0.0,True
ego,equalize,403,1000,1000,True,0.0016325336325131025,65.95607913604326,0.49219508327491446,True
ego,equalize,404,1000,1000,True,0.0,70.18850093854407,0.0,True
ego,equalize,405,1000,1000,True,0.0,74.10439576030561,0.0,True
ego,equalize,406,1000,1000,True,0.0016081717260933216,59.91898329411139,0.48989794855663565,True
ego,equalize,407,1000,1000,True,0.0016107600752535971,68.35559399932094,0.497392199375905,True
ego,equalize,408,1000,1000,True,0.0016321571174373005,61.77762357844465,0.4861182983595659,True
ego,equalize,409,1000,1000,True,0.0009735442561043791,70.26705469137012,0.003894177024417467,True
ego,equalize,410,1000,1000,True,0.0,65.61756831062851,0.0,True
ego,equalize,411,1000,1000,True,0.0016000197126160784,68.803814545416,0.4872945721019269,True
ego,equalize,412,1000,1000,True,0.0,69.4454303104243,0.0,True
ego,equalize,413,1000,1000,True,0.0,62.26842278394403,0.0,True
ego,equalize,414,1000,1000,True,0.0016216608525613978,66.46002299126897,0.4923728262201317,True
ego,equalize,415,1000,1000,True,0.0015689600861997519,64.32505810335503,0.4861182983595659,True
ego,equalize,416,1000,1000,True,0.0009877815175629704,73.29051507528105,0.4968541033341679,True
ego,equalize,417,1000,1000,True,0.0009870910487804288,70.82664311542656,0.4965067975365494,True
ego,equalize,418,1000,1000,True,0.00158686348451664,66.55754802424741,0.4868305660083393,True
ego,equalize,419,1000,1000,True,0.001841472688708961,69.01953726300981,0.3704907800948942,True
ego,equalize,420,1000,1000,True,0.0016378186808746183,63.320317426557494,0.49371955602345746,True
ego,equalize,421,1000,1000,True,0.0016286614295199977,62.68413801752402,0.4906974628016738,True
ego,equalize,422,1000,1000,True,0.000980244286908519,63.65035144443431,0.4930628763149787,True
ego,equalize,423,1000,1000,True,0.001558667129757808,68.89594408236235,0.4872945721019269,True
ego,equalize,424,1000,1000,True,0.0015796739315221415,67.31874163262412,0.4894854441145313,True
ego,equalize,425,1000,1000,True,0.001634093247557438,67.15603799361602,0.48989794855663565,True
ego,equalize,426,1000,1000,True,0.0,61.61312385360768,0.0,True
ego,equalize,427,1000,1000,True,0.0009858590137601117,68.0354549922318,0.001971718027520198,True
ego,equalize,428,1000,1000,True,0.0,63.59493221947799,0.0,True
ego,equalize,429,1000,1000,True,0.0016032487599642903,63.490906049606814,0.49030194778320024,True
ego,equalize,430,1000,1000,True,0.0,66.62053736649082,0.0,True
ego,equalize,431,1000,1000,True,0.0009805768775220007,69.34839323300865,0.0029417306325659645,True
ego,equalize,432,1000,1000,True,0.0,65.98501326058819,0.0,True
ego,equalize,433,1000,1000,True,0.0009805768775220007,66.44820647692457,0.4932301693935601,True
ego,equalize,434,1000,1000,True,0.0,66.70562338363986,0.0,True
ego,equalize,435,1000,1000,True,0.0015944668642963607,71.42960047487315,0.49521611443893865,True
ego,equalize,436,1000,1000,True,0.001607267032318727,61.68553761620304,0.49201524366629135,True
ego,equalize,437,1000,1000,True,0.0016033276464140127,66.0751120997914,0.4950757517794625,True
ego,equalize,438,1000,1000,True,0.0,67.10417525012882,0.0,True
ego,equalize,439,1000,1000,True,0.0009856003915008173,64.58468112486118,0.001971200783001609,True
ego,equalize,440,1000,1000,True,0.0015717136080719393,64.91853349391066,0.4935585071701227,True
ego,equalize,441,1000,1000,True,0.0009830888279223936,61.9151069126106,0.49449368044495773,True
ego,equalize,442,1000,1000,True,0.0009755416755500596,68.85715951155697,0.4906974628016738,True
ego,equalize,443,1000,1000,True,0.0016255764772655258,64.50064898123118,0.4925484747717731,True
ego,equalize,444,1000,1000,True,0.0016326304712248896,66.76533831263045,0.494190246767376,True
ego,equalize,445,1000,1000,True,0.0016213451951174985,62.981832809152195,0.4925484747717731,True
ego,equalize,446,1000,1000,True,0.0013913078249922744,65.35675805913264,0.4921733196751342,True
ego,equalize,447,1000,1000,True,0.0016198465072402367,64.72019023457827,0.49219508327491446,True
ego,equalize,448,1000,1000,True,0.0016343060818405732,65.7594381895101,0.49650679753654936,True
ego,equalize,449,1000,1000,True,0.0016184404559037874,68.29485532600535,0.4963869458396342,True
ego,equalize,450,1000,1000,True,0.001634920243575971,67.23355078381626,0.49493332884339086,True
ego,equalize,451,1000,1000,True,0.0016259654549163436,64.94272553565949,0.49521611443893865,True
ego,equalize,452,1000,1000,True,0.000979221619824611,66.40900107666128,0.4925484747717731,True
ego,equalize,453,1000,1000,True,0.0015933571971686563,65.72929921275595,0.49108451411136966,True
ego,equalize,454,1000,1000,True,0.0015551549284669318,60.02147029188805,0.4856325771609643,True
ego,equalize,455,1000,1000,True,0.0009710076146657142,69.26226894926269,0.48841683017684806,True
ego,equalize,456,1000,1000,True,0.0016164819102943203,69.53381002073739,0.4916492652287807,True
ego,equalize,457,1000,1000,True,0.0018275028234092249,67.490125825931,0.488860395470304,True
ego,equalize,458,1000,1000,True,0.0016407360874194953,67.14642697865612,0.4957569969249047,True
ego,equalize,459,1000,1000,True,0.001602636025218414,66.75717818332348,0.4921950832749145,True
ego,equalize,460,1000,1000,True,0.0015766986901906558,65.11242983486332,0.4918333050943175,True
ego,equalize,461,1000,1000,True,0.0009701280011404035,64.48402022206741,0.001940256002280782,True
ego,equalize,462,1000,1000,True,0.001641410450971872,69.29850196793578,0.494788843851597,True
ego,equalize,463,1000,1000,True,0.0,65.66598643894721,0.0,True
ego,equalize,464,1000,1000,True,0.0016519475147237445,66.69996434781655,0.49535441857320706,True
ego,equalize,465,1000,1000,True,0.0016089923936708206,66.26878960717481,0.4908920451586072,True
ego,equalize,466,1000,1000,True,0.0015416158695561101,67.97947925661096,0.4841229182759271,True
ego,equalize,467,1000,1000,True,0.0009763111612552205,66.28911271091204,0.49108451411136966,True
ego,equalize,468,1000,1000,True,0.0,67.64084269137989,0.0,True
ego,equalize,469,1000,1000,True,0.001873430212260421,63.56815013039156,0.35048884827232574,True
ego,equalize,470,1000,1000,True,0.0,65.7862948569077,0.0,True
ego,equalize,471,1000,1000,True,0.0016143324779337592,63.12129909943235,0.4928934976239796,True
ego,equalize,472,1000,1000,True,0.0018873061952466355,65.75884351172851,0.37227131670796426,True
ego,equalize,473,1000,1000,True,0.0,64.77758710387413,0.0,True
ego,equalize,474,1000,1000,True,0.0015809544638559416,70.6850676168595,0.49449368044495773,True
ego,equalize,475,1000,1000,True,0.0009917349116609136,68.41417817236425,0.49884266056543325,True
ego,equalize,476,1000,1000,True,0.0015998727267380489,69.84242550198267,0.4925484747717731,True
ego,equalize,477,1000,1000,True,0.00139321127995604,69.96611854319202,0.0035407632810573685,True
ego,equalize,478,1000,1000,True,0.00136589487523765,64.74991332812732,0.0052439871478743814,True
ego,equalize,479,1000,1000,True,0.0015949241447420941,65.15678438198128,0.4928934976239796,True
ego,equalize,480,1000,1000,True,0.001605681360903296,66.10349579258272,0.4916492652287807,True
ego,equalize,481,1000,1000,True,0.0009747553633860965,67.85725982531272,0.49030194778320024,True
ego,equalize,482,1000,1000,True,0.0,63.713429973593485,0.0,True
ego,equalize,483,1000,1000,True,0.0,65.89476734916059,0.0,True
ego,equalize,484,1000,1000,True,0.0015851289972501359,64.4642293368966,0.48863483297857513,True
ego,equalize,485,1000,1000,True,0.0015890538042417019,66.63549437799647,0.4937195560234575,True
ego,equalize,486,1000,1000,True,0.0,67.18585397983716,0.0,True
ego,equalize,487,1000,1000,True,0.0013565584182292007,62.514299476199845,0.36524323443164847,True
ego,equalize,488,1000,1000,True,0.001613695784977915,62.42267337274174,0.49323016939356007,True
ego,equalize,489,1000,1000,True,0.0016176795561257229,67.52298820401835,0.49521611443893865,True
ego,equalize,490,1000,1000,True,0.0,64.8849331586309,0.0,True
ego,equalize,491,1000,1000,True,0.0009795666623652317,73.17778162803243,0.49272203116970525,True
ego,equalize,492,1000,1000,True,0.0015995750080802504,65.61925765352728,0.49387852757535433,True
ego,equalize,493,1000,1000,True,0.0015882178568370788,60.54552399641116,0.48989794855663565,True
ego,equalize,494,1000,1000,True,0.0,68.55540911554682,0.0,True
ego,equalize,495,1000,1000,True,0.0016051397335377306,65.21530185470277,0.4932301693935601,True
ego,equalize,496,1000,1000,True,0.0016189251444857617,62.63111941359503,0.49146312170904544,True
ego,equalize,497,1000,1000,True,0.0,67.4876691255521,0.0,True
ego,equalize,498,1000,1000,True,0.0,71.37193509356462,0.0,True
ego,equalize,499,1000,1000,True,0.001625020807122982,63.821266048238186,0.4938785275753543,True
ego,equalize,500,1000,1000,True,0.0013879587510452203,67.16411058742608,0.37344033793279463,True
ego,equalize,501,1000,1000,True,0.0016302077776874134,68.31869176147916,0.49434299833212975,True
ego,equalize,502,1000,1000,True,0.0,66.34743654430063,0.0,True
ego,equalize,503,1000,1000,True,0.001871820853244585,66.52044449641028,0.4904735901876925,True
ego,equalize,504,1000,1000,True,0.001638439969036183,65.20330941754415,0.49434299833212975,True
ego,equalize,505,1000,1000,True,0.0,72.35214727981472,0.0,True
ego,equalize,506,1000,1000,True,0.0,65.4459857898099,0.0,True
ego,equalize,507,1000,1000,True,0.0015883572119570503,65.80506484306508,0.4950757517794625,True
ego,equalize,508,1000,1000,True,0.0018772280929006612,62.216752856445346,0.3659741001582607,True
ego,equalize,509,1000,1000,True,0.0018128324122031899,64.78889102307586,0.49290229708739497,True
ego,equalize,510,1000,1000,True,0.0019015403131278485,65.69051194046214,0.36873348533556316,True
ego,equalize,511,1000,1000,True,0.0016117253430145459,66.83163514384486,0.49050076452539815,True
ego,equalize,512,1000,1000,True,0.0,73.28565872665675,0.0,True
ego,equalize,513,1000,1000,True,0.0,64.4631010035974,0.0,True
ego,equalize,514,1000,1000,True,0.0,65.71469680368311,0.0,True
ego,equalize,515,1000,1000,True,0.0009722950555378971,69.30014054098304,0.48906441293555597,True
ego,equalize,516,1000,1000,True,0.00157748186281333,65.02976044858231,0.49403542383112575,True
ego,equalize,517,1000,1000,True,0.0016257016896041164,71.04171055795321,0.4935585071701227,True
ego,equalize,518,1000,1000,True,0.0,69.48228118736459,0.0,True
ego,equalize,519,1000,1000,True,0.0015912075764922613,63.481033387934076,0.4870636508712183,True
ego,equalize,520,1000,1000,True,0.0018609836646865142,64.40551820302356,0.49095972243675134,True
ego,equalize,521,1000,1000,True,0.0015958048766043995,71.66703842074124,0.4923728262201317,True
ego,equalize,522,1000,1000,True,0.0015987346731235657,63.47181698202755,0.49521611443893865,True
ego,equalize,523,1000,1000,True,0.0009781615182232555,68.246510123229,0.001956323036446486,True
ego,equalize,524,1000,1000,True,0.0015829844323971879,64.80684314946996,0.4905007645253982,True
ego,equalize,525,1000,1000,True,0.000982485580054438,66.19050897976236,0.49419024676737605,True
ego,equalize,526,1000,1000,True,0.0016612940345543375,67.07089066800887,0.4971830648765101,True
ego,equalize,527,1000,1000,True,0.0015988533354220483,66.71670188940698,0.4918333050943175,True
ego,equalize,528,1000,1000,True,0.0015998677858016768,67.04853045369451,0.4894854441145313,True
ego,equalize,529,1000,1000,True,0.0016105968915377925,68.05281183757215,0.4912748721438947,True
ego,equalize,530,1000,1000,True,0.0,66.3263129609961,0.0,True
ego,equalize,531,1000,1000,True,0.0015881183099790094,66.01227991820916,0.4916492652287807,True
ego,equalize,532,1000,1000,True,0.000980244286908519,65.94361287494036,0.4930628763149787,True
ego,equalize,533,1000,1000,True,0.0009755416755500597,66.22231043991141,0.0019510833511000943,True
ego,equalize,534,1000,1000,True,0.0016121176627212019,62.83172367522636,0.003935851521617421,True
ego,equalize,535,1000,1000,True,0.0019298185236969634,67.00700214156727,0.4895582316501729,True
ego,equalize,536,1000,1000,True,0.0009743558846857359,62.314512948429595,0.0019487117693714466,True
ego,equalize,537,1000,1000,True,0.001602928243839662,69.19203444761543,0.4920152436662913,True
ego,equalize,538,1000,1000,True,0.0019017897216325203,61.72307956510271,0.38015427390805734,True
ego,equalize,539,1000,1000,True,0.0015949241447420941,66.41572084228251,0.4928934976239796,True
ego,equalize,540,1000,1000,True,0.0,66.61228748511795,0.0,True
ego,equalize,541,1000,1000,True,0.0,66.33256816979122,0.0,True
ego,equalize,542,1000,1000,True,0.0016177137615496343,62.70295849479512,0.4921950832749145,True
ego,equalize,543,1000,1000,True,0.001590207485357725,69.01546805608146,0.49010100999691897,True
ego,equalize,544,1000,1000,True,0.001601096373886609,72.11793774089773,0.488416830176848,True
ego,equalize,545,1000,1000,True,0.001632210391725989,66.39993366713554,0.4923728262201317,True
ego,equalize,546,1000,1000,True,0.0016036037184276914,64.4821533139209,0.4928934976239796,True
ego,equalize,547,1000,1000,True,0.001597895132994861,64.92001266173628,0.48927599573246994,True
ego,equalize,548,1000,1000,True,0.0009763111612552205,65.57882822222429,0.49108451411136966,True
ego,equalize,549,1000,1000,True,0.0,65.82773916822603,0.0,True
ego,equalize,550,1000,1000,True,0.0016059767170195824,65.73226567675877,0.48989794855663565,True
ego,equalize,551,1000,1000,True,0.0,62.29883822351746,0.0,True
ego,equalize,552,1000,1000,True,0.0015784036286490028,66.85918120198602,0.003914076208945642,True
ego,equalize,553,1000,1000,True,0.0016322915105986672,60.075252400634994,0.49650679753654936,True
ego,equalize,554,1000,1000,True,0.0016689336871035833,67.04063674369449,0.4875296616879189,True
ego,equalize,555,1000,1000,True,0.0016249295958409699,64.95301301710337,0.4928934976239796,True
ego,equalize,556,1000,1000,True,0.0016137349733366135,62.25213338512986,0.49201524366629135,True
ego,equalize,557,1000,1000,True,0.0,70.90889645171471,0.0,True
ego,equalize,558,1000,1000,True,0.0015755752548356576,67.57961322765912,0.48906441293555597,True
ego,equalize,559,1000,1000,True,0.001623143255014642,68.00286299855323,0.49272203116970525,True
ego,equalize,560,1000,1000,True,0.0,65.26912274575169,0.0,True
ego,equalize,561,1000,1000,True,0.0015793736565720866,64.99364584326686,0.4875233327749554,True
ego,equalize,562,1000,1000,True,0.0015719147732525677,66.04039665992323,0.49030194778320024,True
ego,equalize,563,1000,1000,True,0.0016343338933639574,74.87430897176948,0.49434299833212975,True
ego,equalize,564,1000,1000,True,0.001590058349576949,70.18756468207171,0.4918333050943175,True
ego,equalize,565,1000,1000,True,0.0009696817811735471,66.20768987814029,0.4877499359302879,True
ego,equalize,566,1000,1000,True,0.000979221619824611,63.924125617797856,0.4925484747717731,True
ego,equalize,567,1000,1000,True,0.001561048938085717,68.97316112807938,0.005883461265131929,True
ego,equalize,568,1000,1000,True,0.0,66.26477688787611,0.0,True
ego,equalize,569,1000,1000,True,0.0,64.22374669076852,0.0,True
ego,equalize,570,1000,1000,True,0.0,68.79438894997178,0.0,True
ego,equalize,571,1000,1000,True,0.001582080325055387,61.241801932993454,0.4870636508712183,True
ego,equalize,572,1000,1000,True,0.001562982116965226,71.25387318595389,0.49010100999691897,True
ego,equalize,573,1000,1000,True,0.0015736487555346981,66.81285983252027,0.4937195560234575,True
ego,equalize,574,1000,1000,True,0.0,64.24310819846748,0.0,True
ego,equalize,575,1000,1000,True,0.0,65.33896827315229,0.0,True
ego,equalize,576,1000,1000,True,0.0016689751307161986,67.33799307226195,0.4971830648765101,True
ego,equalize,577,1000,1000,True,0.0009739521840092286,64.68729642673281,0.48989794855663565,True
ego,equalize,578,1000,1000,True,0.0016193096178457383,68.10750260433868,0.4967403748438413,True
ego,equalize,579,1000,1000,True,0.0016086423097594386,65.22094139155,0.4968541033341679,True
ego,equalize,580,1000,1000,True,0.0015498787162592552,70.54062316140963,0.48927599573246994,True
ego,equalize,581,1000,1000,True,0.0,64.80306239677257,0.0,True
ego,equalize,582,1000,1000,True,0.0,60.035614221893326,0.0,True
ego,equalize,583,1000,1000,True,0.0015755752548356574,62.4047075067258,0.489064412935556,True
ego,equalize,584,1000,1000,True,0.001595022027853631,62.98367717909141,0.49146312170904544,True
ego,equalize,585,1000,1000,True,0.0015988533354220483,66.60951295423199,0.4918333050943175,True
ego,equalize,586,1000,1000,True,0.0,67.30526332316069,0.0,True
ego,equalize,587,1000,1000,True,0.0013730293576793046,68.16584627949689,0.48385442172544985,True
ego,equalize,588,1000,1000,True,0.0016082503710661586,72.66539737041283,0.494788843851597,True
ego,equalize,589,1000,1000,True,0.002140299166480412,68.67702508845298,0.2422809744623416,True
ego,equalize,590,1000,1000,True,0.0015693983551763398,62.818028495010886,0.4905007645253982,True
ego,equalize,591,1000,1000,True,0.0,69.15375156851579,0.0,True
ego,equalize,592,1000,1000,True,0.0016471013987722127,71.67391266004668,0.49847667949463786,True
ego,equalize,593,1000,1000,True,0.001563645779245482,71.7365880914335,0.4894854441145313,True
ego,equalize,594,1000,1000,True,0.001614919971709194,70.43903019633362,0.49127487214389465,True
ego,equalize,595,1000,1000,True,0.001588721717087957,67.15463908770562,0.4872945721019269,True
ego,equalize,596,1000,1000,True,0.001612819921760681,61.761688318892325,0.4925484747717731,True
ego,equalize,597,1000,1000,True,0.0016195158532339212,69.22714369378532,0.002928933483765624,True
ego,equalize,598,1000,1000,True,0.0015843770458750248,65.32974939489665,0.49387852757535433,True
ego,equalize,599,1000,1000,True,0.0015828595864304808,63.71986326884262,0.48863483297857513,True
ego,equalize,600,1000,1000,True,0.001851823304850515,66.4023929613986,0.48950356170149517,True
ego,equalize,601,1000,1000,True,0.0013809858366543276,70.05537726684511,0.49198385139317213,True
ego,equalize,602,1000,1000,True,0.001634546696312609,64.62984400414409,0.4950757517794625,True
ego,equalize,603,1000,1000,True,0.0016091299496592457,69.50583410764882,0.49219508327491446,True
ego,equalize,604,1000,1000,True,0.0016243299061936337,67.34329495205888,0.494190246767376,True
ego,equalize,605,1000,1000,True,0.0016229179976246877,66.33407193893648,0.494788843851597,True
ego,equalize,606,1000,1000,True,0.0015949191884753978,62.04810874635906,0.48989794855663565,True
ego,equalize,607,1000,1000,True,0.0009856003915008173,73.92898311217327,0.4957569969249047,True
ego,equalize,608,1000,1000,True,0.0,69.83669264076013,0.0,True
ego,equalize,609,1000,1000,True,0.0,69.04822053463796,0.0,True
ego,equalize,610,1000,1000,True,0.000979221619824611,65.9510727736858,0.4925484747717731,True
ego,equalize,611,1000,1000,True,0.001607557179798313,71.04309418233416,0.4950757517794625,True
ego,equalize,612,1000,1000,True,0.0013634620384166626,70.15390164488359,0.4896950315178021,True
ego,equalize,613,1000,1000,True,0.0009799075499482821,66.66565075809281,0.001959815099896539,True
ego,equalize,614,1000,1000,True,0.0016078521913340921,73.86635271894775,0.4916492652287807,True
ego,equalize,615,1000,1000,True,0.0018771007082515618,68.18738593024372,0.4912496091758128,True
ego,equalize,616,1000,1000,True,0.0016048060493527492,71.10912486453479,0.4921950832749145,True
ego,equalize,617,1000,1000,True,0.0,65.42126680980734,0.0,True
ego,equalize,618,1000,1000,True,0.0009722950555378971,65.30426175985761,0.48906441293555597,True
ego,equalize,619,1000,1000,True,0.0018506789427020366,60.44698037123111,0.49006565679693503,True
ego,equalize,620,1000,1000,True,0.0,68.84837357556096,0.0,True
ego,equalize,621,1000,1000,True,0.001650735224456307,63.657865971142954,0.49507575177946245,True
ego,equalize,622,1000,1000,True,0.001638942858933425,68.29587916558363,0.4908920451586072,True
ego,equalize,623,1000,1000,True,0.0016011371048775455,64.22126984107368,0.4930628763149787,True
ego,equalize,624,1000,1000,True,0.0,67.70782063395632,0.0,True
ego,equalize,625,1000,1000,True,0.0,65.81103159045603,0.0,True
ego,equalize,626,1000,1000,True,0.0,71.71669203191124,0.0,True
ego,equalize,627,1000,1000,True,0.0016218948137951329,69.60022689618188,0.49434299833212975,True
ego,equalize,628,1000,1000,True,0.0015930880329628756,64.69052592149795,0.4912748721438947,True
ego,equalize,629,1000,1000,True,0.0015461216115922793,65.39370366480247,0.4881966816765555,True
ego,equalize,630,1000,1000,True,0.0016228205793397332,60.1592544834126,0.4928934976239796,True
ego,equalize,631,1000,1000,True,0.0009755416755500597,70.41598159508962,0.4906974628016738,True
ego,equalize,632,1000,1000,True,0.001581574348981614,63.19675838996808,0.494190246767376,True
ego,equalize,633,1000,1000,True,0.0015951409663352654,62.17316974386942,0.0038306914990074827,True
ego,equalize,634,1000,1000,True,0.0013827834551194233,72.932530464807,0.37693931340110554,True
ego,equalize,635,1000,1000,True,0.0,67.05415113175322,0.0,True
ego,equalize,636,1000,1000,True,0.0009687764852921133,67.1045211517078,0.4872945721019269,True
ego,equalize,637,1000,1000,True,0.001654878227017005,67.05752646795139,0.493395378981198,True
ego,equalize,638,1000,1000,True,0.0,62.15032562263853,0.0,True
ego,equalize,639,1000,1000,True,0.0016270103715561506,69.52512866582845,0.4962650501496152,True
ego,equalize,640,1000,1000,True,0.0019280440679925203,70.27645397997824,0.3970565849829464,True
ego,equalize,641,1000,1000,True,0.0016137349733366135,67.90105300361695,0.49201524366629135,True
ego,equalize,642,1000,1000,True,0.0016326607321443874,69.25791723694844,0.4969657935914705,True
ego,equalize,643,1000,1000,True,0.0,67.07726916772924,0.0,True
ego,equalize,644,1000,1000,True,0.0018883111518082178,62.93626715972278,0.3741005247910214,True
ego,equalize,645,1000,1000,True,0.0016121176627212019,63.286029390379674,0.49493332884339086,True
ego,equalize,646,1000,1000,True,0.0009812296365211313,65.53384450038011,0.4935585071701227,True
ego,equalize,647,1000,1000,True,0.0015858980378166648,61.71901940245,0.4916492652287807,True
ego,equalize,648,1000,1000,True,0.0009777998113207232,69.14718825809187,0.4918333050943175,True
ego,equalize,649,1000,1000,True,0.0016280242710128778,71.63548544541315,0.49521611443893865,True
ego,equalize,650,1000,1000,True,0.001534542723416605,68.970365926244,0.483602109176542,True
ego,equalize,651,1000,1000,True,0.0016076002056858065,77.4879338994143,0.49306287631497864,True
ego,equalize,652,1000,1000,True,0.0015486235324961384,58.40024807310325,0.49050076452539815,True
ego,equalize,653,1000,1000,True,0.0,65.03951340531384,0.0,True
ego,equalize,654,1000,1000,True,0.0,62.72420470599847,0.0,True
ego,equalize,655,1000,1000,True,0.001378632670764689,68.42817950961431,0.371650653179045,True
ego,equalize,656,1000,1000,True,0.0015853546377685792,69.92399061838505,0.49201524366629135,True
ego,equalize,657,1000,1000,True,0.001832815462105171,69.22581599374615,0.37051910722586107,True
ego,equalize,658,1000,1000,True,0.0018788065242674814,64.25687297091261,0.37143096643576895,True
ego,equalize,659,1000,1000,True,0.0016600564278160261,72.86990212700988,0.49650679753654936,True
ego,equalize,660,1000,1000,True,0.0,64.26982928248681,0.0,True
ego,equalize,661,1000,1000,True,0.001596943780625523,64.43984093710971,0.4916492652287807,True
ego,equalize,662,1000,1000,True,0.0015749743395895516,69.85844544505696,0.4872945721019269,True
ego,equalize,663,1000,1000,True,0.0,66.23448334515791,0.0,True
ego,equalize,664,1000,1000,True,0.001595835835826676,64.45819454499171,0.4908920451586072,True
ego,equalize,665,1000,1000,True,0.001613127446793691,68.33788556869462,0.4923728262201317,True
ego,equalize,666,1000,1000,True,0.0016491122583222842,66.80494412092565,0.4881966816765555,True
ego,equalize,667,1000,1000,True,0.0009777998113207232,65.58720130482776,0.4918333050943175,True
ego,equalize,668,1000,1000,True,0.0015912075764922613,66.69875752965719,0.4870636508712183,True
ego,equalize,669,1000,1000,True,0.0,68.76012725409981,0.0,True
ego,equalize,670,1000,1000,True,0.0015753507225175175,65.22490870825348,0.48927599573246994,True
ego,equalize,671,1000,1000,True,0.0015789394080711855,62.94640570358247,0.4918333050943175,True
ego,equalize,672,1000,1000,True,0.0018957948614619202,63.871755103488425,0.3776009901739608,True
ego,equalize,673,1000,1000,True,0.0,71.8750318191234,0.0,True
ego,equalize,674,1000,1000,True,0.0,69.92753652174514,0.0,True
ego,equalize,675,1000,1000,True,0.0009845250784074452,66.91151288081895,0.49521611443893865,True
ego,equalize,676,1000,1000,True,0.0019656951464125066,68.45576760945713,0.0,True
ego,equalize,677,1000,1000,True,0.0,68.17453729949328,0.0,True
ego,equalize,678,1000,1000,True,0.0018703728310345454,61.81719792258462,0.49406116170610814,True
ego,equalize,679,1000,1000,True,0.001593615155208955,68.40765208659043,0.4923728262201317,True
ego,equalize,680,1000,1000,True,0.0019070891950857282,67.55363083506319,0.37320737499172035,True
ego,equalize,681,1000,1000,True,0.0,67.17225551520508,0.0,True
ego,equalize,682,1000,1000,True,0.0009809053260063701,65.80709457193807,0.493395378981198,True
ego,equalize,683,1000,1000,True,0.0009766896066479142,63.45420317047564,0.4912748721438947,True
ego,equalize,684,1000,1000,True,0.0015623763582018886,64.99635531320199,0.48841683017684806,True
ego,equalize,685,1000,1000,True,0.0,74.01984412304581,0.0,True
ego,equalize,686,1000,1000,True,0.0,67.6044498831253,0.0,True
ego,equalize,687,1000,1000,True,0.0016152099679596615,65.85051160773165,0.49108451411136966,True
ego,equalize,688,1000,1000,True,0.0013739286316637152,68.23342755570762,0.37074858939574856,True
ego,equalize,689,1000,1000,True,0.0015787228649188627,70.23849337080061,0.49030194778320024,True
ego,equalize,690,1000,1000,True,0.0,72.36551747206677,0.0,True
ego,equalize,691,1000,1000,True,0.0016124669920962865,63.38012899166426,0.494788843851597,True
ego,equalize,692,1000,1000,True,0.0016128137951683325,63.018830170037276,0.494642294997102,True
ego,equalize,693,1000,1000,True,0.001602438716693003,66.00630102497792,0.4908920451586072,True
ego,equalize,694,1000,1000,True,0.0019016442373134181,69.85786122549129,0.4936259809744186,True
ego,equalize,695,1000,1000,True,0.0009731320956551443,70.97398709386418,0.4894854441145313,True
ego,equalize,696,1000,1000,True,0.0015911914309456826,65.13537655529444,0.48927599573246994,True
ego,equalize,697,1000,1000,True,0.0,65.89585873937754,0.0,True
ego,equalize,698,1000,1000,True,0.0009727156972812649,62.39153032263273,0.48927599573246994,True
ego,equalize,699,1000,1000,True,0.0016127218934901795,64.99963233742173,0.49371955602345746,True
ego,equalize,700,1000,1000,True,0.0016103674248098348,65.0300003383054,0.49272203116970525,True
ego,equalize,701,1000,1000,True,0.0,74.90577772108104,0.0,True
ego,equalize,702,1000,1000,True,0.0016033227161246168,63.81769440366833,0.488416830176848,True
ego,equalize,703,1000,1000,True,0.001602438716693003,65.95485883541863,0.4908920451586072,True
ego,equalize,704,1000,1000,True,0.0015930942354149588,63.47662214547967,0.4938785275753543,True
ego,equalize,705,1000,1000,True,0.0018458042764906886,67.84773092005362,0.48985741354243933,True
ego,equalize,706,1000,1000,True,0.0016295384800188186,62.99513453434321,0.49010100999691897,True
ego,equalize,707,1000,1000,True,0.0016005198575246673,68.33228940259502,0.493395378981198,True
ego,equalize,708,1000,1000,True,0.001831443427734279,60.03072866457644,0.3535050657849716,True
ego,equalize,709,1000,1000,True,0.0009687764852921133,64.27359656966459,0.001937552970584202,True
ego,equalize,710,1000,1000,True,0.0,68.95567253678264,0.0,True
ego,equalize,711,1000,1000,True,0.001578672792910181,66.63080812206918,0.49201524366629135,True
ego,equalize,712,1000,1000,True,0.0018296470118170445,70.21150763229629,0.4902242004551143,True
ego,equalize,713,1000,1000,True,0.0,64.91691643169752,0.0,True
ego,equalize,714,1000,1000,True,0.0019072798548900895,62.82399152393933,0.36963504915889034,True
ego,equalize,715,1000,1000,True,0.0016187298214578882,66.83852421321104,0.4938785275753543,True
ego,equalize,716,1000,1000,True,0.001592940407475975,64.36019700871027,0.4896927608204965,True
ego,equalize,717,1000,1000,True,0.0009755416755500596,67.64246860515959,0.4906974628016738,True
ego,equalize,718,1000,1000,True,0.002144818738734918,69.487584502557,0.4868912524660535,True
ego,equalize,719,1000,1000,True,0.0016232747421755377,71.72774463901678,0.49464229499710194,True
ego,equalize,720,1000,1000,True,0.0,71.67065996626513,0.0,True
ego,equalize,721,1000,1000,True,0.0,59.97246898369285,0.0,True
ego,equalize,722,1000,1000,True,0.0016340932475574377,71.42485751473362,0.48989794855663565,True
ego,equalize,723,1000,1000,True,0.0016111661223745853,64.57793505524933,0.4908920451586072,True
ego,equalize,724,1000,1000,True,0.0016839693816563654,68.64197969173092,0.48978972550914174,True
ego,equalize,725,1000,1000,True,0.0009906882001961916,64.13938976167454,0.498316164698678,True
ego,equalize,726,1000,1000,True,0.0,61.35891146361708,0.0,True
ego,equalize,727,1000,1000,True,0.0,64.84880705147937,0.0,True
ego,equalize,728,1000,1000,True,0.0,68.10277821058403,0.0,True
ego,equalize,729,1000,1000,True,0.0009842460273945704,60.95715524038175,0.4950757517794625,True
ego,equalize,730,1000,1000,True,0.0,66.6804461592752,0.0,True
ego,equalize,731,1000,1000,True,0.001629534841780418,66.24196467497019,0.49371955602345746,True
ego,equalize,732,1000,1000,True,0.0015903329971340223,70.62061353457644,0.4916492652287807,True
ego,equalize,733,1000,1000,True,0.0,73.80341449418177,0.0,True
ego,equalize,734,1000,1000,True,0.0016092711779485413,68.11643982916311,0.49069746280167376,True
ego,equalize,735,1000,1000,True,0.0009858590137601115,65.78549650948908,0.4958870839213298,True
ego,equalize,736,1000,1000,True,0.0015699422430052407,67.83621145081733,0.4918333050943175,True
ego,equalize,737,1000,1000,True,0.001628642015038605,66.82745901947791,0.4920152436662913,True
ego,equalize,738,1000,1000,True,0.0009805768775220007,70.16008711511125,0.4932301693935601,True
ego,equalize,739,1000,1000,True,0.0,64.87820808252953,0.0,True
ego,equalize,740,1000,1000,True,0.0016099390812443254,66.74482870605033,0.49403542383112575,True
ego,equalize,741,1000,1000,True,0.0018208434834302836,66.7327316314865,0.366878160450533,True
ego,equalize,742,1000,1000,True,0.0019036384814773073,60.440284372262845,0.49120490815647516,True
ego,equalize,743,1000,1000,True,0.0,62.81832852758819,0.0,True
ego,equalize,744,1000,1000,True,0.0009809053260063704,62.54765695851444,0.493395378981198,True
ego,equalize,745,1000,1000,True,0.0016076358548345357,66.71901359432708,0.4863578929142613,True
ego,equalize,746,1000,1000,True,0.0015735068418559625,66.49584705829379,0.4888506929523574,True
ego,equalize,747,1000,1000,True,0.001612001202773604,64.65650296760568,0.49030194778320024,True
ego,equalize,748,1000,1000,True,0.0016047457079049199,65.3337921752595,0.49535441857320706,True
ego,equalize,749,1000,1000,True,0.0018488467037490262,67.96766263452055,0.4878096513673946,True
ego,equalize,750,1000,1000,True,0.0,68.01681824372557,0.0,True
ego,equalize,751,1000,1000,True,0.0,70.33004591922288,0.0,True
ego,equalize,752,1000,1000,True,0.001559292072920376,64.0808270779958,0.003906758426591607,True
ego,equalize,753,1000,1000,True,0.0016236058478448596,65.13266154549498,0.4935585071701226,True
ego,equalize,754,1000,1000,True,0.0015853546377685792,68.6526377570447,0.49201524366629135,True
ego,equalize,755,1000,1000,True,0.0015655088486152256,67.02949234478805,0.48989794855663565,True
ego,equalize,756,1000,1000,True,0.0018752226237912862,64.58240936973473,0.489786675174327,True
ego,equalize,757,1000,1000,True,0.0015883883163415099,63.031239167574675,0.49146312170904544,True
ego,equalize,758,1000,1000,True,0.0,62.77218153768435,0.0,True
ego,equalize,759,1000,1000,True,0.0,65.88664034536896,0.0,True
ego,equalize,760,1000,1000,True,0.0009759285192020149,63.73151342938594,0.4908920451586072,True
ego,equalize,761,1000,1000,True,0.0015691213028140492,62.22267810854817,0.48863483297857513,True
ego,equalize,762,1000,1000,True,0.001881895359257923,70.09146703415475,0.4911597227919294,True
ego,equalize,763,1000,1000,True,0.0,68.37023048081673,0.0,True
ego,equalize,764,1000,1000,True,0.0009894446659662302,71.64467017161849,0.49769066698100745,True
ego,equalize,765,1000,1000,True,0.0015707011048572788,70.95208893330766,0.4912748721438947,True
ego,equalize,766,1000,1000,True,0.0016361043924068086,68.1627744740485,0.4935585071701227,True
ego,equalize,767,1000,1000,True,0.0015941259873304844,64.7586403501494,0.49535441857320706,True
ego,equalize,768,1000,1000,True,0.001384680074563297,66.75517945448128,0.0027693601491265585,True
ego,equalize,769,1000,1000,True,0.0019178822472778686,66.54303869677128,0.3851797186677412,True
ego,equalize,770,1000,1000,True,0.0009659573111834221,64.03886082684483,0.0019319146223668194,True
ego,equalize,771,1000,1000,True,0.0016412129874803724,69.92298705719028,0.49403542383112575,True
ego,equalize,772,1000,1000,True,0.0,71.93652479790777,0.0,True
ego,equalize,773,1000,1000,True,0.0009824855800544378,63.83570780527149,0.494190246767376,True
ego,equalize,774,1000,1000,True,0.0016312657259238647,67.19910802235398,0.4938785275753543,True
ego,equalize,775,1000,1000,True,0.0009858590137601115,73.31941592102326,0.4958870839213298,True
ego,equalize,776,1000,1000,True,0.0016039080820333322,64.33451300818247,0.49272203116970525,True
ego,equalize,777,1000,1000,True,0.0,69.80191902806112,0.0,True
ego,equalize,778,1000,1000,True,0.0009805768775220007,64.52099949628803,0.4932301693935601,True
ego,equalize,779,1000,1000,True,0.0,62.29796766348001,0.0,True
ego,equalize,780,1000,1000,True,0.0018795163859127767,64.03856138296675,0.48839375449154193,True
ego,equalize,781,1000,1000,True,0.0,66.82409618543299,0.0,True
ego,equalize,782,1000,1000,True,0.0,68.12384416634164,0.0,True
ego,equalize,783,1000,1000,True,0.0015887465949352341,67.27906502768896,0.49387852757535433,True
ego,equalize,784,1000,1000,True,0.0,65.99320703678524,0.0,True
ego,equalize,785,1000,1000,True,0.0,67.94669509990902,0.0,True
ego,equalize,786,1000,1000,True,0.001905941725128562,67.44718229844743,0.36323514844706484,True
ego,equalize,787,1000,1000,True,0.0009777998113207232,71.0648595017256,0.4918333050943175,True
ego,equalize,788,1000,1000,True,0.0018929907629859103,65.9865243136809,0.4906521478911,True
ego,equalize,789,1000,1000,True,0.001568908442999965,66.85865238695737,0.4938785275753543,True
ego,equalize,790,1000,1000,True,0.001638320555235417,72.72890780838111,0.4912748721438947,True
ego,equalize,791,1000,1000,True,0.0016057798189782558,65.31206537845821,0.4957569969249047,True
ego,equalize,792,1000,1000,True,0.0018660093138090233,66.08945728329141,0.35742257309058767,True
ego,equalize,793,1000,1000,True,0.0009805768775220007,66.54770438565106,0.4932301693935601,True
ego,equalize,794,1000,1000,True,0.0015855740143312818,68.67832973362121,0.4932301693935601,True
ego,equalize,795,1000,1000,True,0.0015998727267380489,68.31049052671193,0.4925484747717731,True
ego,equalize,796,1000,1000,True,0.0009781615182232555,65.3397786268059,0.49201524366629135,True
ego,equalize,797,1000,1000,True,0.0015842373406456057,66.1135978751724,0.49272203116970525,True
ego,equalize,798,1000,1000,True,0.001632979043037628,62.62130832232747,0.4930628763149787,True
ego,equalize,799,1000,1000,True,0.0018476780373043655,66.4485427304467,0.37319391126080803,True
ego,equalize,800,1000,1000,True,0.0017124395006290702,65.00725116477392,0.0,True
ego,equalize,801,1000,1000,True,0.0016211928288021081,71.84588784335537,0.494642294997102,True
ego,equalize,802,1000,1000,True,0.001584520480391841,64.18161905094013,0.4925484747717731,True
ego,equalize,803,1000,1000,True,0.001625254284679175,61.88634757359655,0.49272203116970525,True
ego,equalize,804,1000,1000,True,0.0016204137083792277,64.84281705786694,0.4888506929523574,True
ego,equalize,805,1000,1000,True,0.0018709337953660208,62.64016063197794,0.4921228526680167,True
ego,equalize,806,1000,1000,True,0.0,67.44588793247517,0.0,True
ego,equalize,807,1000,1000,True,0.0015891831377617487,64.2445435504059,0.48906441293555597,True
ego,equalize,808,1000,1000,True,0.0,66.51336406317155,0.0,True
ego,equalize,809,1000,1000,True,0.001610675418096291,72.02414014759218,0.4925484747717731,True
ego,equalize,810,1000,1000,True,0.0,68.83907784826872,0.0,True
ego,equalize,811,1000,1000,True,0.0,65.28272163444169,0.0,True
ego,equalize,812,1000,1000,True,0.0016145099725472004,70.38823924491932,0.4938785275753543,True
ego,equalize,813,1000,1000,True,0.0015502254983338407,68.85999067673477,0.4858765275252551,True
ego,equalize,814,1000,1000,True,0.001572009060569436,68.04928790222569,0.4851381246614206,True
ego,equalize,815,1000,1000,True,0.0013989244698353793,68.04772337117532,0.4919113186260877,True
ego,equalize,816,1000,1000,True,0.0016406541815440242,70.59143624406575,0.4950757517794625,True
ego,equalize,817,1000,1000,True,0.001590058349576949,66.10474896707497,0.003911199245282842,True
ego,equalize,818,1000,1000,True,0.0015125867286178833,61.57005151857516,0.4877499359302879,True
ego,equalize,819,1000,1000,True,0.001632273350007263,62.219944680142554,0.49434299833212975,True
ego,equalize,820,1000,1000,True,0.0009722950555378971,62.33305183448024,0.48906441293555597,True
ego,equalize,821,1000,1000,True,0.0016113881169534166,60.86272520188362,0.49434299833212975,True
ego,equalize,822,1000,1000,True,0.001611882282355719,70.63854776961372,0.4918333050943175,True
ego,equalize,823,1000,1000,True,0.0,64.77123181629327,0.0,True
ego,equalize,824,1000,1000,True,0.0015787391379797446,68.1839265223117,0.4881966816765555,True
ego,equalize,825,1000,1000,True,0.0016154974655845607,66.45364290992632,0.493395378981198,True
ego,equalize,826,1000,1000,True,0.0009739521840092285,63.416213415813466,0.4898979485566356,True
ego,equalize,827,1000,1000,True,0.001589183137761749,68.3892905066283,0.0039037140768080087,True
ego,equalize,828,1000,1000,True,0.0016063704406989417,68.13616348900193,0.4925484747717731,True
ego,equalize,829,1000,1000,True,0.001558582178992584,67.78815235717816,0.48989794855663565,True
ego,equalize,830,1000,1000,True,0.0009815498131679201,65.02603921507138,0.49371955602345746,True
ego,equalize,831,1000,1000,True,0.001583132986268572,71.19922408987334,0.49201524366629135,True
ego,equalize,832,1000,1000,True,0.0,66.90577534861994,0.0,True
ego,equalize,833,1000,1000,True,0.0,65.94593297543071,0.0,True
ego,equalize,834,1000,1000,True,0.0018796520178480168,64.30705926257241,0.38012040284799276,True
ego,equalize,835,1000,1000,True,0.000980244286908519,67.83957841850139,0.4930628763149787,True
ego,equalize,836,1000,1000,True,0.0013842104463892674,67.1423644206845,0.3725487820812414,True
ego,equalize,837,1000,1000,True,0.0016203832187445901,66.79812796778066,0.4930628763149787,True
ego,equalize,838,1000,1000,True,0.001582365099666085,63.304107797203805,0.4957569969249047,True
ego,equalize,839,1000,1000,True,0.0,68.60044453937599,0.0,True
ego,equalize,840,1000,1000,True,0.0,65.83742276243808,0.0,True
ego,equalize,841,1000,1000,True,0.0,67.550331783049,0.0,True
ego,equalize,842,1000,1000,True,0.0016052985477683186,66.43747364251594,0.48863483297857513,True
ego,equalize,843,1000,1000,True,0.0009809053260063704,65.73619610990585,0.0019618106520127155,True
ego,equalize,844,1000,1000,True,0.0015599953097777332,64.33777023646374,0.4906974628016738,True
ego,equalize,845,1000,1000,True,0.0,65.37237164888543,0.0,True
ego,equalize,846,1000,1000,True,0.0009751506252990145,68.74283436111723,0.49050076452539815,True
ego,equalize,847,1000,1000,True,0.0016363942574176885,65.72256595721137,0.4923728262201317,True
ego,equalize,848,1000,1000,True,0.0015883883163415099,70.42208283628084,0.49146312170904544,True
ego,equalize,849,1000,1000,True,0.0015931872692985915,65.59486851118767,0.4894854441145313,True
ego,equalize,850,1000,1000,True,0.0,63.72785638164836,0.0,True
ego,equalize,851,1000,1000,True,0.0015719399170900472,64.08447230804043,0.49201524366629135,True
ego,equalize,852,1000,1000,True,0.0016213646969721878,61.97936672796843,0.4912748721438947,True
ego,equalize,853,1000,1000,True,0.002306354965618824,66.93636194924251,0.4939386261730299,True
ego,equalize,854,1000,1000,True,0.0016168669646288902,65.31367547458954,0.4968541033341679,True
ego,equalize,855,1000,1000,True,0.0016350302363731253,66.7111647327492,0.0039021667022001885,True
ego,equalize,856,1000,1000,True,0.0,57.36412133032284,0.0,True
ego,equalize,857,1000,1000,True,0.0016043515855001817,66.88157892873045,0.49108451411136966,True
ego,equalize,858,1000,1000,True,0.0015975475653702987,64.91825918029534,0.4875233327749554,True
ego,equalize,859,1000,1000,True,0.0016043515855001817,69.50121886700981,0.49108451411136966,True
ego,equalize,860,1000,1000,True,0.0,67.6635211617013,0.0,True
ego,equalize,861,1000,1000,True,0.0016106275664303782,67.12875863592295,0.48969276082049645,True
ego,equalize,862,1000,1000,True,0.0015678058959954374,68.06303243317917,0.4898979485566356,True
ego,equalize,863,1000,1000,True,0.0,66.25675690825804,0.0,True
ego,equalize,864,1000,1000,True,0.0015539739526110802,70.79621885383428,0.4918333050943175,True
ego,equalize,865,1000,1000,True,0.0,73.65488382313829,0.0,True
ego,equalize,866,1000,1000,True,0.0,64.40419051583523,0.0,True
ego,equalize,867,1000,1000,True,0.0018375105732201448,67.70415643813901,0.48720168326941043,True
ego,equalize,868,1000,1000,True,0.000982485580054438,71.73074709634635,0.494190246767376,True
ego,equalize,869,1000,1000,True,0.000982789261097686,65.6941325842727,0.49434299833212975,True
ego,equalize,870,1000,1000,True,0.0016244089854504163,61.636247249487866,0.49201524366629135,True
ego,equalize,871,1000,1000,True,0.0,74.57453151713392,0.0,True
ego,equalize,872,1000,1000,True,0.0,69.4441677248709,0.0,True
ego,equalize,873,1000,1000,True,0.0016092711779485413,73.04613542138968,0.4906974628016738,True
ego,equalize,874,1000,1000,True,0.0,66.69649379090329,0.0,True
ego,equalize,875,1000,1000,True,0.0015903329971340223,69.27245510302056,0.4916492652287807,True
ego,equalize,876,1000,1000,True,0.001597771452114379,65.99590531995148,0.49108451411136966,True
ego,equalize,877,1000,1000,True,0.0,71.72871109953113,0.0,True
ego,equalize,878,1000,1000,True,0.0009818658599907765,69.08421989861361,0.4938785275753543,True
ego,equalize,879,1000,1000,True,0.0015795801017320678,64.52501530414386,0.48729457210192695,True
ego,equalize,880,1000,1000,True,0.000977063860256564,65.39703594965141,0.49146312170904544,True
ego,equalize,881,1000,1000,True,0.0,62.822954395666564,0.0,True
ego,equalize,882,1000,1000,True,0.0016204917592298283,63.8941231648107,0.4963869458396342,True
ego,equalize,883,1000,1000,True,0.0015878457685284842,70.62790127846077,0.4881966816765555,True
ego,equalize,884,1000,1000,True,0.0009755416755500597,64.62899968280493,0.4906974628016738,True
ego,equalize,885,1000,1000,True,0.0016061403701447675,65.6164082832945,0.4956248581336493,True
ego,equalize,886,1000,1000,True,0.001598839739147092,67.2106120713091,0.49030194778320024,True
ego,equalize,887,1000,1000,True,0.0,65.83549552483068,0.0,True
ego,equalize,888,1000,1000,True,0.0009722950555378971,68.13153381511384,0.48906441293555597,True
ego,equalize,889,1000,1000,True,0.0015544838272719878,65.22379957500176,0.4865953144040744,True
ego,equalize,890,1000,1000,True,0.0,71.43693161803633,0.0,True
ego,equalize,891,1000,1000,True,0.0016060665437317933,67.08844761954177,0.49272203116970525,True
ego,equalize,892,1000,1000,True,0.001657053778106665,69.45210141529196,0.494190246767376,True
ego,equalize,893,1000,1000,True,0.0016152625777330293,64.73701258939897,0.4894854441145313,True
ego,equalize,894,1000,1000,True,0.001606813264519688,75.14300882317663,0.4908920451586072,True
ego,equalize,895,1000,1000,True,0.0015956661719152198,64.59386967816683,0.48927599573246994,True
ego,equalize,896,1000,1000,True,0.0015884629643792142,63.90923826803133,0.48969276082049645,True
ego,equalize,897,1000,1000,True,0.0015615856098248702,60.78850137978399,0.4912748721438947,True
ego,equalize,898,1000,1000,True,0.0018696066474954349,66.20930689110105,0.36320336700758055,True
ego,equalize,899,1000,1000,True,0.0018911399539231382,63.01654623985672,0.38100685209573953,True
ego,equalize,900,1000,1000,True,0.0018520634030226057,67.01939270837957,0.48734535193601913,True
ego,equalize,901,1000,1000,True,0.00162426785669666,66.5810530406361,0.4950757517794625,True
ego,equalize,902,1000,1000,True,0.0009701280011404035,63.28508434062484,0.48797438457361664,True
ego,equalize,903,1000,1000,True,0.0016048257521912759,67.16309831298733,0.493395378981198,True
ego,equalize,904,1000,1000,True,0.0015573644651289326,64.0355279825192,0.4858765275252551,True
ego,equalize,905,1000,1000,True,0.0016344560166256337,62.36298504722172,0.48797438457361664,True
ego,equalize,906,1000,1000,True,0.0018149514672030711,68.0454641471421,0.37320739617259036,True
ego,equalize,907,1000,1000,True,0.0009903530188817792,65.45934138837634,0.0039614120755270665,True
ego,equalize,908,1000,1000,True,0.0016210965259053432,67.11681804138215,0.495490665906029,True
ego,equalize,909,1000,1000,True,0.0,66.53578549171867,0.0,True
ego,equalize,910,1000,1000,True,0.000986113560113852,64.2502351668848,0.49601512073726134,True
ego,equalize,911,1000,1000,True,0.0,62.98084708861893,0.0,True
ego,equalize,912,1000,1000,True,0.0015891831377617491,71.71974037181116,0.4908920451586072,True
ego,equalize,913,1000,1000,True,0.0,65.3787572839986,0.0,True
ego,equalize,914,1000,1000,True,0.000977433926896197,62.84218850422063,0.4916492652287807,True
ego,equalize,915,1000,1000,True,0.0,69.46078513089238,0.0,True
ego,equalize,916,1000,1000,True,0.001613839062793483,66.29154286935852,0.494190246767376,True
ego,equalize,917,1000,1000,True,0.0016053527133699126,67.93431880132457,0.494190246767376,True
ego,equalize,918,1000,1000,True,0.001880421464968202,71.84871536777815,0.49019528869637286,True
ego,equalize,919,1000,1000,True,0.0009882215645918414,67.06921737280076,0.4970754469896899,True
ego,equalize,920,1000,1000,True,0.0009710076146657142,64.18771669875787,0.48841683017684806,True
ego,equalize,921,1000,1000,True,0.0009644893134422003,69.78978294850901,0.0019289786268843758,True
ego,equalize,922,1000,1000,True,0.000982485580054438,67.81400910578876,0.494190246767376,True
ego,equalize,923,1000,1000,True,0.0016171700540121114,72.37062823411166,0.48969276082049645,True
ego,equalize,924,1000,1000,True,0.001842022070087304,67.14058217650485,0.36962270712510037,True
ego,equalize,925,1000,1000,True,0.0,70.57600832435907,0.0,True
ego,equalize,926,1000,1000,True,0.0,67.52774360216695,0.0,True
ego,equalize,927,1000,1000,True,0.0018745944204950334,62.78673247589812,0.3851441153199521,True
ego,equalize,928,1000,1000,True,0.0018938706201940686,67.0575191607921,0.49130912165382024,True
ego,equalize,929,1000,1000,True,0.0016149946170708985,63.01206500345786,0.48969276082049645,True
ego,equalize,930,1000,1000,True,0.0015650543379727953,65.21024348980765,0.49030194778320024,True
ego,equalize,931,1000,1000,True,0.0009714410198381339,68.39435648502003,0.48863483297857513,True
ego,equalize,932,1000,1000,True,0.0016459491749171462,68.75102029061097,0.49601512073726134,True
ego,equalize,933,1000,1000,True,0.0,71.68810835138558,0.0,True
ego,equalize,934,1000,1000,True,0.000982789261097686,69.44682236070992,0.001965578522195347,True
ego,equalize,935,1000,1000,True,0.0016377064619659074,69.85307517210678,0.49464229499710194,True
ego,equalize,936,1000,1000,True,0.0016243895201443943,69.92617820959472,0.4906974628016738,True
ego,equalize,937,1000,1000,True,0.0016016455379347766,63.571391647501315,0.4970754469896899,True
ego,equalize,938,1000,1000,True,0.0018821022213537562,74.28547742324875,0.492041748563155,True
ego,equalize,939,1000,1000,True,0.0015811744509111893,63.78903729482049,0.4918333050943175,True
ego,equalize,940,1000,1000,True,0.0016166224963157895,70.68260278173123,0.49010100999691897,True
ego,equalize,941,1000,1000,True,0.0015602448509630673,64.44139923992961,0.4881966816765555,True
ego,equalize,942,1000,1000,True,0.001596943780625523,66.88035567339635,0.4916492652287807,True
ego,equalize,943,1000,1000,True,0.0016100569177704607,66.56500220836772,0.4928934976239796,True
ego,equalize,944,1000,1000,True,0.0018776322976946874,72.65358143959595,0.37499891361283005,True
ego,equalize,945,1000,1000,True,0.0015958048766043995,64.18468449716022,0.494642294997102,True
ego,equalize,946,1000,1000,True,0.0009751506252990145,69.67455328884428,0.4905007645253982,True
ego,equalize,947,1000,1000,True,0.0,67.68408024786922,0.0,True
ego,equalize,948,1000,1000,True,0.001613862328930499,66.40137239545581,0.4888506929523574,True
ego,equalize,949,1000,1000,True,0.0014250119257099162,66.89184535502066,0.4916017557400851,True
ego,equalize,950,1000,1000,True,0.0013528808778470519,62.169671673574086,0.48985598174363165,True
ego,equalize,951,1000,1000,True,0.0009799075499482821,67.60571241396691,0.4928934976239796,True
ego,equalize,952,1000,1000,True,0.0,67.99022797431995,0.0,True
ego,equalize,953,1000,1000,True,0.0,70.98891000712717,0.0,True
ego,equalize,954,1000,1000,True,0.0015946651591823994,66.10680169997637,0.49010100999691897,True
ego,equalize,955,1000,1000,True,0.0016515311520706138,68.42214781048604,0.4930628763149787,True
ego,equalize,956,1000,1000,True,0.0,66.8919932727378,0.0,True
ego,equalize,957,1000,1000,True,0.0,70.08122145054266,0.0,True
ego,equalize,958,1000,1000,True,0.001651510809826567,67.79606477517703,0.494788843851597,True
ego,equalize,959,1000,1000,True,0.0015758662211871365,66.62902303801249,0.49371955602345746,True
ego,equalize,960,1000,1000,True,0.001591927749634644,67.38897469913013,0.4905007645253982,True
ego,equalize,961,1000,1000,True,0.0016176160298480876,63.882607014742284,0.493395378981198,True
ego,equalize,962,1000,1000,True,0.000978519052236423,63.205796917687856,0.001957038104472821,True
ego,equalize,963,1000,1000,True,0.0016172873636853256,67.12237156120156,0.4935585071701227,True
ego,equalize,964,1000,1000,True,0.0018792440410747792,65.81326917119374,0.4858178538007904,True
ego,equalize,965,1000,1000,True,0.0015834038427423617,64.74732265507201,0.4918333050943175,True
ego,equalize,966,1000,1000,True,0.0,62.20749632479995,0.0,True
ego,equalize,967,1000,1000,True,0.0015748940329231935,61.095976168647965,0.48969276082049645,True
ego,equalize,968,1000,1000,True,0.0015732468428868971,68.76016285611895,0.4865953144040744,True
ego,equalize,969,1000,1000,True,0.0,61.4435676047542,0.0,True
ego,equalize,970,1000,1000,True,0.0016333723073094057,64.39397778519356,0.4888506929523574,True
ego,equalize,971,1000,1000,True,0.0009818658599907765,67.13714303572948,0.4938785275753543,True
ego,equalize,972,1000,1000,True,0.0,69.69715919605332,0.0,True
ego,equalize,973,1000,1000,True,0.0016338017647277493,64.30815239143479,0.49146312170904544,True
ego,equalize,974,1000,1000,True,0.0016048060493527494,64.9329493477695,0.4921950832749145,True
ego,equalize,975,1000,1000,True,0.000986364033717589,62.7405112825836,0.496141108959941,True
ego,equalize,976,1000,1000,True,0.0013827477257395027,66.20271909823644,0.487103655562029,True
ego,equalize,977,1000,1000,True,0.0,69.96882765917978,0.0,True
ego,equalize,978,1000,1000,True,0.001587720060132853,66.40804450516518,0.49030194778320024,True
ego,equalize,979,1000,1000,True,0.00097887241793268,78.79607461669649,0.4923728262201316,True
ego,equalize,980,1000,1000,True,0.0016246024092542272,62.13562648754738,0.49306287631497864,True
ego,equalize,981,1000,1000,True,0.0015976465247063093,69.04823264211764,0.4894854441145313,True
ego,equalize,982,1000,1000,True,0.0018609836646865142,64.06587665052278,0.3741039472504124,True
ego,equalize,983,1000,1000,True,0.0015592249003777894,64.82858024050812,0.48927599573246994,True
ego,equalize,984,1000,1000,True,0.0016546095158153646,63.306917283974585,0.4963869458396343,True
ego,equalize,985,1000,1000,True,0.0,65.90331961289961,0.0,True
ego,equalize,986,1000,1000,True,0.0016136957849779148,66.08503139894843,0.4932301693935601,True
ego,equalize,987,1000,1000,True,0.001590704503644732,67.8305715662193,0.48969276082049645,True
ego,equalize,988,1000,1000,True,0.00159010806305803,66.88462038465943,0.4881966816765555,True
ego,equalize,989,1000,1000,True,0.001580874460973282,60.9757439561011,0.493395378981198,True
ego,equalize,990,1000,1000,True,0.0013825319006531955,63.35928590980173,0.37343497284564453,True
ego,equalize,991,1000,1000,True,0.0016234634319914221,61.48394078944518,0.4925484747717731,True
ego,equalize,992,1000,1000,True,0.001603671496699512,67.18137836484155,0.4949333288433908,True
ego,equalize,993,1000,1000,True,0.0015915391449519848,64.4130528309286,0.4935585071701227,True
ego,equalize,994,1000,1000,True,0.0,66.87268318229799,0.0,True
ego,equalize,995,1000,1000,True,0.0015919860942230617,67.58010884128554,0.49201524366629135,True
ego,equalize,996,1000,1000,True,0.0015828595864304808,64.67780125359859,0.48863483297857513,True
ego,equalize,997,1000,1000,True,0.0016494705261662528,61.45693838778499,0.4894854441145313,True
ego,equalize,998,1000,1000,True,0.0,64.78541711681727,0.0,True
ego,equalize,999,1000,1000,True,0.0015959534753941765,67.52789141532557,0.4868305660083393,True
