network,method,variant_index,n_runs,build_sec,run_sec,sec_per_run,total_steps,num_cores
pud,equalize,0,1000,0.0005033016204833,1.0213172435760498,0.001021317243576,103691,60
pud,equalize,1,1000,0.0005013942718505,1.0261456966400146,0.00102614569664,104230,60
pud,equalize,2,1000,0.0005204677581787,1.0531928539276123,0.0010531928539276,103861,60
pud,equalize,3,1000,0.0005183219909667,1.0584890842437744,0.0010584890842437,104179,60
pud,equalize,4,1000,0.0004792213439941,1.0716593265533447,0.0010716593265533,104130,60
pud,equalize,5,1000,0.0004513263702392,1.0482048988342283,0.0010482048988342,104037,60
pud,equalize,6,1000,0.0005278587341308,1.0663833618164062,0.0010663833618164,103776,60
pud,equalize,7,1000,0.0005104541778564,1.0823264122009275,0.0010823264122009,103648,60
pud,equalize,8,1000,0.0005114078521728,1.050809621810913,0.0010508096218109,103909,60
pud,equalize,9,1000,0.0005595684051513,1.0524251461029053,0.0010524251461029,103793,60
pud,equalize,10,1000,0.0005340576171875,1.0837616920471191,0.0010837616920471,103487,60
pud,equalize,11,1000,0.0004844665527343,1.050957441329956,0.0010509574413299,104043,60
pud,equalize,12,1000,0.0005385875701904,1.0611565113067627,0.0010611565113067,103559,60
pud,equalize,13,1000,0.0005245208740234,1.0558571815490725,0.001055857181549,103871,60
pud,equalize,14,1000,0.0005221366882324,1.057004690170288,0.0010570046901702,103907,60
pud,equalize,15,1000,0.0005013942718505,1.0618047714233398,0.0010618047714233,103492,60
pud,equalize,16,1000,0.0005502700805664,1.0467944145202637,0.0010467944145202,104180,60
pud,equalize,17,1000,0.0004794597625732,1.0593101978302002,0.0010593101978302,103725,60
pud,equalize,18,1000,0.0004539489746093,1.0494263172149658,0.0010494263172149,103981,60
pud,equalize,19,1000,0.0005161762237548,1.04754376411438,0.0010475437641143,103907,60
pud,equalize,20,1000,0.0005552768707275,1.066309690475464,0.0010663096904754,103446,60
pud,equalize,21,1000,0.0006098747253417,1.0629422664642334,0.0010629422664642,103761,60
pud,equalize,22,1000,0.0005037784576416,1.0546598434448242,0.0010546598434448,103790,60
pud,equalize,23,1000,0.0005600452423095,1.053234338760376,0.0010532343387603,103946,60
pud,equalize,24,1000,0.0005395412445068,1.0513131618499756,0.0010513131618499,103725,60
pud,equalize,25,1000,0.0005109310150146,1.0356652736663818,0.0010356652736663,103846,60
pud,equalize,26,1000,0.000514268875122,1.054450273513794,0.0010544502735137,103643,60
pud,equalize,27,1000,0.0005478858947753,1.0520806312561035,0.0010520806312561,103736,60
pud,equalize,28,1000,0.0005378723144531,1.0516457557678225,0.0010516457557678,103869,60
pud,equalize,29,1000,0.0004987716674804,1.0497503280639648,0.0010497503280639,104226,60
pud,equalize,30,1000,0.0009238719940185,1.0391113758087158,0.0010391113758087,103588,60
pud,equalize,31,1000,0.0005273818969726,1.043790578842163,0.0010437905788421,103829,60
pud,equalize,32,1000,0.0004878044128417,1.0776677131652832,0.0010776677131652,103626,60
pud,equalize,33,1000,0.0004553794860839,1.075065851211548,0.0010750658512115,104127,60
pud,equalize,34,1000,0.0009074211120605,1.0926108360290527,0.001092610836029,103726,60
pud,equalize,35,1000,0.0005171298980712,1.0538990497589111,0.0010538990497589,103940,60
pud,equalize,36,1000,0.0005602836608886,1.0937151908874512,0.0010937151908874,103627,60
pud,equalize,37,1000,0.000521183013916,1.0598866939544678,0.0010598866939544,103835,60
pud,equalize,38,1000,0.0008540153503417,1.0618481636047363,0.0010618481636047,103987,60
pud,equalize,39,1000,0.0008280277252197,1.0563249588012695,0.0010563249588012,103848,60
pud,equalize,40,1000,0.0006017684936523,1.0682601928710938,0.001068260192871,104058,60
pud,equalize,41,1000,0.0005886554718017,1.0614745616912842,0.0010614745616912,104141,60
pud,equalize,42,1000,0.0005381107330322,1.0556814670562744,0.0010556814670562,103391,60
pud,equalize,43,1000,0.0005741119384765,1.091541767120361,0.0010915417671203,103881,60
pud,equalize,44,1000,0.0006113052368164,1.0672025680541992,0.0010672025680541,103435,60
pud,equalize,45,1000,0.0005266666412353,1.0757579803466797,0.0010757579803466,104072,60
pud,equalize,46,1000,0.0004775524139404,1.047905206680298,0.0010479052066802,103745,60
pud,equalize,47,1000,0.0005080699920654,1.058534860610962,0.0010585348606109,103633,60
pud,equalize,48,1000,0.0004909038543701,1.045860767364502,0.0010458607673645,103800,60
pud,equalize,49,1000,0.0005502700805664,1.0578513145446775,0.0010578513145446,103964,60
pud,equalize,50,1000,0.0005223751068115,1.054708480834961,0.0010547084808349,103879,60
pud,equalize,51,1000,0.0007712841033935,1.0597689151763916,0.0010597689151763,104050,60
pud,equalize,52,1000,0.0005924701690673,1.1144821643829346,0.0011144821643829,103943,60
pud,equalize,53,1000,0.0005404949188232,1.0656492710113523,0.0010656492710113,103666,60
pud,equalize,54,1000,0.0005543231964111,1.0671536922454834,0.0010671536922454,103694,60
pud,equalize,55,1000,0.0004832744598388,1.0938663482666016,0.0010938663482666,103846,60
pud,equalize,56,1000,0.0005021095275878,1.057565450668335,0.0010575654506683,104069,60
pud,equalize,57,1000,0.0007133483886718,1.065925121307373,0.0010659251213073,103441,60
pud,equalize,58,1000,0.0004756450653076,1.0917730331420898,0.001091773033142,104125,60
pud,equalize,59,1000,0.0004844665527343,1.0574522018432615,0.0010574522018432,103718,60
pud,equalize,60,1000,0.0005080699920654,1.0822093486785889,0.0010822093486785,103606,60
pud,equalize,61,1000,0.0004918575286865,1.0661633014678955,0.0010661633014678,103952,60
pud,equalize,62,1000,0.0005028247833251,1.0764384269714355,0.0010764384269714,104087,60
pud,equalize,63,1000,0.0005476474761962,1.0577857494354248,0.0010577857494354,103790,60
pud,equalize,64,1000,0.0005502700805664,1.0466701984405518,0.0010466701984405,103818,60
pud,equalize,65,1000,0.0005590915679931,1.0568349361419678,0.0010568349361419,103667,60
pud,equalize,66,1000,0.0005092620849609,1.0717504024505615,0.0010717504024505,104202,60
pud,equalize,67,1000,0.000568151473999,1.1162927150726318,0.0011162927150726,104081,60
pud,equalize,68,1000,0.000528335571289,1.066433668136597,0.0010664336681365,103690,60
pud,equalize,69,1000,0.0008525848388671,1.098323106765747,0.0010983231067657,103817,60
pud,equalize,70,1000,0.0005853176116943,1.054208278656006,0.001054208278656,103680,60
pud,equalize,71,1000,0.0005252361297607,1.074958324432373,0.0010749583244323,103557,60
pud,equalize,72,1000,0.0005090236663818,1.065903663635254,0.0010659036636352,103627,60
pud,equalize,73,1000,0.0004668235778808,1.0442790985107422,0.0010442790985107,104133,60
pud,equalize,74,1000,0.0005102157592773,1.0684614181518557,0.0010684614181518,103936,60
pud,equalize,75,1000,0.0005619525909423,1.0597028732299805,0.0010597028732299,103998,60
pud,equalize,76,1000,0.000518798828125,1.0617249011993408,0.0010617249011993,103627,60
pud,equalize,77,1000,0.0005221366882324,1.0722050666809082,0.0010722050666809,103602,60
pud,equalize,78,1000,0.000523567199707,1.146332025527954,0.0011463320255279,103743,60
pud,equalize,79,1000,0.0005078315734863,1.0634260177612305,0.0010634260177612,103624,60
pud,equalize,80,1000,0.0005173683166503,1.085885524749756,0.0010858855247497,103749,60
pud,equalize,81,1000,0.0006647109985351,1.0598840713500977,0.00105988407135,104126,60
pud,equalize,82,1000,0.0005521774291992,1.113236665725708,0.0011132366657257,103940,60
pud,equalize,83,1000,0.0005407333374023,1.0631396770477295,0.0010631396770477,104106,60
pud,equalize,84,1000,0.0005457401275634,1.0567474365234375,0.0010567474365234,104240,60
pud,equalize,85,1000,0.0005464553833007,1.083887815475464,0.0010838878154754,103791,60
pud,equalize,86,1000,0.00048828125,1.0801875591278076,0.0010801875591278,103937,60
pud,equalize,87,1000,0.000523567199707,1.0741260051727295,0.0010741260051727,104126,60
pud,equalize,88,1000,0.0004878044128417,1.0500240325927734,0.0010500240325927,104104,60
pud,equalize,89,1000,0.0005414485931396,1.061845064163208,0.0010618450641632,103745,60
pud,equalize,90,1000,0.0005314350128173,1.0658819675445557,0.0010658819675445,103691,60
pud,equalize,91,1000,0.0005414485931396,1.0517103672027588,0.0010517103672027,103932,60
pud,equalize,92,1000,0.0009324550628662,1.1030194759368896,0.0011030194759368,103938,60
pud,equalize,93,1000,0.0005810260772705,1.0706689357757568,0.0010706689357757,103692,60
pud,equalize,94,1000,0.0008766651153564,1.065074443817139,0.0010650744438171,103912,60
pud,equalize,95,1000,0.0005652904510498,1.0674426555633545,0.0010674426555633,103947,60
pud,equalize,96,1000,0.0005533695220947,1.0770676136016846,0.0010770676136016,103727,60
pud,equalize,97,1000,0.0005319118499755,1.050713062286377,0.0010507130622863,103671,60
pud,equalize,98,1000,0.0005233287811279,1.059420108795166,0.0010594201087951,103868,60
pud,equalize,99,1000,0.0005013942718505,1.0561773777008057,0.0010561773777008,103874,60
pud,equalize,100,1000,0.0005028247833251,1.0628001689910889,0.001062800168991,103503,60
pud,equalize,101,1000,0.0004827976226806,1.054551601409912,0.0010545516014099,103635,60
pud,equalize,102,1000,0.0005562305450439,1.0536222457885742,0.0010536222457885,103634,60
pud,equalize,103,1000,0.0004768371582031,1.0639028549194336,0.0010639028549194,103821,60
pud,equalize,104,1000,0.0005421638488769,1.0546047687530518,0.001054604768753,103797,60
pud,equalize,105,1000,0.0007462501525878,1.0617268085479736,0.0010617268085479,103997,60
pud,equalize,106,1000,0.0004992485046386,1.054244041442871,0.0010542440414428,103975,60
pud,equalize,107,1000,0.0005333423614501,1.0622715950012207,0.0010622715950012,103962,60
pud,equalize,108,1000,0.0004403591156005,1.067967414855957,0.0010679674148559,104012,60
pud,equalize,109,1000,0.0005221366882324,1.0557076930999756,0.0010557076930999,103911,60
pud,equalize,110,1000,0.0009706020355224,1.1446943283081057,0.0011446943283081,103609,60
pud,equalize,111,1000,0.0005855560302734,1.0606985092163086,0.0010606985092163,103924,60
pud,equalize,112,1000,0.0006153583526611,1.101515531539917,0.0011015155315399,103649,60
pud,equalize,113,1000,0.0006027221679687,1.09852933883667,0.0010985293388366,103750,60
pud,equalize,114,1000,0.0005445480346679,1.0504629611968994,0.0010504629611968,103336,60
pud,equalize,115,1000,0.0005097389221191,1.054772138595581,0.0010547721385955,103282,60
pud,equalize,116,1000,0.000568151473999,1.054987907409668,0.0010549879074096,103916,60
pud,equalize,117,1000,0.0004909038543701,1.0608553886413574,0.0010608553886413,103528,60
pud,equalize,118,1000,0.0005450248718261,1.0693423748016355,0.0010693423748016,103837,60
pud,equalize,119,1000,0.0005340576171875,1.062269926071167,0.0010622699260711,103792,60
pud,equalize,120,1000,0.0006628036499023,1.068957805633545,0.0010689578056335,103603,60
pud,equalize,121,1000,0.0005514621734619,1.055187463760376,0.0010551874637603,103387,60
pud,equalize,122,1000,0.0005128383636474,1.0484139919281006,0.0010484139919281,103627,60
pud,equalize,123,1000,0.0005149841308593,1.0857605934143066,0.0010857605934143,103656,60
pud,equalize,124,1000,0.0005419254302978,1.0629725456237793,0.0010629725456237,103995,60
pud,equalize,125,1000,0.0006120204925537,1.0665807723999023,0.0010665807723999,103945,60
pud,equalize,126,1000,0.0006196498870849,1.0891525745391846,0.0010891525745391,103698,60
pud,equalize,127,1000,0.0005497932434082,1.052281379699707,0.0010522813796997,103712,60
pud,equalize,128,1000,0.0005359649658203,1.0629324913024902,0.0010629324913024,103727,60
pud,equalize,129,1000,0.0004656314849853,1.0576918125152588,0.0010576918125152,103941,60
pud,equalize,130,1000,0.000563621520996,1.0736143589019775,0.0010736143589019,103723,60
pud,equalize,131,1000,0.0005290508270263,1.05918550491333,0.0010591855049133,103741,60
pud,equalize,132,1000,0.0006451606750488,1.0661852359771729,0.0010661852359771,103656,60
pud,equalize,133,1000,0.0005669593811035,1.0655310153961182,0.0010655310153961,103825,60
pud,equalize,134,1000,0.0005815029144287,1.055649757385254,0.0010556497573852,103462,60
pud,equalize,135,1000,0.000662088394165,1.0848500728607178,0.0010848500728607,104204,60
pud,equalize,136,1000,0.0005595684051513,1.0662899017333984,0.0010662899017333,103755,60
pud,equalize,137,1000,0.0005848407745361,1.0489425659179688,0.0010489425659179,103556,60
pud,equalize,138,1000,0.0005810260772705,1.0591709613800049,0.00105917096138,103558,60
pud,equalize,139,1000,0.0004963874816894,1.0674281120300293,0.00106742811203,103750,60
pud,equalize,140,1000,0.0005230903625488,1.0738682746887207,0.0010738682746887,104260,60
pud,equalize,141,1000,0.0006122589111328,1.0861144065856934,0.0010861144065856,103526,60
pud,equalize,142,1000,0.0005927085876464,1.071542739868164,0.0010715427398681,103862,60
pud,equalize,143,1000,0.0005106925964355,1.0775792598724363,0.0010775792598724,104124,60
pud,equalize,144,1000,0.0005490779876708,1.0719711780548096,0.0010719711780548,103689,60
pud,equalize,145,1000,0.0005149841308593,1.0657591819763184,0.0010657591819763,103765,60
pud,equalize,146,1000,0.0005648136138916,1.084503412246704,0.0010845034122467,104027,60
pud,equalize,147,1000,0.0005285739898681,1.0613682270050049,0.001061368227005,103540,60
pud,equalize,148,1000,0.0005834102630615,1.0790235996246338,0.0010790235996246,103845,60
pud,equalize,149,1000,0.000645637512207,1.0941956043243408,0.0010941956043243,104077,60
pud,equalize,150,1000,0.0005462169647216,1.077033758163452,0.0010770337581634,103756,60
pud,equalize,151,1000,0.0006115436553955,1.0703237056732178,0.0010703237056732,103840,60
pud,equalize,152,1000,0.0005774497985839,1.064162254333496,0.0010641622543334,103725,60
pud,equalize,153,1000,0.0005295276641845,1.0640454292297363,0.0010640454292297,103784,60
pud,equalize,154,1000,0.0005290508270263,1.1152422428131104,0.0011152422428131,103931,60
pud,equalize,155,1000,0.000594139099121,1.0614619255065918,0.0010614619255065,104014,60
pud,equalize,156,1000,0.000615119934082,1.073422908782959,0.0010734229087829,103550,60
pud,equalize,157,1000,0.0005428791046142,1.072944164276123,0.0010729441642761,104225,60
pud,equalize,158,1000,0.0005221366882324,1.0702283382415771,0.0010702283382415,103942,60
pud,equalize,159,1000,0.0005970001220703,1.064389705657959,0.0010643897056579,104184,60
pud,equalize,160,1000,0.00054931640625,1.0861141681671145,0.0010861141681671,103782,60
pud,equalize,161,1000,0.0005066394805908,1.070181369781494,0.0010701813697814,103349,60
pud,equalize,162,1000,0.0005342960357666,1.051154613494873,0.0010511546134948,103805,60
pud,equalize,163,1000,0.0005054473876953,1.0692806243896484,0.0010692806243896,104010,60
pud,equalize,164,1000,0.0005507469177246,1.086888074874878,0.0010868880748748,103731,60
pud,equalize,165,1000,0.0004901885986328,1.0677831172943115,0.0010677831172943,103988,60
pud,equalize,166,1000,0.0006635189056396,1.0634033679962158,0.0010634033679962,103797,60
pud,equalize,167,1000,0.0006029605865478,1.079884052276611,0.0010798840522766,103707,60
pud,equalize,168,1000,0.0005581378936767,1.0684998035430908,0.001068499803543,103726,60
pud,equalize,169,1000,0.0004982948303222,1.0500905513763428,0.0010500905513763,103540,60
pud,equalize,170,1000,0.0005457401275634,1.057002305984497,0.0010570023059844,103548,60
pud,equalize,171,1000,0.0005791187286376,1.066783428192139,0.0010667834281921,103942,60
pud,equalize,172,1000,0.0006043910980224,1.0775864124298096,0.0010775864124298,103684,60
pud,equalize,173,1000,0.0005486011505126,1.06965970993042,0.0010696597099304,103807,60
pud,equalize,174,1000,0.0005872249603271,1.070040941238403,0.0010700409412384,103384,60
pud,equalize,175,1000,0.0005853176116943,1.0831639766693115,0.0010831639766693,103850,60
pud,equalize,176,1000,0.0005359649658203,1.0489835739135742,0.0010489835739135,103997,60
pud,equalize,177,1000,0.0005130767822265,1.0695879459381104,0.0010695879459381,103845,60
pud,equalize,178,1000,0.0006000995635986,1.0628447532653809,0.0010628447532653,103492,60
pud,equalize,179,1000,0.0005841255187988,1.0655057430267334,0.0010655057430267,103616,60
pud,equalize,180,1000,0.000619888305664,1.0747296810150146,0.001074729681015,104098,60
pud,equalize,181,1000,0.0005152225494384,1.0735511779785156,0.0010735511779785,103932,60
pud,equalize,182,1000,0.0006012916564941,1.0722944736480713,0.001072294473648,103939,60
pud,equalize,183,1000,0.0005905628204345,1.0583734512329102,0.0010583734512329,103931,60
pud,equalize,184,1000,0.0005242824554443,1.0818545818328855,0.0010818545818328,103519,60
pud,equalize,185,1000,0.0005578994750976,1.067312479019165,0.0010673124790191,103962,60
pud,equalize,186,1000,0.0005183219909667,1.0637290477752686,0.0010637290477752,103956,60
pud,equalize,187,1000,0.0005364418029785,1.0714187622070312,0.001071418762207,103590,60
pud,equalize,188,1000,0.000476598739624,1.0712318420410156,0.001071231842041,103930,60
pud,equalize,189,1000,0.0006105899810791,1.11785888671875,0.0011178588867187,104198,60
pud,equalize,190,1000,0.0005311965942382,1.0802924633026123,0.0010802924633026,103951,60
pud,equalize,191,1000,0.0005242824554443,1.084620237350464,0.0010846202373504,103773,60
pud,equalize,192,1000,0.0005364418029785,1.0601301193237305,0.0010601301193237,103269,60
pud,equalize,193,1000,0.0005450248718261,1.0663912296295166,0.0010663912296295,103909,60
pud,equalize,194,1000,0.000514268875122,1.0885331630706787,0.0010885331630706,103988,60
pud,equalize,195,1000,0.0005326271057128,1.0578677654266355,0.0010578677654266,103719,60
pud,equalize,196,1000,0.0005736351013183,1.079295635223389,0.0010792956352233,103681,60
pud,equalize,197,1000,0.0007643699645996,1.0634455680847168,0.0010634455680847,103818,60
pud,equalize,198,1000,0.0005104541778564,1.0807163715362549,0.0010807163715362,103846,60
pud,equalize,199,1000,0.0005285739898681,1.074193239212036,0.001074193239212,104044,60
pud,equalize,200,1000,0.0009574890136718,1.0916073322296145,0.0010916073322296,104343,60
pud,equalize,201,1000,0.0009572505950927,1.0925722122192385,0.0010925722122192,103769,60
pud,equalize,202,1000,0.0005617141723632,1.0766420364379885,0.0010766420364379,103763,60
pud,equalize,203,1000,0.0005674362182617,1.0760838985443115,0.0010760838985443,103450,60
pud,equalize,204,1000,0.0005555152893066,1.0886116027832031,0.0010886116027832,104157,60
pud,equalize,205,1000,0.000551700592041,1.12819242477417,0.0011281924247741,103918,60
pud,equalize,206,1000,0.0005269050598144,1.060925006866455,0.0010609250068664,103598,60
pud,equalize,207,1000,0.0006136894226074,1.0688941478729248,0.0010688941478729,103686,60
pud,equalize,208,1000,0.0005660057067871,1.0707449913024902,0.0010707449913024,103626,60
pud,equalize,209,1000,0.0005536079406738,1.071621656417847,0.0010716216564178,103875,60
pud,equalize,210,1000,0.00057053565979,1.0764555931091309,0.0010764555931091,103502,60
pud,equalize,211,1000,0.0006694793701171,1.0725343227386477,0.0010725343227386,103840,60
pud,equalize,212,1000,0.0007658004760742,1.0592856407165527,0.0010592856407165,103688,60
pud,equalize,213,1000,0.0006084442138671,1.0657248497009275,0.0010657248497009,103691,60
pud,equalize,214,1000,0.0005815029144287,1.0937542915344238,0.0010937542915344,103929,60
pud,equalize,215,1000,0.00057053565979,1.0742650032043457,0.0010742650032043,103793,60
pud,equalize,216,1000,0.0005073547363281,1.072073221206665,0.0010720732212066,104018,60
pud,equalize,217,1000,0.0005772113800048,1.0621416568756104,0.0010621416568756,103626,60
pud,equalize,218,1000,0.0005557537078857,1.0623934268951416,0.0010623934268951,103816,60
pud,equalize,219,1000,0.000554084777832,1.0495500564575195,0.0010495500564575,104168,60
pud,equalize,220,1000,0.0005252361297607,1.0691256523132324,0.0010691256523132,104098,60
pud,equalize,221,1000,0.0005640983581542,1.0759994983673096,0.0010759994983673,103852,60
pud,equalize,222,1000,0.0005178451538085,1.075831413269043,0.001075831413269,103651,60
pud,equalize,223,1000,0.0005908012390136,1.0809614658355713,0.0010809614658355,103764,60
pud,equalize,224,1000,0.0005347728729248,1.0636320114135742,0.0010636320114135,103695,60
pud,equalize,225,1000,0.0006465911865234,1.0583558082580566,0.001058355808258,103498,60
pud,equalize,226,1000,0.0005505084991455,1.0973272323608398,0.0010973272323608,103694,60
pud,equalize,227,1000,0.0004968643188476,1.060746192932129,0.0010607461929321,103929,60
pud,equalize,228,1000,0.0005409717559814,1.069422483444214,0.0010694224834442,104136,60
pud,equalize,229,1000,0.0005383491516113,1.0677666664123535,0.0010677666664123,103811,60
pud,equalize,230,1000,0.0005521774291992,1.0646986961364746,0.0010646986961364,103797,60
pud,equalize,231,1000,0.0005030632019042,1.065854787826538,0.0010658547878265,103906,60
pud,equalize,232,1000,0.0005488395690917,1.0661497116088867,0.0010661497116088,103612,60
pud,equalize,233,1000,0.0009934902191162,1.0768237113952637,0.0010768237113952,103848,60
pud,equalize,234,1000,0.0005409717559814,1.081464767456055,0.001081464767456,103847,60
pud,equalize,235,1000,0.0005688667297363,1.0842537879943848,0.0010842537879943,103715,60
pud,equalize,236,1000,0.0005638599395751,1.0741908550262451,0.0010741908550262,103934,60
pud,equalize,237,1000,0.0005497932434082,1.07712721824646,0.0010771272182464,103614,60
pud,equalize,238,1000,0.0005574226379394,1.10430908203125,0.0011043090820312,103748,60
pud,equalize,239,1000,0.0005509853363037,1.0921611785888672,0.0010921611785888,104047,60
pud,equalize,240,1000,0.000547170639038,1.0649280548095703,0.0010649280548095,104070,60
pud,equalize,241,1000,0.0006220340728759,1.0777244567871094,0.0010777244567871,103842,60
pud,equalize,242,1000,0.0005450248718261,1.0679619312286377,0.0010679619312286,104294,60
pud,equalize,243,1000,0.0005626678466796,1.0799031257629397,0.0010799031257629,103944,60
pud,equalize,244,1000,0.0005433559417724,1.0754950046539309,0.0010754950046539,103621,60
pud,equalize,245,1000,0.0005831718444824,1.0678956508636477,0.0010678956508636,103844,60
pud,equalize,246,1000,0.0005602836608886,1.062672138214111,0.0010626721382141,104103,60
pud,equalize,247,1000,0.000542402267456,1.0810997486114502,0.0010810997486114,103527,60
pud,equalize,248,1000,0.0005640983581542,1.0869123935699463,0.0010869123935699,104392,60
pud,equalize,249,1000,0.0005903244018554,1.0712223052978516,0.0010712223052978,103731,60
pud,equalize,250,1000,0.0005538463592529,1.0684850215911863,0.0010684850215911,104296,60
pud,equalize,251,1000,0.0009870529174804,1.0927276611328125,0.0010927276611328,103530,60
pud,equalize,252,1000,0.0009188652038574,1.0858478546142578,0.0010858478546142,103758,60
pud,equalize,253,1000,0.0005719661712646,1.070946455001831,0.0010709464550018,103859,60
pud,equalize,254,1000,0.0006227493286132,1.0656259059906006,0.0010656259059906,103732,60
pud,equalize,255,1000,0.0005123615264892,1.0680029392242432,0.0010680029392242,103933,60
pud,equalize,256,1000,0.0005390644073486,1.0651650428771973,0.0010651650428771,103747,60
pud,equalize,257,1000,0.0005900859832763,1.0776968002319336,0.0010776968002319,103457,60
pud,equalize,258,1000,0.0007100105285644,1.0680694580078125,0.0010680694580078,103898,60
pud,equalize,259,1000,0.0004818439483642,1.0446860790252686,0.0010446860790252,104034,60
pud,equalize,260,1000,0.0005738735198974,1.0624256134033203,0.0010624256134033,103477,60
pud,equalize,261,1000,0.000596284866333,1.0784509181976318,0.0010784509181976,104070,60
pud,equalize,262,1000,0.0005614757537841,1.066938877105713,0.0010669388771057,103874,60
pud,equalize,263,1000,0.0005440711975097,1.086273431777954,0.0010862734317779,103611,60
pud,equalize,264,1000,0.0008060932159423,1.072169542312622,0.0010721695423126,103725,60
pud,equalize,265,1000,0.0005469322204589,1.07593035697937,0.0010759303569793,103548,60
pud,equalize,266,1000,0.0005218982696533,1.06579327583313,0.0010657932758331,103782,60
pud,equalize,267,1000,0.0005624294281005,1.0608816146850586,0.001060881614685,103615,60
pud,equalize,268,1000,0.000558853149414,1.088731050491333,0.0010887310504913,103865,60
pud,equalize,269,1000,0.0005149841308593,1.0615203380584717,0.0010615203380584,103810,60
pud,equalize,270,1000,0.0005316734313964,1.0759973526000977,0.0010759973526,103521,60
pud,equalize,271,1000,0.0005323886871337,1.1095728874206543,0.0011095728874206,103851,60
pud,equalize,272,1000,0.0005619525909423,1.1069550514221191,0.0011069550514221,103842,60
pud,equalize,273,1000,0.000533103942871,1.067673921585083,0.001067673921585,103661,60
pud,equalize,274,1000,0.0005688667297363,1.06650972366333,0.0010665097236633,103961,60
pud,equalize,275,1000,0.0005898475646972,1.083909273147583,0.0010839092731475,104173,60
pud,equalize,276,1000,0.0004971027374267,1.0709359645843506,0.0010709359645843,104128,60
pud,equalize,277,1000,0.0006749629974365,1.1368238925933838,0.0011368238925933,104218,60
pud,equalize,278,1000,0.0008842945098876,1.0553033351898191,0.0010553033351898,103468,60
pud,equalize,279,1000,0.0006356239318847,1.081865310668945,0.0010818653106689,104115,60
pud,equalize,280,1000,0.0005137920379638,1.0759680271148682,0.0010759680271148,103736,60
pud,equalize,281,1000,0.0006458759307861,1.07236647605896,0.0010723664760589,103454,60
pud,equalize,282,1000,0.0005385875701904,1.08579421043396,0.0010857942104339,103756,60
pud,equalize,283,1000,0.0005412101745605,1.081202268600464,0.0010812022686004,104039,60
pud,equalize,284,1000,0.0005502700805664,1.0868408679962158,0.0010868408679962,104001,60
pud,equalize,285,1000,0.000554084777832,1.0518536567687988,0.0010518536567687,103328,60
pud,equalize,286,1000,0.0005414485931396,1.0744950771331787,0.0010744950771331,103971,60
pud,equalize,287,1000,0.0005562305450439,1.0823016166687012,0.0010823016166687,103530,60
pud,equalize,288,1000,0.0006020069122314,1.0929152965545654,0.0010929152965545,104126,60
pud,equalize,289,1000,0.0009028911590576,1.057380437850952,0.0010573804378509,103786,60
pud,equalize,290,1000,0.0005495548248291,1.054396629333496,0.0010543966293334,103856,60
pud,equalize,291,1000,0.0005652904510498,1.099773645401001,0.001099773645401,103827,60
pud,equalize,292,1000,0.0005888938903808,1.0649104118347168,0.0010649104118347,103646,60
pud,equalize,293,1000,0.0005555152893066,1.078230857849121,0.0010782308578491,103995,60
pud,equalize,294,1000,0.0004925727844238,1.0751690864562988,0.0010751690864562,103989,60
pud,equalize,295,1000,0.0006282329559326,1.140977144241333,0.0011409771442413,104291,60
pud,equalize,296,1000,0.0005052089691162,1.0728752613067627,0.0010728752613067,103665,60
pud,equalize,297,1000,0.0005409717559814,1.0724537372589111,0.0010724537372589,103673,60
pud,equalize,298,1000,0.0005874633789062,1.071357011795044,0.001071357011795,103805,60
pud,equalize,299,1000,0.000521183013916,1.0626990795135498,0.0010626990795135,103717,60
pud,equalize,300,1000,0.0005590915679931,1.1125476360321045,0.0011125476360321,103994,60
pud,equalize,301,1000,0.0006420612335205,1.1526172161102295,0.0011526172161102,103950,60
pud,equalize,302,1000,0.000542402267456,1.0685906410217283,0.0010685906410217,103837,60
pud,equalize,303,1000,0.0005755424499511,1.0805063247680664,0.001080506324768,103712,60
pud,equalize,304,1000,0.0006232261657714,1.0832433700561523,0.0010832433700561,103590,60
pud,equalize,305,1000,0.0010030269622802,1.0632131099700928,0.00106321310997,103780,60
pud,equalize,306,1000,0.0005931854248046,1.0909569263458252,0.0010909569263458,103471,60
pud,equalize,307,1000,0.0005652904510498,1.0763731002807615,0.0010763731002807,103508,60
pud,equalize,308,1000,0.0005552768707275,1.0906774997711182,0.0010906774997711,103982,60
pud,equalize,309,1000,0.0007047653198242,1.0636589527130127,0.001063658952713,103542,60
pud,equalize,310,1000,0.0005908012390136,1.062385082244873,0.0010623850822448,103267,60
pud,equalize,311,1000,0.0005624294281005,1.062779426574707,0.0010627794265747,103886,60
pud,equalize,312,1000,0.0005800724029541,1.097107172012329,0.0010971071720123,103650,60
pud,equalize,313,1000,0.0005970001220703,1.063687086105347,0.0010636870861053,103728,60
pud,equalize,314,1000,0.0005507469177246,1.0644540786743164,0.0010644540786743,103802,60
pud,equalize,315,1000,0.0004987716674804,1.0736916065216064,0.0010736916065216,103753,60
pud,equalize,316,1000,0.0005030632019042,1.064206838607788,0.0010642068386077,103854,60
pud,equalize,317,1000,0.0005671977996826,1.0612692832946775,0.0010612692832946,103653,60
pud,equalize,318,1000,0.0008234977722167,1.0581116676330566,0.001058111667633,104247,60
pud,equalize,319,1000,0.0005345344543457,1.0729188919067385,0.0010729188919067,103518,60
pud,equalize,320,1000,0.0006051063537597,1.0651955604553225,0.0010651955604553,103913,60
pud,equalize,321,1000,0.0005519390106201,1.0661144256591797,0.0010661144256591,103816,60
pud,equalize,322,1000,0.0005726814270019,1.0638868808746338,0.0010638868808746,103561,60
pud,equalize,323,1000,0.0005199909210205,1.0658137798309326,0.0010658137798309,103724,60
pud,equalize,324,1000,0.0005543231964111,1.0705337524414062,0.0010705337524414,103799,60
pud,equalize,325,1000,0.0004756450653076,1.0523192882537842,0.0010523192882537,103636,60
pud,equalize,326,1000,0.0007307529449462,1.0595974922180176,0.001059597492218,103799,60
pud,equalize,327,1000,0.0005168914794921,1.074519157409668,0.0010745191574096,103615,60
pud,equalize,328,1000,0.0005843639373779,1.0735840797424316,0.0010735840797424,103817,60
pud,equalize,329,1000,0.0005700588226318,1.0646140575408936,0.0010646140575408,104004,60
pud,equalize,330,1000,0.0005125999450683,1.0745859146118164,0.0010745859146118,104067,60
pud,equalize,331,1000,0.0006237030029296,1.0659418106079102,0.0010659418106079,103880,60
pud,equalize,332,1000,0.0005404949188232,1.0572900772094729,0.0010572900772094,103819,60
pud,equalize,333,1000,0.0005671977996826,1.0654432773590088,0.001065443277359,103477,60
pud,equalize,334,1000,0.0005280971527099,1.0725526809692385,0.0010725526809692,103657,60
pud,equalize,335,1000,0.0005481243133544,1.0674407482147217,0.0010674407482147,103650,60
pud,equalize,336,1000,0.0005509853363037,1.0659894943237305,0.0010659894943237,103343,60
pud,equalize,337,1000,0.0005180835723876,1.0816187858581543,0.0010816187858581,103768,60
pud,equalize,338,1000,0.0005359649658203,1.0921413898468018,0.0010921413898468,104042,60
pud,equalize,339,1000,0.0005731582641601,1.0668842792510986,0.001066884279251,103564,60
pud,equalize,340,1000,0.0007321834564208,1.0718348026275637,0.0010718348026275,104101,60
pud,equalize,341,1000,0.0006852149963378,1.0757896900177002,0.0010757896900177,103878,60
pud,equalize,342,1000,0.0006308555603027,1.0658142566680908,0.001065814256668,104048,60
pud,equalize,343,1000,0.0005509853363037,1.08559250831604,0.001085592508316,104115,60
pud,equalize,344,1000,0.0005638599395751,1.065762996673584,0.0010657629966735,103805,60
pud,equalize,345,1000,0.0005726814270019,1.10618257522583,0.0011061825752258,103602,60
pud,equalize,346,1000,0.0009756088256835,1.0676114559173584,0.0010676114559173,103391,60
pud,equalize,347,1000,0.0005512237548828,1.0806663036346436,0.0010806663036346,103835,60
pud,equalize,348,1000,0.0006265640258789,1.0894334316253662,0.0010894334316253,103986,60
pud,equalize,349,1000,0.0006790161132812,1.0877153873443604,0.0010877153873443,103772,60
pud,equalize,350,1000,0.000629186630249,1.1070082187652588,0.0011070082187652,103729,60
pud,equalize,351,1000,0.0005247592926025,1.0582597255706787,0.0010582597255706,103252,60
pud,equalize,352,1000,0.0005216598510742,1.0738089084625244,0.0010738089084625,103831,60
pud,equalize,353,1000,0.0004663467407226,1.065267562866211,0.0010652675628662,103985,60
pud,equalize,354,1000,0.0005638599395751,1.0642940998077393,0.0010642940998077,103999,60
pud,equalize,355,1000,0.000572919845581,1.0549132823944092,0.0010549132823944,103874,60
pud,equalize,356,1000,0.0005419254302978,1.058276653289795,0.0010582766532897,104022,60
pud,equalize,357,1000,0.0005884170532226,1.076066255569458,0.0010760662555694,103886,60
pud,equalize,358,1000,0.0005340576171875,1.0550806522369385,0.0010550806522369,103986,60
pud,equalize,359,1000,0.0005357265472412,1.0583150386810305,0.001058315038681,104110,60
pud,equalize,360,1000,0.0005350112915039,1.063194990158081,0.001063194990158,104065,60
pud,equalize,361,1000,0.0006458759307861,1.067363739013672,0.0010673637390136,103901,60
pud,equalize,362,1000,0.0005578994750976,1.0595455169677734,0.0010595455169677,103799,60
pud,equalize,363,1000,0.0005443096160888,1.062028884887695,0.0010620288848876,103834,60
pud,equalize,364,1000,0.0005586147308349,1.0591673851013184,0.0010591673851013,103822,60
pud,equalize,365,1000,0.0005617141723632,1.071422815322876,0.0010714228153228,103870,60
pud,equalize,366,1000,0.0005583763122558,1.0628376007080078,0.001062837600708,103855,60
pud,equalize,367,1000,0.0010111331939697,1.0549826622009275,0.0010549826622009,103451,60
pud,equalize,368,1000,0.0005664825439453,1.0639970302581787,0.0010639970302581,103492,60
pud,equalize,369,1000,0.0005581378936767,1.06858229637146,0.0010685822963714,103555,60
pud,equalize,370,1000,0.000969648361206,1.0705533027648926,0.0010705533027648,103899,60
pud,equalize,371,1000,0.0005695819854736,1.0966458320617676,0.0010966458320617,103741,60
pud,equalize,372,1000,0.0005369186401367,1.090914964675903,0.0010909149646759,103993,60
pud,equalize,373,1000,0.0005240440368652,1.0558161735534668,0.0010558161735534,103433,60
pud,equalize,374,1000,0.0005156993865966,1.061565637588501,0.0010615656375885,103871,60
pud,equalize,375,1000,0.0008656978607177,1.1084952354431152,0.0011084952354431,103859,60
pud,equalize,376,1000,0.000572919845581,1.0664753913879397,0.0010664753913879,104148,60
pud,equalize,377,1000,0.0006170272827148,1.061133861541748,0.0010611338615417,103812,60
pud,equalize,378,1000,0.0005464553833007,1.064953088760376,0.0010649530887603,104013,60
pud,equalize,379,1000,0.0005519390106201,1.0555009841918943,0.0010555009841918,103396,60
pud,equalize,380,1000,0.0005340576171875,1.0674309730529783,0.0010674309730529,104094,60
pud,equalize,381,1000,0.0006358623504638,1.0730326175689695,0.0010730326175689,103884,60
pud,equalize,382,1000,0.0005733966827392,1.0577702522277832,0.0010577702522277,103791,60
pud,equalize,383,1000,0.0005085468292236,1.0930945873260498,0.001093094587326,104097,60
pud,equalize,384,1000,0.0005261898040771,1.11012864112854,0.0011101286411285,104030,60
pud,equalize,385,1000,0.0005760192871093,1.0695312023162842,0.0010695312023162,103480,60
pud,equalize,386,1000,0.0005495548248291,1.0629665851593018,0.0010629665851593,103650,60
pud,equalize,387,1000,0.0005288124084472,1.0812299251556396,0.0010812299251556,103989,60
pud,equalize,388,1000,0.0005691051483154,1.0845417976379397,0.0010845417976379,103553,60
pud,equalize,389,1000,0.000533103942871,1.0750157833099363,0.0010750157833099,104193,60
pud,equalize,390,1000,0.0005719661712646,1.0695860385894775,0.0010695860385894,103853,60
pud,equalize,391,1000,0.000582218170166,1.067629098892212,0.0010676290988922,104007,60
pud,equalize,392,1000,0.000521183013916,1.069674015045166,0.0010696740150451,103612,60
pud,equalize,393,1000,0.0004947185516357,1.0852885246276855,0.0010852885246276,103857,60
pud,equalize,394,1000,0.0005691051483154,1.0694196224212646,0.0010694196224212,104122,60
pud,equalize,395,1000,0.0005052089691162,1.0768206119537354,0.0010768206119537,104062,60
pud,equalize,396,1000,0.0005097389221191,1.08095383644104,0.001080953836441,103910,60
pud,equalize,397,1000,0.0005815029144287,1.0698072910308838,0.0010698072910308,103959,60
pud,equalize,398,1000,0.000551700592041,1.0702457427978516,0.0010702457427978,103982,60
pud,equalize,399,1000,0.00093674659729,1.1150665283203125,0.0011150665283203,103660,60
pud,equalize,400,1000,0.0006656646728515,1.0734107494354248,0.0010734107494354,104009,60
pud,equalize,401,1000,0.0006122589111328,1.0966169834136963,0.0010966169834136,104089,60
pud,equalize,402,1000,0.0005812644958496,1.060819387435913,0.0010608193874359,103428,60
pud,equalize,403,1000,0.000563621520996,1.1201865673065186,0.0011201865673065,103889,60
pud,equalize,404,1000,0.0005350112915039,1.0856502056121826,0.0010856502056121,104251,60
pud,equalize,405,1000,0.0005707740783691,1.0589511394500732,0.00105895113945,103307,60
pud,equalize,406,1000,0.0005712509155273,1.0783700942993164,0.0010783700942993,103929,60
pud,equalize,407,1000,0.0004949569702148,1.0801708698272705,0.0010801708698272,103631,60
pud,equalize,408,1000,0.0005345344543457,1.0577600002288818,0.0010577600002288,103788,60
pud,equalize,409,1000,0.0004951953887939,1.066068172454834,0.0010660681724548,104307,60
pud,equalize,410,1000,0.0009791851043701,1.082575798034668,0.0010825757980346,103856,60
pud,equalize,411,1000,0.0004923343658447,1.0761315822601318,0.0010761315822601,103667,60
pud,equalize,412,1000,0.0005819797515869,1.0637831687927246,0.0010637831687927,103936,60
pud,equalize,413,1000,0.0005285739898681,1.068488836288452,0.0010684888362884,104176,60
pud,equalize,414,1000,0.0005602836608886,1.0861399173736572,0.0010861399173736,103980,60
pud,equalize,415,1000,0.000572919845581,1.080822467803955,0.0010808224678039,103862,60
pud,equalize,416,1000,0.0005815029144287,1.0790467262268066,0.0010790467262268,103752,60
pud,equalize,417,1000,0.0005764961242675,1.0801515579223633,0.0010801515579223,103918,60
pud,equalize,418,1000,0.0005619525909423,1.0682032108306885,0.0010682032108306,103624,60
pud,equalize,419,1000,0.0005388259887695,1.0728332996368408,0.0010728332996368,103470,60
pud,equalize,420,1000,0.0005304813385009,1.060837984085083,0.001060837984085,103811,60
pud,equalize,421,1000,0.0005791187286376,1.0726401805877686,0.0010726401805877,103810,60
pud,equalize,422,1000,0.0005373954772949,1.0643043518066406,0.0010643043518066,103614,60
pud,equalize,423,1000,0.0005695819854736,1.0642273426055908,0.0010642273426055,104068,60
pud,equalize,424,1000,0.0005266666412353,1.0714890956878662,0.0010714890956878,103634,60
pud,equalize,425,1000,0.000586986541748,1.071617603302002,0.001071617603302,103705,60
pud,equalize,426,1000,0.0005233287811279,1.0694148540496826,0.0010694148540496,103618,60
pud,equalize,427,1000,0.0006029605865478,1.075084209442139,0.0010750842094421,103992,60
pud,equalize,428,1000,0.0005373954772949,1.0689764022827148,0.0010689764022827,103845,60
pud,equalize,429,1000,0.0005037784576416,1.066293239593506,0.0010662932395935,103729,60
pud,equalize,430,1000,0.0005054473876953,1.0632741451263428,0.0010632741451263,103620,60
pud,equalize,431,1000,0.0005402565002441,1.050633430480957,0.0010506334304809,103931,60
pud,equalize,432,1000,0.000950813293457,1.062145709991455,0.0010621457099914,103358,60
pud,equalize,433,1000,0.0005578994750976,1.0793778896331787,0.0010793778896331,103604,60
pud,equalize,434,1000,0.0006029605865478,1.0737531185150146,0.001073753118515,103623,60
pud,equalize,435,1000,0.0006194114685058,1.0545969009399414,0.0010545969009399,103658,60
pud,equalize,436,1000,0.0005154609680175,1.0629358291625977,0.0010629358291625,103508,60
pud,equalize,437,1000,0.0005390644073486,1.0626213550567627,0.0010626213550567,104042,60
pud,equalize,438,1000,0.0004987716674804,1.060056209564209,0.0010600562095642,103591,60
pud,equalize,439,1000,0.0009713172912597,1.0559346675872805,0.0010559346675872,103759,60
pud,equalize,440,1000,0.0005357265472412,1.1046836376190186,0.001104683637619,103642,60
pud,equalize,441,1000,0.0005199909210205,1.065140962600708,0.0010651409626007,103717,60
pud,equalize,442,1000,0.0005173683166503,1.0677144527435305,0.0010677144527435,103830,60
pud,equalize,443,1000,0.0005462169647216,1.056276798248291,0.0010562767982482,103968,60
pud,equalize,444,1000,0.0005459785461425,1.0695643424987793,0.0010695643424987,103573,60
pud,equalize,445,1000,0.0005497932434082,1.0724785327911377,0.0010724785327911,103676,60
pud,equalize,446,1000,0.0005626678466796,1.0711607933044434,0.0010711607933044,103787,60
pud,equalize,447,1000,0.0005099773406982,1.087348222732544,0.0010873482227325,103838,60
pud,equalize,448,1000,0.0005397796630859,1.0795717239379885,0.0010795717239379,103692,60
pud,equalize,449,1000,0.0005726814270019,1.079838752746582,0.0010798387527465,103858,60
pud,equalize,450,1000,0.0005285739898681,1.0722558498382568,0.0010722558498382,103794,60
pud,equalize,451,1000,0.0005035400390625,1.0804364681243896,0.0010804364681243,104076,60
pud,equalize,452,1000,0.0005881786346435,1.0786595344543457,0.0010786595344543,103810,60
pud,equalize,453,1000,0.0005266666412353,1.103445529937744,0.0011034455299377,103750,60
pud,equalize,454,1000,0.0005128383636474,1.0774543285369873,0.0010774543285369,103690,60
pud,equalize,455,1000,0.0005538463592529,1.080280303955078,0.001080280303955,103803,60
pud,equalize,456,1000,0.0005578994750976,1.071550369262695,0.0010715503692626,103821,60
pud,equalize,457,1000,0.000537633895874,1.090322732925415,0.0010903227329254,103743,60
pud,equalize,458,1000,0.0005419254302978,1.0871827602386477,0.0010871827602386,103616,60
pud,equalize,459,1000,0.0005879402160644,1.0729951858520508,0.001072995185852,103885,60
pud,equalize,460,1000,0.0005791187286376,1.071512222290039,0.00107151222229,103873,60
pud,equalize,461,1000,0.0005464553833007,1.0806748867034912,0.0010806748867034,103830,60
pud,equalize,462,1000,0.0005581378936767,1.1489782333374023,0.0011489782333374,103908,60
pud,equalize,463,1000,0.0005497932434082,1.0831527709960938,0.001083152770996,103788,60
pud,equalize,464,1000,0.0005369186401367,1.0804078578948977,0.0010804078578948,103649,60
pud,equalize,465,1000,0.0006203651428222,1.126950979232788,0.0011269509792327,103868,60
pud,equalize,466,1000,0.0005645751953125,1.0665090084075928,0.0010665090084075,103663,60
pud,equalize,467,1000,0.0005543231964111,1.0766487121582031,0.0010766487121582,103945,60
pud,equalize,468,1000,0.0005478858947753,1.0858912467956543,0.0010858912467956,104180,60
pud,equalize,469,1000,0.0005760192871093,1.105978012084961,0.0011059780120849,103672,60
pud,equalize,470,1000,0.000572919845581,1.061702013015747,0.0010617020130157,104025,60
pud,equalize,471,1000,0.000558853149414,1.075852394104004,0.001075852394104,103484,60
pud,equalize,472,1000,0.0005342960357666,1.0985698699951172,0.0010985698699951,104032,60
pud,equalize,473,1000,0.0005960464477539,1.081310749053955,0.0010813107490539,103791,60
pud,equalize,474,1000,0.0006048679351806,1.0671274662017822,0.0010671274662017,104024,60
pud,equalize,475,1000,0.0006539821624755,1.076066255569458,0.0010760662555694,104049,60
pud,equalize,476,1000,0.0005366802215576,1.071772813796997,0.0010717728137969,104044,60
pud,equalize,477,1000,0.0005826950073242,1.0667228698730469,0.001066722869873,103549,60
pud,equalize,478,1000,0.0005710124969482,1.071611404418945,0.0010716114044189,103940,60
pud,equalize,479,1000,0.0005304813385009,1.0830464363098145,0.0010830464363098,103683,60
pud,equalize,480,1000,0.0005371570587158,1.0619423389434814,0.0010619423389434,103936,60
pud,equalize,481,1000,0.0005655288696289,1.0739293098449707,0.0010739293098449,103867,60
pud,equalize,482,1000,0.0005714893341064,1.0685288906097412,0.0010685288906097,104009,60
pud,equalize,483,1000,0.000579833984375,1.0748672485351562,0.0010748672485351,103897,60
pud,equalize,484,1000,0.0005397796630859,1.0736486911773682,0.0010736486911773,104224,60
pud,equalize,485,1000,0.0005640983581542,1.0794196128845217,0.0010794196128845,104109,60
pud,equalize,486,1000,0.000598669052124,1.0807476043701172,0.0010807476043701,103667,60
pud,equalize,487,1000,0.0005366802215576,1.0840773582458496,0.0010840773582458,103735,60
pud,equalize,488,1000,0.0005161762237548,1.0596556663513184,0.0010596556663513,103766,60
pud,equalize,489,1000,0.000514268875122,1.0784077644348145,0.0010784077644348,103680,60
pud,equalize,490,1000,0.0005891323089599,1.0939514636993408,0.0010939514636993,103360,60
pud,equalize,491,1000,0.0006780624389648,1.086256504058838,0.0010862565040588,103628,60
pud,equalize,492,1000,0.0006115436553955,1.1104822158813477,0.0011104822158813,103590,60
pud,equalize,493,1000,0.0005455017089843,1.0615086555480957,0.001061508655548,103565,60
pud,equalize,494,1000,0.0005793571472167,1.0566048622131348,0.0010566048622131,103623,60
pud,equalize,495,1000,0.0005738735198974,1.0691986083984375,0.0010691986083984,103894,60
pud,equalize,496,1000,0.000974416732788,1.1178796291351318,0.0011178796291351,104101,60
pud,equalize,497,1000,0.000514268875122,1.0673413276672363,0.0010673413276672,103599,60
pud,equalize,498,1000,0.0005872249603271,1.0687296390533447,0.0010687296390533,104023,60
pud,equalize,499,1000,0.0005536079406738,1.0592305660247805,0.0010592305660247,103871,60
pud,equalize,500,1000,0.0005576610565185,1.0620248317718506,0.0010620248317718,103690,60
pud,equalize,501,1000,0.0005769729614257,1.0802724361419678,0.0010802724361419,103858,60
pud,equalize,502,1000,0.0006828308105468,1.0704967975616455,0.0010704967975616,103583,60
pud,equalize,503,1000,0.0005686283111572,1.0763778686523438,0.0010763778686523,103534,60
pud,equalize,504,1000,0.0006589889526367,1.1218533515930176,0.001121853351593,103534,60
pud,equalize,505,1000,0.0005571842193603,1.06424880027771,0.0010642488002777,103745,60
pud,equalize,506,1000,0.0009088516235351,1.070772647857666,0.0010707726478576,103503,60
pud,equalize,507,1000,0.0005438327789306,1.079890489578247,0.0010798904895782,103619,60
pud,equalize,508,1000,0.00054931640625,1.055626392364502,0.0010556263923645,103727,60
pud,equalize,509,1000,0.0006353855133056,1.0784099102020264,0.001078409910202,103566,60
pud,equalize,510,1000,0.0005652904510498,1.0710315704345703,0.0010710315704345,103739,60
pud,equalize,511,1000,0.0006265640258789,1.065051555633545,0.0010650515556335,103835,60
pud,equalize,512,1000,0.000582218170166,1.0925843715667725,0.0010925843715667,103524,60
pud,equalize,513,1000,0.0005652904510498,1.1196942329406738,0.0011196942329406,103766,60
pud,equalize,514,1000,0.000556468963623,1.0744054317474363,0.0010744054317474,103860,60
pud,equalize,515,1000,0.0005311965942382,1.073704719543457,0.0010737047195434,103799,60
pud,equalize,516,1000,0.0006148815155029,1.0731863975524902,0.0010731863975524,103940,60
pud,equalize,517,1000,0.0009160041809082,1.079529047012329,0.0010795290470123,103761,60
pud,equalize,518,1000,0.0005230903625488,1.0750226974487305,0.0010750226974487,103577,60
pud,equalize,519,1000,0.0006327629089355,1.077183485031128,0.0010771834850311,104117,60
pud,equalize,520,1000,0.000561237335205,1.0690560340881348,0.0010690560340881,103952,60
pud,equalize,521,1000,0.0009114742279052,1.075387477874756,0.0010753874778747,103568,60
pud,equalize,522,1000,0.0005621910095214,1.077937126159668,0.0010779371261596,103682,60
pud,equalize,523,1000,0.0009443759918212,1.0807089805603027,0.0010807089805603,104001,60
pud,equalize,524,1000,0.0005567073822021,1.0840420722961426,0.0010840420722961,103807,60
pud,equalize,525,1000,0.0005121231079101,1.0747394561767578,0.0010747394561767,103710,60
pud,equalize,526,1000,0.0005390644073486,1.075451374053955,0.0010754513740539,103796,60
pud,equalize,527,1000,0.0011091232299804,1.0620238780975342,0.0010620238780975,103582,60
pud,equalize,528,1000,0.0005598068237304,1.076427698135376,0.0010764276981353,103958,60
pud,equalize,529,1000,0.0005507469177246,1.0779054164886477,0.0010779054164886,103887,60
pud,equalize,530,1000,0.0005309581756591,1.0633528232574463,0.0010633528232574,103718,60
pud,equalize,531,1000,0.0005280971527099,1.0568349361419678,0.0010568349361419,103624,60
pud,equalize,532,1000,0.0005679130554199,1.071824550628662,0.0010718245506286,103776,60
pud,equalize,533,1000,0.0006000995635986,1.0739591121673584,0.0010739591121673,103889,60
pud,equalize,534,1000,0.0005197525024414,1.0641069412231443,0.0010641069412231,103632,60
pud,equalize,535,1000,0.0005788803100585,1.0629324913024902,0.0010629324913024,103877,60
pud,equalize,536,1000,0.0005793571472167,1.0644221305847168,0.0010644221305847,103672,60
pud,equalize,537,1000,0.0005671977996826,1.092967510223389,0.0010929675102233,103905,60
pud,equalize,538,1000,0.000540018081665,1.080026149749756,0.0010800261497497,103819,60
pud,equalize,539,1000,0.0005867481231689,1.0680506229400637,0.00106805062294,103984,60
pud,equalize,540,1000,0.000596284866333,1.0639855861663818,0.0010639855861663,103912,60
pud,equalize,541,1000,0.0005388259887695,1.0864222049713137,0.0010864222049713,103848,60
pud,equalize,542,1000,0.0006802082061767,1.0712571144104004,0.0010712571144104,103585,60
pud,equalize,543,1000,0.0005621910095214,1.0649070739746094,0.0010649070739746,103816,60
pud,equalize,544,1000,0.0005600452423095,1.075527906417847,0.0010755279064178,103935,60
pud,equalize,545,1000,0.0005285739898681,1.0651984214782717,0.0010651984214782,104225,60
pud,equalize,546,1000,0.0006070137023925,1.0865302085876465,0.0010865302085876,104083,60
pud,equalize,547,1000,0.0005862712860107,1.0636494159698486,0.0010636494159698,103622,60
pud,equalize,548,1000,0.0005948543548583,1.0974740982055664,0.0010974740982055,103621,60
pud,equalize,549,1000,0.0009467601776123,1.0679152011871338,0.0010679152011871,103568,60
pud,equalize,550,1000,0.000582218170166,1.0606765747070312,0.001060676574707,103712,60
pud,equalize,551,1000,0.0005781650543212,1.0814800262451172,0.0010814800262451,103630,60
pud,equalize,552,1000,0.0005979537963867,1.0601296424865725,0.0010601296424865,103968,60
pud,equalize,553,1000,0.0010333061218261,1.1365559101104736,0.0011365559101104,103776,60
pud,equalize,554,1000,0.0005366802215576,1.0870983600616455,0.0010870983600616,103703,60
pud,equalize,555,1000,0.0006434917449951,1.0795345306396484,0.0010795345306396,103827,60
pud,equalize,556,1000,0.0005745887756347,1.070265531539917,0.0010702655315399,103812,60
pud,equalize,557,1000,0.0006070137023925,1.0571913719177246,0.0010571913719177,103777,60
pud,equalize,558,1000,0.0009284019470214,1.0636475086212158,0.0010636475086212,103940,60
pud,equalize,559,1000,0.0005004405975341,1.0658326148986816,0.0010658326148986,103884,60
pud,equalize,560,1000,0.0005872249603271,1.0715622901916504,0.0010715622901916,103728,60
pud,equalize,561,1000,0.0005688667297363,1.0748074054718018,0.0010748074054718,103996,60
pud,equalize,562,1000,0.0005497932434082,1.068099021911621,0.0010680990219116,103590,60
pud,equalize,563,1000,0.0005826950073242,1.0648107528686523,0.0010648107528686,104175,60
pud,equalize,564,1000,0.0007746219635009,1.109141826629639,0.0011091418266296,103909,60
pud,equalize,565,1000,0.0005800724029541,1.0947315692901611,0.0010947315692901,103864,60
pud,equalize,566,1000,0.0005052089691162,1.0681967735290527,0.001068196773529,103960,60
pud,equalize,567,1000,0.0006015300750732,1.0481829643249512,0.0010481829643249,103214,60
pud,equalize,568,1000,0.0005686283111572,1.0683495998382568,0.0010683495998382,103851,60
pud,equalize,569,1000,0.0005378723144531,1.0854625701904297,0.0010854625701904,103941,60
pud,equalize,570,1000,0.0005562305450439,1.0733425617218018,0.0010733425617218,104116,60
pud,equalize,571,1000,0.0005841255187988,1.0702569484710691,0.001070256948471,103603,60
pud,equalize,572,1000,0.0005905628204345,1.066894769668579,0.0010668947696685,104058,60
pud,equalize,573,1000,0.000516653060913,1.0636286735534668,0.0010636286735534,103459,60
pud,equalize,574,1000,0.0005841255187988,1.0631093978881836,0.0010631093978881,103986,60
pud,equalize,575,1000,0.0006041526794433,1.1137304306030271,0.001113730430603,103964,60
pud,equalize,576,1000,0.0005481243133544,1.067946195602417,0.0010679461956024,103739,60
pud,equalize,577,1000,0.0005328655242919,1.0843911170959473,0.0010843911170959,103599,60
pud,equalize,578,1000,0.0005989074707031,1.0562529563903809,0.0010562529563903,103595,60
pud,equalize,579,1000,0.0006031990051269,1.078338384628296,0.0010783383846282,103752,60
pud,equalize,580,1000,0.0005238056182861,1.0723991394042969,0.0010723991394042,103658,60
pud,equalize,581,1000,0.0006308555603027,1.0563409328460691,0.001056340932846,103839,60
pud,equalize,582,1000,0.0006916522979736,1.0686907768249512,0.0010686907768249,103902,60
pud,equalize,583,1000,0.0006506443023681,1.0643672943115234,0.0010643672943115,103665,60
pud,equalize,584,1000,0.0005295276641845,1.068448543548584,0.0010684485435485,103996,60
pud,equalize,585,1000,0.0005931854248046,1.0667331218719482,0.0010667331218719,103981,60
pud,equalize,586,1000,0.0009815692901611,1.0741853713989258,0.0010741853713989,103696,60
pud,equalize,587,1000,0.0005807876586914,1.061293601989746,0.0010612936019897,103637,60
pud,equalize,588,1000,0.0005278587341308,1.0737147331237793,0.0010737147331237,104233,60
pud,equalize,589,1000,0.000598669052124,1.06280517578125,0.0010628051757812,103819,60
pud,equalize,590,1000,0.0005600452423095,1.074115753173828,0.0010741157531738,103783,60
pud,equalize,591,1000,0.0005955696105957,1.092668056488037,0.001092668056488,103259,60
pud,equalize,592,1000,0.0005350112915039,1.0868992805480957,0.001086899280548,103878,60
pud,equalize,593,1000,0.0009272098541259,1.0595917701721191,0.0010595917701721,103968,60
pud,equalize,594,1000,0.0006029605865478,1.0552921295166016,0.0010552921295166,103515,60
pud,equalize,595,1000,0.0005655288696289,1.0702204704284668,0.0010702204704284,103931,60
pud,equalize,596,1000,0.0005519390106201,1.0568716526031494,0.0010568716526031,103815,60
pud,equalize,597,1000,0.0006225109100341,1.0564680099487305,0.0010564680099487,103700,60
pud,equalize,598,1000,0.0005679130554199,1.0600183010101318,0.0010600183010101,103809,60
pud,equalize,599,1000,0.0005364418029785,1.0540544986724854,0.0010540544986724,103515,60
pud,equalize,600,1000,0.00063157081604,1.052915334701538,0.0010529153347015,103689,60
pud,equalize,601,1000,0.0005664825439453,1.0524344444274902,0.0010524344444274,103760,60
pud,equalize,602,1000,0.0005431175231933,1.0829720497131348,0.0010829720497131,103802,60
pud,equalize,603,1000,0.0005984306335449,1.0695359706878662,0.0010695359706878,103738,60
pud,equalize,604,1000,0.0006952285766601,1.0591509342193604,0.0010591509342193,103835,60
pud,equalize,605,1000,0.0005655288696289,1.0622854232788086,0.0010622854232788,103786,60
pud,equalize,606,1000,0.0005609989166259,1.0582239627838137,0.0010582239627838,103815,60
pud,equalize,607,1000,0.0005791187286376,1.0996770858764648,0.0010996770858764,104029,60
pud,equalize,608,1000,0.0005292892456054,1.0557453632354736,0.0010557453632354,103469,60
pud,equalize,609,1000,0.0005445480346679,1.063110589981079,0.001063110589981,103432,60
pud,equalize,610,1000,0.000575304031372,1.073505401611328,0.0010735054016113,103760,60
pud,equalize,611,1000,0.0005874633789062,1.0684502124786377,0.0010684502124786,103681,60
pud,equalize,612,1000,0.0005483627319335,1.0654115676879885,0.0010654115676879,103733,60
pud,equalize,613,1000,0.0005464553833007,1.0770463943481443,0.0010770463943481,103777,60
pud,equalize,614,1000,0.0006308555603027,1.06541109085083,0.0010654110908508,103765,60
pud,equalize,615,1000,0.0005891323089599,1.0628130435943604,0.0010628130435943,103710,60
pud,equalize,616,1000,0.0005862712860107,1.1303281784057615,0.0011303281784057,103787,60
pud,equalize,617,1000,0.0006742477416992,1.0602190494537354,0.0010602190494537,103600,60
pud,equalize,618,1000,0.0006916522979736,1.068472385406494,0.0010684723854064,103876,60
pud,equalize,619,1000,0.000939130783081,1.1720774173736572,0.0011720774173736,104068,60
pud,equalize,620,1000,0.0005629062652587,1.080937385559082,0.001080937385559,103633,60
pud,equalize,621,1000,0.0006704330444335,1.085187911987305,0.0010851879119873,103878,60
pud,equalize,622,1000,0.0005731582641601,1.0566065311431885,0.0010566065311431,103482,60
pud,equalize,623,1000,0.0005626678466796,1.0674340724945068,0.0010674340724945,103578,60
pud,equalize,624,1000,0.0005383491516113,1.0686891078948977,0.0010686891078948,103602,60
pud,equalize,625,1000,0.0005311965942382,1.0735599994659424,0.0010735599994659,103339,60
pud,equalize,626,1000,0.0006344318389892,1.065458059310913,0.0010654580593109,103756,60
pud,equalize,627,1000,0.0005512237548828,1.0737848281860352,0.001073784828186,104118,60
pud,equalize,628,1000,0.0006029605865478,1.0808899402618408,0.0010808899402618,103708,60
pud,equalize,629,1000,0.0007123947143554,1.066208839416504,0.0010662088394165,103892,60
pud,equalize,630,1000,0.0008511543273925,1.053616285324097,0.001053616285324,103610,60
pud,equalize,631,1000,0.0009400844573974,1.0571722984313965,0.0010571722984313,103802,60
pud,equalize,632,1000,0.0006356239318847,1.0766150951385498,0.0010766150951385,103859,60
pud,equalize,633,1000,0.0005996227264404,1.10734224319458,0.0011073422431945,103773,60
pud,equalize,634,1000,0.0005431175231933,1.0768587589263916,0.0010768587589263,103784,60
pud,equalize,635,1000,0.0006325244903564,1.0603857040405271,0.0010603857040405,103765,60
pud,equalize,636,1000,0.0006074905395507,1.0665178298950195,0.001066517829895,103898,60
pud,equalize,637,1000,0.0009877681732177,1.077329158782959,0.0010773291587829,103525,60
pud,equalize,638,1000,0.0005304813385009,1.0476834774017334,0.0010476834774017,103973,60
pud,equalize,639,1000,0.0005872249603271,1.063640594482422,0.0010636405944824,103881,60
pud,equalize,640,1000,0.0005693435668945,1.0613772869110107,0.001061377286911,103826,60
pud,equalize,641,1000,0.0005609989166259,1.0594806671142578,0.0010594806671142,103772,60
pud,equalize,642,1000,0.0005233287811279,1.0712859630584717,0.0010712859630584,103841,60
pud,equalize,643,1000,0.0009407997131347,1.0629842281341553,0.0010629842281341,103918,60
pud,equalize,644,1000,0.000575304031372,1.0657663345336914,0.0010657663345336,103699,60
pud,equalize,645,1000,0.0005884170532226,1.062131643295288,0.0010621316432952,104218,60
pud,equalize,646,1000,0.0004723072052001,1.068065881729126,0.0010680658817291,103659,60
pud,equalize,647,1000,0.0006084442138671,1.056957721710205,0.0010569577217102,103461,60
pud,equalize,648,1000,0.000579833984375,1.0537045001983645,0.0010537045001983,103362,60
pud,equalize,649,1000,0.0005328655242919,1.067295789718628,0.0010672957897186,103481,60
pud,equalize,650,1000,0.0005717277526855,1.0543625354766846,0.0010543625354766,103836,60
pud,equalize,651,1000,0.0006160736083984,1.060307264328003,0.001060307264328,103753,60
pud,equalize,652,1000,0.0005779266357421,1.1157376766204834,0.0011157376766204,103819,60
pud,equalize,653,1000,0.0005598068237304,1.0651681423187256,0.0010651681423187,104006,60
pud,equalize,654,1000,0.0006933212280273,1.1285405158996582,0.0011285405158996,104196,60
pud,equalize,655,1000,0.0007667541503906,1.0812201499938965,0.0010812201499938,103790,60
pud,equalize,656,1000,0.0005872249603271,1.093590259552002,0.001093590259552,104145,60
pud,equalize,657,1000,0.0005226135253906,1.0651824474334717,0.0010651824474334,103738,60
pud,equalize,658,1000,0.0006098747253417,1.0569705963134766,0.0010569705963134,104018,60
pud,equalize,659,1000,0.0006160736083984,1.081065654754639,0.0010810656547546,103600,60
pud,equalize,660,1000,0.0005908012390136,1.055401086807251,0.0010554010868072,103847,60
pud,equalize,661,1000,0.0005810260772705,1.0783259868621826,0.0010783259868621,104489,60
pud,equalize,662,1000,0.0007226467132568,1.0613367557525637,0.0010613367557525,103484,60
pud,equalize,663,1000,0.0006251335144042,1.0620379447937012,0.0010620379447937,103360,60
pud,equalize,664,1000,0.0006008148193359,1.0577788352966309,0.0010577788352966,103535,60
pud,equalize,665,1000,0.0004675388336181,1.0638675689697266,0.0010638675689697,104026,60
pud,equalize,666,1000,0.0006496906280517,1.0754098892211914,0.0010754098892211,103613,60
pud,equalize,667,1000,0.0008842945098876,1.0680842399597168,0.0010680842399597,103724,60
pud,equalize,668,1000,0.0008935928344726,1.0674045085906982,0.0010674045085906,103625,60
pud,equalize,669,1000,0.0005278587341308,1.058711051940918,0.0010587110519409,103918,60
pud,equalize,670,1000,0.0006554126739501,1.0585432052612305,0.0010585432052612,103894,60
pud,equalize,671,1000,0.0005645751953125,1.0508296489715576,0.0010508296489715,103888,60
pud,equalize,672,1000,0.0006413459777832,1.0722343921661377,0.0010722343921661,103851,60
pud,equalize,673,1000,0.0005915164947509,1.0705528259277344,0.0010705528259277,103775,60
pud,equalize,674,1000,0.0006265640258789,1.0660276412963867,0.0010660276412963,103743,60
pud,equalize,675,1000,0.0005679130554199,1.0660438537597656,0.0010660438537597,103605,60
pud,equalize,676,1000,0.0009059906005859,1.082594871520996,0.0010825948715209,103631,60
pud,equalize,677,1000,0.0006778240203857,1.0794458389282229,0.0010794458389282,103522,60
pud,equalize,678,1000,0.0005548000335693,1.059330701828003,0.001059330701828,104126,60
pud,equalize,679,1000,0.0005168914794921,1.043867826461792,0.0010438678264617,103565,60
pud,equalize,680,1000,0.0006449222564697,1.0659222602844238,0.0010659222602844,103932,60
pud,equalize,681,1000,0.0005512237548828,1.054008960723877,0.0010540089607238,103641,60
pud,equalize,682,1000,0.0005350112915039,1.063176155090332,0.0010631761550903,103710,60
pud,equalize,683,1000,0.0005340576171875,1.0655877590179443,0.0010655877590179,103835,60
pud,equalize,684,1000,0.0006523132324218,1.119479417800903,0.0011194794178009,104347,60
pud,equalize,685,1000,0.0005993843078613,1.067284107208252,0.0010672841072082,103821,60
pud,equalize,686,1000,0.0005686283111572,1.0767433643341064,0.0010767433643341,104142,60
pud,equalize,687,1000,0.0006215572357177,1.0910756587982178,0.0010910756587982,103904,60
pud,equalize,688,1000,0.0005748271942138,1.059133529663086,0.001059133529663,103381,60
pud,equalize,689,1000,0.000730276107788,1.052262783050537,0.0010522627830505,103624,60
pud,equalize,690,1000,0.0004613399505615,1.0587530136108398,0.0010587530136108,103834,60
pud,equalize,691,1000,0.0009746551513671,1.0591723918914795,0.0010591723918914,103823,60
pud,equalize,692,1000,0.0005111694335937,1.070070505142212,0.0010700705051422,103727,60
pud,equalize,693,1000,0.0010228157043457,1.121858835220337,0.0011218588352203,103745,60
pud,equalize,694,1000,0.0005507469177246,1.063215255737305,0.0010632152557373,103927,60
pud,equalize,695,1000,0.0005743503570556,1.0657591819763184,0.0010657591819763,103921,60
pud,equalize,696,1000,0.0005648136138916,1.0664339065551758,0.0010664339065551,103719,60
pud,equalize,697,1000,0.0004677772521972,1.0748085975646973,0.0010748085975646,103668,60
pud,equalize,698,1000,0.000931978225708,1.0541136264801023,0.0010541136264801,104035,60
pud,equalize,699,1000,0.0004732608795166,1.0719091892242432,0.0010719091892242,103656,60
pud,equalize,700,1000,0.0005404949188232,1.1103882789611816,0.0011103882789611,103422,60
pud,equalize,701,1000,0.0006046295166015,1.0557680130004885,0.0010557680130004,103673,60
pud,equalize,702,1000,0.0005154609680175,1.0535588264465332,0.0010535588264465,103464,60
pud,equalize,703,1000,0.0005362033843994,1.2290794849395752,0.0012290794849395,103857,60
pud,equalize,704,1000,0.00046968460083,1.0701091289520264,0.001070109128952,103928,60
pud,equalize,705,1000,0.0005772113800048,1.0988197326660156,0.001098819732666,103841,60
pud,equalize,706,1000,0.0009901523590087,1.0617246627807615,0.0010617246627807,103436,60
pud,equalize,707,1000,0.0005185604095458,1.0846590995788574,0.0010846590995788,103969,60
pud,equalize,708,1000,0.0005455017089843,1.073695182800293,0.0010736951828002,103871,60
pud,equalize,709,1000,0.000561237335205,1.0784270763397217,0.0010784270763397,103707,60
pud,equalize,710,1000,0.0006518363952636,1.0794706344604492,0.0010794706344604,103537,60
pud,equalize,711,1000,0.0005674362182617,1.059722661972046,0.001059722661972,103582,60
pud,equalize,712,1000,0.0010113716125488,1.072991132736206,0.0010729911327362,103794,60
pud,equalize,713,1000,0.0005486011505126,1.070019245147705,0.0010700192451477,103659,60
pud,equalize,714,1000,0.0005137920379638,1.075990915298462,0.0010759909152984,104019,60
pud,equalize,715,1000,0.00053071975708,1.069955348968506,0.0010699553489685,103686,60
pud,equalize,716,1000,0.0005264282226562,1.0809247493743896,0.0010809247493743,103694,60
pud,equalize,717,1000,0.0006709098815917,1.0739729404449463,0.0010739729404449,103494,60
pud,equalize,718,1000,0.0009212493896484,1.0723974704742432,0.0010723974704742,103580,60
pud,equalize,719,1000,0.0005717277526855,1.0790915489196775,0.0010790915489196,103471,60
pud,equalize,720,1000,0.0005288124084472,1.0933425426483154,0.0010933425426483,103937,60
pud,equalize,721,1000,0.0005693435668945,1.0613973140716553,0.0010613973140716,103794,60
pud,equalize,722,1000,0.0005576610565185,1.094066143035889,0.0010940661430358,103246,60
pud,equalize,723,1000,0.0009148120880126,1.080439805984497,0.0010804398059844,103914,60
pud,equalize,724,1000,0.0006225109100341,1.0685229301452637,0.0010685229301452,103746,60
pud,equalize,725,1000,0.000554084777832,1.0934498310089111,0.0010934498310089,104075,60
pud,equalize,726,1000,0.0005273818969726,1.1117587089538574,0.0011117587089538,103707,60
pud,equalize,727,1000,0.0005426406860351,1.0629079341888428,0.0010629079341888,104521,60
pud,equalize,728,1000,0.0008411407470703,1.0654513835906982,0.0010654513835906,103924,60
pud,equalize,729,1000,0.0005562305450439,1.078594207763672,0.0010785942077636,103841,60
pud,equalize,730,1000,0.0005702972412109,1.0750503540039062,0.0010750503540039,103870,60
pud,equalize,731,1000,0.0005512237548828,1.0772819519042969,0.0010772819519042,103871,60
pud,equalize,732,1000,0.0007402896881103,1.064157485961914,0.0010641574859619,103886,60
pud,equalize,733,1000,0.0005748271942138,1.0783216953277588,0.0010783216953277,103741,60
pud,equalize,734,1000,0.0005521774291992,1.0802912712097168,0.0010802912712097,104221,60
pud,equalize,735,1000,0.0006120204925537,1.076247215270996,0.0010762472152709,103515,60
pud,equalize,736,1000,0.0005958080291748,1.0703904628753662,0.0010703904628753,103499,60
pud,equalize,737,1000,0.0005619525909423,1.07954740524292,0.0010795474052429,103752,60
pud,equalize,738,1000,0.0005273818969726,1.0714240074157717,0.0010714240074157,103871,60
pud,equalize,739,1000,0.0005571842193603,1.0761594772338867,0.0010761594772338,103891,60
pud,equalize,740,1000,0.0005702972412109,1.0938875675201416,0.0010938875675201,104065,60
pud,equalize,741,1000,0.000568151473999,1.0804412364959717,0.0010804412364959,104016,60
pud,equalize,742,1000,0.00057053565979,1.1407976150512695,0.0011407976150512,103931,60
pud,equalize,743,1000,0.0005621910095214,1.0646119117736816,0.0010646119117736,103545,60
pud,equalize,744,1000,0.000540018081665,1.0670661926269531,0.0010670661926269,103691,60
pud,equalize,745,1000,0.0005686283111572,1.0813899040222168,0.0010813899040222,103900,60
pud,equalize,746,1000,0.0005445480346679,1.0754883289337158,0.0010754883289337,103869,60
pud,equalize,747,1000,0.0005757808685302,1.0819740295410156,0.001081974029541,104043,60
pud,equalize,748,1000,0.0006558895111083,1.0803163051605225,0.0010803163051605,103913,60
pud,equalize,749,1000,0.0005359649658203,1.0722014904022217,0.0010722014904022,103636,60
pud,equalize,750,1000,0.0005171298980712,1.067220687866211,0.0010672206878662,103922,60
pud,equalize,751,1000,0.0005867481231689,1.0729451179504397,0.0010729451179504,103513,60
pud,equalize,752,1000,0.000659704208374,1.1220927238464355,0.0011220927238464,103494,60
pud,equalize,753,1000,0.0009229183197021,1.073652744293213,0.0010736527442932,103680,60
pud,equalize,754,1000,0.0008859634399414,1.0665934085845947,0.0010665934085845,103407,60
pud,equalize,755,1000,0.0006406307220458,1.073061227798462,0.0010730612277984,103881,60
pud,equalize,756,1000,0.0005831718444824,1.0816402435302734,0.0010816402435302,103776,60
pud,equalize,757,1000,0.0006618499755859,1.118837594985962,0.0011188375949859,104040,60
pud,equalize,758,1000,0.0009114742279052,1.0680012702941897,0.0010680012702941,103724,60
pud,equalize,759,1000,0.0009281635284423,1.0594532489776611,0.0010594532489776,103673,60
pud,equalize,760,1000,0.00065279006958,1.0904314517974854,0.0010904314517974,103852,60
pud,equalize,761,1000,0.0005750656127929,1.0872077941894531,0.0010872077941894,103907,60
pud,equalize,762,1000,0.0006213188171386,1.1292831897735596,0.0011292831897735,103621,60
pud,equalize,763,1000,0.0005848407745361,1.0904200077056885,0.0010904200077056,103545,60
pud,equalize,764,1000,0.0007503032684326,1.082679271697998,0.0010826792716979,103770,60
pud,equalize,765,1000,0.0007100105285644,1.0791916847229004,0.0010791916847229,103652,60
pud,equalize,766,1000,0.0005815029144287,1.0882916450500488,0.00108829164505,103804,60
pud,equalize,767,1000,0.0005853176116943,1.0750906467437744,0.0010750906467437,103772,60
pud,equalize,768,1000,0.0006434917449951,1.1214900016784668,0.0011214900016784,103526,60
pud,equalize,769,1000,0.0005350112915039,1.0671586990356443,0.0010671586990356,103731,60
pud,equalize,770,1000,0.0005795955657958,1.0601763725280762,0.001060176372528,103407,60
pud,equalize,771,1000,0.0005462169647216,1.06537127494812,0.0010653712749481,103973,60
pud,equalize,772,1000,0.0006520748138427,1.0774829387664795,0.0010774829387664,104007,60
pud,equalize,773,1000,0.0005683898925781,1.0793230533599854,0.0010793230533599,103524,60
pud,equalize,774,1000,0.0007054805755615,1.0770156383514404,0.0010770156383514,103557,60
pud,equalize,775,1000,0.0005595684051513,1.077179193496704,0.0010771791934967,103477,60
pud,equalize,776,1000,0.0005197525024414,1.0771868228912354,0.0010771868228912,104049,60
pud,equalize,777,1000,0.0005707740783691,1.0736429691314695,0.0010736429691314,103988,60
pud,equalize,778,1000,0.0009577274322509,1.0780940055847168,0.0010780940055847,103973,60
pud,equalize,779,1000,0.0009541511535644,1.100144624710083,0.00110014462471,103599,60
pud,equalize,780,1000,0.0009806156158447,1.0760118961334229,0.0010760118961334,103666,60
pud,equalize,781,1000,0.0005767345428466,1.0727334022521973,0.0010727334022521,103567,60
pud,equalize,782,1000,0.0005278587341308,1.075448513031006,0.001075448513031,103799,60
pud,equalize,783,1000,0.0005831718444824,1.077550172805786,0.0010775501728057,103854,60
pud,equalize,784,1000,0.0006136894226074,1.060293674468994,0.0010602936744689,103427,60
pud,equalize,785,1000,0.0005929470062255,1.0905795097351074,0.0010905795097351,103543,60
pud,equalize,786,1000,0.0005521774291992,1.0815386772155762,0.0010815386772155,103846,60
pud,equalize,787,1000,0.0005269050598144,1.0796489715576172,0.0010796489715576,103680,60
pud,equalize,788,1000,0.0004942417144775,1.0653619766235352,0.0010653619766235,103516,60
pud,equalize,789,1000,0.0005970001220703,1.0644264221191406,0.0010644264221191,103765,60
pud,equalize,790,1000,0.000582218170166,1.0762815475463867,0.0010762815475463,103638,60
pud,equalize,791,1000,0.0005061626434326,1.0706226825714111,0.0010706226825714,104027,60
pud,equalize,792,1000,0.0005555152893066,1.0940909385681152,0.0010940909385681,104008,60
pud,equalize,793,1000,0.0005638599395751,1.0801918506622314,0.0010801918506622,103553,60
pud,equalize,794,1000,0.0004940032958984,1.0637755393981934,0.0010637755393981,103484,60
pud,equalize,795,1000,0.0005595684051513,1.0735204219818115,0.0010735204219818,103490,60
pud,equalize,796,1000,0.0009336471557617,1.0731112957000732,0.0010731112957,104048,60
pud,equalize,797,1000,0.0005123615264892,1.077549695968628,0.0010775496959686,104062,60
pud,equalize,798,1000,0.0005452632904052,1.0597639083862305,0.0010597639083862,103533,60
pud,equalize,799,1000,0.0005593299865722,1.0775806903839111,0.0010775806903839,103861,60
pud,equalize,800,1000,0.0006437301635742,1.1200065612792969,0.0011200065612792,103607,60
pud,equalize,801,1000,0.0005373954772949,1.0738062858581543,0.0010738062858581,103914,60
pud,equalize,802,1000,0.000551700592041,1.0765905380249023,0.0010765905380249,103340,60
pud,equalize,803,1000,0.0010323524475097,1.078777313232422,0.0010787773132324,103999,60
pud,equalize,804,1000,0.0005271434783935,1.0785799026489258,0.0010785799026489,103852,60
pud,equalize,805,1000,0.0005252361297607,1.064009428024292,0.0010640094280242,103774,60
pud,equalize,806,1000,0.0006191730499267,1.1114797592163086,0.0011114797592163,104016,60
pud,equalize,807,1000,0.0006108283996582,1.1101295948028564,0.0011101295948028,103528,60
pud,equalize,808,1000,0.0005073547363281,1.0677471160888672,0.0010677471160888,103783,60
pud,equalize,809,1000,0.0006003379821777,1.081784725189209,0.0010817847251892,103730,60
pud,equalize,810,1000,0.0005397796630859,1.07065749168396,0.0010706574916839,103827,60
pud,equalize,811,1000,0.0006787776947021,1.0783841609954834,0.0010783841609954,103755,60
pud,equalize,812,1000,0.000629186630249,1.0836615562438965,0.0010836615562438,103853,60
pud,equalize,813,1000,0.0009355545043945,1.0673103332519531,0.0010673103332519,103570,60
pud,equalize,814,1000,0.0005209445953369,1.0705764293670654,0.001070576429367,103704,60
pud,equalize,815,1000,0.000551700592041,1.0736751556396484,0.0010736751556396,103905,60
pud,equalize,816,1000,0.0005464553833007,1.0695550441741943,0.0010695550441741,104069,60
pud,equalize,817,1000,0.0005838871002197,1.0713021755218506,0.0010713021755218,103582,60
pud,equalize,818,1000,0.0005295276641845,1.0836894512176514,0.0010836894512176,103741,60
pud,equalize,819,1000,0.0006146430969238,1.122270584106445,0.0011222705841064,103852,60
pud,equalize,820,1000,0.0006110668182373,1.0668480396270752,0.001066848039627,103945,60
pud,equalize,821,1000,0.0005922317504882,1.0648255348205566,0.0010648255348205,103788,60
pud,equalize,822,1000,0.0005276203155517,1.0684266090393066,0.0010684266090393,103772,60
pud,equalize,823,1000,0.0006473064422607,1.0925815105438232,0.0010925815105438,103469,60
pud,equalize,824,1000,0.0005269050598144,1.0654361248016355,0.0010654361248016,103956,60
pud,equalize,825,1000,0.0005466938018798,1.0685279369354248,0.0010685279369354,103701,60
pud,equalize,826,1000,0.000739574432373,1.0562233924865725,0.0010562233924865,103830,60
pud,equalize,827,1000,0.0005841255187988,1.0704388618469238,0.0010704388618469,103733,60
pud,equalize,828,1000,0.0005888938903808,1.1195950508117676,0.0011195950508117,104017,60
pud,equalize,829,1000,0.0005052089691162,1.0816829204559326,0.0010816829204559,103999,60
pud,equalize,830,1000,0.0009510517120361,1.0837664604187012,0.0010837664604187,103789,60
pud,equalize,831,1000,0.0005981922149658,1.065291404724121,0.0010652914047241,103739,60
pud,equalize,832,1000,0.0005609989166259,1.084554672241211,0.0010845546722412,103640,60
pud,equalize,833,1000,0.0005557537078857,1.116081714630127,0.0011160817146301,103863,60
pud,equalize,834,1000,0.0005774497985839,1.0813095569610596,0.001081309556961,103843,60
pud,equalize,835,1000,0.0009167194366455,1.1188931465148926,0.0011188931465148,104051,60
pud,equalize,836,1000,0.0009100437164306,1.0752370357513428,0.0010752370357513,104210,60
pud,equalize,837,1000,0.0006933212280273,1.0728137493133545,0.0010728137493133,103557,60
pud,equalize,838,1000,0.0005261898040771,1.075002908706665,0.0010750029087066,103670,60
pud,equalize,839,1000,0.0005347728729248,1.0796759128570557,0.001079675912857,103676,60
pud,equalize,840,1000,0.0005974769592285,1.0602638721466064,0.0010602638721466,104301,60
pud,equalize,841,1000,0.0005438327789306,1.0831339359283447,0.0010831339359283,103729,60
pud,equalize,842,1000,0.0005640983581542,1.0597236156463623,0.0010597236156463,103655,60
pud,equalize,843,1000,0.0009357929229736,1.0663528442382812,0.0010663528442382,103944,60
pud,equalize,844,1000,0.0005800724029541,1.0868895053863523,0.0010868895053863,104373,60
pud,equalize,845,1000,0.0006721019744873,1.0629210472106934,0.0010629210472106,103496,60
pud,equalize,846,1000,0.000561237335205,1.0680742263793943,0.0010680742263793,103578,60
pud,equalize,847,1000,0.0006532669067382,1.0687425136566162,0.0010687425136566,103917,60
pud,equalize,848,1000,0.0005466938018798,1.0670428276062012,0.0010670428276062,103859,60
pud,equalize,849,1000,0.0009520053863525,1.071540355682373,0.0010715403556823,103975,60
pud,equalize,850,1000,0.0005452632904052,1.0703744888305664,0.0010703744888305,103620,60
pud,equalize,851,1000,0.0005528926849365,1.081376075744629,0.0010813760757446,103528,60
pud,equalize,852,1000,0.000547170639038,1.081104040145874,0.0010811040401458,103826,60
pud,equalize,853,1000,0.0006232261657714,1.0641255378723145,0.0010641255378723,103462,60
pud,equalize,854,1000,0.0005502700805664,1.0654423236846924,0.0010654423236846,103558,60
pud,equalize,855,1000,0.0005755424499511,1.0818758010864258,0.0010818758010864,104120,60
pud,equalize,856,1000,0.0005688667297363,1.0702266693115234,0.0010702266693115,103313,60
pud,equalize,857,1000,0.0005784034729003,1.0602924823760986,0.001060292482376,103841,60
pud,equalize,858,1000,0.0006055831909179,1.0912630558013916,0.0010912630558013,103558,60
pud,equalize,859,1000,0.0005474090576171,1.0890259742736816,0.0010890259742736,103966,60
pud,equalize,860,1000,0.000586986541748,1.0651798248291016,0.0010651798248291,103751,60
pud,equalize,861,1000,0.0005831718444824,1.0678956508636477,0.0010678956508636,103709,60
pud,equalize,862,1000,0.0005881786346435,1.1027348041534424,0.0011027348041534,104207,60
pud,equalize,863,1000,0.0005216598510742,1.073166847229004,0.001073166847229,103944,60
pud,equalize,864,1000,0.0009441375732421,1.0629520416259766,0.0010629520416259,103453,60
pud,equalize,865,1000,0.0005571842193603,1.0672354698181152,0.0010672354698181,103551,60
pud,equalize,866,1000,0.0009233951568603,1.1171088218688965,0.0011171088218688,103726,60
pud,equalize,867,1000,0.0010387897491455,1.0726051330566406,0.0010726051330566,103718,60
pud,equalize,868,1000,0.0006093978881835,1.0641419887542725,0.0010641419887542,103648,60
pud,equalize,869,1000,0.000584602355957,1.0678341388702393,0.0010678341388702,104054,60
pud,equalize,870,1000,0.0005345344543457,1.0718841552734375,0.0010718841552734,103930,60
pud,equalize,871,1000,0.000556468963623,1.093800067901611,0.0010938000679016,103585,60
pud,equalize,872,1000,0.000720739364624,1.0716941356658936,0.0010716941356658,103654,60
pud,equalize,873,1000,0.0005607604980468,1.0738377571105957,0.0010738377571105,103800,60
pud,equalize,874,1000,0.0006084442138671,1.090987205505371,0.0010909872055053,104027,60
pud,equalize,875,1000,0.0005965232849121,1.0569865703582764,0.0010569865703582,103570,60
pud,equalize,876,1000,0.0005402565002441,1.0683774948120115,0.001068377494812,103577,60
pud,equalize,877,1000,0.0005652904510498,1.0611541271209717,0.0010611541271209,103956,60
pud,equalize,878,1000,0.0005605220794677,1.072115182876587,0.0010721151828765,103946,60
pud,equalize,879,1000,0.0005812644958496,1.063241958618164,0.0010632419586181,103745,60
pud,equalize,880,1000,0.0005836486816406,1.06447434425354,0.0010644743442535,103619,60
pud,equalize,881,1000,0.0005450248718261,1.0714061260223389,0.0010714061260223,103799,60
pud,equalize,882,1000,0.0005748271942138,1.0668613910675049,0.0010668613910675,103805,60
pud,equalize,883,1000,0.0005264282226562,1.063403844833374,0.0010634038448333,104020,60
pud,equalize,884,1000,0.0005280971527099,1.067296028137207,0.0010672960281372,103666,60
pud,equalize,885,1000,0.0005488395690917,1.0637569427490234,0.001063756942749,103530,60
pud,equalize,886,1000,0.0005838871002197,1.0586602687835691,0.0010586602687835,103739,60
pud,equalize,887,1000,0.000586986541748,1.0789451599121094,0.0010789451599121,103908,60
pud,equalize,888,1000,0.0005607604980468,1.0601186752319336,0.0010601186752319,103801,60
pud,equalize,889,1000,0.0005121231079101,1.07135272026062,0.0010713527202606,104057,60
pud,equalize,890,1000,0.0006079673767089,1.0747880935668943,0.0010747880935668,103744,60
pud,equalize,891,1000,0.0005860328674316,1.0720162391662598,0.0010720162391662,103675,60
pud,equalize,892,1000,0.0005750656127929,1.0736050605773926,0.0010736050605773,104161,60
pud,equalize,893,1000,0.0004873275756835,1.0820870399475098,0.0010820870399475,104019,60
pud,equalize,894,1000,0.000589370727539,1.064457654953003,0.001064457654953,103528,60
pud,equalize,895,1000,0.0006048679351806,1.067840814590454,0.0010678408145904,103871,60
pud,equalize,896,1000,0.000556468963623,1.067490577697754,0.0010674905776977,103589,60
pud,equalize,897,1000,0.0004832744598388,1.0588338375091553,0.0010588338375091,103795,60
pud,equalize,898,1000,0.0005795955657958,1.064228057861328,0.0010642280578613,103696,60
pud,equalize,899,1000,0.0005390644073486,1.0734219551086426,0.0010734219551086,104115,60
pud,equalize,900,1000,0.0005044937133789,1.0675854682922363,0.0010675854682922,103816,60
pud,equalize,901,1000,0.0005459785461425,1.0682713985443115,0.0010682713985443,104154,60
pud,equalize,902,1000,0.0005381107330322,1.082780361175537,0.0010827803611755,103998,60
pud,equalize,903,1000,0.0005395412445068,1.0623140335083008,0.0010623140335083,103949,60
pud,equalize,904,1000,0.000462532043457,1.0657639503479004,0.0010657639503479,103701,60
pud,equalize,905,1000,0.0005519390106201,1.0685184001922607,0.0010685184001922,103397,60
pud,equalize,906,1000,0.0005879402160644,1.0740468502044678,0.0010740468502044,103825,60
pud,equalize,907,1000,0.0004858970642089,1.0707402229309082,0.0010707402229309,104036,60
pud,equalize,908,1000,0.000547170639038,1.065596580505371,0.0010655965805053,103681,60
pud,equalize,909,1000,0.0006494522094726,1.0797240734100342,0.00107972407341,103800,60
pud,equalize,910,1000,0.0006189346313476,1.060938596725464,0.0010609385967254,103659,60
pud,equalize,911,1000,0.0004935264587402,1.066103219985962,0.0010661032199859,103953,60
pud,equalize,912,1000,0.0006105899810791,1.0721056461334229,0.0010721056461334,103801,60
pud,equalize,913,1000,0.0005812644958496,1.0547969341278076,0.0010547969341278,103653,60
pud,equalize,914,1000,0.0005900859832763,1.0820355415344238,0.0010820355415344,103567,60
pud,equalize,915,1000,0.0005388259887695,1.0940120220184326,0.0010940120220184,104259,60
pud,equalize,916,1000,0.0006074905395507,1.066070556640625,0.0010660705566406,103891,60
pud,equalize,917,1000,0.0006158351898193,1.1206886768341064,0.0011206886768341,103694,60
pud,equalize,918,1000,0.000514268875122,1.0744621753692627,0.0010744621753692,103847,60
pud,equalize,919,1000,0.0008127689361572,1.0588765144348145,0.0010588765144348,103488,60
pud,equalize,920,1000,0.0005772113800048,1.065166473388672,0.0010651664733886,104018,60
pud,equalize,921,1000,0.0009920597076416,1.0997631549835205,0.0010997631549835,103605,60
pud,equalize,922,1000,0.0005223751068115,1.062795877456665,0.0010627958774566,103771,60
pud,equalize,923,1000,0.0005366802215576,1.0783705711364746,0.0010783705711364,103565,60
pud,equalize,924,1000,0.0005409717559814,1.0686442852020264,0.001068644285202,104130,60
pud,equalize,925,1000,0.0005555152893066,1.080632209777832,0.0010806322097778,103701,60
pud,equalize,926,1000,0.000547170639038,1.068296194076538,0.0010682961940765,103896,60
pud,equalize,927,1000,0.0008125305175781,1.0654172897338867,0.0010654172897338,103686,60
pud,equalize,928,1000,0.0005712509155273,1.0800182819366455,0.0010800182819366,103631,60
pud,equalize,929,1000,0.0005333423614501,1.07548189163208,0.001075481891632,104265,60
pud,equalize,930,1000,0.0005152225494384,1.0773749351501465,0.0010773749351501,103539,60
pud,equalize,931,1000,0.0008959770202636,1.0658953189849854,0.0010658953189849,103637,60
pud,equalize,932,1000,0.0005323886871337,1.0664911270141602,0.0010664911270141,103811,60
pud,equalize,933,1000,0.0005629062652587,1.0737526416778564,0.0010737526416778,104015,60
pud,equalize,934,1000,0.0005557537078857,1.0660083293914795,0.0010660083293914,103647,60
pud,equalize,935,1000,0.0005850791931152,1.0631086826324463,0.0010631086826324,104051,60
pud,equalize,936,1000,0.0005338191986083,1.0810003280639648,0.0010810003280639,103991,60
pud,equalize,937,1000,0.0005772113800048,1.08042573928833,0.0010804257392883,103916,60
pud,equalize,938,1000,0.0005750656127929,1.0621984004974363,0.0010621984004974,103491,60
pud,equalize,939,1000,0.0006020069122314,1.0988852977752686,0.0010988852977752,103575,60
pud,equalize,940,1000,0.0005807876586914,1.1155471801757812,0.0011155471801757,103961,60
pud,equalize,941,1000,0.0006999969482421,1.1073455810546875,0.0011073455810546,103759,60
pud,equalize,942,1000,0.0009243488311767,1.069218397140503,0.0010692183971405,104218,60
pud,equalize,943,1000,0.0005667209625244,1.0746397972106934,0.0010746397972106,103629,60
pud,equalize,944,1000,0.0005934238433837,1.0772922039031982,0.0010772922039031,103669,60
pud,equalize,945,1000,0.0005769729614257,1.05884051322937,0.0010588405132293,103432,60
pud,equalize,946,1000,0.0005478858947753,1.0783874988555908,0.0010783874988555,103757,60
pud,equalize,947,1000,0.0005948543548583,1.0739264488220217,0.001073926448822,103754,60
pud,equalize,948,1000,0.0005812644958496,1.0705852508544922,0.0010705852508544,103552,60
pud,equalize,949,1000,0.0005762577056884,1.0730397701263428,0.0010730397701263,104255,60
pud,equalize,950,1000,0.000523567199707,1.0697383880615234,0.0010697383880615,104191,60
pud,equalize,951,1000,0.000547170639038,1.0711750984191897,0.0010711750984191,103426,60
pud,equalize,952,1000,0.0008990764617919,1.0708656311035156,0.0010708656311035,103518,60
pud,equalize,953,1000,0.0005655288696289,1.08107328414917,0.0010810732841491,104095,60
pud,equalize,954,1000,0.0005815029144287,1.0627045631408691,0.0010627045631408,104184,60
pud,equalize,955,1000,0.0005655288696289,1.0635342597961426,0.0010635342597961,103951,60
pud,equalize,956,1000,0.0006380081176757,1.0786120891571045,0.0010786120891571,104084,60
pud,equalize,957,1000,0.0008187294006347,1.7196881771087646,0.0017196881771087,103624,60
pud,equalize,958,1000,0.0005178451538085,1.08418869972229,0.0010841886997222,103546,60
pud,equalize,959,1000,0.0006792545318603,1.078655481338501,0.0010786554813385,103645,60
pud,equalize,960,1000,0.0006289482116699,1.0811398029327393,0.0010811398029327,103810,60
pud,equalize,961,1000,0.0005581378936767,1.066991090774536,0.0010669910907745,103494,60
pud,equalize,962,1000,0.0005774497985839,1.0711519718170166,0.001071151971817,103856,60
pud,equalize,963,1000,0.0005648136138916,1.083259344100952,0.0010832593441009,104013,60
pud,equalize,964,1000,0.0006518363952636,1.090113401412964,0.0010901134014129,103954,60
pud,equalize,965,1000,0.000551700592041,1.0750079154968262,0.0010750079154968,103570,60
pud,equalize,966,1000,0.000542402267456,1.077225923538208,0.0010772259235382,103537,60
pud,equalize,967,1000,0.0006237030029296,1.0994396209716797,0.0010994396209716,103606,60
pud,equalize,968,1000,0.0007030963897705,1.1049230098724363,0.0011049230098724,103458,60
pud,equalize,969,1000,0.0009751319885253,1.1250813007354736,0.0011250813007354,103826,60
pud,equalize,970,1000,0.000643253326416,1.0841567516326904,0.0010841567516326,103532,60
pud,equalize,971,1000,0.0006763935089111,1.089876651763916,0.0010898766517639,103744,60
pud,equalize,972,1000,0.0006911754608154,1.0688769817352295,0.0010688769817352,103745,60
pud,equalize,973,1000,0.0005664825439453,1.068922758102417,0.0010689227581024,103829,60
pud,equalize,974,1000,0.0005431175231933,1.07255220413208,0.001072552204132,103900,60
pud,equalize,975,1000,0.00091552734375,1.0893001556396484,0.0010893001556396,103765,60
pud,equalize,976,1000,0.000558853149414,1.086085081100464,0.0010860850811004,103812,60
pud,equalize,977,1000,0.0006775856018066,1.08262038230896,0.0010826203823089,103569,60
pud,equalize,978,1000,0.0007102489471435,1.0941953659057615,0.0010941953659057,103499,60
pud,equalize,979,1000,0.0006489753723144,1.0686869621276855,0.0010686869621276,103470,60
pud,equalize,980,1000,0.0005552768707275,1.0834040641784668,0.0010834040641784,103510,60
pud,equalize,981,1000,0.0006346702575683,1.066777229309082,0.001066777229309,103860,60
pud,equalize,982,1000,0.0005764961242675,1.1042101383209229,0.0011042101383209,103905,60
pud,equalize,983,1000,0.0007369518280029,1.0745515823364258,0.0010745515823364,103471,60
pud,equalize,984,1000,0.0005350112915039,1.0606226921081543,0.0010606226921081,103429,60
pud,equalize,985,1000,0.0005674362182617,1.1599936485290527,0.001159993648529,104403,60
pud,equalize,986,1000,0.0006358623504638,1.0965583324432373,0.0010965583324432,103471,60
pud,equalize,987,1000,0.0005438327789306,1.0703821182250977,0.001070382118225,103874,60
pud,equalize,988,1000,0.0005104541778564,1.081613302230835,0.0010816133022308,104000,60
pud,equalize,989,1000,0.0006945133209228,1.073599338531494,0.0010735993385314,103917,60
pud,equalize,990,1000,0.0005748271942138,1.0822741985321045,0.0010822741985321,103855,60
pud,equalize,991,1000,0.0006308555603027,1.0930309295654297,0.0010930309295654,103776,60
pud,equalize,992,1000,0.0005850791931152,1.070085525512695,0.0010700855255126,103351,60
pud,equalize,993,1000,0.0010089874267578,1.0781190395355225,0.0010781190395355,103877,60
pud,equalize,994,1000,0.0006489753723144,1.079871654510498,0.0010798716545104,103823,60
pud,equalize,995,1000,0.0006632804870605,1.079503297805786,0.0010795032978057,103626,60
pud,equalize,996,1000,0.0005853176116943,1.0711429119110107,0.001071142911911,103166,60
pud,equalize,997,1000,0.0005500316619873,1.069279432296753,0.0010692794322967,104132,60
pud,equalize,998,1000,0.0005886554718017,1.1411879062652588,0.0011411879062652,103905,60
pud,equalize,999,1000,0.000720739364624,1.1209814548492432,0.0011209814548492,103864,60
tobacco,equalize,0,1000,0.0016751289367675,1.2401204109191897,0.0012401204109191,105381,60
tobacco,equalize,1,1000,0.0011870861053466,1.2862379550933838,0.0012862379550933,105907,60
tobacco,equalize,2,1000,0.0010933876037597,1.25079083442688,0.0012507908344268,105448,60
tobacco,equalize,3,1000,0.0011878013610839,1.2568676471710205,0.001256867647171,104925,60
tobacco,equalize,4,1000,0.0011146068572998,1.2599785327911377,0.0012599785327911,105309,60
tobacco,equalize,5,1000,0.0011622905731201,1.2642879486083984,0.0012642879486083,105400,60
tobacco,equalize,6,1000,0.001267671585083,1.2741258144378662,0.0012741258144378,104832,60
tobacco,equalize,7,1000,0.0014052391052246,1.263434886932373,0.0012634348869323,105106,60
tobacco,equalize,8,1000,0.0010988712310791,1.2646493911743164,0.0012646493911743,105399,60
tobacco,equalize,9,1000,0.0012509822845458,1.2499845027923584,0.0012499845027923,105154,60
tobacco,equalize,10,1000,0.0015742778778076,1.2707624435424805,0.0012707624435424,105317,60
tobacco,equalize,11,1000,0.0011022090911865,1.2706139087677002,0.0012706139087677,105095,60
tobacco,equalize,12,1000,0.0012392997741699,1.2661144733428955,0.0012661144733428,105115,60
tobacco,equalize,13,1000,0.0010819435119628,1.269453048706055,0.001269453048706,105874,60
tobacco,equalize,14,1000,0.0010952949523925,1.2632575035095217,0.0012632575035095,105133,60
tobacco,equalize,15,1000,0.0012519359588623,1.282515048980713,0.0012825150489807,105180,60
tobacco,equalize,16,1000,0.0014204978942871,1.2873311042785645,0.0012873311042785,105423,60
tobacco,equalize,17,1000,0.0011494159698486,1.292689085006714,0.0012926890850067,105159,60
tobacco,equalize,18,1000,0.0012812614440917,1.260385513305664,0.0012603855133056,105501,60
tobacco,equalize,19,1000,0.0010647773742675,1.2845768928527832,0.0012845768928527,105765,60
tobacco,equalize,20,1000,0.0010895729064941,1.2772741317749023,0.0012772741317749,106029,60
tobacco,equalize,21,1000,0.0012414455413818,1.282989263534546,0.0012829892635345,105573,60
tobacco,equalize,22,1000,0.0010731220245361,1.2504596710205078,0.0012504596710205,105529,60
tobacco,equalize,23,1000,0.0011112689971923,1.264408826828003,0.001264408826828,105349,60
tobacco,equalize,24,1000,0.0012805461883544,1.2570605278015137,0.0012570605278015,104936,60
tobacco,equalize,25,1000,0.0010607242584228,1.2675151824951172,0.0012675151824951,105686,60
tobacco,equalize,26,1000,0.0010509490966796,1.262502908706665,0.0012625029087066,105007,60
tobacco,equalize,27,1000,0.0012414455413818,1.254072666168213,0.0012540726661682,105119,60
tobacco,equalize,28,1000,0.0010378360748291,1.2559876441955566,0.0012559876441955,105408,60
tobacco,equalize,29,1000,0.0010621547698974,1.2721750736236572,0.0012721750736236,104886,60
tobacco,equalize,30,1000,0.0012998580932617,1.2718908786773682,0.0012718908786773,105540,60
tobacco,equalize,31,1000,0.0011153221130371,1.287461280822754,0.0012874612808227,105705,60
tobacco,equalize,32,1000,0.001084566116333,1.2708308696746826,0.0012708308696746,105603,60
tobacco,equalize,33,1000,0.0012588500976562,1.2883639335632324,0.0012883639335632,105174,60
tobacco,equalize,34,1000,0.0010640621185302,1.2768898010253906,0.0012768898010253,105335,60
tobacco,equalize,35,1000,0.00108003616333,1.2402448654174805,0.0012402448654174,105187,60
tobacco,equalize,36,1000,0.0013294219970703,1.2556779384613037,0.0012556779384613,104811,60
tobacco,equalize,37,1000,0.0010609626770019,1.272949457168579,0.0012729494571685,104935,60
tobacco,equalize,38,1000,0.0012192726135253,1.2509758472442627,0.0012509758472442,104930,60
tobacco,equalize,39,1000,0.0012824535369873,1.2703423500061035,0.0012703423500061,105574,60
tobacco,equalize,40,1000,0.0011260509490966,1.2868082523345947,0.0012868082523345,105604,60
tobacco,equalize,41,1000,0.0011353492736816,1.2756917476654053,0.0012756917476654,105154,60
tobacco,equalize,42,1000,0.0012891292572021,1.285142183303833,0.0012851421833038,105646,60
tobacco,equalize,43,1000,0.0010759830474853,1.2746968269348145,0.0012746968269348,105493,60
tobacco,equalize,44,1000,0.0010840892791748,1.2543892860412598,0.0012543892860412,105182,60
tobacco,equalize,45,1000,0.0012722015380859,1.2673304080963137,0.0012673304080963,105820,60
tobacco,equalize,46,1000,0.0011432170867919,1.300180435180664,0.0013001804351806,105215,60
tobacco,equalize,47,1000,0.0010931491851806,1.2641797065734863,0.0012641797065734,105348,60
tobacco,equalize,48,1000,0.0013151168823242,1.267852783203125,0.0012678527832031,105379,60
tobacco,equalize,49,1000,0.0010433197021484,1.2682664394378662,0.0012682664394378,105727,60
tobacco,equalize,50,1000,0.001122236251831,1.277095079421997,0.0012770950794219,105330,60
tobacco,equalize,51,1000,0.0013327598571777,1.278489351272583,0.0012784893512725,105060,60
tobacco,equalize,52,1000,0.0010392665863037,1.2692437171936035,0.0012692437171936,105439,60
tobacco,equalize,53,1000,0.0010881423950195,1.2709388732910156,0.001270938873291,106315,60
tobacco,equalize,54,1000,0.0013165473937988,1.280038595199585,0.0012800385951995,105038,60
tobacco,equalize,55,1000,0.001051902770996,1.2782282829284668,0.0012782282829284,105185,60
tobacco,equalize,56,1000,0.0010769367218017,1.2927002906799316,0.0012927002906799,105295,60
tobacco,equalize,57,1000,0.0013189315795898,1.274213790893555,0.0012742137908935,105442,60
tobacco,equalize,58,1000,0.0010693073272705,1.2887179851531982,0.0012887179851531,105744,60
tobacco,equalize,59,1000,0.0010888576507568,1.267326831817627,0.0012673268318176,105046,60
tobacco,equalize,60,1000,0.0013201236724853,1.2820558547973633,0.0012820558547973,105140,60
tobacco,equalize,61,1000,0.0010788440704345,1.2839694023132324,0.0012839694023132,105015,60
tobacco,equalize,62,1000,0.0010952949523925,1.262434959411621,0.0012624349594116,104965,60
tobacco,equalize,63,1000,0.0013110637664794,1.277383804321289,0.0012773838043212,105811,60
tobacco,equalize,64,1000,0.001061201095581,1.2837812900543213,0.0012837812900543,105042,60
tobacco,equalize,65,1000,0.001389741897583,1.2890722751617432,0.0012890722751617,105038,60
tobacco,equalize,66,1000,0.0018820762634277,1.2685546875,0.0012685546875,105211,60
tobacco,equalize,67,1000,0.0010809898376464,1.3412084579467771,0.0013412084579467,105614,60
tobacco,equalize,68,1000,0.0011341571807861,1.3058404922485352,0.0013058404922485,104813,60
tobacco,equalize,69,1000,0.0013792514801025,1.284574031829834,0.0012845740318298,104947,60
tobacco,equalize,70,1000,0.001035451889038,1.2788820266723633,0.0012788820266723,105670,60
tobacco,equalize,71,1000,0.0010685920715332,1.267885684967041,0.001267885684967,105223,60
tobacco,equalize,72,1000,0.0013496875762939,1.2891159057617188,0.0012891159057617,105471,60
tobacco,equalize,73,1000,0.0010862350463867,1.3161048889160156,0.001316104888916,104165,60
tobacco,equalize,74,1000,0.0011210441589355,1.268660545349121,0.0012686605453491,105743,60
tobacco,equalize,75,1000,0.0013446807861328,1.2715003490447998,0.0012715003490447,105105,60
tobacco,equalize,76,1000,0.0011096000671386,1.286917209625244,0.0012869172096252,105543,60
tobacco,equalize,77,1000,0.0011224746704101,1.284970998764038,0.001284970998764,105521,60
tobacco,equalize,78,1000,0.0013661384582519,1.2939114570617676,0.0012939114570617,105139,60
tobacco,equalize,79,1000,0.0010237693786621,1.2957720756530762,0.001295772075653,105147,60
tobacco,equalize,80,1000,0.0011169910430908,1.2739505767822266,0.0012739505767822,105618,60
tobacco,equalize,81,1000,0.0013637542724609,1.2801878452301023,0.0012801878452301,105751,60
tobacco,equalize,82,1000,0.0010464191436767,1.323493719100952,0.0013234937191009,105580,60
tobacco,equalize,83,1000,0.0010981559753417,1.2752950191497805,0.0012752950191497,105364,60
tobacco,equalize,84,1000,0.0013291835784912,1.3025360107421875,0.0013025360107421,105757,60
tobacco,equalize,85,1000,0.0010514259338378,1.2753195762634275,0.0012753195762634,105106,60
tobacco,equalize,86,1000,0.0010769367218017,1.2798171043395996,0.0012798171043395,104934,60
tobacco,equalize,87,1000,0.001772403717041,1.3154025077819824,0.0013154025077819,105146,60
tobacco,equalize,88,1000,0.0011541843414306,1.297703981399536,0.0012977039813995,105315,60
tobacco,equalize,89,1000,0.0011935234069824,1.294440507888794,0.0012944405078887,105716,60
tobacco,equalize,90,1000,0.0013332366943359,1.272965431213379,0.0012729654312133,105093,60
tobacco,equalize,91,1000,0.0010662078857421,1.2979893684387207,0.0012979893684387,104973,60
tobacco,equalize,92,1000,0.0011916160583496,1.2593958377838137,0.0012593958377838,104757,60
tobacco,equalize,93,1000,0.0013737678527832,1.2872686386108398,0.0012872686386108,104948,60
tobacco,equalize,94,1000,0.0012121200561523,1.3299064636230469,0.001329906463623,105563,60
tobacco,equalize,95,1000,0.0012426376342773,1.311323642730713,0.0013113236427307,105323,60
tobacco,equalize,96,1000,0.0013561248779296,1.279792308807373,0.0012797923088073,104963,60
tobacco,equalize,97,1000,0.0010862350463867,1.2870023250579834,0.0012870023250579,104903,60
tobacco,equalize,98,1000,0.0012743473052978,1.2723255157470703,0.001272325515747,105581,60
tobacco,equalize,99,1000,0.0014350414276123,1.2845652103424072,0.0012845652103424,105752,60
tobacco,equalize,100,1000,0.0011329650878906,1.3213222026824951,0.0013213222026824,105720,60
tobacco,equalize,101,1000,0.001192569732666,1.292720079421997,0.0012927200794219,105297,60
tobacco,equalize,102,1000,0.0013544559478759,1.2872183322906494,0.0012872183322906,105450,60
tobacco,equalize,103,1000,0.001101016998291,1.29775071144104,0.001297750711441,105067,60
tobacco,equalize,104,1000,0.001239538192749,1.3037586212158203,0.0013037586212158,105290,60
tobacco,equalize,105,1000,0.0013887882232666,1.2751803398132324,0.0012751803398132,105701,60
tobacco,equalize,106,1000,0.0010683536529541,1.3065152168273926,0.0013065152168273,105492,60
tobacco,equalize,107,1000,0.0011489391326904,1.3152177333831787,0.0013152177333831,104875,60
tobacco,equalize,108,1000,0.0013175010681152,1.6101529598236084,0.0016101529598236,105236,60
tobacco,equalize,109,1000,0.0010676383972167,1.5550618171691897,0.0015550618171691,105704,60
tobacco,equalize,110,1000,0.0011308193206787,2.037278652191162,0.0020372786521911,105548,60
tobacco,equalize,111,1000,0.0018489360809326,2.0404388904571533,0.0020404388904571,105216,60
tobacco,equalize,112,1000,0.0010757446289062,1.9197630882263184,0.0019197630882263,106361,60
tobacco,equalize,113,1000,0.0010683536529541,2.0344810485839844,0.0020344810485839,105513,60
tobacco,equalize,114,1000,0.0014095306396484,2.008430957794189,0.0020084309577941,105115,60
tobacco,equalize,115,1000,0.0010948181152343,2.2418670654296875,0.0022418670654296,105245,60
tobacco,equalize,116,1000,0.0010628700256347,1.2909250259399414,0.0012909250259399,105134,60
tobacco,equalize,117,1000,0.001194953918457,1.284935712814331,0.0012849357128143,104848,60
tobacco,equalize,118,1000,0.0011572837829589,1.2912395000457764,0.0012912395000457,105559,60
tobacco,equalize,119,1000,0.0010833740234375,1.2881221771240234,0.001288122177124,105053,60
tobacco,equalize,120,1000,0.001601219177246,1.2923526763916016,0.0012923526763916,105381,60
tobacco,equalize,121,1000,0.001136302947998,1.2927517890930176,0.001292751789093,105417,60
tobacco,equalize,122,1000,0.0011000633239746,1.3061416149139404,0.0013061416149139,105799,60
tobacco,equalize,123,1000,0.0012629032135009,1.2920677661895752,0.0012920677661895,105031,60
tobacco,equalize,124,1000,0.0011239051818847,1.305110216140747,0.0013051102161407,104781,60
tobacco,equalize,125,1000,0.001072883605957,1.2786858081817627,0.0012786858081817,105555,60
tobacco,equalize,126,1000,0.0011944770812988,1.2980990409851074,0.0012980990409851,105027,60
tobacco,equalize,127,1000,0.0011093616485595,1.2872743606567385,0.0012872743606567,105385,60
tobacco,equalize,128,1000,0.0014817714691162,1.288276433944702,0.0012882764339447,105654,60
tobacco,equalize,129,1000,0.0011992454528808,1.2902443408966064,0.0012902443408966,105537,60
tobacco,equalize,130,1000,0.0011038780212402,1.2929482460021973,0.0012929482460021,105015,60
tobacco,equalize,131,1000,0.0011675357818603,1.2866973876953125,0.0012866973876953,105161,60
tobacco,equalize,132,1000,0.0012447834014892,1.272834300994873,0.0012728343009948,104657,60
tobacco,equalize,133,1000,0.0010795593261718,1.2766542434692385,0.0012766542434692,105300,60
tobacco,equalize,134,1000,0.0011200904846191,1.3480854034423828,0.0013480854034423,105301,60
tobacco,equalize,135,1000,0.0012900829315185,1.3044538497924805,0.0013044538497924,105252,60
tobacco,equalize,136,1000,0.0011041164398193,1.302417278289795,0.0013024172782897,105179,60
tobacco,equalize,137,1000,0.0010912418365478,1.2577474117279053,0.0012577474117279,104865,60
tobacco,equalize,138,1000,0.0012545585632324,1.2757351398468018,0.0012757351398468,105194,60
tobacco,equalize,139,1000,0.0011415481567382,1.2820796966552734,0.0012820796966552,105023,60
tobacco,equalize,140,1000,0.0011229515075683,1.2656939029693604,0.0012656939029693,105098,60
tobacco,equalize,141,1000,0.0012717247009277,1.2712981700897217,0.0012712981700897,105884,60
tobacco,equalize,142,1000,0.0011353492736816,1.3131530284881592,0.0013131530284881,105627,60
tobacco,equalize,143,1000,0.0011591911315917,1.322273015975952,0.0013222730159759,104940,60
tobacco,equalize,144,1000,0.0012683868408203,1.2701356410980225,0.001270135641098,105001,60
tobacco,equalize,145,1000,0.0011453628540039,1.2974019050598145,0.0012974019050598,105375,60
tobacco,equalize,146,1000,0.0014886856079101,1.2912535667419434,0.0012912535667419,105106,60
tobacco,equalize,147,1000,0.0012891292572021,1.2667279243469238,0.0012667279243469,105117,60
tobacco,equalize,148,1000,0.0010993480682373,1.2990789413452148,0.0012990789413452,105922,60
tobacco,equalize,149,1000,0.0010969638824462,1.2767632007598877,0.0012767632007598,104995,60
tobacco,equalize,150,1000,0.0012404918670654,1.2897560596466064,0.0012897560596466,105816,60
tobacco,equalize,151,1000,0.0010843276977539,1.3147172927856443,0.0013147172927856,105249,60
tobacco,equalize,152,1000,0.001091718673706,1.2819342613220217,0.001281934261322,105409,60
tobacco,equalize,153,1000,0.0012807846069335,1.2866110801696775,0.0012866110801696,105163,60
tobacco,equalize,154,1000,0.0010862350463867,1.2922682762145996,0.0012922682762145,105622,60
tobacco,equalize,155,1000,0.0010747909545898,1.2675251960754397,0.0012675251960754,105732,60
tobacco,equalize,156,1000,0.0012509822845458,1.2767839431762695,0.0012767839431762,105508,60
tobacco,equalize,157,1000,0.0010974407196044,1.2916338443756104,0.0012916338443756,105099,60
tobacco,equalize,158,1000,0.0010657310485839,1.265581130981445,0.0012655811309814,105134,60
tobacco,equalize,159,1000,0.001312255859375,1.273240327835083,0.001273240327835,105268,60
tobacco,equalize,160,1000,0.0010662078857421,1.3076601028442385,0.0013076601028442,105504,60
tobacco,equalize,161,1000,0.0010323524475097,1.2828457355499268,0.0012828457355499,104773,60
tobacco,equalize,162,1000,0.0013117790222167,1.3162269592285156,0.0013162269592285,105244,60
tobacco,equalize,163,1000,0.0011162757873535,1.2895691394805908,0.0012895691394805,104860,60
tobacco,equalize,164,1000,0.0011708736419677,1.3228893280029297,0.0013228893280029,105018,60
tobacco,equalize,165,1000,0.0013604164123535,1.298828363418579,0.0012988283634185,105758,60
tobacco,equalize,166,1000,0.0010981559753417,1.2878611087799072,0.0012878611087799,105771,60
tobacco,equalize,167,1000,0.0011866092681884,1.2911722660064695,0.0012911722660064,105714,60
tobacco,equalize,168,1000,0.0012812614440917,1.2952370643615725,0.0012952370643615,105259,60
tobacco,equalize,169,1000,0.0010669231414794,1.324319839477539,0.0013243198394775,105494,60
tobacco,equalize,170,1000,0.0012030601501464,1.272791862487793,0.0012727918624877,104979,60
tobacco,equalize,171,1000,0.0013070106506347,1.28287672996521,0.0012828767299652,105404,60
tobacco,equalize,172,1000,0.0011148452758789,1.2946417331695557,0.0012946417331695,104792,60
tobacco,equalize,173,1000,0.0013229846954345,1.299696445465088,0.001299696445465,105676,60
tobacco,equalize,174,1000,0.0013079643249511,1.273811101913452,0.0012738111019134,105020,60
tobacco,equalize,175,1000,0.0011029243469238,1.2991130352020264,0.001299113035202,106083,60
tobacco,equalize,176,1000,0.0011229515075683,1.2980029582977295,0.0012980029582977,104809,60
tobacco,equalize,177,1000,0.0013298988342285,1.2835774421691897,0.0012835774421691,105307,60
tobacco,equalize,178,1000,0.0010838508605957,1.2967543601989746,0.0012967543601989,105151,60
tobacco,equalize,179,1000,0.0011672973632812,1.3515937328338623,0.0013515937328338,105842,60
tobacco,equalize,180,1000,0.0013039112091064,1.2705609798431396,0.0012705609798431,105587,60
tobacco,equalize,181,1000,0.0011770725250244,1.2725059986114502,0.0012725059986114,105203,60
tobacco,equalize,182,1000,0.0010876655578613,1.2824416160583496,0.0012824416160583,105502,60
tobacco,equalize,183,1000,0.0013742446899414,1.2881410121917725,0.0012881410121917,104782,60
tobacco,equalize,184,1000,0.0010836124420166,1.2870967388153076,0.0012870967388153,105213,60
tobacco,equalize,185,1000,0.0011703968048095,1.331409215927124,0.0013314092159271,105166,60
tobacco,equalize,186,1000,0.0016162395477294,1.2751832008361816,0.0012751832008361,105585,60
tobacco,equalize,187,1000,0.0010774135589599,1.317461013793945,0.0013174610137939,105216,60
tobacco,equalize,188,1000,0.0011851787567138,1.2750236988067627,0.0012750236988067,105322,60
tobacco,equalize,189,1000,0.0013144016265869,1.2981445789337158,0.0012981445789337,105420,60
tobacco,equalize,190,1000,0.0010907649993896,1.2901644706726074,0.0012901644706726,105013,60
tobacco,equalize,191,1000,0.0011384487152099,1.322225570678711,0.0013222255706787,105087,60
tobacco,equalize,192,1000,0.0013620853424072,1.2861769199371338,0.0012861769199371,104832,60
tobacco,equalize,193,1000,0.0010724067687988,1.303924560546875,0.0013039245605468,105341,60
tobacco,equalize,194,1000,0.0011234283447265,1.2686090469360352,0.001268609046936,105196,60
tobacco,equalize,195,1000,0.0013577938079833,1.2941498756408691,0.0012941498756408,105405,60
tobacco,equalize,196,1000,0.0010774135589599,1.298790454864502,0.0012987904548645,105296,60
tobacco,equalize,197,1000,0.0011866092681884,1.3002405166625977,0.0013002405166625,105901,60
tobacco,equalize,198,1000,0.0013668537139892,1.283296823501587,0.0012832968235015,104750,60
tobacco,equalize,199,1000,0.0010864734649658,1.2961485385894775,0.0012961485385894,105335,60
tobacco,equalize,200,1000,0.0011038780212402,1.2761187553405762,0.0012761187553405,105069,60
tobacco,equalize,201,1000,0.0013720989227294,1.3024561405181885,0.0013024561405181,105549,60
tobacco,equalize,202,1000,0.0010802745819091,1.3222980499267578,0.0013222980499267,105402,60
tobacco,equalize,203,1000,0.0010683536529541,1.2763490676879885,0.0012763490676879,105361,60
tobacco,equalize,204,1000,0.0014548301696777,1.3026502132415771,0.0013026502132415,105527,60
tobacco,equalize,205,1000,0.001042366027832,1.3320305347442627,0.0013320305347442,105252,60
tobacco,equalize,206,1000,0.0011723041534423,1.267812728881836,0.0012678127288818,105303,60
tobacco,equalize,207,1000,0.001359224319458,1.2764613628387451,0.0012764613628387,105563,60
tobacco,equalize,208,1000,0.0011301040649414,1.3097631931304932,0.0013097631931304,105260,60
tobacco,equalize,209,1000,0.0011389255523681,1.285904884338379,0.0012859048843383,105853,60
tobacco,equalize,210,1000,0.0014235973358154,1.2829902172088623,0.0012829902172088,105017,60
tobacco,equalize,211,1000,0.0010955333709716,1.3106467723846436,0.0013106467723846,105260,60
tobacco,equalize,212,1000,0.0011396408081054,1.260840654373169,0.0012608406543731,104790,60
tobacco,equalize,213,1000,0.0013604164123535,1.288344383239746,0.0012883443832397,105701,60
tobacco,equalize,214,1000,0.0011231899261474,1.3395226001739502,0.0013395226001739,105628,60
tobacco,equalize,215,1000,0.0010385513305664,1.2648530006408691,0.0012648530006408,104406,60
tobacco,equalize,216,1000,0.0014142990112304,1.3084263801574707,0.0013084263801574,105406,60
tobacco,equalize,217,1000,0.0010757446289062,1.3218238353729248,0.0013218238353729,105556,60
tobacco,equalize,218,1000,0.0013153553009033,1.2877371311187744,0.0012877371311187,105164,60
tobacco,equalize,219,1000,0.0013527870178222,1.275160789489746,0.0012751607894897,104894,60
tobacco,equalize,220,1000,0.0010778903961181,1.3121318817138672,0.0013121318817138,105500,60
tobacco,equalize,221,1000,0.0011427402496337,1.3027961254119873,0.0013027961254119,105491,60
tobacco,equalize,222,1000,0.0014371871948242,1.3051509857177734,0.0013051509857177,106571,60
tobacco,equalize,223,1000,0.0013291835784912,1.30906081199646,0.0013090608119964,105558,60
tobacco,equalize,224,1000,0.0011484622955322,1.2994184494018557,0.0012994184494018,105991,60
tobacco,equalize,225,1000,0.0014076232910156,1.3622910976409912,0.0013622910976409,105653,60
tobacco,equalize,226,1000,0.0010592937469482,1.3210780620574951,0.0013210780620574,105443,60
tobacco,equalize,227,1000,0.0011086463928222,1.3005712032318115,0.0013005712032318,105576,60
tobacco,equalize,228,1000,0.0017898082733154,1.3127353191375732,0.0013127353191375,105423,60
tobacco,equalize,229,1000,0.0012249946594238,1.3011291027069092,0.0013011291027069,105280,60
tobacco,equalize,230,1000,0.0011293888092041,1.301529884338379,0.0013015298843383,105358,60
tobacco,equalize,231,1000,0.0014731884002685,1.3230690956115725,0.0013230690956115,105363,60
tobacco,equalize,232,1000,0.0011413097381591,1.3335609436035156,0.0013335609436035,105147,60
tobacco,equalize,233,1000,0.0011200904846191,1.306410789489746,0.0013064107894897,105560,60
tobacco,equalize,234,1000,0.0015540122985839,1.3241267204284668,0.0013241267204284,105034,60
tobacco,equalize,235,1000,0.0015196800231933,1.3193519115447998,0.0013193519115447,105460,60
tobacco,equalize,236,1000,0.0011687278747558,1.2792112827301023,0.0012792112827301,105103,60
tobacco,equalize,237,1000,0.001469612121582,1.3611500263214111,0.0013611500263214,105606,60
tobacco,equalize,238,1000,0.0013933181762695,1.303467035293579,0.0013034670352935,105506,60
tobacco,equalize,239,1000,0.00130295753479,1.3058969974517822,0.0013058969974517,105659,60
tobacco,equalize,240,1000,0.0015163421630859,1.333681583404541,0.0013336815834045,105510,60
tobacco,equalize,241,1000,0.0011196136474609,1.3696057796478271,0.0013696057796478,105060,60
tobacco,equalize,242,1000,0.0011992454528808,1.2970120906829834,0.0012970120906829,105297,60
tobacco,equalize,243,1000,0.0017414093017578,1.3066492080688477,0.0013066492080688,105596,60
tobacco,equalize,244,1000,0.0010826587677001,1.3057622909545898,0.0013057622909545,105102,60
tobacco,equalize,245,1000,0.0012741088867187,1.2848660945892334,0.0012848660945892,104718,60
tobacco,equalize,246,1000,0.0014159679412841,1.3101806640625,0.0013101806640625,105349,60
tobacco,equalize,247,1000,0.0010623931884765,1.3008408546447754,0.0013008408546447,104949,60
tobacco,equalize,248,1000,0.0013020038604736,1.3042829036712646,0.0013042829036712,106404,60
tobacco,equalize,249,1000,0.0014805793762207,1.3062376976013184,0.0013062376976013,105478,60
tobacco,equalize,250,1000,0.0011358261108398,1.323997974395752,0.0013239979743957,105324,60
tobacco,equalize,251,1000,0.0011281967163085,1.3036699295043943,0.0013036699295043,105840,60
tobacco,equalize,252,1000,0.0014214515686035,1.7366540431976318,0.0017366540431976,105304,60
tobacco,equalize,253,1000,0.0010333061218261,1.5088520050048828,0.0015088520050048,105411,60
tobacco,equalize,254,1000,0.0011243820190429,2.0633387565612797,0.0020633387565612,104606,60
tobacco,equalize,255,1000,0.0015637874603271,2.060192823410034,0.00206019282341,105225,60
tobacco,equalize,256,1000,0.0011396408081054,2.105465650558472,0.0021054656505584,104711,60
tobacco,equalize,257,1000,0.0011560916900634,2.075153112411499,0.0020751531124114,106183,60
tobacco,equalize,258,1000,0.001413345336914,2.069615364074707,0.0020696153640747,105308,60
tobacco,equalize,259,1000,0.0010654926300048,2.138707637786865,0.0021387076377868,105238,60
tobacco,equalize,260,1000,0.0009634494781494,1.3067409992218018,0.0013067409992218,104596,60
tobacco,equalize,261,1000,0.0016188621520996,1.2869923114776611,0.0012869923114776,105902,60
tobacco,equalize,262,1000,0.0011866092681884,1.27691388130188,0.0012769138813018,104848,60
tobacco,equalize,263,1000,0.0011026859283447,1.306164264678955,0.0013061642646789,105480,60
tobacco,equalize,264,1000,0.0012412071228027,1.2967824935913086,0.0012967824935913,105057,60
tobacco,equalize,265,1000,0.0011873245239257,1.368268966674805,0.0013682689666748,105530,60
tobacco,equalize,266,1000,0.0011217594146728,1.2675046920776367,0.0012675046920776,104721,60
tobacco,equalize,267,1000,0.0012798309326171,1.366370439529419,0.0013663704395294,105656,60
tobacco,equalize,268,1000,0.0010895729064941,1.2849743366241455,0.0012849743366241,105658,60
tobacco,equalize,269,1000,0.0011043548583984,1.283491611480713,0.0012834916114807,105257,60
tobacco,equalize,270,1000,0.0012776851654052,1.3186285495758057,0.0013186285495758,105756,60
tobacco,equalize,271,1000,0.0011050701141357,1.2949273586273191,0.0012949273586273,105542,60
tobacco,equalize,272,1000,0.0011332035064697,1.2825193405151367,0.0012825193405151,105496,60
tobacco,equalize,273,1000,0.001277208328247,1.28983736038208,0.001289837360382,104650,60
tobacco,equalize,274,1000,0.0011482238769531,1.293808937072754,0.0012938089370727,105034,60
tobacco,equalize,275,1000,0.0014276504516601,1.2999248504638672,0.0012999248504638,105861,60
tobacco,equalize,276,1000,0.0013165473937988,1.3016595840454102,0.0013016595840454,105292,60
tobacco,equalize,277,1000,0.0011262893676757,1.2888975143432615,0.0012888975143432,105398,60
tobacco,equalize,278,1000,0.0010998249053955,1.2865478992462158,0.0012865478992462,104853,60
tobacco,equalize,279,1000,0.0013363361358642,1.3454375267028809,0.0013454375267028,105268,60
tobacco,equalize,280,1000,0.0011293888092041,1.2868266105651855,0.0012868266105651,105678,60
tobacco,equalize,281,1000,0.0014443397521972,1.2796354293823242,0.0012796354293823,105901,60
tobacco,equalize,282,1000,0.001279592514038,1.2932112216949463,0.0012932112216949,105264,60
tobacco,equalize,283,1000,0.0011534690856933,1.2784383296966553,0.0012784383296966,105663,60
tobacco,equalize,284,1000,0.0011572837829589,1.2908787727355957,0.0012908787727355,105030,60
tobacco,equalize,285,1000,0.0012955665588378,1.2753164768218994,0.0012753164768218,104803,60
tobacco,equalize,286,1000,0.0013701915740966,1.282682180404663,0.0012826821804046,105483,60
tobacco,equalize,287,1000,0.0011248588562011,1.2767419815063477,0.0012767419815063,104898,60
tobacco,equalize,288,1000,0.0013000965118408,1.2937507629394531,0.0012937507629394,104970,60
tobacco,equalize,289,1000,0.0011384487152099,1.294947385787964,0.0012949473857879,105007,60
tobacco,equalize,290,1000,0.0011155605316162,1.2811658382415771,0.0012811658382415,105586,60
tobacco,equalize,291,1000,0.0012366771697998,1.26381254196167,0.0012638125419616,105361,60
tobacco,equalize,292,1000,0.0011212825775146,1.306039571762085,0.001306039571762,104964,60
tobacco,equalize,293,1000,0.0011298656463623,1.289440631866455,0.0012894406318664,105295,60
tobacco,equalize,294,1000,0.0012958049774169,1.2844929695129397,0.0012844929695129,104610,60
tobacco,equalize,295,1000,0.0011923313140869,1.4371843338012695,0.0014371843338012,105511,60
tobacco,equalize,296,1000,0.0013449192047119,1.2902512550354004,0.0012902512550354,105342,60
tobacco,equalize,297,1000,0.0013306140899658,1.2784154415130615,0.001278415441513,104924,60
tobacco,equalize,298,1000,0.0010969638824462,1.3391828536987305,0.0013391828536987,105315,60
tobacco,equalize,299,1000,0.0012109279632568,1.2722725868225098,0.0012722725868225,105120,60
tobacco,equalize,300,1000,0.0013105869293212,1.3138728141784668,0.0013138728141784,105286,60
tobacco,equalize,301,1000,0.0010809898376464,1.2848989963531494,0.0012848989963531,105052,60
tobacco,equalize,302,1000,0.0011146068572998,1.2714300155639648,0.0012714300155639,105527,60
tobacco,equalize,303,1000,0.0017235279083251,1.3480007648468018,0.0013480007648468,105345,60
tobacco,equalize,304,1000,0.0011723041534423,1.3543362617492676,0.0013543362617492,105331,60
tobacco,equalize,305,1000,0.0011014938354492,1.2856249809265137,0.0012856249809265,105528,60
tobacco,equalize,306,1000,0.0013222694396972,1.3199620246887207,0.0013199620246887,104770,60
tobacco,equalize,307,1000,0.0010876655578613,1.3117897510528564,0.0013117897510528,105484,60
tobacco,equalize,308,1000,0.0011265277862548,1.3086020946502686,0.0013086020946502,104875,60
tobacco,equalize,309,1000,0.0012695789337158,1.2895846366882324,0.0012895846366882,105401,60
tobacco,equalize,310,1000,0.0011019706726074,1.2934837341308594,0.0012934837341308,105383,60
tobacco,equalize,311,1000,0.0012028217315673,1.296769142150879,0.0012967691421508,105345,60
tobacco,equalize,312,1000,0.0013010501861572,1.2790029048919678,0.0012790029048919,105113,60
tobacco,equalize,313,1000,0.0010864734649658,1.2949798107147217,0.0012949798107147,105326,60
tobacco,equalize,314,1000,0.0011124610900878,1.2767963409423828,0.0012767963409423,105636,60
tobacco,equalize,315,1000,0.0013337135314941,1.2933719158172607,0.0012933719158172,105795,60
tobacco,equalize,316,1000,0.0010783672332763,1.2879188060760498,0.001287918806076,105256,60
tobacco,equalize,317,1000,0.0014221668243408,1.279252529144287,0.0012792525291442,105218,60
tobacco,equalize,318,1000,0.0014116764068603,1.2941551208496094,0.0012941551208496,104771,60
tobacco,equalize,319,1000,0.0010955333709716,1.310504674911499,0.0013105046749114,105797,60
tobacco,equalize,320,1000,0.001103401184082,1.2888615131378174,0.0012888615131378,105412,60
tobacco,equalize,321,1000,0.0013413429260253,1.3123838901519775,0.0013123838901519,105503,60
tobacco,equalize,322,1000,0.00126314163208,1.292473077774048,0.001292473077774,104780,60
tobacco,equalize,323,1000,0.0010931491851806,1.3249974250793457,0.0013249974250793,105042,60
tobacco,equalize,324,1000,0.0013082027435302,1.2956843376159668,0.0012956843376159,105472,60
tobacco,equalize,325,1000,0.0015556812286376,1.3065993785858154,0.0013065993785858,105479,60
tobacco,equalize,326,1000,0.0011074542999267,1.305492639541626,0.0013054926395416,105463,60
tobacco,equalize,327,1000,0.0013384819030761,1.2870736122131348,0.0012870736122131,105163,60
tobacco,equalize,328,1000,0.001089334487915,1.3090527057647705,0.0013090527057647,105384,60
tobacco,equalize,329,1000,0.0011093616485595,1.295398235321045,0.001295398235321,105058,60
tobacco,equalize,330,1000,0.0017979145050048,1.2692208290100098,0.00126922082901,104630,60
tobacco,equalize,331,1000,0.0010459423065185,1.3338773250579834,0.0013338773250579,105374,60
tobacco,equalize,332,1000,0.0010929107666015,1.3317663669586182,0.0013317663669586,105712,60
tobacco,equalize,333,1000,0.0014591217041015,1.307938575744629,0.0013079385757446,104994,60
tobacco,equalize,334,1000,0.0010797977447509,1.3010294437408447,0.0013010294437408,105191,60
tobacco,equalize,335,1000,0.0011405944824218,1.283332109451294,0.0012833321094512,105388,60
tobacco,equalize,336,1000,0.0013561248779296,1.272932052612305,0.0012729320526123,105372,60
tobacco,equalize,337,1000,0.0011382102966308,1.3031656742095947,0.0013031656742095,105531,60
tobacco,equalize,338,1000,0.0011074542999267,1.3261001110076904,0.0013261001110076,105018,60
tobacco,equalize,339,1000,0.0016162395477294,1.2897653579711914,0.0012897653579711,105503,60
tobacco,equalize,340,1000,0.0010771751403808,1.31400728225708,0.001314007282257,105926,60
tobacco,equalize,341,1000,0.0012562274932861,1.2679424285888672,0.0012679424285888,104793,60
tobacco,equalize,342,1000,0.0013313293457031,1.2778003215789795,0.0012778003215789,105166,60
tobacco,equalize,343,1000,0.00108003616333,1.3093857765197754,0.0013093857765197,105784,60
tobacco,equalize,344,1000,0.0011420249938964,1.2817490100860596,0.001281749010086,105527,60
tobacco,equalize,345,1000,0.0013735294342041,1.2990689277648926,0.0012990689277648,105386,60
tobacco,equalize,346,1000,0.0012056827545166,1.309464693069458,0.0013094646930694,105404,60
tobacco,equalize,347,1000,0.0014479160308837,1.2845573425292969,0.0012845573425292,105540,60
tobacco,equalize,348,1000,0.0013723373413085,1.2956273555755615,0.0012956273555755,105055,60
tobacco,equalize,349,1000,0.001077651977539,1.286592960357666,0.0012865929603576,105376,60
tobacco,equalize,350,1000,0.0013380050659179,1.2932453155517578,0.0012932453155517,105515,60
tobacco,equalize,351,1000,0.0013961791992187,1.2892184257507324,0.0012892184257507,104793,60
tobacco,equalize,352,1000,0.0011000633239746,1.2892076969146729,0.0012892076969146,105191,60
tobacco,equalize,353,1000,0.0011317729949951,1.297032594680786,0.0012970325946807,105053,60
tobacco,equalize,354,1000,0.0013937950134277,1.2902004718780518,0.001290200471878,105654,60
tobacco,equalize,355,1000,0.0011045932769775,1.299846887588501,0.0012998468875885,105164,60
tobacco,equalize,356,1000,0.00114107131958,1.3022847175598145,0.0013022847175598,105075,60
tobacco,equalize,357,1000,0.0014410018920898,1.2951035499572754,0.0012951035499572,105380,60
tobacco,equalize,358,1000,0.0010097026824951,1.3159947395324707,0.0013159947395324,105502,60
tobacco,equalize,359,1000,0.0011868476867675,1.285332202911377,0.0012853322029113,105172,60
tobacco,equalize,360,1000,0.0014245510101318,1.277327299118042,0.001277327299118,105133,60
tobacco,equalize,361,1000,0.0011157989501953,1.3126544952392578,0.0013126544952392,105104,60
tobacco,equalize,362,1000,0.0012269020080566,1.2937440872192385,0.0012937440872192,105327,60
tobacco,equalize,363,1000,0.0014183521270751,1.3020062446594238,0.0013020062446594,105710,60
tobacco,equalize,364,1000,0.0010716915130615,1.2928087711334229,0.0012928087711334,104774,60
tobacco,equalize,365,1000,0.0011606216430664,1.3100452423095703,0.0013100452423095,105529,60
tobacco,equalize,366,1000,0.0013461112976074,1.314124584197998,0.0013141245841979,105703,60
tobacco,equalize,367,1000,0.0010967254638671,1.319427728652954,0.0013194277286529,105456,60
tobacco,equalize,368,1000,0.0012629032135009,1.303389072418213,0.0013033890724182,105078,60
tobacco,equalize,369,1000,0.0015292167663574,1.3017017841339111,0.0013017017841339,105593,60
tobacco,equalize,370,1000,0.001070499420166,1.301915168762207,0.0013019151687622,105466,60
tobacco,equalize,371,1000,0.0011425018310546,1.2783141136169434,0.0012783141136169,104804,60
tobacco,equalize,372,1000,0.001378059387207,1.3100533485412598,0.0013100533485412,105411,60
tobacco,equalize,373,1000,0.0010569095611572,1.336317539215088,0.001336317539215,105544,60
tobacco,equalize,374,1000,0.0011448860168457,1.2825217247009275,0.0012825217247009,105156,60
tobacco,equalize,375,1000,0.0013594627380371,1.2876362800598145,0.0012876362800598,105752,60
tobacco,equalize,376,1000,0.0013885498046875,1.3259553909301758,0.0013259553909301,105492,60
tobacco,equalize,377,1000,0.0013556480407714,1.3128950595855713,0.0013128950595855,105405,60
tobacco,equalize,378,1000,0.0014436244964599,1.3019709587097168,0.0013019709587097,105355,60
tobacco,equalize,379,1000,0.0011537075042724,1.3253331184387207,0.0013253331184387,105910,60
tobacco,equalize,380,1000,0.001197338104248,1.3014254570007324,0.0013014254570007,105523,60
tobacco,equalize,381,1000,0.0014345645904541,1.2925503253936768,0.0012925503253936,104864,60
tobacco,equalize,382,1000,0.0014858245849609,1.3054978847503662,0.0013054978847503,105556,60
tobacco,equalize,383,1000,0.0013163089752197,1.285114288330078,0.00128511428833,104838,60
tobacco,equalize,384,1000,0.0013895034790039,1.2962164878845217,0.0012962164878845,104635,60
tobacco,equalize,385,1000,0.0014975070953369,1.3318262100219729,0.0013318262100219,105116,60
tobacco,equalize,386,1000,0.0011241436004638,1.2989823818206787,0.0012989823818206,105710,60
tobacco,equalize,387,1000,0.0014600753784179,1.3284218311309814,0.0013284218311309,104825,60
tobacco,equalize,388,1000,0.0010764598846435,1.307850360870361,0.0013078503608703,105604,60
tobacco,equalize,389,1000,0.0012695789337158,1.3286075592041016,0.0013286075592041,105358,60
tobacco,equalize,390,1000,0.0014219284057617,1.3061463832855225,0.0013061463832855,105609,60
tobacco,equalize,391,1000,0.0011472702026367,1.3000195026397705,0.0013000195026397,104999,60
tobacco,equalize,392,1000,0.0012075901031494,1.2837669849395752,0.0012837669849395,104841,60
tobacco,equalize,393,1000,0.0017726421356201,1.292825698852539,0.0012928256988525,105041,60
tobacco,equalize,394,1000,0.0010664463043212,1.312665939331055,0.001312665939331,105147,60
tobacco,equalize,395,1000,0.0015552043914794,1.2990443706512451,0.0012990443706512,105424,60
tobacco,equalize,396,1000,0.001432180404663,1.7159245014190674,0.001715924501419,104730,60
tobacco,equalize,397,1000,0.0011253356933593,1.4839708805084229,0.0014839708805084,105113,60
tobacco,equalize,398,1000,0.0011136531829833,2.0602867603302,0.0020602867603302,105128,60
tobacco,equalize,399,1000,0.0018045902252197,2.070574760437012,0.002070574760437,105441,60
tobacco,equalize,400,1000,0.0011069774627685,2.0766279697418213,0.0020766279697418,105332,60
tobacco,equalize,401,1000,0.0013151168823242,2.1617233753204346,0.0021617233753204,105075,60
tobacco,equalize,402,1000,0.0014083385467529,2.077202558517456,0.0020772025585174,105483,60
tobacco,equalize,403,1000,0.0010979175567626,2.099798679351806,0.0020997986793518,105844,60
tobacco,equalize,404,1000,0.0009903907775878,1.3085370063781738,0.0013085370063781,105617,60
tobacco,equalize,405,1000,0.0012283325195312,1.367112398147583,0.0013671123981475,104733,60
tobacco,equalize,406,1000,0.0016467571258544,1.3176276683807373,0.0013176276683807,104993,60
tobacco,equalize,407,1000,0.0011606216430664,1.3049776554107666,0.0013049776554107,105474,60
tobacco,equalize,408,1000,0.0012776851654052,1.3065543174743652,0.0013065543174743,105272,60
tobacco,equalize,409,1000,0.0011556148529052,1.3653340339660645,0.001365334033966,105213,60
tobacco,equalize,410,1000,0.0011298656463623,1.370854377746582,0.0013708543777465,105412,60
tobacco,equalize,411,1000,0.0015897750854492,1.366394281387329,0.0013663942813873,105179,60
tobacco,equalize,412,1000,0.0013628005981445,1.3224542140960691,0.001322454214096,104684,60
tobacco,equalize,413,1000,0.0010623931884765,1.312551736831665,0.0013125517368316,105655,60
tobacco,equalize,414,1000,0.001338243484497,1.3305001258850098,0.001330500125885,106246,60
tobacco,equalize,415,1000,0.001258373260498,1.3861563205718994,0.0013861563205718,106353,60
tobacco,equalize,416,1000,0.0011322498321533,1.2925467491149902,0.0012925467491149,105458,60
tobacco,equalize,417,1000,0.0012519359588623,1.3300881385803225,0.0013300881385803,105276,60
tobacco,equalize,418,1000,0.0011267662048339,1.36686110496521,0.0013668611049652,105488,60
tobacco,equalize,419,1000,0.001164436340332,1.3249242305755615,0.0013249242305755,105370,60
tobacco,equalize,420,1000,0.0012798309326171,1.3051433563232422,0.0013051433563232,105416,60
tobacco,equalize,421,1000,0.0014402866363525,1.317077398300171,0.0013170773983001,105172,60
tobacco,equalize,422,1000,0.0011889934539794,1.283721923828125,0.0012837219238281,105326,60
tobacco,equalize,423,1000,0.001239538192749,1.2942404747009275,0.0012942404747009,105266,60
tobacco,equalize,424,1000,0.0011870861053466,1.318254470825195,0.0013182544708251,104822,60
tobacco,equalize,425,1000,0.0010819435119628,1.2906758785247805,0.0012906758785247,105383,60
tobacco,equalize,426,1000,0.0013020038604736,1.3058927059173584,0.0013058927059173,105201,60
tobacco,equalize,427,1000,0.0011866092681884,1.3958704471588137,0.0013958704471588,104525,60
tobacco,equalize,428,1000,0.0011398792266845,1.299772024154663,0.0012997720241546,105553,60
tobacco,equalize,429,1000,0.0012257099151611,1.3008227348327637,0.0013008227348327,105339,60
tobacco,equalize,430,1000,0.0011131763458251,1.2966701984405518,0.0012966701984405,105273,60
tobacco,equalize,431,1000,0.001110553741455,1.340075969696045,0.001340075969696,106011,60
tobacco,equalize,432,1000,0.001274824142456,1.3042373657226562,0.0013042373657226,105362,60
tobacco,equalize,433,1000,0.0010757446289062,1.3267669677734375,0.0013267669677734,105450,60
tobacco,equalize,434,1000,0.0012290477752685,1.2779436111450195,0.001277943611145,105142,60
tobacco,equalize,435,1000,0.0012321472167968,1.3025975227355957,0.0013025975227355,105629,60
tobacco,equalize,436,1000,0.001145601272583,1.2843399047851562,0.0012843399047851,104776,60
tobacco,equalize,437,1000,0.001072883605957,1.2972078323364258,0.0012972078323364,105385,60
tobacco,equalize,438,1000,0.0012571811676025,1.3140571117401123,0.0013140571117401,105058,60
tobacco,equalize,439,1000,0.0010287761688232,1.30611252784729,0.0013061125278472,105538,60
tobacco,equalize,440,1000,0.001110553741455,1.3347787857055664,0.0013347787857055,105349,60
tobacco,equalize,441,1000,0.0012321472167968,1.3086555004119873,0.0013086555004119,104955,60
tobacco,equalize,442,1000,0.0011041164398193,1.3521442413330078,0.001352144241333,104961,60
tobacco,equalize,443,1000,0.0010526180267333,1.2996108531951904,0.0012996108531951,105867,60
tobacco,equalize,444,1000,0.0012824535369873,1.2958364486694336,0.0012958364486694,105572,60
tobacco,equalize,445,1000,0.0010902881622314,1.326796293258667,0.0013267962932586,105332,60
tobacco,equalize,446,1000,0.0014455318450927,1.3033206462860107,0.001303320646286,105780,60
tobacco,equalize,447,1000,0.0016992092132568,1.294884443283081,0.001294884443283,105546,60
tobacco,equalize,448,1000,0.0010988712310791,1.3039534091949463,0.0013039534091949,104988,60
tobacco,equalize,449,1000,0.0010662078857421,1.2882544994354248,0.0012882544994354,105044,60
tobacco,equalize,450,1000,0.0013120174407958,1.292042255401611,0.0012920422554016,105202,60
tobacco,equalize,451,1000,0.0010859966278076,1.3001718521118164,0.0013001718521118,104964,60
tobacco,equalize,452,1000,0.0011167526245117,1.285240650177002,0.001285240650177,105720,60
tobacco,equalize,453,1000,0.001664400100708,1.2824585437774658,0.0012824585437774,105653,60
tobacco,equalize,454,1000,0.0012855529785156,1.3012514114379885,0.0013012514114379,105379,60
tobacco,equalize,455,1000,0.0010900497436523,1.29516339302063,0.0012951633930206,105562,60
tobacco,equalize,456,1000,0.0013258457183837,1.3803131580352783,0.0013803131580352,105984,60
tobacco,equalize,457,1000,0.0014445781707763,1.2838449478149414,0.0012838449478149,105261,60
tobacco,equalize,458,1000,0.0010888576507568,1.301426649093628,0.0013014266490936,105102,60
tobacco,equalize,459,1000,0.0015273094177246,1.3160147666931152,0.0013160147666931,105302,60
tobacco,equalize,460,1000,0.0010707378387451,1.3176429271697998,0.0013176429271697,105277,60
tobacco,equalize,461,1000,0.0012390613555908,1.2822058200836182,0.0012822058200836,105176,60
tobacco,equalize,462,1000,0.0017611980438232,1.3177545070648191,0.0013177545070648,105758,60
tobacco,equalize,463,1000,0.0011184215545654,1.3088769912719729,0.0013088769912719,105880,60
tobacco,equalize,464,1000,0.0014736652374267,1.314558029174805,0.0013145580291748,105156,60
tobacco,equalize,465,1000,0.0016534328460693,1.2798893451690674,0.001279889345169,105125,60
tobacco,equalize,466,1000,0.0010819435119628,1.293292760848999,0.0012932927608489,105624,60
tobacco,equalize,467,1000,0.0011632442474365,1.308638572692871,0.0013086385726928,105033,60
tobacco,equalize,468,1000,0.0013895034790039,1.3392448425292969,0.0013392448425292,104916,60
tobacco,equalize,469,1000,0.0010712146759033,1.3098242282867432,0.0013098242282867,105298,60
tobacco,equalize,470,1000,0.0010950565338134,1.3045251369476318,0.0013045251369476,105373,60
tobacco,equalize,471,1000,0.0013399124145507,1.3267276287078855,0.0013267276287078,104909,60
tobacco,equalize,472,1000,0.0010771751403808,1.3076796531677246,0.0013076796531677,104807,60
tobacco,equalize,473,1000,0.0010759830474853,1.294771671295166,0.0012947716712951,105345,60
tobacco,equalize,474,1000,0.0013165473937988,1.3108716011047363,0.0013108716011047,105126,60
tobacco,equalize,475,1000,0.0011341571807861,1.3068628311157229,0.0013068628311157,104965,60
tobacco,equalize,476,1000,0.0011007785797119,1.3254790306091309,0.0013254790306091,105771,60
tobacco,equalize,477,1000,0.0013859272003173,1.2993462085723877,0.0012993462085723,105137,60
tobacco,equalize,478,1000,0.0010781288146972,1.318457841873169,0.0013184578418731,104991,60
tobacco,equalize,479,1000,0.0011394023895263,1.304027795791626,0.0013040277957916,105332,60
tobacco,equalize,480,1000,0.0013289451599121,1.2966792583465576,0.0012966792583465,105138,60
tobacco,equalize,481,1000,0.0010821819305419,1.3016414642333984,0.0013016414642333,105607,60
tobacco,equalize,482,1000,0.0011279582977294,1.328113317489624,0.0013281133174896,105671,60
tobacco,equalize,483,1000,0.0013887882232666,1.3291709423065186,0.0013291709423065,105234,60
tobacco,equalize,484,1000,0.0016374588012695,1.4659550189971924,0.0014659550189971,104813,60
tobacco,equalize,485,1000,0.0011203289031982,1.289374828338623,0.0012893748283386,105598,60
tobacco,equalize,486,1000,0.0013985633850097,1.2883822917938232,0.0012883822917938,105813,60
tobacco,equalize,487,1000,0.0010700225830078,1.3270719051361084,0.0013270719051361,105841,60
tobacco,equalize,488,1000,0.0012450218200683,1.3239903450012207,0.0013239903450012,105261,60
tobacco,equalize,489,1000,0.001908540725708,1.301307201385498,0.0013013072013854,104853,60
tobacco,equalize,490,1000,0.0014607906341552,1.308002233505249,0.0013080022335052,105325,60
tobacco,equalize,491,1000,0.0011465549468994,1.2808568477630615,0.001280856847763,105001,60
tobacco,equalize,492,1000,0.0014398097991943,1.292959451675415,0.0012929594516754,104741,60
tobacco,equalize,493,1000,0.0010707378387451,1.321385622024536,0.0013213856220245,105449,60
tobacco,equalize,494,1000,0.0014796257019042,1.2892396450042725,0.0012892396450042,105069,60
tobacco,equalize,495,1000,0.0014047622680664,1.3083674907684326,0.0013083674907684,106086,60
tobacco,equalize,496,1000,0.0010690689086914,1.3209364414215088,0.0013209364414215,105876,60
tobacco,equalize,497,1000,0.0012226104736328,1.3084070682525637,0.0013084070682525,105873,60
tobacco,equalize,498,1000,0.0014646053314208,1.2946281433105469,0.0012946281433105,105414,60
tobacco,equalize,499,1000,0.0010809898376464,1.3180747032165527,0.0013180747032165,105175,60
tobacco,equalize,500,1000,0.0010828971862792,1.2949113845825195,0.0012949113845825,105094,60
tobacco,equalize,501,1000,0.00144624710083,1.3126628398895264,0.0013126628398895,104902,60
tobacco,equalize,502,1000,0.0010735988616943,1.338695764541626,0.0013386957645416,105094,60
tobacco,equalize,503,1000,0.0011250972747802,1.3560893535614014,0.0013560893535614,105850,60
tobacco,equalize,504,1000,0.0017533302307128,1.292433738708496,0.0012924337387084,105332,60
tobacco,equalize,505,1000,0.0010654926300048,1.3348026275634766,0.0013348026275634,105487,60
tobacco,equalize,506,1000,0.0011606216430664,1.2958145141601562,0.0012958145141601,105085,60
tobacco,equalize,507,1000,0.0013589859008789,1.2917916774749756,0.0012917916774749,105469,60
tobacco,equalize,508,1000,0.0014600753784179,1.3378558158874512,0.0013378558158874,104809,60
tobacco,equalize,509,1000,0.0015711784362792,1.2884647846221924,0.0012884647846221,105059,60
tobacco,equalize,510,1000,0.0014803409576416,1.2892217636108398,0.0012892217636108,105248,60
tobacco,equalize,511,1000,0.001133918762207,1.3174538612365725,0.0013174538612365,105313,60
tobacco,equalize,512,1000,0.0011165142059326,1.3119521141052246,0.0013119521141052,105074,60
tobacco,equalize,513,1000,0.0016038417816162,1.2941327095031738,0.0012941327095031,105549,60
tobacco,equalize,514,1000,0.0010786056518554,1.3335976600646973,0.0013335976600646,105231,60
tobacco,equalize,515,1000,0.0012083053588867,1.3217902183532717,0.0013217902183532,106136,60
tobacco,equalize,516,1000,0.0013611316680908,1.299926519393921,0.0012999265193939,105549,60
tobacco,equalize,517,1000,0.0010788440704345,1.322887897491455,0.0013228878974914,104813,60
tobacco,equalize,518,1000,0.0015296936035156,1.3178579807281494,0.0013178579807281,105148,60
tobacco,equalize,519,1000,0.0014040470123291,1.3026235103607178,0.0013026235103607,105943,60
tobacco,equalize,520,1000,0.0010445117950439,1.323941946029663,0.0013239419460296,105208,60
tobacco,equalize,521,1000,0.0013861656188964,1.310224533081055,0.001310224533081,104972,60
tobacco,equalize,522,1000,0.0018517971038818,1.314067840576172,0.0013140678405761,105516,60
tobacco,equalize,523,1000,0.0015134811401367,1.3838396072387695,0.0013838396072387,105513,60
tobacco,equalize,524,1000,0.0011191368103027,1.2939085960388184,0.0012939085960388,105708,60
tobacco,equalize,525,1000,0.001439094543457,1.320429801940918,0.0013204298019409,105151,60
tobacco,equalize,526,1000,0.0012919902801513,1.3542606830596924,0.0013542606830596,104700,60
tobacco,equalize,527,1000,0.0015463829040527,1.3158082962036133,0.0013158082962036,105494,60
tobacco,equalize,528,1000,0.0015535354614257,1.345937728881836,0.0013459377288818,105330,60
tobacco,equalize,529,1000,0.0011281967163085,1.4097774028778076,0.0014097774028778,105414,60
tobacco,equalize,530,1000,0.0011303424835205,1.3067939281463623,0.0013067939281463,105262,60
tobacco,equalize,531,1000,0.0015861988067626,1.3211374282836914,0.0013211374282836,105163,60
tobacco,equalize,532,1000,0.0011768341064453,1.3460698127746582,0.0013460698127746,105205,60
tobacco,equalize,533,1000,0.0011155605316162,1.2875165939331057,0.0012875165939331,104686,60
tobacco,equalize,534,1000,0.0014615058898925,1.340338945388794,0.0013403389453887,105650,60
tobacco,equalize,535,1000,0.0010638236999511,1.338947057723999,0.0013389470577239,105229,60
tobacco,equalize,536,1000,0.0011191368103027,1.3060548305511477,0.0013060548305511,105612,60
tobacco,equalize,537,1000,0.0014798641204833,1.3283960819244385,0.0013283960819244,105782,60
tobacco,equalize,538,1000,0.0011546611785888,1.3401236534118652,0.0013401236534118,105159,60
tobacco,equalize,539,1000,0.0010683536529541,1.3061354160308838,0.0013061354160308,106354,60
tobacco,equalize,540,1000,0.0014829635620117,1.7952256202697754,0.0017952256202697,105117,60
tobacco,equalize,541,1000,0.0010528564453125,1.4895474910736084,0.0014895474910736,104848,60
tobacco,equalize,542,1000,0.0011096000671386,2.0612151622772217,0.0020612151622772,105595,60
tobacco,equalize,543,1000,0.0016286373138427,2.08406138420105,0.002084061384201,105364,60
tobacco,equalize,544,1000,0.0010695457458496,2.025254249572754,0.0020252542495727,105290,60
tobacco,equalize,545,1000,0.0011076927185058,2.079672813415528,0.0020796728134155,105023,60
tobacco,equalize,546,1000,0.0014710426330566,2.138417482376098,0.002138417482376,105268,60
tobacco,equalize,547,1000,0.0014140605926513,2.224176406860352,0.0022241764068603,106347,60
tobacco,equalize,548,1000,0.0010006427764892,1.318587303161621,0.0013185873031616,105206,60
tobacco,equalize,549,1000,0.0012238025665283,1.3413589000701904,0.0013413589000701,105846,60
tobacco,equalize,550,1000,0.0012183189392089,1.2977807521820068,0.001297780752182,105069,60
tobacco,equalize,551,1000,0.0010769367218017,1.277855396270752,0.0012778553962707,104856,60
tobacco,equalize,552,1000,0.0013318061828613,1.3103716373443604,0.0013103716373443,105449,60
tobacco,equalize,553,1000,0.0011212825775146,1.307593822479248,0.0013075938224792,105056,60
tobacco,equalize,554,1000,0.001143455505371,1.3545985221862793,0.0013545985221862,105164,60
tobacco,equalize,555,1000,0.0012202262878417,1.303865671157837,0.0013038656711578,105303,60
tobacco,equalize,556,1000,0.0011053085327148,1.3166406154632568,0.0013166406154632,105779,60
tobacco,equalize,557,1000,0.0010349750518798,1.2737460136413574,0.0012737460136413,105275,60
tobacco,equalize,558,1000,0.0012404918670654,1.353252410888672,0.0013532524108886,105845,60
tobacco,equalize,559,1000,0.0010488033294677,1.3013899326324463,0.0013013899326324,105570,60
tobacco,equalize,560,1000,0.0011053085327148,1.3113963603973389,0.0013113963603973,104879,60
tobacco,equalize,561,1000,0.0016758441925048,1.3208560943603516,0.0013208560943603,105225,60
tobacco,equalize,562,1000,0.0011103153228759,1.3073065280914309,0.0013073065280914,105700,60
tobacco,equalize,563,1000,0.0010583400726318,1.2839617729187012,0.0012839617729187,105244,60
tobacco,equalize,564,1000,0.0012295246124267,1.3080008029937744,0.0013080008029937,105224,60
tobacco,equalize,565,1000,0.0010638236999511,1.3155536651611328,0.0013155536651611,105609,60
tobacco,equalize,566,1000,0.001110553741455,1.301361083984375,0.0013013610839843,104901,60
tobacco,equalize,567,1000,0.0016729831695556,1.3490219116210938,0.001349021911621,105997,60
tobacco,equalize,568,1000,0.0012474060058593,1.3221044540405271,0.0013221044540405,105744,60
tobacco,equalize,569,1000,0.0010592937469482,1.2955269813537598,0.0012955269813537,105188,60
tobacco,equalize,570,1000,0.0012476444244384,1.2978713512420654,0.001297871351242,105516,60
tobacco,equalize,571,1000,0.0011272430419921,1.305927038192749,0.0013059270381927,105327,60
tobacco,equalize,572,1000,0.0011711120605468,1.3705289363861084,0.0013705289363861,105261,60
tobacco,equalize,573,1000,0.0012099742889404,1.275836706161499,0.0012758367061614,105368,60
tobacco,equalize,574,1000,0.0011119842529296,1.2935223579406738,0.0012935223579406,105567,60
tobacco,equalize,575,1000,0.0010652542114257,1.2855830192565918,0.0012855830192565,105606,60
tobacco,equalize,576,1000,0.0016131401062011,1.3067140579223633,0.0013067140579223,105273,60
tobacco,equalize,577,1000,0.0010256767272949,1.2875738143920898,0.001287573814392,105044,60
tobacco,equalize,578,1000,0.0011055469512939,1.3171966075897217,0.0013171966075897,104998,60
tobacco,equalize,579,1000,0.001572847366333,1.3531215190887451,0.0013531215190887,105211,60
tobacco,equalize,580,1000,0.0011038780212402,1.3094878196716309,0.0013094878196716,105731,60
tobacco,equalize,581,1000,0.0011506080627441,1.293283462524414,0.0012932834625244,105426,60
tobacco,equalize,582,1000,0.0012674331665039,1.2983722686767578,0.0012983722686767,104608,60
tobacco,equalize,583,1000,0.0010390281677246,1.3377211093902588,0.0013377211093902,104894,60
tobacco,equalize,584,1000,0.0011396408081054,1.373341083526611,0.0013733410835266,104849,60
tobacco,equalize,585,1000,0.0012576580047607,1.283815622329712,0.0012838156223297,104749,60
tobacco,equalize,586,1000,0.0010812282562255,1.2881784439086914,0.0012881784439086,105501,60
tobacco,equalize,587,1000,0.0011425018310546,1.375486135482788,0.0013754861354827,105190,60
tobacco,equalize,588,1000,0.0013079643249511,1.2746384143829346,0.0012746384143829,105530,60
tobacco,equalize,589,1000,0.0010225772857666,1.2949566841125488,0.0012949566841125,105668,60
tobacco,equalize,590,1000,0.0011012554168701,1.3377702236175537,0.0013377702236175,105320,60
tobacco,equalize,591,1000,0.0012726783752441,1.3265089988708496,0.0013265089988708,104958,60
tobacco,equalize,592,1000,0.0010137557983398,1.3115098476409912,0.0013115098476409,105008,60
tobacco,equalize,593,1000,0.0010957717895507,1.2984700202941897,0.0012984700202941,104922,60
tobacco,equalize,594,1000,0.0012619495391845,1.3002898693084717,0.0013002898693084,105977,60
tobacco,equalize,595,1000,0.0010838508605957,1.2995572090148926,0.0012995572090148,105689,60
tobacco,equalize,596,1000,0.0010709762573242,1.3040060997009275,0.0013040060997009,105227,60
tobacco,equalize,597,1000,0.0013175010681152,1.2977266311645508,0.0012977266311645,105522,60
tobacco,equalize,598,1000,0.001077651977539,1.30328631401062,0.0013032863140106,105413,60
tobacco,equalize,599,1000,0.001178503036499,1.3765218257904053,0.0013765218257904,105324,60
tobacco,equalize,600,1000,0.0012857913970947,1.2909622192382812,0.0012909622192382,105038,60
tobacco,equalize,601,1000,0.0011272430419921,1.2979741096496582,0.0012979741096496,105553,60
tobacco,equalize,602,1000,0.0011932849884033,1.2752180099487305,0.0012752180099487,105052,60
tobacco,equalize,603,1000,0.0013134479522705,1.3059413433074951,0.0013059413433074,105135,60
tobacco,equalize,604,1000,0.001072883605957,1.3214852809906006,0.0013214852809906,106104,60
tobacco,equalize,605,1000,0.0012016296386718,1.2922155857086182,0.0012922155857086,105299,60
tobacco,equalize,606,1000,0.0017130374908447,1.292552471160889,0.0012925524711608,105807,60
tobacco,equalize,607,1000,0.001110553741455,1.3165435791015625,0.0013165435791015,105604,60
tobacco,equalize,608,1000,0.0012102127075195,1.2990045547485352,0.0012990045547485,105609,60
tobacco,equalize,609,1000,0.001291275024414,1.2930059432983398,0.0012930059432983,105101,60
tobacco,equalize,610,1000,0.0011682510375976,1.302140712738037,0.001302140712738,105989,60
tobacco,equalize,611,1000,0.0010890960693359,1.3138775825500488,0.00131387758255,105195,60
tobacco,equalize,612,1000,0.0013103485107421,1.3019120693206787,0.0013019120693206,105478,60
tobacco,equalize,613,1000,0.0010762214660644,1.3118159770965576,0.0013118159770965,105362,60
tobacco,equalize,614,1000,0.0012216567993164,1.2969152927398682,0.0012969152927398,105481,60
tobacco,equalize,615,1000,0.0013489723205566,1.2924323081970217,0.001292432308197,104911,60
tobacco,equalize,616,1000,0.0010621547698974,1.3160908222198486,0.0013160908222198,105127,60
tobacco,equalize,617,1000,0.0010483264923095,1.3042333126068115,0.0013042333126068,105484,60
tobacco,equalize,618,1000,0.0013363361358642,1.296741008758545,0.0012967410087585,105329,60
tobacco,equalize,619,1000,0.0012362003326416,1.3087825775146484,0.0013087825775146,104742,60
tobacco,equalize,620,1000,0.0011787414550781,1.3038160800933838,0.0013038160800933,104755,60
tobacco,equalize,621,1000,0.0013134479522705,1.306086778640747,0.0013060867786407,104928,60
tobacco,equalize,622,1000,0.0014605522155761,1.3087379932403564,0.0013087379932403,105480,60
tobacco,equalize,623,1000,0.0011115074157714,1.3187205791473389,0.0013187205791473,105287,60
tobacco,equalize,624,1000,0.0013656616210937,1.3092846870422363,0.0013092846870422,105302,60
tobacco,equalize,625,1000,0.0010988712310791,1.360849142074585,0.0013608491420745,104902,60
tobacco,equalize,626,1000,0.0014870166778564,1.2777695655822754,0.0012777695655822,104649,60
tobacco,equalize,627,1000,0.0013489723205566,1.3716509342193604,0.0013716509342193,105601,60
tobacco,equalize,628,1000,0.0011825561523437,1.314216375350952,0.0013142163753509,105032,60
tobacco,equalize,629,1000,0.0011267662048339,1.2958149909973145,0.0012958149909973,105531,60
tobacco,equalize,630,1000,0.0013566017150878,1.312105655670166,0.0013121056556701,105395,60
tobacco,equalize,631,1000,0.0010926723480224,1.34303617477417,0.0013430361747741,105539,60
tobacco,equalize,632,1000,0.0011501312255859,1.3084757328033447,0.0013084757328033,105225,60
tobacco,equalize,633,1000,0.0013849735260009,1.3549859523773191,0.0013549859523773,104973,60
tobacco,equalize,634,1000,0.0011405944824218,1.3211441040039062,0.0013211441040039,105296,60
tobacco,equalize,635,1000,0.0015068054199218,1.300638198852539,0.0013006381988525,105321,60
tobacco,equalize,636,1000,0.0017435550689697,1.3118946552276611,0.0013118946552276,105419,60
tobacco,equalize,637,1000,0.0010962486267089,1.3731698989868164,0.0013731698989868,104881,60
tobacco,equalize,638,1000,0.001173973083496,1.3058273792266846,0.0013058273792266,105263,60
tobacco,equalize,639,1000,0.0013883113861083,1.362087965011597,0.0013620879650115,105276,60
tobacco,equalize,640,1000,0.00115966796875,1.3468666076660156,0.001346866607666,105166,60
tobacco,equalize,641,1000,0.0012953281402587,1.296412467956543,0.0012964124679565,105500,60
tobacco,equalize,642,1000,0.0013489723205566,1.291881084442139,0.0012918810844421,105107,60
tobacco,equalize,643,1000,0.0011579990386962,1.319819450378418,0.0013198194503784,105200,60
tobacco,equalize,644,1000,0.0011148452758789,1.312225580215454,0.0013122255802154,105775,60
tobacco,equalize,645,1000,0.0014340877532958,1.335133075714111,0.0013351330757141,105030,60
tobacco,equalize,646,1000,0.0010914802551269,1.3247690200805664,0.0013247690200805,105232,60
tobacco,equalize,647,1000,0.0011136531829833,1.29345440864563,0.0012934544086456,105048,60
tobacco,equalize,648,1000,0.0013203620910644,1.3059680461883545,0.0013059680461883,105774,60
tobacco,equalize,649,1000,0.0010697841644287,1.339407205581665,0.0013394072055816,105221,60
tobacco,equalize,650,1000,0.0011861324310302,1.3910605907440186,0.001391060590744,105087,60
tobacco,equalize,651,1000,0.0013656616210937,1.2993366718292236,0.0012993366718292,105401,60
tobacco,equalize,652,1000,0.0010542869567871,1.3452918529510498,0.001345291852951,105282,60
tobacco,equalize,653,1000,0.0011217594146728,1.2966194152832031,0.0012966194152832,105409,60
tobacco,equalize,654,1000,0.0014910697937011,1.30314040184021,0.0013031404018402,104763,60
tobacco,equalize,655,1000,0.0010786056518554,1.3349595069885254,0.0013349595069885,104928,60
tobacco,equalize,656,1000,0.0011444091796875,1.3138251304626465,0.0013138251304626,105938,60
tobacco,equalize,657,1000,0.0013799667358398,1.3190181255340576,0.001319018125534,105597,60
tobacco,equalize,658,1000,0.0011243820190429,1.3704864978790283,0.001370486497879,105060,60
tobacco,equalize,659,1000,0.001230239868164,1.3162009716033936,0.0013162009716033,105380,60
tobacco,equalize,660,1000,0.0013747215270996,1.311183214187622,0.0013111832141876,106163,60
tobacco,equalize,661,1000,0.0014829635620117,1.3508868217468262,0.0013508868217468,105241,60
tobacco,equalize,662,1000,0.0011498928070068,1.3193175792694092,0.0013193175792694,105246,60
tobacco,equalize,663,1000,0.0013659000396728,1.3199515342712402,0.0013199515342712,104990,60
tobacco,equalize,664,1000,0.0015485286712646,1.3291778564453125,0.0013291778564453,105317,60
tobacco,equalize,665,1000,0.0010790824890136,1.30865216255188,0.0013086521625518,105174,60
tobacco,equalize,666,1000,0.0015428066253662,1.3210294246673584,0.0013210294246673,105991,60
tobacco,equalize,667,1000,0.0011103153228759,1.326683521270752,0.0013266835212707,106074,60
tobacco,equalize,668,1000,0.001122236251831,1.294469118118286,0.0012944691181182,104424,60
tobacco,equalize,669,1000,0.0013411045074462,1.3463101387023926,0.0013463101387023,105109,60
tobacco,equalize,670,1000,0.001474380493164,1.3327429294586182,0.0013327429294586,104949,60
tobacco,equalize,671,1000,0.0011653900146484,1.3252277374267578,0.0013252277374267,105182,60
tobacco,equalize,672,1000,0.0018727779388427,1.3128671646118164,0.0013128671646118,105605,60
tobacco,equalize,673,1000,0.0010731220245361,1.3270070552825928,0.0013270070552825,105360,60
tobacco,equalize,674,1000,0.0012142658233642,1.3281221389770508,0.001328122138977,105318,60
tobacco,equalize,675,1000,0.0018141269683837,1.323577642440796,0.0013235776424407,105097,60
tobacco,equalize,676,1000,0.0011985301971435,1.336416721343994,0.0013364167213439,105177,60
tobacco,equalize,677,1000,0.00120210647583,1.3531134128570557,0.001353113412857,105071,60
tobacco,equalize,678,1000,0.0014944076538085,1.3000710010528564,0.0013000710010528,105488,60
tobacco,equalize,679,1000,0.0015246868133544,1.334810495376587,0.0013348104953765,105399,60
tobacco,equalize,680,1000,0.0012204647064208,1.3036150932312012,0.0013036150932312,105482,60
tobacco,equalize,681,1000,0.0015575885772705,1.394425630569458,0.0013944256305694,105342,60
tobacco,equalize,682,1000,0.0011444091796875,1.3423752784729004,0.0013423752784729,104823,60
tobacco,equalize,683,1000,0.0011374950408935,1.317918300628662,0.0013179183006286,105504,60
tobacco,equalize,684,1000,0.0013856887817382,1.7729411125183103,0.0017729411125183,105511,60
tobacco,equalize,685,1000,0.0010719299316406,1.5012431144714355,0.0015012431144714,105220,60
tobacco,equalize,686,1000,0.0010817050933837,2.129188776016236,0.0021291887760162,106044,60
tobacco,equalize,687,1000,0.0015234947204589,2.121415138244629,0.0021214151382446,105358,60
tobacco,equalize,688,1000,0.0010774135589599,1.9912610054016116,0.0019912610054016,105135,60
tobacco,equalize,689,1000,0.0011794567108154,2.066808223724365,0.0020668082237243,105179,60
tobacco,equalize,690,1000,0.0013849735260009,2.080115795135498,0.0020801157951354,105056,60
tobacco,equalize,691,1000,0.0010521411895751,2.201889753341675,0.0022018897533416,105512,60
tobacco,equalize,692,1000,0.000922679901123,1.332007884979248,0.0013320078849792,105414,60
tobacco,equalize,693,1000,0.001194953918457,1.302320957183838,0.0013023209571838,105026,60
tobacco,equalize,694,1000,0.0013248920440673,1.3018741607666016,0.0013018741607666,105575,60
tobacco,equalize,695,1000,0.0010852813720703,1.3160853385925293,0.0013160853385925,105401,60
tobacco,equalize,696,1000,0.0013177394866943,1.5416028499603271,0.0015416028499603,104939,60
tobacco,equalize,697,1000,0.0012247562408447,1.3172667026519775,0.0013172667026519,105132,60
tobacco,equalize,698,1000,0.0014679431915283,1.320483684539795,0.0013204836845397,106013,60
tobacco,equalize,699,1000,0.0012924671173095,1.4081506729125977,0.0014081506729125,105134,60
tobacco,equalize,700,1000,0.0011584758758544,1.325432062149048,0.001325432062149,105091,60
tobacco,equalize,701,1000,0.0012633800506591,1.5763356685638428,0.0015763356685638,104981,60
tobacco,equalize,702,1000,0.0014629364013671,1.687629222869873,0.0016876292228698,105382,60
tobacco,equalize,703,1000,0.0013363361358642,1.4231188297271729,0.0014231188297271,105827,60
tobacco,equalize,704,1000,0.0011241436004638,1.3300938606262207,0.0013300938606262,105348,60
tobacco,equalize,705,1000,0.0012691020965576,1.329013109207153,0.0013290131092071,104609,60
tobacco,equalize,706,1000,0.0011212825775146,1.315178155899048,0.001315178155899,105081,60
tobacco,equalize,707,1000,0.0010864734649658,1.322317600250244,0.0013223176002502,105371,60
tobacco,equalize,708,1000,0.0012741088867187,1.3021786212921145,0.0013021786212921,105088,60
tobacco,equalize,709,1000,0.0011494159698486,1.3701858520507812,0.0013701858520507,105286,60
tobacco,equalize,710,1000,0.0011324882507324,1.3107454776763916,0.0013107454776763,105086,60
tobacco,equalize,711,1000,0.0012726783752441,1.3371179103851318,0.0013371179103851,105677,60
tobacco,equalize,712,1000,0.001237154006958,1.3326706886291504,0.0013326706886291,105156,60
tobacco,equalize,713,1000,0.0010714530944824,1.321866750717163,0.0013218667507171,105057,60
tobacco,equalize,714,1000,0.0012702941894531,1.3156688213348389,0.0013156688213348,105192,60
tobacco,equalize,715,1000,0.0011918544769287,1.3227639198303225,0.0013227639198303,106070,60
tobacco,equalize,716,1000,0.0012881755828857,1.328718900680542,0.0013287189006805,105329,60
tobacco,equalize,717,1000,0.0012297630310058,1.315713882446289,0.0013157138824462,105433,60
tobacco,equalize,718,1000,0.0011680126190185,1.3023309707641602,0.0013023309707641,105475,60
tobacco,equalize,719,1000,0.0010523796081542,1.3591179847717283,0.0013591179847717,105771,60
tobacco,equalize,720,1000,0.0013062953948974,1.3127026557922363,0.0013127026557922,105593,60
tobacco,equalize,721,1000,0.0015022754669189,1.344036340713501,0.0013440363407135,105373,60
tobacco,equalize,722,1000,0.0015318393707275,1.3052573204040527,0.001305257320404,105473,60
tobacco,equalize,723,1000,0.001216173171997,1.295254468917847,0.0012952544689178,105078,60
tobacco,equalize,724,1000,0.0010492801666259,1.3017220497131348,0.0013017220497131,104923,60
tobacco,equalize,725,1000,0.00118088722229,1.3367621898651123,0.0013367621898651,105681,60
tobacco,equalize,726,1000,0.0012743473052978,1.3316102027893066,0.0013316102027893,104931,60
tobacco,equalize,727,1000,0.0010650157928466,1.3249590396881104,0.0013249590396881,105334,60
tobacco,equalize,728,1000,0.0010876655578613,1.289517164230347,0.0012895171642303,105580,60
tobacco,equalize,729,1000,0.0012011528015136,1.2963314056396484,0.0012963314056396,104925,60
tobacco,equalize,730,1000,0.0011055469512939,1.3299281597137451,0.0013299281597137,105306,60
tobacco,equalize,731,1000,0.0010223388671875,1.315387725830078,0.00131538772583,105591,60
tobacco,equalize,732,1000,0.0013105869293212,1.3281528949737549,0.0013281528949737,105419,60
tobacco,equalize,733,1000,0.0010631084442138,1.3162827491760254,0.001316282749176,105232,60
tobacco,equalize,734,1000,0.0011074542999267,1.3133213520050049,0.001313321352005,104984,60
tobacco,equalize,735,1000,0.0011942386627197,1.3174564838409424,0.0013174564838409,105619,60
tobacco,equalize,736,1000,0.0011799335479736,1.3875069618225098,0.0013875069618225,104889,60
tobacco,equalize,737,1000,0.001253604888916,1.395246982574463,0.0013952469825744,105316,60
tobacco,equalize,738,1000,0.0016663074493408,1.3040382862091064,0.0013040382862091,105103,60
tobacco,equalize,739,1000,0.0010883808135986,1.3329505920410156,0.001332950592041,105403,60
tobacco,equalize,740,1000,0.0011303424835205,1.3274729251861572,0.0013274729251861,104714,60
tobacco,equalize,741,1000,0.0013847351074218,1.3853397369384766,0.0013853397369384,104988,60
tobacco,equalize,742,1000,0.0014801025390625,1.3540191650390625,0.001354019165039,105662,60
tobacco,equalize,743,1000,0.0011131763458251,1.291755199432373,0.0012917551994323,105024,60
tobacco,equalize,744,1000,0.0013167858123779,1.300719976425171,0.0013007199764251,105327,60
tobacco,equalize,745,1000,0.0011000633239746,1.3088934421539309,0.0013088934421539,105082,60
tobacco,equalize,746,1000,0.0014214515686035,1.3705785274505615,0.0013705785274505,105357,60
tobacco,equalize,747,1000,0.0013067722320556,1.3037540912628174,0.0013037540912628,104949,60
tobacco,equalize,748,1000,0.0013856887817382,1.3269035816192627,0.0013269035816192,105184,60
tobacco,equalize,749,1000,0.0012211799621582,1.360821008682251,0.0013608210086822,105013,60
tobacco,equalize,750,1000,0.0012657642364501,1.3256597518920898,0.001325659751892,105257,60
tobacco,equalize,751,1000,0.0011157989501953,1.372603178024292,0.0013726031780242,105078,60
tobacco,equalize,752,1000,0.0010485649108886,1.284815549850464,0.0012848155498504,105215,60
tobacco,equalize,753,1000,0.0013864040374755,1.400879144668579,0.0014008791446685,105052,60
tobacco,equalize,754,1000,0.0011119842529296,1.3158562183380127,0.001315856218338,105234,60
tobacco,equalize,755,1000,0.0012004375457763,1.3339362144470217,0.001333936214447,105454,60
tobacco,equalize,756,1000,0.0013957023620605,1.3064556121826172,0.0013064556121826,105091,60
tobacco,equalize,757,1000,0.0010788440704345,1.3237652778625488,0.0013237652778625,105310,60
tobacco,equalize,758,1000,0.0011096000671386,1.295057773590088,0.00129505777359,105378,60
tobacco,equalize,759,1000,0.0014142990112304,1.3138937950134275,0.0013138937950134,105410,60
tobacco,equalize,760,1000,0.0011782646179199,1.326751470565796,0.0013267514705657,104810,60
tobacco,equalize,761,1000,0.0012385845184326,1.2967448234558103,0.0012967448234558,105324,60
tobacco,equalize,762,1000,0.0017035007476806,1.3234484195709229,0.0013234484195709,105593,60
tobacco,equalize,763,1000,0.001199722290039,1.3087141513824463,0.0013087141513824,104685,60
tobacco,equalize,764,1000,0.0012359619140625,1.3813755512237549,0.0013813755512237,105835,60
tobacco,equalize,765,1000,0.001392126083374,1.3209881782531738,0.0013209881782531,105860,60
tobacco,equalize,766,1000,0.0010628700256347,1.3460700511932373,0.0013460700511932,104635,60
tobacco,equalize,767,1000,0.0012435913085937,1.302227020263672,0.0013022270202636,105165,60
tobacco,equalize,768,1000,0.0013222694396972,1.3507540225982666,0.0013507540225982,105412,60
tobacco,equalize,769,1000,0.0010716915130615,1.3395044803619385,0.0013395044803619,105156,60
tobacco,equalize,770,1000,0.0016038417816162,1.2923107147216797,0.0012923107147216,104894,60
tobacco,equalize,771,1000,0.0013155937194824,1.3141539096832275,0.0013141539096832,104891,60
tobacco,equalize,772,1000,0.0010557174682617,1.3070642948150637,0.001307064294815,106066,60
tobacco,equalize,773,1000,0.0011122226715087,1.295820236206055,0.001295820236206,105159,60
tobacco,equalize,774,1000,0.0013065338134765,1.306955337524414,0.0013069553375244,105564,60
tobacco,equalize,775,1000,0.0010507106781005,1.3113765716552734,0.0013113765716552,105024,60
tobacco,equalize,776,1000,0.0015738010406494,1.3046832084655762,0.0013046832084655,105206,60
tobacco,equalize,777,1000,0.0018651485443115,1.3475728034973145,0.0013475728034973,105176,60
tobacco,equalize,778,1000,0.0014922618865966,1.328482151031494,0.0013284821510314,105122,60
tobacco,equalize,779,1000,0.0010921955108642,1.3229832649230957,0.001322983264923,105521,60
tobacco,equalize,780,1000,0.0017890930175781,1.3709282875061035,0.0013709282875061,105438,60
tobacco,equalize,781,1000,0.0010774135589599,1.3569018840789795,0.0013569018840789,105534,60
tobacco,equalize,782,1000,0.0011181831359863,1.361633539199829,0.0013616335391998,105564,60
tobacco,equalize,783,1000,0.0018250942230224,1.3680379390716553,0.0013680379390716,105527,60
tobacco,equalize,784,1000,0.0011928081512451,1.3769681453704834,0.0013769681453704,105187,60
tobacco,equalize,785,1000,0.0011582374572753,1.3848035335540771,0.001384803533554,105082,60
tobacco,equalize,786,1000,0.0015583038330078,1.376380443572998,0.0013763804435729,105766,60
tobacco,equalize,787,1000,0.0011384487152099,1.369049310684204,0.0013690493106842,105245,60
tobacco,equalize,788,1000,0.0011453628540039,1.3524229526519775,0.0013524229526519,105452,60
tobacco,equalize,789,1000,0.0013813972473144,1.3274881839752195,0.0013274881839752,105039,60
tobacco,equalize,790,1000,0.0010685920715332,1.365175724029541,0.0013651757240295,105651,60
tobacco,equalize,791,1000,0.0011653900146484,1.3642010688781738,0.0013642010688781,105282,60
tobacco,equalize,792,1000,0.0014014244079589,1.3193142414093018,0.0013193142414093,105358,60
tobacco,equalize,793,1000,0.0011775493621826,1.3657479286193848,0.0013657479286193,104980,60
tobacco,equalize,794,1000,0.0015771389007568,1.43133282661438,0.0014313328266143,105146,60
tobacco,equalize,795,1000,0.0014095306396484,1.3705544471740725,0.001370554447174,105869,60
tobacco,equalize,796,1000,0.0012516975402832,1.3902058601379397,0.0013902058601379,105196,60
tobacco,equalize,797,1000,0.0013298988342285,1.4103350639343262,0.0014103350639343,105347,60
tobacco,equalize,798,1000,0.0016243457794189,1.3856041431427002,0.0013856041431427,104896,60
tobacco,equalize,799,1000,0.0011515617370605,1.372061014175415,0.0013720610141754,105148,60
tobacco,equalize,800,1000,0.0011558532714843,1.4055325984954834,0.0014055325984954,105018,60
tobacco,equalize,801,1000,0.0016002655029296,1.3576428890228271,0.0013576428890228,105476,60
tobacco,equalize,802,1000,0.0012149810791015,1.3779528141021729,0.0013779528141021,104823,60
tobacco,equalize,803,1000,0.0011212825775146,1.3631162643432615,0.0013631162643432,105520,60
tobacco,equalize,804,1000,0.0015389919281005,1.4149115085601809,0.0014149115085601,105606,60
tobacco,equalize,805,1000,0.0011394023895263,1.378164529800415,0.0013781645298004,105138,60
tobacco,equalize,806,1000,0.0013182163238525,1.3611650466918943,0.0013611650466918,105286,60
tobacco,equalize,807,1000,0.0014231204986572,1.364682912826538,0.0013646829128265,105910,60
tobacco,equalize,808,1000,0.0012903213500976,1.363719463348389,0.0013637194633483,105421,60
tobacco,equalize,809,1000,0.0011703968048095,1.332397222518921,0.0013323972225189,105163,60
tobacco,equalize,810,1000,0.0014684200286865,1.306370973587036,0.001306370973587,105278,60
tobacco,equalize,811,1000,0.0013165473937988,1.3985099792480469,0.001398509979248,105340,60
tobacco,equalize,812,1000,0.0010948181152343,1.3263511657714844,0.0013263511657714,105773,60
tobacco,equalize,813,1000,0.0015532970428466,1.4090230464935305,0.0014090230464935,105341,60
tobacco,equalize,814,1000,0.0011487007141113,1.3349902629852295,0.0013349902629852,105965,60
tobacco,equalize,815,1000,0.0011310577392578,1.33919095993042,0.0013391909599304,105052,60
tobacco,equalize,816,1000,0.0014574527740478,1.3859021663665771,0.0013859021663665,105049,60
tobacco,equalize,817,1000,0.0010993480682373,1.408545970916748,0.0014085459709167,105040,60
tobacco,equalize,818,1000,0.0011329650878906,1.350769281387329,0.0013507692813873,105664,60
tobacco,equalize,819,1000,0.0014688968658447,1.3644404411315918,0.0013644404411315,104962,60
tobacco,equalize,820,1000,0.0011334419250488,1.3347179889678955,0.0013347179889678,105659,60
tobacco,equalize,821,1000,0.0010664463043212,1.3517088890075684,0.0013517088890075,104777,60
tobacco,equalize,822,1000,0.0018212795257568,1.3127007484436035,0.0013127007484436,106083,60
tobacco,equalize,823,1000,0.0011003017425537,1.366053342819214,0.0013660533428192,105183,60
tobacco,equalize,824,1000,0.0011184215545654,1.336702585220337,0.0013367025852203,105580,60
tobacco,equalize,825,1000,0.0013742446899414,1.3158540725708008,0.0013158540725708,105399,60
tobacco,equalize,826,1000,0.0010683536529541,1.3193397521972656,0.0013193397521972,105592,60
tobacco,equalize,827,1000,0.0015571117401123,1.303288221359253,0.0013032882213592,105529,60
tobacco,equalize,828,1000,0.0016899108886718,1.8638808727264404,0.0018638808727264,104906,60
tobacco,equalize,829,1000,0.0015022754669189,1.5669825077056885,0.0015669825077056,105082,60
tobacco,equalize,830,1000,0.0011205673217773,2.1465163230896,0.0021465163230895,105165,60
tobacco,equalize,831,1000,0.0014758110046386,2.118696451187134,0.0021186964511871,104741,60
tobacco,equalize,832,1000,0.0010867118835449,2.0268800258636475,0.0020268800258636,105097,60
tobacco,equalize,833,1000,0.0010569095611572,2.1327672004699707,0.0021327672004699,105589,60
tobacco,equalize,834,1000,0.0017552375793457,2.1025662422180176,0.002102566242218,105230,60
tobacco,equalize,835,1000,0.0013995170593261,2.2638847827911377,0.0022638847827911,105464,60
tobacco,equalize,836,1000,0.0010757446289062,1.386293649673462,0.0013862936496734,104752,60
tobacco,equalize,837,1000,0.0012154579162597,1.3474879264831543,0.0013474879264831,105062,60
tobacco,equalize,838,1000,0.0014035701751708,1.412245273590088,0.00141224527359,105569,60
tobacco,equalize,839,1000,0.0011310577392578,1.3902702331542969,0.0013902702331542,105269,60
tobacco,equalize,840,1000,0.0011689662933349,1.3322734832763672,0.0013322734832763,104756,60
tobacco,equalize,841,1000,0.0011947154998779,1.376530408859253,0.0013765304088592,105606,60
tobacco,equalize,842,1000,0.0011177062988281,1.34891939163208,0.001348919391632,105774,60
tobacco,equalize,843,1000,0.0013148784637451,1.3502159118652344,0.0013502159118652,105569,60
tobacco,equalize,844,1000,0.0015900135040283,1.3833861351013184,0.0013833861351013,105453,60
tobacco,equalize,845,1000,0.0016264915466308,1.386397361755371,0.0013863973617553,105249,60
tobacco,equalize,846,1000,0.0013051033020019,1.3699302673339844,0.0013699302673339,105379,60
tobacco,equalize,847,1000,0.0011355876922607,1.371199369430542,0.0013711993694305,105630,60
tobacco,equalize,848,1000,0.001279592514038,1.3473434448242188,0.0013473434448242,105409,60
tobacco,equalize,849,1000,0.0013911724090576,1.3264787197113037,0.0013264787197113,106145,60
tobacco,equalize,850,1000,0.0011205673217773,1.3072099685668943,0.0013072099685668,105426,60
tobacco,equalize,851,1000,0.0012660026550292,1.3316242694854736,0.0013316242694854,105443,60
tobacco,equalize,852,1000,0.0012519359588623,1.331061601638794,0.0013310616016387,105257,60
tobacco,equalize,853,1000,0.0012445449829101,1.3626091480255127,0.0013626091480255,105079,60
tobacco,equalize,854,1000,0.0012712478637695,1.3999576568603516,0.0013999576568603,105568,60
tobacco,equalize,855,1000,0.0017225742340087,1.3678641319274902,0.0013678641319274,105118,60
tobacco,equalize,856,1000,0.0011682510375976,1.3354690074920654,0.001335469007492,104972,60
tobacco,equalize,857,1000,0.0011982917785644,1.364025354385376,0.0013640253543853,105303,60
tobacco,equalize,858,1000,0.0013039112091064,1.3228013515472412,0.0013228013515472,104700,60
tobacco,equalize,859,1000,0.0012028217315673,1.36806321144104,0.001368063211441,105522,60
tobacco,equalize,860,1000,0.0011546611785888,1.338677167892456,0.0013386771678924,105526,60
tobacco,equalize,861,1000,0.0012977123260498,1.3602149486541748,0.0013602149486541,104985,60
tobacco,equalize,862,1000,0.0012049674987792,1.325727939605713,0.0013257279396057,105169,60
tobacco,equalize,863,1000,0.0011649131774902,1.3794796466827393,0.0013794796466827,104996,60
tobacco,equalize,864,1000,0.0015616416931152,1.3482635021209717,0.0013482635021209,105716,60
tobacco,equalize,865,1000,0.0012214183807373,1.367764234542847,0.0013677642345428,105515,60
tobacco,equalize,866,1000,0.0016820430755615,1.4144794940948486,0.0014144794940948,105339,60
tobacco,equalize,867,1000,0.0013012886047363,1.3394110202789309,0.0013394110202789,105766,60
tobacco,equalize,868,1000,0.0011909008026123,1.337348699569702,0.0013373486995697,105505,60
tobacco,equalize,869,1000,0.0014798641204833,1.300917387008667,0.0013009173870086,105038,60
tobacco,equalize,870,1000,0.0012533664703369,1.36059832572937,0.0013605983257293,104889,60
tobacco,equalize,871,1000,0.0014760494232177,1.3463530540466309,0.0013463530540466,105672,60
tobacco,equalize,872,1000,0.0012109279632568,1.3388056755065918,0.0013388056755065,105189,60
tobacco,equalize,873,1000,0.0013327598571777,1.3471038341522217,0.0013471038341522,105258,60
tobacco,equalize,874,1000,0.0011096000671386,1.396287202835083,0.001396287202835,105262,60
tobacco,equalize,875,1000,0.0011186599731445,1.3143634796142578,0.0013143634796142,105303,60
tobacco,equalize,876,1000,0.0013520717620849,1.3425781726837158,0.0013425781726837,105607,60
tobacco,equalize,877,1000,0.0012128353118896,1.3054397106170654,0.001305439710617,106012,60
tobacco,equalize,878,1000,0.0012710094451904,1.337052345275879,0.0013370523452758,105478,60
tobacco,equalize,879,1000,0.0013813972473144,1.2975287437438965,0.0012975287437438,105022,60
tobacco,equalize,880,1000,0.001096487045288,1.3580505847930908,0.001358050584793,105257,60
tobacco,equalize,881,1000,0.0013165473937988,1.3757820129394531,0.0013757820129394,104901,60
tobacco,equalize,882,1000,0.0013799667358398,1.3280153274536133,0.0013280153274536,105066,60
tobacco,equalize,883,1000,0.0010879039764404,1.371767282485962,0.0013717672824859,104995,60
tobacco,equalize,884,1000,0.0011069774627685,1.3150055408477783,0.0013150055408477,105287,60
tobacco,equalize,885,1000,0.0013027191162109,1.3790929317474363,0.0013790929317474,104925,60
tobacco,equalize,886,1000,0.001136302947998,1.3999733924865725,0.0013999733924865,105375,60
tobacco,equalize,887,1000,0.0012104511260986,1.4020795822143557,0.0014020795822143,105597,60
tobacco,equalize,888,1000,0.0013611316680908,1.3086848258972168,0.0013086848258972,105503,60
tobacco,equalize,889,1000,0.0011179447174072,1.3222424983978271,0.0013222424983978,105352,60
tobacco,equalize,890,1000,0.0014505386352539,1.3038897514343262,0.0013038897514343,104992,60
tobacco,equalize,891,1000,0.0017166137695312,1.3733367919921875,0.0013733367919921,106246,60
tobacco,equalize,892,1000,0.0011572837829589,1.36749529838562,0.0013674952983856,105497,60
tobacco,equalize,893,1000,0.0011227130889892,1.3661186695098877,0.0013661186695098,105366,60
tobacco,equalize,894,1000,0.0013360977172851,1.3214268684387207,0.0013214268684387,105329,60
tobacco,equalize,895,1000,0.0011014938354492,1.3249046802520752,0.001324904680252,105015,60
tobacco,equalize,896,1000,0.001124620437622,1.3550972938537598,0.0013550972938537,105361,60
tobacco,equalize,897,1000,0.0014350414276123,1.3621561527252195,0.0013621561527252,105809,60
tobacco,equalize,898,1000,0.0012025833129882,1.3454039096832275,0.0013454039096832,105343,60
tobacco,equalize,899,1000,0.0011358261108398,1.3984582424163818,0.0013984582424163,104551,60
tobacco,equalize,900,1000,0.0012917518615722,1.3601820468902588,0.0013601820468902,104930,60
tobacco,equalize,901,1000,0.0016109943389892,1.3861465454101562,0.0013861465454101,106153,60
tobacco,equalize,902,1000,0.0011787414550781,1.3707802295684814,0.0013707802295684,105503,60
tobacco,equalize,903,1000,0.0013954639434814,1.3458552360534668,0.0013458552360534,105771,60
tobacco,equalize,904,1000,0.0011055469512939,1.3179118633270264,0.001317911863327,105481,60
tobacco,equalize,905,1000,0.0011217594146728,1.3275060653686523,0.0013275060653686,104618,60
tobacco,equalize,906,1000,0.00130295753479,1.352708339691162,0.0013527083396911,105038,60
tobacco,equalize,907,1000,0.0010890960693359,1.354055404663086,0.001354055404663,106082,60
tobacco,equalize,908,1000,0.0011630058288574,1.338536500930786,0.0013385365009307,105022,60
tobacco,equalize,909,1000,0.0014786720275878,1.3165662288665771,0.0013165662288665,105120,60
tobacco,equalize,910,1000,0.0011699199676513,1.350801944732666,0.0013508019447326,105207,60
tobacco,equalize,911,1000,0.0012218952178955,1.3734924793243408,0.0013734924793243,104698,60
tobacco,equalize,912,1000,0.0012710094451904,1.3302106857299805,0.0013302106857299,105261,60
tobacco,equalize,913,1000,0.0011007785797119,1.3841156959533691,0.0013841156959533,105440,60
tobacco,equalize,914,1000,0.0011155605316162,1.3293442726135254,0.0013293442726135,105140,60
tobacco,equalize,915,1000,0.0014142990112304,1.3346619606018066,0.0013346619606018,104779,60
tobacco,equalize,916,1000,0.0011584758758544,1.3328399658203125,0.0013328399658203,106088,60
tobacco,equalize,917,1000,0.001523733139038,1.3213095664978027,0.0013213095664978,105984,60
tobacco,equalize,918,1000,0.0013747215270996,1.3262252807617188,0.0013262252807617,105539,60
tobacco,equalize,919,1000,0.0011820793151855,1.321455478668213,0.0013214554786682,105008,60
tobacco,equalize,920,1000,0.0011560916900634,1.3252439498901367,0.0013252439498901,105373,60
tobacco,equalize,921,1000,0.0014328956604003,1.3258261680603027,0.0013258261680603,105460,60
tobacco,equalize,922,1000,0.0010602474212646,1.308945894241333,0.0013089458942413,104799,60
tobacco,equalize,923,1000,0.0011136531829833,1.3248677253723145,0.0013248677253723,105174,60
tobacco,equalize,924,1000,0.0014982223510742,1.3331232070922852,0.0013331232070922,105647,60
tobacco,equalize,925,1000,0.0012140274047851,1.339397430419922,0.0013393974304199,104959,60
tobacco,equalize,926,1000,0.0010771751403808,1.3259923458099363,0.0013259923458099,105409,60
tobacco,equalize,927,1000,0.0013718605041503,1.3341214656829834,0.0013341214656829,105613,60
tobacco,equalize,928,1000,0.0010676383972167,1.3353426456451416,0.0013353426456451,105411,60
tobacco,equalize,929,1000,0.0010988712310791,1.3455936908721924,0.0013455936908721,106048,60
tobacco,equalize,930,1000,0.0014674663543701,1.321192741394043,0.001321192741394,105141,60
tobacco,equalize,931,1000,0.0010974407196044,1.3492307662963867,0.0013492307662963,104820,60
tobacco,equalize,932,1000,0.0011014938354492,1.300377607345581,0.0013003776073455,105802,60
tobacco,equalize,933,1000,0.0014169216156005,1.3238327503204346,0.0013238327503204,104683,60
tobacco,equalize,934,1000,0.0011472702026367,1.327112913131714,0.0013271129131317,105134,60
tobacco,equalize,935,1000,0.0011212825775146,1.288989543914795,0.0012889895439147,105241,60
tobacco,equalize,936,1000,0.001713752746582,1.2994790077209473,0.0012994790077209,105030,60
tobacco,equalize,937,1000,0.0010433197021484,1.3342885971069336,0.0013342885971069,105473,60
tobacco,equalize,938,1000,0.0011074542999267,1.3111798763275146,0.0013111798763275,105596,60
tobacco,equalize,939,1000,0.0018534660339355,1.3145356178283691,0.0013145356178283,105117,60
tobacco,equalize,940,1000,0.0010759830474853,1.3138272762298584,0.0013138272762298,105535,60
tobacco,equalize,941,1000,0.0011041164398193,1.3075554370880127,0.001307555437088,105540,60
tobacco,equalize,942,1000,0.0014362335205078,1.3158934116363523,0.0013158934116363,105367,60
tobacco,equalize,943,1000,0.0010740756988525,1.338271141052246,0.0013382711410522,104727,60
tobacco,equalize,944,1000,0.0011310577392578,1.3176600933074951,0.0013176600933074,104782,60
tobacco,equalize,945,1000,0.0014889240264892,1.341686725616455,0.0013416867256164,105195,60
tobacco,equalize,946,1000,0.0012328624725341,1.3636176586151123,0.0013636176586151,105039,60
tobacco,equalize,947,1000,0.0013437271118164,1.3494510650634766,0.0013494510650634,105449,60
tobacco,equalize,948,1000,0.0015287399291992,1.329967737197876,0.0013299677371978,105583,60
tobacco,equalize,949,1000,0.0011115074157714,1.4326841831207275,0.0014326841831207,105223,60
tobacco,equalize,950,1000,0.0012304782867431,1.2925071716308594,0.0012925071716308,104976,60
tobacco,equalize,951,1000,0.0013995170593261,1.326622724533081,0.001326622724533,105444,60
tobacco,equalize,952,1000,0.0010747909545898,1.3622984886169434,0.0013622984886169,105121,60
tobacco,equalize,953,1000,0.0011501312255859,1.3140616416931152,0.0013140616416931,105059,60
tobacco,equalize,954,1000,0.0016229152679443,1.3162295818328855,0.0013162295818328,105420,60
tobacco,equalize,955,1000,0.0011904239654541,1.3386623859405518,0.0013386623859405,105467,60
tobacco,equalize,956,1000,0.0011756420135498,1.2948133945465088,0.0012948133945465,104869,60
tobacco,equalize,957,1000,0.0013744831085205,1.3234906196594238,0.0013234906196594,105364,60
tobacco,equalize,958,1000,0.0010664463043212,1.3373653888702393,0.0013373653888702,104879,60
tobacco,equalize,959,1000,0.0015130043029785,1.2878236770629885,0.0012878236770629,105289,60
tobacco,equalize,960,1000,0.001392126083374,1.3149182796478271,0.0013149182796478,105222,60
tobacco,equalize,961,1000,0.0012156963348388,1.3234822750091553,0.0013234822750091,104902,60
tobacco,equalize,962,1000,0.001122236251831,1.3319942951202393,0.0013319942951202,105689,60
tobacco,equalize,963,1000,0.0014779567718505,1.3253402709960938,0.001325340270996,105148,60
tobacco,equalize,964,1000,0.0010566711425781,1.3422932624816897,0.0013422932624816,105332,60
tobacco,equalize,965,1000,0.001105785369873,1.3160357475280762,0.001316035747528,105625,60
tobacco,equalize,966,1000,0.0015225410461425,1.3333663940429688,0.0013333663940429,105034,60
tobacco,equalize,967,1000,0.0010926723480224,1.356215238571167,0.0013562152385711,105063,60
tobacco,equalize,968,1000,0.0011293888092041,1.3451833724975586,0.0013451833724975,105819,60
tobacco,equalize,969,1000,0.0019366741180419,1.3523635864257812,0.0013523635864257,105683,60
tobacco,equalize,970,1000,0.0012450218200683,1.3370637893676758,0.0013370637893676,106168,60
tobacco,equalize,971,1000,0.0010993480682373,1.3063831329345703,0.0013063831329345,104928,60
tobacco,equalize,972,1000,0.0014381408691406,1.7883799076080322,0.001788379907608,105412,60
tobacco,equalize,973,1000,0.0010392665863037,1.5370852947235107,0.0015370852947235,105389,60
tobacco,equalize,974,1000,0.0010981559753417,2.0977096557617188,0.0020977096557617,105897,60
tobacco,equalize,975,1000,0.0015079975128173,2.1390867233276367,0.0021390867233276,105877,60
tobacco,equalize,976,1000,0.0011234283447265,2.1094963550567627,0.0021094963550567,104916,60
tobacco,equalize,977,1000,0.0011336803436279,2.153332233428955,0.0021533322334289,105027,60
tobacco,equalize,978,1000,0.0017845630645751,2.0950984954833984,0.0020950984954833,105124,60
tobacco,equalize,979,1000,0.0012257099151611,2.2649149894714355,0.0022649149894714,105366,60
tobacco,equalize,980,1000,0.0009315013885498,1.3191373348236084,0.0013191373348236,105591,60
tobacco,equalize,981,1000,0.001340627670288,1.3253872394561768,0.0013253872394561,105530,60
tobacco,equalize,982,1000,0.0013289451599121,1.371204853057861,0.0013712048530578,105135,60
tobacco,equalize,983,1000,0.0012400150299072,1.3189904689788818,0.0013189904689788,105664,60
tobacco,equalize,984,1000,0.0014655590057373,1.370030403137207,0.0013700304031372,105605,60
tobacco,equalize,985,1000,0.0012946128845214,1.383791446685791,0.0013837914466857,105302,60
tobacco,equalize,986,1000,0.0012915134429931,1.3535706996917725,0.0013535706996917,105211,60
tobacco,equalize,987,1000,0.0013463497161865,1.3413727283477783,0.0013413727283477,105367,60
tobacco,equalize,988,1000,0.0011320114135742,1.3340599536895752,0.0013340599536895,105343,60
tobacco,equalize,989,1000,0.0016124248504638,1.3683860301971436,0.0013683860301971,105527,60
tobacco,equalize,990,1000,0.0012986660003662,1.3540356159210205,0.001354035615921,106298,60
tobacco,equalize,991,1000,0.0012941360473632,1.3474061489105225,0.0013474061489105,105604,60
tobacco,equalize,992,1000,0.0012285709381103,1.3192591667175293,0.0013192591667175,105133,60
tobacco,equalize,993,1000,0.0012793540954589,1.3370137214660645,0.001337013721466,104920,60
tobacco,equalize,994,1000,0.0012023448944091,1.3424320220947266,0.0013424320220947,105204,60
tobacco,equalize,995,1000,0.001232624053955,1.306706190109253,0.0013067061901092,105300,60
tobacco,equalize,996,1000,0.0012891292572021,1.3440217971801758,0.0013440217971801,105106,60
tobacco,equalize,997,1000,0.0011677742004394,1.3331866264343262,0.0013331866264343,105259,60
tobacco,equalize,998,1000,0.0011506080627441,1.3114230632781982,0.0013114230632781,104934,60
tobacco,equalize,999,1000,0.0016341209411621,1.336491346359253,0.0013364913463592,104782,60
ego,equalize,0,1000,0.0034534931182861,1.41338849067688,0.0014133884906768,102923,60
ego,equalize,1,1000,0.0024950504302978,1.4421463012695312,0.0014421463012695,103173,60
ego,equalize,2,1000,0.0023841857910156,1.382584571838379,0.0013825845718383,103118,60
ego,equalize,3,1000,0.0048065185546875,1.3997306823730469,0.001399730682373,103156,60
ego,equalize,4,1000,0.0021846294403076,1.3767602443695068,0.0013767602443695,103060,60
ego,equalize,5,1000,0.0024390220642089,1.4170851707458496,0.0014170851707458,102909,60
ego,equalize,6,1000,0.0048329830169677,1.3811841011047363,0.0013811841011047,103070,60
ego,equalize,7,1000,0.0023224353790283,1.3801696300506592,0.0013801696300506,102973,60
ego,equalize,8,1000,0.0021893978118896,1.3868343830108645,0.0013868343830108,103287,60
ego,equalize,9,1000,0.0049002170562744,1.4313719272613523,0.0014313719272613,102986,60
ego,equalize,10,1000,0.0022239685058593,1.388374090194702,0.0013883740901947,103218,60
ego,equalize,11,1000,0.0024666786193847,1.4873745441436768,0.0014873745441436,103051,60
ego,equalize,12,1000,0.0052859783172607,1.399868726730347,0.0013998687267303,103276,60
ego,equalize,13,1000,0.0022437572479248,1.3745994567871094,0.0013745994567871,102841,60
ego,equalize,14,1000,0.0021662712097167,1.4007887840270996,0.001400788784027,103066,60
ego,equalize,15,1000,0.004946231842041,1.382194757461548,0.0013821947574615,103347,60
ego,equalize,16,1000,0.0022809505462646,1.366899013519287,0.0013668990135192,103277,60
ego,equalize,17,1000,0.0021643638610839,1.3872947692871094,0.0013872947692871,103314,60
ego,equalize,18,1000,0.0055716037750244,1.354551076889038,0.001354551076889,103207,60
ego,equalize,19,1000,0.0023047924041748,1.3548109531402588,0.0013548109531402,102991,60
ego,equalize,20,1000,0.0021889209747314,1.3848798274993896,0.0013848798274993,103340,60
ego,equalize,21,1000,0.0052220821380615,1.365910530090332,0.0013659105300903,102988,60
ego,equalize,22,1000,0.0024843215942382,1.3704376220703125,0.0013704376220703,103188,60
ego,equalize,23,1000,0.0022351741790771,1.4112966060638428,0.0014112966060638,102790,60
ego,equalize,24,1000,0.00575852394104,1.45650053024292,0.0014565005302429,103167,60
ego,equalize,25,1000,0.002427339553833,1.3831672668457031,0.0013831672668457,103254,60
ego,equalize,26,1000,0.0022435188293457,1.3986494541168213,0.0013986494541168,103297,60
ego,equalize,27,1000,0.0054888725280761,1.436323881149292,0.0014363238811492,103071,60
ego,equalize,28,1000,0.0023808479309082,1.3856520652770996,0.001385652065277,103369,60
ego,equalize,29,1000,0.0022306442260742,1.433443546295166,0.0014334435462951,103020,60
ego,equalize,30,1000,0.0055165290832519,1.3865666389465332,0.0013865666389465,103000,60
ego,equalize,31,1000,0.0023496150970458,1.422084093093872,0.0014220840930938,103342,60
ego,equalize,32,1000,0.0021979808807373,1.4091928005218506,0.0014091928005218,103095,60
ego,equalize,33,1000,0.0056283473968505,1.4211814403533936,0.0014211814403533,102948,60
ego,equalize,34,1000,0.0026099681854248,1.4302000999450684,0.001430200099945,103111,60
ego,equalize,35,1000,0.0023348331451416,1.4220774173736572,0.0014220774173736,103150,60
ego,equalize,36,1000,0.005458116531372,1.3821709156036377,0.0013821709156036,103015,60
ego,equalize,37,1000,0.0023653507232666,1.4294495582580566,0.001429449558258,103468,60
ego,equalize,38,1000,0.0023033618927001,1.3766989707946775,0.0013766989707946,102787,60
ego,equalize,39,1000,0.0055780410766601,1.396336793899536,0.0013963367938995,103182,60
ego,equalize,40,1000,0.0024113655090332,1.3650822639465332,0.0013650822639465,102958,60
ego,equalize,41,1000,0.0022685527801513,1.4024455547332764,0.0014024455547332,103226,60
ego,equalize,42,1000,0.0057308673858642,1.4119822978973389,0.0014119822978973,103072,60
ego,equalize,43,1000,0.0024471282958984,1.3960678577423096,0.0013960678577423,103357,60
ego,equalize,44,1000,0.0022737979888916,1.4310736656188965,0.0014310736656188,103191,60
ego,equalize,45,1000,0.005934715270996,1.3982596397399902,0.0013982596397399,103219,60
ego,equalize,46,1000,0.0023910999298095,1.3951661586761477,0.0013951661586761,103296,60
ego,equalize,47,1000,0.0023319721221923,1.421617031097412,0.0014216170310974,103054,60
ego,equalize,48,1000,0.0057172775268554,1.402570724487305,0.0014025707244873,102838,60
ego,equalize,49,1000,0.0024056434631347,1.407949447631836,0.0014079494476318,103147,60
ego,equalize,50,1000,0.0021858215332031,1.406698226928711,0.0014066982269287,103302,60
ego,equalize,51,1000,0.0059535503387451,1.4200787544250488,0.001420078754425,103095,60
ego,equalize,52,1000,0.0027475357055664,1.4114940166473389,0.0014114940166473,102940,60
ego,equalize,53,1000,0.0022730827331542,1.406198024749756,0.0014061980247497,103071,60
ego,equalize,54,1000,0.0059258937835693,1.3846516609191897,0.0013846516609191,102963,60
ego,equalize,55,1000,0.0025441646575927,1.418769359588623,0.0014187693595886,103029,60
ego,equalize,56,1000,0.0022358894348144,1.4214327335357666,0.0014214327335357,102938,60
ego,equalize,57,1000,0.0059762001037597,1.3734333515167236,0.0013734333515167,103358,60
ego,equalize,58,1000,0.0024726390838623,1.3944623470306396,0.0013944623470306,103248,60
ego,equalize,59,1000,0.002556562423706,1.5129599571228027,0.0015129599571228,103335,60
ego,equalize,60,1000,0.0060055255889892,1.3954010009765625,0.0013954010009765,103135,60
ego,equalize,61,1000,0.0023972988128662,1.3728854656219482,0.0013728854656219,103245,60
ego,equalize,62,1000,0.002737283706665,1.4640493392944336,0.0014640493392944,103035,60
ego,equalize,63,1000,0.0061209201812744,1.396284818649292,0.0013962848186492,103339,60
ego,equalize,64,1000,0.0024991035461425,1.3961834907531738,0.0013961834907531,103230,60
ego,equalize,65,1000,0.0023021697998046,1.4082183837890625,0.001408218383789,102852,60
ego,equalize,66,1000,0.0065867900848388,1.412029504776001,0.001412029504776,102988,60
ego,equalize,67,1000,0.0026054382324218,1.3994076251983645,0.0013994076251983,103135,60
ego,equalize,68,1000,0.002234935760498,1.3958847522735596,0.0013958847522735,103175,60
ego,equalize,69,1000,0.0061638355255126,1.3719136714935305,0.0013719136714935,103060,60
ego,equalize,70,1000,0.002448558807373,1.4031260013580322,0.001403126001358,103243,60
ego,equalize,71,1000,0.002371072769165,1.4182617664337158,0.0014182617664337,103164,60
ego,equalize,72,1000,0.0063188076019287,1.3983433246612549,0.0013983433246612,103407,60
ego,equalize,73,1000,0.0025815963745117,1.4144864082336426,0.0014144864082336,102783,60
ego,equalize,74,1000,0.0024163722991943,1.521021842956543,0.0015210218429565,102998,60
ego,equalize,75,1000,0.00636887550354,1.414436101913452,0.0014144361019134,103040,60
ego,equalize,76,1000,0.0028750896453857,1.4171342849731443,0.0014171342849731,103237,60
ego,equalize,77,1000,0.0023941993713378,1.422391414642334,0.0014223914146423,103330,60
ego,equalize,78,1000,0.0060899257659912,1.4229028224945068,0.0014229028224945,102856,60
ego,equalize,79,1000,0.0025637149810791,1.4646670818328855,0.0014646670818328,103000,60
ego,equalize,80,1000,0.0023434162139892,1.4556448459625244,0.0014556448459625,103132,60
ego,equalize,81,1000,0.0066032409667968,1.5025293827056885,0.0015025293827056,103542,60
ego,equalize,82,1000,0.0025863647460937,1.460216045379639,0.0014602160453796,103130,60
ego,equalize,83,1000,0.0024435520172119,1.4313714504241943,0.0014313714504241,103069,60
ego,equalize,84,1000,0.0064620971679687,1.4347612857818604,0.0014347612857818,102942,60
ego,equalize,85,1000,0.0025255680084228,1.411372184753418,0.0014113721847534,103051,60
ego,equalize,86,1000,0.0024075508117675,1.460928440093994,0.0014609284400939,102827,60
ego,equalize,87,1000,0.0063326358795166,1.44449782371521,0.0014444978237152,103474,60
ego,equalize,88,1000,0.0026993751525878,1.5155327320098877,0.0015155327320098,103097,60
ego,equalize,89,1000,0.0025973320007324,1.4856829643249512,0.0014856829643249,102970,60
ego,equalize,90,1000,0.0063979625701904,1.4238383769989014,0.0014238383769989,103276,60
ego,equalize,91,1000,0.0027101039886474,1.4865999221801758,0.0014865999221801,102807,60
ego,equalize,92,1000,0.0024049282073974,1.461688995361328,0.0014616889953613,103042,60
ego,equalize,93,1000,0.0064659118652343,1.4249482154846191,0.0014249482154846,102922,60
ego,equalize,94,1000,0.0025496482849121,1.428147792816162,0.0014281477928161,103255,60
ego,equalize,95,1000,0.0023260116577148,1.4529612064361572,0.0014529612064361,102916,60
ego,equalize,96,1000,0.0065600872039794,1.4287848472595217,0.0014287848472595,103206,60
ego,equalize,97,1000,0.0025637149810791,1.4385218620300293,0.00143852186203,102994,60
ego,equalize,98,1000,0.0024023056030273,1.477775812149048,0.001477775812149,103081,60
ego,equalize,99,1000,0.0064542293548583,1.396507740020752,0.0013965077400207,103414,60
ego,equalize,100,1000,0.0025520324707031,1.4192237854003906,0.0014192237854003,103162,60
ego,equalize,101,1000,0.0023989677429199,1.4307823181152344,0.0014307823181152,103251,60
ego,equalize,102,1000,0.0068473815917968,1.461679458618164,0.0014616794586181,103378,60
ego,equalize,103,1000,0.0027034282684326,1.4881327152252195,0.0014881327152252,103186,60
ego,equalize,104,1000,0.0029165744781494,1.4548358917236328,0.0014548358917236,103254,60
ego,equalize,105,1000,0.0067136287689208,1.45402193069458,0.0014540219306945,103130,60
ego,equalize,106,1000,0.0025813579559326,1.5071773529052734,0.0015071773529052,103162,60
ego,equalize,107,1000,0.0023305416107177,1.4593093395233154,0.0014593093395233,103200,60
ego,equalize,108,1000,0.0067126750946044,1.5322022438049316,0.0015322022438049,103068,60
ego,equalize,109,1000,0.0030853748321533,1.472426414489746,0.0014724264144897,103157,60
ego,equalize,110,1000,0.0025341510772705,1.5560636520385742,0.0015560636520385,103402,60
ego,equalize,111,1000,0.0066702365875244,1.4688069820404053,0.0014688069820404,103095,60
ego,equalize,112,1000,0.0025825500488281,1.417635440826416,0.0014176354408264,103102,60
ego,equalize,113,1000,0.0023865699768066,1.4529476165771484,0.0014529476165771,102889,60
ego,equalize,114,1000,0.0069677829742431,1.4484288692474363,0.0014484288692474,103428,60
ego,equalize,115,1000,0.0025222301483154,1.431161642074585,0.0014311616420745,103441,60
ego,equalize,116,1000,0.0025932788848876,1.461556911468506,0.0014615569114685,102927,60
ego,equalize,117,1000,0.0065333843231201,1.4283525943756104,0.0014283525943756,103221,60
ego,equalize,118,1000,0.0025808811187744,1.4541282653808594,0.0014541282653808,103153,60
ego,equalize,119,1000,0.0024082660675048,1.459277629852295,0.0014592776298522,103349,60
ego,equalize,120,1000,0.0066783428192138,1.435225486755371,0.0014352254867553,103242,60
ego,equalize,121,1000,0.0025370121002197,1.4320547580718994,0.0014320547580718,102934,60
ego,equalize,122,1000,0.002394676208496,1.447209358215332,0.0014472093582153,103388,60
ego,equalize,123,1000,0.0067269802093505,1.4288842678070068,0.001428884267807,103031,60
ego,equalize,124,1000,0.0026772022247314,1.437748908996582,0.0014377489089965,103126,60
ego,equalize,125,1000,0.0024170875549316,1.494384765625,0.001494384765625,103302,60
ego,equalize,126,1000,0.0067429542541503,1.4788126945495603,0.0014788126945495,103368,60
ego,equalize,127,1000,0.0025317668914794,1.4629578590393066,0.0014629578590393,103311,60
ego,equalize,128,1000,0.0028467178344726,1.4824540615081787,0.0014824540615081,103285,60
ego,equalize,129,1000,0.0068817138671875,1.5236337184906006,0.0015236337184906,103127,60
ego,equalize,130,1000,0.002695083618164,1.532135009765625,0.0015321350097656,103083,60
ego,equalize,131,1000,0.002389907836914,1.4838364124298096,0.0014838364124298,103445,60
ego,equalize,132,1000,0.0069797039031982,1.5624091625213623,0.0015624091625213,103322,60
ego,equalize,133,1000,0.0026602745056152,1.470167636871338,0.0014701676368713,103027,60
ego,equalize,134,1000,0.0024080276489257,1.5009067058563232,0.0015009067058563,103008,60
ego,equalize,135,1000,0.0067791938781738,1.4903450012207031,0.0014903450012207,103320,60
ego,equalize,136,1000,0.002711534500122,2.39698338508606,0.002396983385086,103097,60
ego,equalize,137,1000,0.0024170875549316,2.39368200302124,0.0023936820030212,103006,60
ego,equalize,138,1000,0.0074918270111083,1.7535991668701172,0.0017535991668701,103291,60
ego,equalize,139,1000,0.0026113986968994,1.733520269393921,0.0017335202693939,103496,60
ego,equalize,140,1000,0.0024662017822265,1.6907601356506348,0.0016907601356506,103207,60
ego,equalize,141,1000,0.0070903301239013,1.540153980255127,0.0015401539802551,103102,60
ego,equalize,142,1000,0.0032715797424316,1.8035392761230469,0.001803539276123,103427,60
ego,equalize,143,1000,0.002352237701416,1.6634984016418457,0.0016634984016418,103314,60
ego,equalize,144,1000,0.0069401264190673,1.460005283355713,0.0014600052833557,103041,60
ego,equalize,145,1000,0.0027337074279785,1.852245807647705,0.0018522458076477,102917,60
ego,equalize,146,1000,0.0024864673614501,2.3766121864318848,0.0023766121864318,103031,60
ego,equalize,147,1000,0.0070312023162841,1.9927177429199217,0.0019927177429199,103232,60
ego,equalize,148,1000,0.0027332305908203,1.7440710067749023,0.0017440710067749,103312,60
ego,equalize,149,1000,0.0024867057800292,1.499783992767334,0.0014997839927673,103107,60
ego,equalize,150,1000,0.0069565773010253,1.5891361236572266,0.0015891361236572,103163,60
ego,equalize,151,1000,0.0030341148376464,1.5376083850860596,0.001537608385086,103281,60
ego,equalize,152,1000,0.0024976730346679,2.378192186355591,0.0023781921863555,103143,60
ego,equalize,153,1000,0.0070457458496093,2.486268997192383,0.0024862689971923,103080,60
ego,equalize,154,1000,0.0026412010192871,2.419862985610962,0.0024198629856109,103376,60
ego,equalize,155,1000,0.0024399757385253,1.5431270599365234,0.0015431270599365,103031,60
ego,equalize,156,1000,0.007380723953247,1.706404209136963,0.0017064042091369,103025,60
ego,equalize,157,1000,0.00262451171875,1.7657341957092283,0.0017657341957092,103175,60
ego,equalize,158,1000,0.0024898052215576,2.363248109817505,0.0023632481098175,103677,60
ego,equalize,159,1000,0.0070116519927978,1.6562817096710205,0.001656281709671,102907,60
ego,equalize,160,1000,0.0028679370880126,1.6119329929351809,0.0016119329929351,103167,60
ego,equalize,161,1000,0.0026195049285888,2.463460683822632,0.0024634606838226,103143,60
ego,equalize,162,1000,0.0076749324798583,1.54494047164917,0.0015449404716491,103010,60
ego,equalize,163,1000,0.002997875213623,2.1210196018218994,0.0021210196018218,103213,60
ego,equalize,164,1000,0.0028960704803466,2.4794185161590576,0.002479418516159,103157,60
ego,equalize,165,1000,0.0074496269226074,1.5987098217010498,0.001598709821701,103131,60
ego,equalize,166,1000,0.0026807785034179,2.4468793869018555,0.0024468793869018,103688,60
ego,equalize,167,1000,0.0026838779449462,2.530181169509888,0.0025301811695098,103149,60
ego,equalize,168,1000,0.0071635246276855,2.3602757453918457,0.0023602757453918,103183,60
ego,equalize,169,1000,0.0027012825012207,2.455601930618286,0.0024556019306182,103199,60
ego,equalize,170,1000,0.0024349689483642,2.496650218963623,0.0024966502189636,103245,60
ego,equalize,171,1000,0.0069425106048583,2.4910662174224854,0.0024910662174224,103043,60
ego,equalize,172,1000,0.0026791095733642,2.453939199447632,0.0024539391994476,103003,60
ego,equalize,173,1000,0.0024168491363525,2.4669647216796875,0.0024669647216796,103052,60
ego,equalize,174,1000,0.0071046352386474,2.59109878540039,0.0025910987854003,103252,60
ego,equalize,175,1000,0.0018162727355957,1.4692943096160889,0.001469294309616,103095,60
ego,equalize,176,1000,0.0022406578063964,1.4485855102539062,0.0014485855102539,103172,60
ego,equalize,177,1000,0.005181074142456,1.4786500930786133,0.0014786500930786,103149,60
ego,equalize,178,1000,0.0021991729736328,1.4491722583770752,0.001449172258377,103157,60
ego,equalize,179,1000,0.0022130012512207,1.4434244632720947,0.001443424463272,102940,60
ego,equalize,180,1000,0.0042836666107177,1.4566137790679932,0.0014566137790679,102975,60
ego,equalize,181,1000,0.0022029876708984,1.471313714981079,0.001471313714981,103499,60
ego,equalize,182,1000,0.0023517608642578,1.4521746635437012,0.0014521746635437,102961,60
ego,equalize,183,1000,0.0046215057373046,1.4441518783569336,0.0014441518783569,103211,60
ego,equalize,184,1000,0.0023460388183593,1.4782311916351318,0.0014782311916351,103037,60
ego,equalize,185,1000,0.0021998882293701,1.474207878112793,0.0014742078781127,103023,60
ego,equalize,186,1000,0.0047535896301269,1.473534107208252,0.0014735341072082,102874,60
ego,equalize,187,1000,0.002232551574707,1.4801862239837646,0.0014801862239837,103313,60
ego,equalize,188,1000,0.0022320747375488,1.4722943305969238,0.0014722943305969,103256,60
ego,equalize,189,1000,0.0046029090881347,1.4390714168548584,0.0014390714168548,103086,60
ego,equalize,190,1000,0.0022618770599365,1.4724624156951904,0.0014724624156951,103279,60
ego,equalize,191,1000,0.0021772384643554,1.464869737625122,0.0014648697376251,103133,60
ego,equalize,192,1000,0.0046215057373046,1.4644396305084229,0.0014644396305084,103506,60
ego,equalize,193,1000,0.002392292022705,1.485168695449829,0.0014851686954498,103212,60
ego,equalize,194,1000,0.002415657043457,1.5569989681243896,0.0015569989681243,103135,60
ego,equalize,195,1000,0.0046968460083007,1.480936050415039,0.001480936050415,103018,60
ego,equalize,196,1000,0.0025696754455566,1.5280194282531738,0.0015280194282531,102968,60
ego,equalize,197,1000,0.0020961761474609,1.4871442317962646,0.0014871442317962,103048,60
ego,equalize,198,1000,0.0046353340148925,1.4539837837219238,0.0014539837837219,103067,60
ego,equalize,199,1000,0.0022501945495605,1.4546983242034912,0.0014546983242034,103603,60
ego,equalize,200,1000,0.0024034976959228,1.4716405868530271,0.001471640586853,102920,60
ego,equalize,201,1000,0.0053267478942871,1.543623924255371,0.0015436239242553,103060,60
ego,equalize,202,1000,0.0023329257965087,1.4441735744476318,0.0014441735744476,103308,60
ego,equalize,203,1000,0.0021126270294189,1.526521921157837,0.0015265219211578,103185,60
ego,equalize,204,1000,0.0048305988311767,1.4478087425231934,0.0014478087425231,103315,60
ego,equalize,205,1000,0.0023181438446044,1.4593584537506104,0.0014593584537506,103232,60
ego,equalize,206,1000,0.0022521018981933,1.4482672214508057,0.0014482672214508,102876,60
ego,equalize,207,1000,0.0048279762268066,1.4712674617767334,0.0014712674617767,102877,60
ego,equalize,208,1000,0.0026431083679199,1.4612648487091064,0.0014612648487091,103203,60
ego,equalize,209,1000,0.0021448135375976,1.450397491455078,0.001450397491455,103063,60
ego,equalize,210,1000,0.0050487518310546,1.453977108001709,0.0014539771080017,103368,60
ego,equalize,211,1000,0.0025272369384765,1.563277006149292,0.0015632770061492,103110,60
ego,equalize,212,1000,0.0022869110107421,1.4843902587890625,0.001484390258789,103232,60
ego,equalize,213,1000,0.0050358772277832,1.45000958442688,0.0014500095844268,103161,60
ego,equalize,214,1000,0.0026154518127441,1.5876505374908447,0.0015876505374908,103026,60
ego,equalize,215,1000,0.0021495819091796,1.432307481765747,0.0014323074817657,103010,60
ego,equalize,216,1000,0.0052821636199951,1.4729881286621094,0.0014729881286621,103242,60
ego,equalize,217,1000,0.0027284622192382,1.4517080783843994,0.0014517080783843,103032,60
ego,equalize,218,1000,0.0022146701812744,1.4647643566131592,0.0014647643566131,103191,60
ego,equalize,219,1000,0.0052404403686523,1.4492602348327637,0.0014492602348327,103084,60
ego,equalize,220,1000,0.0023581981658935,1.4283201694488523,0.0014283201694488,103031,60
ego,equalize,221,1000,0.0024085044860839,1.5658347606658936,0.0015658347606658,103198,60
ego,equalize,222,1000,0.005450963973999,1.4791553020477295,0.0014791553020477,102930,60
ego,equalize,223,1000,0.0028789043426513,1.4646220207214355,0.0014646220207214,103584,60
ego,equalize,224,1000,0.0023694038391113,1.4474358558654783,0.0014474358558654,103314,60
ego,equalize,225,1000,0.0052540302276611,1.429839849472046,0.001429839849472,103213,60
ego,equalize,226,1000,0.0023434162139892,1.4542107582092283,0.0014542107582092,103012,60
ego,equalize,227,1000,0.0022990703582763,1.4753661155700684,0.00147536611557,103105,60
ego,equalize,228,1000,0.0057253837585449,1.4409685134887695,0.0014409685134887,103254,60
ego,equalize,229,1000,0.0023996829986572,1.456621170043945,0.0014566211700439,103063,60
ego,equalize,230,1000,0.0022778511047363,1.4748470783233645,0.0014748470783233,103173,60
ego,equalize,231,1000,0.0056118965148925,1.484790563583374,0.0014847905635833,103179,60
ego,equalize,232,1000,0.0023713111877441,1.4452311992645264,0.0014452311992645,103201,60
ego,equalize,233,1000,0.0024874210357666,1.4580023288726809,0.0014580023288726,103047,60
ego,equalize,234,1000,0.0054271221160888,1.4618887901306152,0.0014618887901306,103168,60
ego,equalize,235,1000,0.0023438930511474,1.4763975143432615,0.0014763975143432,103135,60
ego,equalize,236,1000,0.0025534629821777,1.4703176021575928,0.0014703176021575,103330,60
ego,equalize,237,1000,0.0056238174438476,1.4608042240142822,0.0014608042240142,103224,60
ego,equalize,238,1000,0.0024023056030273,1.4156079292297363,0.0014156079292297,103367,60
ego,equalize,239,1000,0.0023980140686035,1.4644901752471924,0.0014644901752471,103290,60
ego,equalize,240,1000,0.0057644844055175,1.4620583057403564,0.0014620583057403,103009,60
ego,equalize,241,1000,0.0025165081024169,1.5368082523345947,0.0015368082523345,103192,60
ego,equalize,242,1000,0.0027861595153808,1.4557185173034668,0.0014557185173034,103116,60
ego,equalize,243,1000,0.005587100982666,1.453739881515503,0.0014537398815155,103570,60
ego,equalize,244,1000,0.0023939609527587,1.4594247341156006,0.0014594247341156,102994,60
ego,equalize,245,1000,0.0022501945495605,1.4782629013061523,0.0014782629013061,103103,60
ego,equalize,246,1000,0.006040334701538,1.4610824584960938,0.001461082458496,103076,60
ego,equalize,247,1000,0.0024249553680419,1.4573071002960205,0.001457307100296,103106,60
ego,equalize,248,1000,0.0023016929626464,1.4677040576934814,0.0014677040576934,103201,60
ego,equalize,249,1000,0.0058095455169677,1.4677352905273438,0.0014677352905273,103551,60
ego,equalize,250,1000,0.002497911453247,1.4451849460601809,0.0014451849460601,103038,60
ego,equalize,251,1000,0.0022413730621337,1.4650352001190186,0.001465035200119,103081,60
ego,equalize,252,1000,0.0062453746795654,1.476557970046997,0.0014765579700469,103282,60
ego,equalize,253,1000,0.0023732185363769,1.4590389728546145,0.0014590389728546,103538,60
ego,equalize,254,1000,0.00262451171875,1.5102355480194092,0.0015102355480194,103215,60
ego,equalize,255,1000,0.005810260772705,1.4445242881774902,0.0014445242881774,102993,60
ego,equalize,256,1000,0.0024595260620117,1.4536120891571045,0.0014536120891571,103180,60
ego,equalize,257,1000,0.0023481845855712,1.4803850650787354,0.0014803850650787,103197,60
ego,equalize,258,1000,0.0059177875518798,1.4796090126037598,0.0014796090126037,103148,60
ego,equalize,259,1000,0.0025670528411865,1.45906400680542,0.0014590640068054,102889,60
ego,equalize,260,1000,0.0023431777954101,1.4615492820739746,0.0014615492820739,103185,60
ego,equalize,261,1000,0.0058324337005615,1.453697681427002,0.001453697681427,103242,60
ego,equalize,262,1000,0.0025961399078369,1.51983380317688,0.0015198338031768,103150,60
ego,equalize,263,1000,0.0022599697113037,1.4845912456512451,0.0014845912456512,103101,60
ego,equalize,264,1000,0.0059380531311035,1.4748661518096924,0.0014748661518096,103164,60
ego,equalize,265,1000,0.0024898052215576,1.5039677619934082,0.0015039677619934,102853,60
ego,equalize,266,1000,0.0023341178894042,1.4841763973236084,0.0014841763973236,103370,60
ego,equalize,267,1000,0.0064115524291992,1.5468072891235352,0.0015468072891235,103230,60
ego,equalize,268,1000,0.0029065608978271,1.4450747966766355,0.0014450747966766,103020,60
ego,equalize,269,1000,0.0022752285003662,1.5092487335205078,0.0015092487335205,103415,60
ego,equalize,270,1000,0.0060441493988037,1.447678565979004,0.001447678565979,103302,60
ego,equalize,271,1000,0.0024507045745849,1.4725522994995115,0.0014725522994995,103305,60
ego,equalize,272,1000,0.0023818016052246,1.4744274616241455,0.0014744274616241,102881,60
ego,equalize,273,1000,0.0060720443725585,1.4584565162658691,0.0014584565162658,103280,60
ego,equalize,274,1000,0.0028841495513916,1.4555904865264893,0.0014555904865264,103437,60
ego,equalize,275,1000,0.0022997856140136,1.4998807907104492,0.0014998807907104,103207,60
ego,equalize,276,1000,0.0060479640960693,1.4759690761566162,0.0014759690761566,103132,60
ego,equalize,277,1000,0.0024497509002685,1.452589988708496,0.0014525899887084,102966,60
ego,equalize,278,1000,0.0023629665374755,1.46628999710083,0.0014662899971008,102776,60
ego,equalize,279,1000,0.0060541629791259,1.4518580436706543,0.0014518580436706,103041,60
ego,equalize,280,1000,0.0024869441986083,1.4669229984283447,0.0014669229984283,103057,60
ego,equalize,281,1000,0.0022757053375244,1.4812593460083008,0.0014812593460083,103027,60
ego,equalize,282,1000,0.0062031745910644,1.4516053199768066,0.0014516053199768,103072,60
ego,equalize,283,1000,0.0031225681304931,1.4859142303466797,0.0014859142303466,103124,60
ego,equalize,284,1000,0.0024051666259765,1.497894525527954,0.0014978945255279,103085,60
ego,equalize,285,1000,0.0061516761779785,1.436900615692139,0.0014369006156921,103768,60
ego,equalize,286,1000,0.0029714107513427,1.4464774131774902,0.0014464774131774,102945,60
ego,equalize,287,1000,0.0024936199188232,1.5784127712249756,0.0015784127712249,103415,60
ego,equalize,288,1000,0.0065236091613769,1.467982530593872,0.0014679825305938,102904,60
ego,equalize,289,1000,0.0025770664215087,1.4784464836120603,0.001478446483612,103228,60
ego,equalize,290,1000,0.0024187564849853,1.5701282024383545,0.0015701282024383,103252,60
ego,equalize,291,1000,0.0070497989654541,1.5569303035736084,0.0015569303035736,102924,60
ego,equalize,292,1000,0.0032408237457275,1.4505503177642822,0.0014505503177642,103123,60
ego,equalize,293,1000,0.0024206638336181,1.482621669769287,0.0014826216697692,103256,60
ego,equalize,294,1000,0.0068194866180419,1.4444868564605713,0.0014444868564605,103508,60
ego,equalize,295,1000,0.0025968551635742,1.4270553588867188,0.0014270553588867,102886,60
ego,equalize,296,1000,0.0024282932281494,1.550957441329956,0.0015509574413299,102989,60
ego,equalize,297,1000,0.0065174102783203,1.4508895874023438,0.0014508895874023,103046,60
ego,equalize,298,1000,0.0026302337646484,1.459989309310913,0.0014599893093109,103269,60
ego,equalize,299,1000,0.0028128623962402,1.4871087074279783,0.0014871087074279,102949,60
ego,equalize,300,1000,0.0065059661865234,1.4890015125274658,0.0014890015125274,103350,60
ego,equalize,301,1000,0.0025806427001953,1.449140548706055,0.001449140548706,103097,60
ego,equalize,302,1000,0.0025174617767333,1.4727120399475098,0.0014727120399475,103214,60
ego,equalize,303,1000,0.0064563751220703,1.4813294410705566,0.0014813294410705,103074,60
ego,equalize,304,1000,0.0025887489318847,1.4633338451385498,0.0014633338451385,103105,60
ego,equalize,305,1000,0.0025713443756103,1.538109540939331,0.0015381095409393,103122,60
ego,equalize,306,1000,0.0066549777984619,1.4869253635406494,0.0014869253635406,103194,60
ego,equalize,307,1000,0.0025885105133056,1.4643425941467283,0.0014643425941467,103388,60
ego,equalize,308,1000,0.0025086402893066,1.4720981121063232,0.0014720981121063,103046,60
ego,equalize,309,1000,0.0066888332366943,1.498936414718628,0.0014989364147186,103013,60
ego,equalize,310,1000,0.0025899410247802,1.4888803958892822,0.0014888803958892,102942,60
ego,equalize,311,1000,0.0024502277374267,1.5912599563598633,0.0015912599563598,103505,60
ego,equalize,312,1000,0.0065927505493164,1.4773609638214111,0.0014773609638214,102844,60
ego,equalize,313,1000,0.0026533603668212,1.484633445739746,0.0014846334457397,103358,60
ego,equalize,314,1000,0.0024554729461669,1.4920978546142578,0.0014920978546142,103208,60
ego,equalize,315,1000,0.0066370964050292,1.4816854000091553,0.0014816854000091,103297,60
ego,equalize,316,1000,0.0026426315307617,1.4944334030151367,0.0014944334030151,103368,60
ego,equalize,317,1000,0.0023396015167236,1.481485366821289,0.0014814853668212,103317,60
ego,equalize,318,1000,0.0066249370574951,1.4865779876708984,0.0014865779876708,102995,60
ego,equalize,319,1000,0.0026841163635253,1.471700668334961,0.0014717006683349,102895,60
ego,equalize,320,1000,0.0023834705352783,1.4755635261535645,0.0014755635261535,103039,60
ego,equalize,321,1000,0.0065975189208984,1.4780821800231934,0.0014780821800231,103076,60
ego,equalize,322,1000,0.0026876926422119,1.4769337177276611,0.0014769337177276,103339,60
ego,equalize,323,1000,0.0023901462554931,1.5039165019989014,0.0015039165019989,103160,60
ego,equalize,324,1000,0.0067706108093261,1.4996705055236816,0.0014996705055236,103169,60
ego,equalize,325,1000,0.0025680065155029,1.4530775547027588,0.0014530775547027,103250,60
ego,equalize,326,1000,0.002526044845581,1.503385305404663,0.0015033853054046,103287,60
ego,equalize,327,1000,0.0068206787109375,1.473399639129639,0.0014733996391296,103291,60
ego,equalize,328,1000,0.0025680065155029,1.5018882751464844,0.0015018882751464,103158,60
ego,equalize,329,1000,0.0023891925811767,1.486480712890625,0.0014864807128906,103020,60
ego,equalize,330,1000,0.0068097114562988,1.4645051956176758,0.0014645051956176,103071,60
ego,equalize,331,1000,0.0025699138641357,1.4671649932861328,0.0014671649932861,103138,60
ego,equalize,332,1000,0.0025055408477783,1.4926819801330566,0.001492681980133,103076,60
ego,equalize,333,1000,0.0069246292114257,1.465146780014038,0.001465146780014,103231,60
ego,equalize,334,1000,0.0028862953186035,1.4641356468200684,0.00146413564682,103017,60
ego,equalize,335,1000,0.0024659633636474,1.4824225902557373,0.0014824225902557,102953,60
ego,equalize,336,1000,0.0070598125457763,1.5504534244537354,0.0015504534244537,102993,60
ego,equalize,337,1000,0.002587080001831,1.482990264892578,0.0014829902648925,103171,60
ego,equalize,338,1000,0.0024378299713134,1.4993464946746826,0.0014993464946746,103452,60
ego,equalize,339,1000,0.0069344043731689,1.4384069442749023,0.0014384069442749,103178,60
ego,equalize,340,1000,0.0026512145996093,1.4849605560302734,0.0014849605560302,103120,60
ego,equalize,341,1000,0.002467393875122,1.4962599277496338,0.0014962599277496,103171,60
ego,equalize,342,1000,0.0068137645721435,1.4655027389526367,0.0014655027389526,103000,60
ego,equalize,343,1000,0.0026285648345947,1.753943681716919,0.0017539436817169,103408,60
ego,equalize,344,1000,0.0025091171264648,1.741868019104004,0.001741868019104,103319,60
ego,equalize,345,1000,0.0069916248321533,1.565586805343628,0.0015655868053436,103007,60
ego,equalize,346,1000,0.0026686191558837,1.804893970489502,0.0018048939704895,103325,60
ego,equalize,347,1000,0.0026202201843261,1.9481580257415767,0.0019481580257415,102959,60
ego,equalize,348,1000,0.006993293762207,1.971771240234375,0.0019717712402343,103318,60
ego,equalize,349,1000,0.002634048461914,2.4338529109954834,0.0024338529109954,103245,60
ego,equalize,350,1000,0.002634048461914,2.00774884223938,0.0020077488422393,103118,60
ego,equalize,351,1000,0.0073451995849609,1.478691816329956,0.0014786918163299,103267,60
ego,equalize,352,1000,0.002685546875,1.85848331451416,0.0018584833145141,103168,60
ego,equalize,353,1000,0.002786636352539,1.716921091079712,0.0017169210910797,103413,60
ego,equalize,354,1000,0.0069856643676757,1.4689061641693115,0.0014689061641693,103217,60
ego,equalize,355,1000,0.0030746459960937,1.596963882446289,0.0015969638824462,103208,60
ego,equalize,356,1000,0.0025801658630371,1.923344850540161,0.0019233448505401,103277,60
ego,equalize,357,1000,0.0071055889129638,2.4380640983581543,0.0024380640983581,103103,60
ego,equalize,358,1000,0.0028986930847167,1.8073644638061523,0.0018073644638061,103438,60
ego,equalize,359,1000,0.002469778060913,1.689565896987915,0.0016895658969879,103142,60
ego,equalize,360,1000,0.0070054531097412,1.773935079574585,0.0017739350795745,103205,60
ego,equalize,361,1000,0.0027434825897216,1.7495341300964355,0.0017495341300964,103404,60
ego,equalize,362,1000,0.0029726028442382,2.454529047012329,0.0024545290470123,103066,60
ego,equalize,363,1000,0.0071077346801757,1.8452112674713133,0.0018452112674713,103018,60
ego,equalize,364,1000,0.0027225017547607,2.415804386138916,0.0024158043861389,103146,60
ego,equalize,365,1000,0.0029225349426269,2.45774507522583,0.0024577450752258,103265,60
ego,equalize,366,1000,0.0072855949401855,1.7403640747070312,0.001740364074707,103055,60
ego,equalize,367,1000,0.0026018619537353,1.6912388801574707,0.0016912388801574,102925,60
ego,equalize,368,1000,0.0025491714477539,2.4639809131622314,0.0024639809131622,103031,60
ego,equalize,369,1000,0.0072903633117675,1.718356370925903,0.0017183563709259,103121,60
ego,equalize,370,1000,0.002704381942749,1.5850889682769775,0.0015850889682769,103493,60
ego,equalize,371,1000,0.00246262550354,2.3396456241607666,0.0023396456241607,103239,60
ego,equalize,372,1000,0.007369041442871,1.805835723876953,0.0018058357238769,103295,60
ego,equalize,373,1000,0.0026888847351074,1.859729290008545,0.0018597292900085,103225,60
ego,equalize,374,1000,0.0025925636291503,2.4949846267700195,0.00249498462677,102963,60
ego,equalize,375,1000,0.0077228546142578,1.7762036323547363,0.0017762036323547,103462,60
ego,equalize,376,1000,0.002812385559082,2.6217129230499268,0.0026217129230499,103156,60
ego,equalize,377,1000,0.0025420188903808,2.518239974975586,0.0025182399749755,103156,60
ego,equalize,378,1000,0.0073792934417724,2.5455873012542725,0.0025455873012542,103169,60
ego,equalize,379,1000,0.0029959678649902,2.524214506149292,0.0025242145061492,102988,60
ego,equalize,380,1000,0.0025157928466796,2.5326414108276367,0.0025326414108276,103306,60
ego,equalize,381,1000,0.0076508522033691,2.7334766387939453,0.0027334766387939,103463,60
ego,equalize,382,1000,0.0018157958984375,1.4550113677978516,0.0014550113677978,103298,60
ego,equalize,383,1000,0.002471923828125,1.455862045288086,0.001455862045288,102846,60
ego,equalize,384,1000,0.0044403076171875,1.4497075080871582,0.0014497075080871,103029,60
ego,equalize,385,1000,0.0022532939910888,1.437333345413208,0.0014373333454132,103377,60
ego,equalize,386,1000,0.0027024745941162,1.543751239776611,0.0015437512397766,103395,60
ego,equalize,387,1000,0.0043644905090332,1.4732170104980469,0.001473217010498,103012,60
ego,equalize,388,1000,0.0026538372039794,1.4641342163085938,0.0014641342163085,102955,60
ego,equalize,389,1000,0.0026421546936035,1.4506704807281494,0.0014506704807281,103073,60
ego,equalize,390,1000,0.0051016807556152,1.4404964447021484,0.0014404964447021,103092,60
ego,equalize,391,1000,0.0022618770599365,1.4838101863861084,0.0014838101863861,103518,60
ego,equalize,392,1000,0.0021121501922607,1.4480204582214355,0.0014480204582214,103206,60
ego,equalize,393,1000,0.0045037269592285,1.4610376358032229,0.0014610376358032,103454,60
ego,equalize,394,1000,0.0022540092468261,1.4662041664123535,0.0014662041664123,102959,60
ego,equalize,395,1000,0.0022220611572265,1.4748289585113523,0.0014748289585113,102917,60
ego,equalize,396,1000,0.0045137405395507,1.4508044719696045,0.0014508044719696,103325,60
ego,equalize,397,1000,0.0024259090423583,1.4536776542663574,0.0014536776542663,103315,60
ego,equalize,398,1000,0.0022203922271728,1.4395413398742676,0.0014395413398742,103075,60
ego,equalize,399,1000,0.0046656131744384,1.4563379287719729,0.0014563379287719,103130,60
ego,equalize,400,1000,0.0023221969604492,1.4341859817504885,0.0014341859817504,103347,60
ego,equalize,401,1000,0.0026476383209228,1.467017412185669,0.0014670174121856,103260,60
ego,equalize,402,1000,0.0047831535339355,1.475996732711792,0.0014759967327117,103241,60
ego,equalize,403,1000,0.0022408962249755,1.4351129531860352,0.001435112953186,103069,60
ego,equalize,404,1000,0.0023155212402343,1.4733786582946775,0.0014733786582946,102874,60
ego,equalize,405,1000,0.0052154064178466,1.4628117084503174,0.0014628117084503,103086,60
ego,equalize,406,1000,0.0023448467254638,1.4388840198516846,0.0014388840198516,103195,60
ego,equalize,407,1000,0.0021548271179199,1.4600944519042969,0.0014600944519042,102969,60
ego,equalize,408,1000,0.0047645568847656,1.447288990020752,0.0014472889900207,103036,60
ego,equalize,409,1000,0.0023500919342041,1.5419909954071045,0.0015419909954071,103529,60
ego,equalize,410,1000,0.0022006034851074,1.4926140308380127,0.001492614030838,103331,60
ego,equalize,411,1000,0.004892349243164,1.4711534976959229,0.0014711534976959,103339,60
ego,equalize,412,1000,0.0023689270019531,1.4667634963989258,0.0014667634963989,103205,60
ego,equalize,413,1000,0.0022094249725341,1.48010516166687,0.0014801051616668,103253,60
ego,equalize,414,1000,0.0048553943634033,1.469223976135254,0.0014692239761352,103355,60
ego,equalize,415,1000,0.0023469924926757,1.4477949142456057,0.0014477949142456,103002,60
ego,equalize,416,1000,0.002695083618164,1.5737314224243164,0.0015737314224243,102910,60
ego,equalize,417,1000,0.0049746036529541,1.4669530391693115,0.0014669530391693,103226,60
ego,equalize,418,1000,0.0024600028991699,1.4789745807647705,0.0014789745807647,103186,60
ego,equalize,419,1000,0.002209186553955,1.448622465133667,0.0014486224651336,102870,60
ego,equalize,420,1000,0.0050082206726074,1.4570679664611816,0.0014570679664611,103378,60
ego,equalize,421,1000,0.0025310516357421,1.4535553455352783,0.0014535553455352,103278,60
ego,equalize,422,1000,0.0021836757659912,1.4544143676757812,0.0014544143676757,103150,60
ego,equalize,423,1000,0.0050456523895263,1.4583048820495603,0.0014583048820495,103129,60
ego,equalize,424,1000,0.0023117065429687,1.455278396606445,0.0014552783966064,103249,60
ego,equalize,425,1000,0.0022964477539062,1.4612481594085691,0.0014612481594085,103257,60
ego,equalize,426,1000,0.0052165985107421,1.468200445175171,0.0014682004451751,102938,60
ego,equalize,427,1000,0.0023913383483886,1.4748475551605225,0.0014748475551605,103073,60
ego,equalize,428,1000,0.0023515224456787,1.4814074039459229,0.0014814074039459,103046,60
ego,equalize,429,1000,0.0053098201751708,1.4520776271820068,0.001452077627182,103170,60
ego,equalize,430,1000,0.0023465156555175,1.4400944709777832,0.0014400944709777,103028,60
ego,equalize,431,1000,0.0023319721221923,1.4594933986663818,0.0014594933986663,103262,60
ego,equalize,432,1000,0.0053889751434326,1.4687166213989258,0.0014687166213989,103137,60
ego,equalize,433,1000,0.0023159980773925,1.4715118408203125,0.0014715118408203,103095,60
ego,equalize,434,1000,0.0022609233856201,1.4985218048095703,0.0014985218048095,102908,60
ego,equalize,435,1000,0.0054318904876708,1.4742608070373535,0.0014742608070373,103454,60
ego,equalize,436,1000,0.0025627613067626,1.5810909271240234,0.001581090927124,103366,60
ego,equalize,437,1000,0.0022897720336914,1.4694268703460691,0.001469426870346,103342,60
ego,equalize,438,1000,0.0054426193237304,1.4638640880584717,0.0014638640880584,103289,60
ego,equalize,439,1000,0.0023376941680908,1.458122491836548,0.0014581224918365,103026,60
ego,equalize,440,1000,0.0022807121276855,1.5097577571868896,0.0015097577571868,103027,60
ego,equalize,441,1000,0.0054335594177246,1.4812061786651611,0.0014812061786651,103163,60
ego,equalize,442,1000,0.0030322074890136,1.5327105522155762,0.0015327105522155,103089,60
ego,equalize,443,1000,0.0023267269134521,1.4855871200561523,0.0014855871200561,103350,60
ego,equalize,444,1000,0.0060570240020751,1.5045371055603027,0.0015045371055603,103749,60
ego,equalize,445,1000,0.002385139465332,1.528677225112915,0.0015286772251129,103218,60
ego,equalize,446,1000,0.0024876594543457,1.4822769165039062,0.0014822769165039,103355,60
ego,equalize,447,1000,0.0056126117706298,1.4856438636779783,0.0014856438636779,103166,60
ego,equalize,448,1000,0.0028765201568603,1.4421236515045166,0.0014421236515045,103234,60
ego,equalize,449,1000,0.0027668476104736,1.4963347911834717,0.0014963347911834,103386,60
ego,equalize,450,1000,0.005629539489746,1.4836773872375488,0.0014836773872375,102914,60
ego,equalize,451,1000,0.0024197101593017,1.4511866569519043,0.0014511866569519,103431,60
ego,equalize,452,1000,0.0026972293853759,1.4685325622558594,0.0014685325622558,102875,60
ego,equalize,453,1000,0.0056815147399902,1.4540948867797852,0.0014540948867797,102894,60
ego,equalize,454,1000,0.0025243759155273,1.4775545597076416,0.0014775545597076,103351,60
ego,equalize,455,1000,0.0028891563415527,1.5870161056518557,0.0015870161056518,103213,60
ego,equalize,456,1000,0.0056550502777099,1.466156244277954,0.0014661562442779,102943,60
ego,equalize,457,1000,0.002962589263916,1.4621272087097168,0.0014621272087097,103229,60
ego,equalize,458,1000,0.0023825168609619,1.5336050987243652,0.0015336050987243,103568,60
ego,equalize,459,1000,0.0057911872863769,1.4750382900238037,0.0014750382900238,103403,60
ego,equalize,460,1000,0.0026192665100097,1.466586351394653,0.0014665863513946,103236,60
ego,equalize,461,1000,0.0023479461669921,1.4788434505462646,0.0014788434505462,103464,60
ego,equalize,462,1000,0.0061407089233398,1.4773075580596924,0.0014773075580596,102952,60
ego,equalize,463,1000,0.0025451183319091,1.4673051834106443,0.0014673051834106,103165,60
ego,equalize,464,1000,0.0023596286773681,1.4613370895385742,0.0014613370895385,103218,60
ego,equalize,465,1000,0.0056827068328857,1.4938864707946775,0.0014938864707946,102966,60
ego,equalize,466,1000,0.0025513172149658,1.4840433597564695,0.0014840433597564,103211,60
ego,equalize,467,1000,0.0023646354675292,1.465253829956055,0.001465253829956,102986,60
ego,equalize,468,1000,0.0059084892272949,1.468688726425171,0.0014686887264251,103342,60
ego,equalize,469,1000,0.0025680065155029,1.512084722518921,0.0015120847225189,103428,60
ego,equalize,470,1000,0.0023341178894042,1.5115835666656494,0.0015115835666656,103203,60
ego,equalize,471,1000,0.0059390068054199,1.546191692352295,0.0015461916923522,103315,60
ego,equalize,472,1000,0.0025994777679443,1.5401628017425537,0.0015401628017425,102919,60
ego,equalize,473,1000,0.002403974533081,1.4695627689361572,0.0014695627689361,103269,60
ego,equalize,474,1000,0.0063741207122802,1.5119833946228027,0.0015119833946228,103344,60
ego,equalize,475,1000,0.002579927444458,1.4667980670928955,0.0014667980670928,103248,60
ego,equalize,476,1000,0.0023488998413085,1.4943788051605225,0.0014943788051605,103473,60
ego,equalize,477,1000,0.0060248374938964,1.4694545269012451,0.0014694545269012,103169,60
ego,equalize,478,1000,0.0026021003723144,1.5263779163360596,0.001526377916336,103278,60
ego,equalize,479,1000,0.0024197101593017,1.4849953651428225,0.0014849953651428,103304,60
ego,equalize,480,1000,0.0059657096862792,1.4699246883392334,0.0014699246883392,103078,60
ego,equalize,481,1000,0.0026824474334716,1.5791382789611816,0.0015791382789611,103367,60
ego,equalize,482,1000,0.0023646354675292,1.4962809085845947,0.0014962809085845,103262,60
ego,equalize,483,1000,0.0063443183898925,1.479412078857422,0.0014794120788574,103139,60
ego,equalize,484,1000,0.0024936199188232,1.492311954498291,0.0014923119544982,103232,60
ego,equalize,485,1000,0.0024700164794921,1.5467116832733154,0.0015467116832733,103515,60
ego,equalize,486,1000,0.0063903331756591,1.4716060161590576,0.001471606016159,103222,60
ego,equalize,487,1000,0.0025393962860107,1.448939561843872,0.0014489395618438,103038,60
ego,equalize,488,1000,0.0023205280303955,1.495152711868286,0.0014951527118682,103267,60
ego,equalize,489,1000,0.0060679912567138,1.47702956199646,0.0014770295619964,102892,60
ego,equalize,490,1000,0.002685546875,1.521453857421875,0.0015214538574218,103139,60
ego,equalize,491,1000,0.0027463436126708,1.537900686264038,0.001537900686264,103311,60
ego,equalize,492,1000,0.0062556266784667,1.479933261871338,0.0014799332618713,102941,60
ego,equalize,493,1000,0.0025856494903564,1.534820795059204,0.0015348207950592,103363,60
ego,equalize,494,1000,0.0023748874664306,1.490165948867798,0.0014901659488677,103045,60
ego,equalize,495,1000,0.0063226222991943,1.5061588287353516,0.0015061588287353,103094,60
ego,equalize,496,1000,0.002493143081665,1.470637321472168,0.0014706373214721,103363,60
ego,equalize,497,1000,0.002408742904663,1.4978599548339844,0.0014978599548339,103255,60
ego,equalize,498,1000,0.0063512325286865,1.4485266208648682,0.0014485266208648,103263,60
ego,equalize,499,1000,0.0025084018707275,1.4856925010681152,0.0014856925010681,103161,60
ego,equalize,500,1000,0.0024428367614746,1.4811081886291504,0.0014811081886291,103173,60
ego,equalize,501,1000,0.0062060356140136,1.4735009670257568,0.0014735009670257,103209,60
ego,equalize,502,1000,0.0027153491973876,1.5654661655426023,0.0015654661655426,103129,60
ego,equalize,503,1000,0.0024194717407226,1.4932491779327393,0.0014932491779327,103347,60
ego,equalize,504,1000,0.0063552856445312,1.5076329708099363,0.0015076329708099,103185,60
ego,equalize,505,1000,0.0026195049285888,1.472409963607788,0.0014724099636077,102901,60
ego,equalize,506,1000,0.0025064945220947,1.47703218460083,0.0014770321846008,103215,60
ego,equalize,507,1000,0.0064361095428466,1.51147723197937,0.0015114772319793,103277,60
ego,equalize,508,1000,0.0026328563690185,1.4692895412445068,0.0014692895412445,103104,60
ego,equalize,509,1000,0.002474308013916,1.5165586471557615,0.0015165586471557,103295,60
ego,equalize,510,1000,0.0065758228302001,1.5907995700836182,0.0015907995700836,103053,60
ego,equalize,511,1000,0.0029780864715576,1.4777770042419434,0.0014777770042419,103134,60
ego,equalize,512,1000,0.0024399757385253,1.5069525241851809,0.0015069525241851,103051,60
ego,equalize,513,1000,0.0064456462860107,1.4842114448547363,0.0014842114448547,103356,60
ego,equalize,514,1000,0.0026063919067382,1.4820067882537842,0.0014820067882537,103108,60
ego,equalize,515,1000,0.0024566650390625,1.4719817638397217,0.0014719817638397,102863,60
ego,equalize,516,1000,0.0066449642181396,1.4652011394500732,0.00146520113945,103331,60
ego,equalize,517,1000,0.0025432109832763,1.4965369701385498,0.0014965369701385,103211,60
ego,equalize,518,1000,0.0026233196258544,1.4794600009918213,0.0014794600009918,103370,60
ego,equalize,519,1000,0.0065608024597167,1.476731538772583,0.0014767315387725,102986,60
ego,equalize,520,1000,0.0026583671569824,1.47096586227417,0.0014709658622741,103383,60
ego,equalize,521,1000,0.0025417804718017,1.5062954425811768,0.0015062954425811,103140,60
ego,equalize,522,1000,0.0067393779754638,1.4904842376708984,0.0014904842376708,103503,60
ego,equalize,523,1000,0.0025646686553955,1.5088589191436768,0.0015088589191436,103071,60
ego,equalize,524,1000,0.0024418830871582,1.5155341625213623,0.0015155341625213,103185,60
ego,equalize,525,1000,0.0070371627807617,1.4604861736297607,0.0014604861736297,102851,60
ego,equalize,526,1000,0.0027048587799072,1.4931344985961914,0.0014931344985961,103186,60
ego,equalize,527,1000,0.0024089813232421,1.484694004058838,0.0014846940040588,102980,60
ego,equalize,528,1000,0.0071873664855957,1.5496282577514648,0.0015496282577514,102828,60
ego,equalize,529,1000,0.0027999877929687,1.5067803859710691,0.001506780385971,103204,60
ego,equalize,530,1000,0.0025746822357177,1.489962100982666,0.0014899621009826,103127,60
ego,equalize,531,1000,0.0069420337677001,1.4882118701934814,0.0014882118701934,103086,60
ego,equalize,532,1000,0.0027565956115722,1.5100042819976809,0.0015100042819976,103336,60
ego,equalize,533,1000,0.0025711059570312,1.5036993026733398,0.0015036993026733,103197,60
ego,equalize,534,1000,0.0073421001434326,1.4710347652435305,0.0014710347652435,103265,60
ego,equalize,535,1000,0.0026519298553466,1.528425216674805,0.0015284252166748,103014,60
ego,equalize,536,1000,0.0024993419647216,1.50728440284729,0.0015072844028472,102995,60
ego,equalize,537,1000,0.006965160369873,1.507448434829712,0.0015074484348297,103342,60
ego,equalize,538,1000,0.0027086734771728,1.489903450012207,0.0014899034500122,103268,60
ego,equalize,539,1000,0.0025556087493896,1.511535406112671,0.0015115354061126,102931,60
ego,equalize,540,1000,0.0067791938781738,1.48193359375,0.00148193359375,103066,60
ego,equalize,541,1000,0.0028741359710693,1.4919888973236084,0.0014919888973236,103110,60
ego,equalize,542,1000,0.0025854110717773,1.5900328159332275,0.0015900328159332,103397,60
ego,equalize,543,1000,0.0072553157806396,1.4940288066864014,0.0014940288066864,103060,60
ego,equalize,544,1000,0.002650499343872,1.502608060836792,0.0015026080608367,103013,60
ego,equalize,545,1000,0.0026373863220214,1.6152701377868652,0.0016152701377868,103363,60
ego,equalize,546,1000,0.0069272518157958,1.5569193363189695,0.0015569193363189,103330,60
ego,equalize,547,1000,0.0027277469635009,1.560953140258789,0.0015609531402587,103408,60
ego,equalize,548,1000,0.0025062561035156,1.5083489418029783,0.0015083489418029,103345,60
ego,equalize,549,1000,0.0068650245666503,1.4894990921020508,0.001489499092102,103136,60
ego,equalize,550,1000,0.0027003288269042,1.757054328918457,0.0017570543289184,103046,60
ego,equalize,551,1000,0.0024449825286865,1.726477861404419,0.0017264778614044,103085,60
ego,equalize,552,1000,0.0069162845611572,1.4791877269744873,0.0014791877269744,103453,60
ego,equalize,553,1000,0.0027604103088378,1.8220434188842771,0.0018220434188842,103060,60
ego,equalize,554,1000,0.0024964809417724,1.945929288864136,0.0019459292888641,103315,60
ego,equalize,555,1000,0.0073111057281494,1.891115427017212,0.0018911154270172,103404,60
ego,equalize,556,1000,0.0026230812072753,1.7901890277862549,0.0017901890277862,103349,60
ego,equalize,557,1000,0.0025317668914794,1.8557496070861816,0.0018557496070861,103198,60
ego,equalize,558,1000,0.0073060989379882,1.4863619804382324,0.0014863619804382,103093,60
ego,equalize,559,1000,0.0026373863220214,1.7846286296844482,0.0017846286296844,103282,60
ego,equalize,560,1000,0.0025124549865722,1.6723861694335938,0.0016723861694335,103278,60
ego,equalize,561,1000,0.0068213939666748,1.986910581588745,0.0019869105815887,103246,60
ego,equalize,562,1000,0.0026533603668212,1.7461004257202148,0.0017461004257202,103361,60
ego,equalize,563,1000,0.0025913715362548,2.4985196590423584,0.0024985196590423,102983,60
ego,equalize,564,1000,0.006906509399414,1.7441504001617432,0.0017441504001617,103254,60
ego,equalize,565,1000,0.0030770301818847,1.7121026515960691,0.001712102651596,103249,60
ego,equalize,566,1000,0.0025138854980468,1.5946934223175049,0.0015946934223175,103157,60
ego,equalize,567,1000,0.0068426132202148,2.4061532020568848,0.0024061532020568,103031,60
ego,equalize,568,1000,0.0027811527252197,1.6282167434692385,0.0016282167434692,103191,60
ego,equalize,569,1000,0.0025756359100341,1.826733112335205,0.0018267331123352,103369,60
ego,equalize,570,1000,0.0070180892944335,1.667078971862793,0.0016670789718627,103081,60
ego,equalize,571,1000,0.0027046203613281,1.6379189491271973,0.0016379189491271,103330,60
ego,equalize,572,1000,0.0025346279144287,2.334099054336548,0.0023340990543365,102997,60
ego,equalize,573,1000,0.0070891380310058,1.6690144538879397,0.0016690144538879,102948,60
ego,equalize,574,1000,0.0030901432037353,1.648423433303833,0.0016484234333038,103019,60
ego,equalize,575,1000,0.0028784275054931,2.460978507995605,0.0024609785079956,103413,60
ego,equalize,576,1000,0.0070664882659912,2.25609827041626,0.0022560982704162,103058,60
ego,equalize,577,1000,0.002678632736206,1.636467218399048,0.001636467218399,103080,60
ego,equalize,578,1000,0.0024704933166503,2.4336116313934326,0.0024336116313934,103081,60
ego,equalize,579,1000,0.0074279308319091,1.790020227432251,0.0017900202274322,103140,60
ego,equalize,580,1000,0.0026459693908691,1.922835111618042,0.001922835111618,103080,60
ego,equalize,581,1000,0.0025720596313476,2.306035041809082,0.002306035041809,103348,60
ego,equalize,582,1000,0.0069642066955566,2.136146306991577,0.0021361463069915,102921,60
ego,equalize,583,1000,0.0026586055755615,2.533630609512329,0.0025336306095123,103204,60
ego,equalize,584,1000,0.0028784275054931,2.539281129837036,0.002539281129837,103297,60
ego,equalize,585,1000,0.0072705745697021,2.5223946571350098,0.002522394657135,103084,60
ego,equalize,586,1000,0.0026977062225341,2.528830051422119,0.0025288300514221,102989,60
ego,equalize,587,1000,0.0025703907012939,2.57136344909668,0.0025713634490966,103249,60
ego,equalize,588,1000,0.0070586204528808,2.7804012298583984,0.0027804012298583,103200,60
ego,equalize,589,1000,0.0018477439880371,1.515608549118042,0.001515608549118,103222,60
ego,equalize,590,1000,0.0022263526916503,1.4861912727355957,0.0014861912727355,102979,60
ego,equalize,591,1000,0.0044770240783691,1.524411678314209,0.0015244116783142,103104,60
ego,equalize,592,1000,0.0021896362304687,1.4486594200134275,0.0014486594200134,103462,60
ego,equalize,593,1000,0.0022172927856445,1.469550609588623,0.0014695506095886,103257,60
ego,equalize,594,1000,0.0043611526489257,1.4241838455200195,0.00142418384552,103261,60
ego,equalize,595,1000,0.0025625228881835,1.4599990844726562,0.0014599990844726,103070,60
ego,equalize,596,1000,0.0026500225067138,1.527259111404419,0.0015272591114044,103421,60
ego,equalize,597,1000,0.0044267177581787,1.4514639377593994,0.0014514639377593,103157,60
ego,equalize,598,1000,0.0022354125976562,1.4888110160827637,0.0014888110160827,102944,60
ego,equalize,599,1000,0.0023086071014404,1.558445930480957,0.0015584459304809,103216,60
ego,equalize,600,1000,0.004420518875122,1.4703779220581057,0.0014703779220581,103255,60
ego,equalize,601,1000,0.0022370815277099,1.472142457962036,0.001472142457962,102867,60
ego,equalize,602,1000,0.0022127628326416,1.4515104293823242,0.0014515104293823,103039,60
ego,equalize,603,1000,0.0044493675231933,1.5001614093780518,0.001500161409378,103082,60
ego,equalize,604,1000,0.0023050308227539,1.4383907318115234,0.0014383907318115,103248,60
ego,equalize,605,1000,0.0021524429321289,1.5024237632751465,0.0015024237632751,103082,60
ego,equalize,606,1000,0.004584789276123,1.488292217254639,0.0014882922172546,103273,60
ego,equalize,607,1000,0.0022790431976318,1.4771816730499268,0.0014771816730499,103310,60
ego,equalize,608,1000,0.0024235248565673,1.5469889640808103,0.0015469889640808,103344,60
ego,equalize,609,1000,0.0045661926269531,1.4317264556884766,0.0014317264556884,103621,60
ego,equalize,610,1000,0.0023806095123291,1.4713773727416992,0.0014713773727416,103060,60
ego,equalize,611,1000,0.0021581649780273,1.481097936630249,0.0014810979366302,102892,60
ego,equalize,612,1000,0.0045461654663085,1.4614746570587158,0.0014614746570587,103323,60
ego,equalize,613,1000,0.0022594928741455,1.458130121231079,0.001458130121231,103443,60
ego,equalize,614,1000,0.0022249221801757,1.4687018394470217,0.001468701839447,103055,60
ego,equalize,615,1000,0.0049142837524414,1.4700310230255127,0.0014700310230255,103377,60
ego,equalize,616,1000,0.0022263526916503,1.4688973426818848,0.0014688973426818,102966,60
ego,equalize,617,1000,0.0021114349365234,1.497741937637329,0.0014977419376373,103150,60
ego,equalize,618,1000,0.0047214031219482,1.4748010635375977,0.0014748010635375,102980,60
ego,equalize,619,1000,0.0026865005493164,1.5623779296875,0.0015623779296875,103215,60
ego,equalize,620,1000,0.0026459693908691,1.4675085544586182,0.0014675085544586,103250,60
ego,equalize,621,1000,0.004866600036621,1.4677915573120115,0.001467791557312,103336,60
ego,equalize,622,1000,0.0023379325866699,1.457348108291626,0.0014573481082916,103268,60
ego,equalize,623,1000,0.0022287368774414,1.4740066528320312,0.001474006652832,103471,60
ego,equalize,624,1000,0.0048210620880126,1.4389898777008057,0.0014389898777008,103189,60
ego,equalize,625,1000,0.0023980140686035,1.4752728939056396,0.0014752728939056,103348,60
ego,equalize,626,1000,0.0022673606872558,1.45154070854187,0.0014515407085418,103028,60
ego,equalize,627,1000,0.0049583911895751,1.531130313873291,0.0015311303138732,103465,60
ego,equalize,628,1000,0.0024225711822509,1.580024480819702,0.0015800244808197,103324,60
ego,equalize,629,1000,0.0021677017211914,1.5155136585235596,0.0015155136585235,103259,60
ego,equalize,630,1000,0.0049109458923339,1.4707345962524414,0.0014707345962524,103303,60
ego,equalize,631,1000,0.0026991367340087,1.4605481624603271,0.0014605481624603,103176,60
ego,equalize,632,1000,0.0026822090148925,1.5015215873718262,0.0015015215873718,103299,60
ego,equalize,633,1000,0.005434513092041,1.460066318511963,0.0014600663185119,102960,60
ego,equalize,634,1000,0.0025882720947265,1.5399601459503174,0.0015399601459503,103225,60
ego,equalize,635,1000,0.00264573097229,1.4828083515167236,0.0014828083515167,103057,60
ego,equalize,636,1000,0.005061388015747,1.4592442512512207,0.0014592442512512,103063,60
ego,equalize,637,1000,0.0022757053375244,1.441838026046753,0.0014418380260467,103221,60
ego,equalize,638,1000,0.0023179054260253,1.5100858211517334,0.0015100858211517,102979,60
ego,equalize,639,1000,0.005317211151123,1.4759609699249268,0.0014759609699249,103281,60
ego,equalize,640,1000,0.0027980804443359,1.490760326385498,0.0014907603263854,102995,60
ego,equalize,641,1000,0.0023417472839355,1.4843320846557615,0.0014843320846557,103225,60
ego,equalize,642,1000,0.0057885646820068,1.4709229469299316,0.0014709229469299,103106,60
ego,equalize,643,1000,0.002739667892456,1.4621951580047607,0.0014621951580047,103605,60
ego,equalize,644,1000,0.0023214817047119,1.550743579864502,0.0015507435798645,103219,60
ego,equalize,645,1000,0.0051519870758056,1.4941792488098145,0.0014941792488098,103357,60
ego,equalize,646,1000,0.0023126602172851,1.4982092380523682,0.0014982092380523,103550,60
ego,equalize,647,1000,0.0022399425506591,1.492189645767212,0.0014921896457672,102944,60
ego,equalize,648,1000,0.0053136348724365,1.4651765823364258,0.0014651765823364,103443,60
ego,equalize,649,1000,0.0023913383483886,1.4632325172424316,0.0014632325172424,103417,60
ego,equalize,650,1000,0.0027623176574707,1.4856414794921875,0.0014856414794921,102997,60
ego,equalize,651,1000,0.0053822994232177,1.4735732078552246,0.0014735732078552,103023,60
ego,equalize,652,1000,0.0023140907287597,1.498460292816162,0.0014984602928161,103147,60
ego,equalize,653,1000,0.002190351486206,1.46295428276062,0.0014629542827606,103185,60
ego,equalize,654,1000,0.0054061412811279,1.4592185020446775,0.0014592185020446,103546,60
ego,equalize,655,1000,0.0023915767669677,1.4700627326965332,0.0014700627326965,103200,60
ego,equalize,656,1000,0.0022699832916259,1.4713187217712402,0.0014713187217712,102915,60
ego,equalize,657,1000,0.00527024269104,1.440394401550293,0.0014403944015502,103147,60
ego,equalize,658,1000,0.002420425415039,1.4916870594024658,0.0014916870594024,102960,60
ego,equalize,659,1000,0.0022132396697998,1.4575541019439695,0.0014575541019439,102827,60
ego,equalize,660,1000,0.0058114528656005,1.480224847793579,0.0014802248477935,103375,60
ego,equalize,661,1000,0.002418041229248,1.4900317192077637,0.0014900317192077,103396,60
ego,equalize,662,1000,0.0029301643371582,1.5049090385437012,0.0015049090385437,102978,60
ego,equalize,663,1000,0.0055963993072509,1.5633535385131836,0.0015633535385131,103232,60
ego,equalize,664,1000,0.0026748180389404,1.4892008304595947,0.0014892008304595,103470,60
ego,equalize,665,1000,0.0027222633361816,1.5048613548278809,0.0015048613548278,103044,60
ego,equalize,666,1000,0.0054929256439208,1.463632106781006,0.001463632106781,103089,60
ego,equalize,667,1000,0.0023987293243408,1.4615211486816406,0.0014615211486816,103047,60
ego,equalize,668,1000,0.0022788047790527,1.4872550964355469,0.0014872550964355,103278,60
ego,equalize,669,1000,0.0055387020111083,1.4512989521026611,0.0014512989521026,103189,60
ego,equalize,670,1000,0.0024378299713134,1.483362913131714,0.0014833629131317,103345,60
ego,equalize,671,1000,0.002326488494873,1.4983534812927246,0.0014983534812927,103174,60
ego,equalize,672,1000,0.0054762363433837,1.4911713600158691,0.0014911713600158,103111,60
ego,equalize,673,1000,0.0023620128631591,1.4614756107330322,0.001461475610733,103121,60
ego,equalize,674,1000,0.0022921562194824,1.478384017944336,0.0014783840179443,103322,60
ego,equalize,675,1000,0.0054800510406494,1.4730939865112305,0.0014730939865112,103006,60
ego,equalize,676,1000,0.0025138854980468,1.522425889968872,0.0015224258899688,103238,60
ego,equalize,677,1000,0.0022652149200439,1.502521276473999,0.0015025212764739,103158,60
ego,equalize,678,1000,0.0056390762329101,1.5274319648742676,0.0015274319648742,103513,60
ego,equalize,679,1000,0.0026037693023681,1.4879693984985352,0.0014879693984985,102894,60
ego,equalize,680,1000,0.0023233890533447,1.4858319759368896,0.0014858319759368,103217,60
ego,equalize,681,1000,0.0055911540985107,1.4621927738189695,0.0014621927738189,102959,60
ego,equalize,682,1000,0.0024356842041015,1.5341365337371826,0.0015341365337371,102871,60
ego,equalize,683,1000,0.0022599697113037,1.4706480503082275,0.0014706480503082,103049,60
ego,equalize,684,1000,0.0055351257324218,1.4769508838653564,0.0014769508838653,102911,60
ego,equalize,685,1000,0.0024065971374511,1.48689866065979,0.0014868986606597,103360,60
ego,equalize,686,1000,0.002272605895996,1.4783012866973877,0.0014783012866973,102984,60
ego,equalize,687,1000,0.0059988498687744,1.492234468460083,0.00149223446846,103322,60
ego,equalize,688,1000,0.0024383068084716,1.4772350788116455,0.0014772350788116,103214,60
ego,equalize,689,1000,0.0023374557495117,1.484811544418335,0.0014848115444183,103255,60
ego,equalize,690,1000,0.0055944919586181,1.4676084518432615,0.0014676084518432,103303,60
ego,equalize,691,1000,0.0024514198303222,1.472066879272461,0.0014720668792724,103164,60
ego,equalize,692,1000,0.0023202896118164,1.556484937667847,0.0015564849376678,103053,60
ego,equalize,693,1000,0.0057003498077392,1.4662511348724363,0.0014662511348724,103254,60
ego,equalize,694,1000,0.0024614334106445,1.4533755779266355,0.0014533755779266,103116,60
ego,equalize,695,1000,0.0023233890533447,1.4738624095916748,0.0014738624095916,103140,60
ego,equalize,696,1000,0.0058236122131347,1.4895715713500977,0.00148957157135,103176,60
ego,equalize,697,1000,0.0025620460510253,1.4984889030456543,0.0014984889030456,103139,60
ego,equalize,698,1000,0.0023114681243896,1.484611749649048,0.001484611749649,103060,60
ego,equalize,699,1000,0.0057063102722167,1.48353910446167,0.0014835391044616,103099,60
ego,equalize,700,1000,0.0025668144226074,1.4767844676971436,0.0014767844676971,103298,60
ego,equalize,701,1000,0.0022990703582763,1.4957842826843262,0.0014957842826843,103120,60
ego,equalize,702,1000,0.0057480335235595,1.4519846439361572,0.0014519846439361,103122,60
ego,equalize,703,1000,0.0028619766235351,1.547165870666504,0.0015471658706665,103040,60
ego,equalize,704,1000,0.0027046203613281,1.482003927230835,0.0014820039272308,103011,60
ego,equalize,705,1000,0.0058357715606689,1.49802827835083,0.0014980282783508,103116,60
ego,equalize,706,1000,0.0029530525207519,1.494245529174805,0.0014942455291748,102983,60
ego,equalize,707,1000,0.0028133392333984,1.494906663894653,0.0014949066638946,103248,60
ego,equalize,708,1000,0.0066728591918945,1.4705212116241455,0.0014705212116241,103109,60
ego,equalize,709,1000,0.0026278495788574,1.4841639995574951,0.0014841639995574,103457,60
ego,equalize,710,1000,0.0026631355285644,1.5732038021087646,0.0015732038021087,103203,60
ego,equalize,711,1000,0.0057480335235595,1.4928967952728271,0.0014928967952728,103246,60
ego,equalize,712,1000,0.0026040077209472,1.5767652988433838,0.0015767652988433,102952,60
ego,equalize,713,1000,0.0024571418762207,1.5174529552459717,0.0015174529552459,103046,60
ego,equalize,714,1000,0.0059525966644287,1.4809491634368896,0.0014809491634368,103071,60
ego,equalize,715,1000,0.0025341510772705,1.534926414489746,0.0015349264144897,103297,60
ego,equalize,716,1000,0.0024363994598388,1.5032312870025637,0.0015032312870025,103379,60
ego,equalize,717,1000,0.0058815479278564,1.493380784988403,0.0014933807849884,103105,60
ego,equalize,718,1000,0.0024530887603759,1.495074987411499,0.0014950749874114,103195,60
ego,equalize,719,1000,0.0024032592773437,1.4684176445007324,0.0014684176445007,103134,60
ego,equalize,720,1000,0.0059046745300292,1.489763259887695,0.0014897632598876,103227,60
ego,equalize,721,1000,0.0025210380554199,1.4857141971588137,0.0014857141971588,103166,60
ego,equalize,722,1000,0.0023903846740722,1.475022792816162,0.0014750227928161,102965,60
ego,equalize,723,1000,0.0061323642730712,1.4517669677734375,0.0014517669677734,102922,60
ego,equalize,724,1000,0.002556562423706,1.4540228843688965,0.0014540228843688,103485,60
ego,equalize,725,1000,0.0027642250061035,1.49110746383667,0.0014911074638366,103071,60
ego,equalize,726,1000,0.0057427883148193,1.4643607139587402,0.0014643607139587,103031,60
ego,equalize,727,1000,0.0025110244750976,1.470829725265503,0.0014708297252655,102980,60
ego,equalize,728,1000,0.0023767948150634,1.4841156005859375,0.0014841156005859,103082,60
ego,equalize,729,1000,0.0058753490447998,1.489816427230835,0.0014898164272308,103396,60
ego,equalize,730,1000,0.0025947093963623,1.4683396816253662,0.0014683396816253,103042,60
ego,equalize,731,1000,0.0024323463439941,1.5102319717407229,0.0015102319717407,103032,60
ego,equalize,732,1000,0.0060558319091796,1.480104923248291,0.0014801049232482,103398,60
ego,equalize,733,1000,0.0025584697723388,1.4677228927612305,0.0014677228927612,103013,60
ego,equalize,734,1000,0.0024530887603759,1.4886181354522705,0.0014886181354522,103103,60
ego,equalize,735,1000,0.0060529708862304,1.4708764553070068,0.001470876455307,103196,60
ego,equalize,736,1000,0.0026116371154785,1.45776104927063,0.0014577610492706,103247,60
ego,equalize,737,1000,0.00244140625,1.5249381065368652,0.0015249381065368,103141,60
ego,equalize,738,1000,0.0060348510742187,1.482534408569336,0.0014825344085693,103136,60
ego,equalize,739,1000,0.00262451171875,1.4880917072296145,0.0014880917072296,103147,60
ego,equalize,740,1000,0.0028374195098876,1.502772331237793,0.0015027723312377,103110,60
ego,equalize,741,1000,0.0063984394073486,1.4720861911773682,0.0014720861911773,103031,60
ego,equalize,742,1000,0.0025544166564941,1.522593975067139,0.0015225939750671,103033,60
ego,equalize,743,1000,0.0025599002838134,1.4939861297607422,0.0014939861297607,103268,60
ego,equalize,744,1000,0.0066084861755371,1.460315227508545,0.0014603152275085,103252,60
ego,equalize,745,1000,0.0025765895843505,1.5258445739746094,0.0015258445739746,103262,60
ego,equalize,746,1000,0.0027706623077392,1.509040117263794,0.0015090401172637,103249,60
ego,equalize,747,1000,0.0061261653900146,1.4819118976593018,0.0014819118976593,103243,60
ego,equalize,748,1000,0.0026822090148925,1.4669508934020996,0.001466950893402,103141,60
ego,equalize,749,1000,0.0026905536651611,1.5799705982208252,0.0015799705982208,103391,60
ego,equalize,750,1000,0.0068540573120117,1.5606379508972168,0.0015606379508972,103093,60
ego,equalize,751,1000,0.0025362968444824,1.4856419563293457,0.0014856419563293,102971,60
ego,equalize,752,1000,0.0025298595428466,1.5063598155975342,0.0015063598155975,103048,60
ego,equalize,753,1000,0.0062448978424072,1.4935612678527832,0.0014935612678527,103262,60
ego,equalize,754,1000,0.002638816833496,1.4828248023986816,0.0014828248023986,103059,60
ego,equalize,755,1000,0.0024671554565429,1.5064492225646973,0.0015064492225646,103150,60
ego,equalize,756,1000,0.006411075592041,1.4978134632110596,0.001497813463211,103121,60
ego,equalize,757,1000,0.0025942325592041,1.745434045791626,0.0017454340457916,103363,60
ego,equalize,758,1000,0.0025117397308349,2.122478723526001,0.002122478723526,103342,60
ego,equalize,759,1000,0.0064842700958251,1.4881081581115725,0.0014881081581115,103225,60
ego,equalize,760,1000,0.0026514530181884,2.456005573272705,0.0024560055732727,103392,60
ego,equalize,761,1000,0.0029516220092773,2.48548436164856,0.0024854843616485,103058,60
ego,equalize,762,1000,0.0064890384674072,1.5071945190429688,0.0015071945190429,102908,60
ego,equalize,763,1000,0.0025675296783447,1.7601220607757568,0.0017601220607757,102813,60
ego,equalize,764,1000,0.0029301643371582,1.9421298503875728,0.0019421298503875,103331,60
ego,equalize,765,1000,0.0069727897644042,1.5022952556610107,0.001502295255661,103333,60
ego,equalize,766,1000,0.0026173591613769,1.7985029220581057,0.0017985029220581,103061,60
ego,equalize,767,1000,0.0024116039276123,1.7273375988006592,0.0017273375988006,103092,60
ego,equalize,768,1000,0.0064313411712646,1.776113748550415,0.0017761137485504,103069,60
ego,equalize,769,1000,0.0027034282684326,2.469041347503662,0.0024690413475036,102959,60
ego,equalize,770,1000,0.0025191307067871,1.5962238311767578,0.0015962238311767,103007,60
ego,equalize,771,1000,0.0066967010498046,1.7229292392730713,0.001722929239273,103229,60
ego,equalize,772,1000,0.0026743412017822,2.493088960647583,0.0024930889606475,103076,60
ego,equalize,773,1000,0.0030617713928222,2.5292909145355225,0.0025292909145355,103208,60
ego,equalize,774,1000,0.0067098140716552,1.9670801162719729,0.0019670801162719,103099,60
ego,equalize,775,1000,0.0029430389404296,1.988675117492676,0.0019886751174926,103280,60
ego,equalize,776,1000,0.0029129981994628,1.709684133529663,0.0017096841335296,103007,60
ego,equalize,777,1000,0.0065264701843261,1.6856307983398438,0.0016856307983398,103147,60
ego,equalize,778,1000,0.0026652812957763,2.4147465229034424,0.0024147465229034,103285,60
ego,equalize,779,1000,0.0025207996368408,2.0939865112304688,0.0020939865112304,103119,60
ego,equalize,780,1000,0.0066416263580322,1.7431883811950684,0.001743188381195,103092,60
ego,equalize,781,1000,0.0025837421417236,1.867262601852417,0.0018672626018524,103269,60
ego,equalize,782,1000,0.0026013851165771,2.3770906925201416,0.0023770906925201,102923,60
ego,equalize,783,1000,0.007155418395996,2.3039064407348637,0.0023039064407348,103113,60
ego,equalize,784,1000,0.0026345252990722,1.6386265754699707,0.0016386265754699,102982,60
ego,equalize,785,1000,0.0024774074554443,2.4918477535247803,0.0024918477535247,103083,60
ego,equalize,786,1000,0.0066072940826416,1.9615452289581297,0.0019615452289581,103422,60
ego,equalize,787,1000,0.0026814937591552,2.28922438621521,0.0022892243862152,103163,60
ego,equalize,788,1000,0.0029354095458984,2.3945329189300537,0.00239453291893,103065,60
ego,equalize,789,1000,0.006812572479248,2.1672494411468506,0.0021672494411468,103269,60
ego,equalize,790,1000,0.0028460025787353,2.591780662536621,0.0025917806625366,103167,60
ego,equalize,791,1000,0.0025901794433593,2.635341167449951,0.0026353411674499,102926,60
ego,equalize,792,1000,0.0071938037872314,2.6081085205078125,0.0026081085205078,103251,60
ego,equalize,793,1000,0.0030891895294189,2.528793334960937,0.0025287933349609,102923,60
ego,equalize,794,1000,0.0025081634521484,2.581784725189209,0.0025817847251892,103157,60
ego,equalize,795,1000,0.0070197582244873,2.713092088699341,0.0027130920886993,103349,60
ego,equalize,796,1000,0.0022130012512207,1.4526875019073486,0.0014526875019073,103131,60
ego,equalize,797,1000,0.0021703243255615,1.4680109024047852,0.0014680109024047,103182,60
ego,equalize,798,1000,0.0044059753417968,1.4481687545776367,0.0014481687545776,102970,60
ego,equalize,799,1000,0.0021698474884033,1.4326975345611572,0.0014326975345611,103352,60
ego,equalize,800,1000,0.0025022029876708,1.472444772720337,0.0014724447727203,103315,60
ego,equalize,801,1000,0.0043191909790039,1.5408101081848145,0.0015408101081848,103276,60
ego,equalize,802,1000,0.0021755695343017,1.464186429977417,0.0014641864299774,103108,60
ego,equalize,803,1000,0.0021765232086181,1.4850492477416992,0.0014850492477416,102910,60
ego,equalize,804,1000,0.0043754577636718,1.4315688610076904,0.0014315688610076,102935,60
ego,equalize,805,1000,0.0022039413452148,1.4295129776000977,0.0014295129776,102854,60
ego,equalize,806,1000,0.0021917819976806,1.492561101913452,0.0014925611019134,102979,60
ego,equalize,807,1000,0.00435471534729,1.460862636566162,0.0014608626365661,103211,60
ego,equalize,808,1000,0.0022087097167968,1.4626448154449463,0.0014626448154449,103257,60
ego,equalize,809,1000,0.0022127628326416,1.4635334014892578,0.0014635334014892,102817,60
ego,equalize,810,1000,0.0043132305145263,1.4469952583312988,0.0014469952583312,103193,60
ego,equalize,811,1000,0.0022461414337158,1.438823938369751,0.0014388239383697,102999,60
ego,equalize,812,1000,0.0023989677429199,1.5232417583465576,0.0015232417583465,103339,60
ego,equalize,813,1000,0.004420518875122,1.4549005031585691,0.0014549005031585,103434,60
ego,equalize,814,1000,0.0025496482849121,1.4785206317901611,0.0014785206317901,102943,60
ego,equalize,815,1000,0.0022423267364501,1.483409404754639,0.0014834094047546,103335,60
ego,equalize,816,1000,0.0044102668762207,1.4591894149780271,0.001459189414978,103069,60
ego,equalize,817,1000,0.0022609233856201,1.466447353363037,0.001466447353363,103067,60
ego,equalize,818,1000,0.0021591186523437,1.4755325317382812,0.0014755325317382,103108,60
ego,equalize,819,1000,0.0044667720794677,1.5170817375183103,0.0015170817375183,103444,60
ego,equalize,820,1000,0.0022113323211669,1.4969706535339355,0.0014969706535339,103133,60
ego,equalize,821,1000,0.0021266937255859,1.4726808071136477,0.0014726808071136,103042,60
ego,equalize,822,1000,0.0045406818389892,1.4382894039154053,0.0014382894039154,103210,60
ego,equalize,823,1000,0.0023882389068603,1.524181604385376,0.0015241816043853,103213,60
ego,equalize,824,1000,0.002098798751831,1.455334186553955,0.0014553341865539,102853,60
ego,equalize,825,1000,0.0045433044433593,1.4766175746917725,0.0014766175746917,103049,60
ego,equalize,826,1000,0.0022041797637939,1.4539809226989746,0.0014539809226989,103108,60
ego,equalize,827,1000,0.0022082328796386,1.4954869747161863,0.0014954869747161,103241,60
ego,equalize,828,1000,0.0047931671142578,1.4850144386291504,0.0014850144386291,103113,60
ego,equalize,829,1000,0.0024530887603759,1.6008832454681396,0.0016008832454681,103651,60
ego,equalize,830,1000,0.0021815299987792,1.4900987148284912,0.0014900987148284,102828,60
ego,equalize,831,1000,0.0047910213470458,1.4787273406982422,0.0014787273406982,103013,60
ego,equalize,832,1000,0.0023765563964843,1.4596083164215088,0.0014596083164215,103021,60
ego,equalize,833,1000,0.0023107528686523,1.5003089904785156,0.0015003089904785,103019,60
ego,equalize,834,1000,0.0049841403961181,1.519970178604126,0.0015199701786041,103175,60
ego,equalize,835,1000,0.00230073928833,1.5274221897125244,0.0015274221897125,103188,60
ego,equalize,836,1000,0.0021488666534423,1.5458452701568604,0.0015458452701568,103230,60
ego,equalize,837,1000,0.0048253536224365,1.5067169666290283,0.001506716966629,103345,60
ego,equalize,838,1000,0.0022556781768798,1.4406044483184814,0.0014406044483184,103432,60
ego,equalize,839,1000,0.0026235580444335,1.5441021919250488,0.001544102191925,103265,60
ego,equalize,840,1000,0.0048446655273437,1.4895365238189695,0.0014895365238189,103161,60
ego,equalize,841,1000,0.0022614002227783,1.433126449584961,0.0014331264495849,103273,60
ego,equalize,842,1000,0.0026113986968994,1.496342420578003,0.001496342420578,103361,60
ego,equalize,843,1000,0.0048885345458984,1.4586684703826904,0.0014586684703826,103115,60
ego,equalize,844,1000,0.0023038387298583,1.4790632724761963,0.0014790632724761,103229,60
ego,equalize,845,1000,0.0023303031921386,1.4945499897003174,0.0014945499897003,103184,60
ego,equalize,846,1000,0.0051040649414062,1.5170269012451172,0.0015170269012451,103021,60
ego,equalize,847,1000,0.0023491382598876,1.431192398071289,0.0014311923980712,103184,60
ego,equalize,848,1000,0.0021800994873046,1.4852228164672852,0.0014852228164672,103203,60
ego,equalize,849,1000,0.0049779415130615,1.454876184463501,0.0014548761844635,102895,60
ego,equalize,850,1000,0.0023608207702636,1.453742742538452,0.0014537427425384,102888,60
ego,equalize,851,1000,0.002251386642456,1.4556443691253662,0.0014556443691253,103236,60
ego,equalize,852,1000,0.0051069259643554,1.4756646156311035,0.0014756646156311,103152,60
ego,equalize,853,1000,0.0023410320281982,1.477562427520752,0.0014775624275207,103204,60
ego,equalize,854,1000,0.0024492740631103,1.4632718563079834,0.0014632718563079,103292,60
ego,equalize,855,1000,0.0052793025970458,1.4681756496429443,0.0014681756496429,102961,60
ego,equalize,856,1000,0.0023159980773925,1.4698903560638428,0.0014698903560638,103382,60
ego,equalize,857,1000,0.002234935760498,1.5024685859680176,0.001502468585968,103242,60
ego,equalize,858,1000,0.0051796436309814,1.4792847633361816,0.0014792847633361,103560,60
ego,equalize,859,1000,0.002352237701416,1.478785276412964,0.0014787852764129,102930,60
ego,equalize,860,1000,0.0022013187408447,1.494431972503662,0.0014944319725036,103608,60
ego,equalize,861,1000,0.0051779747009277,1.5094923973083496,0.0015094923973083,103136,60
ego,equalize,862,1000,0.0022850036621093,1.4833178520202637,0.0014833178520202,103366,60
ego,equalize,863,1000,0.0022945404052734,1.4831902980804443,0.0014831902980804,103053,60
ego,equalize,864,1000,0.005159854888916,1.4750146865844729,0.0014750146865844,103049,60
ego,equalize,865,1000,0.0023994445800781,1.5085408687591553,0.0015085408687591,103495,60
ego,equalize,866,1000,0.0021924972534179,1.506145715713501,0.0015061457157135,103200,60
ego,equalize,867,1000,0.0053777694702148,1.5882527828216553,0.0015882527828216,103079,60
ego,equalize,868,1000,0.0023128986358642,1.5063722133636477,0.0015063722133636,103021,60
ego,equalize,869,1000,0.0023183822631835,1.5040159225463867,0.0015040159225463,103302,60
ego,equalize,870,1000,0.0052590370178222,1.488053798675537,0.0014880537986755,103112,60
ego,equalize,871,1000,0.0024363994598388,1.4629802703857422,0.0014629802703857,102834,60
ego,equalize,872,1000,0.0022225379943847,1.5007951259613037,0.0015007951259613,103237,60
ego,equalize,873,1000,0.0052471160888671,1.4736266136169434,0.0014736266136169,103329,60
ego,equalize,874,1000,0.0023596286773681,1.475332736968994,0.0014753327369689,103463,60
ego,equalize,875,1000,0.0022988319396972,1.4975273609161377,0.0014975273609161,102948,60
ego,equalize,876,1000,0.0053179264068603,1.509514331817627,0.0015095143318176,103436,60
ego,equalize,877,1000,0.0024366378784179,1.5195610523223877,0.0015195610523223,103051,60
ego,equalize,878,1000,0.0022292137145996,1.49021315574646,0.0014902131557464,103154,60
ego,equalize,879,1000,0.0053908824920654,1.4552679061889648,0.0014552679061889,102954,60
ego,equalize,880,1000,0.002443790435791,1.550407648086548,0.0015504076480865,103011,60
ego,equalize,881,1000,0.0023503303527832,1.5043764114379885,0.0015043764114379,103243,60
ego,equalize,882,1000,0.0053558349609375,1.5044982433319092,0.0015044982433319,103109,60
ego,equalize,883,1000,0.0025341510772705,1.476909637451172,0.0014769096374511,103094,60
ego,equalize,884,1000,0.0022356510162353,1.5338594913482666,0.0015338594913482,103205,60
ego,equalize,885,1000,0.0053112506866455,1.4886813163757324,0.0014886813163757,103004,60
ego,equalize,886,1000,0.0024242401123046,1.4847476482391355,0.0014847476482391,103314,60
ego,equalize,887,1000,0.0023438930511474,1.4853758811950684,0.001485375881195,103142,60
ego,equalize,888,1000,0.0054404735565185,1.49855637550354,0.0014985563755035,103292,60
ego,equalize,889,1000,0.0025446414947509,1.4963600635528564,0.0014963600635528,103007,60
ego,equalize,890,1000,0.0022113323211669,1.4995410442352295,0.0014995410442352,103076,60
ego,equalize,891,1000,0.0053944587707519,1.4910507202148438,0.0014910507202148,103380,60
ego,equalize,892,1000,0.0023987293243408,1.497051239013672,0.0014970512390136,103260,60
ego,equalize,893,1000,0.0023725032806396,1.4990973472595217,0.0014990973472595,103282,60
ego,equalize,894,1000,0.005378246307373,1.5200378894805908,0.0015200378894805,103038,60
ego,equalize,895,1000,0.0024738311767578,1.5258066654205322,0.0015258066654205,103113,60
ego,equalize,896,1000,0.0022845268249511,1.4925940036773682,0.0014925940036773,103078,60
ego,equalize,897,1000,0.005338430404663,1.5009534358978271,0.0015009534358978,103105,60
ego,equalize,898,1000,0.0023856163024902,1.489532709121704,0.0014895327091217,103260,60
ego,equalize,899,1000,0.0023281574249267,1.476840257644653,0.0014768402576446,103386,60
ego,equalize,900,1000,0.0054631233215332,1.5059857368469238,0.0015059857368469,103186,60
ego,equalize,901,1000,0.0024943351745605,1.4755539894104004,0.0014755539894104,102801,60
ego,equalize,902,1000,0.0022215843200683,1.4915657043457031,0.0014915657043457,103085,60
ego,equalize,903,1000,0.0054633617401123,1.4744722843170166,0.001474472284317,103244,60
ego,equalize,904,1000,0.0024454593658447,1.505486011505127,0.0015054860115051,103204,60
ego,equalize,905,1000,0.0023503303527832,1.4833073616027832,0.0014833073616027,103474,60
ego,equalize,906,1000,0.0056211948394775,1.5384070873260498,0.001538407087326,103096,60
ego,equalize,907,1000,0.0024759769439697,1.5020794868469238,0.0015020794868469,102894,60
ego,equalize,908,1000,0.0022728443145751,1.5078589916229248,0.0015078589916229,103438,60
ego,equalize,909,1000,0.0054244995117187,1.4793322086334229,0.0014793322086334,103474,60
ego,equalize,910,1000,0.0024235248565673,1.4752402305603027,0.0014752402305603,103031,60
ego,equalize,911,1000,0.0023448467254638,1.5234968662261963,0.0015234968662261,103292,60
ego,equalize,912,1000,0.0054295063018798,1.4932920932769775,0.0014932920932769,103190,60
ego,equalize,913,1000,0.0024445056915283,1.4713683128356934,0.0014713683128356,102985,60
ego,equalize,914,1000,0.0023088455200195,1.5383038520812988,0.0015383038520812,103345,60
ego,equalize,915,1000,0.0057911872863769,1.4720826148986816,0.0014720826148986,103138,60
ego,equalize,916,1000,0.0024034976959228,1.4880177974700928,0.00148801779747,103000,60
ego,equalize,917,1000,0.0024311542510986,1.509532451629639,0.0015095324516296,102971,60
ego,equalize,918,1000,0.0052645206451416,1.47503399848938,0.0014750339984893,102931,60
ego,equalize,919,1000,0.0024333000183105,1.5049567222595217,0.0015049567222595,102983,60
ego,equalize,920,1000,0.0023818016052246,1.5045299530029297,0.0015045299530029,103406,60
ego,equalize,921,1000,0.0055327415466308,1.475497484207153,0.0014754974842071,103187,60
ego,equalize,922,1000,0.0024805068969726,1.4953110218048096,0.0014953110218048,103046,60
ego,equalize,923,1000,0.0025634765625,1.5312364101409912,0.0015312364101409,103025,60
ego,equalize,924,1000,0.0054771900177001,1.4992671012878418,0.0014992671012878,103040,60
ego,equalize,925,1000,0.0024631023406982,1.482252836227417,0.0014822528362274,103095,60
ego,equalize,926,1000,0.0026106834411621,1.515380859375,0.001515380859375,103467,60
ego,equalize,927,1000,0.0054953098297119,1.4568374156951904,0.0014568374156951,103197,60
ego,equalize,928,1000,0.0028736591339111,1.4660913944244385,0.0014660913944244,102993,60
ego,equalize,929,1000,0.0023722648620605,1.5272645950317385,0.0015272645950317,103159,60
ego,equalize,930,1000,0.0058367252349853,1.5531268119812012,0.0015531268119812,103348,60
ego,equalize,931,1000,0.0024967193603515,1.485579252243042,0.001485579252243,103177,60
ego,equalize,932,1000,0.002335786819458,1.509702205657959,0.0015097022056579,103163,60
ego,equalize,933,1000,0.0054297447204589,1.5066280364990234,0.001506628036499,103538,60
ego,equalize,934,1000,0.0024929046630859,1.482053518295288,0.0014820535182952,102979,60
ego,equalize,935,1000,0.0024147033691406,1.5155389308929443,0.0015155389308929,103342,60
ego,equalize,936,1000,0.0059559345245361,1.5088951587677002,0.0015088951587677,103297,60
ego,equalize,937,1000,0.0025339126586914,1.4910261631011963,0.0014910261631011,103212,60
ego,equalize,938,1000,0.0023870468139648,1.4917166233062744,0.0014917166233062,103031,60
ego,equalize,939,1000,0.0055904388427734,1.5404093265533447,0.0015404093265533,103268,60
ego,equalize,940,1000,0.002573013305664,1.488593339920044,0.00148859333992,103048,60
ego,equalize,941,1000,0.002310037612915,1.4912397861480713,0.001491239786148,103539,60
ego,equalize,942,1000,0.0057687759399414,1.5420541763305664,0.0015420541763305,103532,60
ego,equalize,943,1000,0.002650499343872,1.4786498546600342,0.00147864985466,102894,60
ego,equalize,944,1000,0.0023369789123535,1.5094854831695557,0.0015094854831695,103301,60
ego,equalize,945,1000,0.0056736469268798,1.4685301780700684,0.00146853017807,103258,60
ego,equalize,946,1000,0.0024852752685546,1.509965419769287,0.0015099654197692,103132,60
ego,equalize,947,1000,0.0024008750915527,1.494598388671875,0.0014945983886718,102921,60
ego,equalize,948,1000,0.0056765079498291,1.490068435668945,0.0014900684356689,103287,60
ego,equalize,949,1000,0.0026090145111083,1.4854018688201904,0.0014854018688201,103272,60
ego,equalize,950,1000,0.0024693012237548,1.4821393489837646,0.0014821393489837,103315,60
ego,equalize,951,1000,0.0058596134185791,1.4753875732421875,0.0014753875732421,102951,60
ego,equalize,952,1000,0.0025885105133056,1.4931910037994385,0.0014931910037994,103569,60
ego,equalize,953,1000,0.0025200843811035,1.6109857559204102,0.0016109857559204,103177,60
ego,equalize,954,1000,0.0057487487792968,1.4742262363433838,0.0014742262363433,103227,60
ego,equalize,955,1000,0.0026876926422119,1.5427260398864746,0.0015427260398864,102892,60
ego,equalize,956,1000,0.0023829936981201,1.486860752105713,0.0014868607521057,103181,60
ego,equalize,957,1000,0.0059075355529785,1.493173599243164,0.0014931735992431,103256,60
ego,equalize,958,1000,0.002882957458496,1.53836989402771,0.0015383698940277,103088,60
ego,equalize,959,1000,0.0024406909942626,1.4855000972747805,0.0014855000972747,103077,60
ego,equalize,960,1000,0.0060033798217773,1.4932947158813477,0.0014932947158813,103032,60
ego,equalize,961,1000,0.002981424331665,1.4680466651916504,0.0014680466651916,102803,60
ego,equalize,962,1000,0.0024447441101074,1.487705945968628,0.0014877059459686,103269,60
ego,equalize,963,1000,0.0059702396392822,1.5164783000946045,0.0015164783000946,103186,60
ego,equalize,964,1000,0.0026667118072509,1.746889591217041,0.001746889591217,103115,60
ego,equalize,965,1000,0.0028820037841796,1.6994421482086182,0.0016994421482086,103126,60
ego,equalize,966,1000,0.0060493946075439,1.885944128036499,0.0018859441280364,103376,60
ego,equalize,967,1000,0.0025477409362792,1.7793364524841309,0.0017793364524841,102908,60
ego,equalize,968,1000,0.002507209777832,1.9271268844604488,0.0019271268844604,103176,60
ego,equalize,969,1000,0.0063936710357666,1.7964839935302734,0.0017964839935302,103050,60
ego,equalize,970,1000,0.0025703907012939,1.7490887641906738,0.0017490887641906,103323,60
ego,equalize,971,1000,0.0023863315582275,1.918525457382202,0.0019185254573822,103217,60
ego,equalize,972,1000,0.006082534790039,1.938765287399292,0.0019387652873992,102868,60
ego,equalize,973,1000,0.0025830268859863,1.8234176635742188,0.0018234176635742,103226,60
ego,equalize,974,1000,0.0024209022521972,1.720656156539917,0.0017206561565399,103374,60
ego,equalize,975,1000,0.0061230659484863,1.5343613624572754,0.0015343613624572,103229,60
ego,equalize,976,1000,0.0025420188903808,1.5866358280181885,0.0015866358280181,103217,60
ego,equalize,977,1000,0.0024316310882568,2.484352827072144,0.0024843528270721,103169,60
ego,equalize,978,1000,0.0066955089569091,1.6910080909729004,0.0016910080909729,103105,60
ego,equalize,979,1000,0.0025451183319091,2.509826898574829,0.0025098268985748,103166,60
ego,equalize,980,1000,0.0027456283569335,1.7411270141601562,0.0017411270141601,102831,60
ego,equalize,981,1000,0.0065200328826904,1.7170486450195312,0.0017170486450195,103161,60
ego,equalize,982,1000,0.00285005569458,1.740581750869751,0.0017405817508697,103084,60
ego,equalize,983,1000,0.002467393875122,2.2228217124938965,0.0022228217124938,103313,60
ego,equalize,984,1000,0.0063343048095703,1.8932664394378664,0.0018932664394378,103404,60
ego,equalize,985,1000,0.0026071071624755,1.6010141372680664,0.001601014137268,102926,60
ego,equalize,986,1000,0.0027880668640136,2.153710126876831,0.0021537101268768,102930,60
ego,equalize,987,1000,0.0061979293823242,1.7535767555236816,0.0017535767555236,103192,60
ego,equalize,988,1000,0.0029764175415039,2.453512191772461,0.0024535121917724,103093,60
ego,equalize,989,1000,0.0024478435516357,2.469341993331909,0.0024693419933319,103158,60
ego,equalize,990,1000,0.0065803527832031,2.262256145477295,0.0022622561454772,103210,60
ego,equalize,991,1000,0.0026543140411376,2.319969892501831,0.0023199698925018,103481,60
ego,equalize,992,1000,0.0024583339691162,2.323054313659668,0.0023230543136596,103321,60
ego,equalize,993,1000,0.0062222480773925,1.7239603996276855,0.0017239603996276,102951,60
ego,equalize,994,1000,0.0029127597808837,2.0122411251068115,0.0020122411251068,103374,60
ego,equalize,995,1000,0.0024755001068115,2.287590503692627,0.0022875905036926,102953,60
ego,equalize,996,1000,0.0064127445220947,1.9889507293701167,0.0019889507293701,103273,60
ego,equalize,997,1000,0.0026979446411132,2.488614559173584,0.0024886145591735,102777,60
ego,equalize,998,1000,0.0025367736816406,2.5590016841888428,0.0025590016841888,103200,60
ego,equalize,999,1000,0.0063169002532958,2.525137424468994,0.0025251374244689,102913,60
