network,method,variant_index,n_runs,n_unique_seeds,seeds_distinct,std_share_of_correct_agents_at_convergence,std_convergence_step,std_proportion_reached_by_truth,any_variance
pud,equalize,0,1000,1000,True,0.04351360791837508,6.492266091281224,0.10466214663512118,True
pud,equalize,1,1000,1000,True,0.04480283142507518,8.23705651309981,0.10620822548415837,True
pud,equalize,2,1000,1000,True,0.04541898091283526,6.362521434148572,0.10580091016901788,True
pud,equalize,3,1000,1000,True,0.042088723160532575,7.747190393942826,0.10359284974610225,True
pud,equalize,4,1000,1000,True,0.04173520141363927,8.122259537837978,0.09670071175705476,True
pud,equalize,5,1000,1000,True,0.038096926417614536,7.316804698773912,0.09413294971593221,True
pud,equalize,6,1000,1000,True,0.04292053955915959,6.3721129933484395,0.11080240448431693,True
pud,equalize,7,1000,1000,True,0.0399038334740652,5.473764335445947,0.11364503921540792,True
pud,equalize,8,1000,1000,True,0.03356885498034389,6.024011869178214,0.0672081564714901,True
pud,equalize,9,1000,1000,True,0.03920959192296488,6.760188680798784,0.08929252730267391,True
pud,equalize,10,1000,1000,True,0.04434794941464544,5.706472728402371,0.10698100385201657,True
pud,equalize,11,1000,1000,True,0.04145665593107643,7.602838351563185,0.11308682341294068,True
pud,equalize,12,1000,1000,True,0.040534964331220696,5.253238905665723,0.101175996274918,True
pud,equalize,13,1000,1000,True,0.04124996969695857,5.704240440233915,0.11103488440825954,True
pud,equalize,14,1000,1000,True,0.04241765297550794,7.377286154135543,0.10516299811644544,True
pud,equalize,15,1000,1000,True,0.04077222335770843,4.5472998581575865,0.09324704940223161,True
pud,equalize,16,1000,1000,True,0.04371115065241391,7.741937741935154,0.10797113240166914,True
pud,equalize,17,1000,1000,True,0.04198179499629704,5.257886932979827,0.10558403767779331,True
pud,equalize,18,1000,1000,True,0.0392182811995492,6.416590917301804,0.09484719094221837,True
pud,equalize,19,1000,1000,True,0.04355759490690544,6.88377447335399,0.09387046236012532,True
pud,equalize,20,1000,1000,True,0.03424071650340669,4.914171751170282,0.07597746254524966,True
pud,equalize,21,1000,1000,True,0.04047654251325279,5.463687308036579,0.11701065689568833,True
pud,equalize,22,1000,1000,True,0.03097194269928675,5.350504649096195,0.05870947932798385,True
pud,equalize,23,1000,1000,True,0.040128298872122284,7.208264978481298,0.09909653854003823,True
pud,equalize,24,1000,1000,True,0.033085000890896436,6.3162785720707415,0.05258960607065494,True
pud,equalize,25,1000,1000,True,0.03949769644791147,5.977983271973919,0.10379193574611627,True
pud,equalize,26,1000,1000,True,0.04318264397580052,5.379921096075666,0.10309643034856873,True
pud,equalize,27,1000,1000,True,0.03561825028109074,4.837592789807758,0.06243570915572096,True
pud,equalize,28,1000,1000,True,0.03330930800842312,6.650551781619326,0.049435518545142824,True
pud,equalize,29,1000,1000,True,0.037674366633489255,7.481906441542824,0.06778359173606821,True
pud,equalize,30,1000,1000,True,0.0333281458926532,5.199832304988306,0.06166694194132754,True
pud,equalize,31,1000,1000,True,0.037451333029399805,6.226215463666512,0.10820991887627436,True
pud,equalize,32,1000,1000,True,0.04051195677791075,5.430112706012648,0.10150769538425264,True
pud,equalize,33,1000,1000,True,0.037148956085892984,7.89106272944272,0.08365631557630583,True
pud,equalize,34,1000,1000,True,0.03981564925912833,5.9049914479192935,0.08835913739106911,True
pud,equalize,35,1000,1000,True,0.03303187947617265,6.18436738882806,0.11714082218518967,True
pud,equalize,36,1000,1000,True,0.04274477659230337,5.948770545247144,0.10253006544905574,True
pud,equalize,37,1000,1000,True,0.034396524013300116,5.438729171414955,0.10074582122265499,True
pud,equalize,38,1000,1000,True,0.03916341042413675,6.894985931820311,0.08524373116953354,True
pud,equalize,39,1000,1000,True,0.041498711864583857,6.354753811124393,0.10187125983439546,True
pud,equalize,40,1000,1000,True,0.04187552984739418,7.7676660587334725,0.10376877429418986,True
pud,equalize,41,1000,1000,True,0.03820913858758057,7.793402273718457,0.0919400636754292,True
pud,equalize,42,1000,1000,True,0.041387413843961766,4.22730635274994,0.09039345477780274,True
pud,equalize,43,1000,1000,True,0.039068309913613784,6.955777382866705,0.09732579308693046,True
pud,equalize,44,1000,1000,True,0.042510302309782935,4.614084416219539,0.09871856430414497,True
pud,equalize,45,1000,1000,True,0.039106464370428015,7.302521208459446,0.09492740306071715,True
pud,equalize,46,1000,1000,True,0.0434417319414647,6.834762248973991,0.10372647732746655,True
pud,equalize,47,1000,1000,True,0.03345090376900097,4.681699584552601,0.06298227851870244,True
pud,equalize,48,1000,1000,True,0.04110258019596133,6.522422862709838,0.11044155540598759,True
pud,equalize,49,1000,1000,True,0.038785218961307204,6.5191030057823145,0.11475146250984407,True
pud,equalize,50,1000,1000,True,0.04521013215400632,6.0602276359886025,0.10804428675887758,True
pud,equalize,51,1000,1000,True,0.04065779957974444,6.815533728182996,0.10484621306972287,True
pud,equalize,52,1000,1000,True,0.04133550770863792,6.87166289918241,0.10164880170906537,True
pud,equalize,53,1000,1000,True,0.04363448630454733,4.611989158703649,0.10363708700300842,True
pud,equalize,54,1000,1000,True,0.0366789726824108,5.472144369440558,0.09517257619324622,True
pud,equalize,55,1000,1000,True,0.043422687078144076,6.417030777548133,0.11249054829980216,True
pud,equalize,56,1000,1000,True,0.04384988984599817,7.296042694502273,0.0941153213016016,True
pud,equalize,57,1000,1000,True,0.041315968574623295,4.582632322148483,0.10075549429003676,True
pud,equalize,58,1000,1000,True,0.044491552811797196,7.43003196493797,0.1333205160506064,True
pud,equalize,59,1000,1000,True,0.036914154667482435,5.410774066619304,0.05613453746399178,True
pud,equalize,60,1000,1000,True,0.040026212090591186,4.968980177058468,0.09867842209750985,True
pud,equalize,61,1000,1000,True,0.04424669339671848,6.687278669234594,0.10311501369530393,True
pud,equalize,62,1000,1000,True,0.0340453147553393,7.000102213539457,0.09145903690778057,True
pud,equalize,63,1000,1000,True,0.04110795783702791,6.577073817435836,0.10309151873247334,True
pud,equalize,64,1000,1000,True,0.03818403130778075,7.0709883326165945,0.10443958381124785,True
pud,equalize,65,1000,1000,True,0.03826870558511869,4.772851453795729,0.05585473995381808,True
pud,equalize,66,1000,1000,True,0.03579019798219813,8.010942266675002,0.07798266347380767,True
pud,equalize,67,1000,1000,True,0.03665852434847054,7.206416515855852,0.07306563175125413,True
pud,equalize,68,1000,1000,True,0.042956307115342846,5.7393292290998605,0.10505371935641919,True
pud,equalize,69,1000,1000,True,0.041005052383671636,6.173614095487342,0.10025047088956862,True
pud,equalize,70,1000,1000,True,0.042432685980340355,6.302666102531531,0.09431261649233166,True
pud,equalize,71,1000,1000,True,0.04125176539432159,5.116517467965883,0.08564288472315551,True
pud,equalize,72,1000,1000,True,0.03914473144626235,5.7761467259757175,0.09999647154268822,True
pud,equalize,73,1000,1000,True,0.04203813524426143,7.569366618152406,0.09085718273378823,True
pud,equalize,74,1000,1000,True,0.03760640705852996,6.387949905877472,0.06729899747937107,True
pud,equalize,75,1000,1000,True,0.042827676525153804,7.074036754216082,0.10658777116988122,True
pud,equalize,76,1000,1000,True,0.0388524527722479,4.957607386633193,0.11385526387089492,True
pud,equalize,77,1000,1000,True,0.03787532341059005,4.4812493793583945,0.10330159369176867,True
pud,equalize,78,1000,1000,True,0.039837174772154225,6.265696369917713,0.09685600805472161,True
pud,equalize,79,1000,1000,True,0.03732432265598929,5.789181634739059,0.08189550402950649,True
pud,equalize,80,1000,1000,True,0.0446949592539925,6.26338558608681,0.10845120140606905,True
pud,equalize,81,1000,1000,True,0.03590846387382476,7.576286953382904,0.05137399063320122,True
pud,equalize,82,1000,1000,True,0.042220980975907006,7.198777674022167,0.09999370288815167,True
pud,equalize,83,1000,1000,True,0.0445492084700575,7.463026463841596,0.11075184974627839,True
pud,equalize,84,1000,1000,True,0.03164065013144865,7.363450278232344,0.0855291127967692,True
pud,equalize,85,1000,1000,True,0.039817329808594905,6.414305808113611,0.10958186747364888,True
pud,equalize,86,1000,1000,True,0.042965548932391504,7.550829821946724,0.10778235900916368,True
pud,equalize,87,1000,1000,True,0.04102979946873302,7.576154961456372,0.13466873806621074,True
pud,equalize,88,1000,1000,True,0.03796049928771802,8.347046423735764,0.07209869778451079,True
pud,equalize,89,1000,1000,True,0.04157073994714416,5.927054496121999,0.1235003373814555,True
pud,equalize,90,1000,1000,True,0.04169466318693083,6.141459028602243,0.12817756010152576,True
pud,equalize,91,1000,1000,True,0.04483866827682895,7.207314062811471,0.10996899619191215,True
pud,equalize,92,1000,1000,True,0.03957407650045921,7.1689717533269715,0.09826921889745562,True
pud,equalize,93,1000,1000,True,0.03428115416470394,5.443816308436573,0.054624164823968244,True
pud,equalize,94,1000,1000,True,0.03993575086975158,6.516153466578269,0.10356335151866117,True
pud,equalize,95,1000,1000,True,0.04325320797351337,6.527648198241079,0.10805512482062107,True
pud,equalize,96,1000,1000,True,0.044429874000538244,6.576356970238157,0.10831730023807,True
pud,equalize,97,1000,1000,True,0.04111428065859933,4.40939440286305,0.11986075820728272,True
pud,equalize,98,1000,1000,True,0.042899014348802535,6.3233358285006505,0.10638941746314878,True
pud,equalize,99,1000,1000,True,0.03830764195429896,6.3025490081394855,0.07721436490801532,True
pud,equalize,100,1000,1000,True,0.031322645931468635,3.7373775565227554,0.07027100626138531,True
pud,equalize,101,1000,1000,True,0.039908283740485655,5.422709193751773,0.09908898357873426,True
pud,equalize,102,1000,1000,True,0.04128845233592919,5.583192993261115,0.09250258588310778,True
pud,equalize,103,1000,1000,True,0.043711348358391355,6.525715209844819,0.10696243946727338,True
pud,equalize,104,1000,1000,True,0.039255791426155554,5.5648711575381515,0.10278352176141375,True
pud,equalize,105,1000,1000,True,0.03906923104969966,6.654095806343639,0.0740183360666401,True
pud,equalize,106,1000,1000,True,0.03657940964363071,5.9247257320486995,0.08940917109862505,True
pud,equalize,107,1000,1000,True,0.04525116600366623,7.609372904517166,0.10998279944081941,True
pud,equalize,108,1000,1000,True,0.03999512161609738,6.949090300175988,0.08884208767926313,True
pud,equalize,109,1000,1000,True,0.03917620687592388,6.279735583605411,0.07990573149609437,True
pud,equalize,110,1000,1000,True,0.038877952430460966,5.563462860485365,0.13082557231050193,True
pud,equalize,111,1000,1000,True,0.03919415268810224,6.604560848383486,0.09103521974800688,True
pud,equalize,112,1000,1000,True,0.04147370280902537,5.113100722653525,0.09791869580245809,True
pud,equalize,113,1000,1000,True,0.041339962132733055,6.334153455671879,0.10215519299962252,True
pud,equalize,114,1000,1000,True,0.03770358564341555,4.669165235885318,0.06720743639042363,True
pud,equalize,115,1000,1000,True,0.04133601992463567,3.509198768949972,0.07330900269778065,True
pud,equalize,116,1000,1000,True,0.03194884027725778,5.7261631132897355,0.08908367477327768,True
pud,equalize,117,1000,1000,True,0.04026151549097016,5.39325653014948,0.10064330118827618,True
pud,equalize,118,1000,1000,True,0.03692246798326608,7.219863641371628,0.08555941621881079,True
pud,equalize,119,1000,1000,True,0.037880116286470714,5.747237249322495,0.09712669020726118,True
pud,equalize,120,1000,1000,True,0.03663734686334677,5.60280206682335,0.12228333371193191,True
pud,equalize,121,1000,1000,True,0.0350872211270678,4.816558003387898,0.08600395913941591,True
pud,equalize,122,1000,1000,True,0.0451215696688703,5.244222630667008,0.10567438399204779,True
pud,equalize,123,1000,1000,True,0.042665855027002396,6.017612815726848,0.10252540546338795,True
pud,equalize,124,1000,1000,True,0.045198042949001156,7.1723758267397,0.10497464420480751,True
pud,equalize,125,1000,1000,True,0.03984270151731094,7.748288520699266,0.10601883771583843,True
pud,equalize,126,1000,1000,True,0.039926770931757526,5.401554961305124,0.09192885064138959,True
pud,equalize,127,1000,1000,True,0.04425790715430422,5.107353130536404,0.11035175184745581,True
pud,equalize,128,1000,1000,True,0.03397404782957024,5.040483210963012,0.06703556822618428,True
pud,equalize,129,1000,1000,True,0.04175565460339504,6.216391155646497,0.10534187494668941,True
pud,equalize,130,1000,1000,True,0.035482896244894195,5.558981111678651,0.11902684415555018,True
pud,equalize,131,1000,1000,True,0.0336904939517967,6.176562069630646,0.1139423527626423,True
pud,equalize,132,1000,1000,True,0.03574586395827435,5.048530875413164,0.09226377644798876,True
pud,equalize,133,1000,1000,True,0.035458276646166124,6.352666762864239,0.051311736678733205,True
pud,equalize,134,1000,1000,True,0.03527928080787629,4.522892437367928,0.06892031899498413,True
pud,equalize,135,1000,1000,True,0.043492533771064205,7.675700880049978,0.10889460075721878,True
pud,equalize,136,1000,1000,True,0.03926801858956749,5.346304798643638,0.08848826385180225,True
pud,equalize,137,1000,1000,True,0.03816655992221852,5.677223264942114,0.12032179025378797,True
pud,equalize,138,1000,1000,True,0.0412091264013863,5.191014929664526,0.104115157042219,True
pud,equalize,139,1000,1000,True,0.03765508015830527,4.926814386599114,0.0710333463684226,True
pud,equalize,140,1000,1000,True,0.042304895668596854,8.365907004025326,0.09774424677584752,True
pud,equalize,141,1000,1000,True,0.04574321105939866,5.45172669894594,0.10634390055468713,True
pud,equalize,142,1000,1000,True,0.04062692502561617,6.9554982567749954,0.10013228534244703,True
pud,equalize,143,1000,1000,True,0.03859916841680836,7.381641009965197,0.07619646390162152,True
pud,equalize,144,1000,1000,True,0.04210378124422708,5.852886381948654,0.10251263095917908,True
pud,equalize,145,1000,1000,True,0.03983282968843232,7.065675834624738,0.11036413579209418,True
pud,equalize,146,1000,1000,True,0.044175290562669715,7.0675505657901025,0.10628103845843091,True
pud,equalize,147,1000,1000,True,0.04382393364924956,5.614659384147894,0.07679357933551798,True
pud,equalize,148,1000,1000,True,0.04092142274538085,6.4491065272640675,0.09583937114635298,True
pud,equalize,149,1000,1000,True,0.04240381417738413,7.135619874965314,0.10731395270161492,True
pud,equalize,150,1000,1000,True,0.036174199590998324,5.9173020879451474,0.09439829199124418,True
pud,equalize,151,1000,1000,True,0.03866985938287542,5.891723007745696,0.0965001656750321,True
pud,equalize,152,1000,1000,True,0.03879104994139184,6.0399813741434665,0.10480061963816441,True
pud,equalize,153,1000,1000,True,0.044364461363784934,6.002111628418785,0.1031342017967217,True
pud,equalize,154,1000,1000,True,0.039441394248263005,5.701599687806923,0.06394526112037613,True
pud,equalize,155,1000,1000,True,0.03982663046037363,6.708487459927163,0.0696422462958785,True
pud,equalize,156,1000,1000,True,0.03606420714554858,5.11541787149398,0.08195240714608105,True
pud,equalize,157,1000,1000,True,0.0388064507174252,6.993166307188754,0.10609094398232928,True
pud,equalize,158,1000,1000,True,0.042066635851371006,7.067151901579589,0.10029202730397238,True
pud,equalize,159,1000,1000,True,0.03784202217079988,7.797188211143809,0.10824188219782763,True
pud,equalize,160,1000,1000,True,0.04025816534000538,7.314128519516183,0.07763518357288184,True
pud,equalize,161,1000,1000,True,0.0431135036564052,4.667461729891312,0.10672081438136716,True
pud,equalize,162,1000,1000,True,0.035900409227696134,6.162708414325636,0.06743636781221023,True
pud,equalize,163,1000,1000,True,0.039726719248161214,6.946646673035847,0.07127355664300197,True
pud,equalize,164,1000,1000,True,0.04388577204122449,5.865887741851185,0.10393247986250675,True
pud,equalize,165,1000,1000,True,0.04187363559597724,6.802782959936323,0.10226594234134335,True
pud,equalize,166,1000,1000,True,0.04224031045293695,6.093750158974356,0.10503672256130116,True
pud,equalize,167,1000,1000,True,0.0444990983401509,5.79371651015132,0.10486723882022343,True
pud,equalize,168,1000,1000,True,0.03815025362762156,6.591731487249765,0.10497985462241415,True
pud,equalize,169,1000,1000,True,0.037823312427165384,5.038094878026812,0.06912086747855277,True
pud,equalize,170,1000,1000,True,0.03857456303809866,4.834014480739585,0.09357994865420399,True
pud,equalize,171,1000,1000,True,0.04398021440669951,7.034247365567975,0.09842280926043541,True
pud,equalize,172,1000,1000,True,0.042017690277980496,5.772187107154446,0.09688854230315176,True
pud,equalize,173,1000,1000,True,0.03743332508822179,6.763264818118539,0.09080876596071903,True
pud,equalize,174,1000,1000,True,0.03644027076372147,3.4768583520183847,0.09722108189807444,True
pud,equalize,175,1000,1000,True,0.03628403723436371,7.139852939661992,0.12025303363643444,True
pud,equalize,176,1000,1000,True,0.03947242200277851,7.198957632879916,0.09083431939661855,True
pud,equalize,177,1000,1000,True,0.03442849092908839,6.346256770727135,0.10344342940187044,True
pud,equalize,178,1000,1000,True,0.03678526107150479,3.8496669985857217,0.05987525715813742,True
pud,equalize,179,1000,1000,True,0.037837989597626936,4.724462297447192,0.11915878813634964,True
pud,equalize,180,1000,1000,True,0.03633750570674403,7.05849814053953,0.09844118379350518,True
pud,equalize,181,1000,1000,True,0.03672016131382841,5.604049964088472,0.098598575103019,True
pud,equalize,182,1000,1000,True,0.03511666446940527,6.5249734865361715,0.11247436525496009,True
pud,equalize,183,1000,1000,True,0.04279586342073176,7.26472566584589,0.10270521101857671,True
pud,equalize,184,1000,1000,True,0.0440029404180232,5.248965517128113,0.10784978980273364,True
pud,equalize,185,1000,1000,True,0.03695693189125438,7.525460517470011,0.0955371325909654,True
pud,equalize,186,1000,1000,True,0.04162729399010068,6.970083500217196,0.10282488049777991,True
pud,equalize,187,1000,1000,True,0.03801067913619884,5.40036109903773,0.10013650929519742,True
pud,equalize,188,1000,1000,True,0.03365590403693251,6.969440436649129,0.057794475151390474,True
pud,equalize,189,1000,1000,True,0.04194152160530066,8.57057734344659,0.10553296600389968,True
pud,equalize,190,1000,1000,True,0.04560231204881537,6.868813507440713,0.10059971037928023,True
pud,equalize,191,1000,1000,True,0.04220762320707154,6.4616925801217135,0.10283307761538527,True
pud,equalize,192,1000,1000,True,0.04305804150529382,4.118086813072303,0.0998752549093612,True
pud,equalize,193,1000,1000,True,0.04706085369622277,6.764814779430402,0.10858354239484151,True
pud,equalize,194,1000,1000,True,0.04019261648304433,7.491719161847967,0.08593970826567963,True
pud,equalize,195,1000,1000,True,0.03858416325801284,5.690521856561137,0.09398993313575768,True
pud,equalize,196,1000,1000,True,0.0446291149501597,5.899257495651466,0.10661248623975629,True
pud,equalize,197,1000,1000,True,0.04087299056864682,6.844185561482097,0.10446202629794045,True
pud,equalize,198,1000,1000,True,0.03828644314107883,6.142498188847922,0.0957445572704453,True
pud,equalize,199,1000,1000,True,0.043654749575433686,7.3412576579221085,0.11416579669849665,True
pud,equalize,200,1000,1000,True,0.03619521146965899,8.01706623397861,0.11482614018217194,True
pud,equalize,201,1000,1000,True,0.04472138163461234,7.072456362537701,0.1038183955725538,True
pud,equalize,202,1000,1000,True,0.04626250248097771,7.088076678479149,0.10812781417161296,True
pud,equalize,203,1000,1000,True,0.036695932764837604,3.6015968680572787,0.06339645587321069,True
pud,equalize,204,1000,1000,True,0.0392727971068091,7.633108868606552,0.09103671149325514,True
pud,equalize,205,1000,1000,True,0.037971555305855983,7.272913858970145,0.07760555456129047,True
pud,equalize,206,1000,1000,True,0.044174737208130706,5.460988555197676,0.10341697869054908,True
pud,equalize,207,1000,1000,True,0.044222712169256856,6.477144741319281,0.10863338731488663,True
pud,equalize,208,1000,1000,True,0.03962799858187313,6.268821579850554,0.0926846445390677,True
pud,equalize,209,1000,1000,True,0.04018830829304452,6.153484785062851,0.0915088007641011,True
pud,equalize,210,1000,1000,True,0.037016911383785954,5.5328108588673075,0.07093335769980089,True
pud,equalize,211,1000,1000,True,0.03884186998842269,6.651646412731211,0.07788730066537337,True
pud,equalize,212,1000,1000,True,0.032349997614822365,5.50750905582551,0.12007769038582922,True
pud,equalize,213,1000,1000,True,0.043417182409675806,6.07219227297687,0.10506585295323177,True
pud,equalize,214,1000,1000,True,0.032669385752292605,5.976617688960872,0.062441082353143905,True
pud,equalize,215,1000,1000,True,0.03246988158088267,6.5251935603474625,0.050146210915041255,True
pud,equalize,216,1000,1000,True,0.03769395766491554,6.847749703369713,0.07099504416715505,True
pud,equalize,217,1000,1000,True,0.042625314161979004,4.954404505084339,0.10379183761527472,True
pud,equalize,218,1000,1000,True,0.0378035451339072,5.632596559314363,0.11238461243031053,True
pud,equalize,219,1000,1000,True,0.043383993179484194,8.444748427277156,0.1035594127798562,True
pud,equalize,220,1000,1000,True,0.03828064656238931,6.472279042192171,0.10207229343176215,True
pud,equalize,221,1000,1000,True,0.04250341308009029,7.403654232877168,0.12800898695302895,True
pud,equalize,222,1000,1000,True,0.04345316195572674,5.3958501647099135,0.10449414833873252,True
pud,equalize,223,1000,1000,True,0.04032190839105084,6.8588850405878645,0.06360097832930281,True
pud,equalize,224,1000,1000,True,0.043954767715667344,6.377144737262908,0.10422903318185721,True
pud,equalize,225,1000,1000,True,0.04233224845504027,5.461867446212879,0.09594777385975131,True
pud,equalize,226,1000,1000,True,0.04050624704144678,5.262353465893373,0.0706976696491982,True
pud,equalize,227,1000,1000,True,0.03638944189571313,5.683657185298917,0.07789824004731516,True
pud,equalize,228,1000,1000,True,0.037296567544712264,7.024920213070039,0.11225772595700055,True
pud,equalize,229,1000,1000,True,0.041280239196837855,6.073160544559975,0.10810388008248774,True
pud,equalize,230,1000,1000,True,0.044234258551824175,7.142393926408708,0.10399735039359843,True
pud,equalize,231,1000,1000,True,0.041067711326299244,6.188793420368788,0.10687854881841757,True
pud,equalize,232,1000,1000,True,0.03560300826518547,5.1652159683792505,0.05471562283951494,True
pud,equalize,233,1000,1000,True,0.04496637838635869,6.613690044143284,0.10826861656700586,True
pud,equalize,234,1000,1000,True,0.039110415082190514,5.639289937571929,0.09283616526034945,True
pud,equalize,235,1000,1000,True,0.035181362560380444,5.717147453057337,0.05220301183307764,True
pud,equalize,236,1000,1000,True,0.03892597596641954,6.757192020358753,0.13554080065417687,True
pud,equalize,237,1000,1000,True,0.03804444282191067,5.105389701090408,0.10153887475454784,True
pud,equalize,238,1000,1000,True,0.036105326032335384,5.965106537187747,0.0947003272185933,True
pud,equalize,239,1000,1000,True,0.03890029039213709,7.143723888841169,0.06988241888440756,True
pud,equalize,240,1000,1000,True,0.040883681733654635,7.766022147792265,0.11339401371183142,True
pud,equalize,241,1000,1000,True,0.03340463485251156,6.530316684510789,0.0843209506353515,True
pud,equalize,242,1000,1000,True,0.040564228905116226,8.060742149454974,0.09811769136106235,True
pud,equalize,243,1000,1000,True,0.04025091057937865,7.596371765520695,0.06823154116591931,True
pud,equalize,244,1000,1000,True,0.03667827425696493,4.970649756319591,0.10147124144064747,True
pud,equalize,245,1000,1000,True,0.03978570839626452,6.705793316230378,0.10093168695755939,True
pud,equalize,246,1000,1000,True,0.04403909458483283,7.691969253708702,0.10739413046931037,True
pud,equalize,247,1000,1000,True,0.043393574935455745,4.892164244994234,0.13050431665913073,True
pud,equalize,248,1000,1000,True,0.033960599901636204,8.02834578228915,0.07563803014977499,True
pud,equalize,249,1000,1000,True,0.04345996312770788,5.488591713727667,0.10392741472231568,True
pud,equalize,250,1000,1000,True,0.033747910772097905,7.499358905933226,0.05975868241064884,True
pud,equalize,251,1000,1000,True,0.03896781673048595,4.9804718651951045,0.09332478730715611,True
pud,equalize,252,1000,1000,True,0.0419543490881149,5.822150461813917,0.11489766568667492,True
pud,equalize,253,1000,1000,True,0.03646172354607798,5.597063426476423,0.06422425121746804,True
pud,equalize,254,1000,1000,True,0.04139182092522837,5.60376444901104,0.09883060454667739,True
pud,equalize,255,1000,1000,True,0.0393144964310829,6.850876659231284,0.1018039243464891,True
pud,equalize,256,1000,1000,True,0.036167996220654586,5.4811486934765785,0.08217896760150606,True
pud,equalize,257,1000,1000,True,0.04272332898436372,4.952388413684856,0.113232338442407,True
pud,equalize,258,1000,1000,True,0.04253358730912214,6.428187613939095,0.0882376413897419,True
pud,equalize,259,1000,1000,True,0.03290667499549688,6.424394446171561,0.09377069746836537,True
pud,equalize,260,1000,1000,True,0.03025837502674689,4.36067322783994,0.07447198163996119,True
pud,equalize,261,1000,1000,True,0.039341165259186434,6.577012999835108,0.10108688293361592,True
pud,equalize,262,1000,1000,True,0.04147215487082423,6.097386653313041,0.10159483740650566,True
pud,equalize,263,1000,1000,True,0.03672030420272606,5.178965051050258,0.07493977499661451,True
pud,equalize,264,1000,1000,True,0.04543016754819192,6.455182026868026,0.10783383650921587,True
pud,equalize,265,1000,1000,True,0.03680944423901542,5.128517914563622,0.08769187076081147,True
pud,equalize,266,1000,1000,True,0.03910920292062241,6.543582810662673,0.06968445192082788,True
pud,equalize,267,1000,1000,True,0.03550186919092265,4.98826372598723,0.09873931197043588,True
pud,equalize,268,1000,1000,True,0.04370310043525884,6.652576568518396,0.10514462174301395,True
pud,equalize,269,1000,1000,True,0.04431274793588894,7.081941824104459,0.10470349906306561,True
pud,equalize,270,1000,1000,True,0.03851871438696639,4.745267010400996,0.08996882244614342,True
pud,equalize,271,1000,1000,True,0.03842761192195908,5.776053929803634,0.07843811038324308,True
pud,equalize,272,1000,1000,True,0.03617477465012954,6.319259133790922,0.1054414348007438,True
pud,equalize,273,1000,1000,True,0.04005474648589581,5.89729421005939,0.09987889951286626,True
pud,equalize,274,1000,1000,True,0.04024608101464088,7.4954305413365026,0.10596295590767255,True
pud,equalize,275,1000,1000,True,0.03803031766536266,6.942987181321884,0.05156118743185339,True
pud,equalize,276,1000,1000,True,0.042844765731852065,7.67226276922265,0.10064424511155158,True
pud,equalize,277,1000,1000,True,0.043157844086247406,8.902498301038872,0.10304513933583061,True
pud,equalize,278,1000,1000,True,0.041629926023724104,4.543234090380992,0.10231719259848057,True
pud,equalize,279,1000,1000,True,0.04263826456292835,7.296285013621658,0.10524619872317961,True
pud,equalize,280,1000,1000,True,0.03764482323041753,5.861254473233525,0.07271659854327418,True
pud,equalize,281,1000,1000,True,0.045097117424509524,5.1997965344809405,0.11928561843504899,True
pud,equalize,282,1000,1000,True,0.04336146665097316,6.740509179579833,0.10176852881313615,True
pud,equalize,283,1000,1000,True,0.036955052779368704,7.143912023534445,0.06437358556518752,True
pud,equalize,284,1000,1000,True,0.039024088793626434,6.259632497199816,0.10193335452849621,True
pud,equalize,285,1000,1000,True,0.04458297853787521,4.547132722936509,0.10138765356933899,True
pud,equalize,286,1000,1000,True,0.04256607209770665,7.4071694323810355,0.10272845663431888,True
pud,equalize,287,1000,1000,True,0.04093113608531491,4.836434637209522,0.11663193927590872,True
pud,equalize,288,1000,1000,True,0.04452525847174061,7.700008051943842,0.1052621507018091,True
pud,equalize,289,1000,1000,True,0.039142662462987345,6.420452009009958,0.09841120519860519,True
pud,equalize,290,1000,1000,True,0.03807666729891934,7.106424135949106,0.12146645068485087,True
pud,equalize,291,1000,1000,True,0.040705530913053824,6.806105420870294,0.09832859938385233,True
pud,equalize,292,1000,1000,True,0.04273245940055116,5.393578033179829,0.1027352819052352,True
pud,equalize,293,1000,1000,True,0.04137449414110218,7.804292088331907,0.10143990436475611,True
pud,equalize,294,1000,1000,True,0.043071780455478485,7.3895114182197466,0.11378554443977842,True
pud,equalize,295,1000,1000,True,0.033594603843584876,7.7883450745328435,0.07246311875876522,True
pud,equalize,296,1000,1000,True,0.03455994791662743,4.885158646349165,0.05793186291446824,True
pud,equalize,297,1000,1000,True,0.044284990350799115,6.13629130664443,0.10488957097235849,True
pud,equalize,298,1000,1000,True,0.038641714490501494,6.219403106408203,0.11042749199205025,True
pud,equalize,299,1000,1000,True,0.04263799818106954,5.904990347155531,0.10429861213758869,True
pud,equalize,300,1000,1000,True,0.03542641652290451,7.482911465465832,0.08309655175505327,True
pud,equalize,301,1000,1000,True,0.044312179581456605,6.833703242020391,0.10540980815047994,True
pud,equalize,302,1000,1000,True,0.038627796554640124,7.02655185706332,0.09413541533213249,True
pud,equalize,303,1000,1000,True,0.04086559572036418,5.983565492246241,0.07313118265516572,True
pud,equalize,304,1000,1000,True,0.043022209308997146,5.417001015322039,0.10487875127563162,True
pud,equalize,305,1000,1000,True,0.04272583281954206,6.753932187992414,0.10521262657173547,True
pud,equalize,306,1000,1000,True,0.037304856864475607,4.239004482186826,0.07301025126736284,True
pud,equalize,307,1000,1000,True,0.044403835614549685,4.956,0.10715236411672152,True
pud,equalize,308,1000,1000,True,0.03708163167131953,6.7093722508145275,0.08088015520616192,True
pud,equalize,309,1000,1000,True,0.03828902269919225,4.422469445909152,0.07693350985280474,True
pud,equalize,310,1000,1000,True,0.04082594188581811,3.054457562317735,0.10286673087537902,True
pud,equalize,311,1000,1000,True,0.03883119370993212,7.09260206130303,0.1190309011647764,True
pud,equalize,312,1000,1000,True,0.0389456585640512,5.899449126825317,0.13138197961631282,True
pud,equalize,313,1000,1000,True,0.039996364032277604,5.943064529348474,0.10388679439362213,True
pud,equalize,314,1000,1000,True,0.030867216617770955,5.331303405359706,0.07786287329040097,True
pud,equalize,315,1000,1000,True,0.03956866043839353,5.426231749566176,0.09568259707342841,True
pud,equalize,316,1000,1000,True,0.03975602136240373,5.609873795371871,0.10022786631064828,True
pud,equalize,317,1000,1000,True,0.043663345929712924,6.436349198109127,0.10475684661911243,True
pud,equalize,318,1000,1000,True,0.03797269974502638,6.816450029157406,0.09385987980514911,True
pud,equalize,319,1000,1000,True,0.042356475156159076,6.551005724314397,0.10212306241267548,True
pud,equalize,320,1000,1000,True,0.041688141132834304,6.952224895671889,0.07700308715953384,True
pud,equalize,321,1000,1000,True,0.042170188697880105,6.713876972361051,0.10183306055609948,True
pud,equalize,322,1000,1000,True,0.03646191823644886,5.062833100152522,0.06877619456084791,True
pud,equalize,323,1000,1000,True,0.04127641092398215,6.114885444552498,0.11467135003355686,True
pud,equalize,324,1000,1000,True,0.039716388071946856,6.4571355104256565,0.13144946172447539,True
pud,equalize,325,1000,1000,True,0.04336464822928215,5.920599969597676,0.09705794056727401,True
pud,equalize,326,1000,1000,True,0.04044487026637863,5.960922663480881,0.06886177871578134,True
pud,equalize,327,1000,1000,True,0.0338887067390369,5.002876672475547,0.05367394820627027,True
pud,equalize,328,1000,1000,True,0.03480703597099903,5.777154230241737,0.10288968322227572,True
pud,equalize,329,1000,1000,True,0.032021597649857875,5.687352987110963,0.05295980306553963,True
pud,equalize,330,1000,1000,True,0.04371435902750017,8.259934079640104,0.10266892193290138,True
pud,equalize,331,1000,1000,True,0.04068565282355702,6.376958522681482,0.10316587386759343,True
pud,equalize,332,1000,1000,True,0.03751725693465922,6.990725212737231,0.0777389101296651,True
pud,equalize,333,1000,1000,True,0.0454594704851489,5.070450768915915,0.10535013403285608,True
pud,equalize,334,1000,1000,True,0.043056997825305886,4.736808102509538,0.11536034579835502,True
pud,equalize,335,1000,1000,True,0.040803399458959395,6.263186090162099,0.06622414613163538,True
pud,equalize,336,1000,1000,True,0.04111524153425045,3.7983352932567707,0.10363156723892128,True
pud,equalize,337,1000,1000,True,0.04013574343692376,6.037563747075471,0.09552809682994118,True
pud,equalize,338,1000,1000,True,0.04375094496333977,7.326816225346451,0.10413450407176099,True
pud,equalize,339,1000,1000,True,0.03569143480610606,4.572297453141036,0.10933802553165341,True
pud,equalize,340,1000,1000,True,0.041991943671772725,7.818362936062766,0.09072613450093353,True
pud,equalize,341,1000,1000,True,0.041784454253752684,6.19331219946161,0.1012550257859509,True
pud,equalize,342,1000,1000,True,0.03922873568831532,7.19803417607891,0.10445034498699003,True
pud,equalize,343,1000,1000,True,0.04470823935995094,7.79947273858945,0.10646144088383235,True
pud,equalize,344,1000,1000,True,0.04373051029732214,5.767753028693236,0.10322110034075183,True
pud,equalize,345,1000,1000,True,0.04070787074683152,4.72182125879411,0.09951774083418866,True
pud,equalize,346,1000,1000,True,0.03990167544983173,4.376084894057701,0.08961407241783315,True
pud,equalize,347,1000,1000,True,0.031221233673555664,5.905063505162328,0.06482994278480803,True
pud,equalize,348,1000,1000,True,0.034334000353103536,7.742080082251798,0.07174248874522005,True
pud,equalize,349,1000,1000,True,0.037842141249154866,5.568484174351221,0.08558038312200199,True
pud,equalize,350,1000,1000,True,0.03621843027186608,6.087820545975382,0.11009737048474101,True
pud,equalize,351,1000,1000,True,0.04047384615059734,3.9822727179338178,0.08164638901694411,True
pud,equalize,352,1000,1000,True,0.04105969006395626,7.2824747854009075,0.07389919644061024,True
pud,equalize,353,1000,1000,True,0.03958353567199748,8.241406130024172,0.10963062055357965,True
pud,equalize,354,1000,1000,True,0.039578170813445536,7.888282385919003,0.07311298883100367,True
pud,equalize,355,1000,1000,True,0.04130375883412018,7.616831624763672,0.0964678824566965,True
pud,equalize,356,1000,1000,True,0.03908945738958711,6.8518257420923945,0.0728270435456839,True
pud,equalize,357,1000,1000,True,0.038932191764085876,7.4633105254973815,0.1035251976245874,True
pud,equalize,358,1000,1000,True,0.04401317283173357,7.033050831609282,0.12122042772885036,True
pud,equalize,359,1000,1000,True,0.04345268464052752,7.767361199274823,0.10521779352407118,True
pud,equalize,360,1000,1000,True,0.0395554790885653,7.196580785345219,0.08879645124151314,True
pud,equalize,361,1000,1000,True,0.042375254833714245,7.277444537748123,0.10368899128441865,True
pud,equalize,362,1000,1000,True,0.03392601973139224,4.8681206846174225,0.08807684635701674,True
pud,equalize,363,1000,1000,True,0.04068426911087896,6.797826417318994,0.09800427743247603,True
pud,equalize,364,1000,1000,True,0.03703978341669341,5.689491717192319,0.0650954057660896,True
pud,equalize,365,1000,1000,True,0.04146375927642516,6.956371180435961,0.10882549401747804,True
pud,equalize,366,1000,1000,True,0.034893699243754316,5.637727822447622,0.0981437337232276,True
pud,equalize,367,1000,1000,True,0.04015675304123598,4.700170103304773,0.09927850773840949,True
pud,equalize,368,1000,1000,True,0.03723152620038395,4.453306187542015,0.11790529574803711,True
pud,equalize,369,1000,1000,True,0.036676724209850485,4.719849044196223,0.06086159566722264,True
pud,equalize,370,1000,1000,True,0.032132472710159364,6.941239010436105,0.09816407529749539,True
pud,equalize,371,1000,1000,True,0.04531096261759767,6.13904870480761,0.09874409124375776,True
pud,equalize,372,1000,1000,True,0.04304171820655908,7.654733894786938,0.10037105480154779,True
pud,equalize,373,1000,1000,True,0.040470998608819406,4.6001642361985295,0.06870737376640547,True
pud,equalize,374,1000,1000,True,0.03820010826692692,7.752055146862669,0.07922952981724508,True
pud,equalize,375,1000,1000,True,0.043209343982608756,6.030183993876141,0.10335068910399972,True
pud,equalize,376,1000,1000,True,0.033764600865476536,6.493850629634162,0.10167650468489893,True
pud,equalize,377,1000,1000,True,0.041822905591299676,6.205212002824722,0.0958596994326012,True
pud,equalize,378,1000,1000,True,0.03748353383343112,6.988907711509718,0.06296324520633907,True
pud,equalize,379,1000,1000,True,0.03874787767983375,4.087686876462041,0.10673917905660982,True
pud,equalize,380,1000,1000,True,0.043647294260885136,7.955322997842388,0.10576223917149212,True
pud,equalize,381,1000,1000,True,0.04565288248306284,7.607663504651083,0.09491152475260418,True
pud,equalize,382,1000,1000,True,0.0366887139103439,5.475337341205563,0.08646759972653997,True
pud,equalize,383,1000,1000,True,0.04146881023398456,8.293707916245905,0.09291689104772775,True
pud,equalize,384,1000,1000,True,0.04350483299390036,6.794048866471303,0.09573207210558868,True
pud,equalize,385,1000,1000,True,0.043680229728514514,5.735468594631132,0.10904360663582323,True
pud,equalize,386,1000,1000,True,0.03637132909651384,6.385726270362674,0.05373349761026261,True
pud,equalize,387,1000,1000,True,0.041489287625293365,7.324266447911354,0.10406973920061466,True
pud,equalize,388,1000,1000,True,0.04488124797455043,5.007713150730581,0.12105387230485441,True
pud,equalize,389,1000,1000,True,0.043461972877674955,7.435169870285412,0.10983819693609705,True
pud,equalize,390,1000,1000,True,0.03831056328559083,6.287558429151971,0.07030001317106457,True
pud,equalize,391,1000,1000,True,0.040644181701355975,5.638701180236455,0.06936642283759449,True
pud,equalize,392,1000,1000,True,0.029631781403348045,4.661915486149443,0.05275119213444317,True
pud,equalize,393,1000,1000,True,0.044394103434500023,6.591703194167649,0.10451766700443223,True
pud,equalize,394,1000,1000,True,0.03632007913190924,6.507312502101001,0.050651966678452495,True
pud,equalize,395,1000,1000,True,0.032260812141048166,6.058560555115381,0.08342678907762464,True
pud,equalize,396,1000,1000,True,0.03876767776777677,6.965909847248958,0.09959636068515956,True
pud,equalize,397,1000,1000,True,0.036358808602083806,6.553725581682529,0.06613062177087456,True
pud,equalize,398,1000,1000,True,0.04237813173539764,7.4221072479451555,0.10161954645747157,True
pud,equalize,399,1000,1000,True,0.04010957214653103,5.241984357092264,0.11058986123242677,True
pud,equalize,400,1000,1000,True,0.03528560718018147,7.651334458772535,0.06872291744910172,True
pud,equalize,401,1000,1000,True,0.036762668934130646,8.185174341454188,0.10078126356828314,True
pud,equalize,402,1000,1000,True,0.035771400397800385,3.853416146745638,0.08090537072621123,True
pud,equalize,403,1000,1000,True,0.03997205814189164,6.163333432486027,0.10032883956960091,True
pud,equalize,404,1000,1000,True,0.04415167460437226,7.3573092228069354,0.10697732308447892,True
pud,equalize,405,1000,1000,True,0.03905562825977112,4.396902432394879,0.06627102508209828,True
pud,equalize,406,1000,1000,True,0.04252025806223444,6.787043465309471,0.10385678113466795,True
pud,equalize,407,1000,1000,True,0.041388851603264346,5.885476956033385,0.10718526478790974,True
pud,equalize,408,1000,1000,True,0.04090624631586626,5.831728388736909,0.101018624367667,True
pud,equalize,409,1000,1000,True,0.03953126438905707,8.612592582956655,0.0860522888699254,True
pud,equalize,410,1000,1000,True,0.039520233917436386,5.756844969251821,0.12659974791775655,True
pud,equalize,411,1000,1000,True,0.04259594688885346,5.913045831041732,0.10585974356969687,True
pud,equalize,412,1000,1000,True,0.04395456548710832,7.309028936869794,0.10430557907974286,True
pud,equalize,413,1000,1000,True,0.03885730622307188,7.836008167428107,0.09722190412646375,True
pud,equalize,414,1000,1000,True,0.03730633282883488,7.369504732341245,0.06546553517917879,True
pud,equalize,415,1000,1000,True,0.039933840347983966,6.777533179557294,0.06424471347804847,True
pud,equalize,416,1000,1000,True,0.042741946032174113,5.897159994438001,0.10133376644644283,True
pud,equalize,417,1000,1000,True,0.04384155534773649,7.18159285952636,0.10009741181395178,True
pud,equalize,418,1000,1000,True,0.03395646995569258,4.040126730685562,0.06421199361067051,True
pud,equalize,419,1000,1000,True,0.03346598604885598,5.751269425092168,0.09674479027030058,True
pud,equalize,420,1000,1000,True,0.039016115695320285,5.249121736062139,0.1289720569793375,True
pud,equalize,421,1000,1000,True,0.03933132292413978,5.470457019299211,0.10645297982480456,True
pud,equalize,422,1000,1000,True,0.04404845676309077,6.082845058029999,0.11020927119253682,True
pud,equalize,423,1000,1000,True,0.03696376437192525,7.017647469059699,0.10868493143480219,True
pud,equalize,424,1000,1000,True,0.03646300171169621,5.609995008910436,0.0864749189357138,True
pud,equalize,425,1000,1000,True,0.04247257793616029,6.53222588403065,0.10296979720190999,True
pud,equalize,426,1000,1000,True,0.04576579670614452,6.407969725271805,0.10735604774606003,True
pud,equalize,427,1000,1000,True,0.03406702906236179,7.305336131897012,0.08608465543425592,True
pud,equalize,428,1000,1000,True,0.04204580688419726,6.364351891591162,0.10188218262190142,True
pud,equalize,429,1000,1000,True,0.03132387564119718,5.147577974154446,0.053994677378285956,True
pud,equalize,430,1000,1000,True,0.039120554415521494,5.237136622239293,0.08700196961017254,True
pud,equalize,431,1000,1000,True,0.035433094664887296,5.676992073272606,0.06929383133965385,True
pud,equalize,432,1000,1000,True,0.04268656798595728,3.7392293323624854,0.10523518868834514,True
pud,equalize,433,1000,1000,True,0.040062468196863404,5.136845724761451,0.10119029317132532,True
pud,equalize,434,1000,1000,True,0.040095316988950774,5.091057945064071,0.10861893464292016,True
pud,equalize,435,1000,1000,True,0.03955792595893824,5.6131128618619455,0.09718184494880884,True
pud,equalize,436,1000,1000,True,0.043081266875006775,4.885891525607175,0.10403185587615477,True
pud,equalize,437,1000,1000,True,0.04485817981479294,7.768412707883123,0.10578486437512787,True
pud,equalize,438,1000,1000,True,0.04395849754225956,5.6999753508238955,0.06485441911706824,True
pud,equalize,439,1000,1000,True,0.04023552726535329,5.706918520532775,0.09145342469743213,True
pud,equalize,440,1000,1000,True,0.04403197491386022,6.009478845956611,0.10678645993145085,True
pud,equalize,441,1000,1000,True,0.03958244872305882,4.943572695935602,0.09090300827574545,True
pud,equalize,442,1000,1000,True,0.04190267382965047,6.990214588980799,0.06326133919730942,True
pud,equalize,443,1000,1000,True,0.04233431757386016,7.104011261252335,0.0656248221631923,True
pud,equalize,444,1000,1000,True,0.042941102356657525,5.7033911841990985,0.11037891583870714,True
pud,equalize,445,1000,1000,True,0.0379760548338126,5.596876271635813,0.09882852339804049,True
pud,equalize,446,1000,1000,True,0.036014098748156614,6.702210903873437,0.09353226154978443,True
pud,equalize,447,1000,1000,True,0.04208022760817194,6.376029799177541,0.10852646260898655,True
pud,equalize,448,1000,1000,True,0.041113177125264036,6.329860661973532,0.0630947709676229,True
pud,equalize,449,1000,1000,True,0.03947324613575412,6.577373031841816,0.09651799294930953,True
pud,equalize,450,1000,1000,True,0.03830146179075471,6.233262709047325,0.09388199580219027,True
pud,equalize,451,1000,1000,True,0.03444243542528159,7.386624668954015,0.09282882095556315,True
pud,equalize,452,1000,1000,True,0.03948950634169933,5.5447182074475165,0.09404371914759173,True
pud,equalize,453,1000,1000,True,0.040935165539884875,5.24952378792591,0.10904992570513881,True
pud,equalize,454,1000,1000,True,0.03551034451960774,5.497808654364028,0.09151332291860534,True
pud,equalize,455,1000,1000,True,0.03972346385005862,7.115208429835348,0.06683696397268821,True
pud,equalize,456,1000,1000,True,0.03550217520722421,5.501723275483783,0.058182361248868435,True
pud,equalize,457,1000,1000,True,0.04303934318421222,6.0754383380954495,0.10759361069193837,True
pud,equalize,458,1000,1000,True,0.03742770974545629,5.18811565021444,0.0751494962732516,True
pud,equalize,459,1000,1000,True,0.03248179737166384,6.740903129403359,0.07129239046540384,True
pud,equalize,460,1000,1000,True,0.0428672354665333,6.031158346453855,0.10282721873891293,True
pud,equalize,461,1000,1000,True,0.03377078692276383,6.317839820698211,0.07138890099437856,True
pud,equalize,462,1000,1000,True,0.04093773501487532,6.252962178040101,0.08474637178584224,True
pud,equalize,463,1000,1000,True,0.04191188729103351,5.272101668215438,0.08198403262183601,True
pud,equalize,464,1000,1000,True,0.042684926648208776,4.987764930306961,0.10905247066446817,True
pud,equalize,465,1000,1000,True,0.040787579808891174,6.425307463460406,0.08989764000802437,True
pud,equalize,466,1000,1000,True,0.041224047578633426,5.898595680329344,0.10125778799494699,True
pud,equalize,467,1000,1000,True,0.04178427254480764,6.581639233504067,0.11843593413245475,True
pud,equalize,468,1000,1000,True,0.041205561173280225,7.780719761050388,0.09930001927069547,True
pud,equalize,469,1000,1000,True,0.042634426476588785,5.517464635138135,0.09991711070855522,True
pud,equalize,470,1000,1000,True,0.03860014072769077,7.337600084496292,0.08763938175596575,True
pud,equalize,471,1000,1000,True,0.036549307132308986,4.592792614521147,0.08256451200107288,True
pud,equalize,472,1000,1000,True,0.03626580711127355,7.294311208057961,0.08447250995603009,True
pud,equalize,473,1000,1000,True,0.04072951427814152,6.690688977975287,0.11229578172216707,True
pud,equalize,474,1000,1000,True,0.04244563116432917,8.008084914634708,0.10418015675611356,True
pud,equalize,475,1000,1000,True,0.04203753613670103,6.921459311445816,0.09823139663035753,True
pud,equalize,476,1000,1000,True,0.039523131217485394,7.515987227237684,0.11162678945242845,True
pud,equalize,477,1000,1000,True,0.04179075448581693,4.972081958294734,0.12579225476166922,True
pud,equalize,478,1000,1000,True,0.044399687186085245,7.237706819152043,0.10387714490958971,True
pud,equalize,479,1000,1000,True,0.04147752477822653,5.775509587906508,0.10975041888049651,True
pud,equalize,480,1000,1000,True,0.04560714693830181,6.472241033830554,0.10394072325425335,True
pud,equalize,481,1000,1000,True,0.03687981146680607,6.776969160325285,0.08598547034883923,True
pud,equalize,482,1000,1000,True,0.038308810191281135,6.959951077414266,0.09149194054770718,True
pud,equalize,483,1000,1000,True,0.04318175054634671,6.79517409637163,0.10459884037314854,True
pud,equalize,484,1000,1000,True,0.038404846337698355,8.385453118347272,0.07670297047059094,True
pud,equalize,485,1000,1000,True,0.03915912299299165,7.05897435892779,0.0632078132379296,True
pud,equalize,486,1000,1000,True,0.04247019434153095,5.633481250523516,0.09617935663111553,True
pud,equalize,487,1000,1000,True,0.03983754665459195,6.574859314084218,0.09598275565285698,True
pud,equalize,488,1000,1000,True,0.03347808570127962,5.072400220802771,0.057210566234646626,True
pud,equalize,489,1000,1000,True,0.04035242125615969,5.794963330341272,0.10659899473734424,True
pud,equalize,490,1000,1000,True,0.03961913585536573,4.017262749684168,0.06786914060833231,True
pud,equalize,491,1000,1000,True,0.03900812039550386,5.741569123506221,0.09946063865658268,True
pud,equalize,492,1000,1000,True,0.0418751288923758,6.3050693889916865,0.06464222142008624,True
pud,equalize,493,1000,1000,True,0.03501167177519274,5.647103239715031,0.07790851234811441,True
pud,equalize,494,1000,1000,True,0.03385260534861224,5.32943439775742,0.07710765201975742,True
pud,equalize,495,1000,1000,True,0.03440688992155604,5.615582249419913,0.10147077423914413,True
pud,equalize,496,1000,1000,True,0.03974886441424739,7.14834239526899,0.09126078762548946,True
pud,equalize,497,1000,1000,True,0.03598364511898959,4.282312342648537,0.07372239889453837,True
pud,equalize,498,1000,1000,True,0.04367921080777586,7.075483799712921,0.10674198671748181,True
pud,equalize,499,1000,1000,True,0.037339680346717787,6.67700224651752,0.06478051738060422,True
pud,equalize,500,1000,1000,True,0.04242860524704856,5.777880234134314,0.10827595289494636,True
pud,equalize,501,1000,1000,True,0.04155567290536016,6.122241092933208,0.10553301279752918,True
pud,equalize,502,1000,1000,True,0.042692260842012913,5.864734520845765,0.06954135105225408,True
pud,equalize,503,1000,1000,True,0.036611026808198346,4.039906434560088,0.11171100225443938,True
pud,equalize,504,1000,1000,True,0.0415476983064995,5.358809942515222,0.1206128256186037,True
pud,equalize,505,1000,1000,True,0.04336177841325808,5.468452706204928,0.1128748438332048,True
pud,equalize,506,1000,1000,True,0.040833120180849565,5.006994208105298,0.06481464550242436,True
pud,equalize,507,1000,1000,True,0.04408408912045532,5.722747504477199,0.09331493932503289,True
pud,equalize,508,1000,1000,True,0.04248119264327524,7.681827321672885,0.1004428410638989,True
pud,equalize,509,1000,1000,True,0.04345850866411136,5.220502274685837,0.10736732323554236,True
pud,equalize,510,1000,1000,True,0.03211932805287031,5.956414945250205,0.047452177355759656,True
pud,equalize,511,1000,1000,True,0.04115930958400662,6.785703721796288,0.10209173072037461,True
pud,equalize,512,1000,1000,True,0.04345867769118921,4.917867830676217,0.10350217925778718,True
pud,equalize,513,1000,1000,True,0.04530524047850111,5.953926771467717,0.10408447127450775,True
pud,equalize,514,1000,1000,True,0.04149401116984189,6.392683317668724,0.07207197277207875,True
pud,equalize,515,1000,1000,True,0.04358051439081349,5.846075521236448,0.09409742193500742,True
pud,equalize,516,1000,1000,True,0.044693710718374885,7.0497092138612345,0.10881455739575734,True
pud,equalize,517,1000,1000,True,0.0422333187172941,5.8242492220027815,0.07348223855270095,True
pud,equalize,518,1000,1000,True,0.04514727477659185,5.048571184008402,0.07626247641299079,True
pud,equalize,519,1000,1000,True,0.03666515148384545,7.003949671435397,0.0865079201397975,True
pud,equalize,520,1000,1000,True,0.036523246444753486,6.426639557342546,0.11469547226470926,True
pud,equalize,521,1000,1000,True,0.03987157005643787,4.902384725824769,0.07468788058428784,True
pud,equalize,522,1000,1000,True,0.04078863918323034,6.534743759322166,0.09085418992627965,True
pud,equalize,523,1000,1000,True,0.03853598446602127,7.050886398177183,0.09564024928841737,True
pud,equalize,524,1000,1000,True,0.04261788299079723,6.4791782657988355,0.09556225751691091,True
pud,equalize,525,1000,1000,True,0.043551007415599245,7.00941509685366,0.10238986012682176,True
pud,equalize,526,1000,1000,True,0.04353213514317277,6.229477024598453,0.11292761310888111,True
pud,equalize,527,1000,1000,True,0.03560683628354894,4.342726793156576,0.07253011635022916,True
pud,equalize,528,1000,1000,True,0.04481253682609504,6.738711746320656,0.10736552542312042,True
pud,equalize,529,1000,1000,True,0.04284882411916413,6.494168999956807,0.10772570563389681,True
pud,equalize,530,1000,1000,True,0.0436231321012257,5.629429455992854,0.10467798947955334,True
pud,equalize,531,1000,1000,True,0.03411352868740162,4.388464879658946,0.10718334067623812,True
pud,equalize,532,1000,1000,True,0.03893964941157402,6.410914443353615,0.08866371200869325,True
pud,equalize,533,1000,1000,True,0.04032111691329746,5.8881812981599,0.10562509463798814,True
pud,equalize,534,1000,1000,True,0.036082511751830526,5.444683278208201,0.05735222664582926,True
pud,equalize,535,1000,1000,True,0.038046610465338894,6.488287216207371,0.09383791581468785,True
pud,equalize,536,1000,1000,True,0.037966182157998477,5.651585264330708,0.08360037140327448,True
pud,equalize,537,1000,1000,True,0.038951086769098336,6.819382303405493,0.07575527117706801,True
pud,equalize,538,1000,1000,True,0.042303475910072386,7.043595601679585,0.10570753036235707,True
pud,equalize,539,1000,1000,True,0.041774018743416456,7.907069242140226,0.10116089067653139,True
pud,equalize,540,1000,1000,True,0.03635384232583748,6.449515950829178,0.06764218769049059,True
pud,equalize,541,1000,1000,True,0.04129721241302396,6.297213351951798,0.10527860685689376,True
pud,equalize,542,1000,1000,True,0.04032949323623294,4.88188232140022,0.10379656682159877,True
pud,equalize,543,1000,1000,True,0.03974565897563415,5.265562078259072,0.09009198043262011,True
pud,equalize,544,1000,1000,True,0.039603552340979356,6.49251684633933,0.09360352161782837,True
pud,equalize,545,1000,1000,True,0.04206049582021087,8.020497179103051,0.10175448484064564,True
pud,equalize,546,1000,1000,True,0.039329050300393284,7.436538912693188,0.10505060743973255,True
pud,equalize,547,1000,1000,True,0.04328986423724395,4.305939618712738,0.10582002891002495,True
pud,equalize,548,1000,1000,True,0.04176791254681659,5.661745225634936,0.09650901832100435,True
pud,equalize,549,1000,1000,True,0.0335739463951322,4.318723885593983,0.05752336723261059,True
pud,equalize,550,1000,1000,True,0.044853121063486795,6.448492537019796,0.10691428665691982,True
pud,equalize,551,1000,1000,True,0.037766859533357365,5.450788933723264,0.08895815009955976,True
pud,equalize,552,1000,1000,True,0.03730606808616238,6.309910934395191,0.11079460476234593,True
pud,equalize,553,1000,1000,True,0.03818586772389965,6.617992444843074,0.08398543010032039,True
pud,equalize,554,1000,1000,True,0.044352683051052964,6.375326736724951,0.10756352357996772,True
pud,equalize,555,1000,1000,True,0.0430617572594478,6.268897111932848,0.10600471454691456,True
pud,equalize,556,1000,1000,True,0.04313693957103999,6.7439347565052845,0.10517109810467518,True
pud,equalize,557,1000,1000,True,0.03917047105242846,6.881080656408557,0.07002489768858143,True
pud,equalize,558,1000,1000,True,0.04205215897042712,7.207246353497291,0.09986528642175302,True
pud,equalize,559,1000,1000,True,0.03637296343626407,5.980848100395127,0.10967989338226802,True
pud,equalize,560,1000,1000,True,0.03282614886615115,5.265929737472767,0.05836339014006962,True
pud,equalize,561,1000,1000,True,0.04242768139019794,6.925170322815172,0.10440708315217738,True
pud,equalize,562,1000,1000,True,0.042035727014993,5.131656652583063,0.09266716693176981,True
pud,equalize,563,1000,1000,True,0.04295600821742296,7.819486875748305,0.09630603932192697,True
pud,equalize,564,1000,1000,True,0.032721978871006085,5.789535300868283,0.05713088719427468,True
pud,equalize,565,1000,1000,True,0.04510207763958782,7.772998391869126,0.1102176516749506,True
pud,equalize,566,1000,1000,True,0.03942051856521699,6.379999999999999,0.09749744599377279,True
pud,equalize,567,1000,1000,True,0.04006297357725525,3.282712902463449,0.09042789638404979,True
pud,equalize,568,1000,1000,True,0.0440950936494143,6.538256571900494,0.10707426694577606,True
pud,equalize,569,1000,1000,True,0.043173367133333834,6.8002587450772785,0.11752352220557781,True
pud,equalize,570,1000,1000,True,0.04554403648403663,7.811820786474815,0.1026705145984047,True
pud,equalize,571,1000,1000,True,0.04007153480008681,4.888904887600085,0.09484540702937545,True
pud,equalize,572,1000,1000,True,0.0451357773286528,7.981643690368545,0.10700927327994166,True
pud,equalize,573,1000,1000,True,0.04246420569646981,4.9055396237315225,0.09173371016287804,True
pud,equalize,574,1000,1000,True,0.03164353736215539,6.238092977825835,0.04942019879950622,True
pud,equalize,575,1000,1000,True,0.040129344886101176,7.314417543454844,0.07127162353270518,True
pud,equalize,576,1000,1000,True,0.04040870062770831,5.952216309913476,0.10289961487168327,True
pud,equalize,577,1000,1000,True,0.04214584319675468,5.494378854793324,0.10537727869041566,True
pud,equalize,578,1000,1000,True,0.04273401946638166,6.174866395315773,0.10479568363554853,True
pud,equalize,579,1000,1000,True,0.038470068531775536,5.465939626450333,0.11150062337200486,True
pud,equalize,580,1000,1000,True,0.03836587346736133,5.425590843401298,0.09746975725960805,True
pud,equalize,581,1000,1000,True,0.03587697600700773,6.604171333331686,0.11649764211040475,True
pud,equalize,582,1000,1000,True,0.04376014873471011,7.203637692166368,0.10555707542765434,True
pud,equalize,583,1000,1000,True,0.037863026363883,6.14090994885937,0.09450187796161304,True
pud,equalize,584,1000,1000,True,0.04182508993592421,7.1505233374907595,0.10868847543027745,True
pud,equalize,585,1000,1000,True,0.03595345241754596,6.666531256958149,0.0770271204443644,True
pud,equalize,586,1000,1000,True,0.03578135075326804,6.649479979667582,0.098542012723533,True
pud,equalize,587,1000,1000,True,0.03627597238999262,5.820415019566903,0.089909138633826,True
pud,equalize,588,1000,1000,True,0.04115365816360575,9.39184279042191,0.09933327119063431,True
pud,equalize,589,1000,1000,True,0.04682173179092412,7.534470054356843,0.10806070024884905,True
pud,equalize,590,1000,1000,True,0.03557615896101986,5.326153490090198,0.08393764219810905,True
pud,equalize,591,1000,1000,True,0.04313538262920478,4.298595003021336,0.1247855622386255,True
pud,equalize,592,1000,1000,True,0.041987040916671804,6.986065845667359,0.1021223660826608,True
pud,equalize,593,1000,1000,True,0.038330555454904144,7.135332928462414,0.09197395699561968,True
pud,equalize,594,1000,1000,True,0.04448544775236499,5.426396133715268,0.09873235050902535,True
pud,equalize,595,1000,1000,True,0.04503356087340054,7.450922023481389,0.10965183452553275,True
pud,equalize,596,1000,1000,True,0.042244554035745396,6.325249006956168,0.06510106008884463,True
pud,equalize,597,1000,1000,True,0.03866053431576247,5.5745851863614035,0.09971214805195906,True
pud,equalize,598,1000,1000,True,0.03947011840511225,7.174435099713426,0.09838821506764686,True
pud,equalize,599,1000,1000,True,0.04336426816039238,5.317308999860738,0.06844594514949302,True
pud,equalize,600,1000,1000,True,0.03860453341254108,6.231555102861565,0.09702151409626045,True
pud,equalize,601,1000,1000,True,0.04329470643090529,6.064519766642698,0.11699814074707171,True
pud,equalize,602,1000,1000,True,0.0363407722592003,5.808510652482269,0.09970766900925555,True
pud,equalize,603,1000,1000,True,0.0394528254007082,6.410253973127742,0.0893836225228573,True
pud,equalize,604,1000,1000,True,0.04444813318025715,6.6857890334649355,0.10497965705345835,True
pud,equalize,605,1000,1000,True,0.04335825494187858,5.958876068521647,0.1082605310932502,True
pud,equalize,606,1000,1000,True,0.04162222667141224,6.435431220982787,0.09085168418096892,True
pud,equalize,607,1000,1000,True,0.04397807394207165,7.067259652793295,0.1056684191933182,True
pud,equalize,608,1000,1000,True,0.03577140039780039,5.382289382781272,0.11201811141039032,True
pud,equalize,609,1000,1000,True,0.04363766495207021,5.433357709556771,0.11085541189170248,True
pud,equalize,610,1000,1000,True,0.04317519721229989,6.766121488711239,0.1015601846744634,True
pud,equalize,611,1000,1000,True,0.04108523960719041,5.970028391892287,0.1118300910276803,True
pud,equalize,612,1000,1000,True,0.043187218045031985,6.130718636505837,0.10295145146147622,True
pud,equalize,613,1000,1000,True,0.03648983623076635,6.151525908260486,0.09075316135703647,True
pud,equalize,614,1000,1000,True,0.04489218909760704,6.098178006585245,0.11008247413240271,True
pud,equalize,615,1000,1000,True,0.03584121188151711,5.671498920038688,0.11538462571699859,True
pud,equalize,616,1000,1000,True,0.04085716009298979,6.5035091296929854,0.10489276770135005,True
pud,equalize,617,1000,1000,True,0.04194758487139885,5.893895146675074,0.10569454942322133,True
pud,equalize,618,1000,1000,True,0.04215751767237128,6.881469610482923,0.10140419975718493,True
pud,equalize,619,1000,1000,True,0.036446664905256415,7.370982024126772,0.06966418212829989,True
pud,equalize,620,1000,1000,True,0.040970202963424504,6.2248141337713845,0.11976018784467812,True
pud,equalize,621,1000,1000,True,0.04174839244336168,6.243806210958184,0.10596784918893275,True
pud,equalize,622,1000,1000,True,0.039711986249139596,5.601756510238552,0.10298594893970897,True
pud,equalize,623,1000,1000,True,0.036767469183008196,5.416817885068687,0.06669905787181446,True
pud,equalize,624,1000,1000,True,0.03320588784619862,5.354773197811461,0.11048421763165549,True
pud,equalize,625,1000,1000,True,0.042584699912840376,4.401145191879041,0.11132041397650852,True
pud,equalize,626,1000,1000,True,0.03628415802325845,6.0166821421776975,0.09845646716151217,True
pud,equalize,627,1000,1000,True,0.039072828486378185,8.154022075025306,0.09718813116582792,True
pud,equalize,628,1000,1000,True,0.038515053975245184,5.286467251388208,0.13540536260511332,True
pud,equalize,629,1000,1000,True,0.032313090264924155,5.30531205491251,0.05656621925225184,True
pud,equalize,630,1000,1000,True,0.03198417625739638,3.968614367761121,0.061513799515752546,True
pud,equalize,631,1000,1000,True,0.04238331840491428,6.41753815726872,0.10735062202606335,True
pud,equalize,632,1000,1000,True,0.04205287529988472,7.207434980629378,0.10261705150343807,True
pud,equalize,633,1000,1000,True,0.042378954711851206,6.05916421629254,0.10588223367216715,True
pud,equalize,634,1000,1000,True,0.03712095511489401,5.573270494063607,0.14104762176278718,True
pud,equalize,635,1000,1000,True,0.04255700606753369,5.718896309603803,0.10881715324114195,True
pud,equalize,636,1000,1000,True,0.04064826389926994,6.37758543651122,0.06887019101089051,True
pud,equalize,637,1000,1000,True,0.04288128314829729,4.9330898025476895,0.10768994760336181,True
pud,equalize,638,1000,1000,True,0.042598185784124255,7.230509733068617,0.10106441901145753,True
pud,equalize,639,1000,1000,True,0.03251965217799505,6.0178766188748005,0.057473728834771455,True
pud,equalize,640,1000,1000,True,0.042383433462837405,6.698785263015975,0.10058710370668184,True
pud,equalize,641,1000,1000,True,0.04472774155037935,5.009193148601878,0.10191596090122367,True
pud,equalize,642,1000,1000,True,0.03325554627463954,5.223381950422542,0.09850009400258722,True
pud,equalize,643,1000,1000,True,0.04325148823529546,6.8300275255667895,0.09647502779296993,True
pud,equalize,644,1000,1000,True,0.043436616231350596,6.100524485648755,0.10430733080306129,True
pud,equalize,645,1000,1000,True,0.040974172834923384,7.798620134357103,0.06523240882026224,True
pud,equalize,646,1000,1000,True,0.040529525893301575,5.57751907213234,0.08291105973970236,True
pud,equalize,647,1000,1000,True,0.04370660316810067,5.589497204579317,0.10479279908820424,True
pud,equalize,648,1000,1000,True,0.039141345636955364,3.4872562280394597,0.10426815796508586,True
pud,equalize,649,1000,1000,True,0.03560954061366209,4.435723052671345,0.10297956107888595,True
pud,equalize,650,1000,1000,True,0.0413655176370696,6.584155526717151,0.0981257136484232,True
pud,equalize,651,1000,1000,True,0.03816002529957493,5.911175094682951,0.11198038628965452,True
pud,equalize,652,1000,1000,True,0.041106161864249466,6.6290451046889105,0.1147181710342006,True
pud,equalize,653,1000,1000,True,0.04086708204731198,7.156393225640972,0.07087362775469527,True
pud,equalize,654,1000,1000,True,0.0383143527888653,7.912621815807957,0.13405590827415953,True
pud,equalize,655,1000,1000,True,0.04231389900945925,6.417156691245742,0.13356890254993886,True
pud,equalize,656,1000,1000,True,0.03365394699211593,6.841927725429435,0.08575433185617369,True
pud,equalize,657,1000,1000,True,0.04266873692894027,6.3238719152114395,0.10291310910030538,True
pud,equalize,658,1000,1000,True,0.03965387126338158,7.2515981686797835,0.09185953850752145,True
pud,equalize,659,1000,1000,True,0.03541156782468787,5.5431038236713555,0.0602337822033327,True
pud,equalize,660,1000,1000,True,0.038937707453423544,6.117155466391221,0.1090202472983237,True
pud,equalize,661,1000,1000,True,0.03708432166806139,8.62912967801504,0.05773572828836278,True
pud,equalize,662,1000,1000,True,0.03541707581463015,4.969682484827376,0.11799832390523368,True
pud,equalize,663,1000,1000,True,0.038443350979953626,4.859670770741573,0.0931520667020555,True
pud,equalize,664,1000,1000,True,0.04296683188199136,4.500530524282666,0.1173214030129979,True
pud,equalize,665,1000,1000,True,0.03442554320110807,7.268928669343234,0.055971993658204405,True
pud,equalize,666,1000,1000,True,0.04537642831816516,6.222959987015827,0.1075645031861302,True
pud,equalize,667,1000,1000,True,0.043517033702014006,5.718201115735612,0.10893670095433776,True
pud,equalize,668,1000,1000,True,0.03706075092681285,5.719123621674915,0.0936123237639886,True
pud,equalize,669,1000,1000,True,0.03542733651912752,5.168101779183533,0.10225707075072372,True
pud,equalize,670,1000,1000,True,0.03402209703148461,6.085126457190516,0.10357144370248628,True
pud,equalize,671,1000,1000,True,0.029680968254812888,5.8744749552619595,0.08059095850399468,True
pud,equalize,672,1000,1000,True,0.043048922786597346,6.091206694900444,0.10640154783985076,True
pud,equalize,673,1000,1000,True,0.04403661635783242,5.887815808939679,0.09965442511220685,True
pud,equalize,674,1000,1000,True,0.0415171480264109,6.027847957604771,0.0998156764203863,True
pud,equalize,675,1000,1000,True,0.03620189613750387,4.398974312268713,0.06562912632530028,True
pud,equalize,676,1000,1000,True,0.03650224244760456,6.435746965193705,0.07061275371810903,True
pud,equalize,677,1000,1000,True,0.044708900707455736,4.47677517863026,0.10909611800134303,True
pud,equalize,678,1000,1000,True,0.04163834741327569,7.300967333168941,0.10618371221962783,True
pud,equalize,679,1000,1000,True,0.038448291393911274,4.540680015151915,0.09935191225706631,True
pud,equalize,680,1000,1000,True,0.04353282286581778,5.840665715481412,0.06514519775181787,True
pud,equalize,681,1000,1000,True,0.03925338862465914,5.99150390135899,0.08849206981279784,True
pud,equalize,682,1000,1000,True,0.039162617600001545,5.7490781869791965,0.11042447337881062,True
pud,equalize,683,1000,1000,True,0.044155157130674645,6.729916418500307,0.10642165146827298,True
pud,equalize,684,1000,1000,True,0.037117496124045316,8.332982119265587,0.07183907857062577,True
pud,equalize,685,1000,1000,True,0.04144841208294391,5.988569027739432,0.06025590591411654,True
pud,equalize,686,1000,1000,True,0.042147265336064714,7.293958870188397,0.10922487845758436,True
pud,equalize,687,1000,1000,True,0.04067892347168021,6.217136318273872,0.10848722687515673,True
pud,equalize,688,1000,1000,True,0.034483044679528674,4.138579345620911,0.04933755612557683,True
pud,equalize,689,1000,1000,True,0.04018537293009566,4.789010753798743,0.114786285045592,True
pud,equalize,690,1000,1000,True,0.03611009229332015,5.238744506081586,0.1060968803720984,True
pud,equalize,691,1000,1000,True,0.043079712219770826,7.384285408893674,0.10895195225985888,True
pud,equalize,692,1000,1000,True,0.03377722221765344,5.303628097821339,0.1149926696536526,True
pud,equalize,693,1000,1000,True,0.03596288209931025,5.050938031692726,0.05636871122296724,True
pud,equalize,694,1000,1000,True,0.03642329840454688,6.420254745724659,0.07668221339953518,True
pud,equalize,695,1000,1000,True,0.03808862958552991,6.630441840480919,0.08322066383350285,True
pud,equalize,696,1000,1000,True,0.0443373696296816,6.461427009569945,0.10668503545541641,True
pud,equalize,697,1000,1000,True,0.043202467636427246,5.631320981794591,0.10567814869267493,True
pud,equalize,698,1000,1000,True,0.03715017903683825,6.84015898938029,0.11846708090967406,True
pud,equalize,699,1000,1000,True,0.043464252375577585,6.183822765894895,0.10372524009178656,True
pud,equalize,700,1000,1000,True,0.03617705261353486,4.68592744288684,0.06882385460698175,True
pud,equalize,701,1000,1000,True,0.03875570686769647,5.996338132560571,0.09597025259274902,True
pud,equalize,702,1000,1000,True,0.04001239159912191,5.788324800838322,0.0972416488527675,True
pud,equalize,703,1000,1000,True,0.03966694522155541,6.552751406851934,0.10054358676467721,True
pud,equalize,704,1000,1000,True,0.04296133058840155,6.964252723731384,0.11612036114138183,True
pud,equalize,705,1000,1000,True,0.03469806982214885,5.706813384017388,0.0846409263876116,True
pud,equalize,706,1000,1000,True,0.040590554152656666,4.199988571413022,0.09615742236844335,True
pud,equalize,707,1000,1000,True,0.03980296533403908,6.838277487788865,0.07963640832473673,True
pud,equalize,708,1000,1000,True,0.04382693095053782,6.3922108069118,0.10341578013169418,True
pud,equalize,709,1000,1000,True,0.045234008837992196,6.904864299897572,0.10847423088195693,True
pud,equalize,710,1000,1000,True,0.044572558407196726,5.2684562254990785,0.10741868931808289,True
pud,equalize,711,1000,1000,True,0.04371170281472644,5.772285162741009,0.10204834910744787,True
pud,equalize,712,1000,1000,True,0.04202453721809512,6.148135001770862,0.08709571788597918,True
pud,equalize,713,1000,1000,True,0.040696162648596095,5.050813696821533,0.10403294587370143,True
pud,equalize,714,1000,1000,True,0.04423949271916873,7.089332761268864,0.10502446452207288,True
pud,equalize,715,1000,1000,True,0.0385541001966757,5.760156595093575,0.06991197198735345,True
pud,equalize,716,1000,1000,True,0.04008903516849391,5.6630701920424755,0.07299700315174454,True
pud,equalize,717,1000,1000,True,0.03972828081224125,4.946105943062684,0.07257451768550688,True
pud,equalize,718,1000,1000,True,0.03707916123014199,5.306373526241815,0.09553563358219078,True
pud,equalize,719,1000,1000,True,0.04481720210966177,5.288020329007823,0.11181472992034858,True
pud,equalize,720,1000,1000,True,0.04211129287559717,6.819459729333403,0.1060643870369827,True
pud,equalize,721,1000,1000,True,0.039063101847215446,6.629145042914659,0.06708509797541008,True
pud,equalize,722,1000,1000,True,0.040593679189295684,3.423957359547575,0.09837953967751878,True
pud,equalize,723,1000,1000,True,0.03663430221480181,6.085770616774838,0.09938353193438583,True
pud,equalize,724,1000,1000,True,0.03994343995028131,5.871582750843252,0.09300137726313255,True
pud,equalize,725,1000,1000,True,0.041363853725949286,7.634092938915533,0.07590634580411136,True
pud,equalize,726,1000,1000,True,0.04334210167698122,5.83122208460628,0.10639449013395477,True
pud,equalize,727,1000,1000,True,0.0400047836645742,9.360638813670784,0.09410328906231535,True
pud,equalize,728,1000,1000,True,0.043859055964799984,8.019490258114914,0.1052904718233807,True
pud,equalize,729,1000,1000,True,0.04228696644196883,7.494779449723654,0.09232431029585295,True
pud,equalize,730,1000,1000,True,0.0328245918049333,6.304847341530166,0.058082290494915936,True
pud,equalize,731,1000,1000,True,0.04096902774740818,7.571153082589204,0.0999835733421826,True
pud,equalize,732,1000,1000,True,0.043058295253335994,6.425807653517182,0.11108438789752546,True
pud,equalize,733,1000,1000,True,0.043586880742254384,5.48178064136098,0.10569692930354,True
pud,equalize,734,1000,1000,True,0.04194773938493197,8.21828199808208,0.11167890424928509,True
pud,equalize,735,1000,1000,True,0.0425574760228106,4.578839918581998,0.10740075867033233,True
pud,equalize,736,1000,1000,True,0.035514392839600006,5.944072593769359,0.057787396635222664,True
pud,equalize,737,1000,1000,True,0.032400104785686376,5.58215872221491,0.14737082646788394,True
pud,equalize,738,1000,1000,True,0.03886914419395378,6.332484425563161,0.09007937172225694,True
pud,equalize,739,1000,1000,True,0.040988331672969246,6.736699414401684,0.09165621152497583,True
pud,equalize,740,1000,1000,True,0.040755404095199003,7.238147207676836,0.07032757217057481,True
pud,equalize,741,1000,1000,True,0.032127598612292724,6.91330196071313,0.08401656509210874,True
pud,equalize,742,1000,1000,True,0.04300179582813309,7.302481701449173,0.10214833017736849,True
pud,equalize,743,1000,1000,True,0.04434262642783486,5.090577079271072,0.09551256849619709,True
pud,equalize,744,1000,1000,True,0.03884317312946295,5.285973798648646,0.08212772272202715,True
pud,equalize,745,1000,1000,True,0.042130449971663195,6.381222453417527,0.10582279095931912,True
pud,equalize,746,1000,1000,True,0.04006567294016349,6.106704430378141,0.09697729847625726,True
pud,equalize,747,1000,1000,True,0.03559177148627003,7.576618704936919,0.09725108396996578,True
pud,equalize,748,1000,1000,True,0.04110026133106068,7.403474251998179,0.09872081597197645,True
pud,equalize,749,1000,1000,True,0.043859365597524146,5.578485816061559,0.11029041293414939,True
pud,equalize,750,1000,1000,True,0.04378358534518402,6.946071983502618,0.0873528385060367,True
pud,equalize,751,1000,1000,True,0.0444864676330807,5.301493280199457,0.11534346134078895,True
pud,equalize,752,1000,1000,True,0.046115576758326324,5.705783381797806,0.11058943701930539,True
pud,equalize,753,1000,1000,True,0.041830959059080505,6.152527935735034,0.10302354459413994,True
pud,equalize,754,1000,1000,True,0.03966329895445685,4.754087819971356,0.06834351775957312,True
pud,equalize,755,1000,1000,True,0.035502870689008995,7.198808165245134,0.0557957905841792,True
pud,equalize,756,1000,1000,True,0.032423889988329735,5.694192128827408,0.10195818496560971,True
pud,equalize,757,1000,1000,True,0.03800935394944673,7.189881779278433,0.07540631584380583,True
pud,equalize,758,1000,1000,True,0.03987633816787861,5.500711226741502,0.09029903407875167,True
pud,equalize,759,1000,1000,True,0.04006351592960827,5.874697524128369,0.09655646272428978,True
pud,equalize,760,1000,1000,True,0.044119584968330995,6.082606020448801,0.11647091302229459,True
pud,equalize,761,1000,1000,True,0.033973962433852055,5.69423840386052,0.05926583655628299,True
pud,equalize,762,1000,1000,True,0.04366592450599167,5.856906948210804,0.1008757205062463,True
pud,equalize,763,1000,1000,True,0.03973041873476174,5.564348569239709,0.08982850876895554,True
pud,equalize,764,1000,1000,True,0.04165452267472597,6.322744657188048,0.10882551387030434,True
pud,equalize,765,1000,1000,True,0.04317340287780641,4.679625626051725,0.10600476054998312,True
pud,equalize,766,1000,1000,True,0.042764910041577286,5.7235988678453005,0.10590388374650192,True
pud,equalize,767,1000,1000,True,0.04422619189329686,7.280523058132568,0.10590028153706499,True
pud,equalize,768,1000,1000,True,0.04360681649059519,5.3255350904862135,0.10141266631387269,True
pud,equalize,769,1000,1000,True,0.041644988434725194,5.746010703087839,0.10128135850316639,True
pud,equalize,770,1000,1000,True,0.04587986325014333,4.47988292257733,0.11040076041963917,True
pud,equalize,771,1000,1000,True,0.03800695030655497,7.567183822268361,0.07830885275467318,True
pud,equalize,772,1000,1000,True,0.037802212685907916,6.698279704521155,0.1251975776794029,True
pud,equalize,773,1000,1000,True,0.04467528800158642,5.279528766850314,0.10158272855530483,True
pud,equalize,774,1000,1000,True,0.036074981926366295,4.587455830850037,0.11049209568958561,True
pud,equalize,775,1000,1000,True,0.034214797174307685,4.585353966707477,0.06165713139493153,True
pud,equalize,776,1000,1000,True,0.04287213115334518,7.854718263566173,0.10249031511005333,True
pud,equalize,777,1000,1000,True,0.03912216384229921,5.946247219885833,0.09457677265547776,True
pud,equalize,778,1000,1000,True,0.04197528814451207,6.542344457455599,0.10484931868939172,True
pud,equalize,779,1000,1000,True,0.04179430967234242,5.612860144347087,0.09153794598720005,True
pud,equalize,780,1000,1000,True,0.03836832380499491,6.018176135674329,0.09009184271318237,True
pud,equalize,781,1000,1000,True,0.03707079480076593,6.024575586711482,0.12380434534347301,True
pud,equalize,782,1000,1000,True,0.04109776209701346,5.516212378072476,0.09542543077977785,True
pud,equalize,783,1000,1000,True,0.036224565363886276,5.950519641174206,0.09676487412381381,True
pud,equalize,784,1000,1000,True,0.03961605236439229,3.75188899089512,0.10554056911157464,True
pud,equalize,785,1000,1000,True,0.04280180998826574,5.935330740573772,0.10398893519012158,True
pud,equalize,786,1000,1000,True,0.03993498419885706,5.557902841899992,0.11640603904405444,True
pud,equalize,787,1000,1000,True,0.03973422662431093,5.606745936815757,0.10362696572172399,True
pud,equalize,788,1000,1000,True,0.04500408623422743,5.232756825995261,0.10557186072897351,True
pud,equalize,789,1000,1000,True,0.03563745948462823,5.5117851010357795,0.06795568545151455,True
pud,equalize,790,1000,1000,True,0.040459934457390025,5.408785076151576,0.0877395584867897,True
pud,equalize,791,1000,1000,True,0.034539794547845934,6.523363472933268,0.11674085260381932,True
pud,equalize,792,1000,1000,True,0.0426908264931316,7.534715389449027,0.098602606206009,True
pud,equalize,793,1000,1000,True,0.03998858479091562,5.252541384891699,0.09286663675519978,True
pud,equalize,794,1000,1000,True,0.04302574451834651,4.864745008733757,0.0933719496832658,True
pud,equalize,795,1000,1000,True,0.035906901224633074,4.150891470515702,0.07393851215873169,True
pud,equalize,796,1000,1000,True,0.04249818442018842,7.624414469321563,0.0919845498298894,True
pud,equalize,797,1000,1000,True,0.0392567223149562,7.148297419665749,0.10544379990436425,True
pud,equalize,798,1000,1000,True,0.03771764986198254,5.579328902296403,0.08918376021686769,True
pud,equalize,799,1000,1000,True,0.036757985610923236,8.060004900742927,0.06800928041247181,True
pud,equalize,800,1000,1000,True,0.03815367885114807,5.162610870480169,0.08357068347095452,True
pud,equalize,801,1000,1000,True,0.04272477380041113,7.326977821721586,0.1002622333288999,True
pud,equalize,802,1000,1000,True,0.03865504135584675,3.638461213205385,0.06552511440115119,True
pud,equalize,803,1000,1000,True,0.03788019450586902,6.366867283052161,0.07632406218969089,True
pud,equalize,804,1000,1000,True,0.0390374543164148,6.548594963807122,0.09544489651943124,True
pud,equalize,805,1000,1000,True,0.03699705694000839,6.256590445282478,0.10175059316719752,True
pud,equalize,806,1000,1000,True,0.043131540119573986,7.709847209899817,0.05697415051723452,True
pud,equalize,807,1000,1000,True,0.04062112811558434,5.276288089177846,0.09903070916652415,True
pud,equalize,808,1000,1000,True,0.038154965050759666,5.840026626651628,0.09697511708337007,True
pud,equalize,809,1000,1000,True,0.04146761937693221,6.777543802883166,0.10637795127994579,True
pud,equalize,810,1000,1000,True,0.0425181384677814,5.702023412789534,0.09596540271638794,True
pud,equalize,811,1000,1000,True,0.03904938152558712,5.072570847213472,0.12127865882511957,True
pud,equalize,812,1000,1000,True,0.04476727061725473,5.944694357155799,0.10501159900661415,True
pud,equalize,813,1000,1000,True,0.04072066239243921,5.3752302276274655,0.08687508770756741,True
pud,equalize,814,1000,1000,True,0.03916312198301855,5.550890379029296,0.07885294877722834,True
pud,equalize,815,1000,1000,True,0.03882634812394768,6.694025321135259,0.0922504903128594,True
pud,equalize,816,1000,1000,True,0.04325956113542566,8.093468910176897,0.1033713765095613,True
pud,equalize,817,1000,1000,True,0.04036830286924644,5.298799486676204,0.10629842396889808,True
pud,equalize,818,1000,1000,True,0.034064796643608064,5.887946925711883,0.12189861755968753,True
pud,equalize,819,1000,1000,True,0.04115169018325095,7.3416684752173325,0.10747216636510999,True
pud,equalize,820,1000,1000,True,0.04013096461571357,6.839003947944466,0.06309414482431085,True
pud,equalize,821,1000,1000,True,0.040736720171982065,6.7248089935700035,0.09423283417703744,True
pud,equalize,822,1000,1000,True,0.03625488472835995,6.762397208091226,0.07162582815758055,True
pud,equalize,823,1000,1000,True,0.04052723516505237,4.2737616919992165,0.10282794211211438,True
pud,equalize,824,1000,1000,True,0.03968493043591867,6.691641353210735,0.10146160254068264,True
pud,equalize,825,1000,1000,True,0.03834303258935251,5.359066989691396,0.08099638461676949,True
pud,equalize,826,1000,1000,True,0.039524332246176824,6.934918889215648,0.08415825113776962,True
pud,equalize,827,1000,1000,True,0.030966072633141387,5.352916121143689,0.11499817497209935,True
pud,equalize,828,1000,1000,True,0.03851553478472143,6.654225048794187,0.09216964431597495,True
pud,equalize,829,1000,1000,True,0.03912542509531225,7.429199082000697,0.07067749742297974,True
pud,equalize,830,1000,1000,True,0.036287051732770886,5.833736281320918,0.0815681613025058,True
pud,equalize,831,1000,1000,True,0.0418542503409742,7.012195020106044,0.08725240737419565,True
pud,equalize,832,1000,1000,True,0.04528888888888889,5.5534133647694555,0.10885918869329755,True
pud,equalize,833,1000,1000,True,0.04244834769719809,7.123779263845841,0.10320707639151469,True
pud,equalize,834,1000,1000,True,0.041284074590752486,6.233325837785156,0.08738663838311457,True
pud,equalize,835,1000,1000,True,0.036000761308822564,6.9052443113911615,0.06843648492679766,True
pud,equalize,836,1000,1000,True,0.04114412488248692,7.62691943054337,0.06799812633584242,True
pud,equalize,837,1000,1000,True,0.03622303850477648,4.330444665389456,0.10919769364000458,True
pud,equalize,838,1000,1000,True,0.04240314453748291,5.370763446661936,0.10367208453152234,True
pud,equalize,839,1000,1000,True,0.042197764846312553,6.191366892698252,0.10396882486211854,True
pud,equalize,840,1000,1000,True,0.04355654760774978,8.144470455468545,0.1000942370783468,True
pud,equalize,841,1000,1000,True,0.040938036585871744,6.944894455641495,0.09058434170960764,True
pud,equalize,842,1000,1000,True,0.03795849585280491,5.243469748172482,0.08982702444692052,True
pud,equalize,843,1000,1000,True,0.03845367743977129,6.7899089831896875,0.06028895032146602,True
pud,equalize,844,1000,1000,True,0.04264021749649207,8.638510924922189,0.10383259021195347,True
pud,equalize,845,1000,1000,True,0.0382692717528545,5.8882921123191565,0.10136014265241795,True
pud,equalize,846,1000,1000,True,0.0429380705346033,6.2624209376246815,0.10571261706819772,True
pud,equalize,847,1000,1000,True,0.044134585133863806,6.824083161861379,0.11210114425468581,True
pud,equalize,848,1000,1000,True,0.04595047790560058,6.8450799118783126,0.11385490224593801,True
pud,equalize,849,1000,1000,True,0.04218441435903567,7.578151159748662,0.10090173621088178,True
pud,equalize,850,1000,1000,True,0.041696100714752875,5.151271687651507,0.07663603574891281,True
pud,equalize,851,1000,1000,True,0.03695242186219304,4.408992628707832,0.09798610130718904,True
pud,equalize,852,1000,1000,True,0.04554254556774494,6.576756343365624,0.12444958273122216,True
pud,equalize,853,1000,1000,True,0.040071904507574856,3.9098025525594,0.10960174820629708,True
pud,equalize,854,1000,1000,True,0.04189281443439398,4.821476537327544,0.10160474374071954,True
pud,equalize,855,1000,1000,True,0.03399160208559872,5.886900712599117,0.05560476820303795,True
pud,equalize,856,1000,1000,True,0.04291961910017031,3.9218657549691827,0.09859283962180701,True
pud,equalize,857,1000,1000,True,0.03898492269494534,5.951278770146799,0.07872047045804416,True
pud,equalize,858,1000,1000,True,0.041527665923297895,5.136403021570641,0.10405335229321923,True
pud,equalize,859,1000,1000,True,0.040428415627173135,6.536883355238947,0.0917281107201947,True
pud,equalize,860,1000,1000,True,0.038925758712683105,6.936353436785065,0.09065441093638094,True
pud,equalize,861,1000,1000,True,0.03807503313390743,5.744242247677234,0.09282128055277405,True
pud,equalize,862,1000,1000,True,0.03344709476394248,7.3816089709493555,0.05793937977226768,True
pud,equalize,863,1000,1000,True,0.04298986242830906,7.740856800122322,0.108436090297522,True
pud,equalize,864,1000,1000,True,0.04221035505742725,5.6169200635223575,0.09418262729373511,True
pud,equalize,865,1000,1000,True,0.04465898082022512,5.333235322016084,0.11022564902827156,True
pud,equalize,866,1000,1000,True,0.04067758809024334,5.777795773476248,0.10655180795170853,True
pud,equalize,867,1000,1000,True,0.03367780527144301,4.471294667095874,0.05139399494152389,True
pud,equalize,868,1000,1000,True,0.04290579833617127,5.696849655730788,0.1021941936211473,True
pud,equalize,869,1000,1000,True,0.0393424957940983,6.822688912738144,0.10031525553886188,True
pud,equalize,870,1000,1000,True,0.03660688561014273,6.279896495962333,0.07514199808724287,True
pud,equalize,871,1000,1000,True,0.043323040088030944,5.811090689362883,0.1043901773913737,True
pud,equalize,872,1000,1000,True,0.043672852261918485,6.649231835332561,0.10531069552800698,True
pud,equalize,873,1000,1000,True,0.03848827142178559,6.2515598053605785,0.10969860167694274,True
pud,equalize,874,1000,1000,True,0.04247804952393677,6.578166233837513,0.10447370689364269,True
pud,equalize,875,1000,1000,True,0.04326820747128055,6.0115804910189805,0.06792309013023116,True
pud,equalize,876,1000,1000,True,0.0431978494549308,6.021467512160138,0.11224643908124549,True
pud,equalize,877,1000,1000,True,0.034440413742657515,6.710742432846011,0.08246353777111673,True
pud,equalize,878,1000,1000,True,0.04259444698056599,7.534658850936783,0.10755470844478161,True
pud,equalize,879,1000,1000,True,0.037438733491293466,6.347438459725309,0.09830383675619002,True
pud,equalize,880,1000,1000,True,0.04369669733543591,5.842417222348983,0.10563802100324239,True
pud,equalize,881,1000,1000,True,0.04409386172672234,5.4584429098415965,0.09965644689335161,True
pud,equalize,882,1000,1000,True,0.04110128411078608,6.274310719114889,0.09008356888309904,True
pud,equalize,883,1000,1000,True,0.039223065776260904,7.456111587147821,0.1072622671334952,True
pud,equalize,884,1000,1000,True,0.03812154700007612,6.341643635525415,0.1009277360354158,True
pud,equalize,885,1000,1000,True,0.03290313317663694,3.6198204375355414,0.10278266414810776,True
pud,equalize,886,1000,1000,True,0.037731972230391854,5.44030137032867,0.0686904525505906,True
pud,equalize,887,1000,1000,True,0.044336478585171084,6.941868336406273,0.10864083083011097,True
pud,equalize,888,1000,1000,True,0.04554061408088606,5.945536056572191,0.10662401693640285,True
pud,equalize,889,1000,1000,True,0.036612728003412316,6.8912807953239,0.10647077150648053,True
pud,equalize,890,1000,1000,True,0.038402223122375886,5.996037358122446,0.09498901755882162,True
pud,equalize,891,1000,1000,True,0.04248995669276549,6.191395238554876,0.10871386159871106,True
pud,equalize,892,1000,1000,True,0.04199663566772233,8.010435631100222,0.10640592204813405,True
pud,equalize,893,1000,1000,True,0.04076289616432699,7.520015890940657,0.09136692474999694,True
pud,equalize,894,1000,1000,True,0.03782284893070019,4.673244697209852,0.09270344061163302,True
pud,equalize,895,1000,1000,True,0.038384018021908196,6.381720692728568,0.08789243636610815,True
pud,equalize,896,1000,1000,True,0.0424727014724796,4.621263788186084,0.07136032718742465,True
pud,equalize,897,1000,1000,True,0.04120977799587298,5.520595529469624,0.0680130479493312,True
pud,equalize,898,1000,1000,True,0.029966854117157726,5.454867917740997,0.12555571091435816,True
pud,equalize,899,1000,1000,True,0.0307952838300419,6.923711071383612,0.05989440914570892,True
pud,equalize,900,1000,1000,True,0.04122357589870805,6.704337700325066,0.09445507848629343,True
pud,equalize,901,1000,1000,True,0.04314277044853875,7.822294036917815,0.10370207505334872,True
pud,equalize,902,1000,1000,True,0.04424925890430536,6.722052960219816,0.1030951232815813,True
pud,equalize,903,1000,1000,True,0.038149148494615155,6.920144434908855,0.0758128877607052,True
pud,equalize,904,1000,1000,True,0.04421907303136382,6.258242484915393,0.10582907194687008,True
pud,equalize,905,1000,1000,True,0.04473284069939039,6.0240676457025275,0.10762777591378607,True
pud,equalize,906,1000,1000,True,0.039827775840424004,5.962078077314989,0.08166284118024322,True
pud,equalize,907,1000,1000,True,0.04041132801701481,6.697514762954988,0.10190554813522541,True
pud,equalize,908,1000,1000,True,0.04288157536953184,6.915290232520975,0.10457849022281757,True
pud,equalize,909,1000,1000,True,0.04283600078162017,6.606360571449306,0.09750186069766142,True
pud,equalize,910,1000,1000,True,0.03867775064635648,5.781238535123767,0.06811789978856467,True
pud,equalize,911,1000,1000,True,0.04296361366046195,7.765229616695183,0.08685562804710349,True
pud,equalize,912,1000,1000,True,0.04426505463374461,6.30835945393095,0.10219030359162334,True
pud,equalize,913,1000,1000,True,0.042217308193572826,5.217527287901809,0.09293216429468232,True
pud,equalize,914,1000,1000,True,0.03479587743425582,4.8749883076782865,0.10166811110085018,True
pud,equalize,915,1000,1000,True,0.04334926202968765,8.52959078737075,0.10547710535033855,True
pud,equalize,916,1000,1000,True,0.03716007415373537,5.551497005313071,0.09569612335247107,True
pud,equalize,917,1000,1000,True,0.03959485563293031,5.71877294530916,0.07584008842522323,True
pud,equalize,918,1000,1000,True,0.04046323739206879,6.48394871972319,0.11567301722346594,True
pud,equalize,919,1000,1000,True,0.04303061069506362,4.932530385106613,0.0836282418774075,True
pud,equalize,920,1000,1000,True,0.04397024807809689,7.3651663932324025,0.10634961212905293,True
pud,equalize,921,1000,1000,True,0.038838977494773295,5.463970625836123,0.05677035285219711,True
pud,equalize,922,1000,1000,True,0.04199700018681523,6.596405005758818,0.1091894802286035,True
pud,equalize,923,1000,1000,True,0.04233941484459506,5.153811696210873,0.10364119253522441,True
pud,equalize,924,1000,1000,True,0.03151560655913391,7.275788617050389,0.055224470108507444,True
pud,equalize,925,1000,1000,True,0.04046665903959902,5.744353662510691,0.09333293915260676,True
pud,equalize,926,1000,1000,True,0.03690184511429621,5.534183227902741,0.05824018382822705,True
pud,equalize,927,1000,1000,True,0.030445060821011054,4.934916817941311,0.08467170515775023,True
pud,equalize,928,1000,1000,True,0.04109366596832229,5.092036822333475,0.06623011138689854,True
pud,equalize,929,1000,1000,True,0.04208815557263318,8.434854770533988,0.10472180607049646,True
pud,equalize,930,1000,1000,True,0.039437645736460594,4.8514409199741895,0.098307162870286,True
pud,equalize,931,1000,1000,True,0.042366418975293675,5.688693259440168,0.08704601876430679,True
pud,equalize,932,1000,1000,True,0.042316956587339964,6.927862513069959,0.10450090908695484,True
pud,equalize,933,1000,1000,True,0.041591901811486046,6.7189861586403055,0.09301966073874177,True
pud,equalize,934,1000,1000,True,0.041093185281056155,5.160658000681695,0.11123153252185504,True
pud,equalize,935,1000,1000,True,0.03727425881718335,7.444622152936978,0.068073856042854,True
pud,equalize,936,1000,1000,True,0.04396564174808538,7.922178930067157,0.09463431828639579,True
pud,equalize,937,1000,1000,True,0.040502325798177675,6.51236853993998,0.08583235957736035,True
pud,equalize,938,1000,1000,True,0.04181706043243447,5.51778207253603,0.10616200989845197,True
pud,equalize,939,1000,1000,True,0.035283199933266604,5.733094714026622,0.06639046395156238,True
pud,equalize,940,1000,1000,True,0.033502673562008,6.931340346570785,0.11655348954847265,True
pud,equalize,941,1000,1000,True,0.037683830897496495,5.809209842999304,0.11118974106687414,True
pud,equalize,942,1000,1000,True,0.0439983164661087,7.96168801197334,0.11009171260901153,True
pud,equalize,943,1000,1000,True,0.038536024511944475,4.987119308779367,0.09630202233687951,True
pud,equalize,944,1000,1000,True,0.04441641338264245,6.052391180351779,0.06786344676928373,True
pud,equalize,945,1000,1000,True,0.033841314512016746,4.98631888270295,0.13019431631219544,True
pud,equalize,946,1000,1000,True,0.03929135236117957,5.94911346336578,0.09340736746261664,True
pud,equalize,947,1000,1000,True,0.03668066904353684,6.154143644732385,0.1020480103664598,True
pud,equalize,948,1000,1000,True,0.03850674303624314,5.167523197819242,0.0981378194425486,True
pud,equalize,949,1000,1000,True,0.04142150094746376,7.937882274259301,0.11246991312357582,True
pud,equalize,950,1000,1000,True,0.04430956059919606,8.024619554844952,0.10316243873344648,True
pud,equalize,951,1000,1000,True,0.032109873101855826,4.564704152516349,0.08053029182385078,True
pud,equalize,952,1000,1000,True,0.04262492025987256,5.147200792663912,0.1055432595177429,True
pud,equalize,953,1000,1000,True,0.040540733973512516,7.388773578883034,0.09869333410889951,True
pud,equalize,954,1000,1000,True,0.03383529459741451,5.940382479268486,0.07920216280249291,True
pud,equalize,955,1000,1000,True,0.04292748838750364,6.587002277212298,0.10601055095404537,True
pud,equalize,956,1000,1000,True,0.04152392735772806,7.845568430649241,0.10628630098831071,True
pud,equalize,957,1000,1000,True,0.04192876822586459,5.6315738475136765,0.10163682075573464,True
pud,equalize,958,1000,1000,True,0.04009115539293849,5.021143694418634,0.06994555554673035,True
pud,equalize,959,1000,1000,True,0.039030067548487625,5.739597111296228,0.05491928870264926,True
pud,equalize,960,1000,1000,True,0.03472060618461551,6.0990081160792045,0.11317852989692714,True
pud,equalize,961,1000,1000,True,0.03519328639680312,4.995394278733161,0.07306144800909153,True
pud,equalize,962,1000,1000,True,0.044976524740999925,6.994945603791355,0.10726645662111424,True
pud,equalize,963,1000,1000,True,0.04297326041983679,6.958795226186786,0.06671112499074547,True
pud,equalize,964,1000,1000,True,0.0349685555398448,7.024235474412857,0.06764087813638826,True
pud,equalize,965,1000,1000,True,0.03739206854566162,5.058171606420644,0.10485311948943946,True
pud,equalize,966,1000,1000,True,0.03794946444749718,4.722142628087381,0.05882209104632144,True
pud,equalize,967,1000,1000,True,0.038766639597455604,4.415740481504773,0.10472722888120263,True
pud,equalize,968,1000,1000,True,0.04100146188300132,5.024563264603203,0.08262113366684738,True
pud,equalize,969,1000,1000,True,0.04026440390993294,6.0366981040963115,0.09593474891499283,True
pud,equalize,970,1000,1000,True,0.04335967290660645,6.13326797066621,0.10722013296755534,True
pud,equalize,971,1000,1000,True,0.03815621561585291,6.140884626826986,0.07732698249784627,True
pud,equalize,972,1000,1000,True,0.0422870788425618,6.393588585450271,0.10463869406819017,True
pud,equalize,973,1000,1000,True,0.040138647058095035,5.7139967623372,0.09887941028231195,True
pud,equalize,974,1000,1000,True,0.044445022218466725,6.679520940905867,0.12768390561494594,True
pud,equalize,975,1000,1000,True,0.03160934187589424,6.809682444872154,0.049637455988769584,True
pud,equalize,976,1000,1000,True,0.041414967175802994,6.205050845883537,0.09831316491224219,True
pud,equalize,977,1000,1000,True,0.04352659893461486,5.67461355512426,0.10485875214417997,True
pud,equalize,978,1000,1000,True,0.04170347855343473,4.8795490570338576,0.0910648229301998,True
pud,equalize,979,1000,1000,True,0.04078619955418836,4.163303976411043,0.08390488147779288,True
pud,equalize,980,1000,1000,True,0.03977628178440756,4.824303058473835,0.0688386017174939,True
pud,equalize,981,1000,1000,True,0.03477171406136649,5.428664660853533,0.05715246989251484,True
pud,equalize,982,1000,1000,True,0.029470981752091313,6.282513430148797,0.05334096126006868,True
pud,equalize,983,1000,1000,True,0.04018487523348635,4.590551056245862,0.09124356496843024,True
pud,equalize,984,1000,1000,True,0.04002699706232233,4.752573934196079,0.08458013586366511,True
pud,equalize,985,1000,1000,True,0.03213206544294391,7.683266948375541,0.06732459697632577,True
pud,equalize,986,1000,1000,True,0.04302408025142992,5.90585802403004,0.10107629131832382,True
pud,equalize,987,1000,1000,True,0.034066594187065036,6.5323903741279885,0.09292038540972243,True
pud,equalize,988,1000,1000,True,0.04241335539720223,6.918525854544449,0.1004224140048819,True
pud,equalize,989,1000,1000,True,0.03849883756462214,7.047276849961267,0.07580414578714359,True
pud,equalize,990,1000,1000,True,0.043758279639824024,7.115333793997299,0.10252392132787569,True
pud,equalize,991,1000,1000,True,0.0436987315125104,5.975937081328753,0.10476471934651038,True
pud,equalize,992,1000,1000,True,0.03804698849230165,4.236248222189063,0.1262495256072251,True
pud,equalize,993,1000,1000,True,0.03569707772387947,6.722787442720467,0.10483200847069564,True
pud,equalize,994,1000,1000,True,0.0427940445262373,6.853004523564829,0.09775221635578978,True
pud,equalize,995,1000,1000,True,0.04344855195132131,5.201550153559995,0.10765802682912566,True
pud,equalize,996,1000,1000,True,0.0414522170251037,3.24444818112418,0.11831091910828397,True
pud,equalize,997,1000,1000,True,0.04204030840591204,8.140674173555897,0.12257470586755866,True
pud,equalize,998,1000,1000,True,0.04115238768705504,6.660478586408037,0.10837860877270095,True
pud,equalize,999,1000,1000,True,0.043119127261604794,6.384786918919064,0.10390013248723122,True
tobacco,equalize,0,1000,1000,True,0.014332251774617397,9.469521582424319,0.020389365770307026,True
tobacco,equalize,1,1000,1000,True,0.014464309765393592,9.403954008819907,0.019887947742085844,True
tobacco,equalize,2,1000,1000,True,0.01379870362362885,9.327984562594429,0.019013250791352476,True
tobacco,equalize,3,1000,1000,True,0.014372520788477174,7.046798918658031,0.02145797917214985,True
tobacco,equalize,4,1000,1000,True,0.014380734402822967,8.986518736418457,0.020605084844225283,True
tobacco,equalize,5,1000,1000,True,0.012619482476981912,8.919865469837536,0.015920715292252457,True
tobacco,equalize,6,1000,1000,True,0.013330842659177987,6.94188562279731,0.016997119888548573,True
tobacco,equalize,7,1000,1000,True,0.014280543016191593,7.534372170260771,0.0193364574930097,True
tobacco,equalize,8,1000,1000,True,0.01453492776693686,8.87095254186381,0.01941783638984063,True
tobacco,equalize,9,1000,1000,True,0.013846019356063208,8.245985932561371,0.016891475807561507,True
tobacco,equalize,10,1000,1000,True,0.013550490663612521,8.899354527155326,0.01816642082414143,True
tobacco,equalize,11,1000,1000,True,0.013876976590045114,7.763373944362077,0.01904416792334541,True
tobacco,equalize,12,1000,1000,True,0.015370450978455094,8.340130394664103,0.02552376145238348,True
tobacco,equalize,13,1000,1000,True,0.01365248142862294,9.625285658098672,0.018242867904456186,True
tobacco,equalize,14,1000,1000,True,0.013008164428782882,7.489680300253142,0.018116002460375612,True
tobacco,equalize,15,1000,1000,True,0.013763451521685162,8.136682370597983,0.02024897855225822,True
tobacco,equalize,16,1000,1000,True,0.013401672653926947,9.05119168949592,0.01910642517720588,True
tobacco,equalize,17,1000,1000,True,0.012182603807822344,8.994093561888269,0.01641385361036672,True
tobacco,equalize,18,1000,1000,True,0.014896897049254947,8.416056024053072,0.02194437260526454,True
tobacco,equalize,19,1000,1000,True,0.013935970157579542,8.724664750006157,0.02024428788955706,True
tobacco,equalize,20,1000,1000,True,0.014439624641415181,9.590003076120466,0.01940062068710646,True
tobacco,equalize,21,1000,1000,True,0.013528779443448965,9.827444784886863,0.017989937175689478,True
tobacco,equalize,22,1000,1000,True,0.01169029797625474,9.305437066575648,0.013967043911765798,True
tobacco,equalize,23,1000,1000,True,0.015179294662746874,8.930464657564016,0.020555408682184882,True
tobacco,equalize,24,1000,1000,True,0.012053112586305785,8.330300354729113,0.01567576552787007,True
tobacco,equalize,25,1000,1000,True,0.014686304492985441,10.686879993711916,0.02161214734302049,True
tobacco,equalize,26,1000,1000,True,0.013517581266357725,8.412428365222494,0.017025962369140005,True
tobacco,equalize,27,1000,1000,True,0.01406748628321423,8.117686801053612,0.0198901904588304,True
tobacco,equalize,28,1000,1000,True,0.01508336170863194,8.596832905204103,0.020537753235407172,True
tobacco,equalize,29,1000,1000,True,0.013704503354581489,7.1803206056554325,0.019352114000277552,True
tobacco,equalize,30,1000,1000,True,0.013217137511034087,9.837702983928718,0.019137183022713954,True
tobacco,equalize,31,1000,1000,True,0.014860050433471298,10.24392380877562,0.021782023135838036,True
tobacco,equalize,32,1000,1000,True,0.012425196009050146,9.900676290031909,0.0177879412736576,True
tobacco,equalize,33,1000,1000,True,0.013667828391219928,9.348033162114904,0.01796036918919264,True
tobacco,equalize,34,1000,1000,True,0.01411207570370631,8.276761141896026,0.020133410894938707,True
tobacco,equalize,35,1000,1000,True,0.010949575357631264,8.425795570745827,0.013372527332359526,True
tobacco,equalize,36,1000,1000,True,0.012428059526474241,7.300909463895577,0.01854050921400835,True
tobacco,equalize,37,1000,1000,True,0.01232393442379486,7.905743165572734,0.016696574180733385,True
tobacco,equalize,38,1000,1000,True,0.013207764298886123,7.3548011529884345,0.016695977188131032,True
tobacco,equalize,39,1000,1000,True,0.014112944039898484,9.966068633117072,0.019153538776858766,True
tobacco,equalize,40,1000,1000,True,0.0136237298583629,9.346292526986304,0.01800643335981469,True
tobacco,equalize,41,1000,1000,True,0.012678000009744258,8.375696030778576,0.018062165744885002,True
tobacco,equalize,42,1000,1000,True,0.015051719761839163,9.31840565762191,0.02135886240745226,True
tobacco,equalize,43,1000,1000,True,0.014575577392623206,8.969166683700331,0.020814302447123154,True
tobacco,equalize,44,1000,1000,True,0.013559599592429968,7.297045703570727,0.018138839670157704,True
tobacco,equalize,45,1000,1000,True,0.014278058992549542,9.834815707475153,0.020480477209283646,True
tobacco,equalize,46,1000,1000,True,0.014108070569730246,7.5471037491212485,0.02039705689744149,True
tobacco,equalize,47,1000,1000,True,0.012546950892566308,8.372866653661696,0.01632223577096509,True
tobacco,equalize,48,1000,1000,True,0.014480204036968527,9.07961227145741,0.02129257697239931,True
tobacco,equalize,49,1000,1000,True,0.014677885419857418,9.581778070901038,0.018609347511427368,True
tobacco,equalize,50,1000,1000,True,0.013830428184443213,8.80188048089725,0.020500897885084426,True
tobacco,equalize,51,1000,1000,True,0.014467276167837492,8.346160794041774,0.019359865920819834,True
tobacco,equalize,52,1000,1000,True,0.0145474366792852,8.189278295429945,0.021282082518264522,True
tobacco,equalize,53,1000,1000,True,0.015143663348898285,11.440969146012062,0.02067394679312195,True
tobacco,equalize,54,1000,1000,True,0.013002636563722993,7.899782022309223,0.016379030801369716,True
tobacco,equalize,55,1000,1000,True,0.012537469613085347,8.964974902363084,0.01656935544757361,True
tobacco,equalize,56,1000,1000,True,0.013025057980335413,8.637359260792618,0.018109169020419525,True
tobacco,equalize,57,1000,1000,True,0.014515567222471501,8.951906835976343,0.022001853293600267,True
tobacco,equalize,58,1000,1000,True,0.015425658316438764,9.24999805405385,0.022256487616091992,True
tobacco,equalize,59,1000,1000,True,0.013733973321793852,7.877174874280753,0.0190772135006979,True
tobacco,equalize,60,1000,1000,True,0.012987123068511986,8.210749052309417,0.016808199871113295,True
tobacco,equalize,61,1000,1000,True,0.013248696653907604,7.977266135713411,0.01901255588191187,True
tobacco,equalize,62,1000,1000,True,0.012314510893815333,7.628746620513752,0.015474944418849012,True
tobacco,equalize,63,1000,1000,True,0.014065428564244784,10.102538245411399,0.02045698151768684,True
tobacco,equalize,64,1000,1000,True,0.012917987106037719,7.793730557313359,0.016586628536671557,True
tobacco,equalize,65,1000,1000,True,0.01251070541683958,8.072332748344806,0.015640915787398853,True
tobacco,equalize,66,1000,1000,True,0.012976636188496501,8.950445743090118,0.016059016631843025,True
tobacco,equalize,67,1000,1000,True,0.015547509870000696,9.385893883908981,0.02295690536803293,True
tobacco,equalize,68,1000,1000,True,0.0129558065444385,7.138909650639936,0.01634960326568566,True
tobacco,equalize,69,1000,1000,True,0.012662487334858093,7.000013642843848,0.020278512394103405,True
tobacco,equalize,70,1000,1000,True,0.013393694015443153,9.830823973604653,0.01908189238191009,True
tobacco,equalize,71,1000,1000,True,0.014514237105224058,9.003181160012277,0.02112855696325768,True
tobacco,equalize,72,1000,1000,True,0.013599936542757332,8.302840417592042,0.01806118996012139,True
tobacco,equalize,73,1000,1000,True,0.01190802938269675,4.976321432544324,0.01665751132422609,True
tobacco,equalize,74,1000,1000,True,0.014660301435006448,9.997347198132113,0.02182230209258107,True
tobacco,equalize,75,1000,1000,True,0.014075790706216841,8.784644272820614,0.020638506564414315,True
tobacco,equalize,76,1000,1000,True,0.012553915048167304,9.386168067960428,0.01668874130297737,True
tobacco,equalize,77,1000,1000,True,0.015122161919940183,10.219958855103085,0.020799244349506318,True
tobacco,equalize,78,1000,1000,True,0.013284781625145058,8.386159967470213,0.017756791607277746,True
tobacco,equalize,79,1000,1000,True,0.013950086084366431,7.490753700396242,0.019464619430793233,True
tobacco,equalize,80,1000,1000,True,0.014889549575385807,9.411698890211055,0.021057261090490536,True
tobacco,equalize,81,1000,1000,True,0.014308264328141104,10.18042233897985,0.020612412311251133,True
tobacco,equalize,82,1000,1000,True,0.013591081935283798,9.57243960545064,0.01713983166009325,True
tobacco,equalize,83,1000,1000,True,0.010992398849263839,8.782226596939982,0.014779806463100141,True
tobacco,equalize,84,1000,1000,True,0.013090475318138329,9.643648220460967,0.016791584325222327,True
tobacco,equalize,85,1000,1000,True,0.013107876160078422,8.23594341894115,0.018435658839327563,True
tobacco,equalize,86,1000,1000,True,0.01381127640540181,7.453029182822243,0.02021329226477528,True
tobacco,equalize,87,1000,1000,True,0.0142062421282233,8.680937967754407,0.02022189380164334,True
tobacco,equalize,88,1000,1000,True,0.013981737760118908,8.865764208459414,0.018857172446328906,True
tobacco,equalize,89,1000,1000,True,0.014506804352340724,9.446551963547334,0.020273679446013597,True
tobacco,equalize,90,1000,1000,True,0.012115927701766144,7.46500843937902,0.018137862729411966,True
tobacco,equalize,91,1000,1000,True,0.013015219872302326,8.255681134830729,0.01750474914477829,True
tobacco,equalize,92,1000,1000,True,0.011423523668158204,7.338252584914205,0.014059224645467952,True
tobacco,equalize,93,1000,1000,True,0.013024013692086951,7.9160151591567836,0.01658049890835616,True
tobacco,equalize,94,1000,1000,True,0.014707567173993682,8.178754856333573,0.020714918323318315,True
tobacco,equalize,95,1000,1000,True,0.013741391930255418,8.392417470550425,0.019509358443306393,True
tobacco,equalize,96,1000,1000,True,0.013819913260014976,7.207193004214609,0.02139395299708908,True
tobacco,equalize,97,1000,1000,True,0.013226232961325076,7.4628138794961245,0.01824155818426384,True
tobacco,equalize,98,1000,1000,True,0.01521916177923046,10.181917255605645,0.024366387681575678,True
tobacco,equalize,99,1000,1000,True,0.014806631883884966,9.861870816432347,0.020285549095679936,True
tobacco,equalize,100,1000,1000,True,0.013413396064202684,9.736303199880332,0.01679765973547893,True
tobacco,equalize,101,1000,1000,True,0.013972952439034047,8.684053834471548,0.02006316100401,True
tobacco,equalize,102,1000,1000,True,0.013598888416579967,11.082215482474613,0.022502657790660796,True
tobacco,equalize,103,1000,1000,True,0.013787082057545691,8.012771742661837,0.01856574418647395,True
tobacco,equalize,104,1000,1000,True,0.012870809561650919,9.219539034029847,0.018142504379287792,True
tobacco,equalize,105,1000,1000,True,0.01445454423259741,8.900426899873962,0.01978445863153379,True
tobacco,equalize,106,1000,1000,True,0.01389353115560072,9.613008686150243,0.02022139851826541,True
tobacco,equalize,107,1000,1000,True,0.013410182254942497,7.526710768988004,0.018271730732576867,True
tobacco,equalize,108,1000,1000,True,0.013720375065782213,8.10902608208902,0.023588819517330453,True
tobacco,equalize,109,1000,1000,True,0.014022157812238822,9.970375318913527,0.022103764790344517,True
tobacco,equalize,110,1000,1000,True,0.014239266830383509,9.73589728787234,0.01848663480029907,True
tobacco,equalize,111,1000,1000,True,0.012163798690671494,8.947253433316842,0.014381600254523702,True
tobacco,equalize,112,1000,1000,True,0.015246714495060347,11.14049725102071,0.022026660587909665,True
tobacco,equalize,113,1000,1000,True,0.012702768067121862,8.223857428238892,0.018327312265462716,True
tobacco,equalize,114,1000,1000,True,0.013568869620212335,9.268321045367387,0.01969717948243413,True
tobacco,equalize,115,1000,1000,True,0.014401431887371639,8.266618111416543,0.019814964015531157,True
tobacco,equalize,116,1000,1000,True,0.01476544177646023,8.15916932046394,0.021668247479646668,True
tobacco,equalize,117,1000,1000,True,0.012807618551886607,6.934471573234691,0.017929587204974597,True
tobacco,equalize,118,1000,1000,True,0.014429737440075915,9.743024119851084,0.018115603266686306,True
tobacco,equalize,119,1000,1000,True,0.013799287134744974,7.533803222808517,0.019503036233185625,True
tobacco,equalize,120,1000,1000,True,0.015339048438915972,9.042114741585621,0.020554070108250347,True
tobacco,equalize,121,1000,1000,True,0.013631896639108392,8.756660950385141,0.01770011158226255,True
tobacco,equalize,122,1000,1000,True,0.015090662818746438,10.54232417448828,0.021096335873034278,True
tobacco,equalize,123,1000,1000,True,0.013695814264238984,7.683491328816608,0.016959054670778222,True
tobacco,equalize,124,1000,1000,True,0.012247859785443432,7.729491509795454,0.01472565778043909,True
tobacco,equalize,125,1000,1000,True,0.013359468604553703,9.340287736467223,0.01734998750162886,True
tobacco,equalize,126,1000,1000,True,0.013326067711458446,8.53523702072766,0.01899090934515181,True
tobacco,equalize,127,1000,1000,True,0.014059347277391969,8.03459862096421,0.019769820112662376,True
tobacco,equalize,128,1000,1000,True,0.0153002128955453,9.264355563124722,0.021820704334507703,True
tobacco,equalize,129,1000,1000,True,0.01491887923737107,8.787982191606899,0.022206221429131087,True
tobacco,equalize,130,1000,1000,True,0.0156866000034077,7.899036333629565,0.02247279271739512,True
tobacco,equalize,131,1000,1000,True,0.012243874596243235,8.603201671470918,0.015916712800925204,True
tobacco,equalize,132,1000,1000,True,0.01362714634790401,6.131504790832345,0.018707412052916466,True
tobacco,equalize,133,1000,1000,True,0.013674985638641356,8.63956017399034,0.0193206290357568,True
tobacco,equalize,134,1000,1000,True,0.014698120890971141,7.936271101720253,0.02123912272311935,True
tobacco,equalize,135,1000,1000,True,0.014128889952983021,8.4697400196228,0.01749228415698406,True
tobacco,equalize,136,1000,1000,True,0.01493783088141225,8.42193321037397,0.020865109286246103,True
tobacco,equalize,137,1000,1000,True,0.013184043068453898,6.954334978989724,0.018259243775078662,True
tobacco,equalize,138,1000,1000,True,0.012834545805181846,8.152445277338574,0.015924137088839756,True
tobacco,equalize,139,1000,1000,True,0.014285570531580829,7.873910781816111,0.01981930048914262,True
tobacco,equalize,140,1000,1000,True,0.013601741190655837,8.561681844123852,0.01902290982701276,True
tobacco,equalize,141,1000,1000,True,0.014312200054968112,9.482644356929136,0.021241535331563467,True
tobacco,equalize,142,1000,1000,True,0.01357876069694396,9.486615360601483,0.019106061716888962,True
tobacco,equalize,143,1000,1000,True,0.011190411993222505,7.678176866939182,0.012720219707844501,True
tobacco,equalize,144,1000,1000,True,0.013082330683368403,7.662962808209368,0.020949882354582554,True
tobacco,equalize,145,1000,1000,True,0.013836452162176608,9.18838261066658,0.021989958589234342,True
tobacco,equalize,146,1000,1000,True,0.014820999060333101,7.690953386934549,0.022270132751146293,True
tobacco,equalize,147,1000,1000,True,0.012852889359419452,7.979931766625577,0.017634961251305026,True
tobacco,equalize,148,1000,1000,True,0.014140438469007406,10.128470565687595,0.020291809235756193,True
tobacco,equalize,149,1000,1000,True,0.011961808595872134,8.032245949919613,0.015303940855738031,True
tobacco,equalize,150,1000,1000,True,0.014853877337676522,9.25732920447361,0.021804820525603,True
tobacco,equalize,151,1000,1000,True,0.012281239085166942,8.450384547462914,0.015517785494287248,True
tobacco,equalize,152,1000,1000,True,0.013206190041734131,8.375304113881477,0.0194904731988605,True
tobacco,equalize,153,1000,1000,True,0.01400498459960359,8.262229178617597,0.018806220097215057,True
tobacco,equalize,154,1000,1000,True,0.01379313408063701,9.63343739274824,0.018881581559732043,True
tobacco,equalize,155,1000,1000,True,0.015145695132066829,9.214346205781505,0.0209059134969628,True
tobacco,equalize,156,1000,1000,True,0.014799138870910918,9.374429902666082,0.02067082385336479,True
tobacco,equalize,157,1000,1000,True,0.01326524823522759,8.182860074570504,0.01685493198369966,True
tobacco,equalize,158,1000,1000,True,0.012854642872080636,8.279736952343352,0.017560323860293003,True
tobacco,equalize,159,1000,1000,True,0.01483742672870517,8.455659406574984,0.022077278662981027,True
tobacco,equalize,160,1000,1000,True,0.014629443515364294,8.965711572429708,0.02266551569994429,True
tobacco,equalize,161,1000,1000,True,0.01263217448556698,6.9056115587252656,0.014485329634067153,True
tobacco,equalize,162,1000,1000,True,0.015013326455676374,8.994134977861963,0.020966624008793632,True
tobacco,equalize,163,1000,1000,True,0.012385744877288392,7.044884669034689,0.016503399901441305,True
tobacco,equalize,164,1000,1000,True,0.013825714496590022,8.657694612308754,0.01984337324378769,True
tobacco,equalize,165,1000,1000,True,0.013961974590793551,9.889663088295778,0.020254363313783247,True
tobacco,equalize,166,1000,1000,True,0.015022160089629462,10.26618522139553,0.022473715472039996,True
tobacco,equalize,167,1000,1000,True,0.014392800010328326,9.950186128912364,0.019701244095979606,True
tobacco,equalize,168,1000,1000,True,0.013773954351050291,9.148438063407326,0.021393820640439324,True
tobacco,equalize,169,1000,1000,True,0.013500220279906227,8.59522914179721,0.0166613707098518,True
tobacco,equalize,170,1000,1000,True,0.012583665240431774,7.997159433198766,0.016677046292372006,True
tobacco,equalize,171,1000,1000,True,0.014550287801595339,9.245798180795427,0.020480780325931598,True
tobacco,equalize,172,1000,1000,True,0.012910861371391021,6.7991717142604955,0.01694651859594881,True
tobacco,equalize,173,1000,1000,True,0.014167596013813444,9.618369092522912,0.021902255677758428,True
tobacco,equalize,174,1000,1000,True,0.012870630952916942,8.31802861259806,0.018538072859730217,True
tobacco,equalize,175,1000,1000,True,0.014005039741352787,10.491049089581079,0.020571649857613505,True
tobacco,equalize,176,1000,1000,True,0.014712353552794181,7.115231479017391,0.022277120544078318,True
tobacco,equalize,177,1000,1000,True,0.014614153568129671,8.360666899237165,0.020782861872542368,True
tobacco,equalize,178,1000,1000,True,0.01342683215956815,7.900645479959217,0.018404188212151038,True
tobacco,equalize,179,1000,1000,True,0.013834011728674144,9.90671671140343,0.019307484398441235,True
tobacco,equalize,180,1000,1000,True,0.014559776957063982,9.209149309246756,0.02154522075537358,True
tobacco,equalize,181,1000,1000,True,0.014945527140387294,7.918572535501585,0.021620427161721027,True
tobacco,equalize,182,1000,1000,True,0.015155155936239359,9.733858227856002,0.020923483458916557,True
tobacco,equalize,183,1000,1000,True,0.012683702871427917,7.714692216802949,0.016939921250737223,True
tobacco,equalize,184,1000,1000,True,0.014927561426201559,8.752235771504331,0.021267163371740335,True
tobacco,equalize,185,1000,1000,True,0.014155113034139969,8.046393229267384,0.0207311327174094,True
tobacco,equalize,186,1000,1000,True,0.015009261876403135,9.171301706955235,0.022549805323821306,True
tobacco,equalize,187,1000,1000,True,0.014110283292230179,7.934818460431216,0.01860133849872203,True
tobacco,equalize,188,1000,1000,True,0.014521728715198318,8.485535693166343,0.02110485861812348,True
tobacco,equalize,189,1000,1000,True,0.012690569811244647,9.289542507572696,0.01585212274052919,True
tobacco,equalize,190,1000,1000,True,0.01142679747481355,8.24892908200816,0.015769971262825578,True
tobacco,equalize,191,1000,1000,True,0.013770894244249326,8.236833797036335,0.01956984159280992,True
tobacco,equalize,192,1000,1000,True,0.014071128580279365,7.109555260352084,0.0188980432225992,True
tobacco,equalize,193,1000,1000,True,0.012993429286803793,8.85069031206041,0.01762332891261301,True
tobacco,equalize,194,1000,1000,True,0.011985966878756752,9.00952740158994,0.017283132256634737,True
tobacco,equalize,195,1000,1000,True,0.014960656888478788,8.483924504614595,0.02155436368771651,True
tobacco,equalize,196,1000,1000,True,0.01419575212378455,8.867377515364957,0.021171868916765913,True
tobacco,equalize,197,1000,1000,True,0.014793332089069126,10.06713459729232,0.019858384113393315,True
tobacco,equalize,198,1000,1000,True,0.012359539493704845,8.411153309742962,0.01573808781133466,True
tobacco,equalize,199,1000,1000,True,0.013006043597229728,9.213184845643768,0.018897137527446886,True
tobacco,equalize,200,1000,1000,True,0.014236674685314442,7.650636509467692,0.021982635236945207,True
tobacco,equalize,201,1000,1000,True,0.01306778499614236,10.229936412314595,0.0164738794652977,True
tobacco,equalize,202,1000,1000,True,0.01220466533406287,9.213164277271952,0.015006258995965999,True
tobacco,equalize,203,1000,1000,True,0.01196559404739594,8.812529659524557,0.015593862012499956,True
tobacco,equalize,204,1000,1000,True,0.013758523004187692,8.44258674814775,0.018470108544982572,True
tobacco,equalize,205,1000,1000,True,0.01359955093327932,8.189169432854591,0.01755658161565977,True
tobacco,equalize,206,1000,1000,True,0.01292319865934119,9.229799076903028,0.017530579358057716,True
tobacco,equalize,207,1000,1000,True,0.014771024457219029,8.865101860666915,0.0226027149719965,True
tobacco,equalize,208,1000,1000,True,0.012620658901892654,9.526090488757704,0.01895376500308191,True
tobacco,equalize,209,1000,1000,True,0.01413651251544399,9.824631850608958,0.01874335376673351,True
tobacco,equalize,210,1000,1000,True,0.012867003822136205,7.96233075173344,0.018493421345504024,True
tobacco,equalize,211,1000,1000,True,0.014317909285602714,8.01226559719534,0.01996542760847674,True
tobacco,equalize,212,1000,1000,True,0.011759353555536483,7.100556316233257,0.016411086949346693,True
tobacco,equalize,213,1000,1000,True,0.015001313384629032,9.471515137505719,0.021213753732463442,True
tobacco,equalize,214,1000,1000,True,0.014860294161709147,9.108765887868673,0.020955432967496378,True
tobacco,equalize,215,1000,1000,True,0.012195094661718035,6.5154557783780565,0.016146085112584717,True
tobacco,equalize,216,1000,1000,True,0.012445523586369226,8.458200990754476,0.01633561595138528,True
tobacco,equalize,217,1000,1000,True,0.015284152995523038,8.53702899139976,0.02140135219428494,True
tobacco,equalize,218,1000,1000,True,0.013313323147175012,7.893484908454567,0.019562812767980848,True
tobacco,equalize,219,1000,1000,True,0.011488722506989813,7.593731888867291,0.014750416589841777,True
tobacco,equalize,220,1000,1000,True,0.013094185932992629,10.044301867228006,0.017281228797847242,True
tobacco,equalize,221,1000,1000,True,0.013330537286200768,9.22908007333342,0.01778787665608353,True
tobacco,equalize,222,1000,1000,True,0.01532941643538405,11.289329430927241,0.02114234279875074,True
tobacco,equalize,223,1000,1000,True,0.014090087337423824,10.133046728403063,0.02104443993660899,True
tobacco,equalize,224,1000,1000,True,0.014505281108567093,10.39735153777153,0.02124398148184092,True
tobacco,equalize,225,1000,1000,True,0.01479499804966746,9.190026713780544,0.0198148770044686,True
tobacco,equalize,226,1000,1000,True,0.014504629007338784,9.75503721161534,0.019499239774099376,True
tobacco,equalize,227,1000,1000,True,0.014080683001640901,9.031402105985538,0.018782139514490932,True
tobacco,equalize,228,1000,1000,True,0.013390589927718832,9.779983179944637,0.019239997719397745,True
tobacco,equalize,229,1000,1000,True,0.014683868726131902,8.568173667707722,0.021181150397708633,True
tobacco,equalize,230,1000,1000,True,0.012194839393332272,8.80714687058187,0.016869143453716283,True
tobacco,equalize,231,1000,1000,True,0.012664632137296615,8.317164841458897,0.015031567219506966,True
tobacco,equalize,232,1000,1000,True,0.012677830017548582,7.979936779198192,0.015591036236075538,True
tobacco,equalize,233,1000,1000,True,0.013202967963545902,8.958816886174201,0.018142522527738434,True
tobacco,equalize,234,1000,1000,True,0.013761173895039067,7.319620481964894,0.018546356449605526,True
tobacco,equalize,235,1000,1000,True,0.012363622977998154,9.080330390464875,0.01858877860060822,True
tobacco,equalize,236,1000,1000,True,0.013433272433616576,7.838902410414357,0.020087804290849613,True
tobacco,equalize,237,1000,1000,True,0.013399103439739138,9.173699580867034,0.016668879575955094,True
tobacco,equalize,238,1000,1000,True,0.014426102688801644,9.682766340256281,0.019554597594670025,True
tobacco,equalize,239,1000,1000,True,0.014501993476797188,9.064475660511201,0.020900455998727162,True
tobacco,equalize,240,1000,1000,True,0.013811768364083129,9.070826864183882,0.018974045839941802,True
tobacco,equalize,241,1000,1000,True,0.013862914906949285,8.881126054729773,0.019645631237967028,True
tobacco,equalize,242,1000,1000,True,0.011879091797146139,9.356751092125942,0.015023578727093747,True
tobacco,equalize,243,1000,1000,True,0.015426876477686096,9.828162798814434,0.022648010162386482,True
tobacco,equalize,244,1000,1000,True,0.012744712661247347,8.530040797088839,0.01764718603658606,True
tobacco,equalize,245,1000,1000,True,0.012992301360316297,6.42296473600782,0.01793653311863385,True
tobacco,equalize,246,1000,1000,True,0.01224115578874642,8.296939134403722,0.014469461265831705,True
tobacco,equalize,247,1000,1000,True,0.01288452526279918,7.574060931891162,0.01822434685811682,True
tobacco,equalize,248,1000,1000,True,0.014993433347500326,11.228569989094781,0.023169140639144176,True
tobacco,equalize,249,1000,1000,True,0.013483696515365878,8.828562510397715,0.017578055947952618,True
tobacco,equalize,250,1000,1000,True,0.014664781155003921,8.62745756292084,0.020314960815385304,True
tobacco,equalize,251,1000,1000,True,0.014388871351795148,8.66881768178337,0.020913899851577947,True
tobacco,equalize,252,1000,1000,True,0.013078211146998435,9.622556001395887,0.01607035714087629,True
tobacco,equalize,253,1000,1000,True,0.014266663419772702,8.446542428710105,0.02011422911415317,True
tobacco,equalize,254,1000,1000,True,0.014342980447228437,6.9867563289412065,0.019719633019852644,True
tobacco,equalize,255,1000,1000,True,0.012607115789983178,8.255324039672821,0.015832618075270928,True
tobacco,equalize,256,1000,1000,True,0.012211110904055404,6.501959627681488,0.01537989535919549,True
tobacco,equalize,257,1000,1000,True,0.014816859499877542,11.019415184119346,0.02177982872212269,True
tobacco,equalize,258,1000,1000,True,0.012771284115866173,9.78198016763477,0.019092771867190654,True
tobacco,equalize,259,1000,1000,True,0.012597512517623678,8.852646835833902,0.018289514474773356,True
tobacco,equalize,260,1000,1000,True,0.010862724278478869,5.163214502613657,0.011435884603457383,True
tobacco,equalize,261,1000,1000,True,0.014114362871952066,9.984908412198882,0.02036736399071136,True
tobacco,equalize,262,1000,1000,True,0.01318434048293276,6.86563150773474,0.01788759035807733,True
tobacco,equalize,263,1000,1000,True,0.0133820034489338,9.01097109084254,0.018500054606674733,True
tobacco,equalize,264,1000,1000,True,0.014009436276511016,7.771470324205066,0.01917643937016936,True
tobacco,equalize,265,1000,1000,True,0.01390958657544243,8.988831959715345,0.017158326282648576,True
tobacco,equalize,266,1000,1000,True,0.013381101549022258,6.751826345515709,0.02027556918349595,True
tobacco,equalize,267,1000,1000,True,0.013764547136367348,10.226713255000357,0.017377187434095734,True
tobacco,equalize,268,1000,1000,True,0.015064486248927773,9.49900184229901,0.022594828232497106,True
tobacco,equalize,269,1000,1000,True,0.014198374508207032,8.699135071948245,0.02061673349673586,True
tobacco,equalize,270,1000,1000,True,0.014689131514265347,9.650412633664946,0.020880758662047087,True
tobacco,equalize,271,1000,1000,True,0.013656716176320914,9.59042418248536,0.018396390243853356,True
tobacco,equalize,272,1000,1000,True,0.012584777940676662,8.547630314888448,0.016748146913697762,True
tobacco,equalize,273,1000,1000,True,0.014040357244946228,6.883422114036012,0.022280843748211297,True
tobacco,equalize,274,1000,1000,True,0.012668034617272042,7.331496709403885,0.014624433514729007,True
tobacco,equalize,275,1000,1000,True,0.014780108220140148,10.882999540567848,0.019259095318353143,True
tobacco,equalize,276,1000,1000,True,0.013913576560187832,9.121663006272486,0.020773403591219434,True
tobacco,equalize,277,1000,1000,True,0.01287550598889742,8.140613981758378,0.014444002044196116,True
tobacco,equalize,278,1000,1000,True,0.012750806364393349,7.316924968864995,0.01727862873965846,True
tobacco,equalize,279,1000,1000,True,0.012776607987464028,9.49442868212722,0.018001626929131733,True
tobacco,equalize,280,1000,1000,True,0.015111907996446522,8.840153618574735,0.02191796972946666,True
tobacco,equalize,281,1000,1000,True,0.01574575600819881,10.328465471695203,0.022190090736952595,True
tobacco,equalize,282,1000,1000,True,0.013731978538714244,7.602782648478122,0.01924987729541929,True
tobacco,equalize,283,1000,1000,True,0.014423974523533488,9.204967734870124,0.022042900827659362,True
tobacco,equalize,284,1000,1000,True,0.013596704744328872,8.124598451615933,0.018189610412005265,True
tobacco,equalize,285,1000,1000,True,0.01257810169055352,7.019272825585283,0.01810704393130137,True
tobacco,equalize,286,1000,1000,True,0.013250835121231585,9.503247392339105,0.018642179285939527,True
tobacco,equalize,287,1000,1000,True,0.011949974148983435,7.006824958567183,0.016600884697286655,True
tobacco,equalize,288,1000,1000,True,0.013887481501524709,8.132963789418959,0.01904799505427531,True
tobacco,equalize,289,1000,1000,True,0.012726825639231588,7.860976466063234,0.020052750682935955,True
tobacco,equalize,290,1000,1000,True,0.013981429476498304,9.263401319169972,0.01975857808722881,True
tobacco,equalize,291,1000,1000,True,0.015485941044659614,8.813777793886116,0.022863271460628748,True
tobacco,equalize,292,1000,1000,True,0.014494553206373322,7.301965762724445,0.02047214369042194,True
tobacco,equalize,293,1000,1000,True,0.013945259587519439,8.275504516342192,0.019771566951960966,True
tobacco,equalize,294,1000,1000,True,0.01247518819570242,7.387144238472672,0.015104549381829074,True
tobacco,equalize,295,1000,1000,True,0.013453114541731743,9.087017057318645,0.018227368716926436,True
tobacco,equalize,296,1000,1000,True,0.012629473381639262,9.282189181437749,0.015528406359894645,True
tobacco,equalize,297,1000,1000,True,0.011297905854276239,8.28674990572299,0.012589753204621761,True
tobacco,equalize,298,1000,1000,True,0.013830511291636753,8.097022600931776,0.019389138353185016,True
tobacco,equalize,299,1000,1000,True,0.013063404704530428,7.485826607663311,0.017212670866591565,True
tobacco,equalize,300,1000,1000,True,0.012270173319508939,9.250848825918625,0.016046059826854763,True
tobacco,equalize,301,1000,1000,True,0.014074115326143062,8.18421016347943,0.021208497391039027,True
tobacco,equalize,302,1000,1000,True,0.014079431280154443,9.396024212399626,0.019634562024900166,True
tobacco,equalize,303,1000,1000,True,0.01455962235697218,8.214741322768477,0.020527998880600366,True
tobacco,equalize,304,1000,1000,True,0.014105062577536052,8.75850666495151,0.022305067269785397,True
tobacco,equalize,305,1000,1000,True,0.013551720560832203,9.701505862493718,0.019484717567865566,True
tobacco,equalize,306,1000,1000,True,0.012950571132461168,7.115272306805974,0.017765378163573226,True
tobacco,equalize,307,1000,1000,True,0.01477337615604018,9.797639715768284,0.02004651622964069,True
tobacco,equalize,308,1000,1000,True,0.015184664871033642,8.262044238564691,0.02178270334820884,True
tobacco,equalize,309,1000,1000,True,0.01585682602307925,8.640381878134784,0.022757831501468897,True
tobacco,equalize,310,1000,1000,True,0.013358552635259476,8.606527232281323,0.019330058602475192,True
tobacco,equalize,311,1000,1000,True,0.012601902732960217,9.384773572122025,0.0169871086031208,True
tobacco,equalize,312,1000,1000,True,0.013250135740784695,8.380825198033902,0.018554790563909254,True
tobacco,equalize,313,1000,1000,True,0.014236001869791922,9.064641415963457,0.018842085487922433,True
tobacco,equalize,314,1000,1000,True,0.015056291767634039,9.602994532956894,0.021758894543257273,True
tobacco,equalize,315,1000,1000,True,0.014922074218776468,9.960872200766357,0.02162482790853998,True
tobacco,equalize,316,1000,1000,True,0.013582608097466902,8.900026067377556,0.016799646492371537,True
tobacco,equalize,317,1000,1000,True,0.01562830645323522,8.061791116123016,0.02228195714914602,True
tobacco,equalize,318,1000,1000,True,0.011404245877403693,7.4236486312324885,0.01423294015758472,True
tobacco,equalize,319,1000,1000,True,0.014551991048694347,9.743807828564766,0.021337108964498815,True
tobacco,equalize,320,1000,1000,True,0.015053225094076342,9.21044276894439,0.021686531757163438,True
tobacco,equalize,321,1000,1000,True,0.014687819560376465,8.883354715421422,0.0211378472665013,True
tobacco,equalize,322,1000,1000,True,0.01278146502205659,6.667653260330804,0.017174468165639032,True
tobacco,equalize,323,1000,1000,True,0.013856838061537874,7.198488452446111,0.019447316160992267,True
tobacco,equalize,324,1000,1000,True,0.014773911446511566,8.336499025370303,0.020665868287869493,True
tobacco,equalize,325,1000,1000,True,0.014993082379772907,8.891656707273398,0.02134777014450453,True
tobacco,equalize,326,1000,1000,True,0.015127780352356655,9.225433919334092,0.022356445031605894,True
tobacco,equalize,327,1000,1000,True,0.015091861212356523,7.616457903776531,0.021912149314213702,True
tobacco,equalize,328,1000,1000,True,0.013404441903737936,8.871670868556835,0.01849212095390452,True
tobacco,equalize,329,1000,1000,True,0.013801327277433807,7.43872542845883,0.01943323449254908,True
tobacco,equalize,330,1000,1000,True,0.011350206217860736,6.230016051343688,0.014194427464733886,True
tobacco,equalize,331,1000,1000,True,0.01287624617443273,8.563884866110707,0.01794307364515864,True
tobacco,equalize,332,1000,1000,True,0.015132110998669767,9.75669288232442,0.02223462075083427,True
tobacco,equalize,333,1000,1000,True,0.014758336737270896,7.395401544202993,0.02087735668665831,True
tobacco,equalize,334,1000,1000,True,0.013723453417155747,8.683807862913596,0.017690720124550093,True
tobacco,equalize,335,1000,1000,True,0.014136909309842528,8.971034277049664,0.02048165574371484,True
tobacco,equalize,336,1000,1000,True,0.012131852557697978,8.875337514708947,0.017357140870435155,True
tobacco,equalize,337,1000,1000,True,0.014139087034266749,9.422899712933381,0.02014396170709193,True
tobacco,equalize,338,1000,1000,True,0.013989771289978989,6.974788598946924,0.019712566498405214,True
tobacco,equalize,339,1000,1000,True,0.014785116892240774,9.229300677732848,0.021411885208894994,True
tobacco,equalize,340,1000,1000,True,0.014138934608709049,9.97399238018558,0.019748337022955437,True
tobacco,equalize,341,1000,1000,True,0.01336956833465506,6.940904191818238,0.02025880815149344,True
tobacco,equalize,342,1000,1000,True,0.01228357912077466,9.135449852087197,0.015609295306798983,True
tobacco,equalize,343,1000,1000,True,0.014827738168149576,9.751171416809367,0.02134939796857902,True
tobacco,equalize,344,1000,1000,True,0.011444249457941029,9.01572354278901,0.022445830702127603,True
tobacco,equalize,345,1000,1000,True,0.012368928717740656,8.607729317305465,0.015393380613515785,True
tobacco,equalize,346,1000,1000,True,0.015275284714347201,8.88677579327846,0.02198886960735717,True
tobacco,equalize,347,1000,1000,True,0.015317753659860885,8.194534764097348,0.021650494145504653,True
tobacco,equalize,348,1000,1000,True,0.014355473127736336,8.191091197148276,0.02124420832827998,True
tobacco,equalize,349,1000,1000,True,0.013800763806548448,8.503330171174113,0.01794751984172209,True
tobacco,equalize,350,1000,1000,True,0.01355677327755296,9.950767558334382,0.019160022865736953,True
tobacco,equalize,351,1000,1000,True,0.014177091334370414,7.080123657112211,0.020333436543264995,True
tobacco,equalize,352,1000,1000,True,0.012556835504478005,8.592701496037204,0.01956260253439831,True
tobacco,equalize,353,1000,1000,True,0.012991409270675157,7.5926405815104925,0.018003152623585632,True
tobacco,equalize,354,1000,1000,True,0.013769013940819424,8.882245436825082,0.01824963455219797,True
tobacco,equalize,355,1000,1000,True,0.012369637268340143,8.32088360692541,0.015998796290373464,True
tobacco,equalize,356,1000,1000,True,0.013179966224547016,7.896541964683022,0.01816463859748415,True
tobacco,equalize,357,1000,1000,True,0.01339846318154465,9.270684980086422,0.01857702939762349,True
tobacco,equalize,358,1000,1000,True,0.014177867017698317,9.69958741390581,0.019635789806588592,True
tobacco,equalize,359,1000,1000,True,0.013852724560681118,8.084207815240774,0.018925385930968593,True
tobacco,equalize,360,1000,1000,True,0.01322418331833645,7.874091122154988,0.018026187267458756,True
tobacco,equalize,361,1000,1000,True,0.013001931659912916,8.309102478607421,0.01613840830449828,True
tobacco,equalize,362,1000,1000,True,0.014900314104084472,8.042889468344073,0.021737749079348057,True
tobacco,equalize,363,1000,1000,True,0.015124600326590198,9.945948924059484,0.02182156385729609,True
tobacco,equalize,364,1000,1000,True,0.011494149292841994,7.074526415245052,0.014571196378187892,True
tobacco,equalize,365,1000,1000,True,0.013587684575099719,9.375455135618749,0.01919338673906073,True
tobacco,equalize,366,1000,1000,True,0.011811003954699644,11.204587944230703,0.01634970286003105,True
tobacco,equalize,367,1000,1000,True,0.014545769528149904,9.757256991593488,0.021255921866369282,True
tobacco,equalize,368,1000,1000,True,0.014577702726883322,8.197799460830936,0.01963479130607876,True
tobacco,equalize,369,1000,1000,True,0.014100707321246247,9.335917255417382,0.01926031377691858,True
tobacco,equalize,370,1000,1000,True,0.01154750653902523,8.776721711436453,0.014762911606620688,True
tobacco,equalize,371,1000,1000,True,0.012948426072946072,7.15441010845758,0.022180097057930472,True
tobacco,equalize,372,1000,1000,True,0.013825214373882476,8.076142581703223,0.017589027318692083,True
tobacco,equalize,373,1000,1000,True,0.01295323485726872,9.381687694652811,0.01699441471730268,True
tobacco,equalize,374,1000,1000,True,0.012190165073516512,8.403907662510338,0.015732014187606794,True
tobacco,equalize,375,1000,1000,True,0.01488455633738888,9.571128251152002,0.021127108207534433,True
tobacco,equalize,376,1000,1000,True,0.014267714518803189,10.011590083498225,0.02036685490277093,True
tobacco,equalize,377,1000,1000,True,0.014237582935835394,8.423240172285247,0.020457186364226287,True
tobacco,equalize,378,1000,1000,True,0.014220778067638641,8.41872763545656,0.019828927663633353,True
tobacco,equalize,379,1000,1000,True,0.014881266407586417,9.911503417746472,0.02033670872983486,True
tobacco,equalize,380,1000,1000,True,0.014089546886735633,8.50972802150574,0.020250279350453097,True
tobacco,equalize,381,1000,1000,True,0.012068140647089639,7.156081609372548,0.016137473116232433,True
tobacco,equalize,382,1000,1000,True,0.01477568777493459,9.2132982150802,0.02072120244446166,True
tobacco,equalize,383,1000,1000,True,0.011623817497878202,7.557496675487194,0.014878448532839834,True
tobacco,equalize,384,1000,1000,True,0.013095462342594386,6.615419487832953,0.018641430080185425,True
tobacco,equalize,385,1000,1000,True,0.014023530760740175,8.030351424439655,0.018359185971445723,True
tobacco,equalize,386,1000,1000,True,0.013507934350520764,11.054768202002247,0.017986303954491804,True
tobacco,equalize,387,1000,1000,True,0.012686332971521622,7.2259514944400225,0.01648345140462671,True
tobacco,equalize,388,1000,1000,True,0.0146556863657183,10.22756979932183,0.0204042991701197,True
tobacco,equalize,389,1000,1000,True,0.01359818052253849,8.469582988553805,0.01850982620188839,True
tobacco,equalize,390,1000,1000,True,0.014417392156187264,9.292368858369754,0.019760119605912226,True
tobacco,equalize,391,1000,1000,True,0.012113247389665906,7.942606562080235,0.01666982948322569,True
tobacco,equalize,392,1000,1000,True,0.013357640188530053,7.633984477322442,0.018188161250105694,True
tobacco,equalize,393,1000,1000,True,0.012447600928872683,8.066431615032759,0.017317774258044,True
tobacco,equalize,394,1000,1000,True,0.012563698882705927,9.089740975407384,0.017174300850832977,True
tobacco,equalize,395,1000,1000,True,0.01389086975307368,9.269532027022723,0.019604137786810315,True
tobacco,equalize,396,1000,1000,True,0.011383607650910423,7.2536266791171435,0.014402571246144122,True
tobacco,equalize,397,1000,1000,True,0.013438975969873316,8.215122092823696,0.018364512001738807,True
tobacco,equalize,398,1000,1000,True,0.01484317108884102,7.957362377069427,0.022966845931057425,True
tobacco,equalize,399,1000,1000,True,0.011208376261669258,9.921820347093572,0.012740760246540314,True
tobacco,equalize,400,1000,1000,True,0.015541421858802968,8.22421886868291,0.02264322187104627,True
tobacco,equalize,401,1000,1000,True,0.01423348063129939,8.623883985768826,0.02080902805896986,True
tobacco,equalize,402,1000,1000,True,0.01363756934405006,9.387636070917958,0.019554275834913464,True
tobacco,equalize,403,1000,1000,True,0.014582048943378171,10.283076582424153,0.019907804645805213,True
tobacco,equalize,404,1000,1000,True,0.013506416798701465,9.47851839688039,0.01847811741671768,True
tobacco,equalize,405,1000,1000,True,0.012104274603618053,7.2444262022606045,0.017150250865573317,True
tobacco,equalize,406,1000,1000,True,0.01291665237304153,7.220592150232556,0.018223805498315537,True
tobacco,equalize,407,1000,1000,True,0.013674288250931026,9.371196508450776,0.017971570521646784,True
tobacco,equalize,408,1000,1000,True,0.013370008935043573,9.664885721000534,0.019188372206882406,True
tobacco,equalize,409,1000,1000,True,0.013456246915521134,8.63085343404695,0.019709276648834238,True
tobacco,equalize,410,1000,1000,True,0.013407924986257633,8.925371476863022,0.017625766040107783,True
tobacco,equalize,411,1000,1000,True,0.014724766625319165,8.035605702123519,0.020973891101769816,True
tobacco,equalize,412,1000,1000,True,0.013011650070587365,6.745379455597735,0.01858990187748483,True
tobacco,equalize,413,1000,1000,True,0.01404963603094757,9.51850697326004,0.019921835440152358,True
tobacco,equalize,414,1000,1000,True,0.01456130847833526,11.493453963017384,0.019845723560035913,True
tobacco,equalize,415,1000,1000,True,0.014378051180284039,12.074534815056023,0.020806246212782747,True
tobacco,equalize,416,1000,1000,True,0.011553922342235274,9.322780486528684,0.01708419087083128,True
tobacco,equalize,417,1000,1000,True,0.014168054050660182,9.317178972199686,0.020714283390454818,True
tobacco,equalize,418,1000,1000,True,0.014140167515000763,9.124683884935411,0.019381484626747502,True
tobacco,equalize,419,1000,1000,True,0.01357394550246439,8.763281348901222,0.01770619848204375,True
tobacco,equalize,420,1000,1000,True,0.010940167470420157,9.106313414329643,0.013620122194576798,True
tobacco,equalize,421,1000,1000,True,0.014581897863774906,7.875812085112239,0.020667254077386395,True
tobacco,equalize,422,1000,1000,True,0.01477365818886489,9.290410324630447,0.02129676015059479,True
tobacco,equalize,423,1000,1000,True,0.012699246670954381,9.383882139072293,0.01661265674778653,True
tobacco,equalize,424,1000,1000,True,0.012826903277245677,8.528910598663817,0.019220882079721488,True
tobacco,equalize,425,1000,1000,True,0.013667302780277167,8.629270594899664,0.017675108652645734,True
tobacco,equalize,426,1000,1000,True,0.01428604867161209,7.993159512983587,0.02040047294120658,True
tobacco,equalize,427,1000,1000,True,0.012762489712609668,5.566810127891915,0.018956147930265656,True
tobacco,equalize,428,1000,1000,True,0.013806342846261659,9.437859450108379,0.020915766091665275,True
tobacco,equalize,429,1000,1000,True,0.012620938286694505,10.506192412096782,0.016811772554126504,True
tobacco,equalize,430,1000,1000,True,0.01368878248826182,8.544616492271611,0.019317182254404434,True
tobacco,equalize,431,1000,1000,True,0.014998703264072289,10.30683651757415,0.022474766044945582,True
tobacco,equalize,432,1000,1000,True,0.014753310857965954,9.79933446719725,0.021593814774887043,True
tobacco,equalize,433,1000,1000,True,0.01309193865599349,10.238823174564546,0.019963669544325467,True
tobacco,equalize,434,1000,1000,True,0.01318350498093479,8.105420161842321,0.017791794008826484,True
tobacco,equalize,435,1000,1000,True,0.015441181413741187,9.012622204441945,0.02374088158555931,True
tobacco,equalize,436,1000,1000,True,0.015254026506102938,6.8967980976682215,0.021746560834552422,True
tobacco,equalize,437,1000,1000,True,0.01331059790612635,8.995708699152058,0.018543323297154447,True
tobacco,equalize,438,1000,1000,True,0.013773905672854905,8.080880892576008,0.019676138575273526,True
tobacco,equalize,439,1000,1000,True,0.014059831407561802,10.02409876248234,0.018622468007739933,True
tobacco,equalize,440,1000,1000,True,0.013568832118579696,7.477646621765433,0.01922508787453207,True
tobacco,equalize,441,1000,1000,True,0.01206297605645908,7.6946068775474155,0.014138365962197816,True
tobacco,equalize,442,1000,1000,True,0.011822309111690769,8.084026162748362,0.01655233124921222,True
tobacco,equalize,443,1000,1000,True,0.014667976385841799,9.947829461746919,0.02067694505482099,True
tobacco,equalize,444,1000,1000,True,0.014934842499332883,9.408124999169601,0.021331218459713964,True
tobacco,equalize,445,1000,1000,True,0.01387034526074701,9.21747123673299,0.019767009827140174,True
tobacco,equalize,446,1000,1000,True,0.014009792229908759,9.305998065763822,0.01793200941674418,True
tobacco,equalize,447,1000,1000,True,0.013627954651185223,10.325206244913463,0.020818709114688097,True
tobacco,equalize,448,1000,1000,True,0.012190797586330387,8.424479568495611,0.01638822563575058,True
tobacco,equalize,449,1000,1000,True,0.012977381677208187,7.5206425257420655,0.01616286495537133,True
tobacco,equalize,450,1000,1000,True,0.014347726560546411,8.19629160047396,0.021425685726717065,True
tobacco,equalize,451,1000,1000,True,0.013916616047036876,8.179162793342604,0.018981501790747684,True
tobacco,equalize,452,1000,1000,True,0.014620093756111242,10.114820809089997,0.021229374798378994,True
tobacco,equalize,453,1000,1000,True,0.01428798411618257,9.523895789014073,0.02031041979824244,True
tobacco,equalize,454,1000,1000,True,0.014441946156616278,8.955074483218997,0.02173832740607732,True
tobacco,equalize,455,1000,1000,True,0.012877075578022533,9.215538833947802,0.017758005268511606,True
tobacco,equalize,456,1000,1000,True,0.014375809295937384,10.990074795013907,0.022684920281332278,True
tobacco,equalize,457,1000,1000,True,0.01399822445710645,9.272803189974432,0.019837101656341255,True
tobacco,equalize,458,1000,1000,True,0.012037333221079255,7.619159796198003,0.016020361784761874,True
tobacco,equalize,459,1000,1000,True,0.013614263253471294,8.634280282687143,0.016788461998303587,True
tobacco,equalize,460,1000,1000,True,0.015221836744793021,8.165921319728719,0.021842757544762458,True
tobacco,equalize,461,1000,1000,True,0.012621190154618944,7.817993604499814,0.018203065352388352,True
tobacco,equalize,462,1000,1000,True,0.015329905364724132,10.165403877859452,0.02138128334098549,True
tobacco,equalize,463,1000,1000,True,0.015407797464221917,9.521113380272288,0.02227113486633709,True
tobacco,equalize,464,1000,1000,True,0.014259508433886929,8.547845576518098,0.01987376229114743,True
tobacco,equalize,465,1000,1000,True,0.012469159041568785,8.437498148147945,0.016580993911202806,True
tobacco,equalize,466,1000,1000,True,0.015020361893668528,9.357490261817,0.020586505408410057,True
tobacco,equalize,467,1000,1000,True,0.012682451577290593,8.250085514708317,0.01936015535150718,True
tobacco,equalize,468,1000,1000,True,0.014051949977299718,6.52862497008367,0.019462786292993986,True
tobacco,equalize,469,1000,1000,True,0.0133716391197881,8.333018420716469,0.017311358859321467,True
tobacco,equalize,470,1000,1000,True,0.014560907214778832,8.737040173880397,0.021654353842522314,True
tobacco,equalize,471,1000,1000,True,0.014372439565816502,7.476544589581473,0.02041702648786535,True
tobacco,equalize,472,1000,1000,True,0.013882280062734119,7.425749187792435,0.017461525198281282,True
tobacco,equalize,473,1000,1000,True,0.013419138384588426,8.795451949729474,0.017539797165892046,True
tobacco,equalize,474,1000,1000,True,0.01228250639578533,9.303876826355776,0.01570877817073746,True
tobacco,equalize,475,1000,1000,True,0.014559201310100826,6.933092744223172,0.020395602557426725,True
tobacco,equalize,476,1000,1000,True,0.014789696025800467,9.627178143152852,0.021372970539573308,True
tobacco,equalize,477,1000,1000,True,0.012968348045494555,7.989382391649557,0.02035438827067866,True
tobacco,equalize,478,1000,1000,True,0.012173866058514293,8.881943424724119,0.01486334385101629,True
tobacco,equalize,479,1000,1000,True,0.013499191463224678,8.918507498455108,0.01902952839967642,True
tobacco,equalize,480,1000,1000,True,0.01430825093946776,7.591768963818644,0.01986405558424614,True
tobacco,equalize,481,1000,1000,True,0.014845889203416127,9.241241853777012,0.021674262104342725,True
tobacco,equalize,482,1000,1000,True,0.013007331877938053,10.005236578912065,0.021548863725386315,True
tobacco,equalize,483,1000,1000,True,0.014596134756112964,8.468367257033671,0.021727832513040286,True
tobacco,equalize,484,1000,1000,True,0.01289032252296241,7.4385503291972155,0.016500104038104733,True
tobacco,equalize,485,1000,1000,True,0.013131264957009132,10.846861112782813,0.016361881385162758,True
tobacco,equalize,486,1000,1000,True,0.014471823911868171,9.856268614440253,0.02129683295535919,True
tobacco,equalize,487,1000,1000,True,0.014014187274114895,9.736822839099004,0.020460370001058475,True
tobacco,equalize,488,1000,1000,True,0.013501107127914884,8.558789575635098,0.017225175893046837,True
tobacco,equalize,489,1000,1000,True,0.011842332946116895,7.374645144005235,0.014532871972318343,True
tobacco,equalize,490,1000,1000,True,0.013222412257879202,8.821302341491306,0.017116804543634557,True
tobacco,equalize,491,1000,1000,True,0.012414082548810015,7.786334118184244,0.01835329476139899,True
tobacco,equalize,492,1000,1000,True,0.012104056986962493,7.648785459143171,0.015489167858513973,True
tobacco,equalize,493,1000,1000,True,0.012850618519412266,9.612668672122222,0.01639744123544691,True
tobacco,equalize,494,1000,1000,True,0.01273015929734122,8.89158248007631,0.01708512469529729,True
tobacco,equalize,495,1000,1000,True,0.01479009108218804,10.808450582761619,0.0219161268243971,True
tobacco,equalize,496,1000,1000,True,0.014826868087666567,10.058360900266006,0.021242060657631772,True
tobacco,equalize,497,1000,1000,True,0.015955438658860566,9.810141232418623,0.0224192912767713,True
tobacco,equalize,498,1000,1000,True,0.013989580863792143,8.570799495963023,0.01907200520152037,True
tobacco,equalize,499,1000,1000,True,0.012420768880184395,8.828950956937069,0.014411581517256265,True
tobacco,equalize,500,1000,1000,True,0.014791237738352043,8.188233264874665,0.02032336850720264,True
tobacco,equalize,501,1000,1000,True,0.013245677904205739,7.929085445371364,0.021101874346717946,True
tobacco,equalize,502,1000,1000,True,0.011912754103243694,9.224487194418995,0.016463462737130116,True
tobacco,equalize,503,1000,1000,True,0.013642355499664261,10.153201465547703,0.0197896966254571,True
tobacco,equalize,504,1000,1000,True,0.014771226694526313,8.443445742112635,0.021075634588200158,True
tobacco,equalize,505,1000,1000,True,0.01386605141545567,9.246395568003784,0.01835848815222936,True
tobacco,equalize,506,1000,1000,True,0.014739503191994338,7.988978345195335,0.020358040843598373,True
tobacco,equalize,507,1000,1000,True,0.013188963847697426,8.652111823133124,0.01719044375300796,True
tobacco,equalize,508,1000,1000,True,0.015029236004888152,7.837507192979156,0.020360967134472517,True
tobacco,equalize,509,1000,1000,True,0.01375988049117187,8.317061921135371,0.01914859978422537,True
tobacco,equalize,510,1000,1000,True,0.014166023617832306,8.237262652119332,0.020288516234497622,True
tobacco,equalize,511,1000,1000,True,0.014335243833506808,8.537858689390449,0.01978953659869787,True
tobacco,equalize,512,1000,1000,True,0.013668308869539084,7.890280349898855,0.020264759869555105,True
tobacco,equalize,513,1000,1000,True,0.012287233772975142,9.255139058922886,0.015259661118655583,True
tobacco,equalize,514,1000,1000,True,0.011443611254791182,8.937652879811344,0.017605293884753112,True
tobacco,equalize,515,1000,1000,True,0.014664495395289037,11.064967419744173,0.020678931399011682,True
tobacco,equalize,516,1000,1000,True,0.014211772776777251,8.990973195377684,0.01787645327814703,True
tobacco,equalize,517,1000,1000,True,0.013572130542319621,7.744935829301621,0.019364033799989203,True
tobacco,equalize,518,1000,1000,True,0.014858600469968578,8.895172623395231,0.02096049258139414,True
tobacco,equalize,519,1000,1000,True,0.01404358584453432,10.102363634318456,0.019951407066516918,True
tobacco,equalize,520,1000,1000,True,0.013954514090436743,8.348816443065449,0.019853710021222278,True
tobacco,equalize,521,1000,1000,True,0.013037178835620616,7.374362074105123,0.01577714283804994,True
tobacco,equalize,522,1000,1000,True,0.01434289404865615,9.39115243194359,0.021080695454293627,True
tobacco,equalize,523,1000,1000,True,0.013228575991328323,9.859403176663381,0.01806738417162118,True
tobacco,equalize,524,1000,1000,True,0.013847306011125758,9.927675256574421,0.01978122825245875,True
tobacco,equalize,525,1000,1000,True,0.014513943431904272,8.112102008727454,0.019586695835483618,True
tobacco,equalize,526,1000,1000,True,0.01196971790067784,6.744775756094489,0.015310858003927067,True
tobacco,equalize,527,1000,1000,True,0.01330948561360518,9.165258534269505,0.01652684375362831,True
tobacco,equalize,528,1000,1000,True,0.012913101218982119,9.129025139630189,0.01976547369187002,True
tobacco,equalize,529,1000,1000,True,0.013478623954989713,9.549377152463924,0.019890167885435107,True
tobacco,equalize,530,1000,1000,True,0.013901179418978615,8.927673605144848,0.017569666784945495,True
tobacco,equalize,531,1000,1000,True,0.014477977970784879,7.94722788146911,0.019818502141758204,True
tobacco,equalize,532,1000,1000,True,0.014175713410063682,8.145365246568137,0.01964741075237748,True
tobacco,equalize,533,1000,1000,True,0.014913772185700797,6.389319525583299,0.021235833975342178,True
tobacco,equalize,534,1000,1000,True,0.01394079772343373,8.800426126046396,0.018370710825861124,True
tobacco,equalize,535,1000,1000,True,0.012746074792823482,7.81860339191086,0.018978134420751712,True
tobacco,equalize,536,1000,1000,True,0.015131733971097539,9.206707120355247,0.02166089716660941,True
tobacco,equalize,537,1000,1000,True,0.014829710296144808,9.167468352822388,0.020950898186387942,True
tobacco,equalize,538,1000,1000,True,0.014531472992477076,7.270056327154556,0.019778166243698193,True
tobacco,equalize,539,1000,1000,True,0.01471311485084383,11.184394663995008,0.020685720759847023,True
tobacco,equalize,540,1000,1000,True,0.012660719502506192,7.570687617383245,0.0154351538563524,True
tobacco,equalize,541,1000,1000,True,0.012698797411792605,7.482038224975865,0.016814848897595044,True
tobacco,equalize,542,1000,1000,True,0.013705670510772346,10.033791656198568,0.020070625173411877,True
tobacco,equalize,543,1000,1000,True,0.014507755112135631,8.605318355528748,0.021865220011937324,True
tobacco,equalize,544,1000,1000,True,0.014695650827061868,8.462854128484079,0.019803278151681234,True
tobacco,equalize,545,1000,1000,True,0.012170269347598819,7.788354832697339,0.01568371306856735,True
tobacco,equalize,546,1000,1000,True,0.012456739715491664,8.24076307146371,0.014752127166061857,True
tobacco,equalize,547,1000,1000,True,0.013772007089030484,11.364444157106849,0.019164624990317562,True
tobacco,equalize,548,1000,1000,True,0.013153142604671585,8.381143358754818,0.017336185406062556,True
tobacco,equalize,549,1000,1000,True,0.014166763988339694,10.100014059396154,0.019869841130695266,True
tobacco,equalize,550,1000,1000,True,0.012448474280776658,7.657430313101124,0.018019421428462013,True
tobacco,equalize,551,1000,1000,True,0.014125938521129864,7.3815488889527785,0.026613687204958266,True
tobacco,equalize,552,1000,1000,True,0.013499404328281459,8.536006033268722,0.0184897096298545,True
tobacco,equalize,553,1000,1000,True,0.013304667004568027,8.598538480462828,0.022272364600050353,True
tobacco,equalize,554,1000,1000,True,0.012614111273140424,8.158131158543602,0.016488825645028984,True
tobacco,equalize,555,1000,1000,True,0.013054713083714701,9.506902282026465,0.017012764803452384,True
tobacco,equalize,556,1000,1000,True,0.015172122616096458,9.213911167359928,0.02120250536802902,True
tobacco,equalize,557,1000,1000,True,0.013187477229576819,9.19942253622476,0.019638414020195866,True
tobacco,equalize,558,1000,1000,True,0.013047685878175543,10.342387296944551,0.017617172263553388,True
tobacco,equalize,559,1000,1000,True,0.01422971160890311,8.217122367349777,0.019369870105745653,True
tobacco,equalize,560,1000,1000,True,0.013831795926815885,8.251324681528414,0.02052681950720639,True
tobacco,equalize,561,1000,1000,True,0.014015984713622054,7.166894376227405,0.018690589677778584,True
tobacco,equalize,562,1000,1000,True,0.013621124297169024,10.72818717211813,0.019400558972298677,True
tobacco,equalize,563,1000,1000,True,0.01503345765550535,7.483345775787726,0.022230988095337165,True
tobacco,equalize,564,1000,1000,True,0.013815703402886032,9.12643544873901,0.01819169590978898,True
tobacco,equalize,565,1000,1000,True,0.013135662725171623,9.790409541995677,0.018009408348057032,True
tobacco,equalize,566,1000,1000,True,0.012557912445007445,8.328457180054418,0.016348300061707587,True
tobacco,equalize,567,1000,1000,True,0.013685494682104461,11.615032974555001,0.019475720681824234,True
tobacco,equalize,568,1000,1000,True,0.01496981913611025,10.508780328848824,0.02217180483700521,True
tobacco,equalize,569,1000,1000,True,0.014390735143939739,8.436862924096847,0.022241895855588015,True
tobacco,equalize,570,1000,1000,True,0.013719516354794393,8.581243732699825,0.01917606474941394,True
tobacco,equalize,571,1000,1000,True,0.014632742605688044,8.283723257086756,0.02046173781786106,True
tobacco,equalize,572,1000,1000,True,0.012632826569392063,8.048656968712233,0.0168443784418533,True
tobacco,equalize,573,1000,1000,True,0.012494540420008575,8.359819136799551,0.016342542237893484,True
tobacco,equalize,574,1000,1000,True,0.01384184079357363,9.45745795655471,0.017062148303497626,True
tobacco,equalize,575,1000,1000,True,0.014471281170371235,9.38215135243511,0.020770604580296913,True
tobacco,equalize,576,1000,1000,True,0.014118677874708318,8.707954467037595,0.02087901889255886,True
tobacco,equalize,577,1000,1000,True,0.01282093119180663,8.36648456641139,0.016497403370105353,True
tobacco,equalize,578,1000,1000,True,0.012490630101303224,8.67594352217671,0.01659708879656654,True
tobacco,equalize,579,1000,1000,True,0.012691135874228893,9.634546123196463,0.015620052862017467,True
tobacco,equalize,580,1000,1000,True,0.014749221300825873,10.206793766898596,0.019752847236756663,True
tobacco,equalize,581,1000,1000,True,0.012582409231395494,9.138190411673419,0.015990651939861985,True
tobacco,equalize,582,1000,1000,True,0.012905559020144853,5.972632250524052,0.016766747958945664,True
tobacco,equalize,583,1000,1000,True,0.012141672770660866,8.03161029931109,0.01648116318945195,True
tobacco,equalize,584,1000,1000,True,0.013865203453679989,6.986572764954216,0.019637633621559875,True
tobacco,equalize,585,1000,1000,True,0.01375632985762141,7.23892250269334,0.017630759485415454,True
tobacco,equalize,586,1000,1000,True,0.01390486527920961,9.481982862249858,0.02143123070877853,True
tobacco,equalize,587,1000,1000,True,0.014668550620912735,8.084794369679416,0.02089878203456199,True
tobacco,equalize,588,1000,1000,True,0.014335786296565525,10.266406381981964,0.020105701213180605,True
tobacco,equalize,589,1000,1000,True,0.013280072610499072,10.32442618260211,0.016974831653463845,True
tobacco,equalize,590,1000,1000,True,0.014851900760194261,8.388778218548872,0.020957310648687808,True
tobacco,equalize,591,1000,1000,True,0.012734316210670137,7.4616510237346265,0.015910935750678132,True
tobacco,equalize,592,1000,1000,True,0.012850506713847836,7.988988421571282,0.014548581063214869,True
tobacco,equalize,593,1000,1000,True,0.011205729428564515,7.635569133993877,0.013793647952659513,True
tobacco,equalize,594,1000,1000,True,0.014557484102230487,10.84658798885622,0.021149189462954722,True
tobacco,equalize,595,1000,1000,True,0.012860793877395702,9.326857938234077,0.01668841702057169,True
tobacco,equalize,596,1000,1000,True,0.012513821096774095,7.784951573388238,0.017127504797862625,True
tobacco,equalize,597,1000,1000,True,0.014427603171997564,9.296209765275309,0.0216485709522392,True
tobacco,equalize,598,1000,1000,True,0.012631020461126368,9.004356223517592,0.018457896879340477,True
tobacco,equalize,599,1000,1000,True,0.012103198352166566,8.648064754614179,0.014028311124604578,True
tobacco,equalize,600,1000,1000,True,0.012717847510910013,8.631254601736643,0.014529391163312309,True
tobacco,equalize,601,1000,1000,True,0.015113204525918822,9.938772107257517,0.021635319917279645,True
tobacco,equalize,602,1000,1000,True,0.013429108093752019,8.321736357275444,0.01875609230812733,True
tobacco,equalize,603,1000,1000,True,0.013215988815236614,7.073384974677966,0.016081608128348805,True
tobacco,equalize,604,1000,1000,True,0.01438417751991037,9.084007045351738,0.0208483880503927,True
tobacco,equalize,605,1000,1000,True,0.014043273376848003,8.484904183312855,0.02047785361592892,True
tobacco,equalize,606,1000,1000,True,0.01320298020593877,9.97645984305054,0.01586917908832091,True
tobacco,equalize,607,1000,1000,True,0.014959936599755015,9.686959481694966,0.021873429213743772,True
tobacco,equalize,608,1000,1000,True,0.014813683450461666,9.499690468641598,0.020945484420484172,True
tobacco,equalize,609,1000,1000,True,0.01259504116073999,7.9297414207526336,0.0165413526648923,True
tobacco,equalize,610,1000,1000,True,0.015370309206249714,10.380023073192083,0.022562973260613663,True
tobacco,equalize,611,1000,1000,True,0.012332268765772328,8.420865454334251,0.015624438640075846,True
tobacco,equalize,612,1000,1000,True,0.01046882024697803,9.675201083181681,0.011889061875009849,True
tobacco,equalize,613,1000,1000,True,0.012395094931944102,9.27528738099257,0.014990927681117957,True
tobacco,equalize,614,1000,1000,True,0.013580201836567524,9.877532029813924,0.019438704791589632,True
tobacco,equalize,615,1000,1000,True,0.013566032880589668,7.648469062498717,0.016612571342512705,True
tobacco,equalize,616,1000,1000,True,0.014072611184699468,7.474949565047245,0.021380153276609047,True
tobacco,equalize,617,1000,1000,True,0.015155195832731424,8.437164452587137,0.02180983735381444,True
tobacco,equalize,618,1000,1000,True,0.01311737460229519,9.15274598139815,0.017572401614457223,True
tobacco,equalize,619,1000,1000,True,0.013724408281242098,7.3360368047059294,0.020147844672014505,True
tobacco,equalize,620,1000,1000,True,0.012442321519975914,7.0032117631840896,0.01797696776641134,True
tobacco,equalize,621,1000,1000,True,0.013749487081866997,7.211020454831618,0.01607935766710828,True
tobacco,equalize,622,1000,1000,True,0.0146282911338894,9.658550615905058,0.021072008387469657,True
tobacco,equalize,623,1000,1000,True,0.013687286299786376,9.444290920974428,0.01968884736595136,True
tobacco,equalize,624,1000,1000,True,0.012905540465279763,8.714516395073224,0.01635828327154335,True
tobacco,equalize,625,1000,1000,True,0.013421759071577463,7.647509136967409,0.0184600295746742,True
tobacco,equalize,626,1000,1000,True,0.013288550608699407,6.6996864852021245,0.01809387657170594,True
tobacco,equalize,627,1000,1000,True,0.014753622489543986,9.196618889570232,0.020142701595890444,True
tobacco,equalize,628,1000,1000,True,0.012836162843452235,6.875970913260177,0.015813527362909124,True
tobacco,equalize,629,1000,1000,True,0.014529813486042315,8.485224746581554,0.019216080026593953,True
tobacco,equalize,630,1000,1000,True,0.013907699626708294,8.387787252905262,0.018531899005653423,True
tobacco,equalize,631,1000,1000,True,0.014496318752854833,9.49981468240302,0.021755209969335068,True
tobacco,equalize,632,1000,1000,True,0.014201459269560755,8.205630688740506,0.01711294152293632,True
tobacco,equalize,633,1000,1000,True,0.01383511949652406,7.643969583926927,0.019304373605265292,True
tobacco,equalize,634,1000,1000,True,0.011358355358216655,8.756162629828205,0.015618503270952547,True
tobacco,equalize,635,1000,1000,True,0.013081209964757541,8.716304205338407,0.018520375867305088,True
tobacco,equalize,636,1000,1000,True,0.014563321207369756,9.605802361073229,0.019939439686553623,True
tobacco,equalize,637,1000,1000,True,0.01344315150320395,7.157851563143791,0.021929299903884165,True
tobacco,equalize,638,1000,1000,True,0.014849804994434938,8.081449808048058,0.019129508603206488,True
tobacco,equalize,639,1000,1000,True,0.015134338948856569,8.145417361928116,0.021329562865479056,True
tobacco,equalize,640,1000,1000,True,0.0144012822385156,7.7518026290663515,0.02065811061141258,True
tobacco,equalize,641,1000,1000,True,0.014092425652468257,9.235583360026588,0.019409635420352858,True
tobacco,equalize,642,1000,1000,True,0.011881241975177278,7.531371123507326,0.015178703070533183,True
tobacco,equalize,643,1000,1000,True,0.014350274450039823,8.08492424206931,0.01944317691085675,True
tobacco,equalize,644,1000,1000,True,0.015258771725861871,10.026184468679997,0.0217619100310633,True
tobacco,equalize,645,1000,1000,True,0.013283310688075221,8.503005351050886,0.018011701835208224,True
tobacco,equalize,646,1000,1000,True,0.014815183471114738,9.540449465302984,0.022078354607457218,True
tobacco,equalize,647,1000,1000,True,0.015365915177479941,8.001855784753936,0.020296403674228948,True
tobacco,equalize,648,1000,1000,True,0.013714412285804126,9.81472995043674,0.01903378402546099,True
tobacco,equalize,649,1000,1000,True,0.013609457101204607,8.165057195145664,0.018123673003502733,True
tobacco,equalize,650,1000,1000,True,0.012841575431148802,8.910860283945654,0.016689172115320915,True
tobacco,equalize,651,1000,1000,True,0.01321262232596479,9.532795969703747,0.016173381641684147,True
tobacco,equalize,652,1000,1000,True,0.012945838121961073,8.739363592390466,0.015914096328214906,True
tobacco,equalize,653,1000,1000,True,0.01473073414064006,8.26133881401798,0.020745315399241265,True
tobacco,equalize,654,1000,1000,True,0.01209347065250432,7.688616975763586,0.016502947190034416,True
tobacco,equalize,655,1000,1000,True,0.013195708946233047,7.921036295839074,0.01911285101656459,True
tobacco,equalize,656,1000,1000,True,0.015010295672825046,10.085641080268523,0.02284170845866745,True
tobacco,equalize,657,1000,1000,True,0.01382069642835447,8.929310779673871,0.019293628334236087,True
tobacco,equalize,658,1000,1000,True,0.013709541682614785,7.817953696460474,0.020042051790980325,True
tobacco,equalize,659,1000,1000,True,0.014158337452338082,7.8621625523770495,0.021255544747030737,True
tobacco,equalize,660,1000,1000,True,0.014485055212569991,10.715896182774449,0.021086870853977542,True
tobacco,equalize,661,1000,1000,True,0.01401984535379929,8.619798083482001,0.021421464286885215,True
tobacco,equalize,662,1000,1000,True,0.015593794829465438,8.355566049047784,0.022777103818873417,True
tobacco,equalize,663,1000,1000,True,0.014563941085036064,8.086896809036208,0.020331220931308,True
tobacco,equalize,664,1000,1000,True,0.013604198648014345,8.257754597952157,0.0199574021637753,True
tobacco,equalize,665,1000,1000,True,0.013422342913237626,7.8630607272232105,0.017984533171256083,True
tobacco,equalize,666,1000,1000,True,0.014594562999346462,11.733836499627904,0.02155460393185446,True
tobacco,equalize,667,1000,1000,True,0.015190289349007789,10.333175891273697,0.02121851419218913,True
tobacco,equalize,668,1000,1000,True,0.01255832479486165,6.311911279477873,0.014422278157574943,True
tobacco,equalize,669,1000,1000,True,0.013700087180034891,7.870649210833881,0.018200749601919333,True
tobacco,equalize,670,1000,1000,True,0.013078074279781955,7.826646727686129,0.016501700355716496,True
tobacco,equalize,671,1000,1000,True,0.01343265073950547,8.527770869342117,0.018088500971904543,True
tobacco,equalize,672,1000,1000,True,0.014374052270366646,9.100822765003173,0.021331196008032564,True
tobacco,equalize,673,1000,1000,True,0.013970084621387654,9.31227147370608,0.01921771272222372,True
tobacco,equalize,674,1000,1000,True,0.01360768867155289,8.726103139431714,0.018769025699659832,True
tobacco,equalize,675,1000,1000,True,0.012334276848042605,8.398427888599151,0.01670143824749735,True
tobacco,equalize,676,1000,1000,True,0.012618571621080918,7.840132077969096,0.015276965126812009,True
tobacco,equalize,677,1000,1000,True,0.014212466957684146,8.572161862680849,0.01735225498613969,True
tobacco,equalize,678,1000,1000,True,0.012053765700454421,8.61555894878562,0.01584397894097717,True
tobacco,equalize,679,1000,1000,True,0.012707003667040419,8.411171083743334,0.01790797547299418,True
tobacco,equalize,680,1000,1000,True,0.013902102698130423,9.161423251875224,0.0191958119611726,True
tobacco,equalize,681,1000,1000,True,0.015020709434137613,8.293433305935485,0.02133632588374593,True
tobacco,equalize,682,1000,1000,True,0.013941083287718873,7.507574242057151,0.018861258430954778,True
tobacco,equalize,683,1000,1000,True,0.014268943010664363,8.981201701331509,0.020380367579369785,True
tobacco,equalize,684,1000,1000,True,0.014733324690351357,9.855855061840145,0.020663553313869557,True
tobacco,equalize,685,1000,1000,True,0.014638714509834847,7.964270211387858,0.021386882382477573,True
tobacco,equalize,686,1000,1000,True,0.014983265929801733,9.957713793838423,0.021685531337031615,True
tobacco,equalize,687,1000,1000,True,0.01320212094376597,8.636888096994195,0.01932903068097951,True
tobacco,equalize,688,1000,1000,True,0.012378662897234985,9.217199954433017,0.0165339365058969,True
tobacco,equalize,689,1000,1000,True,0.013946858589843437,8.307524240109084,0.02024339037782005,True
tobacco,equalize,690,1000,1000,True,0.012806628053700073,8.48273918024125,0.01518869394167687,True
tobacco,equalize,691,1000,1000,True,0.01408791733641618,8.288296326748942,0.019561282632063474,True
tobacco,equalize,692,1000,1000,True,0.01264857630097323,9.197749942241309,0.015160413467863103,True
tobacco,equalize,693,1000,1000,True,0.01384635486635283,8.614947707328234,0.018683629313766627,True
tobacco,equalize,694,1000,1000,True,0.01464159324250497,9.646469561450965,0.021403697569736244,True
tobacco,equalize,695,1000,1000,True,0.012956003847776345,9.625289554086152,0.017046121663475217,True
tobacco,equalize,696,1000,1000,True,0.01180329058399773,7.952941531282623,0.01578819250785088,True
tobacco,equalize,697,1000,1000,True,0.013143906851805338,8.620126217173388,0.017659911189268337,True
tobacco,equalize,698,1000,1000,True,0.015288353201355336,10.814473218793415,0.022137210611932107,True
tobacco,equalize,699,1000,1000,True,0.011814792121210699,7.431153611654115,0.016175377347733402,True
tobacco,equalize,700,1000,1000,True,0.013570713690289697,8.353605149873914,0.019544629461776014,True
tobacco,equalize,701,1000,1000,True,0.013160211756553505,6.769094400287234,0.01668431272520433,True
tobacco,equalize,702,1000,1000,True,0.013258495167735208,9.729443766218088,0.016509351828964288,True
tobacco,equalize,703,1000,1000,True,0.014907518933747782,10.476596346142195,0.019650835254649744,True
tobacco,equalize,704,1000,1000,True,0.013335293574450388,9.590250048877765,0.018843122499363943,True
tobacco,equalize,705,1000,1000,True,0.012628302992479619,6.829649991031751,0.018095341224350938,True
tobacco,equalize,706,1000,1000,True,0.014196458473733565,7.848594714979236,0.022786252952060007,True
tobacco,equalize,707,1000,1000,True,0.013553671203369349,9.285868780033454,0.019324731029008366,True
tobacco,equalize,708,1000,1000,True,0.012253239591436515,8.337281091578957,0.014764636953753562,True
tobacco,equalize,709,1000,1000,True,0.013167613096152555,8.29736126729456,0.01861539084166714,True
tobacco,equalize,710,1000,1000,True,0.011862899295237244,7.635876112143256,0.019412602292435577,True
tobacco,equalize,711,1000,1000,True,0.014655994762998038,9.666264583591742,0.02027247937126781,True
tobacco,equalize,712,1000,1000,True,0.01376362376383193,7.682035147016708,0.0192207525123051,True
tobacco,equalize,713,1000,1000,True,0.013503457436786092,9.346643836158517,0.020132402283976895,True
tobacco,equalize,714,1000,1000,True,0.01405645151582021,8.185666496993388,0.018995839859537816,True
tobacco,equalize,715,1000,1000,True,0.01328025292510712,9.9162039107715,0.017271731233436057,True
tobacco,equalize,716,1000,1000,True,0.013600761868765984,8.174029544845064,0.019199626637174713,True
tobacco,equalize,717,1000,1000,True,0.012938467233017463,8.87994994355261,0.01927029228996162,True
tobacco,equalize,718,1000,1000,True,0.014802630663045047,10.187608895123526,0.0200846471427677,True
tobacco,equalize,719,1000,1000,True,0.016042716651427206,10.113780648204706,0.022921266679268793,True
tobacco,equalize,720,1000,1000,True,0.015082854070747276,9.674779118925661,0.0208347211935403,True
tobacco,equalize,721,1000,1000,True,0.012822875821085707,7.891252815618063,0.016767193190740073,True
tobacco,equalize,722,1000,1000,True,0.013861537710629817,9.14216992841415,0.018516929812871452,True
tobacco,equalize,723,1000,1000,True,0.012212609021472896,8.160264456498943,0.014542276986410134,True
tobacco,equalize,724,1000,1000,True,0.013072955149617604,7.638132690651557,0.0178138209222476,True
tobacco,equalize,725,1000,1000,True,0.014437100399228549,10.173949036632727,0.020354139742507216,True
tobacco,equalize,726,1000,1000,True,0.01348859762973638,7.414731215627441,0.018363579340748063,True
tobacco,equalize,727,1000,1000,True,0.013896895100790245,8.785581597139712,0.01987527077986446,True
tobacco,equalize,728,1000,1000,True,0.014759202745544207,9.249843241914967,0.02260480407831425,True
tobacco,equalize,729,1000,1000,True,0.014081642125957548,7.297628039301538,0.019108440376555017,True
tobacco,equalize,730,1000,1000,True,0.012016339554063065,9.21913032774784,0.01427938385893328,True
tobacco,equalize,731,1000,1000,True,0.014660249166250614,9.345572160119465,0.019231533832114314,True
tobacco,equalize,732,1000,1000,True,0.015354004469170424,9.157589147805224,0.02202168771797831,True
tobacco,equalize,733,1000,1000,True,0.014997655496186705,8.36637173450953,0.02193662441477517,True
tobacco,equalize,734,1000,1000,True,0.014342925769931557,8.76343220433638,0.021303641209192623,True
tobacco,equalize,735,1000,1000,True,0.013044925334651254,9.189441713183669,0.020172515084104642,True
tobacco,equalize,736,1000,1000,True,0.012495690280867206,7.184057279838462,0.01637998253295284,True
tobacco,equalize,737,1000,1000,True,0.013389159230318266,9.495690812152636,0.016050246395558104,True
tobacco,equalize,738,1000,1000,True,0.01333850388444703,8.616750605651761,0.019926337628544354,True
tobacco,equalize,739,1000,1000,True,0.0134418154736602,9.297235664432735,0.01874406919607317,True
tobacco,equalize,740,1000,1000,True,0.01196785674012551,7.63480215853692,0.014718064972167577,True
tobacco,equalize,741,1000,1000,True,0.012050920546045923,7.4519699408948235,0.01723561193141687,True
tobacco,equalize,742,1000,1000,True,0.013834412006589253,10.098403636218945,0.019747400903279325,True
tobacco,equalize,743,1000,1000,True,0.012410332597000017,7.411573652066071,0.01508221741550481,True
tobacco,equalize,744,1000,1000,True,0.013006694887633868,9.382753913430747,0.017607007607018322,True
tobacco,equalize,745,1000,1000,True,0.014024206939702239,8.26409559480044,0.0181644751300718,True
tobacco,equalize,746,1000,1000,True,0.014330024448661126,9.267445764610658,0.01878474498940559,True
tobacco,equalize,747,1000,1000,True,0.014448772565566847,6.898289570610965,0.02126847057648545,True
tobacco,equalize,748,1000,1000,True,0.013105610675043513,8.353451023379499,0.019299701512367845,True
tobacco,equalize,749,1000,1000,True,0.012325939492695137,7.711603659421302,0.015010534967404158,True
tobacco,equalize,750,1000,1000,True,0.013644860045922963,8.66284889629272,0.017810639827286923,True
tobacco,equalize,751,1000,1000,True,0.013985554347794199,8.667520752787386,0.01942938587983873,True
tobacco,equalize,752,1000,1000,True,0.01395977266757596,8.7061343316078,0.020866480409246897,True
tobacco,equalize,753,1000,1000,True,0.013901898152300012,8.672559945022,0.01930960758667868,True
tobacco,equalize,754,1000,1000,True,0.013741810153547505,8.977708170797268,0.019307090305542646,True
tobacco,equalize,755,1000,1000,True,0.011877398390289059,8.65204507616552,0.01610376310583176,True
tobacco,equalize,756,1000,1000,True,0.013157690940315334,8.509801349032772,0.017777602168214564,True
tobacco,equalize,757,1000,1000,True,0.01266396987317167,8.465807699209806,0.01670064642751442,True
tobacco,equalize,758,1000,1000,True,0.014675582055240522,8.489235301250638,0.020757574935008787,True
tobacco,equalize,759,1000,1000,True,0.012651162598244616,9.388498282473082,0.01919929206868073,True
tobacco,equalize,760,1000,1000,True,0.012678856074687937,7.267317249164234,0.016313517869894406,True
tobacco,equalize,761,1000,1000,True,0.013985833861736107,8.658118964301657,0.018772543150476193,True
tobacco,equalize,762,1000,1000,True,0.014424409478312347,8.829232752623525,0.020898329147495842,True
tobacco,equalize,763,1000,1000,True,0.011839250398644157,7.246362880783711,0.015726678238719993,True
tobacco,equalize,764,1000,1000,True,0.01508548296590797,9.03469839009582,0.022380981266643,True
tobacco,equalize,765,1000,1000,True,0.01228126881972185,9.886071009253374,0.016816021961360242,True
tobacco,equalize,766,1000,1000,True,0.011309203575470208,7.434364465103927,0.015593554887693567,True
tobacco,equalize,767,1000,1000,True,0.013877762145984837,8.35151333591703,0.01955108519781467,True
tobacco,equalize,768,1000,1000,True,0.014184540279333281,8.979212437625028,0.02051221345859616,True
tobacco,equalize,769,1000,1000,True,0.014094641255806527,8.886487720128804,0.019555523351537284,True
tobacco,equalize,770,1000,1000,True,0.013002434443024333,7.923557534340241,0.017221199522864546,True
tobacco,equalize,771,1000,1000,True,0.013992721922740776,6.863171205791096,0.017833803623165747,True
tobacco,equalize,772,1000,1000,True,0.01351226579267628,10.815897743599464,0.01852768610369068,True
tobacco,equalize,773,1000,1000,True,0.014331374587034864,8.111332751157482,0.019331810495756916,True
tobacco,equalize,774,1000,1000,True,0.014132389344580859,10.100193265477646,0.020059178977984576,True
tobacco,equalize,775,1000,1000,True,0.010928277897976402,8.008334658341896,0.01509994282665912,True
tobacco,equalize,776,1000,1000,True,0.012275903247955085,8.279104057807222,0.015594961853595404,True
tobacco,equalize,777,1000,1000,True,0.012950010862405882,8.817767517915177,0.018703682949989493,True
tobacco,equalize,778,1000,1000,True,0.013022926568933056,7.8772530745177916,0.015408753238624381,True
tobacco,equalize,779,1000,1000,True,0.013754908041885195,9.358929372529744,0.01853185862578679,True
tobacco,equalize,780,1000,1000,True,0.013026250627920186,9.24414171245768,0.016444583801192417,True
tobacco,equalize,781,1000,1000,True,0.013685941296250025,9.533354289021258,0.01977782723562513,True
tobacco,equalize,782,1000,1000,True,0.013388748323651094,8.958231075385363,0.02027017263045998,True
tobacco,equalize,783,1000,1000,True,0.014230399445819901,9.584219895223606,0.020537059189622165,True
tobacco,equalize,784,1000,1000,True,0.012800020279314884,7.739640237116968,0.016464620476822185,True
tobacco,equalize,785,1000,1000,True,0.013349744203933677,8.07237734499571,0.017985570698297867,True
tobacco,equalize,786,1000,1000,True,0.01465509610382133,9.510375597209608,0.021808971329913385,True
tobacco,equalize,787,1000,1000,True,0.014450914063763911,8.666543428610971,0.01994871839304065,True
tobacco,equalize,788,1000,1000,True,0.012393135831377172,8.716174390178296,0.014671211317328318,True
tobacco,equalize,789,1000,1000,True,0.013650714625760223,8.207525753843237,0.020891769348437284,True
tobacco,equalize,790,1000,1000,True,0.01487824252220546,9.416326194434856,0.02004816819024595,True
tobacco,equalize,791,1000,1000,True,0.013351358479295564,7.845920978444786,0.01624585383011495,True
tobacco,equalize,792,1000,1000,True,0.0143074455040406,8.49846080181582,0.01950417806546984,True
tobacco,equalize,793,1000,1000,True,0.013264396166010672,8.135330355922862,0.01811310909832545,True
tobacco,equalize,794,1000,1000,True,0.012662597018382961,7.674156891802513,0.01760140610896549,True
tobacco,equalize,795,1000,1000,True,0.013711986805455711,11.038833226387652,0.019762069054915742,True
tobacco,equalize,796,1000,1000,True,0.011636586627784147,8.910419967655846,0.013140773371812239,True
tobacco,equalize,797,1000,1000,True,0.015155541466261474,9.040276046670256,0.018895976754978675,True
tobacco,equalize,798,1000,1000,True,0.01373143576458742,6.517298826968117,0.018361231994056267,True
tobacco,equalize,799,1000,1000,True,0.015619024545556508,7.498139502569954,0.021973249033499925,True
tobacco,equalize,800,1000,1000,True,0.012842963181610541,7.016956320228878,0.01709579820469908,True
tobacco,equalize,801,1000,1000,True,0.013370456684790779,8.650053410239732,0.016293867443249527,True
tobacco,equalize,802,1000,1000,True,0.013727316085311346,8.098621549374931,0.01845434800293956,True
tobacco,equalize,803,1000,1000,True,0.013614357793804077,8.486907564007046,0.02180711427208021,True
tobacco,equalize,804,1000,1000,True,0.01401731086091433,10.434115391349666,0.017889948987663235,True
tobacco,equalize,805,1000,1000,True,0.0125102996323749,8.040084327915972,0.015559484833253383,True
tobacco,equalize,806,1000,1000,True,0.014029761984209027,8.49695263020808,0.01876769879025476,True
tobacco,equalize,807,1000,1000,True,0.015007296190503006,10.279392005366853,0.021729105116671196,True
tobacco,equalize,808,1000,1000,True,0.013243978425076509,9.17604266555033,0.018991803003266416,True
tobacco,equalize,809,1000,1000,True,0.012803261937546394,7.992273206040944,0.0187332508413432,True
tobacco,equalize,810,1000,1000,True,0.01423556662531255,8.951129314226224,0.018081986562541078,True
tobacco,equalize,811,1000,1000,True,0.015170702084797164,9.169972737145951,0.019481030318205268,True
tobacco,equalize,812,1000,1000,True,0.015555624538148705,9.54659473320199,0.022542510616708058,True
tobacco,equalize,813,1000,1000,True,0.01402296084974222,8.514030714062525,0.01959501578520829,True
tobacco,equalize,814,1000,1000,True,0.014453140570501158,9.596341750896535,0.019141245201729964,True
tobacco,equalize,815,1000,1000,True,0.012912544886567167,7.791873715609102,0.017388389863876568,True
tobacco,equalize,816,1000,1000,True,0.012009843785198804,7.928972127583751,0.015235768385825956,True
tobacco,equalize,817,1000,1000,True,0.0131951354928731,8.022867317860866,0.014906831417882937,True
tobacco,equalize,818,1000,1000,True,0.012717086808047616,9.847086066446257,0.015573538805621076,True
tobacco,equalize,819,1000,1000,True,0.013228781897440757,8.073447590713648,0.019117634220039852,True
tobacco,equalize,820,1000,1000,True,0.014881525477222036,8.864576639637113,0.022314230463262915,True
tobacco,equalize,821,1000,1000,True,0.011470138869213862,7.574118496564468,0.01376413177861973,True
tobacco,equalize,822,1000,1000,True,0.01462040536094769,10.045302932216629,0.020836058689169004,True
tobacco,equalize,823,1000,1000,True,0.014237313830610374,7.665736168170673,0.020160731512665335,True
tobacco,equalize,824,1000,1000,True,0.014267965847977883,9.487971332165797,0.018332170460614024,True
tobacco,equalize,825,1000,1000,True,0.01357439005351211,8.161727697001414,0.019479654795361977,True
tobacco,equalize,826,1000,1000,True,0.01541125312426343,9.685635549616762,0.0223331864993406,True
tobacco,equalize,827,1000,1000,True,0.015218145318517022,8.484288950760693,0.022018967997814904,True
tobacco,equalize,828,1000,1000,True,0.013020535957819544,7.261209541116411,0.017613909770723545,True
tobacco,equalize,829,1000,1000,True,0.014006376328040684,6.91905166912345,0.019291466149045373,True
tobacco,equalize,830,1000,1000,True,0.012022050039180105,8.956995869151665,0.013619190348818628,True
tobacco,equalize,831,1000,1000,True,0.014152164533042109,6.834611839746278,0.019334797979346584,True
tobacco,equalize,832,1000,1000,True,0.01222325918229403,7.936346199605961,0.017599126164318062,True
tobacco,equalize,833,1000,1000,True,0.013048416755416669,9.343344101551649,0.016282957613288556,True
tobacco,equalize,834,1000,1000,True,0.01366846610535739,7.696434239308487,0.018008904406526145,True
tobacco,equalize,835,1000,1000,True,0.014382970108596,9.071863314666949,0.018934139702995473,True
tobacco,equalize,836,1000,1000,True,0.012184206154326001,7.010884109725392,0.017060499507077564,True
tobacco,equalize,837,1000,1000,True,0.012060359426199135,7.970706116775351,0.015877640630429974,True
tobacco,equalize,838,1000,1000,True,0.014809558822960969,9.324979302926094,0.020781039871861876,True
tobacco,equalize,839,1000,1000,True,0.015316803541598098,7.872651332302225,0.022423168149169,True
tobacco,equalize,840,1000,1000,True,0.014187525935512205,7.069261913382472,0.020332061861762382,True
tobacco,equalize,841,1000,1000,True,0.014232839210803126,9.500777020854663,0.02007862325201755,True
tobacco,equalize,842,1000,1000,True,0.01393873633402371,10.064935369886882,0.018901722578584797,True
tobacco,equalize,843,1000,1000,True,0.013399885737428074,10.159588525132305,0.018017650245183325,True
tobacco,equalize,844,1000,1000,True,0.011995688932392662,10.321617654224555,0.01807933014174755,True
tobacco,equalize,845,1000,1000,True,0.014091756145508356,8.069014747786746,0.019515540258632537,True
tobacco,equalize,846,1000,1000,True,0.014309370105633918,9.114458788101464,0.019511960388971863,True
tobacco,equalize,847,1000,1000,True,0.014408495622782992,9.649098403477913,0.02036147519357388,True
tobacco,equalize,848,1000,1000,True,0.014331575091787193,8.825855142704304,0.01964414412284195,True
tobacco,equalize,849,1000,1000,True,0.012707832810468042,10.600093159967981,0.015030701768904897,True
tobacco,equalize,850,1000,1000,True,0.012445111347288245,8.92056747073862,0.016949420374145673,True
tobacco,equalize,851,1000,1000,True,0.0145858254248744,8.497573241814395,0.020152106543470594,True
tobacco,equalize,852,1000,1000,True,0.013454326198362598,8.292704685444912,0.01834313169766722,True
tobacco,equalize,853,1000,1000,True,0.013771228107126153,7.938813450384131,0.01994337718049142,True
tobacco,equalize,854,1000,1000,True,0.013663788113629284,10.443915740755475,0.020599149210989674,True
tobacco,equalize,855,1000,1000,True,0.014816539097272052,8.599771857439011,0.02314896581619694,True
tobacco,equalize,856,1000,1000,True,0.012872774094164612,7.512071352163796,0.01585438242356173,True
tobacco,equalize,857,1000,1000,True,0.013809152329758493,8.379569857695559,0.018263828026546337,True
tobacco,equalize,858,1000,1000,True,0.01077879053526841,7.4605629814377945,0.013684129815934174,True
tobacco,equalize,859,1000,1000,True,0.014344653221348935,9.021835511690512,0.019827562085251774,True
tobacco,equalize,860,1000,1000,True,0.013458910639251573,8.162556217264294,0.018091908516508444,True
tobacco,equalize,861,1000,1000,True,0.012405476956836362,7.767160034401248,0.015977450480707485,True
tobacco,equalize,862,1000,1000,True,0.014537544149283353,8.275653388101752,0.01943167813290666,True
tobacco,equalize,863,1000,1000,True,0.013618624617012326,7.611306326774662,0.022521180908567147,True
tobacco,equalize,864,1000,1000,True,0.01375407237912514,10.463333312095147,0.019969917570868027,True
tobacco,equalize,865,1000,1000,True,0.014224555769991758,9.106139412506268,0.020045273884696287,True
tobacco,equalize,866,1000,1000,True,0.013471948962317406,9.453786490078988,0.018973413230032876,True
tobacco,equalize,867,1000,1000,True,0.0145831327294248,9.570749395945963,0.020390246580792776,True
tobacco,equalize,868,1000,1000,True,0.01359892011246616,9.681630802710874,0.020879643655073367,True
tobacco,equalize,869,1000,1000,True,0.014569806419732828,7.992781493322584,0.020392687107877564,True
tobacco,equalize,870,1000,1000,True,0.012643808366773226,7.979641533302107,0.017611769791023073,True
tobacco,equalize,871,1000,1000,True,0.01424064028679288,9.826108894165584,0.02079655561323694,True
tobacco,equalize,872,1000,1000,True,0.011587716096363809,7.412912990181391,0.013981495843685226,True
tobacco,equalize,873,1000,1000,True,0.013447732630927788,8.706861432226884,0.01926974645175786,True
tobacco,equalize,874,1000,1000,True,0.015188029796094559,8.936853808807662,0.022774504802270404,True
tobacco,equalize,875,1000,1000,True,0.012982517742443763,8.727152513850093,0.02183469830063313,True
tobacco,equalize,876,1000,1000,True,0.014326220652109017,9.978404231138363,0.021064668285947604,True
tobacco,equalize,877,1000,1000,True,0.014994710976322384,10.309018187975031,0.022059060993361915,True
tobacco,equalize,878,1000,1000,True,0.013770613845345241,9.729003854454987,0.016105969642176962,True
tobacco,equalize,879,1000,1000,True,0.01332684216780865,8.157543502795434,0.018245027375537168,True
tobacco,equalize,880,1000,1000,True,0.012902141227754266,7.688884899645722,0.01721695519463347,True
tobacco,equalize,881,1000,1000,True,0.014739527561255633,7.6196587193915715,0.021358961066713967,True
tobacco,equalize,882,1000,1000,True,0.01354824130633574,7.60471196035721,0.017747133301257163,True
tobacco,equalize,883,1000,1000,True,0.015211765319813001,8.68360380256953,0.022109914373370558,True
tobacco,equalize,884,1000,1000,True,0.013993842366924228,8.626507462467067,0.021729454732112945,True
tobacco,equalize,885,1000,1000,True,0.013125445952407692,7.258469191227582,0.018235800994905363,True
tobacco,equalize,886,1000,1000,True,0.015325812248183076,8.757760843960058,0.020825055055593733,True
tobacco,equalize,887,1000,1000,True,0.013280597769976622,9.33287688764831,0.020923668002151067,True
tobacco,equalize,888,1000,1000,True,0.013725582467971275,8.593136272630616,0.021303641490201784,True
tobacco,equalize,889,1000,1000,True,0.014027195140785568,9.270711731037698,0.020000808163650484,True
tobacco,equalize,890,1000,1000,True,0.014186579455579332,8.293125828057837,0.019989849078044616,True
tobacco,equalize,891,1000,1000,True,0.014897228582907485,10.299198221220912,0.021828391375341455,True
tobacco,equalize,892,1000,1000,True,0.01568871410569861,8.653669221781012,0.021025246221531426,True
tobacco,equalize,893,1000,1000,True,0.014453611096206445,8.675831026478097,0.020050236831089925,True
tobacco,equalize,894,1000,1000,True,0.011974068316210782,8.85859802677602,0.014033795012386469,True
tobacco,equalize,895,1000,1000,True,0.01195184160045093,7.757111253553091,0.01434359356997126,True
tobacco,equalize,896,1000,1000,True,0.014851538385993769,8.923490292480853,0.023398310727743957,True
tobacco,equalize,897,1000,1000,True,0.014868812872763447,9.836590822027722,0.021476958700702216,True
tobacco,equalize,898,1000,1000,True,0.013253232523273123,8.51077851903103,0.015570900038409163,True
tobacco,equalize,899,1000,1000,True,0.012821488231006917,5.647424103075667,0.015655621680408276,True
tobacco,equalize,900,1000,1000,True,0.012300460860805242,7.144725327120701,0.015792792391451815,True
tobacco,equalize,901,1000,1000,True,0.014539764389644142,10.801462447279997,0.02057612711324171,True
tobacco,equalize,902,1000,1000,True,0.013293791165887104,9.309134814793477,0.015920856675404393,True
tobacco,equalize,903,1000,1000,True,0.013274034714637175,9.386509415112734,0.017925745717440794,True
tobacco,equalize,904,1000,1000,True,0.012339851360936816,9.358933646521916,0.016177393530653342,True
tobacco,equalize,905,1000,1000,True,0.012900589073878897,8.104818073220397,0.01920908817766928,True
tobacco,equalize,906,1000,1000,True,0.012209177198088006,7.220703289846495,0.013996097528951356,True
tobacco,equalize,907,1000,1000,True,0.015413700560361886,10.633121648885618,0.02163806572546307,True
tobacco,equalize,908,1000,1000,True,0.012759710162142938,7.842672758696489,0.017304951460519774,True
tobacco,equalize,909,1000,1000,True,0.013707960416538427,8.682142592701412,0.019697658162737514,True
tobacco,equalize,910,1000,1000,True,0.014436314178479952,8.130568922283361,0.019458341754944205,True
tobacco,equalize,911,1000,1000,True,0.013988742101869114,6.988619033829216,0.018732682004436035,True
tobacco,equalize,912,1000,1000,True,0.014738079551050847,7.9258361703986795,0.02118692072027374,True
tobacco,equalize,913,1000,1000,True,0.012769701523379647,9.467122054774618,0.01677483526711266,True
tobacco,equalize,914,1000,1000,True,0.014890504441424573,7.69703839148539,0.020277262711060482,True
tobacco,equalize,915,1000,1000,True,0.01420720920958729,6.459424045532233,0.018289545897437403,True
tobacco,equalize,916,1000,1000,True,0.015245124992640613,10.21363089209709,0.021963437433631716,True
tobacco,equalize,917,1000,1000,True,0.014329912488406352,10.190178801179103,0.0208124213560114,True
tobacco,equalize,918,1000,1000,True,0.01406152083591144,9.775913205424851,0.019786118251170146,True
tobacco,equalize,919,1000,1000,True,0.01269791110367034,7.4398881712025755,0.015775689885853632,True
tobacco,equalize,920,1000,1000,True,0.01278073058899518,9.072368544101371,0.017547036917032854,True
tobacco,equalize,921,1000,1000,True,0.013216543245546698,8.536298963836728,0.018358466956370813,True
tobacco,equalize,922,1000,1000,True,0.01362502871740816,7.092291519671199,0.019470786856470284,True
tobacco,equalize,923,1000,1000,True,0.014875824500574897,8.268598672084648,0.02100903769796305,True
tobacco,equalize,924,1000,1000,True,0.014490889682476566,9.687434696554089,0.021039304051860896,True
tobacco,equalize,925,1000,1000,True,0.01399694611494855,7.491950280134005,0.017962262670212628,True
tobacco,equalize,926,1000,1000,True,0.014201917900373381,8.484793397602562,0.019159903822529276,True
tobacco,equalize,927,1000,1000,True,0.01571930502815315,9.539666189128422,0.021810530422655038,True
tobacco,equalize,928,1000,1000,True,0.01327378170423908,8.579398522041041,0.016341707384684285,True
tobacco,equalize,929,1000,1000,True,0.015178848209957409,11.012252085745223,0.021925142391129453,True
tobacco,equalize,930,1000,1000,True,0.011931026659831118,8.07806406263283,0.01478424065908555,True
tobacco,equalize,931,1000,1000,True,0.013556067158776422,6.645268993803035,0.017330852856867703,True
tobacco,equalize,932,1000,1000,True,0.013442745809604582,9.659751342555357,0.019137137976394575,True
tobacco,equalize,933,1000,1000,True,0.012562991746746143,6.740809372768229,0.018099821458651123,True
tobacco,equalize,934,1000,1000,True,0.011725417299813043,8.547750815272986,0.014989414495048543,True
tobacco,equalize,935,1000,1000,True,0.012704382087211535,8.903983322086805,0.01673345954901695,True
tobacco,equalize,936,1000,1000,True,0.012796163544715461,7.860985943251648,0.017783413773461876,True
tobacco,equalize,937,1000,1000,True,0.01464388478341011,9.152664693956618,0.02100744334406205,True
tobacco,equalize,938,1000,1000,True,0.014101938475469932,9.66254542033309,0.020234678749891277,True
tobacco,equalize,939,1000,1000,True,0.01317284086844216,7.636446228449461,0.017893535864519496,True
tobacco,equalize,940,1000,1000,True,0.013681959748413281,9.421293700973344,0.0186947940488565,True
tobacco,equalize,941,1000,1000,True,0.012735951615332466,8.964842441448706,0.017464360944791864,True
tobacco,equalize,942,1000,1000,True,0.014047931536536438,8.498135736736618,0.019009353680554286,True
tobacco,equalize,943,1000,1000,True,0.013308969690612557,7.836355721890118,0.020823928154038624,True
tobacco,equalize,944,1000,1000,True,0.014548835770008012,6.3062251783456,0.019695239112455444,True
tobacco,equalize,945,1000,1000,True,0.014833670312193677,9.07562532280834,0.0211163628365467,True
tobacco,equalize,946,1000,1000,True,0.012065542998873462,7.751611380867852,0.015178083057148151,True
tobacco,equalize,947,1000,1000,True,0.014570216888302399,9.040210119239486,0.02012698251359774,True
tobacco,equalize,948,1000,1000,True,0.013768202179039974,10.19220834755648,0.019704525564599656,True
tobacco,equalize,949,1000,1000,True,0.012788019186138415,8.664137060319394,0.020122886085598656,True
tobacco,equalize,950,1000,1000,True,0.013022984030145037,8.388648520470982,0.01737817957858222,True
tobacco,equalize,951,1000,1000,True,0.012757754966210795,8.233399297981363,0.01402121169735184,True
tobacco,equalize,952,1000,1000,True,0.012158385710093022,8.529616579893846,0.015458756239705518,True
tobacco,equalize,953,1000,1000,True,0.01417745659065281,8.54783709484452,0.020074386337262887,True
tobacco,equalize,954,1000,1000,True,0.011942942539847503,9.421868179931197,0.015168464083565687,True
tobacco,equalize,955,1000,1000,True,0.014368838233155526,8.15431854908796,0.019402780581711274,True
tobacco,equalize,956,1000,1000,True,0.01332299639613208,8.412600014264319,0.01961116736866307,True
tobacco,equalize,957,1000,1000,True,0.015116434868372637,8.768551989923994,0.021343407636935558,True
tobacco,equalize,958,1000,1000,True,0.013372791904438078,7.673875096716131,0.01858071529320716,True
tobacco,equalize,959,1000,1000,True,0.013188629770406126,8.746512390661776,0.019839042635576155,True
tobacco,equalize,960,1000,1000,True,0.01444527232039231,8.585028596341424,0.019309185944041712,True
tobacco,equalize,961,1000,1000,True,0.012669877974181624,7.306052011859758,0.017172918001267256,True
tobacco,equalize,962,1000,1000,True,0.013067048788283922,9.489798680688647,0.016492027568981552,True
tobacco,equalize,963,1000,1000,True,0.012628451371025806,8.686201471299176,0.015923511512573398,True
tobacco,equalize,964,1000,1000,True,0.012653388330876456,8.720881606810174,0.01757598960216932,True
tobacco,equalize,965,1000,1000,True,0.01560157500417316,9.437710262558392,0.022432549169041784,True
tobacco,equalize,966,1000,1000,True,0.012886474696742811,7.351519842862427,0.016273391349222725,True
tobacco,equalize,967,1000,1000,True,0.013794461688872118,7.319496635698386,0.017846085755332357,True
tobacco,equalize,968,1000,1000,True,0.013399494817678647,9.8473468000269,0.01796657483575786,True
tobacco,equalize,969,1000,1000,True,0.013818527012559246,10.176370227148775,0.019816011441637478,True
tobacco,equalize,970,1000,1000,True,0.01542678334355453,10.37303118668791,0.021798511546939372,True
tobacco,equalize,971,1000,1000,True,0.01437589924453742,7.470128245217748,0.020053803600626603,True
tobacco,equalize,972,1000,1000,True,0.014775674404646973,8.351302652879967,0.02083712891115957,True
tobacco,equalize,973,1000,1000,True,0.011089932469222194,8.705267313529205,0.012981042069701451,True
tobacco,equalize,974,1000,1000,True,0.014708772360032913,9.744967470443399,0.021975287650494838,True
tobacco,equalize,975,1000,1000,True,0.01417798862343011,10.213416225729764,0.01887833938396959,True
tobacco,equalize,976,1000,1000,True,0.013313407234024393,6.536432054263243,0.01808308570266234,True
tobacco,equalize,977,1000,1000,True,0.013718141345341278,7.99914189147811,0.019545239601684892,True
tobacco,equalize,978,1000,1000,True,0.014331242168816635,8.233870535780849,0.019181177691038963,True
tobacco,equalize,979,1000,1000,True,0.014064895253106627,8.84432269877123,0.02106083696014961,True
tobacco,equalize,980,1000,1000,True,0.014957942019331089,9.462754303055744,0.020845145065363866,True
tobacco,equalize,981,1000,1000,True,0.014155157440951863,8.564292148216337,0.01896572588634804,True
tobacco,equalize,982,1000,1000,True,0.01296713668396866,8.651634238685777,0.017686960791307854,True
tobacco,equalize,983,1000,1000,True,0.011873865650254691,9.50584578036063,0.015298236461779878,True
tobacco,equalize,984,1000,1000,True,0.015033170939407063,9.279168874419735,0.021699661030751403,True
tobacco,equalize,985,1000,1000,True,0.014824617754108114,8.32014398913865,0.021921500507049007,True
tobacco,equalize,986,1000,1000,True,0.013064620428499605,8.435548529882333,0.01607041078356746,True
tobacco,equalize,987,1000,1000,True,0.012766916978312209,10.230264463834745,0.021019079204208382,True
tobacco,equalize,988,1000,1000,True,0.014497332967223943,7.774660828614969,0.020044996735704635,True
tobacco,equalize,989,1000,1000,True,0.012460468494581763,9.139982002170465,0.015371813716558597,True
tobacco,equalize,990,1000,1000,True,0.014788685669657116,11.15702451373125,0.02154467614622709,True
tobacco,equalize,991,1000,1000,True,0.013509274476485549,9.590682144665207,0.017027595524645927,True
tobacco,equalize,992,1000,1000,True,0.012729508437204513,8.396863164301298,0.017422658682643487,True
tobacco,equalize,993,1000,1000,True,0.01331169166724805,7.104618216343508,0.017004162585676472,True
tobacco,equalize,994,1000,1000,True,0.012730507757190741,8.495315414980187,0.013970630121955067,True
tobacco,equalize,995,1000,1000,True,0.013732691305885673,9.130717386930778,0.021359818430144343,True
tobacco,equalize,996,1000,1000,True,0.013723893561482311,8.011164958980686,0.019629559552935435,True
tobacco,equalize,997,1000,1000,True,0.012782888802680276,9.407971035244527,0.01811022684362706,True
tobacco,equalize,998,1000,1000,True,0.012652551361286804,7.992349091474922,0.016491391227021295,True
tobacco,equalize,999,1000,1000,True,0.012873456308399306,6.164777043819184,0.01743375772271805,True
ego,equalize,0,1000,1000,True,0.0014418440237499253,4.441967019238212,0.4817094560001911,True
ego,equalize,1,1000,1000,True,0.0014222356103248204,4.0051305846376595,0.4782091592598368,True
ego,equalize,2,1000,1000,True,0.0009410931098874321,4.338441655710031,0.4733698342733723,True
ego,equalize,3,1000,1000,True,0.0009701280011404035,5.276330543095268,0.48797438457361664,True
ego,equalize,4,1000,1000,True,0.001433172100414144,4.767850668802453,0.48611829835956594,True
ego,equalize,5,1000,1000,True,0.0009548519623679096,3.584789952005557,0.4802905370710524,True
ego,equalize,6,1000,1000,True,0.0014335512503088842,4.991102082706784,0.48333839077813795,True
ego,equalize,7,1000,1000,True,0.001422542659462248,3.9532608059676506,0.4819865143341668,True
ego,equalize,8,1000,1000,True,0.00142985197789676,5.776731861528628,0.4733698342733723,True
ego,equalize,9,1000,1000,True,0.0014056650163368364,4.5296582652557795,0.4817094560001911,True
ego,equalize,10,1000,1000,True,0.0014192645080643215,5.266732953169355,0.47728293495577645,True
ego,equalize,11,1000,1000,True,0.0009609113136742429,4.622163887185309,0.48333839077813795,True
ego,equalize,12,1000,1000,True,0.0016948528767326521,6.28154630644398,0.4783295728494761,True
ego,equalize,13,1000,1000,True,0.0014307707865672092,3.5085209134334656,0.4794121400215059,True
ego,equalize,14,1000,1000,True,0.0014141870116279622,5.167943885144265,0.483602109176542,True
ego,equalize,15,1000,1000,True,0.0009603826209406006,5.229396810340558,0.48307245833311585,True
ego,equalize,16,1000,1000,True,0.0014332203614257752,5.575865044995261,0.47633601585435464,True
ego,equalize,17,1000,1000,True,0.0,5.695208863597542,0.0,True
ego,equalize,18,1000,1000,True,0.0009501047907837823,5.203859240986443,0.0019002095815675401,True
ego,equalize,19,1000,1000,True,0.0014473365847413864,4.63172959055254,0.4797072023641087,True
ego,equalize,20,1000,1000,True,0.0021934034239890015,4.66223122549708,0.48018576406081814,True
ego,equalize,21,1000,1000,True,0.0,4.411105983764163,0.0,True
ego,equalize,22,1000,1000,True,0.001739205870830777,5.350014579419387,0.33574765567451154,True
ego,equalize,23,1000,1000,True,0.0,2.635128080378637,0.0,True
ego,equalize,24,1000,1000,True,0.0014604398655689676,4.940152932855419,0.4838636171484688,True
ego,equalize,25,1000,1000,True,0.0014362850545671948,5.048513048413365,0.48333839077813795,True
ego,equalize,26,1000,1000,True,0.001439100181253517,5.474010504191602,0.4797072023641087,True
ego,equalize,27,1000,1000,True,0.0014278603508588851,4.831972578564576,0.4782091592598368,True
ego,equalize,28,1000,1000,True,0.0,5.828107668875035,0.0,True
ego,equalize,29,1000,1000,True,0.001368727719525383,4.2236950647507685,0.35071176302012713,True
ego,equalize,30,1000,1000,True,0.0017717622005700884,3.779947089576784,0.34226194410542393,True
ego,equalize,31,1000,1000,True,0.0,6.178433134703329,0.0,True
ego,equalize,32,1000,1000,True,0.001388442768109913,3.7992071541309773,0.4814301610825811,True
ego,equalize,33,1000,1000,True,0.0014022825864640001,4.132468511676768,0.4782091592598368,True
ego,equalize,34,1000,1000,True,0.0014418604710464227,4.653888589126302,0.481148625686492,True
ego,equalize,35,1000,1000,True,0.000959312001253229,4.91868884968342,0.482533936630368,True
ego,equalize,36,1000,1000,True,0.0,3.9363403054105977,0.0,True
ego,equalize,37,1000,1000,True,0.0013428007012313045,6.699027989193656,0.3315019202890125,True
ego,equalize,38,1000,1000,True,0.0014874588873244191,3.4626046554580845,0.48797438457361664,True
ego,equalize,39,1000,1000,True,0.0014757009465464835,5.299705274824252,0.4856325771609643,True
ego,equalize,40,1000,1000,True,0.0,3.4453208849104313,0.0,True
ego,equalize,41,1000,1000,True,0.0014056087795010564,5.354150165992732,0.4811486256864921,True
ego,equalize,42,1000,1000,True,0.0,4.941135092263719,0.0,True
ego,equalize,43,1000,1000,True,0.0009571176164663764,5.843248326059744,0.0019142352329327283,True
ego,equalize,44,1000,1000,True,0.0,4.679585344878326,0.0,True
ego,equalize,45,1000,1000,True,0.001718953177627752,4.808226180204089,0.33579122817902063,True
ego,equalize,46,1000,1000,True,0.0,5.926582826553594,0.0,True
ego,equalize,47,1000,1000,True,0.0,4.7988627819515735,0.0,True
ego,equalize,48,1000,1000,True,0.0014414218122478575,3.3656731867488263,0.48538644398046393,True
ego,equalize,49,1000,1000,True,0.0014190305619863671,4.640192991676101,0.4760157560417512,True
ego,equalize,50,1000,1000,True,0.0013999412205069205,6.8168024762347335,0.4814301610825811,True
ego,equalize,51,1000,1000,True,0.0013827820259619521,3.9726533954021206,0.48226133993924913,True
ego,equalize,52,1000,1000,True,0.0014416685742452905,3.219689426016118,0.47696960070847283,True
ego,equalize,53,1000,1000,True,0.0009659573111834221,4.079945955524411,0.0019319146223668194,True
ego,equalize,54,1000,1000,True,0.0,3.8062620771565374,0.0,True
ego,equalize,55,1000,1000,True,0.0,3.7653896212742715,0.0,True
ego,equalize,56,1000,1000,True,0.001387161178307682,3.1594550162963233,0.4760157560417512,True
ego,equalize,57,1000,1000,True,0.0,5.954984130961224,0.0,True
ego,equalize,58,1000,1000,True,0.0009644893134422002,4.700478273537705,0.4851381246614206,True
ego,equalize,59,1000,1000,True,0.0017050005931829358,5.369057179803545,0.4774959608275101,True
ego,equalize,60,1000,1000,True,0.0009582236865490517,4.401224261498157,0.4819865143341668,True
ego,equalize,61,1000,1000,True,0.0014333086059303115,5.540846054529941,0.48538644398046393,True
ego,equalize,62,1000,1000,True,0.0009654723203995437,4.678437239078878,0.4856325771609643,True
ego,equalize,63,1000,1000,True,0.0014417987927171302,5.210189919763002,0.478513322698543,True
ego,equalize,64,1000,1000,True,0.0013883459781963486,4.217475548239729,0.4808648458766766,True
ego,equalize,65,1000,1000,True,0.0009536922512209043,3.5989020547939337,0.4797072023641087,True
ego,equalize,66,1000,1000,True,0.0,3.8020857433782314,0.0,True
ego,equalize,67,1000,1000,True,0.0,5.612198766971819,0.0,True
ego,equalize,68,1000,1000,True,0.0,4.85225463058154,0.0,True
ego,equalize,69,1000,1000,True,0.0,3.6892275614280017,0.0,True
ego,equalize,70,1000,1000,True,0.0009565579039493005,4.435983656417142,0.4811486256864921,True
ego,equalize,71,1000,1000,True,0.0014055033293691338,4.504564795848762,0.4802905370710524,True
ego,equalize,72,1000,1000,True,0.0013913305512141426,5.855540197112474,0.4814301610825811,True
ego,equalize,73,1000,1000,True,0.0014390727164089075,3.184008636922959,0.482533936630368,True
ego,equalize,74,1000,1000,True,0.0014280942342797774,4.098291839291096,0.4819865143341668,True
ego,equalize,75,1000,1000,True,0.0016677965465014702,4.93825880245254,0.32560440550027275,True
ego,equalize,76,1000,1000,True,0.0014702471430008681,4.982853700441144,0.4863578929142613,True
ego,equalize,77,1000,1000,True,0.0,6.403053958854321,0.0,True
ego,equalize,78,1000,1000,True,0.0,3.650104656033851,0.0,True
ego,equalize,79,1000,1000,True,0.001405728280087897,4.9258501804257095,0.4856325771609643,True
ego,equalize,80,1000,1000,True,0.0016589572785226875,5.578940401187308,0.4744473531537008,True
ego,equalize,81,1000,1000,True,0.0014388131477411626,6.898857586586347,0.4763360158543546,True
ego,equalize,82,1000,1000,True,0.001366289802055191,5.576118721835109,0.47584731946551706,True
ego,equalize,83,1000,1000,True,0.001428044416170111,5.527950705279489,0.4802905370710524,True
ego,equalize,84,1000,1000,True,0.0,4.051251164763794,0.0,True
ego,equalize,85,1000,1000,True,0.0,4.481338974012121,0.0,True
ego,equalize,86,1000,1000,True,0.0017883408263529674,3.0263957110728263,0.3603819513519595,True
ego,equalize,87,1000,1000,True,0.0,6.195104841727862,0.0,True
ego,equalize,88,1000,1000,True,0.0,4.656564291406273,0.0,True
ego,equalize,89,1000,1000,True,0.0009659573111834221,4.090611201275428,0.0019319146223668196,True
ego,equalize,90,1000,1000,True,0.0014554584933790895,6.182703615733169,0.4808648458766766,True
ego,equalize,91,1000,1000,True,0.0014794445346834988,2.7323526492749797,0.4808648458766766,True
ego,equalize,92,1000,1000,True,0.0,5.031126712775181,0.0,True
ego,equalize,93,1000,1000,True,0.0014551149306914507,2.8199141830913934,0.4838636171484688,True
ego,equalize,94,1000,1000,True,0.0,5.2682041532195765,0.0,True
ego,equalize,95,1000,1000,True,0.0014076389097683099,3.4627942474250473,0.47633601585435464,True
ego,equalize,96,1000,1000,True,0.0014442091375432117,5.828341445042492,0.4848876158451565,True
ego,equalize,97,1000,1000,True,0.001737096803904545,3.7336261194715252,0.4764790564616208,True
ego,equalize,98,1000,1000,True,0.001428026425870063,4.259863730214852,0.48,True
ego,equalize,99,1000,1000,True,0.0,5.800569282406684,0.0,True
ego,equalize,100,1000,1000,True,0.0014278949514124283,6.096536393723899,0.478513322698543,True
ego,equalize,101,1000,1000,True,0.0014837142093599414,5.092543470604841,0.4848876158451565,True
ego,equalize,102,1000,1000,True,0.0014053233428683925,6.938956405685223,0.4791148087880398,True
ego,equalize,103,1000,1000,True,0.00134795210976553,4.628758364831762,0.4801558907299888,True
ego,equalize,104,1000,1000,True,0.0014308467518450345,5.70504022772846,0.482533936630368,True
ego,equalize,105,1000,1000,True,0.0009571176164663763,4.0233195249694,0.4814301610825811,True
ego,equalize,106,1000,1000,True,0.0014987462267919466,4.822836924466761,0.4856325771609643,True
ego,equalize,107,1000,1000,True,0.0014662428811446128,5.679788728465171,0.4802905370710524,True
ego,equalize,108,1000,1000,True,0.0,4.519222942055414,0.0,True
ego,equalize,109,1000,1000,True,0.0009519188955009104,4.378852703619979,0.4788152044369519,True
ego,equalize,110,1000,1000,True,0.0014819323392310662,6.482314092976365,0.4817094560001911,True
ego,equalize,111,1000,1000,True,0.0,4.889373681771521,0.0,True
ego,equalize,112,1000,1000,True,0.0,4.739577618311573,0.0,True
ego,equalize,113,1000,1000,True,0.0009609113136742429,3.6401482112683268,0.48333839077813795,True
ego,equalize,114,1000,1000,True,0.0,7.0884988537771525,0.0,True
ego,equalize,115,1000,1000,True,0.0014603870912292,6.5495434192010675,0.4841229182759271,True
ego,equalize,116,1000,1000,True,0.0014440572403447403,3.1479629921585803,0.4856325771609643,True
ego,equalize,117,1000,1000,True,0.0013879872273095323,5.458036185295952,0.4791148087880398,True
ego,equalize,118,1000,1000,True,0.0014252351838960513,4.444051192324408,0.48,True
ego,equalize,119,1000,1000,True,0.0,6.454858557706745,0.0,True
ego,equalize,120,1000,1000,True,0.0,4.806187262269334,0.0,True
ego,equalize,121,1000,1000,True,0.0014523485357798161,4.697408221562184,0.48438001610305936,True
ego,equalize,122,1000,1000,True,0.0,5.76710117823504,0.0,True
ego,equalize,123,1000,1000,True,0.0009571176164663763,3.712686224285591,0.4814301610825811,True
ego,equalize,124,1000,1000,True,0.0,5.541491135064641,0.0,True
ego,equalize,125,1000,1000,True,0.0017271925989076947,6.317024299462524,0.35155394302922044,True
ego,equalize,126,1000,1000,True,0.0,6.2132580825199915,0.0,True
ego,equalize,127,1000,1000,True,0.000962471010488933,6.1809610094224015,0.0019249420209778412,True
ego,equalize,128,1000,1000,True,0.001405688916310762,5.620300258882971,0.48611829835956594,True
ego,equalize,129,1000,1000,True,0.0,4.974622699260719,0.0,True
ego,equalize,130,1000,1000,True,0.001446551258373952,5.010599864287708,0.47233886141201636,True
ego,equalize,131,1000,1000,True,0.0013876098693809521,5.992743528635278,0.4775939698111775,True
ego,equalize,132,1000,1000,True,0.0014446031747131773,6.520607026956923,0.48057881767718397,True
ego,equalize,133,1000,1000,True,0.0017167536175733572,3.3484729355334504,0.47915580625271753,True
ego,equalize,134,1000,1000,True,0.001444537509315713,5.052913614935447,0.4782091592598368,True
ego,equalize,135,1000,1000,True,0.0014899187198032372,5.874146746549664,0.49146312170904544,True
ego,equalize,136,1000,1000,True,0.0,5.2565759768122815,0.0,True
ego,equalize,137,1000,1000,True,0.0,4.651447516633936,0.0,True
ego,equalize,138,1000,1000,True,0.0017474956856206299,5.722090439690725,0.470833864669432,True
ego,equalize,139,1000,1000,True,0.0017221749588861917,7.099153752384857,0.48287255213797686,True
ego,equalize,140,1000,1000,True,0.0009629821393699117,5.402050629159264,0.48438001610305936,True
ego,equalize,141,1000,1000,True,0.0014247692140889976,5.760173261283032,0.47633601585435464,True
ego,equalize,142,1000,1000,True,0.0020699481938012063,5.904123220258873,0.36676210493547634,True
ego,equalize,143,1000,1000,True,0.0014020119778428344,6.401359543097076,0.47696960070847283,True
ego,equalize,144,1000,1000,True,0.0,4.843069171506846,0.0,True
ego,equalize,145,1000,1000,True,0.0017566263349200683,3.6290647555534195,0.3535175821439009,True
ego,equalize,146,1000,1000,True,0.0,4.722503467441818,0.0,True
ego,equalize,147,1000,1000,True,0.0009659573111834221,5.3032231708650555,0.002897871933550229,True
ego,equalize,148,1000,1000,True,0.0014280596385546716,5.7081219328251915,0.48333839077813795,True
ego,equalize,149,1000,1000,True,0.0013828234709289406,4.890148361757545,0.482533936630368,True
ego,equalize,150,1000,1000,True,0.0014489973413019872,5.4172346266337765,0.4870636508712183,True
ego,equalize,151,1000,1000,True,0.001458084814974882,5.817562977742484,0.4817094560001911,True
ego,equalize,152,1000,1000,True,0.0,5.790384356845407,0.0,True
ego,equalize,153,1000,1000,True,0.000959849519250375,4.052110561176731,0.0019196990385007251,True
ego,equalize,154,1000,1000,True,0.0,5.970311884650583,0.0,True
ego,equalize,155,1000,1000,True,0.0014251561461772306,4.280425095711873,0.4851381246614206,True
ego,equalize,156,1000,1000,True,0.0016107011837890944,5.061262194354289,0.2046878209366088,True
ego,equalize,157,1000,1000,True,0.0014243128042731124,5.442092887851143,0.4888506929523574,True
ego,equalize,158,1000,1000,True,0.0,7.171936349410807,0.0,True
ego,equalize,159,1000,1000,True,0.0009513187329991036,3.8267938277362163,0.478513322698543,True
ego,equalize,160,1000,1000,True,0.001373121470401547,5.426150661380496,0.478513322698543,True
ego,equalize,161,1000,1000,True,0.0014361034215549674,5.412628843732037,0.4848876158451565,True
ego,equalize,162,1000,1000,True,0.00141415347313209,4.534964167443884,0.48198651433416684,True
ego,equalize,163,1000,1000,True,0.0014064520959322752,5.441840773120801,0.4719904660054057,True
ego,equalize,164,1000,1000,True,0.0014872037772931488,5.291535788407747,0.48841683017684806,True
ego,equalize,165,1000,1000,True,0.0009614356047247478,5.470999817218056,0.48360210917654195,True
ego,equalize,166,1000,1000,True,0.0,7.831006065634224,0.0,True
ego,equalize,167,1000,1000,True,0.0014551149306914507,6.0377809665472295,0.4838636171484688,True
ego,equalize,168,1000,1000,True,0.0014026038663906733,5.4779111894955,0.0038170974155069576,True
ego,equalize,169,1000,1000,True,0.0014525594293556751,5.155327244705227,0.48307245833311585,True
ego,equalize,170,1000,1000,True,0.0,4.59662648036579,0.0,True
ego,equalize,171,1000,1000,True,0.0017654075546719764,4.8899029642724,0.3555310993425883,True
ego,equalize,172,1000,1000,True,0.0014333858154153044,3.913692757486208,0.4848876158451565,True
ego,equalize,173,1000,1000,True,0.0014048282610889657,3.8700511624525067,0.4766539625346673,True
ego,equalize,174,1000,1000,True,0.0,5.79900819106164,0.0,True
ego,equalize,175,1000,1000,True,0.0009444156080670353,3.9984965924707248,0.47504105085771264,True
ego,equalize,176,1000,1000,True,0.0,5.306450414354213,0.0,True
ego,equalize,177,1000,1000,True,0.0009507140343138032,5.015854762650131,0.4782091592598368,True
ego,equalize,178,1000,1000,True,0.0014381207355829637,5.5862644942752215,0.4877499359302879,True
ego,equalize,179,1000,1000,True,0.0,3.280609699430885,0.0,True
ego,equalize,180,1000,1000,True,0.0014734869770856426,3.623309950859849,0.48438001610305936,True
ego,equalize,181,1000,1000,True,0.0014223134209012862,6.42261621148267,0.4858765275252551,True
ego,equalize,182,1000,1000,True,0.0,4.263270927351439,0.0,True
ego,equalize,183,1000,1000,True,0.0009603826209406006,4.780845008991611,0.48307245833311585,True
ego,equalize,184,1000,1000,True,0.0009501047907837823,4.810782784537253,0.47790270976423643,True
ego,equalize,185,1000,1000,True,0.0019171350509837707,4.129705921733411,0.4772508470257573,True
ego,equalize,186,1000,1000,True,0.001694000309470004,3.448205910324962,0.47690798056738803,True
ego,equalize,187,1000,1000,True,0.0014580251783845389,6.31245047505325,0.47504105085771264,True
ego,equalize,188,1000,1000,True,0.0016622834565187168,6.019008556232496,0.471207679287376,True
ego,equalize,189,1000,1000,True,0.001394417866820987,4.095436973022537,0.48683056600833924,True
ego,equalize,190,1000,1000,True,0.0017051304040318945,5.46490246939504,0.480712763241927,True
ego,equalize,191,1000,1000,True,0.0013618159654581348,5.141917054951392,0.48057881767718397,True
ego,equalize,192,1000,1000,True,0.0014412024327806069,7.045279554425076,0.4863578929142613,True
ego,equalize,193,1000,1000,True,0.0014500171418539815,5.284227095801239,0.47790270976423643,True
ego,equalize,194,1000,1000,True,0.0016969515601875731,4.524685071913845,0.47838633631945443,True
ego,equalize,195,1000,1000,True,0.0014416685742452905,3.8261829543292882,0.4838636171484688,True
ego,equalize,196,1000,1000,True,0.0014598673650911256,4.052773864897967,0.4861182983595659,True
ego,equalize,197,1000,1000,True,0.001444582654597114,5.009760074095365,0.4791148087880398,True
ego,equalize,198,1000,1000,True,0.001428059638554672,4.443029484484657,0.48333839077813795,True
ego,equalize,199,1000,1000,True,0.0,7.032026094945895,0.0,True
ego,equalize,200,1000,1000,True,0.0,3.9773860763069004,0.0,True
ego,equalize,201,1000,1000,True,0.002055858264963125,4.710881021634913,0.33592548026472846,True
ego,equalize,202,1000,1000,True,0.0,6.333019500996345,0.0,True
ego,equalize,203,1000,1000,True,0.0014580848149748817,5.242210888546931,0.48170945600019105,True
ego,equalize,204,1000,1000,True,0.0009536922512209043,6.681001047747261,0.4797072023641087,True
ego,equalize,205,1000,1000,True,0.001452396159586535,5.0695341008814605,0.4841229182759271,True
ego,equalize,206,1000,1000,True,0.0016614569967230114,3.0683259279287785,0.32328800627173016,True
ego,equalize,207,1000,1000,True,0.0014609282760138424,3.691052830832958,0.478513322698543,True
ego,equalize,208,1000,1000,True,0.001430721061655849,4.925016852763044,0.4788152044369519,True
ego,equalize,209,1000,1000,True,0.0014158866513342772,4.815083696053476,0.4747114913292073,True
ego,equalize,210,1000,1000,True,0.0009548519623679096,5.673321425761103,0.4802905370710524,True
ego,equalize,211,1000,1000,True,0.0014222356103248204,4.425370041024818,0.4782091592598368,True
ego,equalize,212,1000,1000,True,0.0017074467932833041,4.866639086679842,0.23137934723222156,True
ego,equalize,213,1000,1000,True,0.00133360190674219,6.013241970850666,0.4812442593904942,True
ego,equalize,214,1000,1000,True,0.0014457586709173897,5.104637499372506,0.48863483297857513,True
ego,equalize,215,1000,1000,True,0.0,3.97566346664302,0.0,True
ego,equalize,216,1000,1000,True,0.0019482127617974614,5.110522086832225,0.22144380369021743,True
ego,equalize,217,1000,1000,True,0.0,5.2282861436612285,0.0,True
ego,equalize,218,1000,1000,True,0.0013810387832703806,4.345862284978667,0.47536827828537326,True
ego,equalize,219,1000,1000,True,0.0017131779235092083,5.2849734152595325,0.3313214606985122,True
ego,equalize,220,1000,1000,True,0.0,4.2016709771232685,0.0,True
ego,equalize,221,1000,1000,True,0.0014140752135482918,5.089085969012509,0.4808648458766766,True
ego,equalize,222,1000,1000,True,0.0,3.7268082859197356,0.0,True
ego,equalize,223,1000,1000,True,0.001458208146548421,7.434981102867714,0.4779027097642364,True
ego,equalize,224,1000,1000,True,0.0009488726341069237,4.55251622731869,0.4772829349557765,True
ego,equalize,225,1000,1000,True,0.0,4.769866979277304,0.0,True
ego,equalize,226,1000,1000,True,0.001452005598261316,4.82906367736024,0.4858765275252551,True
ego,equalize,227,1000,1000,True,0.0013209520099299362,4.499108244974775,0.32226405758913446,True
ego,equalize,228,1000,1000,True,0.0,6.03452433916709,0.0,True
ego,equalize,229,1000,1000,True,0.0014031884634184055,4.876169705824439,0.4844053312034497,True
ego,equalize,230,1000,1000,True,0.0,5.764986643523122,0.0,True
ego,equalize,231,1000,1000,True,0.0014361749766959146,5.702539697362922,0.48438001610305936,True
ego,equalize,232,1000,1000,True,0.0014564629151100732,4.922458633650464,0.4881966816765555,True
ego,equalize,233,1000,1000,True,0.0014473365847413864,4.328601506260422,0.4802905370710524,True
ego,equalize,234,1000,1000,True,0.0014332203614257752,5.257354467790811,0.4858765275252551,True
ego,equalize,235,1000,1000,True,0.001438120735582964,5.387650229923988,0.47233886141201636,True
ego,equalize,236,1000,1000,True,0.0014133147520739007,6.7972862231923115,0.4760157560417512,True
ego,equalize,237,1000,1000,True,0.001424652697823551,5.177820390859459,0.4877499359302879,True
ego,equalize,238,1000,1000,True,0.0,5.602348703891967,0.0,True
ego,equalize,239,1000,1000,True,0.0,5.663205805901812,0.0,True
ego,equalize,240,1000,1000,True,0.0014498358661140284,4.604879911572071,0.48333839077813795,True
ego,equalize,241,1000,1000,True,0.0009519188955009105,5.26869395581106,0.4788152044369519,True
ego,equalize,242,1000,1000,True,0.0009692312778826278,4.822296548326326,0.4875233327749554,True
ego,equalize,243,1000,1000,True,0.001441816611172163,7.386142430254104,0.48226133993924913,True
ego,equalize,244,1000,1000,True,0.0014335512503088844,3.9759230374845034,0.48333839077813795,True
ego,equalize,245,1000,1000,True,0.0014942457548065649,5.494942310889169,0.4841229182759271,True
ego,equalize,246,1000,1000,True,0.0,4.670998180260831,0.0,True
ego,equalize,247,1000,1000,True,0.0016546250425392834,5.3804055609219645,0.32207451794708297,True
ego,equalize,248,1000,1000,True,0.0,4.597020665605061,0.0,True
ego,equalize,249,1000,1000,True,0.001482072354191482,6.313746827360122,0.4808648458766766,True
ego,equalize,250,1000,1000,True,0.0017252968011359786,4.9065829250100315,0.3535332098461666,True
ego,equalize,251,1000,1000,True,0.0,4.454934230715422,0.0,True
ego,equalize,252,1000,1000,True,0.000953105646166028,6.499113478006058,0.47941214002150595,True
ego,equalize,253,1000,1000,True,0.0,6.712567020149594,0.0,True
ego,equalize,254,1000,1000,True,0.0013886021720840452,5.248502167285444,0.482533936630368,True
ego,equalize,255,1000,1000,True,0.0009548519623679096,4.908253355318977,0.4802905370710524,True
ego,equalize,256,1000,1000,True,0.0013691434802916892,5.50723160943863,0.46837484987987976,True
ego,equalize,257,1000,1000,True,0.0016958099002024674,5.403905162010155,0.34745136022075246,True
ego,equalize,258,1000,1000,True,0.0016687382962091947,5.180742803884401,0.3255969058549975,True
ego,equalize,259,1000,1000,True,0.0,3.5758466130414486,0.0,True
ego,equalize,260,1000,1000,True,0.001414182819359476,5.4122800186243145,0.4828043081829324,True
ego,equalize,261,1000,1000,True,0.00141247553298734,5.506490352302453,0.47268488446321194,True
ego,equalize,262,1000,1000,True,0.0013887160208631956,5.063743674397431,0.483602109176542,True
ego,equalize,263,1000,1000,True,0.0014018597375376914,4.839090720372992,0.4763360158543546,True
ego,equalize,264,1000,1000,True,0.0,5.693602023324075,0.0,True
ego,equalize,265,1000,1000,True,0.0013207500273257709,3.7429121015594267,0.32344058993888186,True
ego,equalize,266,1000,1000,True,0.0009525145303937296,5.6086629422706435,0.4791148087880398,True
ego,equalize,267,1000,1000,True,0.0013859069223662137,4.921087278234355,0.4872945721019269,True
ego,equalize,268,1000,1000,True,0.0009576728747518829,3.881185385935591,0.48170945600019105,True
ego,equalize,269,1000,1000,True,0.0014930192478576079,6.478794255106424,0.4760157560417512,True
ego,equalize,270,1000,1000,True,0.0013187614680223322,5.356005601191993,0.4786552853752151,True
ego,equalize,271,1000,1000,True,0.0,5.902539707617391,0.0,True
ego,equalize,272,1000,1000,True,0.0,3.345570056059206,0.0,True
ego,equalize,273,1000,1000,True,0.0014600135567670724,6.301396670580261,0.0038618892815981253,True
ego,equalize,274,1000,1000,True,0.0014194538647439533,6.0531009408401575,0.478513322698543,True
ego,equalize,275,1000,1000,True,0.001399331258756225,6.191619416598536,0.47790270976423643,True
ego,equalize,276,1000,1000,True,0.0013871611783076818,5.587895489359119,0.4760157560417512,True
ego,equalize,277,1000,1000,True,0.0014389559849710776,4.004103395268409,0.4838636171484688,True
ego,equalize,278,1000,1000,True,0.0013872566263377982,3.931389576218567,0.47633601585435464,True
ego,equalize,279,1000,1000,True,0.0,5.202626163775368,0.0,True
ego,equalize,280,1000,1000,True,0.0019613220302883067,3.9407805064479295,0.3378027775199658,True
ego,equalize,281,1000,1000,True,0.0014363235798290864,3.8817870884426418,0.4828043081829324,True
ego,equalize,282,1000,1000,True,0.0014224593042599645,4.625669248876317,0.4802905370710524,True
ego,equalize,283,1000,1000,True,0.000959312001253229,4.361951856680676,0.482533936630368,True
ego,equalize,284,1000,1000,True,0.0,4.608663038235709,0.0,True
ego,equalize,285,1000,1000,True,0.0,8.026965553682164,0.0,True
ego,equalize,286,1000,1000,True,0.0014873060923007342,3.6265651793398117,0.4808648458766766,True
ego,equalize,287,1000,1000,True,0.000955993729377103,6.368577156633968,0.4808648458766766,True
ego,equalize,288,1000,1000,True,0.0014654865656428355,3.580053630883202,0.48488761584515644,True
ego,equalize,289,1000,1000,True,0.0019249122483110076,4.793956195043922,0.33690519862655405,True
ego,equalize,290,1000,1000,True,0.0013679088212297324,5.134636890764527,0.481148625686492,True
ego,equalize,291,1000,1000,True,0.0014360635142546313,4.051200315955754,0.4851381246614206,True
ego,equalize,292,1000,1000,True,0.0,5.319950281722565,0.0,True
ego,equalize,293,1000,1000,True,0.0,4.515137207217517,0.0,True
ego,equalize,294,1000,1000,True,0.00096643796890571,6.407022397338721,0.0019328759378113953,True
ego,equalize,295,1000,1000,True,0.0,3.8485067233928545,0.0,True
ego,equalize,296,1000,1000,True,0.0014253225362755985,4.8248190639649895,0.4819865143341668,True
ego,equalize,297,1000,1000,True,0.0014436069286314138,4.875847003342086,0.4872945721019269,True
ego,equalize,298,1000,1000,True,0.0014442967106490863,5.6807252177868985,0.48438001610305936,True
ego,equalize,299,1000,1000,True,0.0013991151668683716,4.000049874689065,0.47696960070847283,True
ego,equalize,300,1000,1000,True,0.001444537509315713,5.956634956080488,0.4822613399392491,True
ego,equalize,301,1000,1000,True,0.0014415150384115454,5.059208534939037,0.48488761584515644,True
ego,equalize,302,1000,1000,True,0.0009536922512209044,5.2518762361655105,0.4797072023641087,True
ego,equalize,303,1000,1000,True,0.001403177196380396,4.55351776102828,0.47093099282166595,True
ego,equalize,304,1000,1000,True,0.0,5.393326895340204,0.0,True
ego,equalize,305,1000,1000,True,0.0013665385618100967,4.0076322186548,0.47086805693036565,True
ego,equalize,306,1000,1000,True,0.0014445169882668387,5.369205155327928,0.482533936630368,True
ego,equalize,307,1000,1000,True,0.0013936707851760909,5.738593555915944,0.478513322698543,True
ego,equalize,308,1000,1000,True,0.0014253183767598714,4.039540072830074,0.4817094560001911,True
ego,equalize,309,1000,1000,True,0.0014757853118384395,4.087643697779933,0.48538644398046393,True
ego,equalize,310,1000,1000,True,0.0013636258118089803,3.6461810158026986,0.4784718846193043,True
ego,equalize,311,1000,1000,True,0.0017189071905526934,6.366315653500068,0.34009579613978863,True
ego,equalize,312,1000,1000,True,0.001410584063531897,4.284351059378772,0.4766539625346673,True
ego,equalize,313,1000,1000,True,0.0009603826209406006,6.985544789062626,0.0019207652418811762,True
ego,equalize,314,1000,1000,True,0.0,5.138553882173466,0.0,True
ego,equalize,315,1000,1000,True,0.0014195666313529256,5.057350195507524,0.4794121400215059,True
ego,equalize,316,1000,1000,True,0.0017299467258115229,6.730718832338787,0.34949883404717674,True
ego,equalize,317,1000,1000,True,0.0014527553288575905,5.953193344752043,0.4808648458766766,True
ego,equalize,318,1000,1000,True,0.0014399883864005722,4.796350174872557,0.48969276082049645,True
ego,equalize,319,1000,1000,True,0.0014362850545671948,3.850191553676258,0.48333839077813795,True
ego,equalize,320,1000,1000,True,0.0014082719359479784,4.412423257123006,0.4797072023641087,True
ego,equalize,321,1000,1000,True,0.0009593120012532289,5.329186054173752,0.482533936630368,True
ego,equalize,322,1000,1000,True,0.0014163053124229652,5.901531919764563,0.4766539625346673,True
ego,equalize,323,1000,1000,True,0.0014133832662903678,5.250752327048001,0.4763360158543546,True
ego,equalize,324,1000,1000,True,0.0016606753464749005,5.113945541360408,0.32792781432452084,True
ego,equalize,325,1000,1000,True,0.0,5.5792024519639005,0.0,True
ego,equalize,326,1000,1000,True,0.0009629821393699116,5.742354133976762,0.48438001610305936,True
ego,equalize,327,1000,1000,True,0.0,5.272980087199268,0.0,True
ego,equalize,328,1000,1000,True,0.0014169679394990338,4.122746172152731,0.4838636171484688,True
ego,equalize,329,1000,1000,True,0.0,5.0728295851526495,0.0,True
ego,equalize,330,1000,1000,True,0.0014111891614635808,4.624927999439558,0.4802905370710524,True
ego,equalize,331,1000,1000,True,0.0014791559777906492,4.775034659560075,0.482533936630368,True
ego,equalize,332,1000,1000,True,0.0014443733327611926,4.559191156334641,0.4838636171484688,True
ego,equalize,333,1000,1000,True,0.0016832944578797108,6.0328798264178936,0.48302350119862725,True
ego,equalize,334,1000,1000,True,0.0,4.638610891204392,0.0,True
ego,equalize,335,1000,1000,True,0.0,3.8417171941724186,0.0,True
ego,equalize,336,1000,1000,True,0.0014363717349533797,3.6324855127033886,0.4808648458766766,True
ego,equalize,337,1000,1000,True,0.0,5.576357144229555,0.0,True
ego,equalize,338,1000,1000,True,0.001413243437831096,7.258491303294369,0.4756931784249171,True
ego,equalize,339,1000,1000,True,0.0,4.817501011935545,0.0,True
ego,equalize,340,1000,1000,True,0.0,4.646245796339233,0.0,True
ego,equalize,341,1000,1000,True,0.001695253936493568,5.113096811131196,0.3335556354192381,True
ego,equalize,342,1000,1000,True,0.0009673863109425061,3.3666006594189337,0.4865953144040744,True
ego,equalize,343,1000,1000,True,0.0020047796915280297,5.546308321757816,0.48171998282063083,True
ego,equalize,344,1000,1000,True,0.0009609113136742429,6.50931939606592,0.48333839077813795,True
ego,equalize,345,1000,1000,True,0.0014497595327055827,4.465305252723491,0.4838636171484688,True
ego,equalize,346,1000,1000,True,0.0014253114442066852,6.200433452590229,0.48307245833311585,True
ego,equalize,347,1000,1000,True,0.0012989260007482376,3.460826346409193,0.3210561595590975,True
ego,equalize,348,1000,1000,True,0.0014441612437547848,6.373921555839859,0.4851381246614206,True
ego,equalize,349,1000,1000,True,0.0,6.495150113738712,0.0,True
ego,equalize,350,1000,1000,True,0.0013559041638850071,4.778919961664978,0.3348576946107062,True
ego,equalize,351,1000,1000,True,0.0,5.157102965813268,0.0,True
ego,equalize,352,1000,1000,True,0.001433172100414144,5.021531240567961,0.48611829835956594,True
ego,equalize,353,1000,1000,True,0.0009559937293771031,5.557196325486441,0.4808648458766766,True
ego,equalize,354,1000,1000,True,0.0014000753199697974,4.571642046354898,0.4863578929142613,True
ego,equalize,355,1000,1000,True,0.0014001430706038146,4.152437356541337,0.48438001610305936,True
ego,equalize,356,1000,1000,True,0.0014280444161701112,5.9471229178485965,0.4802905370710524,True
ego,equalize,357,1000,1000,True,0.0,3.891322525825892,0.0,True
ego,equalize,358,1000,1000,True,0.0014705804513142115,6.060705899480687,0.4853864439804639,True
ego,equalize,359,1000,1000,True,0.0009609113136742429,5.514874069278464,0.48333839077813795,True
ego,equalize,360,1000,1000,True,0.0017640984794208244,4.6250378376830605,0.48315598984197544,True
ego,equalize,361,1000,1000,True,0.0009587700595213824,5.948511074210082,0.4822613399392491,True
ego,equalize,362,1000,1000,True,0.0,4.138314149505811,0.0,True
ego,equalize,363,1000,1000,True,0.0014527553288575905,4.400872186283078,0.4808648458766766,True
ego,equalize,364,1000,1000,True,0.0009250644637331204,5.056944136531469,0.001850128927466217,True
ego,equalize,365,1000,1000,True,0.0,5.068014897373527,0.0,True
ego,equalize,366,1000,1000,True,0.0014335967415577391,5.300563649273537,0.4802905370710524,True
ego,equalize,367,1000,1000,True,0.0014470306995814706,3.6104535726138343,0.47536827828537326,True
ego,equalize,368,1000,1000,True,0.0009507140343138032,5.107253567231609,0.4782091592598368,True
ego,equalize,369,1000,1000,True,0.0009513187329991037,4.840078408455797,0.478513322698543,True
ego,equalize,370,1000,1000,True,0.0017207055182236694,6.127801481771418,0.3346533976416302,True
ego,equalize,371,1000,1000,True,0.0014363056932288594,5.815142216661601,0.4791148087880398,True
ego,equalize,372,1000,1000,True,0.0017152518813854359,5.664624877253568,0.4749241295705882,True
ego,equalize,373,1000,1000,True,0.0013511853509061283,6.178865187071167,0.48122749176833024,True
ego,equalize,374,1000,1000,True,0.0014942457548065649,3.667919164867187,0.4841229182759271,True
ego,equalize,375,1000,1000,True,0.001517361031579558,8.721958266352804,0.4908920451586072,True
ego,equalize,376,1000,1000,True,0.0014163053124229652,5.279172662453844,0.4766539625346673,True
ego,equalize,377,1000,1000,True,0.001728409574643612,4.289482952524698,0.34952793493004214,True
ego,equalize,378,1000,1000,True,0.0014141534731320897,6.297812239182747,0.006744422264323718,True
ego,equalize,379,1000,1000,True,0.0013993976332247594,4.732426016326087,0.4782091592598368,True
ego,equalize,380,1000,1000,True,0.0017534193919219977,6.041718629661595,0.4797616917259202,True
ego,equalize,381,1000,1000,True,0.0019507743980855937,6.231422871222912,0.33362661252244935,True
ego,equalize,382,1000,1000,True,0.0,5.935587249800983,0.0,True
ego,equalize,383,1000,1000,True,0.00142808869902008,3.4676049371287956,0.4814301610825811,True
ego,equalize,384,1000,1000,True,0.001446484315194377,4.575167647201575,0.48659531440407444,True
ego,equalize,385,1000,1000,True,0.0,4.521821646195258,0.0,True
ego,equalize,386,1000,1000,True,0.0,6.495611980406466,0.0,True
ego,equalize,387,1000,1000,True,0.0014197545557974474,4.59911469741732,0.4819865143341668,True
ego,equalize,388,1000,1000,True,0.0009644893134422002,4.658215860176512,0.4851381246614206,True
ego,equalize,389,1000,1000,True,0.0017510554741886218,4.236233114454397,0.48204418118600123,True
ego,equalize,390,1000,1000,True,0.0014082719359479784,4.9391837382304375,0.4797072023641087,True
ego,equalize,391,1000,1000,True,0.0017743402330586888,6.6853329012099305,0.3443561579239039,True
ego,equalize,392,1000,1000,True,0.0,5.7323262293766915,0.0,True
ego,equalize,393,1000,1000,True,0.00140822843327814,6.745360183118467,0.47941214002150595,True
ego,equalize,394,1000,1000,True,0.0014442091375432117,4.127386461188243,0.48488761584515644,True
ego,equalize,395,1000,1000,True,0.0014168675191107729,3.342470792692137,0.48057881767718397,True
ego,equalize,396,1000,1000,True,0.0014594544298964381,5.99044030101294,0.4872945721019269,True
ego,equalize,397,1000,1000,True,0.001736394729808823,5.630788133112451,0.34538049997933684,True
ego,equalize,398,1000,1000,True,0.0,4.83646306715972,0.0,True
ego,equalize,399,1000,1000,True,0.0017306034556112508,4.524278948075593,0.47182126257644613,True
ego,equalize,400,1000,1000,True,0.00140822843327814,5.726830798967261,0.47941214002150595,True
ego,equalize,401,1000,1000,True,0.001422525988812538,5.14455051486522,0.48360210917654195,True
ego,equalize,402,1000,1000,True,0.0014664153904553035,5.141100952130779,0.48906441293555597,True
ego,equalize,403,1000,1000,True,0.0,5.4431828005313205,0.0,True
ego,equalize,404,1000,1000,True,0.0014603870912292,4.329679433861125,0.4841229182759271,True
ego,equalize,405,1000,1000,True,0.0017692440805371203,4.484261812160391,0.3453890983145432,True
ego,equalize,406,1000,1000,True,0.0,5.370193199504093,0.0,True
ego,equalize,407,1000,1000,True,0.0,3.577993711565184,0.0,True
ego,equalize,408,1000,1000,True,0.0009417669409405299,4.570416173610451,0.0037670677637620703,True
ego,equalize,409,1000,1000,True,0.0014417001019017628,7.862261697501553,0.483602109176542,True
ego,equalize,410,1000,1000,True,0.0014554856490260298,5.707139300910746,0.47790270976423643,True
ego,equalize,411,1000,1000,True,0.0,5.442249443015269,0.0,True
ego,equalize,412,1000,1000,True,0.0,5.028814472616782,0.0,True
ego,equalize,413,1000,1000,True,0.0013962095148831735,6.107289988202623,0.47696960070847283,True
ego,equalize,414,1000,1000,True,0.0009634888949034007,5.713403101479887,0.48463491413640436,True
ego,equalize,415,1000,1000,True,0.0014111891614635808,4.19141933001221,0.48659531440407444,True
ego,equalize,416,1000,1000,True,0.0009565579039493005,4.587799036575164,0.481148625686492,True
ego,equalize,417,1000,1000,True,0.0013575472150416576,5.668767414526724,0.46984997605618756,True
ego,equalize,418,1000,1000,True,0.0,4.887064967851359,0.0,True
ego,equalize,419,1000,1000,True,0.0014736210891874337,3.6385574064455826,0.4838636171484688,True
ego,equalize,420,1000,1000,True,0.000955993729377103,7.032575346201419,0.4808648458766766,True
ego,equalize,421,1000,1000,True,0.001449214177146641,5.048436985840271,0.4863578929142613,True
ego,equalize,422,1000,1000,True,0.0,6.7284099161689,0.0,True
ego,equalize,423,1000,1000,True,0.0014136293307857979,4.221653585977893,0.4775939698111775,True
ego,equalize,424,1000,1000,True,0.0014446031747131776,5.5224088041361075,0.48,True
ego,equalize,425,1000,1000,True,0.0,4.774196372165687,0.0,True
ego,equalize,426,1000,1000,True,0.0009654723203995437,3.9754441261323246,0.4856325771609643,True
ego,equalize,427,1000,1000,True,0.0,4.479472178728204,0.0,True
ego,equalize,428,1000,1000,True,0.0014336174189209315,4.233188396469027,0.481148625686492,True
ego,equalize,429,1000,1000,True,0.0014709365239052596,4.750273676326449,0.4841229182759271,True
ego,equalize,430,1000,1000,True,0.0,4.154902646272232,0.0,True
ego,equalize,431,1000,1000,True,0.0,5.095425006807577,0.0,True
ego,equalize,432,1000,1000,True,0.0014661350525179034,5.16354829550378,0.4814301610825811,True
ego,equalize,433,1000,1000,True,0.0017235456887345576,4.766757283520947,0.3401325407069978,True
ego,equalize,434,1000,1000,True,0.0014569173918454656,3.5882497126036257,0.4870636508712183,True
ego,equalize,435,1000,1000,True,0.0013387916632238207,5.610871946498156,0.48496567822251924,True
ego,equalize,436,1000,1000,True,0.0014845970211469274,5.681728962208599,0.4814301610825811,True
ego,equalize,437,1000,1000,True,0.001422409288793922,6.550651570645473,0.4797072023641087,True
ego,equalize,438,1000,1000,True,0.001713671566265592,6.329887755718896,0.47826737003555925,True
ego,equalize,439,1000,1000,True,0.0014084739952490099,4.910124642002481,0.4814301610825811,True
ego,equalize,440,1000,1000,True,0.0017713929664285063,4.062052559975068,0.3622825126418935,True
ego,equalize,441,1000,1000,True,0.0009476221919178397,6.45696763194613,0.0018952443838356546,True
ego,equalize,442,1000,1000,True,0.001422409288793922,4.469348834002555,0.4797072023641087,True
ego,equalize,443,1000,1000,True,0.0009542743538767518,5.979757520167519,0.48,True
ego,equalize,444,1000,1000,True,0.0,8.035048164136915,0.0,True
ego,equalize,445,1000,1000,True,0.0017389661005045567,5.254947763774631,0.4781194758936906,True
ego,equalize,446,1000,1000,True,0.0,6.2240641866870225,0.0,True
ego,equalize,447,1000,1000,True,0.0016644042101643414,5.345506898321244,0.33356160375800836,True
ego,equalize,448,1000,1000,True,0.0,4.9237428852449225,0.0,True
ego,equalize,449,1000,1000,True,0.001459363703889529,6.194594740578273,0.4875233327749554,True
ego,equalize,450,1000,1000,True,0.001423990871104221,4.472427081574388,0.47268488446321194,True
ego,equalize,451,1000,1000,True,0.0,6.775635689734211,0.0,True
ego,equalize,452,1000,1000,True,0.0,3.066818383928204,0.0,True
ego,equalize,453,1000,1000,True,0.0,3.133809821926021,0.0,True
ego,equalize,454,1000,1000,True,0.0013906898135302849,6.0922737134833325,0.4782091592598368,True
ego,equalize,455,1000,1000,True,0.0014001430706038146,5.803932373830695,0.4848876158451565,True
ego,equalize,456,1000,1000,True,0.0,3.5068149366626122,0.0,True
ego,equalize,457,1000,1000,True,0.0,4.820016493747714,0.0,True
ego,equalize,458,1000,1000,True,0.0014581105663848543,6.5715581105244745,0.4814301610825811,True
ego,equalize,459,1000,1000,True,0.0009525145303937295,5.998549074567948,0.47911480878803986,True
ego,equalize,460,1000,1000,True,0.0,6.199701928318812,0.0,True
ego,equalize,461,1000,1000,True,0.0014472710433638591,6.11135860508938,0.4819865143341668,True
ego,equalize,462,1000,1000,True,0.0,3.7949566532438808,0.0,True
ego,equalize,463,1000,1000,True,0.0,4.90385307691819,0.0,True
ego,equalize,464,1000,1000,True,0.0,4.904740156216229,0.0,True
ego,equalize,465,1000,1000,True,0.0009731320956551443,4.963753015612279,0.4894854441145313,True
ego,equalize,466,1000,1000,True,0.001439087822138308,5.341954604823968,0.47941214002150595,True
ego,equalize,467,1000,1000,True,0.0,3.1638274289221275,0.0,True
ego,equalize,468,1000,1000,True,0.001473020171789483,5.280060226929234,0.4858765275252551,True
ego,equalize,469,1000,1000,True,0.0014004775413161417,7.0450561388820745,0.47163969298607594,True
ego,equalize,470,1000,1000,True,0.001764295630704542,4.417215299258119,0.4859119736681628,True
ego,equalize,471,1000,1000,True,0.0014308370837609352,5.234670476734902,0.48057881767718397,True
ego,equalize,472,1000,1000,True,0.0,3.3625048698849493,0.0,True
ego,equalize,473,1000,1000,True,0.0,6.025333102825105,0.0,True
ego,equalize,474,1000,1000,True,0.0009619555012892148,6.071874834019554,0.4838636171484688,True
ego,equalize,475,1000,1000,True,0.001433010758948735,5.335775107704597,0.4868305660083393,True
ego,equalize,476,1000,1000,True,0.0016264272450490285,6.7172368575181265,0.20690017839896646,True
ego,equalize,477,1000,1000,True,0.0,4.967135895060654,0.0,True
ego,equalize,478,1000,1000,True,0.0017556360509494394,5.561538995637808,0.35155965119596855,True
ego,equalize,479,1000,1000,True,0.0,6.473297768525715,0.0,True
ego,equalize,480,1000,1000,True,0.0013945780048953776,4.581257032736757,0.47163969298607594,True
ego,equalize,481,1000,1000,True,0.0009404145931713174,5.831493033520661,0.0018808291863426105,True
ego,equalize,482,1000,1000,True,0.0013803345703272902,6.058659587730606,0.4733698342733723,True
ego,equalize,483,1000,1000,True,0.0,5.635750083174377,0.0,True
ego,equalize,484,1000,1000,True,0.001401937269388535,5.891364527849214,0.4766539625346673,True
ego,equalize,485,1000,1000,True,0.0017082972770838785,6.919521298471448,0.3379166900965828,True
ego,equalize,486,1000,1000,True,0.0,5.307986058760894,0.0,True
ego,equalize,487,1000,1000,True,0.0,4.864828465629595,0.0,True
ego,equalize,488,1000,1000,True,0.0014335691712762146,6.721585452852623,0.48307245833311585,True
ego,equalize,489,1000,1000,True,0.0014306602844171537,3.5114578169187793,0.48488761584515644,True
ego,equalize,490,1000,1000,True,0.0,5.612101121683393,0.0,True
ego,equalize,491,1000,1000,True,0.0017127429848136963,6.018993188233394,0.33467854073179104,True
ego,equalize,492,1000,1000,True,0.0,4.061467591893353,0.0,True
ego,equalize,493,1000,1000,True,0.0,6.001102482044446,0.0,True
ego,equalize,494,1000,1000,True,0.0013985119102681372,4.0695177847012785,0.4747114913292073,True
ego,equalize,495,1000,1000,True,0.0009598495192503748,4.88540315634237,0.4828043081829324,True
ego,equalize,496,1000,1000,True,0.0009687764852921133,5.645106819184204,0.0029063294558763038,True
ego,equalize,497,1000,1000,True,0.0013282921971844274,5.417746302661283,0.4753774188442102,True
ego,equalize,498,1000,1000,True,0.0,4.4999812221830435,0.0,True
ego,equalize,499,1000,1000,True,0.0014335691712762146,5.892459503467122,0.4797072023641087,True
ego,equalize,500,1000,1000,True,0.0013740667080051183,4.75027062386976,0.47268488446321194,True
ego,equalize,501,1000,1000,True,0.001755789131324953,5.572191579621074,0.4881493236160438,True
ego,equalize,502,1000,1000,True,0.0,4.9592700067651085,0.0,True
ego,equalize,503,1000,1000,True,0.0014472887944466787,5.366804542742357,0.4817094560001911,True
ego,equalize,504,1000,1000,True,0.0014022304419898626,4.615059587914332,0.3527629878469986,True
ego,equalize,505,1000,1000,True,0.0,3.6618573156255008,0.0,True
ego,equalize,506,1000,1000,True,0.0,5.627679361868442,0.0,True
ego,equalize,507,1000,1000,True,0.00145278797620637,5.863298644960872,0.4797072023641087,True
ego,equalize,508,1000,1000,True,0.0,4.826094072850217,0.0,True
ego,equalize,509,1000,1000,True,0.0013799909214135752,4.889987218797202,0.3476667565619839,True
ego,equalize,510,1000,1000,True,0.0,4.942286009530408,0.0,True
ego,equalize,511,1000,1000,True,0.0009576728747518832,5.205386056768509,0.4817094560001911,True
ego,equalize,512,1000,1000,True,0.0014279821410889545,5.064227384310464,0.48438001610305936,True
ego,equalize,513,1000,1000,True,0.001430721061655849,5.766564315083984,0.48438001610305936,True
ego,equalize,514,1000,1000,True,0.0014517224776932046,4.617611503797174,0.4868305660083393,True
ego,equalize,515,1000,1000,True,0.0,4.245259827148392,0.0,True
ego,equalize,516,1000,1000,True,0.0,4.979301055369116,0.0,True
ego,equalize,517,1000,1000,True,0.0015006240245427798,5.7163344023945974,0.4788152044369519,True
ego,equalize,518,1000,1000,True,0.0,6.954214549465669,0.0,True
ego,equalize,519,1000,1000,True,0.0009554250848453084,4.877069201887544,0.48057881767718397,True
ego,equalize,520,1000,1000,True,0.0014335691712762146,7.428075861217358,0.4830724583331159,True
ego,equalize,521,1000,1000,True,0.0,4.812525324608693,0.0,True
ego,equalize,522,1000,1000,True,0.0009649829900208152,6.021626939623543,0.48538644398046393,True
ego,equalize,523,1000,1000,True,0.0,4.79061154760016,0.0,True
ego,equalize,524,1000,1000,True,0.0014496722896028076,5.183509911247398,0.48438001610305936,True
ego,equalize,525,1000,1000,True,0.0,3.122626938973018,0.0,True
ego,equalize,526,1000,1000,True,0.0017213347760681543,5.6136800763848305,0.33020554569812377,True
ego,equalize,527,1000,1000,True,0.0,4.2901748216127515,0.0,True
ego,equalize,528,1000,1000,True,0.0,4.408675084421622,0.0,True
ego,equalize,529,1000,1000,True,0.0009692312778826276,6.180807714206938,0.4875233327749554,True
ego,equalize,530,1000,1000,True,0.0,4.21246614229717,0.0,True
ego,equalize,531,1000,1000,True,0.0014602125163630767,4.943339357155241,0.4848876158451565,True
ego,equalize,532,1000,1000,True,0.0014759459942919487,5.743962395420082,0.48488761584515644,True
ego,equalize,533,1000,1000,True,0.001677588462200486,4.865407588270483,0.4806725594694764,True
ego,equalize,534,1000,1000,True,0.0014385727646223279,6.256898193194452,0.4861182983595659,True
ego,equalize,535,1000,1000,True,0.0009735442561043791,4.765690296273983,0.4896927608204965,True
ego,equalize,536,1000,1000,True,0.0014307915047702428,4.301275973475778,0.4797072023641087,True
ego,equalize,537,1000,1000,True,0.0,5.604554933266334,0.0,True
ego,equalize,538,1000,1000,True,0.0019538920728179934,5.597157850195043,0.2089418103165004,True
ego,equalize,539,1000,1000,True,0.0015161558309518105,3.917682861080003,0.4858765275252551,True
ego,equalize,540,1000,1000,True,0.0,5.630776500625824,0.0,True
ego,equalize,541,1000,1000,True,0.0014183410322307281,4.842096653310423,0.4730285403651665,True
ego,equalize,542,1000,1000,True,0.0014113221921823553,6.369253566941733,0.4817094560001911,True
ego,equalize,543,1000,1000,True,0.0014112773832355486,5.148630885973474,0.003863829244733639,True
ego,equalize,544,1000,1000,True,0.0009513187329991036,4.200337010288579,0.478513322698543,True
ego,equalize,545,1000,1000,True,0.0014362066249480308,6.417572048680093,0.4779027097642364,True
ego,equalize,546,1000,1000,True,0.0014055764423016434,6.341695356921522,0.4808648458766766,True
ego,equalize,547,1000,1000,True,0.0,5.660524357336518,0.0,True
ego,equalize,548,1000,1000,True,0.0017167536175733589,5.525212665590348,0.3346672126577483,True
ego,equalize,549,1000,1000,True,0.001695422959423268,5.222404044116081,0.48113517058887245,True
ego,equalize,550,1000,1000,True,0.0009624710104889329,4.000985378628619,0.4841229182759271,True
ego,equalize,551,1000,1000,True,0.0009525145303937296,4.944873608091515,0.47911480878803986,True
ego,equalize,552,1000,1000,True,0.0,6.506903334152121,0.0,True
ego,equalize,553,1000,1000,True,0.0009571176164663763,5.213674328149007,0.4814301610825811,True
ego,equalize,554,1000,1000,True,0.0009654723203995437,5.315239881698662,0.4856325771609643,True
ego,equalize,555,1000,1000,True,0.0009696817811735471,5.771029717476768,0.4877499359302879,True
ego,equalize,556,1000,1000,True,0.0009576728747518831,5.750234690862626,0.4817094560001911,True
ego,equalize,557,1000,1000,True,0.0016975279231179257,4.407130131956622,0.4778666740730406,True
ego,equalize,558,1000,1000,True,0.0,4.334783846975533,0.0,True
ego,equalize,559,1000,1000,True,0.0009603826209406006,5.92777158804217,0.4830724583331159,True
ego,equalize,560,1000,1000,True,0.0013845873035080109,4.588977663924721,0.4772829349557765,True
ego,equalize,561,1000,1000,True,0.0014914181131837202,6.224265739828273,0.4848876158451565,True
ego,equalize,562,1000,1000,True,0.0014251852658467602,6.114464735363186,0.47941214002150595,True
ego,equalize,563,1000,1000,True,0.0,3.248185801335878,0.0,True
ego,equalize,564,1000,1000,True,0.0014444075377489274,5.332680751742036,0.48360210917654195,True
ego,equalize,565,1000,1000,True,0.0021692685134092875,4.766445111401158,0.47373037519098904,True
ego,equalize,566,1000,1000,True,0.001446551258373952,5.502758490066595,0.4863578929142613,True
ego,equalize,567,1000,1000,True,0.0014443363904645943,5.601431870513109,0.003849884041955682,True
ego,equalize,568,1000,1000,True,0.0013913717415451458,5.592898979956638,0.4817094560001911,True
ego,equalize,569,1000,1000,True,0.001427955846350359,6.303874919444389,0.48463491413640436,True
ego,equalize,570,1000,1000,True,0.0014472014023979031,4.962503299747014,0.47696960070847283,True
ego,equalize,571,1000,1000,True,0.0019339747288118193,5.817310375078846,0.3400010796157745,True
ego,equalize,572,1000,1000,True,0.0,4.5009988891356105,0.0,True
ego,equalize,573,1000,1000,True,0.0014417987927171302,4.273323764939886,0.478513322698543,True
ego,equalize,574,1000,1000,True,0.0014445990707132833,3.688175565235473,0.4797072023641087,True
ego,equalize,575,1000,1000,True,0.0,5.903764138242651,0.0,True
ego,equalize,576,1000,1000,True,0.0,4.152906933703186,0.0,True
ego,equalize,577,1000,1000,True,0.0014055033293691335,4.795998331942996,0.4802905370710524,True
ego,equalize,578,1000,1000,True,0.0014412613942936367,5.032538027675499,0.4861182983595659,True
ego,equalize,579,1000,1000,True,0.0013715734438101528,5.677710806302131,0.48841683017684806,True
ego,equalize,580,1000,1000,True,0.0014279267831811984,4.585149943022584,0.4848876158451565,True
ego,equalize,581,1000,1000,True,0.0,6.048214281918259,0.0,True
ego,equalize,582,1000,1000,True,0.0,3.3711658220858847,0.0,True
ego,equalize,583,1000,1000,True,0.0,5.56330693023493,0.0,True
ego,equalize,584,1000,1000,True,0.0009609113136742429,5.816596169582344,0.0019218226273484608,True
ego,equalize,585,1000,1000,True,0.0014336063910310095,5.301409623864204,0.48226133993924913,True
ego,equalize,586,1000,1000,True,0.0017272200589407234,4.670640106024013,0.329073560377663,True
ego,equalize,587,1000,1000,True,0.0014404617804110887,6.296268656911011,0.48863483297857513,True
ego,equalize,588,1000,1000,True,0.0014511220249312062,4.847473568777864,0.488416830176848,True
ego,equalize,589,1000,1000,True,0.0014280444161701112,5.340291752329643,0.4802905370710524,True
ego,equalize,590,1000,1000,True,0.0009687764852921133,4.213141227160562,0.4872945721019269,True
ego,equalize,591,1000,1000,True,0.0,4.529148264298708,0.0,True
ego,equalize,592,1000,1000,True,0.001374940869498911,6.5714957201538216,0.35570198764593963,True
ego,equalize,593,1000,1000,True,0.001485714762394487,4.9976945684985585,0.4863578929142613,True
ego,equalize,594,1000,1000,True,0.0,4.9336476363842605,0.0,True
ego,equalize,595,1000,1000,True,0.0014362355205691645,5.387309161353189,0.4838636171484688,True
ego,equalize,596,1000,1000,True,0.001360770728376556,6.188195132669946,0.3466128491000402,True
ego,equalize,597,1000,1000,True,0.0014136838506441677,5.372369216649206,0.47790270976423643,True
ego,equalize,598,1000,1000,True,0.001658245956457387,3.7945835081073125,0.32560944928540986,True
ego,equalize,599,1000,1000,True,0.0,5.448425827704733,0.0,True
ego,equalize,600,1000,1000,True,0.0009469900911617509,5.196342463695018,0.47633601585435464,True
ego,equalize,601,1000,1000,True,0.0,4.049359332042539,0.0,True
ego,equalize,602,1000,1000,True,0.0,4.096520352689585,0.0,True
ego,equalize,603,1000,1000,True,0.0014336132834721514,5.401969640788441,0.4808648458766766,True
ego,equalize,604,1000,1000,True,0.0,5.9903669336694225,0.0,True
ego,equalize,605,1000,1000,True,0.0009654723203995437,5.27667281532596,0.4856325771609643,True
ego,equalize,606,1000,1000,True,0.00195521153625496,5.5609775219829825,0.1325869640822797,True
ego,equalize,607,1000,1000,True,0.0009513187329991036,6.214491129609889,0.478513322698543,True
ego,equalize,608,1000,1000,True,0.0,6.491661112535065,0.0,True
ego,equalize,609,1000,1000,True,0.0,6.6435953368639185,0.0,True
ego,equalize,610,1000,1000,True,0.0014605372901094053,4.973570146283251,0.48333839077813795,True
ego,equalize,611,1000,1000,True,0.0,3.7387612921929105,0.0,True
ego,equalize,612,1000,1000,True,0.0014500171418539815,5.725964634889042,0.4814301610825811,True
ego,equalize,613,1000,1000,True,0.0,7.020167448145378,0.0,True
ego,equalize,614,1000,1000,True,0.0014083505180098352,5.058653476964003,0.4802905370710524,True
ego,equalize,615,1000,1000,True,0.0016851988083004391,5.614166990747603,0.46851990667218874,True
ego,equalize,616,1000,1000,True,0.0014195666313529256,3.78323195165192,0.47941214002150595,True
ego,equalize,617,1000,1000,True,0.0014702471430008681,4.470514511776021,0.4863578929142613,True
ego,equalize,618,1000,1000,True,0.001449624576310124,4.306924656875251,0.474045356479736,True
ego,equalize,619,1000,1000,True,0.0014527226807751203,4.904770636839199,0.4814301610825811,True
ego,equalize,620,1000,1000,True,0.0009609113136742429,5.518106559319057,0.48333839077813795,True
ego,equalize,621,1000,1000,True,0.0009624710104889331,5.700096841282611,0.4841229182759271,True
ego,equalize,622,1000,1000,True,0.0017313706571882488,4.872389147020176,0.004383282597557623,True
ego,equalize,623,1000,1000,True,0.0013765138226339323,6.796996321905728,0.4712865370451398,True
ego,equalize,624,1000,1000,True,0.0,4.852347782259636,0.0,True
ego,equalize,625,1000,1000,True,0.0,5.917507583434093,0.0,True
ego,equalize,626,1000,1000,True,0.0,3.9264762828775623,0.0,True
ego,equalize,627,1000,1000,True,0.0009614356047247477,6.282736266946115,0.0019228712094494708,True
ego,equalize,628,1000,1000,True,0.0014196278835341895,5.433325316967502,0.48,True
ego,equalize,629,1000,1000,True,0.0016785682795401001,5.66373719376173,0.3221195135176051,True
ego,equalize,630,1000,1000,True,0.00094506615961308,6.56057855680427,0.47536827828537326,True
ego,equalize,631,1000,1000,True,0.0,4.691803917471402,0.0,True
ego,equalize,632,1000,1000,True,0.001469870736324351,4.995357744946802,0.4872945721019269,True
ego,equalize,633,1000,1000,True,0.0,4.796915675723307,0.0,True
ego,equalize,634,1000,1000,True,0.0015059442026372312,5.756941462269701,0.4863578929142613,True
ego,equalize,635,1000,1000,True,0.0009417669409405297,4.596493337317046,0.4737087712930805,True
ego,equalize,636,1000,1000,True,0.001464677239851085,4.080322413731543,0.48729457210192695,True
ego,equalize,637,1000,1000,True,0.0,6.778064546756692,0.0,True
ego,equalize,638,1000,1000,True,0.0014527022753509772,4.26410119485924,0.47696960070847283,True
ego,equalize,639,1000,1000,True,0.0009565579039493005,5.61373663436396,0.481148625686492,True
ego,equalize,640,1000,1000,True,0.0014333086059303112,4.771265555384651,0.47696960070847283,True
ego,equalize,641,1000,1000,True,0.0009548519623679096,5.249226133441005,0.0019097039247357947,True
ego,equalize,642,1000,1000,True,0.0014444390056222599,5.302901469950201,0.47696960070847283,True
ego,equalize,643,1000,1000,True,0.0009488726341069237,7.052444611622271,0.4772829349557765,True
ego,equalize,644,1000,1000,True,0.0013768583393940778,6.118418014487078,0.48170945600019105,True
ego,equalize,645,1000,1000,True,0.0014278603508588851,5.0540628211370695,0.48538644398046393,True
ego,equalize,646,1000,1000,True,0.0015983897608144654,6.064775346210278,0.1932223154469614,True
ego,equalize,647,1000,1000,True,0.0014361034215549674,3.9401604028262605,0.47696960070847283,True
ego,equalize,648,1000,1000,True,0.0014141534731320897,6.868096606775416,0.48198651433416684,True
ego,equalize,649,1000,1000,True,0.000953105646166028,7.216308682422061,0.47941214002150595,True
ego,equalize,650,1000,1000,True,0.0014513957314884736,4.3380860987306376,0.4877499359302879,True
ego,equalize,651,1000,1000,True,0.0014701839671821474,4.891264764863991,0.49108451411136966,True
ego,equalize,652,1000,1000,True,0.001748688360859013,4.200403671077341,0.48059946090669786,True
ego,equalize,653,1000,1000,True,0.0,5.027800214805676,0.0,True
ego,equalize,654,1000,1000,True,0.0017317507070263262,7.5437314374253805,0.33573222737973435,True
ego,equalize,655,1000,1000,True,0.0009554250848453084,5.680492936356844,0.001910850169690592,True
ego,equalize,656,1000,1000,True,0.0,4.183512280369212,0.0,True
ego,equalize,657,1000,1000,True,0.0,5.0913054318121596,0.0,True
ego,equalize,658,1000,1000,True,0.0009639912839864066,3.9408628496815257,0.4848876158451565,True
ego,equalize,659,1000,1000,True,0.0,2.7653337954033685,0.0,True
ego,equalize,660,1000,1000,True,0.001416176936180327,6.69778881422817,0.4760157560417512,True
ego,equalize,661,1000,1000,True,0.001413314752073901,5.7976878149827975,0.4760157560417512,True
ego,equalize,662,1000,1000,True,0.001385660213515574,4.425326654609805,0.47163969298607594,True
ego,equalize,663,1000,1000,True,0.0020477860976611476,6.17480169722073,0.4722448703849596,True
ego,equalize,664,1000,1000,True,0.0009639912839864066,5.959790264766035,0.0019279825679727886,True
ego,equalize,665,1000,1000,True,0.0014169121512730943,4.49956264541344,0.4811486256864921,True
ego,equalize,666,1000,1000,True,0.0014196779969895543,4.801778732928039,0.4848876158451565,True
ego,equalize,667,1000,1000,True,0.0014224593042599645,5.031579374311808,0.48463491413640447,True
ego,equalize,668,1000,1000,True,0.0013548091481034622,5.690405609444726,0.3424206630757079,True
ego,equalize,669,1000,1000,True,0.0,4.5540398548980665,0.0,True
ego,equalize,670,1000,1000,True,0.0,6.101473182764962,0.0,True
ego,equalize,671,1000,1000,True,0.0014245902744755364,5.3795654099564585,0.47536827828537326,True
ego,equalize,672,1000,1000,True,0.0014524410606026386,4.311690967590326,0.4838636171484688,True
ego,equalize,673,1000,1000,True,0.0014197545557974476,5.946794010220969,0.48198651433416684,True
ego,equalize,674,1000,1000,True,0.0014469883621665994,6.213719980816645,0.48438001610305936,True
ego,equalize,675,1000,1000,True,0.0014416685742452905,3.5648231372678225,0.47696960070847283,True
ego,equalize,676,1000,1000,True,0.001691239059067951,5.617059373017167,0.3279069983896346,True
ego,equalize,677,1000,1000,True,0.0018035041937549694,5.843546525869373,0.379392254894225,True
ego,equalize,678,1000,1000,True,0.0018064121974712662,7.189285847704206,0.35847534959057575,True
ego,equalize,679,1000,1000,True,0.0,3.2598717766194425,0.0,True
ego,equalize,680,1000,1000,True,0.0014112773832355486,5.368604194760496,0.481148625686492,True
ego,equalize,681,1000,1000,True,0.001465984079116095,4.740814170582939,0.482533936630368,True
ego,equalize,682,1000,1000,True,0.0014645814400398981,3.118069755473729,0.4875233327749554,True
ego,equalize,683,1000,1000,True,0.0014782899691605244,5.8864759406626295,0.4856325771609643,True
ego,equalize,684,1000,1000,True,0.0014418659534368966,4.0195869190751425,0.48057881767718397,True
ego,equalize,685,1000,1000,True,0.001444582654597114,6.0423836356193075,0.4814301610825811,True
ego,equalize,686,1000,1000,True,0.0014026038663906733,4.6305230806033135,0.48,True
ego,equalize,687,1000,1000,True,0.0017204241149919423,4.986212590734575,0.3474580267384364,True
ego,equalize,688,1000,1000,True,0.0014442542930890353,5.299075768471329,0.48463491413640436,True
ego,equalize,689,1000,1000,True,0.0,5.477953541241473,0.0,True
ego,equalize,690,1000,1000,True,0.0,5.809061111746027,0.0,True
ego,equalize,691,1000,1000,True,0.0,4.366589515857886,0.0,True
ego,equalize,692,1000,1000,True,0.0014195318277997328,4.203592630120098,0.47911480878803986,True
ego,equalize,693,1000,1000,True,0.0014731046906104844,6.253117942274879,0.4856325771609643,True
ego,equalize,694,1000,1000,True,0.0,4.570617463756948,0.0,True
ego,equalize,695,1000,1000,True,0.0,4.670588827974478,0.0,True
ego,equalize,696,1000,1000,True,0.0,5.348927369108688,0.0,True
ego,equalize,697,1000,1000,True,0.0017593209064341749,5.143897257916414,0.4796011244075817,True
ego,equalize,698,1000,1000,True,0.0013991900260062274,4.706846077789245,0.47728293495577645,True
ego,equalize,699,1000,1000,True,0.0014390727164089075,5.096586995235145,0.482533936630368,True
ego,equalize,700,1000,1000,True,0.0,5.366674575563531,0.0,True
ego,equalize,701,1000,1000,True,0.0017264155278271412,5.252770697451012,0.4786518819976087,True
ego,equalize,702,1000,1000,True,0.0,4.611845183871636,0.0,True
ego,equalize,703,1000,1000,True,0.0,4.5889432334689,0.0,True
ego,equalize,704,1000,1000,True,0.0016573364019137934,3.7617654100169506,0.47658440657229695,True
ego,equalize,705,1000,1000,True,0.00141391448832174,4.911470655516533,0.4868305660083393,True
ego,equalize,706,1000,1000,True,0.001395144717642534,3.388319790102463,0.48608965541885946,True
ego,equalize,707,1000,1000,True,0.0014552018474938962,6.247919333666209,0.48333839077813795,True
ego,equalize,708,1000,1000,True,0.0014549084824753019,4.291051036750786,0.4848876158451565,True
ego,equalize,709,1000,1000,True,0.0009639912839864066,6.579677119737716,0.48488761584515644,True
ego,equalize,710,1000,1000,True,0.001447337950155191,5.734787790319708,0.48,True
ego,equalize,711,1000,1000,True,0.001338122814757866,4.890754951947603,0.32346178835018635,True
ego,equalize,712,1000,1000,True,0.001466307574514502,4.1544790287110605,0.47911480878803986,True
ego,equalize,713,1000,1000,True,0.0014750352289484576,4.473017326145742,0.4872945721019269,True
ego,equalize,714,1000,1000,True,0.0,4.9531766574593314,0.0,True
ego,equalize,715,1000,1000,True,0.0014804874122794282,5.7876412293783375,0.4865953144040744,True
ego,equalize,716,1000,1000,True,0.0009654723203995437,6.042462991198209,0.4856325771609643,True
ego,equalize,717,1000,1000,True,0.0017664773861574203,4.627307532464208,0.3279235552684642,True
ego,equalize,718,1000,1000,True,0.0,5.686560911482441,0.0,True
ego,equalize,719,1000,1000,True,0.0,6.210317544216237,0.0,True
ego,equalize,720,1000,1000,True,0.0014606238842455603,5.517016494446977,0.4828043081829324,True
ego,equalize,721,1000,1000,True,0.0014443733327611926,5.287763610450074,0.4838636171484688,True
ego,equalize,722,1000,1000,True,0.001430660284417154,3.4260436366164395,0.48488761584515644,True
ego,equalize,723,1000,1000,True,0.0014224356860645952,3.731476383417159,0.48,True
ego,equalize,724,1000,1000,True,0.0,6.029740873370928,0.0,True
ego,equalize,725,1000,1000,True,0.001402951836618346,5.048362011583559,0.4851381246614206,True
ego,equalize,726,1000,1000,True,0.0014578733651464577,4.674830371254128,0.48333839077813795,True
ego,equalize,727,1000,1000,True,0.0014663075745145018,4.561534829418712,0.4791148087880398,True
ego,equalize,728,1000,1000,True,0.0,4.937942486501842,0.0,True
ego,equalize,729,1000,1000,True,0.001745209805596979,6.484071560370074,0.35746102377735367,True
ego,equalize,730,1000,1000,True,0.0014417987927171302,4.935608979649826,0.482533936630368,True
ego,equalize,731,1000,1000,True,0.0013460286981957035,3.810114958895597,0.3392069006069838,True
ego,equalize,732,1000,1000,True,0.0014276942565292089,6.577050706813807,0.47696960070847283,True
ego,equalize,733,1000,1000,True,0.0014159634151339959,5.095962225134719,0.003777662432268093,True
ego,equalize,734,1000,1000,True,0.0013995219003606894,4.661157688815087,0.4788152044369519,True
ego,equalize,735,1000,1000,True,0.0017295525682353367,5.230447781978136,0.4838706127567665,True
ego,equalize,736,1000,1000,True,0.0,4.8899888547930255,0.0,True
ego,equalize,737,1000,1000,True,0.000943760420137601,4.971430277093304,0.4747114913292073,True
ego,equalize,738,1000,1000,True,0.0009507140343138032,4.858343750703526,0.4782091592598368,True
ego,equalize,739,1000,1000,True,0.0014391207795430001,4.289917365171502,0.4811486256864921,True
ego,equalize,740,1000,1000,True,0.0014336063910310093,5.222058980900157,0.48226133993924913,True
ego,equalize,741,1000,1000,True,0.0,4.30000453488133,0.0,True
ego,equalize,742,1000,1000,True,0.0014545172370757596,4.535847329882257,0.4863578929142613,True
ego,equalize,743,1000,1000,True,0.0,6.397513266887376,0.0,True
ego,equalize,744,1000,1000,True,0.0,5.5620586117012465,0.0,True
ego,equalize,745,1000,1000,True,0.0009629821393699116,6.190747612364763,0.48438001610305936,True
ego,equalize,746,1000,1000,True,0.0014470306995814706,5.233258927284221,0.4841229182759271,True
ego,equalize,747,1000,1000,True,0.0014336063910310093,6.079140646505886,0.48226133993924913,True
ego,equalize,748,1000,1000,True,0.0,4.980473772644526,0.0,True
ego,equalize,749,1000,1000,True,0.0021967741060317887,5.9809797692351365,0.21870144717494475,True
ego,equalize,750,1000,1000,True,0.0014001091956966087,4.657719506367896,0.48587652752525506,True
ego,equalize,751,1000,1000,True,0.001672113566700724,3.702723187061112,0.31610482373352605,True
ego,equalize,752,1000,1000,True,0.001416811726930691,4.549911647493828,0.48,True
ego,equalize,753,1000,1000,True,0.0009587700595213824,4.783864128505323,0.4822613399392491,True
ego,equalize,754,1000,1000,True,0.0014445922306875506,4.723295353881652,0.47941214002150595,True
ego,equalize,755,1000,1000,True,0.0014333858154153046,4.955956012718434,0.48488761584515644,True
ego,equalize,756,1000,1000,True,0.0014676439323690806,6.107729447184117,0.4863578929142613,True
ego,equalize,757,1000,1000,True,0.001433596741557739,6.372223395330708,0.482533936630368,True
ego,equalize,758,1000,1000,True,0.0009669143000283646,5.326259099968758,0.4863578929142613,True
ego,equalize,759,1000,1000,True,0.0,5.042457238291664,0.0,True
ego,equalize,760,1000,1000,True,0.0,5.220376997880518,0.0,True
ego,equalize,761,1000,1000,True,0.0009519188955009105,4.7109060699614895,0.0019038377910017969,True
ego,equalize,762,1000,1000,True,0.0013854961919956713,4.087974559607728,0.481148625686492,True
ego,equalize,763,1000,1000,True,0.0014840005482475702,3.2332693979933067,0.4894854441145313,True
ego,equalize,764,1000,1000,True,0.0013571046027414987,5.812180227763072,0.47757569495883695,True
ego,equalize,765,1000,1000,True,0.0014673409337272604,6.157281136995451,0.49146312170904544,True
ego,equalize,766,1000,1000,True,0.0014424140872538599,4.7113988368636335,0.49010100999691897,True
ego,equalize,767,1000,1000,True,0.0009333694314828721,4.334459135809219,0.4694848240358787,True
ego,equalize,768,1000,1000,True,0.0014278229813192793,4.230867405154646,0.47790270976423643,True
ego,equalize,769,1000,1000,True,0.0,5.03202931231526,0.0,True
ego,equalize,770,1000,1000,True,0.0014085188933794744,4.091326313067683,0.4856325771609643,True
ego,equalize,771,1000,1000,True,0.001438984825383523,4.701123163670571,0.483602109176542,True
ego,equalize,772,1000,1000,True,0.0,3.7368735595414515,0.0,True
ego,equalize,773,1000,1000,True,0.0,5.480395606158374,0.0,True
ego,equalize,774,1000,1000,True,0.0014168912301220594,4.599043270072591,0.4808648458766766,True
ego,equalize,775,1000,1000,True,0.0014141870116279622,5.597285056167856,0.483602109176542,True
ego,equalize,776,1000,1000,True,0.00141965433252274,3.959412961538617,0.4802905370710524,True
ego,equalize,777,1000,1000,True,0.0014232134910086777,4.7853308140608215,0.46984997605618756,True
ego,equalize,778,1000,1000,True,0.0,5.737052814817029,0.0,True
ego,equalize,779,1000,1000,True,0.0015121842690596513,4.499204262978066,0.483602109176542,True
ego,equalize,780,1000,1000,True,0.0014488391261234417,5.378060616988247,0.4875233327749554,True
ego,equalize,781,1000,1000,True,0.0014490723510824305,5.334288987297183,0.4868305660083393,True
ego,equalize,782,1000,1000,True,0.0,3.561610731115909,0.0,True
ego,equalize,783,1000,1000,True,0.0,4.808350132841825,0.0,True
ego,equalize,784,1000,1000,True,0.0014527226807751203,4.55034899760447,0.4814301610825811,True
ego,equalize,785,1000,1000,True,0.0013422413346230937,3.8566969027912985,0.4809377137744448,True
ego,equalize,786,1000,1000,True,0.0017511638149609633,5.731135664072175,0.48202911008578303,True
ego,equalize,787,1000,1000,True,0.0,5.145719677557262,0.0,True
ego,equalize,788,1000,1000,True,0.001405991145626962,4.3288306735191195,0.47057305490221174,True
ego,equalize,789,1000,1000,True,0.0,4.621757133385527,0.0,True
ego,equalize,790,1000,1000,True,0.0,5.766377632448294,0.0,True
ego,equalize,791,1000,1000,True,0.0014216796966434176,4.045803257698031,0.47504105085771264,True
ego,equalize,792,1000,1000,True,0.0,5.648008410050396,0.0,True
ego,equalize,793,1000,1000,True,0.0014390727164089075,4.470690215168123,0.4791148087880398,True
ego,equalize,794,1000,1000,True,0.0016612464513439912,4.4659098736987515,0.3123926186332626,True
ego,equalize,795,1000,1000,True,0.0009565579039493004,5.835854607510368,0.481148625686492,True
ego,equalize,796,1000,1000,True,0.0014480969208738078,4.598895410856829,0.48927599573246994,True
ego,equalize,797,1000,1000,True,0.0014224356860645952,5.457735427812528,0.48,True
ego,equalize,798,1000,1000,True,0.0014794659070292869,3.2417742055855774,0.48863483297857513,True
ego,equalize,799,1000,1000,True,0.0014717088379791999,5.848426797011313,0.4775939698111775,True
ego,equalize,800,1000,1000,True,0.0014600825866370349,6.303473248931893,0.48538644398046393,True
ego,equalize,801,1000,1000,True,0.001408385597871838,6.816584481982161,0.48057881767718397,True
ego,equalize,802,1000,1000,True,0.0014897277073029408,5.382038275597824,0.48841683017684806,True
ego,equalize,803,1000,1000,True,0.0013661914426819073,3.7161673805145,0.4756931784249171,True
ego,equalize,804,1000,1000,True,0.0,4.090082517504995,0.0,True
ego,equalize,805,1000,1000,True,0.0,3.578083844741484,0.0,True
ego,equalize,806,1000,1000,True,0.0013785681635719508,4.8615387481742856,0.4845842398489674,True
ego,equalize,807,1000,1000,True,0.0009548519623679096,5.275270514390708,0.4802905370710524,True
ego,equalize,808,1000,1000,True,0.001371573443810153,6.095814219610044,0.4856325771609643,True
ego,equalize,809,1000,1000,True,0.0,4.039246340593749,0.0,True
ego,equalize,810,1000,1000,True,0.0014609066324716522,4.935357231244765,0.4797072023641087,True
ego,equalize,811,1000,1000,True,0.0,3.978818794567051,0.0,True
ego,equalize,812,1000,1000,True,0.0009644893134422002,5.040642716955844,0.002893467940326564,True
ego,equalize,813,1000,1000,True,0.0,6.073025934408646,0.0,True
ego,equalize,814,1000,1000,True,0.001484778045865379,3.361510226073989,0.4802905370710524,True
ego,equalize,815,1000,1000,True,0.001407968792625605,5.546600310099873,0.4779027097642364,True
ego,equalize,816,1000,1000,True,0.00142718616474565,3.3761278115616418,0.005324795016939146,True
ego,equalize,817,1000,1000,True,0.001388602172084045,5.57875532713167,0.482533936630368,True
ego,equalize,818,1000,1000,True,0.0014048282610889654,5.139293336636857,0.4766539625346673,True
ego,equalize,819,1000,1000,True,0.0009525145303937295,6.413958528085444,0.0019050290607874345,True
ego,equalize,820,1000,1000,True,0.0009476221919178397,4.793048195042482,0.4766539625346673,True
ego,equalize,821,1000,1000,True,0.0013970415303237447,4.750814246000364,0.4811486256864921,True
ego,equalize,822,1000,1000,True,0.0,5.836600037693176,0.0,True
ego,equalize,823,1000,1000,True,0.0017403111141777471,5.584051486152326,0.47497870749467047,True
ego,equalize,824,1000,1000,True,0.0,3.3390703796116665,0.0,True
ego,equalize,825,1000,1000,True,0.0014225357133819442,4.797978636884495,0.4817094560001911,True
ego,equalize,826,1000,1000,True,0.0009404145931713172,4.586320529574879,0.4730285403651665,True
ego,equalize,827,1000,1000,True,0.0014742592955437495,6.524486110031961,0.48,True
ego,equalize,828,1000,1000,True,0.0,4.588053072927557,0.0,True
ego,equalize,829,1000,1000,True,0.0019708107550428415,6.512695217803456,0.34116780198282853,True
ego,equalize,830,1000,1000,True,0.0009593120012532291,3.3487932154733,0.482533936630368,True
ego,equalize,831,1000,1000,True,0.0014253017385755754,4.441264572168607,0.481148625686492,True
ego,equalize,832,1000,1000,True,0.00143637173495338,3.521158758136304,0.4814301610825811,True
ego,equalize,833,1000,1000,True,0.0014604398655689676,4.668044451373617,0.4838636171484688,True
ego,equalize,834,1000,1000,True,0.0013941244688318389,6.070286237073174,0.4808648458766766,True
ego,equalize,835,1000,1000,True,0.0,5.418178291640096,0.0,True
ego,equalize,836,1000,1000,True,0.001459363703889529,5.511905296719093,0.4875233327749554,True
ego,equalize,837,1000,1000,True,0.001455343076226668,5.6451727165782986,0.4822613399392491,True
ego,equalize,838,1000,1000,True,0.0,6.443553057126168,0.0,True
ego,equalize,839,1000,1000,True,0.0,5.34460241739271,0.0,True
ego,equalize,840,1000,1000,True,0.0016846416888841968,4.298264649832535,0.48149535616031075,True
ego,equalize,841,1000,1000,True,0.0,5.608071950323033,0.0,True
ego,equalize,842,1000,1000,True,0.0009565579039493005,6.169009563941363,0.481148625686492,True
ego,equalize,843,1000,1000,True,0.0014415150384115454,4.6854855671530995,0.4756931784249171,True
ego,equalize,844,1000,1000,True,0.0014026884015091341,5.52526551398211,0.48057881767718397,True
ego,equalize,845,1000,1000,True,0.0013849940227950298,6.220783230430071,0.4788152044369519,True
ego,equalize,846,1000,1000,True,0.0014381207355829637,3.9266472976319124,0.4877499359302879,True
ego,equalize,847,1000,1000,True,0.0,4.889390964118128,0.0,True
ego,equalize,848,1000,1000,True,0.0,4.912411933052845,0.0,True
ego,equalize,849,1000,1000,True,0.0,4.912837774647154,0.0,True
ego,equalize,850,1000,1000,True,0.0009525145303937296,3.7899150386255362,0.4791148087880398,True
ego,equalize,851,1000,1000,True,0.0,5.760234717439906,0.0,True
ego,equalize,852,1000,1000,True,0.0017351252692104407,4.631511200461465,0.4751616371239768,True
ego,equalize,853,1000,1000,True,0.0,5.330326819248516,0.0,True
ego,equalize,854,1000,1000,True,0.0,5.386532836621346,0.0,True
ego,equalize,855,1000,1000,True,0.0013828048923042457,4.552524464514167,0.4719904660054057,True
ego,equalize,856,1000,1000,True,0.0,5.618191523969257,0.0,True
ego,equalize,857,1000,1000,True,0.0014581105663848543,5.122249115378907,0.4814301610825811,True
ego,equalize,858,1000,1000,True,0.001710174941603765,6.537461280956086,0.47508349221314156,True
ego,equalize,859,1000,1000,True,0.0014307915047702426,4.63994612037683,0.4797072023641087,True
ego,equalize,860,1000,1000,True,0.0016579980539689334,7.70248894838545,0.478183884935962,True
ego,equalize,861,1000,1000,True,0.0014389243971894353,4.7838795971470685,0.47728293495577645,True
ego,equalize,862,1000,1000,True,0.0019729835015356097,5.523770813493261,0.2214358085559936,True
ego,equalize,863,1000,1000,True,0.001433618797401207,4.1337865208546996,0.4814301610825811,True
ego,equalize,864,1000,1000,True,0.0014195318277997325,5.950344443811636,0.47911480878803986,True
ego,equalize,865,1000,1000,True,0.0013679261574883904,6.705219981477118,0.3476522531771102,True
ego,equalize,866,1000,1000,True,0.0,5.696841230015105,0.0,True
ego,equalize,867,1000,1000,True,0.0014443733327611928,4.8167166202715315,0.4838636171484688,True
ego,equalize,868,1000,1000,True,0.0009582236865490517,4.115162086722709,0.4819865143341668,True
ego,equalize,869,1000,1000,True,0.0014569173918454654,5.777784696577053,0.4870636508712183,True
ego,equalize,870,1000,1000,True,0.0013606313027649218,5.415667641205468,0.004310520623117653,True
ego,equalize,871,1000,1000,True,0.0,3.234570141456203,0.0,True
ego,equalize,872,1000,1000,True,0.000969681781173547,5.941786852454403,0.004848408905867674,True
ego,equalize,873,1000,1000,True,0.0014055033293691335,5.666106158553686,0.4802905370710524,True
ego,equalize,874,1000,1000,True,0.0,6.941947205215552,0.0,True
ego,equalize,875,1000,1000,True,0.0,3.9226644006338347,0.0,True
ego,equalize,876,1000,1000,True,0.0013389023674862683,6.357350391475997,0.47782870923548626,True
ego,equalize,877,1000,1000,True,0.0009619555012892147,5.22478698130364,0.4838636171484688,True
ego,equalize,878,1000,1000,True,0.0014223801122932175,5.196949489844981,0.47941214002150595,True
ego,equalize,879,1000,1000,True,0.0,4.1335074694501275,0.0,True
ego,equalize,880,1000,1000,True,0.001440866443239329,5.166128047193565,0.4875233327749554,True
ego,equalize,881,1000,1000,True,0.001378953728338772,5.234114156187273,0.4782091592598368,True
ego,equalize,882,1000,1000,True,0.00137680236128676,4.548969004071142,0.4814301610825811,True
ego,equalize,883,1000,1000,True,0.0,4.430481237969527,0.0,True
ego,equalize,884,1000,1000,True,0.0009649829900208152,4.941758290325418,0.0019299659800416057,True
ego,equalize,885,1000,1000,True,0.0009494909936604048,4.099510214647599,0.4775939698111775,True
ego,equalize,886,1000,1000,True,0.0016944342276737723,6.726321728850026,0.47420690814902977,True
ego,equalize,887,1000,1000,True,0.0014792107544921282,5.427323097070968,0.48226133993924913,True
ego,equalize,888,1000,1000,True,0.0,6.004892671813544,0.0,True
ego,equalize,889,1000,1000,True,0.0014138739547277918,4.222671074095163,0.4791148087880398,True
ego,equalize,890,1000,1000,True,0.0014462670700671983,5.176893276860167,0.47093099282166595,True
ego,equalize,891,1000,1000,True,0.0014363717349533801,6.689215200604627,0.4808648458766766,True
ego,equalize,892,1000,1000,True,0.0,5.882550467271827,0.0,True
ego,equalize,893,1000,1000,True,0.0,5.871667224902992,0.0,True
ego,equalize,894,1000,1000,True,0.0009565579039493004,4.18909966460575,0.002869673711847865,True
ego,equalize,895,1000,1000,True,0.0018120528050548288,4.060077708615933,0.35454643527263685,True
ego,equalize,896,1000,1000,True,0.0014661660540603097,4.997390919269774,0.481148625686492,True
ego,equalize,897,1000,1000,True,0.0014522981889146236,4.548183703413924,0.4846349141364044,True
ego,equalize,898,1000,1000,True,0.0014634678134278559,5.7040687232886675,0.4814301610825811,True
ego,equalize,899,1000,1000,True,0.0009571176164663763,5.894998218829247,0.001914235232932728,True
ego,equalize,900,1000,1000,True,0.0,4.864298921735793,0.0,True
ego,equalize,901,1000,1000,True,0.0009482497031977712,2.903342728649169,0.47696960070847283,True
ego,equalize,902,1000,1000,True,0.0014607929986140422,4.314831978188722,0.4814301610825811,True
ego,equalize,903,1000,1000,True,0.0014085188933794744,6.08493746886523,0.48198651433416684,True
ego,equalize,904,1000,1000,True,0.0009542743538767518,6.327431074298636,0.48,True
ego,equalize,905,1000,1000,True,0.0014224982039622034,5.730036998135352,0.4808648458766766,True
ego,equalize,906,1000,1000,True,0.0014248233076876585,4.504307271934277,0.4766539625346673,True
ego,equalize,907,1000,1000,True,0.00146358258986903,3.224091189777361,0.48,True
ego,equalize,908,1000,1000,True,0.0009513187329991037,6.02910905524191,0.478513322698543,True
ego,equalize,909,1000,1000,True,0.00094506615961308,5.798907138418411,0.47536827828537326,True
ego,equalize,910,1000,1000,True,0.001701202728673283,3.9532314629932817,0.34435296232413526,True
ego,equalize,911,1000,1000,True,0.0014786214644749067,5.763916723895306,0.4846349141364044,True
ego,equalize,912,1000,1000,True,0.0,5.608021041329999,0.0,True
ego,equalize,913,1000,1000,True,0.0014497595327055829,4.531089824755187,0.4838636171484688,True
ego,equalize,914,1000,1000,True,0.0009619555012892147,5.740206877805014,0.0019239110025784047,True
ego,equalize,915,1000,1000,True,0.0,4.513419546197761,0.0,True
ego,equalize,916,1000,1000,True,0.0013996348609100781,4.010486254807514,0.4794121400215059,True
ego,equalize,917,1000,1000,True,0.0009513187329991036,4.35294831120242,0.478513322698543,True
ego,equalize,918,1000,1000,True,0.0013901952065500124,4.354105993197685,0.47633601585435464,True
ego,equalize,919,1000,1000,True,0.0014577811851099996,3.7617430800095852,0.4838636171484688,True
ego,equalize,920,1000,1000,True,0.0014195986498682636,5.098152998881065,0.4797072023641087,True
ego,equalize,921,1000,1000,True,0.0013999736878711362,4.980565329357703,0.4817094560001911,True
ego,equalize,922,1000,1000,True,0.000959312001253229,4.109973722543734,0.482533936630368,True
ego,equalize,923,1000,1000,True,0.0014526533011635626,5.981168364124186,0.48226133993924913,True
ego,equalize,924,1000,1000,True,0.0014628532687662422,4.024972049592394,0.48488761584515644,True
ego,equalize,925,1000,1000,True,0.0,4.2948777631033925,0.0,True
ego,equalize,926,1000,1000,True,0.0019624592730422374,6.33884145566049,0.21321562549686954,True
ego,equalize,927,1000,1000,True,0.0,4.634888456047244,0.0,True
ego,equalize,928,1000,1000,True,0.0014354427441345098,4.295457018758307,0.4877499359302879,True
ego,equalize,929,1000,1000,True,0.001428005667549916,5.55587247873815,0.4797072023641087,True
ego,equalize,930,1000,1000,True,0.0013882377932482157,5.659584437041292,0.4802905370710524,True
ego,equalize,931,1000,1000,True,0.0014603870912292002,5.520477425005921,0.4841229182759271,True
ego,equalize,932,1000,1000,True,0.0016909784633004651,4.940488943414407,0.3400772230562713,True
ego,equalize,933,1000,1000,True,0.0014609066324716522,7.06955132946922,0.47728293495577645,True
ego,equalize,934,1000,1000,True,0.0014055412923280133,4.164199683012331,0.48057881767718397,True
ego,equalize,935,1000,1000,True,0.0,5.893474017928645,0.0,True
ego,equalize,936,1000,1000,True,0.0013739847268509021,5.512965717288654,0.4868565954825075,True
ego,equalize,937,1000,1000,True,0.0014196988770738737,6.12054376669263,0.4808648458766766,True
ego,equalize,938,1000,1000,True,0.0,4.25323864837138,0.0,True
ego,equalize,939,1000,1000,True,0.0009476221919178397,6.041537552643367,0.0018952443838356548,True
ego,equalize,940,1000,1000,True,0.0,4.160011538445537,0.0,True
ego,equalize,941,1000,1000,True,0.001485056195251509,6.508953756173107,0.47696960070847283,True
ego,equalize,942,1000,1000,True,0.001984394213290528,6.104340750646215,0.4828145712636865,True
ego,equalize,943,1000,1000,True,0.0013943966081718091,4.3218935664821725,0.48307245833311585,True
ego,equalize,944,1000,1000,True,0.001444254293089035,6.645479591421525,0.47536827828537326,True
ego,equalize,945,1000,1000,True,0.0014169790968806477,5.370049906658224,0.48333839077813795,True
ego,equalize,946,1000,1000,True,0.001766517660040244,5.094759660670952,0.4839571453128282,True
ego,equalize,947,1000,1000,True,0.0013993312587562247,3.142412926399075,0.4779027097642364,True
ego,equalize,948,1000,1000,True,0.0014717048095662314,5.473630513653621,0.47790270976423643,True
ego,equalize,949,1000,1000,True,0.0014083126307774096,5.683838139848812,0.48,True
ego,equalize,950,1000,1000,True,0.0,5.545608623045806,0.0,True
ego,equalize,951,1000,1000,True,0.0014113557979588572,4.4722029247340735,0.48226133993924913,True
ego,equalize,952,1000,1000,True,0.0009624710104889329,6.833830477850617,0.4841229182759271,True
ego,equalize,953,1000,1000,True,0.0014549084824753019,6.875294248248581,0.48488761584515644,True
ego,equalize,954,1000,1000,True,0.0017901301197074425,6.0007891980971975,0.48529202656828513,True
ego,equalize,955,1000,1000,True,0.0014383309673662921,3.54433858427775,0.4733698342733723,True
ego,equalize,956,1000,1000,True,0.0014564629151100732,4.744495652859216,0.4881966816765555,True
ego,equalize,957,1000,1000,True,0.0013907622842577931,5.7446030324122495,0.478513322698543,True
ego,equalize,958,1000,1000,True,0.0014334202825926666,5.443551781695477,0.4846349141364044,True
ego,equalize,959,1000,1000,True,0.0,3.8200878262155173,0.0,True
ego,equalize,960,1000,1000,True,0.0014636095947824104,4.701805610613863,0.47941214002150595,True
ego,equalize,961,1000,1000,True,0.0,3.429896645673161,0.0,True
ego,equalize,962,1000,1000,True,0.0,5.490049089033723,0.0,True
ego,equalize,963,1000,1000,True,0.0014954091456517203,4.875387574337039,0.4872945721019269,True
ego,equalize,964,1000,1000,True,0.0014472505610746774,3.9554740550280445,0.48226133993924913,True
ego,equalize,965,1000,1000,True,0.001416974912872838,4.513327375673074,0.483602109176542,True
ego,equalize,966,1000,1000,True,0.0017309882405728825,4.892915695165818,0.3335708330920118,True
ego,equalize,967,1000,1000,True,0.0014413710837139814,3.216758616993199,0.4856325771609643,True
ego,equalize,968,1000,1000,True,0.0009362445185321511,4.564101664073665,0.47093099282166595,True
ego,equalize,969,1000,1000,True,0.0014250895846982354,5.183772757365046,0.4856325771609643,True
ego,equalize,970,1000,1000,True,0.001381729765148061,5.745491362799181,0.4775939698111775,True
ego,equalize,971,1000,1000,True,0.002014722950993612,5.4983552995418545,0.4753638688761725,True
ego,equalize,972,1000,1000,True,0.0017296862491307811,2.833474192577021,0.3368743353048942,True
ego,equalize,973,1000,1000,True,0.0014726552094525554,5.568026939590002,0.4868305660083393,True
ego,equalize,974,1000,1000,True,0.0009469900911617509,6.467621201029015,0.4763360158543546,True
ego,equalize,975,1000,1000,True,0.0016825229526987809,5.486397634149387,0.4792325278707607,True
ego,equalize,976,1000,1000,True,0.0014252559825672568,5.378467346744795,0.4802905370710524,True
ego,equalize,977,1000,1000,True,0.0,4.1864590049348385,0.0,True
ego,equalize,978,1000,1000,True,0.001503439609752983,5.476127737735854,0.4863578929142613,True
ego,equalize,979,1000,1000,True,0.0,5.171889790009064,0.0,True
ego,equalize,980,1000,1000,True,0.0013801913936783011,3.273902716941968,0.4848876158451565,True
ego,equalize,981,1000,1000,True,0.001435512955547761,6.29405108018675,0.4875233327749554,True
ego,equalize,982,1000,1000,True,0.0014361749766959142,5.311209278497695,0.4775939698111775,True
ego,equalize,983,1000,1000,True,0.0018753227374222272,5.2487170813447355,0.2023315632616021,True
ego,equalize,984,1000,1000,True,0.0009525145303937296,6.3163901082817855,0.47911480878803986,True
ego,equalize,985,1000,1000,True,0.0014732656654273116,3.9639026224164486,0.4851381246614206,True
ego,equalize,986,1000,1000,True,0.0013830906896854247,3.3131706868195008,0.4868305660083393,True
ego,equalize,987,1000,1000,True,0.0014195666313529256,6.7248149416917045,0.47941214002150595,True
ego,equalize,988,1000,1000,True,0.0009687764852921134,4.5666564355116535,0.001937552970584202,True
ego,equalize,989,1000,1000,True,0.0014500662050744096,4.876990465440752,0.4797072023641087,True
ego,equalize,990,1000,1000,True,0.001491127897423865,5.972260878427868,0.0038618892815981258,True
ego,equalize,991,1000,1000,True,0.0,5.910468593944138,0.0,True
ego,equalize,992,1000,1000,True,0.0,5.837804296137376,0.0,True
ego,equalize,993,1000,1000,True,0.0014833518781751105,4.273476219660056,0.4858765275252551,True
ego,equalize,994,1000,1000,True,0.0017186312422614164,5.572802167671127,0.47789676935762254,True
ego,equalize,995,1000,1000,True,0.0,4.646804385811825,0.0,True
ego,equalize,996,1000,1000,True,0.0014253225362755983,4.944943983504768,0.48198651433416684,True
ego,equalize,997,1000,1000,True,0.001728857718182457,3.3348569684470735,0.48172657065999813,True
ego,equalize,998,1000,1000,True,0.0009609113136742429,5.8080977953199096,0.48333839077813795,True
ego,equalize,999,1000,1000,True,0.001443679480738997,3.7743119902837923,0.4870636508712183,True
