network,method,variant_index,proportion_edges,uncertainty,n_experiments,n_agents,n_edges,average_degree,degree_gini_coefficient,approx_average_clustering_coefficient,variation_seed,mean_share_of_correct_agents_at_convergence,std_share_of_correct_agents_at_convergence,mean_convergence_step,std_convergence_step,mean_proportion_reached_by_truth,std_proportion_reached_by_truth,n_runs
pud,equalize,0,0.043795740118136764,0.001,1000,90,160,1.7777777777777777,0.7027777777777777,0.17075949905628268,2165121741,0.7396888888888888,0.09611108601274151,957.464,355.3501261126222,0.6898,0.12137786315946365,500
pud,equalize,1,0.07624213143661505,0.001,1000,90,160,1.7777777777777777,0.6866666666666666,0.16528296751980964,2310751638,0.7485555555555555,0.0772888375690576,945.646,331.39325833114736,0.7107333333333333,0.09816649872074651,500
pud,equalize,2,0.04168359519479257,0.001,1000,90,160,1.7777777777777777,0.7083333333333334,0.1656823329367189,3085228320,0.7500666666666668,0.08332477058360444,938.718,339.38110959672196,0.7051777777777778,0.1065861303438303,500
pud,equalize,3,0.0480166726647459,0.001,1000,90,160,1.7777777777777777,0.7077777777777778,0.1717807015061917,2949479497,0.7674222222222222,0.08299558662360021,980.854,351.320675620204,0.7387111111111111,0.10969580912053148,500
pud,equalize,4,0.07424179302164487,0.001,1000,90,160,1.7777777777777777,0.6963888888888888,0.15758015524039137,1916305338,0.7492000000000001,0.0869335254009651,890.142,339.8006102782792,0.6164,0.07497199556338373,500
pud,equalize,5,0.02185084930547141,0.001,1000,90,160,1.7777777777777777,0.7188888888888889,0.16652225893015368,200782245,0.7454222222222222,0.0891808387466426,937.07,350.30113169347806,0.7193777777777778,0.10917170929047508,500
pud,equalize,6,0.05868918171506367,0.001,1000,90,160,1.7777777777777777,0.7191666666666666,0.1626947297531619,1169229093,0.7651333333333333,0.07857919334127776,929.81,343.96448804793243,0.7410444444444445,0.09199131394168941,500
pud,equalize,7,0.08611794191088161,0.001,1000,90,160,1.7777777777777777,0.6919444444444445,0.164961003096968,1591561783,0.7818222222222222,0.07444052605699236,981.332,362.26094982420494,0.7268,0.08795029961155074,500
pud,equalize,8,0.03202170247104983,0.001,1000,90,160,1.7777777777777777,0.7116666666666667,0.1648537080649224,163812862,0.7629111111111112,0.09009957902168415,916.034,345.7279805237551,0.7108,0.11195803697633042,500
pud,equalize,9,0.07583859219906218,0.001,1000,90,160,1.7777777777777777,0.7084722222222223,0.16316673913939136,934026429,0.7507555555555556,0.09819707268168903,931.074,354.94003631989085,0.6736,0.13804783153058456,500
pud,equalize,10,0.02736782715900862,0.001,1000,90,160,1.7777777777777777,0.71125,0.174445012650207,1171932564,0.7431555555555556,0.09125289975826947,926.488,338.3753916397211,0.6907777777777778,0.11981139875210925,500
pud,equalize,11,0.07871780393041763,0.001,1000,90,160,1.7777777777777777,0.7008333333333334,0.16324239775428762,1042885312,0.7252000000000001,0.09953762323786243,910.436,361.46274016703046,0.6682222222222222,0.14113082545589317,500
pud,equalize,12,0.03164043332567356,0.001,1000,90,160,1.7777777777777777,0.7141666666666667,0.170165770584662,949488958,0.7607111111111111,0.08403931930761947,963.022,365.03716218427826,0.7294222222222222,0.0995425445580679,500
pud,equalize,13,0.050013365733546755,0.001,1000,90,160,1.7777777777777777,0.7047222222222221,0.16532100136472547,1119995530,0.7714444444444445,0.09423437940164824,974.478,366.9477985896352,0.7109333333333333,0.14924525559402554,500
pud,equalize,14,0.07694251793697575,0.001,1000,90,160,1.7777777777777777,0.6933333333333334,0.16395013406881312,1668990636,0.7928666666666667,0.08828412339992918,997.172,365.73663336610394,0.7318,0.11930744137803556,500
pud,equalize,15,0.011365548223606237,0.001,1000,90,160,1.7777777777777777,0.7181944444444445,0.16833178273967747,299095942,0.7313555555555555,0.09515224316978538,902.83,326.9532044433754,0.6939333333333333,0.11591693445571027,500
pud,equalize,16,0.035500501039381384,0.001,1000,90,160,1.7777777777777777,0.6984722222222222,0.17252795535803325,2401903328,0.7538888888888889,0.08374647089411515,962.498,346.6512197184145,0.7049333333333333,0.10974153918727436,500
pud,equalize,17,0.04931958704838886,0.001,1000,90,160,1.7777777777777777,0.7206944444444444,0.16723136589642554,3586708698,0.7523333333333334,0.08811867095407072,901.364,334.831725008465,0.7200444444444445,0.10806878328811519,500
pud,equalize,18,0.017426687443285637,0.001,1000,90,160,1.7777777777777777,0.7169444444444445,0.15939073272406606,4128482750,0.7298666666666667,0.09549247320964205,915.38,337.7813791792562,0.6916444444444444,0.1190747210087216,500
pud,equalize,19,0.09766506954780713,0.001,1000,90,160,1.7777777777777777,0.6900000000000001,0.16031022173179035,39555487,0.7584,0.08496288718736694,945.658,325.9303886914275,0.7297333333333333,0.1038408726915226,500
pud,equalize,20,0.008064263684033767,0.001,1000,90,160,1.7777777777777777,0.7222222222222222,0.15165033577182718,2687372836,0.7260444444444445,0.09239472482392515,883.686,332.055484963264,0.6857111111111112,0.11537799377196807,500
pud,equalize,21,0.04527514885882357,0.001,1000,90,160,1.7777777777777777,0.6951388888888889,0.17039064630753564,1852543374,0.7686222222222223,0.0820222884674528,972.322,405.058567620048,0.7438666666666667,0.09969974964943655,500
pud,equalize,22,0.010680458343552147,0.001,1000,90,160,1.7777777777777777,0.72375,0.1699594630515683,1836724095,0.7321333333333333,0.09286392546016806,914.396,347.2985109317211,0.6977555555555556,0.11185079773965134,500
pud,equalize,23,0.03953371755921749,0.001,1000,90,160,1.7777777777777777,0.715,0.17239215164347155,1544597056,0.7491555555555556,0.10334003947946802,929.008,335.19328306220586,0.7047111111111111,0.13162276894268382,500
pud,equalize,24,0.0783218656768598,0.001,1000,90,160,1.7777777777777777,0.6916666666666667,0.16953274606052385,1494024542,0.798,0.07758477181978445,1045.364,420.76596761502236,0.7548222222222222,0.10315637899051894,500
pud,equalize,25,0.038730223830223835,0.001,1000,90,160,1.7777777777777777,0.7131944444444445,0.16501235763370264,1771381208,0.7259333333333333,0.09119316517372966,880.492,336.69238997478675,0.6305555555555555,0.1144842582608829,500
pud,equalize,26,0.07050553805938468,0.001,1000,90,160,1.7777777777777777,0.69875,0.16384564807079427,2154348620,0.7595555555555555,0.08115302583707933,930.33,359.2028263264109,0.7228888888888889,0.10186926566519916,500
pud,equalize,27,0.01310047813862053,0.001,1000,90,160,1.7777777777777777,0.7190277777777778,0.17603531485841428,2294329873,0.7310666666666668,0.09287860938903336,918.208,338.12635448778383,0.6915111111111111,0.11312596674247205,500
pud,equalize,28,0.021076815304698206,0.001,1000,90,160,1.7777777777777777,0.7202777777777778,0.16168863625003976,2874522447,0.7454666666666667,0.08640450445642851,973.09,373.13774058234026,0.6750888888888888,0.09855799670983371,500
pud,equalize,29,0.02343727854543125,0.001,1000,90,160,1.7777777777777777,0.7234722222222222,0.15105439510191285,2244632231,0.7374222222222222,0.0914492749582963,937.024,350.53412925926517,0.7071777777777778,0.10842710373456359,500
pud,equalize,30,0.07001632826495267,0.001,1000,90,160,1.7777777777777777,0.7038888888888889,0.16987575252467135,2956193963,0.7543111111111112,0.07643127485426363,951.6,362.40045278166053,0.7296222222222223,0.09873293866018783,500
pud,equalize,31,0.06810474906145447,0.001,1000,90,160,1.7777777777777777,0.7079166666666666,0.15708771529531762,2781081473,0.7910444444444444,0.08484771396700767,1028.56,392.3823929339456,0.7371555555555556,0.11878721119644325,500
pud,equalize,32,0.0009933416370165094,0.001,1000,90,160,1.7777777777777777,0.7245833333333334,0.16390694750343873,3868866406,0.7329111111111112,0.09254648922730435,889.778,335.2165284676695,0.6964666666666667,0.11329892160542802,500
pud,equalize,33,0.03826770104574861,0.001,1000,90,160,1.7777777777777777,0.7184722222222222,0.16415610801421823,1834701308,0.7424222222222222,0.0934697474116066,930.788,336.4245323812993,0.7066222222222223,0.1130737287188151,500
pud,equalize,34,0.08506004685898216,0.001,1000,90,160,1.7777777777777777,0.706388888888889,0.15518176887675547,3033232520,0.7691333333333333,0.07313048941887576,964.91,366.95109771770984,0.6744444444444444,0.07837983099576677,500
pud,equalize,35,0.029125482712744424,0.001,1000,90,160,1.7777777777777777,0.7202777777777778,0.16448796308737829,2590237456,0.7386,0.0995109916920119,937.078,362.4115453077409,0.6996888888888889,0.11908963837331264,500
pud,equalize,36,0.0881390534744841,0.001,1000,90,160,1.7777777777777777,0.7005555555555555,0.16936975182890215,377977215,0.8037333333333333,0.06926494637590588,1055.642,386.15561390753413,0.7887555555555555,0.09063079481256062,500
pud,equalize,37,0.06042176525571798,0.001,1000,90,160,1.7777777777777777,0.7020833333333333,0.16757167064356607,10158428,0.732111111111111,0.0916960304648919,903.63,349.751129813202,0.6736222222222222,0.11449864143353812,500
pud,equalize,38,0.036511263357557236,0.001,1000,90,160,1.7777777777777777,0.7172222222222222,0.16925060919336554,1178952000,0.7246666666666667,0.0817523146827419,910.582,328.5600198583184,0.6935777777777777,0.09592498481415597,500
pud,equalize,39,0.0790146770645856,0.001,1000,90,160,1.7777777777777777,0.7130555555555556,0.16110259950244382,293127135,0.7540888888888888,0.08732662981939104,949.632,365.78722937021814,0.7238444444444444,0.11638171986217653,500
pud,equalize,40,0.04668329238639897,0.001,1000,90,160,1.7777777777777777,0.7031944444444445,0.1690466511536343,1882698340,0.7462222222222221,0.08643232051919153,933.232,340.83243930025026,0.5794222222222222,0.08255526021333447,500
pud,equalize,41,0.06482635045800227,0.001,1000,90,160,1.7777777777777777,0.7070833333333334,0.16277582998700899,996854849,0.7496,0.09895711921149664,967.112,380.5128058908055,0.7105111111111111,0.13085307420678885,500
pud,equalize,42,0.04914721042228742,0.001,1000,90,160,1.7777777777777777,0.7088888888888889,0.16961984366396132,2777766750,0.756488888888889,0.09344596696448866,934.378,359.1995207505361,0.7049777777777778,0.1191727508115238,500
pud,equalize,43,0.04833586623438172,0.001,1000,90,160,1.7777777777777777,0.7101388888888889,0.16992620666765967,1795001797,0.7669555555555555,0.0856378624759401,959.614,373.6405485530794,0.7166,0.11757735559242932,500
pud,equalize,44,0.02144491660259064,0.001,1000,90,160,1.7777777777777777,0.7118055555555556,0.1542349912379152,6602526,0.7426444444444444,0.09117234854910199,913.32,331.3389028428054,0.7102666666666666,0.11277874796796161,500
pud,equalize,45,0.0461043896480708,0.001,1000,90,160,1.7777777777777777,0.7086111111111111,0.17055498181315173,2620936161,0.7622888888888889,0.09071190873966956,919.274,366.19047208754006,0.6402666666666667,0.07253424539137802,500
pud,equalize,46,0.09516343615835629,0.001,1000,90,160,1.7777777777777777,0.6915277777777777,0.17401971869706725,1646630645,0.7842444444444444,0.08513220319643555,948.236,337.6725066502971,0.711,0.1466086182300029,500
pud,equalize,47,0.05103194382544185,0.001,1000,90,160,1.7777777777777777,0.7145833333333333,0.15912692005663878,559690909,0.7716222222222222,0.08495460226164371,942.346,346.84658769373755,0.6856444444444444,0.12336500222296787,500
pud,equalize,48,0.02772948474065814,0.001,1000,90,160,1.7777777777777777,0.7159722222222222,0.17341842605141744,2792286252,0.7215777777777778,0.0991631252848791,869.042,324.91913628817326,0.5996444444444444,0.07884637929383218,500
pud,equalize,49,0.06203605443671313,0.001,1000,90,160,1.7777777777777777,0.7143055555555555,0.16486423103708966,770508637,0.7396444444444444,0.09222031477317973,952.78,380.5346828999685,0.6815777777777778,0.13040133161197898,500
pud,equalize,50,0.04267174957850879,0.001,1000,90,160,1.7777777777777777,0.7034722222222223,0.17181611187109083,2703547659,0.7444,0.0874154092351057,930.956,343.28582898915226,0.7051333333333333,0.10474087989474881,500
pud,equalize,51,0.008773235754044718,0.001,1000,90,160,1.7777777777777777,0.7269444444444444,0.1695023860155439,2676346209,0.7273999999999999,0.09497431097757003,892.954,334.7976804843716,0.6923555555555556,0.11414617629743097,500
pud,equalize,52,0.02579661737687644,0.001,1000,90,160,1.7777777777777777,0.7208333333333333,0.1582062620074316,202125728,0.7493777777777777,0.0921005090809929,913.722,346.47875515180294,0.7156444444444444,0.11479397219735203,500
pud,equalize,53,0.013882467529500498,0.001,1000,90,160,1.7777777777777777,0.71625,0.16832304154457578,2305760507,0.740488888888889,0.08848247102150911,890.432,333.55489369850415,0.6995333333333333,0.11704075068776985,500
pud,equalize,54,0.07930995224099661,0.001,1000,90,160,1.7777777777777777,0.7050000000000001,0.16525063564086395,3504290690,0.7516444444444443,0.08939685630278787,927.562,359.3544007336677,0.6850888888888889,0.12846693228440662,500
pud,equalize,55,0.048975417813984984,0.001,1000,90,160,1.7777777777777777,0.7176388888888889,0.15657022777590154,432385439,0.7670666666666667,0.09248641845511209,928.304,370.0116333327956,0.7328666666666667,0.12605978952915162,500
pud,equalize,56,0.08065883534632208,0.001,1000,90,160,1.7777777777777777,0.6970833333333333,0.16606807812498778,1624510622,0.7876666666666666,0.0664863403979465,1007.87,392.23032820107306,0.7864888888888889,0.07361321192853017,500
pud,equalize,57,0.05607539119659415,0.001,1000,90,160,1.7777777777777777,0.70375,0.16151785749446568,3048766697,0.7393555555555557,0.09471305535195913,940.042,330.8611528132031,0.6736666666666666,0.1204190276708425,500
pud,equalize,58,0.06142066713562364,0.001,1000,90,160,1.7777777777777777,0.7013888888888888,0.160381732338974,2853036669,0.7492888888888889,0.07792071352458226,926.924,377.7757897465601,0.6521333333333333,0.07005874897875922,500
pud,equalize,59,0.06934345737565661,0.001,1000,90,160,1.7777777777777777,0.7066666666666667,0.16511117190803046,1207740513,0.7345333333333333,0.094843640083177,925.94,350.81805971478155,0.6924222222222223,0.12205555122281167,500
pud,equalize,60,0.06431748231893769,0.001,1000,90,160,1.7777777777777777,0.7084722222222223,0.1624213231419575,3577885116,0.758,0.09512967394712402,956.16,352.0504415944592,0.7153777777777778,0.12595587857238263,500
pud,equalize,61,0.08471642423796866,0.001,1000,90,160,1.7777777777777777,0.6951388888888889,0.17102258187225508,128540056,0.7646222222222223,0.09039728845088013,989.916,361.3549941644853,0.6620444444444444,0.12781719547295453,500
pud,equalize,62,0.002033666436873416,0.001,1000,90,160,1.7777777777777777,0.7245833333333334,0.16390694750343873,4067591118,0.732,0.08724657397331372,877.188,330.84530204276354,0.6926222222222223,0.11031506422375244,500
pud,equalize,63,0.04748503410188846,0.001,1000,90,160,1.7777777777777777,0.7173611111111111,0.16399858372080595,182441188,0.7474444444444445,0.08205853403812496,936.566,344.93128130345525,0.7027111111111111,0.09661920635100953,500
pud,equalize,64,0.008849743946813315,0.001,1000,90,160,1.7777777777777777,0.7245833333333334,0.16335139194788317,3034727726,0.7242222222222222,0.0919289211535028,929.762,331.8187769815253,0.6886888888888889,0.11320760705429778,500
pud,equalize,65,0.0838352749445539,0.001,1000,90,160,1.7777777777777777,0.6908333333333333,0.16714981603268497,388561845,0.7474222222222222,0.08931938727355268,938.814,359.69443640284237,0.6074444444444445,0.07372383427911872,500
pud,equalize,66,0.02133874647753241,0.001,1000,90,160,1.7777777777777777,0.7116666666666667,0.16740284001248912,3863564597,0.7401777777777778,0.10557374475588545,908.366,342.2812307530924,0.6922,0.13738247678248786,500
pud,equalize,67,0.038258656248791614,0.001,1000,90,160,1.7777777777777777,0.7223611111111111,0.16797174498361123,3575763180,0.7777111111111111,0.08687170932812556,962.346,370.2165783886881,0.6472444444444444,0.08816540350679772,500
pud,equalize,68,0.03570346038032655,0.001,1000,90,160,1.7777777777777777,0.7034722222222223,0.1745458332896254,4252255157,0.7227333333333333,0.0941836839257248,880.266,334.2981210109069,0.6407555555555556,0.10911238135183966,500
pud,equalize,69,0.07065697221646848,0.001,1000,90,160,1.7777777777777777,0.6951388888888889,0.163064103070322,3379806496,0.7642222222222221,0.07630828625436073,964.452,390.26745324986075,0.7348222222222222,0.1053599800750746,500
pud,equalize,70,0.07773300208262394,0.001,1000,90,160,1.7777777777777777,0.7291666666666666,0.16560159550946943,369228705,0.7956222222222222,0.08230664511075135,1003.016,373.42644572221894,0.7843111111111112,0.10611237074916177,500
pud,equalize,71,0.06312844858489759,0.001,1000,90,160,1.7777777777777777,0.7008333333333334,0.16982076221882741,3140842028,0.7972444444444444,0.07077318952384029,1000.27,396.5078486588833,0.7955777777777778,0.07037450756822705,500
pud,equalize,72,0.08506089473399754,0.001,1000,90,160,1.7777777777777777,0.6905555555555556,0.1709877420162938,2218270679,0.7429333333333333,0.08968518851470035,919.808,340.4040024820679,0.6488666666666667,0.10892732406882977,500
pud,equalize,73,0.0006904269750452441,0.001,1000,90,160,1.7777777777777777,0.7245833333333334,0.16390694750343873,911746778,0.7339555555555555,0.09540577449801324,894.938,326.75606376380034,0.6960222222222222,0.11415656884232202,500
pud,equalize,74,0.0665401925161063,0.001,1000,90,160,1.7777777777777777,0.6926388888888889,0.1646080816512395,3025155008,0.7511333333333333,0.0843910430124305,927.348,327.6199514088272,0.7063333333333334,0.11216440194711061,500
pud,equalize,75,0.04261906667370849,0.001,1000,90,160,1.7777777777777777,0.7052777777777778,0.16448069247192054,1672642058,0.7422666666666666,0.08886215362802581,935.03,360.66452959199034,0.7066222222222223,0.1046724913177053,500
pud,equalize,76,0.0016777418536975009,0.001,1000,90,160,1.7777777777777777,0.7245833333333334,0.16390694750343873,774046791,0.7265555555555555,0.09183622638322338,888.812,331.5570309698938,0.6862666666666667,0.11287637147292405,500
pud,equalize,77,0.07022422381334921,0.001,1000,90,160,1.7777777777777777,0.6900000000000001,0.16971680193878028,2291966294,0.79,0.08463870353639656,957.206,356.94772014095804,0.7477999999999999,0.12508973794600337,500
pud,equalize,78,0.02283763255619614,0.001,1000,90,160,1.7777777777777777,0.7168055555555556,0.16445614105409428,349176422,0.7603777777777777,0.08445701543622218,970.308,360.4637365210174,0.7324444444444445,0.11302602841616796,500
pud,equalize,79,0.087238889348561,0.001,1000,90,160,1.7777777777777777,0.6961111111111111,0.18144946822724603,2612965351,0.7828222222222222,0.07900382706466316,1022.47,419.48502293757497,0.6782666666666667,0.08571636415524843,500
pud,equalize,80,0.016922940302648928,0.001,1000,90,160,1.7777777777777777,0.7204166666666667,0.16569806952847888,3375946963,0.7256444444444444,0.09349109250957452,919.412,361.4989754820183,0.6897333333333333,0.11734158355102851,500
pud,equalize,81,0.048493877430279775,0.001,1000,90,160,1.7777777777777777,0.6991666666666666,0.18113559812252622,3203021923,0.7319777777777777,0.09844476814121911,916.05,313.8377475121929,0.6162666666666666,0.09885205681869708,500
pud,equalize,82,0.0523767927499115,0.001,1000,90,160,1.7777777777777777,0.7008333333333334,0.1688418427217851,745369807,0.7401333333333333,0.09050076070927894,947.524,354.73337728768047,0.6119333333333333,0.080548759301451,500
pud,equalize,83,0.060516422141562234,0.001,1000,90,160,1.7777777777777777,0.6990277777777778,0.17428199046172904,1381068747,0.7495555555555555,0.08312145557824559,931.618,347.76393658223714,0.6916666666666667,0.11252688526951637,500
pud,equalize,84,0.08947674271669379,0.001,1000,90,160,1.7777777777777777,0.6890277777777778,0.16420137706713042,242384604,0.7785777777777778,0.08540171590195068,1013.708,382.82610986816667,0.7379111111111112,0.13146385527426757,500
pud,equalize,85,0.07793726443053023,0.001,1000,90,160,1.7777777777777777,0.7159722222222222,0.14942521372834905,1474175741,0.7613777777777777,0.09141196506169895,923.61,369.53655357604026,0.719488888888889,0.11273665301500903,500
pud,equalize,86,0.009093113156119525,0.001,1000,90,160,1.7777777777777777,0.7223611111111111,0.16007517038949787,579264612,0.7267111111111111,0.09788883593898436,914.622,340.1303580053884,0.6901333333333334,0.11776736655899253,500
pud,equalize,87,0.07231861202793073,0.001,1000,90,160,1.7777777777777777,0.7026388888888888,0.17117805233293987,4039068953,0.7792222222222221,0.08745864209749538,987.72,396.6302316785279,0.6709555555555555,0.07496834896273608,500
pud,equalize,88,0.09170279266783775,0.001,1000,90,160,1.7777777777777777,0.6931944444444444,0.17162027787027787,1674494768,0.7509777777777777,0.08497729433625406,942.532,375.7661631850181,0.6802222222222222,0.1032773999070077,500
pud,equalize,89,0.0001231048478583796,0.001,1000,90,160,1.7777777777777777,0.7245833333333334,0.16390694750343873,238738950,0.7255777777777778,0.08752488026911184,913.216,332.9918324297608,0.6870222222222222,0.10940788525466057,500
pud,equalize,90,0.034147245373025305,0.001,1000,90,160,1.7777777777777777,0.7025,0.16227285393453264,3153733636,0.7539555555555555,0.08055086327598876,970.534,366.1982292833495,0.6969333333333333,0.11096395510253464,500
pud,equalize,91,0.02529881009169014,0.001,1000,90,160,1.7777777777777777,0.71125,0.1673860718012765,2971841504,0.7422000000000001,0.08534548118739703,963.748,362.37617675968426,0.6961333333333333,0.111583773103664,500
pud,equalize,92,0.033233896354085746,0.001,1000,90,160,1.7777777777777777,0.7211111111111111,0.16625934264823156,2791015373,0.7751777777777779,0.0877059197570184,986.784,388.2764718356784,0.7441777777777778,0.11922470712891273,500
pud,equalize,93,0.04318953597938553,0.001,1000,90,160,1.7777777777777777,0.7086111111111111,0.16370519162830824,1554233809,0.7406222222222223,0.09010912616310145,917.658,331.5881639276555,0.696,0.11266251583855914,500
pud,equalize,94,0.06886243483420522,0.001,1000,90,160,1.7777777777777777,0.69125,0.1589536038882444,2124939685,0.7619777777777778,0.08791489027694926,1011.762,388.5206067633475,0.7299777777777777,0.10702969055330938,500
pud,equalize,95,0.09249373662123461,0.001,1000,90,160,1.7777777777777777,0.6645833333333333,0.16640605007435072,3910792477,0.7941777777777778,0.07270357040175206,1017.274,387.5840110934798,0.7700444444444445,0.09609742122973759,500
pud,equalize,96,0.010657058423038535,0.001,1000,90,160,1.7777777777777777,0.7233333333333333,0.16337411078200553,912789016,0.7273555555555556,0.09283209609432688,911.85,349.485180347558,0.6859333333333333,0.1149348964902864,500
pud,equalize,97,0.0658937911188228,0.001,1000,90,160,1.7777777777777777,0.6855555555555556,0.158486762269442,2924549499,0.7706444444444445,0.07005936697835452,956.97,354.06305992125414,0.7365777777777778,0.07609979892107924,500
pud,equalize,98,0.01139436647435701,0.001,1000,90,160,1.7777777777777777,0.7219444444444444,0.16966747677273994,3070433051,0.7316888888888888,0.09363187718267073,894.11,335.0527878428749,0.6469333333333332,0.10892631787110077,500
pud,equalize,99,0.0668209047752704,0.001,1000,90,160,1.7777777777777777,0.7066666666666667,0.16804758665826777,4279769118,0.7398888888888889,0.09637142442706804,924.838,346.5668375678833,0.6246666666666666,0.07964610359868035,500
pud,equalize,100,0.01786202097723656,0.001,1000,90,160,1.7777777777777777,0.7266666666666667,0.16358450489298443,3895676852,0.7278222222222221,0.09657151519569909,900.776,322.79042293456683,0.6886444444444444,0.11817948869634334,500
pud,equalize,101,0.0945650971603803,0.001,1000,90,160,1.7777777777777777,0.7091666666666667,0.16494534862622262,3412394017,0.7778666666666667,0.09555028388517803,969.164,373.2299106937611,0.7057333333333333,0.1401250903517629,500
pud,equalize,102,0.09417827647396962,0.001,1000,90,160,1.7777777777777777,0.6965277777777777,0.16600690245427088,1838732882,0.7613555555555556,0.07752887935007768,956.118,362.30761196443933,0.7375111111111111,0.09506660048055995,500
pud,equalize,103,0.0020192981939240796,0.001,1000,90,160,1.7777777777777777,0.7245833333333334,0.16390694750343873,2175962419,0.7246888888888888,0.09676010093541389,900.108,335.82197834310455,0.6826,0.12416406648511831,500
pud,equalize,104,0.0835880318571347,0.001,1000,90,160,1.7777777777777777,0.715,0.17523491199278696,1518373434,0.7516666666666666,0.08370510111159131,929.712,345.15663003122086,0.7142666666666666,0.08961194452305121,500
pud,equalize,105,0.040939568211737526,0.001,1000,90,160,1.7777777777777777,0.7168055555555556,0.1568031121399177,1575717635,0.7654222222222222,0.08373166581565028,924.156,375.9051649686398,0.6640222222222223,0.09092888185394772,500
pud,equalize,106,0.08256058688717727,0.001,1000,90,160,1.7777777777777777,0.6868055555555556,0.16153324810342354,906318132,0.7405777777777778,0.08597634277727621,952.056,336.54597792056444,0.6843555555555555,0.09664293558220645,500
pud,equalize,107,0.02587215082192326,0.001,1000,90,160,1.7777777777777777,0.7068055555555556,0.16585656911473903,226394537,0.7461111111111111,0.08801585014103082,942.426,335.9048267430205,0.6025333333333333,0.07486515748887394,500
pud,equalize,108,0.0013596824120989837,0.001,1000,90,160,1.7777777777777777,0.7245833333333334,0.16390694750343873,1397988628,0.7326666666666666,0.09744782489572001,891.73,318.2430870024512,0.6936222222222223,0.11479558214927783,500
pud,equalize,109,0.04883160755848979,0.001,1000,90,160,1.7777777777777777,0.7058333333333333,0.16687367970993702,48801056,0.752511111111111,0.09110663321080302,913.166,356.01910855361496,0.5919333333333333,0.08019660581196758,500
pud,equalize,110,0.010929325862753081,0.001,1000,90,160,1.7777777777777777,0.7181944444444445,0.16739420591321175,2540129109,0.7364222222222222,0.09548085245939496,937.082,352.89088856822167,0.6748,0.1180719701216379,500
pud,equalize,111,0.010054542779734776,0.001,1000,90,160,1.7777777777777777,0.7188888888888889,0.1574173438647123,551297206,0.7283333333333334,0.09666467031622807,910.4,329.5746758078777,0.6878444444444445,0.11759587125361363,500
pud,equalize,112,0.04915211693375872,0.001,1000,90,160,1.7777777777777777,0.7095833333333333,0.1614034279976627,2576745758,0.7342000000000001,0.09147046944221783,956.398,324.9258580390991,0.7035777777777777,0.10710797847462464,500
pud,equalize,113,0.08031446953035587,0.001,1000,90,160,1.7777777777777777,0.6913888888888889,0.16684065435160322,3699662757,0.7787777777777778,0.07635228673102808,979.408,372.04562277609693,0.7619111111111112,0.1026437534495877,500
pud,equalize,114,0.0842051595528626,0.001,1000,90,160,1.7777777777777777,0.6777777777777778,0.16689640768588138,322105557,0.7732666666666667,0.07736887455364026,968.51,346.9325616090385,0.6614,0.06715596805662254,500
pud,equalize,115,0.02130852807021254,0.001,1000,90,160,1.7777777777777777,0.7145833333333333,0.17432649173438647,4177202439,0.7344222222222222,0.09195367509858254,908.368,320.0070712144569,0.682,0.11659565651828217,500
pud,equalize,116,0.01827603645988294,0.001,1000,90,160,1.7777777777777777,0.7201388888888889,0.1643935209797783,1868298294,0.7440222222222223,0.09017972494009897,922.228,347.8651064429445,0.6998222222222222,0.11284975924215959,500
pud,equalize,117,0.08846451314986242,0.001,1000,90,160,1.7777777777777777,0.6826388888888889,0.1694060449950119,674810870,0.7601555555555556,0.07993060586612323,965.986,346.48264928638645,0.6101555555555556,0.07794666589066933,500
pud,equalize,118,0.0659773051586708,0.001,1000,90,160,1.7777777777777777,0.6941666666666667,0.15949581267322926,2784827547,0.7468888888888889,0.09306303705090266,927.45,330.35256489736605,0.7064222222222222,0.11530490904136019,500
pud,equalize,119,0.016744527709646618,0.001,1000,90,160,1.7777777777777777,0.7163888888888889,0.16543350106301602,3205399637,0.7288222222222221,0.09117601730863516,903.84,323.89984349677377,0.6918444444444445,0.1089975123823224,500
pud,equalize,120,0.06989549918673485,0.001,1000,90,160,1.7777777777777777,0.7065277777777778,0.1632278590448525,4053523699,0.7630888888888888,0.0938458086437271,943.95,348.0704203678764,0.7025333333333333,0.12737756732335434,500
pud,equalize,121,0.05094302806432974,0.001,1000,90,160,1.7777777777777777,0.7043055555555556,0.16392648473530827,3493769797,0.7444,0.09433598498079844,936.878,344.16252381920265,0.6811555555555555,0.1217687504679027,500
pud,equalize,122,0.0073490752124574345,0.001,1000,90,160,1.7777777777777777,0.7265277777777778,0.16408090934406724,3052176610,0.7316444444444445,0.10394676692680846,888.138,337.7078087402901,0.6875333333333333,0.13520137814558483,500
pud,equalize,123,0.07718512313615952,0.001,1000,90,160,1.7777777777777777,0.7038888888888889,0.1649078451542062,2192118267,0.7936222222222222,0.06636214499494231,992.486,391.04422380844346,0.7393111111111111,0.08873606044760554,500
pud,equalize,124,0.03165437316193016,0.001,1000,90,160,1.7777777777777777,0.7068055555555556,0.16606487436552794,4170684501,0.7462888888888889,0.07883027104572723,885.718,329.23412443637545,0.6690222222222222,0.09765240641573934,500
pud,equalize,125,0.031408424204735434,0.001,1000,90,160,1.7777777777777777,0.70625,0.16038399871733205,1718221201,0.747511111111111,0.07513879057142574,917.96,330.29942449183795,0.6996666666666667,0.10015271992040166,500
pud,equalize,126,0.07203673299201427,0.001,1000,90,160,1.7777777777777777,0.6977777777777777,0.16765177637597659,3678194060,0.8010666666666667,0.07375879762188432,1014.584,384.3547842089241,0.7688444444444444,0.11318788611431568,500
pud,equalize,127,0.0982915695047555,0.001,1000,90,160,1.7777777777777777,0.6997222222222222,0.16181604420479612,2657572168,0.7711111111111111,0.09497376132027527,1000.88,393.08601964159897,0.6893555555555556,0.13689855831982406,500
pud,equalize,128,0.0175403194783351,0.001,1000,90,160,1.7777777777777777,0.7118055555555556,0.16670087817748636,411734496,0.7429111111111112,0.08728155712693879,904.988,348.98697349807003,0.5998666666666667,0.07707306792615508,500
pud,equalize,129,0.07824347060619218,0.001,1000,90,160,1.7777777777777777,0.6988888888888889,0.17144241222345796,3446660643,0.7386222222222223,0.0839485374267736,933.2,331.37477042912286,0.6792666666666667,0.1041056083204099,500
pud,equalize,130,0.012071321564287963,0.001,1000,90,160,1.7777777777777777,0.7248611111111111,0.16194709557282658,2647977642,0.7535555555555555,0.08092497011427154,903.328,340.5794490838761,0.732,0.0918764257955343,500
pud,equalize,131,0.020517684990278964,0.001,1000,90,160,1.7777777777777777,0.7102777777777778,0.16731838488245437,3460748845,0.7473111111111111,0.0903598481073257,955.344,381.410752323497,0.7231777777777778,0.10685606978162214,500
pud,equalize,132,0.09100532053433597,0.001,1000,90,160,1.7777777777777777,0.6848611111111111,0.16501958208184558,2133416863,0.7729555555555555,0.08686008881569535,996.402,369.2764745082614,0.6622222222222222,0.08980820532410418,500
pud,equalize,133,0.06107966796918503,0.001,1000,90,160,1.7777777777777777,0.7008333333333334,0.16980823026875658,1315569740,0.742,0.08507720365733676,902.94,342.7758845281098,0.6385333333333333,0.08249146190675312,500
pud,equalize,134,0.02761787969038301,0.001,1000,90,160,1.7777777777777777,0.71875,0.16247396690379146,361419783,0.7218,0.08907278628091202,885.46,320.7414325170139,0.6890222222222222,0.1101875758104571,500
pud,equalize,135,0.06350520407833155,0.001,1000,90,160,1.7777777777777777,0.7009722222222222,0.16731158440834457,1730158410,0.7814444444444445,0.0861073220878627,980.472,366.2511228460221,0.7235333333333333,0.13574968304464138,500
pud,equalize,136,0.07765220468966377,0.001,1000,90,160,1.7777777777777777,0.6908333333333333,0.16323247090790952,1951860311,0.7749111111111111,0.08987941483462507,995.62,393.895690799558,0.6415333333333333,0.0511107190210823,500
pud,equalize,137,0.025206293592045004,0.001,1000,90,160,1.7777777777777777,0.70875,0.16553215062975984,930509684,0.7762444444444444,0.0790750951920443,994.966,395.2317308695905,0.7419111111111112,0.11154004049161298,500
pud,equalize,138,0.04369161323119543,0.001,1000,90,160,1.7777777777777777,0.7216666666666667,0.16290847770379932,324799276,0.7436888888888888,0.08700362132949653,941.514,343.0456039315377,0.7122666666666666,0.10269217098321774,500
pud,equalize,139,0.08818498103219978,0.001,1000,90,160,1.7777777777777777,0.6941666666666667,0.17211208601817476,1839940639,0.7354444444444445,0.1006632671195814,902.24,336.1363081181063,0.5846,0.08503459302504743,500
pud,equalize,140,0.014777966962695866,0.001,1000,90,160,1.7777777777777777,0.7181944444444445,0.15559285911186496,1652006928,0.7345333333333333,0.0939419985260214,921.762,362.20560896033146,0.6846222222222222,0.11938911116768496,500
pud,equalize,141,0.08823161878907777,0.001,1000,90,160,1.7777777777777777,0.7101388888888889,0.16633723499570183,3597688421,0.8004444444444444,0.06548949567972769,1016.152,403.52500015178094,0.7743333333333333,0.09841635517198391,500
pud,equalize,142,0.09048231198834084,0.001,1000,90,160,1.7777777777777777,0.6963888888888888,0.17013120154744618,1172275092,0.7737999999999999,0.0760795581039055,984.128,352.3679468338626,0.7576222222222223,0.08421481687847374,500
pud,equalize,143,0.02397629485026147,0.001,1000,90,160,1.7777777777777777,0.7184722222222222,0.17206422551890388,664595473,0.7628666666666667,0.0924558720434568,944.478,353.69885960031735,0.7353111111111111,0.10971642834396479,500
pud,equalize,144,0.05492796266281755,0.001,1000,90,160,1.7777777777777777,0.70625,0.1662385930744204,377135104,0.7299777777777777,0.08137861532453321,889.768,339.7356366081769,0.6877777777777778,0.1046873906625099,500
pud,equalize,145,0.03769758737958047,0.001,1000,90,160,1.7777777777777777,0.7220833333333333,0.16520739532133302,2443636641,0.7376222222222223,0.0929708769348743,912.63,337.0412537263456,0.7010666666666667,0.12025747384811034,500
pud,equalize,146,0.062042982642138804,0.001,1000,90,160,1.7777777777777777,0.6856944444444444,0.169950677801985,1846271879,0.7531111111111111,0.08942971743815262,959.264,345.0941120859539,0.7225555555555555,0.11830063170431225,500
pud,equalize,147,0.05949336376078279,0.001,1000,90,160,1.7777777777777777,0.6995833333333333,0.16191549299736432,1960997360,0.7536222222222223,0.08772882236068427,942.22,338.4885235294133,0.7292000000000001,0.10813974847633272,500
pud,equalize,148,0.046558242418709234,0.001,1000,90,160,1.7777777777777777,0.7169444444444445,0.15903240846223302,797755014,0.7476666666666666,0.09954118003457148,942.624,354.9393843420512,0.7173111111111111,0.12841762098963597,500
pud,equalize,149,0.09988397434040464,0.001,1000,90,160,1.7777777777777777,0.6941666666666667,0.16573654632134166,2400456096,0.7832222222222222,0.0693923429579161,972.836,414.83440584472373,0.6892888888888888,0.08339061639889116,500
pud,equalize,150,0.07479484168003485,0.001,1000,90,160,1.7777777777777777,0.6813888888888889,0.17902361510497045,2198493565,0.7792888888888889,0.08534280545662537,1012.94,375.4705429954719,0.667,0.07455144737526762,500
pud,equalize,151,0.04215385780130837,0.001,1000,90,160,1.7777777777777777,0.7152777777777778,0.1631586174460046,577037974,0.7541555555555556,0.09013689416520781,951.872,361.606740098923,0.7234666666666667,0.11136213905539416,500
pud,equalize,152,0.09946666505200703,0.001,1000,90,160,1.7777777777777777,0.6919444444444445,0.16811090310456225,4032454003,0.7525777777777778,0.08712638067744331,918.196,364.45099896322216,0.6159333333333333,0.06600806951876641,500
pud,equalize,153,0.001834400601078734,0.001,1000,90,160,1.7777777777777777,0.7245833333333334,0.16390694750343873,3846551279,0.7341555555555556,0.09613406307895957,881.73,316.4520958342918,0.6971777777777778,0.11964835246093738,500
pud,equalize,154,0.076283585942423,0.001,1000,90,160,1.7777777777777777,0.6909722222222222,0.16994458017099198,1838898581,0.7362222222222222,0.088086727886096,941.618,351.60026388945477,0.6730222222222222,0.11168678303469447,500
pud,equalize,155,0.08494056530347605,0.001,1000,90,160,1.7777777777777777,0.7004166666666667,0.16572147681212007,110819357,0.7713333333333334,0.08988778531527757,947.274,348.89589222463275,0.7098222222222222,0.13112668936658953,500
pud,equalize,156,0.004089151891397957,0.001,1000,90,160,1.7777777777777777,0.7245833333333334,0.16390694750343873,790179592,0.7293999999999999,0.101567835148206,878.594,322.26885607391597,0.6891111111111111,0.12404742311181784,500
pud,equalize,157,0.09303018694495038,0.001,1000,90,160,1.7777777777777777,0.6975,0.16971980456190983,330295487,0.7517333333333334,0.08846037884498885,960.374,338.90476982482846,0.6987555555555556,0.11991788179636442,500
pud,equalize,158,0.01271181581269324,0.001,1000,90,160,1.7777777777777777,0.72375,0.17008820451802908,3311435916,0.7235555555555555,0.09252044988834629,902.14,323.7053578756998,0.6808,0.11109441869714809,500
pud,equalize,159,0.016527455441888782,0.001,1000,90,160,1.7777777777777777,0.7184722222222222,0.17177290870273326,3552794595,0.7213555555555556,0.09718056874034132,894.816,333.3274674326886,0.6857111111111112,0.1149160382023184,500
pud,equalize,160,0.05773430486599568,0.001,1000,90,160,1.7777777777777777,0.69625,0.1690193339317244,679112817,0.7389777777777777,0.08457724910741421,923.036,340.720641898361,0.7028222222222222,0.1019354768270514,500
pud,equalize,161,0.05244904361133721,0.001,1000,90,160,1.7777777777777777,0.69875,0.16408362727807171,3829425417,0.7778666666666667,0.08356935033015707,985.706,406.268038371226,0.7371555555555556,0.10793138009895255,500
pud,equalize,162,0.04813618306192106,0.001,1000,90,160,1.7777777777777777,0.7104166666666667,0.16300758531572362,1456451065,0.7499777777777777,0.08938986801878747,924.026,346.319655711113,0.717488888888889,0.10971992801775249,500
pud,equalize,163,0.004942135309241514,0.001,1000,90,160,1.7777777777777777,0.7245833333333334,0.16390694750343873,3425468707,0.7258888888888889,0.09405304834199754,910.808,309.2745716306379,0.6864666666666667,0.11392912541207471,500
pud,equalize,164,0.09962397008826426,0.001,1000,90,160,1.7777777777777777,0.6997222222222222,0.1639376243143013,1717013335,0.760511111111111,0.08249904053715984,932.472,355.9354059973311,0.727111111111111,0.09979964589796277,500
pud,equalize,165,0.005049082552147255,0.001,1000,90,160,1.7777777777777777,0.7245833333333334,0.16390694750343873,2994609966,0.7275777777777778,0.09056922945313095,901.634,337.88257918785524,0.6863555555555556,0.11864880855238213,500
pud,equalize,166,0.0530922733736203,0.001,1000,90,160,1.7777777777777777,0.6943055555555555,0.167693376913807,1346030325,0.7704666666666667,0.09085244685549955,978.422,373.6629710687104,0.6988444444444444,0.11403261374471646,500
pud,equalize,167,0.07507892118411322,0.001,1000,90,160,1.7777777777777777,0.6986111111111111,0.16499943577170958,39171448,0.7824222222222222,0.09084307860183799,1022.11,364.96018107121637,0.7497333333333334,0.12419981841166546,500
pud,equalize,168,0.03640368512599074,0.001,1000,90,160,1.7777777777777777,0.7136111111111111,0.16769013666072488,3241571597,0.7439333333333333,0.09748557327857127,918.126,318.706570186056,0.6650222222222223,0.1276075638183343,500
pud,equalize,169,0.09229104612922738,0.001,1000,90,160,1.7777777777777777,0.6938888888888889,0.1607486562094405,4166863443,0.7390666666666668,0.08720412967041331,905.488,360.9139837458875,0.6772222222222222,0.10778792359511294,500
pud,equalize,170,0.022719429437478268,0.001,1000,90,160,1.7777777777777777,0.7102777777777778,0.15516555601934126,1022199175,0.7504222222222222,0.08888649239699768,942.036,339.9131014495825,0.7039111111111112,0.11284118236581415,500
pud,equalize,171,0.09239182085093313,0.001,1000,90,160,1.7777777777777777,0.6888888888888889,0.15408270599035293,4007667338,0.7816888888888889,0.09003938154964417,947.55,360.88733815649897,0.589,0.14145192442479024,500
pud,equalize,172,0.09957313345077917,0.001,1000,90,160,1.7777777777777777,0.6988888888888889,0.18075257961945373,260072703,0.7745555555555556,0.08779519485366134,937.542,362.4933365927549,0.7382000000000001,0.11282696287149324,500
pud,equalize,173,0.05816614813515123,0.001,1000,90,160,1.7777777777777777,0.7058333333333333,0.1674735201541187,3681239136,0.7447999999999999,0.08807730141482639,960.5,350.81960434043486,0.6841111111111111,0.10850261397504259,500
pud,equalize,174,0.011695345239736966,0.001,1000,90,160,1.7777777777777777,0.7255555555555555,0.1548455067241617,3369644481,0.7290666666666668,0.09198605586656078,884.618,330.63673325078315,0.6868,0.11541254017587231,500
pud,equalize,175,0.09104568823093849,0.001,1000,90,160,1.7777777777777777,0.7041666666666667,0.1714992825427767,1439232831,0.8036666666666666,0.08528161181658962,1007.714,403.0714842889455,0.644511111111111,0.08460944105139842,500
pud,equalize,176,0.04083397591529928,0.001,1000,90,160,1.7777777777777777,0.6948611111111112,0.17135142079813767,3299711385,0.7469111111111112,0.08581635577515752,926.29,343.7256588576335,0.6978888888888889,0.11392446940826066,500
pud,equalize,177,0.08991065466576198,0.001,1000,90,160,1.7777777777777777,0.6865277777777778,0.16795762150447058,3364404261,0.8025777777777778,0.06922481501763642,1023.812,385.6873632105159,0.7710666666666667,0.06940061765552313,500
pud,equalize,178,0.035435495853991694,0.001,1000,90,160,1.7777777777777777,0.7130555555555556,0.16465266128765374,1552180763,0.7619555555555555,0.08913641776689822,942.912,353.4535203362335,0.731111111111111,0.11941369423920702,500
pud,equalize,179,0.08075818589693716,0.001,1000,90,160,1.7777777777777777,0.67125,0.16274542557291097,2340740125,0.7822222222222222,0.08470736881159135,984.128,369.2838321852541,0.6482888888888889,0.10027688972504863,500
pud,equalize,180,0.037695377010993104,0.001,1000,90,160,1.7777777777777777,0.7073611111111111,0.16486867421077947,3382072763,0.7385333333333333,0.09529686960800204,911.064,326.4878996244768,0.6983555555555555,0.12215950294563575,500
pud,equalize,181,0.07458392340642475,0.001,1000,90,160,1.7777777777777777,0.6925,0.17407898244921227,992723448,0.7574,0.08363631109873397,983.072,375.0290126599185,0.7028222222222222,0.10561178406045774,500
pud,equalize,182,0.049294574760321966,0.001,1000,90,160,1.7777777777777777,0.7102777777777778,0.16187200525067433,534518569,0.7652888888888889,0.0825361738605967,942.806,350.29340745525496,0.7113333333333334,0.1012744440915481,500
pud,equalize,183,0.031499735955893504,0.001,1000,90,160,1.7777777777777777,0.7108333333333333,0.16508342615798757,526808229,0.7508444444444444,0.09188088502824356,921.442,331.7264709652791,0.7107555555555556,0.1249889161072186,500
pud,equalize,184,0.044654046726519236,0.001,1000,90,160,1.7777777777777777,0.70875,0.16080820105920643,1191982905,0.7434222222222222,0.09795626509871566,924.99,345.044526620408,0.6095111111111111,0.0796955288742495,500
pud,equalize,185,0.05185504222447104,0.001,1000,90,160,1.7777777777777777,0.7080555555555555,0.16747984931464463,4184469738,0.7239111111111112,0.09499257810924529,893.174,342.06337780134515,0.6805777777777778,0.12067321488350839,500
pud,equalize,186,0.0913038801975626,0.001,1000,90,160,1.7777777777777777,0.69875,0.16397008753517106,3039462877,0.7526222222222223,0.08534048622882418,991.484,366.6187178972524,0.6534222222222222,0.08768327358178674,500
pud,equalize,187,0.010619426692876978,0.001,1000,90,160,1.7777777777777777,0.7279166666666667,0.16557412211637454,3644056201,0.7348222222222222,0.08997612467182718,882.682,306.73172901277474,0.7003777777777778,0.11271215896079977,500
pud,equalize,188,0.0061185739856869925,0.001,1000,90,160,1.7777777777777777,0.7245833333333334,0.16390694750343873,2103666528,0.7238666666666667,0.09708516662020963,887.23,333.79288860754644,0.6834222222222223,0.11988201891295328,500
pud,equalize,189,0.042505813184679275,0.001,1000,90,160,1.7777777777777777,0.7012499999999999,0.16341515454611383,728424126,0.731111111111111,0.09390226445906982,919.718,322.5975213754676,0.6925111111111111,0.1152919311880313,500
pud,equalize,190,0.020688153536243672,0.001,1000,90,160,1.7777777777777777,0.7161111111111111,0.16596231740968584,3994247812,0.7293555555555555,0.09417971201287553,918.786,353.4915001600048,0.5983333333333334,0.08036654628048273,500
pud,equalize,191,0.02211472463592027,0.001,1000,90,160,1.7777777777777777,0.7154166666666667,0.16618480052960485,3036812794,0.7300666666666668,0.10048963726969422,894.204,333.7893543091215,0.6825333333333333,0.13355434069658512,500
pud,equalize,192,0.029539936489519927,0.001,1000,90,160,1.7777777777777777,0.7201388888888889,0.1684556190601942,4085656311,0.7441555555555556,0.0990724467840035,930.87,338.8189038397924,0.6962444444444444,0.13220958008828976,500
pud,equalize,193,0.04767754091530557,0.001,1000,90,160,1.7777777777777777,0.7052777777777778,0.17183812153841393,4263825733,0.7696222222222222,0.09986708056783544,994.098,384.5412179371481,0.7132222222222222,0.13964054011055038,500
pud,equalize,194,0.08851480254082555,0.001,1000,90,160,1.7777777777777777,0.6930555555555555,0.17363142447507773,2344549507,0.7904666666666667,0.06989673332052065,1016.184,367.7937119815214,0.7882888888888889,0.07507888921085736,500
pud,equalize,195,0.04819293889920152,0.001,1000,90,160,1.7777777777777777,0.6915277777777777,0.1670780247476154,2853523642,0.7858222222222222,0.07725259595304196,996.28,368.73214721906965,0.7615777777777778,0.11702595269425553,500
pud,equalize,196,0.069365003682795,0.001,1000,90,160,1.7777777777777777,0.6898611111111111,0.16317049638687064,3018806867,0.7590222222222223,0.09123670680377792,951.062,367.32267838524797,0.7315333333333333,0.11152658682580832,500
pud,equalize,197,0.0991284925602734,0.001,1000,90,160,1.7777777777777777,0.6731944444444444,0.17167936986951435,2183602906,0.7765555555555556,0.08657496761730327,980.774,353.85303568816755,0.7412222222222222,0.11343914926018024,500
pud,equalize,198,0.0017013660911448848,0.001,1000,90,160,1.7777777777777777,0.7245833333333334,0.16390694750343873,112266370,0.7266222222222223,0.09414118469711623,915.948,329.23148092499304,0.6911333333333334,0.11390671230373262,500
pud,equalize,199,0.09200064015172192,0.001,1000,90,160,1.7777777777777777,0.6905555555555556,0.16929453346658577,831020141,0.7682666666666667,0.08385848335859139,964.99,363.42943166948834,0.6122888888888889,0.055867266253861306,500
pud,equalize,200,0.050109914145260274,0.001,1000,90,160,1.7777777777777777,0.715,0.15231669432877068,1897931685,0.7310888888888889,0.08534838004263716,883.18,337.5804388666659,0.6856666666666666,0.11666051663869949,500
pud,equalize,201,0.08274935857113228,0.001,1000,90,160,1.7777777777777777,0.7019444444444444,0.16544691581972285,4269710698,0.7887555555555555,0.08159195630804868,1003.018,378.331996896577,0.7487555555555556,0.10946083301900446,500
pud,equalize,202,0.002244837783678144,0.001,1000,90,160,1.7777777777777777,0.7245833333333334,0.16390694750343873,2427043567,0.7286888888888888,0.09402290827893553,882.846,312.5128587077905,0.6941555555555555,0.11194594191519114,500
pud,equalize,203,0.019846341146506342,0.001,1000,90,160,1.7777777777777777,0.7215277777777778,0.16772765598057995,270427104,0.7311555555555556,0.09318656484062132,877.966,312.7834455523875,0.6240444444444445,0.07938279688993911,500
pud,equalize,204,0.054102186512573536,0.001,1000,90,160,1.7777777777777777,0.7147222222222223,0.18029075916502815,3204642532,0.7602666666666666,0.0917542404701356,927.422,367.23523708204993,0.7310444444444445,0.11173259944912263,500
pud,equalize,205,0.0852948767591526,0.001,1000,90,160,1.7777777777777777,0.6991666666666666,0.15983265089689158,4079115078,0.7777777777777778,0.08347757130545114,998.168,395.7974621420356,0.6756444444444444,0.12420465493960653,500
pud,equalize,206,0.0325145990846733,0.001,1000,90,160,1.7777777777777777,0.7102777777777778,0.16191306888400112,1210399738,0.7307777777777779,0.09913721419666212,913.23,347.4215949379924,0.6873111111111111,0.1189371667315329,500
pud,equalize,207,0.07011536673108415,0.001,1000,90,160,1.7777777777777777,0.6941666666666667,0.1474040514900508,666333072,0.7492000000000001,0.085435024855907,918.936,341.2748172746002,0.7030666666666667,0.10477823456404582,500
pud,equalize,208,0.020636736319494788,0.001,1000,90,160,1.7777777777777777,0.7216666666666667,0.16877009442798915,2480952451,0.7380666666666668,0.10404408596903407,924.11,333.11274081936944,0.691711111111111,0.13379895504122202,500
pud,equalize,209,0.08674734663921425,0.001,1000,90,160,1.7777777777777777,0.6913888888888889,0.16306283197267538,2718942889,0.7609555555555555,0.07775853373914642,1011.994,354.3353850438711,0.740111111111111,0.08783463823862153,500
pud,equalize,210,0.08267714781010593,0.001,1000,90,160,1.7777777777777777,0.6904166666666667,0.1686894576734045,1839828515,0.7839333333333333,0.07203492490793617,1012.09,363.8584778231332,0.7657999999999999,0.09203672259884596,500
pud,equalize,211,0.0232913641058352,0.001,1000,90,160,1.7777777777777777,0.7219444444444444,0.16152960262609384,1692021170,0.7347333333333333,0.09223154696079411,905.192,351.5255603439816,0.704,0.10830251233002852,500
pud,equalize,212,0.08047673094596432,0.001,1000,90,160,1.7777777777777777,0.7148611111111112,0.16496623151593912,973457236,0.7559333333333332,0.09685729711975244,907.808,361.1465197859547,0.5552,0.09998575815851603,500
pud,equalize,213,0.000739256349097106,0.001,1000,90,160,1.7777777777777777,0.7245833333333334,0.16390694750343873,351407908,0.7213999999999999,0.09499233589021387,911.322,342.6975247984816,0.6800444444444445,0.11667349705912153,500
pud,equalize,214,0.061793709408703115,0.001,1000,90,160,1.7777777777777777,0.7119444444444445,0.1614780227194228,2867509709,0.7606222222222223,0.0955684901117208,942.966,352.83996503493137,0.7063777777777778,0.12595194019652364,500
pud,equalize,215,0.0008085138778195167,0.001,1000,90,160,1.7777777777777777,0.7245833333333334,0.16390694750343873,2610352706,0.7275333333333333,0.09581504848492291,891.788,317.81862817782365,0.6914222222222223,0.11633458692153299,500
pud,equalize,216,0.011454122548900348,0.001,1000,90,160,1.7777777777777777,0.7251388888888889,0.16592627774129323,830684638,0.7343111111111111,0.0966395562892252,916.608,355.50531697401306,0.6990666666666667,0.1190905358487459,500
pud,equalize,217,0.016156850489845855,0.001,1000,90,160,1.7777777777777777,0.7245833333333334,0.16043539900454246,3086526338,0.731111111111111,0.09871135856152817,870.678,310.9006541477502,0.6916,0.11863444471494018,500
pud,equalize,218,0.013342036824744531,0.001,1000,90,160,1.7777777777777777,0.7193055555555555,0.16644430942676558,2957769966,0.7243777777777778,0.09399993893748217,881.284,331.5169956137414,0.6888444444444445,0.11143794282832277,500
pud,equalize,219,0.019212981638529913,0.001,1000,90,160,1.7777777777777777,0.7122222222222222,0.16120990111444186,2500628027,0.741511111111111,0.09298238564735763,915.722,329.2509272000981,0.6915333333333333,0.12905121689201834,500
pud,equalize,220,0.08665069506472856,0.001,1000,90,160,1.7777777777777777,0.7122222222222222,0.16607533359383012,662323480,0.7657999999999999,0.07675788673472973,943.736,335.2322293563053,0.7449555555555555,0.09559167006923305,500
pud,equalize,221,0.017665162980861626,0.001,1000,90,160,1.7777777777777777,0.7220833333333333,0.15605174449128698,932805948,0.7664888888888889,0.08358696946392358,952.052,378.29903729620884,0.7397555555555556,0.10554993949597202,500
pud,equalize,222,0.06565969186809927,0.001,1000,90,160,1.7777777777777777,0.695,0.16435514444321356,310027932,0.7419555555555555,0.08870069144241079,957.276,330.92273953762407,0.6161777777777778,0.07463019329504378,500
pud,equalize,223,0.0612710153779276,0.001,1000,90,160,1.7777777777777777,0.7116666666666667,0.16768830391155812,714969255,0.7258888888888889,0.09437604763971742,909.828,314.6986827711165,0.6845777777777777,0.12196459558825198,500
pud,equalize,224,0.018434977528201557,0.001,1000,90,160,1.7777777777777777,0.7176388888888889,0.16390694750343873,2078527871,0.7254666666666667,0.09587004531117138,915.926,333.8987650390299,0.6841333333333334,0.11790665279092413,500
pud,equalize,225,0.04110193696305199,0.001,1000,90,160,1.7777777777777777,0.6958333333333333,0.16499160772466584,330017373,0.7552888888888889,0.08474782895438533,939.73,346.12071333046913,0.7238222222222221,0.10506322856304649,500
pud,equalize,226,0.08963249695345749,0.001,1000,90,160,1.7777777777777777,0.6923611111111111,0.16517722099184173,35641933,0.7664222222222222,0.0789581175320433,973.408,371.42122312271266,0.6705555555555556,0.06364749202482375,500
pud,equalize,227,0.06750759184245443,0.001,1000,90,160,1.7777777777777777,0.7077777777777778,0.17261112055190564,236497692,0.767,0.08656296429421746,948.952,366.20023883915155,0.731488888888889,0.1103169368987087,500
pud,equalize,228,0.06929644192720286,0.001,1000,90,160,1.7777777777777777,0.7154166666666667,0.1684791734294096,2245290576,0.7749777777777778,0.07572970355608648,910.15,365.85699142746034,0.7216444444444444,0.11280236779633522,500
pud,equalize,229,0.0821126931134302,0.001,1000,90,160,1.7777777777777777,0.7052777777777778,0.1655232460596833,113797827,0.7362000000000001,0.0962233967478505,896.69,327.1643974914935,0.6885777777777777,0.12098174980075987,500
pud,equalize,230,0.0841945344984291,0.001,1000,90,160,1.7777777777777777,0.7030555555555555,0.17304970280610832,2172460135,0.7669111111111111,0.09122237423813201,969.206,370.56359010650976,0.7251555555555556,0.13636713296417396,500
pud,equalize,231,0.08142061009913427,0.001,1000,90,160,1.7777777777777777,0.7105555555555556,0.16667300031121238,2532127898,0.7866888888888889,0.08377253518074917,1014.802,403.1402322886907,0.6934444444444444,0.1256438427443818,500
pud,equalize,232,0.020772100093355485,0.001,1000,90,160,1.7777777777777777,0.7125,0.16246085893746712,4125726934,0.7414666666666667,0.09303417186185475,901.52,346.0299510939888,0.6903333333333334,0.12108491930569946,500
pud,equalize,233,0.0030273609480812483,0.001,1000,90,160,1.7777777777777777,0.7245833333333334,0.16390694750343873,1513890026,0.7286666666666666,0.09575698684406257,906.616,325.5872089090884,0.6873777777777778,0.1174234048995738,500
pud,equalize,234,0.04214659384438729,0.001,1000,90,160,1.7777777777777777,0.70625,0.16329419227080044,500477390,0.7785333333333333,0.08545714640939184,989.048,376.87196054534303,0.7137111111111111,0.1082390119739884,500
pud,equalize,235,0.09437150492021867,0.001,1000,90,160,1.7777777777777777,0.6984722222222222,0.16645765185681727,746478831,0.772,0.07723159691850191,965.236,362.32373546673017,0.7482888888888889,0.09265718492222802,500
pud,equalize,236,0.09799340557539199,0.001,1000,90,160,1.7777777777777777,0.7140277777777778,0.16411431291320636,98914687,0.8079555555555555,0.07730023580416746,1069.356,439.3630492452501,0.7553333333333334,0.13990149680483677,500
pud,equalize,237,0.04604975220876332,0.001,1000,90,160,1.7777777777777777,0.7108333333333333,0.1698014323659473,609370654,0.7409111111111112,0.08426582557570107,937.164,373.4620313790461,0.7118,0.09630738650033474,500
pud,equalize,238,0.09505573581716725,0.001,1000,90,160,1.7777777777777777,0.6843055555555555,0.16313201392945537,2585679379,0.7671111111111111,0.09046859490559464,969.506,350.80987029185536,0.7174222222222222,0.11801600959193198,500
pud,equalize,239,0.02703885956756208,0.001,1000,90,160,1.7777777777777777,0.7140277777777778,0.16496148480066608,1983093560,0.7375111111111111,0.09279082291284824,898.052,344.0296354620518,0.701,0.11427357627116141,500
pud,equalize,240,0.01600927431136976,0.001,1000,90,160,1.7777777777777777,0.7213888888888889,0.16983380167590695,2928556786,0.738111111111111,0.0893726399111601,943.654,352.2277829845516,0.6912,0.11759143828064761,500
pud,equalize,241,0.005636560706678617,0.001,1000,90,160,1.7777777777777777,0.7245833333333334,0.16390694750343873,536824427,0.7207111111111111,0.10083492220412191,905.002,360.4270818885803,0.6834444444444444,0.11978909486911088,500
pud,equalize,242,0.00972261355089592,0.001,1000,90,160,1.7777777777777777,0.7181944444444445,0.17380186929163538,2416067404,0.7470444444444445,0.08796787096590533,892.33,313.69432471550607,0.6942444444444444,0.11318356466477537,500
pud,equalize,243,0.014830406182046563,0.001,1000,90,160,1.7777777777777777,0.726111111111111,0.16866683155038847,1831038507,0.7199777777777777,0.09900741710087019,896.622,311.0801389057862,0.6775111111111111,0.12017136464925639,500
pud,equalize,244,0.039580025148635525,0.001,1000,90,160,1.7777777777777777,0.6991666666666666,0.16789721011710865,4144443140,0.7356444444444444,0.09886208759174372,924.788,355.11846093746976,0.6854888888888889,0.1277791641178315,500
pud,equalize,245,0.0844352434881059,0.001,1000,90,160,1.7777777777777777,0.7005555555555555,0.16808475354226987,432500633,0.7790666666666667,0.08692906283808148,948.546,364.9577842059338,0.6502,0.08644038939566841,500
pud,equalize,246,0.07563189618282536,0.001,1000,90,160,1.7777777777777777,0.6968055555555556,0.1649203423598428,3416406834,0.7882444444444444,0.06675811659843103,998.328,387.66658765279817,0.7455555555555555,0.07107624117227988,500
pud,equalize,247,0.08892609718322533,0.001,1000,90,160,1.7777777777777777,0.6941666666666667,0.16790960068737845,307607768,0.7728444444444444,0.08242086652045184,941.2,371.3809521545855,0.715,0.11917700871069978,500
pud,equalize,248,0.04453897502922638,0.001,1000,90,160,1.7777777777777777,0.7134722222222223,0.16499859810970924,2220092600,0.7349555555555555,0.09394749474952632,899.158,334.2665782375697,0.6767333333333333,0.11777036439531498,500
pud,equalize,249,0.05572333711441904,0.001,1000,90,160,1.7777777777777777,0.7033333333333333,0.16354726520533194,2860671086,0.7583333333333334,0.08520208526719068,950.488,364.3299912731341,0.7033555555555556,0.11355734908281258,500
pud,equalize,250,0.05010573681842774,0.001,1000,90,160,1.7777777777777777,0.7134722222222223,0.16819450019720597,1061755010,0.7568444444444444,0.08383139515141966,969.28,364.4761656826156,0.5602888888888888,0.07718587320065244,500
pud,equalize,251,0.018748805880790177,0.001,1000,90,160,1.7777777777777777,0.7195833333333334,0.16647770168969,246284251,0.7366,0.09179423321424758,888.646,331.9516779849654,0.6028222222222221,0.07457167497732645,500
pud,equalize,252,0.08954895470740007,0.001,1000,90,160,1.7777777777777777,0.6815277777777777,0.1680198649087538,4058265628,0.7525555555555555,0.07767520353922543,928.69,339.2584124835843,0.7240444444444445,0.09808850245347514,500
pud,equalize,253,0.010908265709989075,0.001,1000,90,160,1.7777777777777777,0.7263888888888889,0.16183944710260498,471088870,0.7329777777777777,0.09514227114083759,905.264,330.03143456282936,0.6954666666666667,0.11523494910674129,500
pud,equalize,254,0.03331389533537497,0.001,1000,90,160,1.7777777777777777,0.7123611111111111,0.17396288451743325,1700613688,0.7749777777777778,0.08041039985942021,960.2,364.58139720833367,0.727,0.10561858681313047,500
pud,equalize,255,0.03683670326305939,0.001,1000,90,160,1.7777777777777777,0.7084722222222223,0.16777491063765573,1707153896,0.7359555555555555,0.08698437333443332,887.616,335.54967398497496,0.6781111111111111,0.10900537487165128,500
pud,equalize,256,0.0410460070743539,0.001,1000,90,160,1.7777777777777777,0.7115277777777778,0.1718141700058465,4142023427,0.7704444444444445,0.09253301727747884,978.602,361.44953053261054,0.7386888888888888,0.11303482546643669,500
pud,equalize,257,0.03998748858185133,0.001,1000,90,160,1.7777777777777777,0.7073611111111111,0.16933203416046555,3682413662,0.7542888888888889,0.09182484614837338,947.254,363.0926576510191,0.6960222222222222,0.1217983358157516,500
pud,equalize,258,0.008454880003725662,0.001,1000,90,160,1.7777777777777777,0.7184722222222222,0.16301351020649266,3834111607,0.7326,0.09477664602987781,919.218,335.19452443980765,0.6963111111111111,0.11798896297264122,500
pud,equalize,259,0.0747871140031551,0.001,1000,90,160,1.7777777777777777,0.6970833333333333,0.16638862135958093,1003887128,0.7611555555555556,0.08026372325828968,954.88,386.5153163583031,0.6953555555555556,0.11007717334506763,500
pud,equalize,260,0.04653703112706469,0.001,1000,90,160,1.7777777777777777,0.6955555555555556,0.1743684722633811,2831647785,0.7352666666666666,0.09813302351433448,892.442,324.4443602866963,0.6352666666666666,0.11770446582497571,500
pud,equalize,261,0.07149423646968527,0.001,1000,90,160,1.7777777777777777,0.7004166666666667,0.16268045038323675,1198917739,0.7621777777777778,0.09187049058728358,956.534,358.8367825586363,0.7074222222222222,0.12155837611424808,500
pud,equalize,262,0.07549537976016844,0.001,1000,90,160,1.7777777777777777,0.70625,0.16242693638274358,153675678,0.7679111111111111,0.07743463447063967,961.462,350.53379357327844,0.6908222222222222,0.09990453148415764,500
pud,equalize,263,0.08665102934233217,0.001,1000,90,160,1.7777777777777777,0.7043055555555556,0.16748384928419388,2972985023,0.741488888888889,0.09097912843630382,936.246,335.87320092290236,0.6925111111111111,0.12272407846836282,500
pud,equalize,264,0.027730594337353698,0.001,1000,90,160,1.7777777777777777,0.7051388888888889,0.16561593948229655,4212660858,0.7309555555555555,0.09935602788755306,924.59,336.20005182881715,0.6612222222222222,0.12314177070604354,500
pud,equalize,265,0.03977583950296814,0.001,1000,90,160,1.7777777777777777,0.7093055555555555,0.16666811880993168,896697876,0.7314444444444445,0.09278980704605985,903.392,339.7285052074685,0.7000444444444445,0.11166638362371636,500
pud,equalize,266,0.09739901146457514,0.001,1000,90,160,1.7777777777777777,0.6798611111111111,0.16779930923463773,3553789914,0.7555777777777778,0.08637476320056933,948.45,338.2134180251643,0.6819555555555555,0.09868793614692058,500
pud,equalize,267,0.03980196532544316,0.001,1000,90,160,1.7777777777777777,0.7109722222222222,0.16587397278199234,1915749051,0.775511111111111,0.07628784454949279,987.96,371.7392399586705,0.7575777777777778,0.09286428512694668,500
pud,equalize,268,0.054803800191488464,0.001,1000,90,160,1.7777777777777777,0.6966666666666667,0.16785499569276763,165650907,0.7580666666666667,0.09431955277185382,978.532,372.0905585250545,0.7345333333333333,0.11204038920709233,500
pud,equalize,269,0.003855130701584897,0.001,1000,90,160,1.7777777777777777,0.7245833333333334,0.16390694750343873,3436711644,0.7232888888888889,0.09545627710483194,893.778,331.84331949488876,0.6856444444444444,0.1143216498305579,500
pud,equalize,270,0.06165645295595398,0.001,1000,90,160,1.7777777777777777,0.7047222222222221,0.1607248922960997,887837027,0.7514222222222222,0.08141115430897045,921.448,340.257652133896,0.7098888888888889,0.10473931144882963,500
pud,equalize,271,0.056849710719510976,0.001,1000,90,160,1.7777777777777777,0.7094444444444444,0.1655949696585252,2434386146,0.7368666666666667,0.09098839567034743,916.786,347.20189301475,0.6985777777777777,0.11204661617842844,500
pud,equalize,272,0.05231156897143352,0.001,1000,90,160,1.7777777777777777,0.7025,0.1696108072561347,1181669392,0.7612222222222221,0.09061853969121236,975.34,378.6992350417972,0.7263777777777778,0.11413505013237676,500
pud,equalize,273,0.09305845844781624,0.001,1000,90,160,1.7777777777777777,0.7097222222222223,0.1690752939589077,1807904526,0.8067777777777778,0.08233604992286475,1030.884,373.6040236359266,0.7103777777777778,0.15974479727773533,500
pud,equalize,274,0.04456706344878683,0.001,1000,90,160,1.7777777777777777,0.7190277777777778,0.16561386314881532,2992397590,0.7292666666666666,0.09349301637257787,904.54,347.34414102530826,0.6480444444444445,0.10463835474694998,500
pud,equalize,275,0.06166277514755728,0.001,1000,90,160,1.7777777777777777,0.6948611111111112,0.17585486129001782,2289651720,0.7451333333333333,0.09216179781595729,915.696,352.2935268239883,0.6240888888888888,0.11502770694059747,500
pud,equalize,276,0.09064098997045206,0.001,1000,90,160,1.7777777777777777,0.7209722222222222,0.1669513310681307,85594302,0.7543555555555556,0.08934165473029534,933.886,368.45855182479573,0.7308666666666667,0.10701692983464729,500
pud,equalize,277,0.07167491124837097,0.001,1000,90,160,1.7777777777777777,0.7026388888888888,0.1585924948435012,2997591200,0.7664888888888889,0.0765705721854205,969.696,366.46305396840177,0.7459333333333332,0.09523913111374813,500
pud,equalize,278,0.04304022306416481,0.001,1000,90,160,1.7777777777777777,0.7119444444444445,0.16496061074932367,1201138581,0.7786444444444444,0.08426218479917202,966.368,370.99924184680185,0.6754666666666667,0.06101309521872274,500
pud,equalize,279,0.08298087013615088,0.001,1000,90,160,1.7777777777777777,0.7048611111111112,0.1640321537658753,49339549,0.7349555555555555,0.09744800515607939,892.382,333.0225579810601,0.5800888888888889,0.0728389779749635,500
pud,equalize,280,0.06183973301537842,0.001,1000,90,160,1.7777777777777777,0.6965277777777777,0.16586501098756,1537252383,0.7438222222222222,0.10013280970246917,914.702,318.31351870188746,0.6737333333333333,0.13901441844495738,500
pud,equalize,281,0.08765941255436656,0.001,1000,90,160,1.7777777777777777,0.6995833333333333,0.1725743419979284,2309255172,0.7436444444444444,0.09455264866571622,896.006,354.41144579403726,0.6875555555555556,0.1253854740721215,500
pud,equalize,282,0.014104526531473462,0.001,1000,90,160,1.7777777777777777,0.7120833333333334,0.16860837911276508,2707132060,0.7333999999999999,0.09237617966223673,941.646,367.10890834351943,0.5926888888888888,0.08312192883539522,500
pud,equalize,283,0.05425282166155629,0.001,1000,90,160,1.7777777777777777,0.7108333333333333,0.17287690173283182,1167726466,0.7465555555555555,0.10141987840931153,912.708,336.88076233596973,0.6257777777777779,0.12630358882916565,500
pud,equalize,284,0.023917385697085736,0.001,1000,90,160,1.7777777777777777,0.7136111111111111,0.16041979184609043,955765094,0.7372000000000001,0.1001538290840393,956.816,328.9717967091711,0.5758666666666666,0.07958924959055212,500
pud,equalize,285,0.037987247899445145,0.001,1000,90,160,1.7777777777777777,0.7073611111111111,0.16244654764262606,2390769340,0.7255333333333333,0.10192073836263482,900.432,329.6327424054405,0.659511111111111,0.12701638916437583,500
pud,equalize,286,0.024499993521167263,0.001,1000,90,160,1.7777777777777777,0.7173611111111111,0.1646972094112617,1227838771,0.7369111111111112,0.10001503882562475,918.76,333.6048482704937,0.7024666666666667,0.12134801830805525,500
pud,equalize,287,0.03409833958626134,0.001,1000,90,160,1.7777777777777777,0.7145833333333333,0.16642248917997113,3109019122,0.7392222222222222,0.09635037077453626,896.212,351.15647337559807,0.6979777777777778,0.11863465951800083,500
pud,equalize,288,0.08289035351969933,0.001,1000,90,160,1.7777777777777777,0.6841666666666667,0.16700269581616162,3949115246,0.7786222222222222,0.08733487952769685,978.004,357.7508733164987,0.7226,0.11520022058842834,500
pud,equalize,289,0.09591826222679145,0.001,1000,90,160,1.7777777777777777,0.6611111111111111,0.15632532234573798,250967347,0.793,0.0781388539511303,1059.426,372.8029191907089,0.6861777777777778,0.15058889817888868,500
pud,equalize,290,0.09180440700323339,0.001,1000,90,160,1.7777777777777777,0.6715277777777777,0.1666716593064233,2697615383,0.7869333333333333,0.08617906901026427,964.708,353.44778597527176,0.6574666666666666,0.07348292132438879,500
pud,equalize,291,0.03716947071450432,0.001,1000,90,160,1.7777777777777777,0.7177777777777777,0.16232693837269,3867606104,0.7725555555555556,0.09407146017778563,983.222,379.2078822386264,0.7346666666666666,0.12645432948013785,500
pud,equalize,292,0.04246937844370268,0.001,1000,90,160,1.7777777777777777,0.72,0.16341224240347046,1279854195,0.7547777777777779,0.07706443561845133,945.752,357.74909549382966,0.7345111111111111,0.088921423015159,500
pud,equalize,293,0.028737753486011954,0.001,1000,90,160,1.7777777777777777,0.7134722222222223,0.17190489158626415,1535401342,0.7363111111111111,0.09187277423366266,924.684,344.4250417184056,0.7003555555555556,0.11006801403316128,500
pud,equalize,294,0.07299994974083987,0.001,1000,90,160,1.7777777777777777,0.6901388888888889,0.16857676100061172,3133160219,0.8322222222222222,0.0581747321706235,1082.482,430.79616100968394,0.8430222222222222,0.06607734777188967,500
pud,equalize,295,0.006681291987176031,0.001,1000,90,160,1.7777777777777777,0.7277777777777777,0.16258419618068742,2947174807,0.7381333333333333,0.0963017475005612,879.774,310.30983114721533,0.7013111111111111,0.11698569268179251,500
pud,equalize,296,0.07908846463743385,0.001,1000,90,160,1.7777777777777777,0.7190277777777778,0.17219113426673632,3571519007,0.7610222222222223,0.0920703317619032,950.654,363.4902538077555,0.6414,0.06993308292209634,500
pud,equalize,297,0.08944616350930308,0.001,1000,90,160,1.7777777777777777,0.67875,0.17081055261610817,164647332,0.7692,0.08455536551253184,959.218,362.7715988633672,0.7252000000000001,0.10967236845479346,500
pud,equalize,298,0.007318581734121976,0.001,1000,90,160,1.7777777777777777,0.7251388888888889,0.16902821023547518,2588767183,0.7649777777777778,0.0845267444582586,939.672,354.5696994379514,0.7341555555555556,0.10390845619038457,500
pud,equalize,299,0.09516219553100023,0.001,1000,90,160,1.7777777777777777,0.7005555555555555,0.16870810408456607,3002836733,0.7879111111111111,0.07451755317683835,1001.15,377.4634562731117,0.7000444444444445,0.0740911299298265,500
pud,equalize,300,0.09738130892047757,0.001,1000,90,160,1.7777777777777777,0.6709722222222223,0.1710228807808787,3308161180,0.7625777777777778,0.07792283448257298,939.076,324.7507726745319,0.6820888888888889,0.10092808645904722,500
pud,equalize,301,0.01965861071628977,0.001,1000,90,160,1.7777777777777777,0.7259722222222222,0.15446558594529808,2878552831,0.7333111111111111,0.09403259119598557,927.068,343.3061280710589,0.6976,0.11470115596407386,500
pud,equalize,302,0.031060510953517164,0.001,1000,90,160,1.7777777777777777,0.7155555555555556,0.13807285355331064,1413810153,0.7594666666666667,0.08808370568276902,964.412,368.1479649600257,0.7255333333333333,0.10586197949495545,500
pud,equalize,303,0.051890452768968615,0.001,1000,90,160,1.7777777777777777,0.7119444444444445,0.1625348046348395,1918757293,0.7444222222222222,0.096245609244241,929.426,336.14128942591077,0.6061333333333333,0.08756197311929818,500
pud,equalize,304,0.016419602579156867,0.001,1000,90,160,1.7777777777777777,0.7273611111111111,0.16952290870273326,3278007299,0.7276666666666667,0.09778080145524183,900.74,345.7269191214511,0.6884222222222223,0.12258717400470946,500
pud,equalize,305,0.007529140072194607,0.001,1000,90,160,1.7777777777777777,0.7204166666666667,0.17508840369392484,1335723153,0.7281555555555556,0.0927923026989,910.008,350.9244703690632,0.6860666666666667,0.11444642465529843,500
pud,equalize,306,0.06127765227904994,0.001,1000,90,160,1.7777777777777777,0.7075,0.16639534728220426,1782209223,0.7754,0.09099065795034335,1022.304,439.02288068337276,0.7326666666666666,0.1333910288590418,500
pud,equalize,307,0.0684197453775433,0.001,1000,90,160,1.7777777777777777,0.69375,0.17006844763423712,1056458568,0.7822222222222222,0.07223463915321093,957.546,351.52066431275125,0.7771111111111111,0.07016043720792407,500
pud,equalize,308,0.0765783475260951,0.001,1000,90,160,1.7777777777777777,0.69375,0.1645140370911346,3941202253,0.8041333333333334,0.08189595065064034,986.994,387.1569746369293,0.6825555555555556,0.09101029826759616,500
pud,equalize,309,0.09861208340852846,0.001,1000,90,160,1.7777777777777777,0.7058333333333333,0.16491150840892818,3647727360,0.7842,0.08152829940426028,976.934,395.4820574432156,0.6553555555555556,0.11985711699363158,500
pud,equalize,310,0.059710470496129264,0.001,1000,90,160,1.7777777777777777,0.69375,0.16539441784807607,3630409394,0.7463111111111111,0.08167675500454787,916.988,351.0224171340933,0.7107555555555556,0.09352141454818784,500
pud,equalize,311,0.09016311576185347,0.001,1000,90,160,1.7777777777777777,0.7131944444444445,0.1636812710789319,143043466,0.7287777777777779,0.10520597458321068,932.568,345.39682005282725,0.5316888888888889,0.08026997421042134,500
pud,equalize,312,0.030728100657273816,0.001,1000,90,160,1.7777777777777777,0.7118055555555556,0.1668217852647677,386192462,0.7599111111111112,0.0993971885097802,942.576,355.491299967672,0.6877333333333333,0.1462535019763539,500
pud,equalize,313,0.09022061605596361,0.001,1000,90,160,1.7777777777777777,0.6952777777777778,0.16380901571167694,3895380428,0.8245555555555556,0.08103976510968786,1040.62,380.10392999177276,0.8226888888888889,0.0969105357836136,500
pud,equalize,314,0.09459224132057502,0.001,1000,90,160,1.7777777777777777,0.7016666666666667,0.1640096054234341,2314621544,0.7728444444444444,0.1023287470283575,987.246,383.84200245634855,0.6952222222222222,0.14680727624219986,500
pud,equalize,315,0.021004590645067867,0.001,1000,90,160,1.7777777777777777,0.7204166666666667,0.1589366860210315,795401736,0.761,0.08887350958026768,939.178,368.57696112011274,0.7276888888888888,0.10903535108368413,500
pud,equalize,316,0.04674307174749268,0.001,1000,90,160,1.7777777777777777,0.7188888888888889,0.16360230613008392,543136458,0.7328444444444444,0.09511306931685419,909.372,341.0200683097402,0.6143333333333334,0.07269036225789971,500
pud,equalize,317,0.07977475834134579,0.001,1000,90,160,1.7777777777777777,0.6986111111111111,0.16865694328413625,3721279863,0.7903333333333333,0.09143880710191805,986.752,386.7942166424622,0.6125333333333333,0.06674049204129268,500
pud,equalize,318,0.0829911516706858,0.001,1000,90,160,1.7777777777777777,0.7283333333333333,0.17037380828790885,3655582978,0.7948666666666667,0.07934496109167583,988.444,371.5032276580119,0.7534222222222222,0.10230473081922818,500
pud,equalize,319,0.04475319311661963,0.001,1000,90,160,1.7777777777777777,0.7047222222222221,0.16531715321842602,3476228002,0.7614666666666667,0.08695355857508412,964.122,369.89439959223415,0.7375333333333333,0.11028142466993146,500
pud,equalize,320,0.06677888936295587,0.001,1000,90,160,1.7777777777777777,0.6941666666666667,0.16353300989738898,320682312,0.7399333333333333,0.09530737579353545,925.282,336.65542655429874,0.6804888888888889,0.11997203134483078,500
pud,equalize,321,0.045747008652155155,0.001,1000,90,160,1.7777777777777777,0.71875,0.16379153059416215,2570152234,0.7328888888888889,0.09999035060696143,940.284,342.31272741559184,0.6833111111111111,0.13103394541656477,500
pud,equalize,322,0.07902706231711586,0.001,1000,90,160,1.7777777777777777,0.69125,0.17046881247264137,1376046097,0.7736444444444444,0.09740034641686211,966.93,371.23608332046365,0.7066444444444445,0.14598733891940097,500
pud,equalize,323,0.0869649519905848,0.001,1000,90,160,1.7777777777777777,0.7076388888888889,0.17074554884774337,1424641864,0.7804222222222222,0.0672075549270587,969.91,357.15907255201085,0.7210444444444445,0.09789008701499077,500
pud,equalize,324,0.018452363068587774,0.001,1000,90,160,1.7777777777777777,0.7226388888888888,0.17100223201100395,675316190,0.7415777777777778,0.09299910200959556,902.802,339.0797619527474,0.6924,0.11989760345842868,500
pud,equalize,325,0.03462286010084579,0.001,1000,90,160,1.7777777777777777,0.7072222222222222,0.1598573076685853,886365448,0.7579111111111112,0.08738361396457511,976.116,350.4568883688982,0.7244444444444444,0.11052170546416679,500
pud,equalize,326,0.0836988708754707,0.001,1000,90,160,1.7777777777777777,0.6836111111111111,0.16746704934323528,2118043286,0.8108666666666666,0.06406401506057038,1050.39,382.3803805254941,0.8041111111111111,0.07146425824381442,500
pud,equalize,327,0.09654802719331496,0.001,1000,90,160,1.7777777777777777,0.6925,0.17618744852142784,395370746,0.7793333333333333,0.09073211385623885,1018.146,370.51101131141314,0.7166222222222223,0.1492130258350424,500
pud,equalize,328,0.04081174553072856,0.001,1000,90,160,1.7777777777777777,0.7041666666666667,0.16461386370958092,2632149503,0.7706444444444444,0.07979370157074715,989.68,368.8776803849378,0.7257777777777779,0.08360018137738505,500
pud,equalize,329,0.07264753460496122,0.001,1000,90,160,1.7777777777777777,0.70625,0.16204490510472078,2540336080,0.788511111111111,0.0796874414496898,984.842,388.33764856705466,0.7534666666666667,0.12941653679511547,500
pud,equalize,330,0.08501163475603675,0.001,1000,90,160,1.7777777777777777,0.6866666666666666,0.16586182320716444,1843019308,0.7396666666666666,0.07723439989588039,936.93,357.2760185162359,0.6521555555555556,0.07079928779570337,500
pud,equalize,331,0.03822255654751616,0.001,1000,90,160,1.7777777777777777,0.7091666666666667,0.1678808464941462,4258941450,0.7744888888888889,0.08416851871860459,968.316,382.2631218580541,0.6967777777777778,0.11571079401787758,500
pud,equalize,332,0.024130592208209956,0.001,1000,90,160,1.7777777777777777,0.7197222222222223,0.17016416126968242,3052876612,0.7777111111111111,0.07410613831369052,977.024,361.588240316344,0.7688222222222222,0.08132506561957484,500
pud,equalize,333,0.05351369981654315,0.001,1000,90,160,1.7777777777777777,0.7045833333333333,0.16700117968806083,2547125374,0.7707333333333334,0.0844704896022691,930.258,363.19910050717147,0.6737111111111111,0.08359903015345801,500
pud,equalize,334,0.02774865645095427,0.001,1000,90,160,1.7777777777777777,0.7243055555555555,0.142422740755547,1204284778,0.7331555555555556,0.09203929512120831,914.478,323.5869257448856,0.6877333333333333,0.11654131383219234,500
pud,equalize,335,0.06795412944517386,0.001,1000,90,160,1.7777777777777777,0.7056944444444445,0.16447112938255654,2456260863,0.7699777777777778,0.08221222865600555,957.342,332.704658542124,0.7258888888888889,0.09428949789817265,500
pud,equalize,336,0.026266921123489065,0.001,1000,90,160,1.7777777777777777,0.7143055555555555,0.1613269253297633,1264259698,0.735488888888889,0.0879630333571345,914.024,332.78893668022283,0.6991555555555555,0.10602371540979916,500
pud,equalize,337,0.09714788835173042,0.001,1000,90,160,1.7777777777777777,0.6795833333333333,0.17182503110851044,2133682687,0.7903777777777777,0.07449081132475462,1007.056,357.473943252104,0.7634,0.09218153215118248,500
pud,equalize,338,0.08860511554310417,0.001,1000,90,160,1.7777777777777777,0.7018055555555556,0.16398432117386366,828927787,0.7757777777777778,0.08907767749677477,990.142,343.2779301245876,0.7243111111111111,0.12199258604015327,500
pud,equalize,339,0.04172543594592312,0.001,1000,90,160,1.7777777777777777,0.7126388888888889,0.16758063376570428,3299917986,0.7538666666666667,0.08713824960457968,949.408,358.43217039986115,0.7254444444444444,0.10823367230707015,500
pud,equalize,340,0.0051574553396095185,0.001,1000,90,160,1.7777777777777777,0.7245833333333334,0.16390694750343873,3048806035,0.725111111111111,0.09863388094425475,906.624,328.07243356816,0.6879333333333333,0.11869810741384845,500
pud,equalize,341,0.08414489888167771,0.001,1000,90,160,1.7777777777777777,0.7204166666666667,0.1735252379557773,3518162126,0.7487999999999999,0.09567086919821696,877.984,346.41338919913693,0.6150444444444445,0.08534800899466129,500
pud,equalize,342,0.014852448508562523,0.001,1000,90,160,1.7777777777777777,0.7233333333333333,0.1569779421899305,2178962323,0.7454444444444445,0.0902546901947756,905.418,359.8434853431249,0.706,0.10958899529990869,500
pud,equalize,343,0.017142395398182898,0.001,1000,90,160,1.7777777777777777,0.7175,0.16346922300138675,28579940,0.7244666666666667,0.09797751658116295,875.094,330.3497162615221,0.6860888888888889,0.12213438676997634,500
pud,equalize,344,0.035140226320397906,0.001,1000,90,160,1.7777777777777777,0.7147222222222223,0.17136957813428402,1788953209,0.7649555555555555,0.08554605840170539,975.368,371.5112782079048,0.7253555555555556,0.11123266341691926,500
pud,equalize,345,0.08422741269863411,0.001,1000,90,160,1.7777777777777777,0.6845833333333333,0.16111280381515847,4086908033,0.7706666666666666,0.08355933134350316,1021.522,370.15124124984055,0.6681111111111111,0.1164988030097272,500
pud,equalize,346,0.07354100032713717,0.001,1000,90,160,1.7777777777777777,0.6895833333333333,0.17394725281980183,3937737302,0.7357777777777779,0.087398154262915,928.01,334.5331414755358,0.6833333333333333,0.10575956799186711,500
pud,equalize,347,0.026988654538871573,0.001,1000,90,160,1.7777777777777777,0.7168055555555556,0.1652852516516087,545998963,0.7375777777777778,0.0902123118747414,927.62,347.3321159892865,0.6986,0.11450296294731456,500
pud,equalize,348,0.023575694791362636,0.001,1000,90,160,1.7777777777777777,0.7175,0.16224798739272422,1123679684,0.7315777777777778,0.08819103427747291,896.792,332.3481296691607,0.6896666666666667,0.11142079976979817,500
pud,equalize,349,0.002075073549617079,0.001,1000,90,160,1.7777777777777777,0.7245833333333334,0.16390694750343873,2294755645,0.7297555555555556,0.09335946395456628,878.616,322.6859665526533,0.6928666666666666,0.11131901946704252,500
pud,equalize,350,0.07823966338557767,0.001,1000,90,160,1.7777777777777777,0.7094444444444444,0.16636625017614454,3544286971,0.7934666666666667,0.0656063682244111,995.874,385.1604227155912,0.7808222222222222,0.08445209390050798,500
pud,equalize,351,0.01084698799783358,0.001,1000,90,160,1.7777777777777777,0.7204166666666667,0.16680377290026413,1774756150,0.7254222222222222,0.09774736880634077,882.8,333.2220789620875,0.6793111111111111,0.12316038192292274,500
pud,equalize,352,0.041538599840188296,0.001,1000,90,160,1.7777777777777777,0.7052777777777778,0.16370525846780326,2722422922,0.7380444444444445,0.09496609183639618,940.67,348.8353843157277,0.6577555555555555,0.1297059060294969,500
pud,equalize,353,0.09760769512999293,0.001,1000,90,160,1.7777777777777777,0.6886111111111112,0.1734177393243641,4108784518,0.776511111111111,0.08145322445469332,1012.232,390.13077579247835,0.6484888888888889,0.08523112105701325,500
pud,equalize,354,0.03743625845780805,0.001,1000,90,160,1.7777777777777777,0.7216666666666667,0.1643055683789258,643297664,0.7442444444444444,0.0878767216996644,936.616,347.46065440091684,0.7066,0.10891004252421572,500
pud,equalize,355,0.021228480713684772,0.001,1000,90,160,1.7777777777777777,0.7119444444444445,0.16489041044381603,1369368609,0.7742444444444444,0.06858452310413266,987.336,374.88201364203184,0.7424666666666667,0.0661659328972784,500
pud,equalize,356,0.06847145287080564,0.001,1000,90,160,1.7777777777777777,0.6966666666666667,0.16480016080506277,3683887113,0.7613333333333334,0.09070838758743861,980.022,373.05191190228203,0.7362444444444444,0.11135875097800786,500
pud,equalize,357,0.02668820440415264,0.001,1000,90,160,1.7777777777777777,0.7077777777777778,0.16436202310092918,3592001036,0.745511111111111,0.08680391532629826,921.036,352.92943923986314,0.7063111111111111,0.10886244731421779,500
pud,equalize,358,0.004275925505511147,0.001,1000,90,160,1.7777777777777777,0.7245833333333334,0.16390694750343873,4230743719,0.73,0.09552572380287437,897.546,337.40178988801955,0.6900222222222222,0.11571597680595609,500
pud,equalize,359,0.08474515980370728,0.001,1000,90,160,1.7777777777777777,0.6948611111111112,0.16285854577521244,2155594198,0.7457111111111111,0.08408957240019102,924.682,336.27200686527925,0.6512888888888889,0.10095448876989453,500
pud,equalize,360,0.08964761554433265,0.001,1000,90,160,1.7777777777777777,0.7076388888888889,0.17160099761409356,3060115725,0.7741777777777779,0.08510586052954537,932.102,363.49908220176155,0.7234666666666667,0.11130436100327251,500
pud,equalize,361,0.07625404586832393,0.001,1000,90,160,1.7777777777777777,0.7005555555555555,0.1706511743675253,687133936,0.7934,0.0683824736007838,1009.838,380.2668662072335,0.763511111111111,0.08025552353957356,500
pud,equalize,362,0.052173828163873094,0.001,1000,90,160,1.7777777777777777,0.7075,0.16655752853448072,1168843034,0.7404,0.09640838813481761,912.752,351.32143686373587,0.6944222222222222,0.12147501195677775,500
pud,equalize,363,0.07034389473114021,0.001,1000,90,160,1.7777777777777777,0.7072222222222222,0.16639382169494413,4017812151,0.7448222222222222,0.09392126167403847,923.476,360.86075762930165,0.5757555555555556,0.0779484687432067,500
pud,equalize,364,0.06534791649360291,0.001,1000,90,160,1.7777777777777777,0.7052777777777778,0.1665902463737481,1765466353,0.7659333333333332,0.07721881725583708,994.412,381.2157356802845,0.7006888888888889,0.08519530175923234,500
pud,equalize,365,0.05491114692232531,0.001,1000,90,160,1.7777777777777777,0.6969444444444445,0.16494656137604194,1980464546,0.7634666666666667,0.09649915999355968,1004.828,405.1853115419893,0.6868222222222222,0.1440522758088679,500
pud,equalize,366,0.0013852395750204027,0.001,1000,90,160,1.7777777777777777,0.7245833333333334,0.16390694750343873,2871192629,0.725,0.09347942410706593,887.88,331.2661711559219,0.6914222222222223,0.1120887826582259,500
pud,equalize,367,0.08956255182591999,0.001,1000,90,160,1.7777777777777777,0.6745833333333333,0.16443074461149293,3141563465,0.774888888888889,0.07742580281781221,1003.648,340.43852436783294,0.7190666666666667,0.11572011816571352,500
pud,equalize,368,0.019937089044323876,0.001,1000,90,160,1.7777777777777777,0.7147222222222223,0.16401414488058794,1021662246,0.7261333333333333,0.09126208497284688,893.718,335.1177558658945,0.6889333333333333,0.1106313311062959,500
pud,equalize,369,0.018677110252034824,0.001,1000,90,160,1.7777777777777777,0.7181944444444445,0.16779898328874937,2141899379,0.7320888888888889,0.09118842541388611,881.54,341.70080960772253,0.6650666666666667,0.11148415666569554,500
pud,equalize,370,0.013021385258141572,0.001,1000,90,160,1.7777777777777777,0.7223611111111111,0.1679810215775128,1864537338,0.7219111111111112,0.09473589619023787,906.76,328.5940878182353,0.6857777777777778,0.11822139516840202,500
pud,equalize,371,0.09387168036438064,0.001,1000,90,160,1.7777777777777777,0.6888888888888889,0.16737949023570142,2285163371,0.7710222222222223,0.09362939333865358,986.804,361.7668864673612,0.6927333333333333,0.13623098479871812,500
pud,equalize,372,0.09309311643203436,0.001,1000,90,160,1.7777777777777777,0.6838888888888889,0.17173718113862593,306856375,0.7760888888888888,0.08037993356112229,969.404,370.088491806399,0.7466444444444444,0.11034404339211304,500
pud,equalize,373,0.022574730230532105,0.001,1000,90,160,1.7777777777777777,0.71625,0.16802390933926883,2581883294,0.756511111111111,0.08085998037310109,935.524,344.05543406174365,0.7262000000000001,0.10592309998259844,500
pud,equalize,374,0.03090514482829553,0.001,1000,90,160,1.7777777777777777,0.7180555555555556,0.16776476066915588,2993227665,0.7667777777777778,0.0839164634297585,938.558,357.9965106523785,0.7377555555555556,0.10746385057582572,500
pud,equalize,375,0.043420104007617505,0.001,1000,90,160,1.7777777777777777,0.69875,0.16853495663136187,2986770833,0.7435333333333333,0.09738869927832429,908.55,331.45725414093033,0.6005111111111111,0.08093741524884801,500
pud,equalize,376,0.007653215630011468,0.001,1000,90,160,1.7777777777777777,0.7209722222222222,0.16776497219479675,4140414916,0.7191777777777778,0.08993134822492398,893.638,319.0057433410394,0.6885333333333333,0.10740822538764128,500
pud,equalize,377,0.06211399993604999,0.001,1000,90,160,1.7777777777777777,0.6984722222222222,0.1730835903384923,3980512224,0.7421555555555556,0.0926980825637581,924.508,350.7486838384841,0.6900888888888889,0.1117285981551329,500
pud,equalize,378,0.08995769873982185,0.001,1000,90,160,1.7777777777777777,0.7108333333333333,0.17438220931942983,1479399471,0.749488888888889,0.08341818881687622,924.988,364.8288036434841,0.6574,0.09222371381451978,500
pud,equalize,379,0.03888552565343272,0.001,1000,90,160,1.7777777777777777,0.7194444444444444,0.16799873106546653,2639043348,0.7256444444444444,0.09059617371284236,921.048,357.44010484710054,0.6615777777777778,0.1073697856136124,500
pud,equalize,380,0.07808313177277848,0.001,1000,90,160,1.7777777777777777,0.7004166666666667,0.1691071735003034,3442941342,0.7489555555555555,0.09981623184897312,963.192,349.9249663859389,0.6525777777777778,0.14274481614209755,500
pud,equalize,381,0.0502419344320461,0.001,1000,90,160,1.7777777777777777,0.7141666666666667,0.1604028548309594,1419636526,0.7636222222222223,0.08209909416837233,953.424,363.87167162451885,0.7180222222222222,0.10343748925763528,500
pud,equalize,382,0.04668936121979287,0.001,1000,90,160,1.7777777777777777,0.7172222222222222,0.16580098969116858,2726089996,0.7450888888888888,0.09302516960034604,927.086,345.0147721329913,0.6228888888888889,0.06809535710326917,500
pud,equalize,383,0.023757737938410406,0.001,1000,90,160,1.7777777777777777,0.7088888888888889,0.16253540422670315,1984947544,0.7363777777777777,0.09357163066636823,893.532,318.5864901080377,0.6778666666666667,0.11640470425233056,500
pud,equalize,384,0.07311625919766285,0.001,1000,90,160,1.7777777777777777,0.7177777777777777,0.16492103622667906,3040045033,0.7434444444444445,0.09980925175771953,945.212,373.7337942358276,0.6822,0.1278987819295413,500
pud,equalize,385,0.08014166945095338,0.001,1000,90,160,1.7777777777777777,0.6968055555555556,0.17372501469723692,555665847,0.7392444444444444,0.07870976430662388,960.56,348.4470592589531,0.7138888888888889,0.10002319184791353,500
pud,equalize,386,0.0801308829872352,0.001,1000,90,160,1.7777777777777777,0.7009722222222222,0.16117495467495468,2495697098,0.771511111111111,0.0824861591506197,928.88,359.7908677788727,0.7386,0.09933929287414925,500
pud,equalize,387,0.020646448148479303,0.001,1000,90,160,1.7777777777777777,0.7186111111111111,0.17406925571339057,2969251848,0.7352222222222222,0.08716678236431205,920.09,346.38694220113865,0.7044888888888889,0.10484961467841086,500
pud,equalize,388,0.05098086088078773,0.001,1000,90,160,1.7777777777777777,0.7029166666666667,0.16600816757679504,950445987,0.7562888888888889,0.08977351778178105,976.808,356.9943487873894,0.7272000000000001,0.10645516402271933,500
pud,equalize,389,0.07875574341557857,0.001,1000,90,160,1.7777777777777777,0.6918055555555556,0.16356892611140977,776356534,0.7571777777777778,0.0909093763504579,912.386,341.2326426895202,0.7040222222222222,0.12307196161782978,500
pud,equalize,390,0.021406512952854218,0.001,1000,90,160,1.7777777777777777,0.7193055555555555,0.16431194114527448,3397008040,0.7329777777777777,0.09666945381004896,912.25,325.27553219338125,0.6489111111111111,0.10806581394683368,500
pud,equalize,391,0.0956202426232301,0.001,1000,90,160,1.7777777777777777,0.6802777777777778,0.17014268564062165,3119294755,0.7799333333333333,0.07400457624517374,992.174,378.7715981579695,0.757511111111111,0.09129523948496088,500
pud,equalize,392,0.08210644528940436,0.001,1000,90,160,1.7777777777777777,0.6763888888888889,0.16840312221891168,571320202,0.7730444444444445,0.07859616834375321,952.844,353.17930134961716,0.6340444444444445,0.07413446065269257,500
pud,equalize,393,0.07963634440720069,0.001,1000,90,160,1.7777777777777777,0.7120833333333334,0.17326151596203104,4063977146,0.7559555555555555,0.09541993244213412,933.596,352.8008527021084,0.7198444444444444,0.12413146339010793,500
pud,equalize,394,0.07495673384010462,0.001,1000,90,160,1.7777777777777777,0.7141666666666667,0.16396021227699714,3284149828,0.7719333333333332,0.09658902432461307,959.604,360.1258619662212,0.7099555555555556,0.14275738491171627,500
pud,equalize,395,0.028227987003976066,0.001,1000,90,160,1.7777777777777777,0.7206944444444444,0.17287722873107353,3852439688,0.7358666666666667,0.08722843470947972,915.72,351.12161194199587,0.7059555555555556,0.10108928488785075,500
pud,equalize,396,0.029072979775555376,0.001,1000,90,160,1.7777777777777777,0.7204166666666667,0.16630985651393287,1559555436,0.7433555555555555,0.09552209519129351,934.454,353.7555793253409,0.7058888888888889,0.11724396195205997,500
pud,equalize,397,0.030016750874753518,0.001,1000,90,160,1.7777777777777777,0.7118055555555556,0.161993519275511,3994953107,0.7621111111111111,0.09117651659585732,929.24,373.43866869749473,0.7247111111111111,0.12256980999243428,500
pud,equalize,398,0.020859165098074006,0.001,1000,90,160,1.7777777777777777,0.7283333333333333,0.16397989924305711,1597858404,0.7485555555555555,0.09178987758708713,947.634,351.60345564861575,0.7105555555555555,0.11683937127453571,500
pud,equalize,399,0.08190776269776208,0.001,1000,90,160,1.7777777777777777,0.6786111111111112,0.16724959509983664,3891763615,0.7905555555555556,0.08069527345526349,986.916,363.1897721097476,0.7624444444444445,0.10845614481087593,500
pud,equalize,400,0.07120999274136203,0.001,1000,90,160,1.7777777777777777,0.71125,0.16406118151196936,4173344980,0.7502666666666666,0.0902324314457046,897.552,350.0704299249161,0.7131555555555555,0.12244476005812532,500
pud,equalize,401,0.05905010035648026,0.001,1000,90,160,1.7777777777777777,0.6909722222222222,0.17166168979894472,774508615,0.7308666666666667,0.10438131806553079,898.33,334.11571606772236,0.5524666666666667,0.08746685672589251,500
pud,equalize,402,0.0843464555901963,0.001,1000,90,160,1.7777777777777777,0.7077777777777778,0.16927066497554027,4107993732,0.7792222222222221,0.0870020032740085,952.416,363.9437553498015,0.6586888888888889,0.06933935580098914,500
pud,equalize,403,0.04713663610070476,0.001,1000,90,160,1.7777777777777777,0.7194444444444444,0.17231824068655524,1688044170,0.7672666666666667,0.08986816121386049,975.426,395.4115997165243,0.7356444444444444,0.11919425673232849,500
pud,equalize,404,0.02605887546300292,0.001,1000,90,160,1.7777777777777777,0.7120833333333334,0.16732398993621905,4181666290,0.7342888888888889,0.10201136850997163,914.064,365.2895739679677,0.6858888888888889,0.13346923045542788,500
pud,equalize,405,0.08570333569844699,0.001,1000,90,160,1.7777777777777777,0.7188888888888889,0.17171176640802197,441834233,0.7833333333333333,0.08327133446671779,987.41,378.1803520244206,0.6933333333333334,0.07178799976572645,500
pud,equalize,406,0.07962761839803946,0.001,1000,90,160,1.7777777777777777,0.7047222222222221,0.1572010631038537,697664521,0.7888,0.09223812682604217,1024.07,368.0236567448454,0.6868222222222222,0.1568036121083689,500
pud,equalize,407,0.006975010927108927,0.001,1000,90,160,1.7777777777777777,0.7266666666666667,0.16166150505331792,123267176,0.7321333333333333,0.09038236563683369,916.758,355.37048808758345,0.6942888888888888,0.1100223904303205,500
pud,equalize,408,0.019371403075545815,0.001,1000,90,160,1.7777777777777777,0.7175,0.1671091244401358,3052311072,0.7604222222222222,0.08774463633393044,940.554,372.6728178205176,0.7258444444444444,0.1144000666272349,500
pud,equalize,409,0.09720237729382775,0.001,1000,90,160,1.7777777777777777,0.6851388888888889,0.16586238864016642,2656033348,0.7599111111111112,0.08138738586899866,945.406,373.43054764149076,0.6319111111111112,0.056440969320943016,500
pud,equalize,410,0.05559858102069161,0.001,1000,90,160,1.7777777777777777,0.6990277777777778,0.1671416690702614,454872824,0.7505777777777778,0.08404711455224831,920.726,322.98095969367796,0.7045333333333333,0.11151426304165508,500
pud,equalize,411,0.029980250001507527,0.001,1000,90,160,1.7777777777777777,0.7202777777777778,0.17050043339410487,170124987,0.7226,0.10322782603009342,907.822,340.1631200063064,0.6642666666666667,0.1381045965431027,500
pud,equalize,412,0.07851227475245423,0.001,1000,90,160,1.7777777777777777,0.7077777777777778,0.1643542916425454,698612742,0.7968444444444445,0.07870533841588012,1001.21,388.0356649259304,0.7620444444444445,0.12581555320326396,500
pud,equalize,413,0.04642532542493064,0.001,1000,90,160,1.7777777777777777,0.7122222222222222,0.16709929554958794,2647382599,0.7552222222222221,0.09494321256630206,949.032,342.84347780955835,0.7163777777777778,0.1166729351201658,500
pud,equalize,414,0.030083065952493982,0.001,1000,90,160,1.7777777777777777,0.7181944444444445,0.15695359632005124,2335433455,0.7221555555555556,0.09376645323512404,886.836,318.5648509055338,0.6811111111111111,0.11814414727722168,500
pud,equalize,415,0.09224334107462935,0.001,1000,90,160,1.7777777777777777,0.7081944444444445,0.16269058299674055,3554167579,0.7482000000000001,0.09044490619122252,917.354,346.0557496238075,0.6972,0.1184131954267929,500
pud,equalize,416,0.08824954089179196,0.001,1000,90,160,1.7777777777777777,0.6872222222222223,0.16312027635565648,3601711790,0.7495777777777778,0.08750068019372782,940.936,361.01955368134924,0.6932,0.11381776567117968,500
pud,equalize,417,0.005944365547882802,0.001,1000,90,160,1.7777777777777777,0.7245833333333334,0.16390694750343873,3573472829,0.7229555555555556,0.0986095745361858,898.2,330.9447580272747,0.6865333333333333,0.1147559906102279,500
pud,equalize,418,0.0007079204358131475,0.001,1000,90,160,1.7777777777777777,0.7245833333333334,0.16390694750343873,2041815707,0.7352888888888889,0.09169274137763796,929.494,369.1094003990224,0.7011333333333333,0.11302493174657785,500
pud,equalize,419,0.08471392006428986,0.001,1000,90,160,1.7777777777777777,0.69625,0.16606964943222252,2419309556,0.7565333333333333,0.08658236597955146,954.274,364.8790379683346,0.6871777777777778,0.09831850595275088,500
pud,equalize,420,0.03658228002151539,0.001,1000,90,160,1.7777777777777777,0.7154166666666667,0.16747339667747305,1261849278,0.7471555555555556,0.09069942998917477,929.058,339.01158733691886,0.711,0.10944978211905271,500
pud,equalize,421,0.04352936503145332,0.001,1000,90,160,1.7777777777777777,0.7083333333333334,0.17222984422984425,3555358011,0.7447333333333334,0.09143895862247256,914.696,333.39716093247654,0.6953777777777778,0.11426981118123901,500
pud,equalize,422,0.09948756093822075,0.001,1000,90,160,1.7777777777777777,0.6861111111111111,0.17089119829705468,3074189291,0.8128222222222222,0.06704993001207615,998.166,381.639095537243,0.7990444444444444,0.0848085150660869,500
pud,equalize,423,0.09011652569278115,0.001,1000,90,160,1.7777777777777777,0.6761111111111111,0.17638168678777552,3576276890,0.751488888888889,0.10041604489715548,969.78,355.3870502860535,0.6781555555555555,0.1428386687025831,500
pud,equalize,424,0.0003353179430691134,0.001,1000,90,160,1.7777777777777777,0.7245833333333334,0.16390694750343873,1085671479,0.7228,0.0956339852022215,879.34,325.95017938157,0.6846888888888889,0.11691748970448179,500
pud,equalize,425,0.08339727812649618,0.001,1000,90,160,1.7777777777777777,0.6951388888888889,0.16305070899782403,4175447810,0.7583333333333334,0.08618658747542798,988.908,357.6411244302975,0.7073333333333334,0.11374326081024383,500
pud,equalize,426,0.013673700138889355,0.001,1000,90,160,1.7777777777777777,0.7119444444444445,0.16483398558347243,300517901,0.7427111111111111,0.08867686804877749,921.8,336.8547494759262,0.7099555555555556,0.10842967072328108,500
pud,equalize,427,0.09667575005631307,0.001,1000,90,160,1.7777777777777777,0.6786111111111112,0.16725600791414472,1794648393,0.7874,0.062053764869915734,1003.944,378.04164298614415,0.7453777777777777,0.0817412255061822,500
pud,equalize,428,0.032633542345468315,0.001,1000,90,160,1.7777777777777777,0.715,0.16714550971903913,2385884905,0.7425333333333333,0.0960786457176784,931.442,342.3914871853476,0.5883777777777778,0.08466053928832852,500
pud,equalize,429,0.01457973987954272,0.001,1000,90,160,1.7777777777777777,0.7240277777777777,0.16282342380510595,3483743438,0.7295555555555555,0.09308217630704108,925.482,349.401993672567,0.6892888888888888,0.11464795243419186,500
pud,equalize,430,0.022240927786625855,0.001,1000,90,160,1.7777777777777777,0.7191666666666666,0.15729897638067572,3914199917,0.7398222222222222,0.09468085987542463,910.234,335.32580281282264,0.6987555555555556,0.11847740510086266,500
pud,equalize,431,0.026307289271817514,0.001,1000,90,160,1.7777777777777777,0.7230555555555556,0.15079018199245237,1056908069,0.7337111111111111,0.09144675076966484,893.88,348.02072128666373,0.6745333333333333,0.11384454279974364,500
pud,equalize,432,0.07864103886577513,0.001,1000,90,160,1.7777777777777777,0.6988888888888889,0.16948365024245313,3655761692,0.7702,0.0802906069112576,926.65,371.14764265086023,0.6522444444444444,0.07420892164396348,500
pud,equalize,433,0.04325736601807284,0.001,1000,90,160,1.7777777777777777,0.7168055555555556,0.16405944364277697,3660043112,0.757488888888889,0.08375254462132786,933.378,349.7850400810891,0.7080666666666667,0.10461701373381839,500
pud,equalize,434,0.01270187412934003,0.001,1000,90,160,1.7777777777777777,0.7179166666666666,0.17432482721956405,3558206086,0.7272888888888889,0.09775939585517233,913.852,360.49478091941967,0.6863555555555556,0.11982529321117606,500
pud,equalize,435,0.08055993471786227,0.001,1000,90,160,1.7777777777777777,0.70375,0.15988195259456292,2265400505,0.7738444444444444,0.07654547845821232,996.654,405.3978899579581,0.7702888888888889,0.08665910420390685,500
pud,equalize,436,0.05007918593642694,0.001,1000,90,160,1.7777777777777777,0.7180555555555556,0.16421150730361259,2961004762,0.7583555555555556,0.07191926936379099,955.46,372.2266968228574,0.7455555555555555,0.07711971509587215,500
pud,equalize,437,0.06453086972933951,0.001,1000,90,160,1.7777777777777777,0.7129166666666666,0.16070614667983088,3031030786,0.7385333333333333,0.08573289563867334,946.822,362.1603215608055,0.7078888888888889,0.10249485634088117,500
pud,equalize,438,0.07589937466061213,0.001,1000,90,160,1.7777777777777777,0.7116666666666667,0.1634844289092655,4097600067,0.7947111111111111,0.08493300523887021,981.672,388.24530550993285,0.7350444444444445,0.12337079196291714,500
pud,equalize,439,0.025119303110731496,0.001,1000,90,160,1.7777777777777777,0.7234722222222222,0.1609457045020608,2036048379,0.7300888888888889,0.09058634196692579,926.24,344.0546549768255,0.6906444444444444,0.11008040982765074,500
pud,equalize,440,0.06166252316901192,0.001,1000,90,160,1.7777777777777777,0.7052777777777778,0.1660210958091075,1343423944,0.7623555555555555,0.08729750030195477,927.246,358.3823730803028,0.6375777777777778,0.07471965798333258,500
pud,equalize,441,0.06141045310547997,0.001,1000,90,160,1.7777777777777777,0.6952777777777778,0.16856891758689144,2982501670,0.7736222222222222,0.0739525385359544,998.264,377.4534945992292,0.7413777777777777,0.08855413474633726,500
pud,equalize,442,0.09640662858035312,0.001,1000,90,160,1.7777777777777777,0.6901388888888889,0.1691474030689717,3141338651,0.7661111111111111,0.07853553008755182,949.172,339.4396337287263,0.7460444444444445,0.09123169540769839,500
pud,equalize,443,0.03865004576201395,0.001,1000,90,160,1.7777777777777777,0.72,0.16483448731255748,1860766299,0.7433333333333334,0.08872033674338296,934.906,347.4424869348233,0.7029555555555556,0.11020294857023703,500
pud,equalize,444,0.08791089661029819,0.001,1000,90,160,1.7777777777777777,0.7154166666666667,0.16708173273940927,2590106641,0.7522888888888889,0.08633291049319763,970.2,380.23546654677045,0.660511111111111,0.1575276131672349,500
pud,equalize,445,0.05023688217250857,0.001,1000,90,160,1.7777777777777777,0.7108333333333333,0.16840871225959028,259128516,0.7677111111111111,0.08923416297615212,954.526,367.18398860377044,0.6225333333333333,0.09905614591005578,500
pud,equalize,446,0.08918309871095698,0.001,1000,90,160,1.7777777777777777,0.6895833333333333,0.16536014667839918,4022280684,0.7991333333333334,0.07702495030761396,985.048,379.2595170309074,0.7230666666666667,0.13069185596761446,500
pud,equalize,447,0.0894951148007004,0.001,1000,90,160,1.7777777777777777,0.6819444444444445,0.165850957684291,2846200222,0.7826000000000001,0.09685525361026505,990.734,383.2862375873255,0.5938888888888889,0.09198266418140272,500
pud,equalize,448,0.09759549923865304,0.001,1000,90,160,1.7777777777777777,0.66875,0.16773553254663243,3442893365,0.7603333333333334,0.08466727213324038,948.994,348.7168088715815,0.7131111111111111,0.11756138138787194,500
pud,equalize,449,0.05216297212646982,0.001,1000,90,160,1.7777777777777777,0.7101388888888889,0.1679468481703425,2959879497,0.7927555555555555,0.08389065915102224,997.284,378.83913409657947,0.7474666666666667,0.11834711126240047,500
pud,equalize,450,0.07630054862966948,0.001,1000,90,160,1.7777777777777777,0.7031944444444445,0.16241442298309586,3075894948,0.7550888888888888,0.09198584876486657,965.936,346.4636344611192,0.7268666666666667,0.11825575111809788,500
pud,equalize,451,0.0031545050030269196,0.001,1000,90,160,1.7777777777777777,0.7245833333333334,0.16390694750343873,1670974347,0.7358666666666667,0.08838927729667063,900.772,327.266807272422,0.6988444444444444,0.10750159390239737,500
pud,equalize,452,0.04093096608868081,0.001,1000,90,160,1.7777777777777777,0.7138888888888889,0.16816196925932048,1887633060,0.7249555555555556,0.09172812187982912,895.918,336.65156442181484,0.6713111111111111,0.1085380517222615,500
pud,equalize,453,0.06500531425025351,0.001,1000,90,160,1.7777777777777777,0.7058333333333333,0.1649788190805927,2744272860,0.7668444444444444,0.1017084471850951,965.2,369.3473960893675,0.7104,0.14580907550260297,500
pud,equalize,454,0.031577189447097656,0.001,1000,90,160,1.7777777777777777,0.7169444444444445,0.16122386142122985,585006680,0.7437999999999999,0.09293203748643572,927.504,372.7745857318268,0.5787333333333333,0.08268141348559334,500
pud,equalize,455,0.037518747849655136,0.001,1000,90,160,1.7777777777777777,0.7268055555555555,0.1661742356656191,66964765,0.7514,0.10142489378790683,911.386,344.95632003118726,0.7099333333333333,0.13484574390960827,500
pud,equalize,456,0.062432335014599855,0.001,1000,90,160,1.7777777777777777,0.6970833333333333,0.1610842730740637,2228997326,0.7934444444444445,0.08142656361336752,1027.62,412.04647334055016,0.6845777777777777,0.07874785188656613,500
pud,equalize,457,0.03157019101455255,0.001,1000,90,160,1.7777777777777777,0.7144444444444444,0.16892059045567817,2750201065,0.781511111111111,0.08251704711391701,989.95,391.1950237326472,0.7374444444444445,0.11826298135657608,500
pud,equalize,458,0.03546768685463303,0.001,1000,90,160,1.7777777777777777,0.7065277777777778,0.16448633661628156,1781506803,0.7292888888888889,0.09115046589101042,912.652,318.28795978907743,0.6950666666666667,0.10800539520095018,500
pud,equalize,459,0.004335442777687615,0.001,1000,90,160,1.7777777777777777,0.7245833333333334,0.16390694750343873,4086951089,0.729,0.09730903971127336,926.69,349.0274749307181,0.6918222222222222,0.12182294653545558,500
pud,equalize,460,0.05722775855872419,0.001,1000,90,160,1.7777777777777777,0.6847222222222222,0.16733490208653606,1751516841,0.7518444444444444,0.08274410852731216,912.372,341.87268900421674,0.6030444444444445,0.07406686634568406,500
pud,equalize,461,0.06149282336606219,0.001,1000,90,160,1.7777777777777777,0.7045833333333333,0.15535871747473054,1865851559,0.7816666666666666,0.07616216531141906,954.216,366.5075236250239,0.7460888888888888,0.10533065377235837,500
pud,equalize,462,0.08978855207687048,0.001,1000,90,160,1.7777777777777777,0.69875,0.16319387116828127,1269277051,0.7448666666666667,0.08995997691610058,921.082,329.63582759413043,0.6602,0.10397436104763334,500
pud,equalize,463,0.0886065906119829,0.001,1000,90,160,1.7777777777777777,0.6975,0.17440815844324617,1776996747,0.7489333333333332,0.08744710240959805,968.628,376.37322863144914,0.6669111111111111,0.13372128485512638,500
pud,equalize,464,0.0029406493930093426,0.001,1000,90,160,1.7777777777777777,0.7245833333333334,0.16390694750343873,2356283702,0.7250888888888889,0.09877865454304802,919.444,343.640265580529,0.6856,0.11840060006414298,500
pud,equalize,465,0.05770868301774604,0.001,1000,90,160,1.7777777777777777,0.6929166666666666,0.16966631236685814,1104903871,0.7496,0.08641965610227373,977.422,348.12757652198457,0.7054,0.11272366041610599,500
pud,equalize,466,0.024619581775556176,0.001,1000,90,160,1.7777777777777777,0.7175,0.16590269866585655,925295648,0.7414222222222222,0.08734039778494368,943.346,348.704844274985,0.6953111111111111,0.11387125931404243,500
pud,equalize,467,0.08783431241736471,0.001,1000,90,160,1.7777777777777777,0.7029166666666667,0.16808461509441902,3530789986,0.8110444444444445,0.06751296501661821,1008.956,392.7034071611706,0.8012222222222222,0.09489942407764877,500
pud,equalize,468,0.09794285481150106,0.001,1000,90,160,1.7777777777777777,0.6587500000000001,0.15692852835760587,3030253515,0.7508666666666667,0.08786985184750638,981.966,356.03126459165566,0.7164444444444444,0.10638675884599087,500
pud,equalize,469,0.0964919430333872,0.001,1000,90,160,1.7777777777777777,0.6933333333333334,0.17068837092478079,1517491827,0.7588222222222222,0.09475962445670275,908.426,332.0282307515915,0.6130444444444445,0.0874859533210986,500
pud,equalize,470,0.05326825163015031,0.001,1000,90,160,1.7777777777777777,0.7075,0.1656298777745432,3742157169,0.7612888888888889,0.10026421958351822,940.478,359.65508626760214,0.6001555555555556,0.07110043270413868,500
pud,equalize,471,0.014784328986686725,0.001,1000,90,160,1.7777777777777777,0.7155555555555556,0.15965923858467718,2533647463,0.7254444444444444,0.09536235147906132,911.136,339.04431509641677,0.6854222222222223,0.11630408609062957,500
pud,equalize,472,0.04428875334805952,0.001,1000,90,160,1.7777777777777777,0.7138888888888889,0.16430781358559135,2600899267,0.7768444444444444,0.08716383328593513,977.396,381.44622902221823,0.749511111111111,0.12415730144902865,500
pud,equalize,473,0.05405987562150391,0.001,1000,90,160,1.7777777777777777,0.69125,0.16792784206836495,232840439,0.7585333333333333,0.08018214500402351,954.438,349.53801481899967,0.6062222222222222,0.0865210110374862,500
pud,equalize,474,0.03748221825019476,0.001,1000,90,160,1.7777777777777777,0.7038888888888889,0.1587428580032639,3713625149,0.7462444444444444,0.09809017472254739,945.218,352.9907582740001,0.7077333333333333,0.12373788667313045,500
pud,equalize,475,0.00567021884683796,0.001,1000,90,160,1.7777777777777777,0.7245833333333334,0.16390694750343873,571682043,0.7265333333333333,0.10161214168901211,917.746,331.24902613990776,0.6885333333333333,0.12348940077477749,500
pud,equalize,476,0.054791754472975164,0.001,1000,90,160,1.7777777777777777,0.7190277777777778,0.1648838455317842,2502642167,0.7513333333333334,0.0867645850764239,965.584,359.77793605297865,0.7202888888888889,0.11269178709096553,500
pud,equalize,477,0.06986475517312574,0.001,1000,90,160,1.7777777777777777,0.7093055555555555,0.1624533538636103,1399948161,0.7611777777777778,0.08659215805008158,926.246,370.2773610852607,0.6896222222222222,0.1098760370222497,500
pud,equalize,478,0.0659214796681886,0.001,1000,90,160,1.7777777777777777,0.7011111111111111,0.16603481123088967,3524229150,0.7591555555555556,0.08220758504100506,948.786,342.98025470022105,0.7007333333333333,0.11137446190105577,500
pud,equalize,479,0.05592855011603787,0.001,1000,90,160,1.7777777777777777,0.7006944444444444,0.16391528335566988,2699978603,0.7308888888888889,0.09233977211332864,923.588,327.1348355912507,0.6883555555555556,0.11468624593129761,500
pud,equalize,480,0.011703443262908952,0.001,1000,90,160,1.7777777777777777,0.7230555555555556,0.15852721503865294,982589365,0.7268888888888889,0.09579315197116701,914.924,356.74728235957417,0.6887111111111112,0.11555987179990272,500
pud,equalize,481,0.02118203996245227,0.001,1000,90,160,1.7777777777777777,0.7273611111111111,0.15668181044643031,166661389,0.740511111111111,0.08756295357040125,943.394,349.8634413871196,0.6863111111111111,0.12422608638032123,500
pud,equalize,482,0.010397593598460153,0.001,1000,90,160,1.7777777777777777,0.7245833333333334,0.15668472528121652,84015982,0.7313555555555555,0.09251825443097192,926.262,342.3235958044508,0.6956666666666667,0.11287943783341792,500
pud,equalize,483,0.01849021685435005,0.001,1000,90,160,1.7777777777777777,0.7179166666666666,0.16585129639309207,35517866,0.7287555555555556,0.09595228161623567,901.876,327.23045115074575,0.6832666666666667,0.11765518590138553,500
pud,equalize,484,0.09305981093898943,0.001,1000,90,160,1.7777777777777777,0.7009722222222222,0.16940597447624287,351035740,0.8032888888888889,0.07326878531412781,1023.006,404.39632879823625,0.7572666666666666,0.1642066968290431,500
pud,equalize,485,0.08435662128515184,0.001,1000,90,160,1.7777777777777777,0.6975,0.17038359111715387,3878038117,0.7840888888888888,0.09284330223492405,1044.808,376.3132291440971,0.7598444444444444,0.12287985461591042,500
pud,equalize,486,0.024388158853744082,0.001,1000,90,160,1.7777777777777777,0.7279166666666667,0.16907704868231185,713029030,0.7287333333333333,0.09679454171016758,880.612,328.8227032861217,0.6890444444444445,0.11637168548581762,500
pud,equalize,487,0.04059580170832634,0.001,1000,90,160,1.7777777777777777,0.7077777777777778,0.16296964745494158,898456489,0.7645333333333333,0.08656727710829439,953.202,354.96748164028224,0.6746222222222222,0.12162225163321394,500
pud,equalize,488,0.015053165618312282,0.001,1000,90,160,1.7777777777777777,0.7231944444444445,0.16545303705391426,1417584227,0.7317333333333333,0.09245201054970195,906.98,318.16558311129927,0.6950222222222222,0.112610291319122,500
pud,equalize,489,0.0002522970925739943,0.001,1000,90,160,1.7777777777777777,0.7245833333333334,0.16390694750343873,1228008391,0.7228666666666667,0.09238466403355852,871.732,308.93872928609306,0.6819777777777778,0.11549528899635185,500
pud,equalize,490,0.05005721824112496,0.001,1000,90,160,1.7777777777777777,0.6918055555555556,0.1656402476283797,3053598310,0.7493111111111111,0.09405900365007024,940.592,340.61481829904267,0.7062222222222222,0.1201275948976319,500
pud,equalize,491,0.02129815404661415,0.001,1000,90,160,1.7777777777777777,0.7184722222222222,0.1581962977529172,3997501744,0.7394444444444445,0.09463940478246284,921.292,346.0373483149728,0.6046222222222223,0.0788620419034589,500
pud,equalize,492,0.032117140113484634,0.001,1000,90,160,1.7777777777777777,0.7083333333333334,0.16400615905517865,1896395807,0.7283111111111111,0.08883020775135654,889.19,328.19749098092194,0.6896666666666667,0.10538407944748857,500
pud,equalize,493,0.07048236263969196,0.001,1000,90,160,1.7777777777777777,0.7213888888888889,0.16081260419929572,326414936,0.7692,0.09245786561362777,938.41,369.7850021236546,0.7400222222222222,0.11392104677664379,500
pud,equalize,494,0.08538987629235317,0.001,1000,90,160,1.7777777777777777,0.6848611111111111,0.16677716715431057,585083106,0.7953555555555556,0.07852275153874808,1019.382,371.5311438597245,0.7607555555555556,0.09976157032980609,500
pud,equalize,495,0.022860994393008063,0.001,1000,90,160,1.7777777777777777,0.7134722222222223,0.1656245893419096,3185211667,0.7315111111111111,0.09619361007243879,885.704,329.10000000608943,0.6732666666666667,0.1150671619869587,500
pud,equalize,496,0.043785018457213935,0.001,1000,90,160,1.7777777777777777,0.715,0.1606006336524697,2849884691,0.7493777777777777,0.08210808907408339,927.218,364.1044060609897,0.6772,0.09658644490542694,500
pud,equalize,497,0.04778922049907189,0.001,1000,90,160,1.7777777777777777,0.6933333333333334,0.1715072560173447,2318199830,0.7323777777777777,0.0885812171371058,890.798,317.74739023949195,0.6952,0.10323533468689436,500
pud,equalize,498,0.0529839621455716,0.001,1000,90,160,1.7777777777777777,0.7029166666666667,0.16582144379401,2244056610,0.7562000000000001,0.08565325372294331,976.986,349.27089503741996,0.7089111111111112,0.11857934009587388,500
pud,equalize,499,0.0376615344152296,0.001,1000,90,160,1.7777777777777777,0.7148611111111112,0.1619377285145259,3483955229,0.7747999999999999,0.07980791655821073,929.884,364.3721788411224,0.6709333333333333,0.10513460344381158,500
pud,equalize,500,0.0005710141062808427,0.001,1000,90,160,1.7777777777777777,0.7245833333333334,0.16390694750343873,4051890540,0.7300222222222222,0.09515151513002626,896.298,328.0703850564725,0.6909777777777778,0.1208986121936152,500
pud,equalize,501,0.021914871812994965,0.001,1000,90,160,1.7777777777777777,0.7119444444444445,0.1629578448663416,1821174503,0.7367999999999999,0.09030179681506012,904.392,317.47455097540336,0.7095777777777778,0.10676825443397335,500
pud,equalize,502,0.05875794080911461,0.001,1000,90,160,1.7777777777777777,0.7020833333333333,0.1731094862926847,367406457,0.7490222222222223,0.08520698961612735,916.652,325.55136965549536,0.7018,0.11579300706612329,500
pud,equalize,503,0.059457215249955675,0.001,1000,90,160,1.7777777777777777,0.6993055555555555,0.1588633814508701,196889548,0.7412000000000001,0.09087810928884678,893.832,340.37109857549734,0.7108222222222222,0.10093045687068293,500
pud,equalize,504,0.04336448514972829,0.001,1000,90,160,1.7777777777777777,0.7350000000000001,0.15854191669091236,2599103470,0.7471555555555556,0.09144378820860209,927.824,374.45762651080327,0.6289777777777777,0.07427985074717061,500
pud,equalize,505,0.021261313406830698,0.001,1000,90,160,1.7777777777777777,0.7143055555555555,0.16710534051177325,2948656593,0.7464444444444445,0.09396784667487985,951.152,341.53351692383677,0.7096666666666667,0.11541492178789353,500
pud,equalize,506,0.06821571092074533,0.001,1000,90,160,1.7777777777777777,0.7027777777777777,0.16973720736448636,3452418321,0.7442888888888889,0.0891042009302574,958.886,372.4236562888119,0.7066888888888889,0.1142116909475262,500
pud,equalize,507,0.051854996883926356,0.001,1000,90,160,1.7777777777777777,0.7033333333333333,0.16865171163863973,557973851,0.7920666666666667,0.0784667483996802,974.594,370.9737675853549,0.7504666666666667,0.11506881326854314,500
pud,equalize,508,0.07737597635420358,0.001,1000,90,160,1.7777777777777777,0.6883333333333334,0.1657054992237311,2319862731,0.7407777777777779,0.09093142858070823,920.572,325.3986868855709,0.6686666666666666,0.10677789606261126,500
pud,equalize,509,0.08495164101955587,0.001,1000,90,160,1.7777777777777777,0.71,0.16556173350951636,1856643851,0.7574222222222222,0.10084122284779436,932.296,321.76659844014813,0.614511111111111,0.07201541395494174,500
pud,equalize,510,0.039223817990865585,0.001,1000,90,160,1.7777777777777777,0.72875,0.16678983366330094,3341968861,0.7606,0.09717036438639878,943.65,339.5473284780092,0.5753777777777778,0.07338094174677126,500
pud,equalize,511,0.06818442022568198,0.001,1000,90,160,1.7777777777777777,0.7012499999999999,0.1646244384397979,2591434118,0.7310888888888889,0.08360284185737678,904.016,352.52096363706835,0.7028222222222222,0.0978260720594275,500
pud,equalize,512,0.09502635749488107,0.001,1000,90,160,1.7777777777777777,0.6979166666666666,0.16491549784033444,807435367,0.7859777777777778,0.0628788830022314,986.142,369.0045345643576,0.7532222222222221,0.06377796708371283,500
pud,equalize,513,0.046466554563862644,0.001,1000,90,160,1.7777777777777777,0.7247222222222222,0.16384337674273422,2482886373,0.7414,0.08845007193616496,910.518,344.19499424618056,0.6437999999999999,0.07629453475219415,500
pud,equalize,514,0.03941488858532062,0.001,1000,90,160,1.7777777777777777,0.7183333333333334,0.16204550377064997,4278156638,0.7226444444444444,0.09650909436182528,867.67,336.39564378617706,0.6830666666666667,0.1220071709824764,500
pud,equalize,515,0.06728195519074863,0.001,1000,90,160,1.7777777777777777,0.7079166666666666,0.1623192113502571,45942568,0.7408444444444444,0.0846336054757987,927.28,344.95988788335535,0.6036,0.07176992469757626,500
pud,equalize,516,0.030187597224633912,0.001,1000,90,160,1.7777777777777777,0.7133333333333334,0.165129796292077,1255843160,0.7318666666666667,0.09390396121866462,933.6,327.7822973696685,0.6828,0.12140253466237777,500
pud,equalize,517,0.03770035070591185,0.001,1000,90,160,1.7777777777777777,0.699861111111111,0.1696187227327578,2323065202,0.7564,0.09499083828571371,919.282,331.26747312935385,0.7012888888888889,0.12139787181670439,500
pud,equalize,518,0.05372932221088337,0.001,1000,90,160,1.7777777777777777,0.7129166666666666,0.15228761756149975,577686388,0.7485555555555555,0.10014777917590713,931.554,337.87775576335196,0.6788,0.14875699798460787,500
pud,equalize,519,0.026115178397900854,0.001,1000,90,160,1.7777777777777777,0.7202777777777778,0.16166875662782096,4290922306,0.7323777777777777,0.0871309438749452,900.406,314.9417625396531,0.6918444444444445,0.10541819984193126,500
pud,equalize,520,0.06227439993483285,0.001,1000,90,160,1.7777777777777777,0.6981944444444445,0.1658720868818908,75167308,0.7540444444444445,0.08726918888605821,967.746,370.51061214413653,0.6143111111111111,0.0779993789390128,500
pud,equalize,521,0.03923703372150668,0.001,1000,90,160,1.7777777777777777,0.7072222222222222,0.16618681036121696,3887735017,0.7411333333333333,0.1039945373646012,905.28,322.85710619722175,0.6616444444444444,0.15051134462420218,500
pud,equalize,522,0.08240215789112794,0.001,1000,90,160,1.7777777777777777,0.6977777777777777,0.16132465110601066,1932282294,0.7938888888888889,0.0701631700553964,1008.05,361.4064037580885,0.781888888888889,0.08822754140472334,500
pud,equalize,523,0.07883967857574613,0.001,1000,90,160,1.7777777777777777,0.7050000000000001,0.16859949135703367,2396979372,0.7649777777777778,0.08772400823335084,936.614,376.43353918433684,0.6637333333333334,0.08607370129992648,500
pud,equalize,524,0.06771627003759574,0.001,1000,90,160,1.7777777777777777,0.6940277777777778,0.16592746121426893,36157026,0.7861777777777778,0.07499100121674565,952.31,366.2099087881009,0.7607555555555556,0.09769415059025385,500
pud,equalize,525,0.00785225920840088,0.001,1000,90,160,1.7777777777777777,0.7181944444444445,0.1721367581411441,3775573102,0.7328,0.09759325517068715,912.656,340.37897902591675,0.6913333333333334,0.12250003849977002,500
pud,equalize,526,0.011594313961576475,0.001,1000,90,160,1.7777777777777777,0.7188888888888889,0.1605736141701054,2561658163,0.7314222222222222,0.09276668440352673,896.128,353.30833158919523,0.6967777777777778,0.11120342413289365,500
pud,equalize,527,0.0033922287253521422,0.001,1000,90,160,1.7777777777777777,0.7245833333333334,0.16390694750343873,4162697148,0.7243555555555556,0.0959657401942302,876.926,319.90698254173486,0.6905111111111111,0.11294450657338546,500
pud,equalize,528,0.08407928482601235,0.001,1000,90,160,1.7777777777777777,0.6981944444444445,0.1565810224538295,2291901895,0.771511111111111,0.08916810965868578,958.448,400.5974887489735,0.6192444444444444,0.10447339668929836,500
pud,equalize,529,0.030926534487823322,0.001,1000,90,160,1.7777777777777777,0.6986111111111111,0.15849421223389232,3148783149,0.7537333333333334,0.09270177901344237,967.512,346.27641642066567,0.7117777777777778,0.11558805188550955,500
pud,equalize,530,0.009020895398420803,0.001,1000,90,160,1.7777777777777777,0.7245833333333334,0.15838826865142655,2338771818,0.7327111111111111,0.09826223579457889,932.09,344.8628519764729,0.693,0.12095612520761649,500
pud,equalize,531,0.04103857782072166,0.001,1000,90,160,1.7777777777777777,0.7040277777777777,0.15871640424247616,1921381127,0.7396666666666666,0.08727740717228342,927.93,356.88638652345867,0.7015555555555555,0.10856376329106487,500
pud,equalize,532,0.050969552773904706,0.001,1000,90,160,1.7777777777777777,0.6986111111111111,0.175264594723428,3525091673,0.7337111111111111,0.09981355488304365,920.93,347.45897683203174,0.6463333333333334,0.12855167267124382,500
pud,equalize,533,0.061784565599095155,0.001,1000,90,160,1.7777777777777777,0.7216666666666667,0.16668038291576304,1627138601,0.7530888888888888,0.09259203176553975,926.806,359.39391806300955,0.6844888888888889,0.12595521072679292,500
pud,equalize,534,0.0663874679756135,0.001,1000,90,160,1.7777777777777777,0.6966666666666667,0.168399930676603,2097127205,0.7597333333333334,0.08788864975317803,922.844,339.26549163099867,0.6343111111111112,0.07485544098099543,500
pud,equalize,535,0.07177415017483539,0.001,1000,90,160,1.7777777777777777,0.7066666666666667,0.169339131740423,2794262965,0.7452888888888889,0.10021762114328835,917.722,342.49298329047053,0.584488888888889,0.07771825823275298,500
pud,equalize,536,0.0223683320158815,0.001,1000,90,160,1.7777777777777777,0.7279166666666667,0.14906512212067766,3150601937,0.7673333333333334,0.08311252569296643,968.898,369.9844003590125,0.7298666666666667,0.10868121011972774,500
pud,equalize,537,0.06664506731000296,0.001,1000,90,160,1.7777777777777777,0.7169444444444445,0.17017244200394827,1620554751,0.7512222222222221,0.0933618383802047,948.3,367.7193345719478,0.6876,0.11372267334884438,500
pud,equalize,538,0.006580375253286064,0.001,1000,90,160,1.7777777777777777,0.7233333333333333,0.16835456212963862,341334944,0.7253555555555556,0.09401975059037451,886.982,331.9038867746388,0.6807333333333333,0.1150080614662799,500
pud,equalize,539,0.04796919231634448,0.001,1000,90,160,1.7777777777777777,0.7197222222222223,0.16452609441836868,592963999,0.7603333333333334,0.07631274417926097,912.898,343.719376258061,0.7298666666666667,0.10790902351837252,500
pud,equalize,540,0.03217766880185579,0.001,1000,90,160,1.7777777777777777,0.711388888888889,0.15731977978679396,3781518454,0.7439555555555555,0.09813701946097374,899.334,344.6992044189458,0.7033777777777778,0.11918328006379557,500
pud,equalize,541,0.08355101564776396,0.001,1000,90,160,1.7777777777777777,0.6977777777777777,0.1604641504611405,2928027287,0.7681555555555556,0.08616688133027102,952.094,341.6245773765925,0.6490888888888888,0.07819754714455897,500
pud,equalize,542,0.05767090089284105,0.001,1000,90,160,1.7777777777777777,0.7134722222222223,0.16869852223481394,2789468573,0.7747777777777778,0.08175647576233895,953.664,354.45431133171917,0.7564444444444445,0.09979171261992499,500
pud,equalize,543,0.0571387633850061,0.001,1000,90,160,1.7777777777777777,0.6969444444444445,0.16399655472996938,3183720432,0.7424222222222222,0.09331875011982786,941.206,343.34046209239557,0.7053333333333334,0.11778529781935612,500
pud,equalize,544,0.030361246376401953,0.001,1000,90,160,1.7777777777777777,0.7173611111111111,0.1623527014621786,676133106,0.7463111111111111,0.08595970844695733,913.64,350.1096913711245,0.684,0.11068857534337745,500
pud,equalize,545,0.044188616830856335,0.001,1000,90,160,1.7777777777777777,0.6968055555555556,0.16486385154806207,1781745370,0.775511111111111,0.06771825560044416,986.578,354.69868653896214,0.7485777777777778,0.07374104458272754,500
pud,equalize,546,0.03603153986972992,0.001,1000,90,160,1.7777777777777777,0.7138888888888889,0.1692100882115502,672844305,0.760511111111111,0.0888437065083964,932.088,354.57114610653616,0.7087111111111111,0.12782803461141973,500
pud,equalize,547,0.06005324561319321,0.001,1000,90,160,1.7777777777777777,0.7102777777777778,0.16993495295668454,3672494007,0.764511111111111,0.08960712664680595,986.536,362.1890812340015,0.7186444444444444,0.11945425228875758,500
pud,equalize,548,0.0927684593783649,0.001,1000,90,160,1.7777777777777777,0.6990277777777778,0.1641489770315145,259019933,0.8057111111111112,0.07810774236022325,999.554,408.0495312138561,0.7542000000000001,0.11671628765240871,500
pud,equalize,549,0.012740816641352959,0.001,1000,90,160,1.7777777777777777,0.7169444444444445,0.16471600929934263,3090136169,0.7249555555555556,0.08990009051592646,878.884,321.7981084300813,0.6850222222222222,0.1125199570775813,500
pud,equalize,550,0.008222888421543085,0.001,1000,90,160,1.7777777777777777,0.7230555555555556,0.16518447704558817,3721302562,0.7266666666666667,0.09355118725557779,886.282,328.3344110002695,0.6899777777777778,0.11250538911305517,500
pud,equalize,551,0.08046826832717582,0.001,1000,90,160,1.7777777777777777,0.6886111111111112,0.16794977261860694,2518561225,0.7522222222222221,0.08808504265539452,908.394,337.48522830287743,0.6037333333333333,0.09194473387817786,500
pud,equalize,552,0.0980076653236682,0.001,1000,90,160,1.7777777777777777,0.6806944444444445,0.16631595468196775,3318634867,0.7823777777777777,0.09376687540374673,938.734,384.16621742315976,0.7071555555555555,0.14108035684410833,500
pud,equalize,553,0.07238043598756277,0.001,1000,90,160,1.7777777777777777,0.6947222222222222,0.16928059776098991,4007947735,0.7632444444444444,0.0849094883846566,958.918,359.4444657020716,0.6178666666666667,0.07624238882071373,500
pud,equalize,554,0.03837722528482012,0.001,1000,90,160,1.7777777777777777,0.7166666666666667,0.16750862144136996,2458132261,0.7509333333333332,0.09125317088174086,926.852,367.5555362669444,0.6991777777777778,0.1261913582150009,500
pud,equalize,555,0.027721095594080716,0.001,1000,90,160,1.7777777777777777,0.7204166666666667,0.15926298279368456,2224779982,0.7297111111111111,0.09353778065893466,905.35,346.1080598283668,0.6662444444444444,0.11948440451535075,500
pud,equalize,556,0.058550014803711574,0.001,1000,90,160,1.7777777777777777,0.6940277777777778,0.1648672693198837,237714691,0.7354444444444445,0.09568868791905522,931.224,372.5007751387344,0.6975555555555556,0.11529401057530793,500
pud,equalize,557,0.07173569255669891,0.001,1000,90,160,1.7777777777777777,0.7148611111111112,0.16045453209342098,8366899,0.7386666666666666,0.0925525334557136,911.636,339.6441546790038,0.6925111111111111,0.11634506468496275,500
pud,equalize,558,0.09409549481649537,0.001,1000,90,160,1.7777777777777777,0.6763888888888889,0.16865034362368383,2033533088,0.7457777777777779,0.08125600537900966,902.564,331.2396433197771,0.6092666666666666,0.07342231600671824,500
pud,equalize,559,0.03074783087792278,0.001,1000,90,160,1.7777777777777777,0.7145833333333333,0.1618266942609048,3172974092,0.7431777777777778,0.09082246504231267,907.22,341.40993114167657,0.6811111111111111,0.12009031131576225,500
pud,equalize,560,0.042703117749493126,0.001,1000,90,160,1.7777777777777777,0.7127777777777778,0.1572199481176357,2246391702,0.7256666666666667,0.08422840028595283,902.754,338.6695492825159,0.6988444444444444,0.09887237758673986,500
pud,equalize,561,0.04234684911631094,0.001,1000,90,160,1.7777777777777777,0.7115277777777778,0.16839948918311493,3837309776,0.7748666666666667,0.08796935594592845,968.896,372.05853880349684,0.7307777777777779,0.11073701217550648,500
pud,equalize,562,0.04293188693538389,0.001,1000,90,160,1.7777777777777777,0.7159722222222222,0.16716357391795988,419409143,0.7397555555555556,0.09325446243927596,904.092,311.3168866988873,0.6659777777777778,0.12001620209448682,500
pud,equalize,563,0.024321653372756758,0.001,1000,90,160,1.7777777777777777,0.7119444444444445,0.1666074814488266,691530812,0.7478888888888889,0.09059669531177829,919.338,350.6452965662138,0.7162000000000001,0.10936969586832045,500
pud,equalize,564,0.0451902047554065,0.001,1000,90,160,1.7777777777777777,0.7070833333333334,0.1609633632388793,3570115804,0.7458444444444444,0.09171776407605836,929.89,318.00585111391496,0.7114222222222222,0.11105499362208789,500
pud,equalize,565,0.004457068527123876,0.001,1000,90,160,1.7777777777777777,0.7245833333333334,0.16390694750343873,1281043356,0.7199111111111112,0.09802014454682322,912.674,344.5899071828202,0.6812222222222222,0.12013557537618334,500
pud,equalize,566,0.006963972703042498,0.001,1000,90,160,1.7777777777777777,0.7255555555555555,0.1629911162586601,1532080227,0.7297777777777779,0.0966736919567273,904.112,337.7190189010015,0.6967777777777778,0.11614829010809635,500
pud,equalize,567,0.03043796970140571,0.001,1000,90,160,1.7777777777777777,0.7119444444444445,0.15820699146708014,3119624564,0.7396666666666666,0.09008951732111341,915.002,371.2286565270167,0.5766666666666667,0.07112147831353874,500
pud,equalize,568,0.028451953968997003,0.001,1000,90,160,1.7777777777777777,0.7102777777777778,0.16396078580289106,2936567244,0.7380888888888888,0.09198085935584577,923.308,353.7305184676475,0.6597777777777778,0.11527254966642486,500
pud,equalize,569,0.08624466325944793,0.001,1000,90,160,1.7777777777777777,0.6786111111111112,0.16399982327613907,2415062840,0.785511111111111,0.0739069085331305,1002.05,366.7710969735078,0.7400444444444445,0.09407546033012275,500
pud,equalize,570,0.07307782319801541,0.001,1000,90,160,1.7777777777777777,0.6844444444444444,0.17599606626664321,1188564006,0.7308444444444444,0.08361514288717414,920.29,344.3822180720842,0.6537777777777778,0.08213786617991924,500
pud,equalize,571,0.04168725440336109,0.001,1000,90,160,1.7777777777777777,0.7180555555555556,0.15885205053454107,2984993090,0.7621333333333333,0.08375388279092041,943.26,366.3592425327608,0.7352666666666666,0.11323276304097575,500
pud,equalize,572,0.06591514389050453,0.001,1000,90,160,1.7777777777777777,0.6920833333333334,0.16953884658004026,1263694083,0.7684222222222222,0.09182756201435861,953.298,327.2758594402354,0.7021555555555555,0.11821865572057577,500
pud,equalize,573,0.041775063642955516,0.001,1000,90,160,1.7777777777777777,0.7056944444444445,0.17058452739192775,2529783231,0.7437777777777779,0.09434412527352343,941.16,361.0784703128213,0.6983555555555556,0.12645848502628004,500
pud,equalize,574,0.039507186085835755,0.001,1000,90,160,1.7777777777777777,0.715,0.17031098978893408,2279649762,0.722488888888889,0.09410454245182343,893.946,330.8924700525459,0.5727555555555556,0.07283809484102914,500
pud,equalize,575,0.08393668757928426,0.001,1000,90,160,1.7777777777777777,0.7126388888888889,0.16244331371701767,695978493,0.7310888888888889,0.10229630253077278,962.26,358.49146805095756,0.5455777777777778,0.09174303074805447,500
pud,equalize,576,0.060877092957636575,0.001,1000,90,160,1.7777777777777777,0.7138888888888889,0.16321397952740038,3782546609,0.7356444444444444,0.10305985412011825,947.824,351.40077694289783,0.6687555555555555,0.12674505264437766,500
pud,equalize,577,0.09101536397124223,0.001,1000,90,160,1.7777777777777777,0.6825,0.16508423629768287,3789179714,0.7312222222222222,0.08747052250943137,929.884,336.2117595184275,0.6507333333333334,0.10893530063930919,500
pud,equalize,578,0.06259076642819937,0.001,1000,90,160,1.7777777777777777,0.7095833333333333,0.1600473038822712,3567909391,0.7336888888888888,0.09792054515075753,902.67,341.10884419371837,0.6522444444444444,0.12717403376786987,500
pud,equalize,579,0.0825953916233346,0.001,1000,90,160,1.7777777777777777,0.6886111111111112,0.16481967433438022,321000198,0.8016,0.06798159905765447,1051.564,368.69793902934816,0.8022222222222222,0.07018476462228987,500
pud,equalize,580,0.09152576279829548,0.001,1000,90,160,1.7777777777777777,0.6888888888888889,0.16715430492224653,4265259396,0.7614444444444445,0.08800291880838734,971.748,365.1364481224724,0.6263777777777777,0.08442513754608075,500
pud,equalize,581,0.03041386497096439,0.001,1000,90,160,1.7777777777777777,0.7016666666666667,0.16848961919223357,552777151,0.7383777777777777,0.09854321505903915,938.804,344.75530746901643,0.7015777777777777,0.12021994860444443,500
pud,equalize,582,0.029164536701186086,0.001,1000,90,160,1.7777777777777777,0.7094444444444444,0.1645397830997246,1737843299,0.7636000000000001,0.09209846748027102,973.694,357.88549064306255,0.7354222222222222,0.11013637019658927,500
pud,equalize,583,0.020930926416824116,0.001,1000,90,160,1.7777777777777777,0.7251388888888889,0.15799337358547885,3106573272,0.7352444444444444,0.08696880801118795,910.13,306.71536271835976,0.6836,0.11280243798161944,500
pud,equalize,584,0.01579574379832375,0.001,1000,90,160,1.7777777777777777,0.7159722222222222,0.1659855372239273,3437978595,0.7400888888888888,0.09895563910710832,903.836,314.83363470105644,0.7011333333333333,0.12180532327143273,500
pud,equalize,585,0.02902478030000315,0.001,1000,90,160,1.7777777777777777,0.7254166666666666,0.1688183455536522,938565167,0.7372888888888889,0.08560314401741989,906.656,342.4680516439359,0.6333333333333334,0.07059249204554074,500
pud,equalize,586,0.00016682591464669552,0.001,1000,90,160,1.7777777777777777,0.7245833333333334,0.16390694750343873,3681779413,0.7270222222222222,0.09710254491108614,876.346,332.3913993603587,0.6866,0.11787661540605009,500
pud,equalize,587,0.07704370452974732,0.001,1000,90,160,1.7777777777777777,0.7098611111111112,0.1665727892551078,1691965018,0.7617555555555556,0.07518718733840205,990.288,369.8033397309336,0.7248444444444444,0.09006150395517695,500
pud,equalize,588,0.020285767889954266,0.001,1000,90,160,1.7777777777777777,0.7106944444444444,0.1744174953045782,167342823,0.7283333333333334,0.09363544693244934,905.854,335.30113388530236,0.6864,0.11675375231584117,500
pud,equalize,589,0.032522383122769005,0.001,1000,90,160,1.7777777777777777,0.7054166666666666,0.17109973450659724,3870772365,0.7756888888888889,0.0778911411021403,984.32,369.57226210015773,0.7424444444444445,0.09488749603312593,500
pud,equalize,590,0.0853203067727708,0.001,1000,90,160,1.7777777777777777,0.6886111111111112,0.16578313418225699,2737433279,0.7690666666666667,0.06960544152075747,979.448,356.119701476286,0.7544444444444445,0.07850283919638934,500
pud,equalize,591,0.05149298703971238,0.001,1000,90,160,1.7777777777777777,0.7184722222222222,0.167964619246009,3596195414,0.782888888888889,0.08926412670710283,990.382,364.86301280374306,0.7125333333333334,0.1253233113133556,500
pud,equalize,592,0.06284486480443134,0.001,1000,90,160,1.7777777777777777,0.6955555555555556,0.1803368535552918,170385246,0.7512444444444444,0.09023245338091014,980.278,341.8593692920315,0.7156888888888888,0.11190003597370579,500
pud,equalize,593,0.047392700589556726,0.001,1000,90,160,1.7777777777777777,0.7158333333333333,0.16893702747381853,1144935534,0.7804444444444445,0.06613983179417114,972.402,391.39505947464676,0.7515333333333333,0.0764858798030599,500
pud,equalize,594,0.0022818214650185188,0.001,1000,90,160,1.7777777777777777,0.7245833333333334,0.16390694750343873,2619103531,0.7229333333333333,0.09207434092842418,889.426,343.4547406015578,0.68,0.11346210174164399,500
pud,equalize,595,0.0648036013583209,0.001,1000,90,160,1.7777777777777777,0.6976388888888889,0.16494768632950274,40540808,0.7376,0.09951796535618603,913.92,316.2924333695222,0.5734888888888889,0.09731609743999471,500
pud,equalize,596,0.07796263223068221,0.001,1000,90,160,1.7777777777777777,0.7202777777777778,0.16763674604916248,2346124048,0.7567777777777779,0.09178233021899697,954.036,363.6427075323843,0.7078444444444444,0.1095659450111787,500
pud,equalize,597,0.020315026931864513,0.001,1000,90,160,1.7777777777777777,0.7206944444444444,0.17300561096906125,2418314935,0.7323999999999999,0.09020467913943081,893.034,327.6001840738347,0.6874222222222223,0.11602930310315632,500
pud,equalize,598,0.07211552386288682,0.001,1000,90,160,1.7777777777777777,0.6811111111111111,0.16756641077122006,3648841656,0.7428444444444444,0.08773131815751582,955.348,374.99642068565703,0.6370666666666666,0.11231099178520436,500
pud,equalize,599,0.05085000016083048,0.001,1000,90,160,1.7777777777777777,0.7058333333333333,0.16959271709817605,1767909874,0.7631333333333333,0.0895218473995585,933.012,362.8398619043579,0.7345555555555555,0.10513775440332929,500
pud,equalize,600,0.08962762741348951,0.001,1000,90,160,1.7777777777777777,0.6919444444444445,0.16765439060214188,1211351155,0.755511111111111,0.08351015457131195,936.724,335.34117437389193,0.7134222222222222,0.10294455947326267,500
pud,equalize,601,0.00766888649653712,0.001,1000,90,160,1.7777777777777777,0.7184722222222222,0.15327549108644475,492539589,0.7287777777777779,0.09098365340089844,913.946,355.19961234948795,0.6932666666666667,0.10744495206540677,500
pud,equalize,602,0.026791000974427562,0.001,1000,90,160,1.7777777777777777,0.7218055555555556,0.16485839524539214,4029322183,0.7304222222222222,0.09501371129539692,919.014,337.26488849868156,0.6895333333333333,0.12086073740287898,500
pud,equalize,603,0.06388072349431584,0.001,1000,90,160,1.7777777777777777,0.6883333333333334,0.17319080529606845,1076779104,0.7492222222222221,0.08467895982864053,945.846,347.9570699512485,0.7033777777777778,0.1072887301620388,500
pud,equalize,604,0.0051819704824370046,0.001,1000,90,160,1.7777777777777777,0.7245833333333334,0.16390694750343873,3811768958,0.7242000000000001,0.10062419062745043,904.746,334.13439372524994,0.6895333333333333,0.11911011034917263,500
pud,equalize,605,0.014733662896574863,0.001,1000,90,160,1.7777777777777777,0.7198611111111111,0.16787518037518037,2960570708,0.7309111111111112,0.0950560937106754,926.006,343.32793960326677,0.6951333333333334,0.11653333773233385,500
pud,equalize,606,0.029343617489452113,0.001,1000,90,160,1.7777777777777777,0.7245833333333334,0.15892828662565506,2448192918,0.7313333333333334,0.09560960188281978,886.506,336.2067338703965,0.6951555555555555,0.11995833744051457,500
pud,equalize,607,0.04057719035070299,0.001,1000,90,160,1.7777777777777777,0.7061111111111111,0.16960550572642077,440715733,0.7891555555555556,0.07237443836420156,1018.434,377.884706420746,0.7562666666666666,0.10613897528835316,500
pud,equalize,608,0.014250978598941456,0.001,1000,90,160,1.7777777777777777,0.7220833333333333,0.16667796952884673,2666319094,0.7389111111111112,0.0894230747958558,931.108,359.2991456825026,0.707,0.10886456314924589,500
pud,equalize,609,0.07402496654866715,0.001,1000,90,160,1.7777777777777777,0.69375,0.160964061388038,3719125636,0.7613777777777777,0.0862367540729412,948.724,345.35078710828583,0.7172222222222222,0.10714792300455996,500
pud,equalize,610,0.04048513843071871,0.001,1000,90,160,1.7777777777777777,0.7006944444444444,0.1677408617768095,3553728171,0.7409777777777777,0.09273750287503046,931.08,348.1070678129396,0.7016444444444444,0.11516437737329942,500
pud,equalize,611,0.03278719557540383,0.001,1000,90,160,1.7777777777777777,0.7123611111111111,0.1745547298015176,552215381,0.7703111111111112,0.08856292940017413,945.264,368.11983201866605,0.728111111111111,0.11148739446755367,500
pud,equalize,612,0.017908640048433355,0.001,1000,90,160,1.7777777777777777,0.7179166666666666,0.16009475726021993,2109024070,0.7245777777777778,0.09084837559650812,882.468,336.40995271926363,0.6844888888888889,0.1123022239536501,500
pud,equalize,613,0.0028625997247399117,0.001,1000,90,160,1.7777777777777777,0.7245833333333334,0.16390694750343873,736682397,0.7272222222222222,0.0971548419370275,885.004,333.482835521072,0.6908888888888889,0.1155897642186475,500
pud,equalize,614,0.08787925742137365,0.001,1000,90,160,1.7777777777777777,0.6854166666666667,0.1625533057159304,3178074643,0.7589333333333332,0.0924656040049279,992.716,346.4482416064836,0.6662,0.1326880007552386,500
pud,equalize,615,0.003502389130480821,0.001,1000,90,160,1.7777777777777777,0.7245833333333334,0.16390694750343873,2891055777,0.7313555555555556,0.09412221609892994,877.3,320.8481339358236,0.6926444444444445,0.11527907205922328,500
pud,equalize,616,0.017485905413386783,0.001,1000,90,160,1.7777777777777777,0.7245833333333334,0.16016253104703398,3533653247,0.7242222222222222,0.09125632669968965,877.858,316.0713400801154,0.6623111111111112,0.11176734290304852,500
pud,equalize,617,0.09260122093278557,0.001,1000,90,160,1.7777777777777777,0.7023611111111111,0.1625318565718762,1010413673,0.7716666666666666,0.08132745068176377,945.582,377.9571384071823,0.6376222222222223,0.08951640834159441,500
pud,equalize,618,0.09019743258624441,0.001,1000,90,160,1.7777777777777777,0.6908333333333333,0.165186957499049,587998529,0.7436,0.08267813684152626,915.256,330.44213180061945,0.6915777777777777,0.10096361228539288,500
pud,equalize,619,0.09861375291932814,0.001,1000,90,160,1.7777777777777777,0.69375,0.16799124169222207,466561833,0.7481777777777778,0.09659784813253508,964.028,341.79845462372464,0.7059555555555556,0.12413171252934915,500
pud,equalize,620,0.04742100889162601,0.001,1000,90,160,1.7777777777777777,0.6944444444444444,0.1637390677873134,2407647757,0.7547999999999999,0.09039265749636989,961.542,339.789089711506,0.6068,0.08052182664451533,500
pud,equalize,621,0.007933056673501039,0.001,1000,90,160,1.7777777777777777,0.7206944444444444,0.16818892559682033,1871641617,0.7451777777777778,0.09076295145916835,933.99,351.18610630622203,0.7074,0.11671805126428594,500
pud,equalize,622,0.04270701639408399,0.001,1000,90,160,1.7777777777777777,0.7194444444444444,0.16389112933849775,753777836,0.7352000000000001,0.1003567303024784,929.12,349.4529845011392,0.6934888888888889,0.12633541791139796,500
pud,equalize,623,0.09943840455418823,0.001,1000,90,160,1.7777777777777777,0.6859722222222222,0.16690291119586564,183812444,0.7859777777777778,0.07861570772420269,973.16,388.23464383972043,0.7221777777777778,0.11003261034043944,500
pud,equalize,624,0.0016316685400557308,0.001,1000,90,160,1.7777777777777777,0.7245833333333334,0.16390694750343873,1456756467,0.7220666666666667,0.09434766807460089,897.134,338.04105009169257,0.6799333333333333,0.11656635103587887,500
pud,equalize,625,0.05216875557984209,0.001,1000,90,160,1.7777777777777777,0.7115277777777778,0.16568280566087584,3504884389,0.7542666666666666,0.09486073004073947,969.92,363.8739921515808,0.6226444444444443,0.09285607904931731,500
pud,equalize,626,0.08232430562560661,0.001,1000,90,160,1.7777777777777777,0.6915277777777777,0.16769110275689222,1755014959,0.7378444444444444,0.08878944281276552,921.034,352.09780256221165,0.6937777777777778,0.1197831567929225,500
pud,equalize,627,0.026214714164887055,0.001,1000,90,160,1.7777777777777777,0.7129166666666666,0.17333468185549367,1759456468,0.7390888888888888,0.0963481727134193,920.356,339.3151142485625,0.6930666666666667,0.11964480613806372,500
pud,equalize,628,0.028265182732577998,0.001,1000,90,160,1.7777777777777777,0.7090277777777778,0.1693179528189432,4128576705,0.7296666666666666,0.08778617673444553,888.542,346.72794056079624,0.6002000000000001,0.08221860830852597,500
pud,equalize,629,0.0517415145691414,0.001,1000,90,160,1.7777777777777777,0.6979166666666666,0.16100111389585073,1449375874,0.7392888888888889,0.09093932134807294,911.444,352.2177871760686,0.6628888888888889,0.12063625579577988,500
pud,equalize,630,0.029444080412705787,0.001,1000,90,160,1.7777777777777777,0.7126388888888889,0.16925168536314047,1801527297,0.7474222222222222,0.08551850085490721,918.226,351.53872884756163,0.7116444444444444,0.10592768960438971,500
pud,equalize,631,0.057236682077682025,0.001,1000,90,160,1.7777777777777777,0.6783333333333333,0.16839938837487858,3601511055,0.7270222222222222,0.084260320308349,891.094,324.98755512476464,0.6433333333333334,0.10315419404142612,500
pud,equalize,632,0.05679899012710065,0.001,1000,90,160,1.7777777777777777,0.7,0.16213777507895155,2448976494,0.7270222222222222,0.09563144987503072,923.542,334.62574469700934,0.5696444444444444,0.11962699642465412,500
pud,equalize,633,0.0727254229072162,0.001,1000,90,160,1.7777777777777777,0.7079166666666666,0.16215340979377915,48813993,0.7692222222222221,0.08614179426197201,966.108,353.1011543260271,0.6901555555555555,0.08109706658788007,500
pud,equalize,634,0.04213143811015289,0.001,1000,90,160,1.7777777777777777,0.6940277777777778,0.1643337974356129,2963643235,0.7407999999999999,0.0904043165385306,949.184,344.12676822534235,0.7032666666666667,0.1100458644535636,500
pud,equalize,635,0.0025016925377513545,0.001,1000,90,160,1.7777777777777777,0.7245833333333334,0.16390694750343873,1827852980,0.7311333333333333,0.09041415439616496,923.044,341.531869816274,0.6973777777777778,0.11223672994976147,500
pud,equalize,636,0.054717105951376334,0.001,1000,90,160,1.7777777777777777,0.7093055555555555,0.16501649735344848,1732638877,0.7562444444444444,0.09048756930057701,959.858,356.4523114480719,0.7213111111111111,0.11756121092292457,500
pud,equalize,637,0.05788640291451713,0.001,1000,90,160,1.7777777777777777,0.7093055555555555,0.16967929371524143,3086354913,0.7502000000000001,0.08023573903967872,927.63,348.2937527093369,0.5543555555555555,0.07320117914162706,500
pud,equalize,638,0.049742269373588534,0.001,1000,90,160,1.7777777777777777,0.6965277777777777,0.16146614300593884,666415097,0.7532000000000001,0.0921677706361406,988.742,347.95826379421624,0.7179111111111112,0.10676506817206549,500
pud,equalize,639,0.09271540235770104,0.001,1000,90,160,1.7777777777777777,0.6922222222222222,0.1701103432394282,969910139,0.7775333333333333,0.08291665738885122,992.54,358.483658577255,0.7310444444444445,0.11029513564738568,500
pud,equalize,640,0.03432682106594751,0.001,1000,90,160,1.7777777777777777,0.7086111111111111,0.176049551488148,51237951,0.7611111111111111,0.09206500026735173,940.726,355.58673030575693,0.7182222222222222,0.12222444887751287,500
pud,equalize,641,0.06314822648881752,0.001,1000,90,160,1.7777777777777777,0.6866666666666666,0.1650116045295784,4260527789,0.7618222222222222,0.09342541925839143,960.06,360.55071492935934,0.6252222222222221,0.07723439989588045,500
pud,equalize,642,0.05675672606401653,0.001,1000,90,160,1.7777777777777777,0.7061111111111111,0.1638634145971235,905062349,0.7807999999999999,0.08069106991603876,964.828,367.7567790170919,0.7399333333333333,0.11243321853482502,500
pud,equalize,643,0.04726960401987467,0.001,1000,90,160,1.7777777777777777,0.7048611111111112,0.1656155523048034,1851820450,0.7770222222222223,0.08573462710403598,994.424,376.98580984653955,0.7428444444444444,0.11342026259118562,500
pud,equalize,644,0.00019870166150735003,0.001,1000,90,160,1.7777777777777777,0.7245833333333334,0.16390694750343873,41249750,0.7185555555555555,0.09303478616464145,915.442,316.8312843794359,0.6767777777777778,0.11626113101600573,500
pud,equalize,645,0.08042727402406818,0.001,1000,90,160,1.7777777777777777,0.6748611111111111,0.16341466328394433,3573810046,0.8070666666666667,0.06818168686031346,1030.38,387.633438916113,0.7786222222222222,0.10800731937521847,500
pud,equalize,646,0.055051239812197256,0.001,1000,90,160,1.7777777777777777,0.7022222222222223,0.16660934218567425,329999354,0.7287333333333333,0.09907324589990636,912.11,342.7839780550171,0.6087333333333333,0.08466661757459251,500
pud,equalize,647,0.06361393608988491,0.001,1000,90,160,1.7777777777777777,0.6929166666666666,0.16864520189888318,1231155545,0.7677777777777778,0.08270489678968476,984.87,387.19710781538794,0.7208666666666667,0.11263435723151567,500
pud,equalize,648,0.027270515693690458,0.001,1000,90,160,1.7777777777777777,0.7058333333333333,0.16432358128436558,437376826,0.7523777777777777,0.08634483118340003,928.488,345.866467125919,0.7148444444444444,0.1100006320141805,500
pud,equalize,649,0.035205044817752607,0.001,1000,90,160,1.7777777777777777,0.7145833333333333,0.1653192174287407,1174754836,0.7342000000000001,0.09471807062196692,922.53,344.15312849326745,0.6839555555555555,0.12468762224890909,500
pud,equalize,650,0.07484525429420234,0.001,1000,90,160,1.7777777777777777,0.6952777777777778,0.1666554675051407,399605797,0.7676666666666666,0.07687543176918366,985.968,347.4660563229064,0.753511111111111,0.08680060903296717,500
pud,equalize,651,0.028239866810768434,0.001,1000,90,160,1.7777777777777777,0.7108333333333333,0.158969337373193,333454404,0.7329111111111112,0.09602077954101461,889.368,325.39563182443146,0.6075333333333333,0.07479762812292089,500
pud,equalize,652,0.028723706600497036,0.001,1000,90,160,1.7777777777777777,0.7213888888888889,0.16587897563774756,2686901364,0.7288444444444444,0.09267220328760224,917.042,341.8054566216763,0.6970666666666667,0.10627548324705388,500
pud,equalize,653,0.05934206085964131,0.001,1000,90,160,1.7777777777777777,0.7004166666666667,0.1642113722776116,475708029,0.7697999999999999,0.09695535533827469,995.92,380.4805178309368,0.7247555555555556,0.12807489489781035,500
pud,equalize,654,0.06472405881506581,0.001,1000,90,160,1.7777777777777777,0.7106944444444444,0.1617074664038611,3295797947,0.8216222222222223,0.06287664806324575,1032.084,418.61782416593144,0.8216222222222223,0.07802001594303098,500
pud,equalize,655,0.04254009673321585,0.001,1000,90,160,1.7777777777777777,0.706388888888889,0.16438794806717064,1690683645,0.7824444444444445,0.07713062189278899,996.558,353.75077364680277,0.7570222222222223,0.11032373881468177,500
pud,equalize,656,0.06825012426849979,0.001,1000,90,160,1.7777777777777777,0.6901388888888889,0.16199447238920922,2984727230,0.7627777777777778,0.08497528831336343,947.574,350.05175758733145,0.7326222222222223,0.10705113299417177,500
pud,equalize,657,0.021239786992075904,0.001,1000,90,160,1.7777777777777777,0.7183333333333334,0.16673561006894339,1583687355,0.7343333333333334,0.09563437584359841,911.248,356.1537835416916,0.6956222222222223,0.11603153559178435,500
pud,equalize,658,0.011210663274582833,0.001,1000,90,160,1.7777777777777777,0.7204166666666667,0.1676106512071424,1191223414,0.7284666666666667,0.09467511877073717,885.562,322.26656922380056,0.6604222222222222,0.120733507471287,500
pud,equalize,659,0.08998077690816986,0.001,1000,90,160,1.7777777777777777,0.6909722222222222,0.17289112019667574,4086086101,0.7477777777777779,0.09141776765841417,975.696,347.42539399529466,0.7037777777777778,0.12150678238972411,500
pud,equalize,660,0.00932647659814243,0.001,1000,90,160,1.7777777777777777,0.7208333333333333,0.1611995090138365,2301916067,0.7348666666666667,0.09126944494838929,900.08,322.83012899103556,0.7060222222222222,0.1047666708477347,500
pud,equalize,661,0.008457209891745842,0.001,1000,90,160,1.7777777777777777,0.7247222222222222,0.16559483552414409,1884073280,0.7390222222222222,0.09293684272501197,923.59,354.29673191901855,0.6961111111111111,0.1172346766973071,500
pud,equalize,662,0.06141979972791242,0.001,1000,90,160,1.7777777777777777,0.6920833333333334,0.16401986447600483,797944436,0.7922,0.08968221741923041,1014.938,399.5168451707015,0.7380444444444445,0.12278076461010663,500
pud,equalize,663,0.017669769364932888,0.001,1000,90,160,1.7777777777777777,0.7147222222222223,0.1634964083394596,499839383,0.7302888888888889,0.08278332858926352,904.422,369.9932999393366,0.6942,0.09935435451305892,500
pud,equalize,664,0.0117278382424025,0.001,1000,90,160,1.7777777777777777,0.7204166666666667,0.17111754430639878,2778671123,0.7274666666666667,0.10179201389294892,909.078,338.08179263755994,0.687,0.12230271028445316,500
pud,equalize,665,0.0665285159683614,0.001,1000,90,160,1.7777777777777777,0.7184722222222222,0.16855468217133945,3161329406,0.7460444444444445,0.08239414644569604,909.15,314.6418192944127,0.7215777777777778,0.093041125745219,500
pud,equalize,666,0.002618872485735513,0.001,1000,90,160,1.7777777777777777,0.7245833333333334,0.16390694750343873,3798573408,0.7279111111111112,0.09623266543246595,913.478,338.379305846635,0.6856666666666666,0.11889350863069625,500
pud,equalize,667,0.061536052963397085,0.001,1000,90,160,1.7777777777777777,0.7120833333333334,0.181832168805853,463047627,0.7368444444444444,0.09213359819241371,887.734,337.2439089921486,0.6252222222222221,0.1023470213955445,500
pud,equalize,668,0.07419422603343305,0.001,1000,90,160,1.7777777777777777,0.6968055555555556,0.16660597602282137,1684981718,0.7751777777777779,0.08222881472304172,973.764,379.7160846130009,0.6395777777777778,0.11815051114616079,500
pud,equalize,669,0.03948903613148518,0.001,1000,90,160,1.7777777777777777,0.7084722222222223,0.15623055736590133,66979212,0.745,0.09725919391176427,923.182,322.9863483778796,0.5897777777777778,0.07970044612389662,500
pud,equalize,670,0.0925242918023653,0.001,1000,90,160,1.7777777777777777,0.6901388888888889,0.16969236436431007,3204804582,0.7997777777777778,0.07897854787547165,999.602,388.3942943088937,0.7227111111111111,0.11427799505975617,500
pud,equalize,671,0.038792389256351284,0.001,1000,90,160,1.7777777777777777,0.7172222222222222,0.16854291593180482,212248650,0.7426444444444444,0.08298990765751459,937.158,330.59979050047514,0.7104666666666667,0.10053091209472782,500
pud,equalize,672,0.033081859399178314,0.001,1000,90,160,1.7777777777777777,0.7198611111111111,0.1680715625752573,674662812,0.7188666666666667,0.09060276857781567,860.258,316.04739414634207,0.6271111111111111,0.08892395211362726,500
pud,equalize,673,0.04428873491328551,0.001,1000,90,160,1.7777777777777777,0.7234722222222222,0.16356505694618603,3802362023,0.7272222222222222,0.0853616439482754,892.326,343.8242020099451,0.6633555555555556,0.0999549590542206,500
pud,equalize,674,0.09376082640441878,0.001,1000,90,160,1.7777777777777777,0.6875,0.1659691912533388,163245455,0.7644888888888889,0.0911871556481736,967.756,337.75071214003697,0.6811777777777778,0.127360254220577,500
pud,equalize,675,0.022327054184019347,0.001,1000,90,160,1.7777777777777777,0.7134722222222223,0.16698842562602453,369614602,0.7442666666666666,0.09500484973186776,923.76,363.8805194908486,0.7068444444444444,0.11783304518268493,500
pud,equalize,676,0.04620417372869682,0.001,1000,90,160,1.7777777777777777,0.7018055555555556,0.16006665795093597,2179793891,0.7770444444444444,0.08607035258382446,990.602,384.66349919276513,0.7248444444444444,0.11611974528395506,500
pud,equalize,677,0.07077149660431377,0.001,1000,90,160,1.7777777777777777,0.6980555555555555,0.16928694210273157,2386256470,0.7414666666666667,0.0954649542258365,903.112,317.66174056508225,0.6599777777777778,0.12664103581892125,500
pud,equalize,678,0.04850150959247556,0.001,1000,90,160,1.7777777777777777,0.7158333333333333,0.17460597099863062,1773755427,0.7657555555555556,0.0948403401564055,945.968,355.18480184676514,0.7184444444444444,0.1252881584202689,500
pud,equalize,679,0.0431985596681604,0.001,1000,90,160,1.7777777777777777,0.7195833333333334,0.15759014891324832,1514540744,0.7352000000000001,0.07940980741722291,912.826,334.84264800327287,0.6986222222222223,0.0949324784361768,500
pud,equalize,680,0.05976697593433819,0.001,1000,90,160,1.7777777777777777,0.6951388888888889,0.16176194573477792,3033085318,0.7691777777777778,0.08266968279933615,967.622,366.70273097129177,0.7191333333333333,0.11627752428437098,500
pud,equalize,681,0.005752715402549003,0.001,1000,90,160,1.7777777777777777,0.7245833333333334,0.16390694750343873,708727530,0.7336222222222223,0.09423452642717664,915.518,336.80044946751934,0.6952666666666667,0.11190350052090856,500
pud,equalize,682,0.04598130637632968,0.001,1000,90,160,1.7777777777777777,0.7148611111111112,0.16402533452205825,1172462329,0.7881777777777778,0.08034530490321506,993.972,376.18738031227514,0.7763111111111112,0.09749996970832617,500
pud,equalize,683,0.06749559041227735,0.001,1000,90,160,1.7777777777777777,0.6923611111111111,0.17326035138748533,2165280062,0.7411555555555556,0.09162212840800636,944.046,342.45381164504596,0.632,0.11834898436405132,500
pud,equalize,684,0.029311869904009892,0.001,1000,90,160,1.7777777777777777,0.7304166666666666,0.1654125574005404,2902023475,0.7169777777777777,0.0928511896940257,896.532,331.98396902166036,0.6727333333333333,0.1141143252189168,500
pud,equalize,685,0.0669152273280153,0.001,1000,90,160,1.7777777777777777,0.7073611111111111,0.1662499336082483,1350292305,0.7739777777777778,0.08593470772877104,947.256,391.1585977082982,0.7392222222222222,0.10574032510681554,500
pud,equalize,686,0.08674568199167008,0.001,1000,90,160,1.7777777777777777,0.6897222222222222,0.17002777489943657,3427739300,0.7789333333333333,0.09041852430555206,991.034,361.23177827992725,0.7527333333333334,0.10845037554368103,500
pud,equalize,687,0.0469413970544704,0.001,1000,90,160,1.7777777777777777,0.7184722222222222,0.16640246040572837,2699615579,0.7910222222222223,0.0847067379289005,975.75,379.3093231457017,0.7635777777777778,0.11831716060479038,500
pud,equalize,688,0.021713786735349117,0.001,1000,90,160,1.7777777777777777,0.7202777777777778,0.16599339257233994,2678955084,0.7404,0.08718835386792871,915.18,333.59391691517027,0.7055111111111111,0.11076654656706077,500
pud,equalize,689,0.00956262684342224,0.001,1000,90,160,1.7777777777777777,0.7206944444444444,0.16615102219634384,4119470531,0.7198,0.09640516229976223,891.874,334.35029289761576,0.6841555555555555,0.11368893657351063,500
pud,equalize,690,0.09628573846410543,0.001,1000,90,160,1.7777777777777777,0.7016666666666667,0.16729627048544116,1573756722,0.8002888888888889,0.07322566875782906,991.68,379.250396607114,0.7888444444444445,0.10213581973807898,500
pud,equalize,691,0.08318076449430568,0.001,1000,90,160,1.7777777777777777,0.6954166666666667,0.16664730409671544,1153058271,0.7951333333333334,0.08106743210719664,1023.094,364.479321107563,0.7063555555555555,0.055518598261868196,500
pud,equalize,692,0.03075993892219613,0.001,1000,90,160,1.7777777777777777,0.711388888888889,0.16368578221648397,2077506012,0.7442666666666666,0.08653626808085749,948.818,363.5121718376818,0.7188444444444444,0.09743715085687069,500
pud,equalize,693,0.07987066160266228,0.001,1000,90,160,1.7777777777777777,0.7052777777777778,0.16620248366184898,3491544659,0.762,0.08485881994581239,943.842,347.45214782190095,0.7409777777777777,0.10120788603586428,500
pud,equalize,694,0.021142623217171176,0.001,1000,90,160,1.7777777777777777,0.7184722222222222,0.16070107929757052,1244456925,0.7425333333333333,0.08671525167012756,901.622,326.65789118241656,0.7080888888888889,0.1121362285743362,500
pud,equalize,695,0.03851133325214623,0.001,1000,90,160,1.7777777777777777,0.7083333333333334,0.16487551219118549,1405987202,0.7433111111111111,0.09329138553270579,928.938,332.1147611672363,0.6654666666666667,0.10651153084304305,500
pud,equalize,696,0.052556717151155855,0.001,1000,90,160,1.7777777777777777,0.7161111111111111,0.1643709235404333,1037298107,0.7620666666666667,0.0866383175919447,975.284,365.3890826330404,0.5349333333333333,0.09227790181330996,500
pud,equalize,697,0.019545278700238713,0.001,1000,90,160,1.7777777777777777,0.7184722222222222,0.167000708422983,2801210889,0.7467333333333334,0.09014062702571923,954.28,351.8982727845898,0.7116666666666667,0.11499529107638262,500
pud,equalize,698,0.035565211520649655,0.001,1000,90,160,1.7777777777777777,0.7088888888888889,0.17454379846923707,3869145166,0.7349777777777777,0.09214296412021321,907.912,348.94077949013405,0.6868444444444445,0.1198883173603718,500
pud,equalize,699,0.05024333465099845,0.001,1000,90,160,1.7777777777777777,0.7068055555555556,0.16675457627043322,1347274304,0.7690666666666667,0.08409864859946747,949.85,359.0406158468083,0.731111111111111,0.11483408710955585,500
pud,equalize,700,0.07548489574920136,0.001,1000,90,160,1.7777777777777777,0.7068055555555556,0.16447971781305115,2277280931,0.7698222222222222,0.07499007744220301,943.078,339.819042844511,0.7388666666666667,0.10065595249367539,500
pud,equalize,701,0.0026001599950812304,0.001,1000,90,160,1.7777777777777777,0.7245833333333334,0.16390694750343873,1082413850,0.7228222222222221,0.09168603602301231,876.762,308.7620659711382,0.6844222222222223,0.11542954908128332,500
pud,equalize,702,0.019027897837244036,0.001,1000,90,160,1.7777777777777777,0.7236111111111111,0.14642668821323793,550869150,0.7642888888888889,0.08219041372607785,953.344,372.27885348688164,0.7361333333333333,0.10082448896425363,500
pud,equalize,703,0.007248797687482156,0.001,1000,90,160,1.7777777777777777,0.7270833333333333,0.1653884289849202,4051959908,0.7277333333333333,0.09272371447641896,882.606,348.78459850789375,0.6892444444444444,0.11477534942549972,500
pud,equalize,704,0.09834168124354692,0.001,1000,90,160,1.7777777777777777,0.6683333333333333,0.17198882431873616,3106403811,0.7839111111111111,0.06949334372790293,993.462,368.3825619922311,0.7596444444444443,0.08567775903829819,500
pud,equalize,705,0.040938566726640015,0.001,1000,90,160,1.7777777777777777,0.7088888888888889,0.16486075476020173,2918900546,0.7564666666666667,0.08132119582904622,931.514,357.0635834262833,0.6959555555555555,0.1087454146365861,500
pud,equalize,706,0.01639269814421924,0.001,1000,90,160,1.7777777777777777,0.7194444444444444,0.16423963950279738,3249621127,0.7363999999999999,0.09650862522627905,912.544,343.44139536185247,0.6879555555555555,0.12332799922667863,500
pud,equalize,707,0.09961173890686972,0.001,1000,90,160,1.7777777777777777,0.6854166666666667,0.1691314755906639,3959310288,0.7677555555555556,0.07214244261887037,952.28,356.9310930843946,0.6407555555555556,0.06955248865139273,500
pud,equalize,708,0.01892651381329499,0.001,1000,90,160,1.7777777777777777,0.7277777777777777,0.1659881995518555,4086573151,0.73,0.09410886456055305,882.272,339.30587228330114,0.6930888888888889,0.11620217785907436,500
pud,equalize,709,0.028343165191060105,0.001,1000,90,160,1.7777777777777777,0.71875,0.1646388058440748,375896421,0.7316666666666666,0.09077784441449478,908.446,339.72993972844955,0.6869777777777778,0.11278324067881408,500
pud,equalize,710,0.03289775920318213,0.001,1000,90,160,1.7777777777777777,0.7216666666666667,0.16382899102197349,2408681544,0.7476888888888888,0.08901039346466183,914.714,333.2927606964564,0.7224666666666667,0.10221423250121343,500
pud,equalize,711,0.08824374393743223,0.001,1000,90,160,1.7777777777777777,0.6875,0.1653834290255859,2754656885,0.7802444444444444,0.08620181186573399,963.488,358.58222527136104,0.6993555555555556,0.13063524669309973,500
pud,equalize,712,0.03608337425926457,0.001,1000,90,160,1.7777777777777777,0.7226388888888888,0.16714554617976252,819861052,0.7663333333333334,0.08393061393299585,975.128,398.81721371564663,0.7314222222222222,0.11439503400775736,500
pud,equalize,713,0.0059617136690726,0.001,1000,90,160,1.7777777777777777,0.7245833333333334,0.16390694750343873,2685441680,0.7220222222222222,0.09390863768773336,887.136,335.0641931497041,0.682288888888889,0.11339511983635665,500
pud,equalize,714,0.05844605638862293,0.001,1000,90,160,1.7777777777777777,0.7158333333333333,0.1689031910759306,1350932602,0.7833555555555555,0.08920423632996777,976.766,397.6749501489277,0.7552444444444444,0.11733788949542157,500
pud,equalize,715,0.05801198333263601,0.001,1000,90,160,1.7777777777777777,0.7097222222222223,0.18687965870972406,3546244503,0.7489333333333332,0.10156789604551723,950.476,349.8651979512609,0.6338444444444444,0.15118550796733932,500
pud,equalize,716,0.07495954996508206,0.001,1000,90,160,1.7777777777777777,0.7102777777777778,0.16662274521562073,51644693,0.7657333333333334,0.07796121765642518,960.676,350.94310814476563,0.7482666666666666,0.08706778468022744,500
pud,equalize,717,0.0036646413481600695,0.001,1000,90,160,1.7777777777777777,0.7245833333333334,0.16390694750343873,4216338644,0.7208666666666667,0.0926016505626623,903.994,335.7251744351306,0.6790666666666667,0.11347439058696289,500
pud,equalize,718,0.031478431106164405,0.001,1000,90,160,1.7777777777777777,0.72,0.16978285711472846,3917958808,0.735111111111111,0.09680463489111048,919.606,330.4047781113306,0.683,0.13042033342691173,500
pud,equalize,719,0.06709792659216758,0.001,1000,90,160,1.7777777777777777,0.6873611111111111,0.16193379024649104,1854037200,0.7557999999999999,0.09797771859333933,975.562,335.1726055437915,0.722,0.12126382809745538,500
pud,equalize,720,0.05550203293694309,0.001,1000,90,160,1.7777777777777777,0.7065277777777778,0.16312458280831893,3570679507,0.7469555555555555,0.09564797227366782,945.128,362.8349680558479,0.5806222222222223,0.0759498793663224,500
pud,equalize,721,0.07063625982851073,0.001,1000,90,160,1.7777777777777777,0.7131944444444445,0.16845527084958542,1812404188,0.7880888888888888,0.08832683582309346,981.286,365.73246598757765,0.7596,0.1174118159549617,500
pud,equalize,722,0.09624603758619288,0.001,1000,90,160,1.7777777777777777,0.6865277777777778,0.16572257207329374,197408514,0.7817999999999999,0.09093269103419793,986.382,348.6057486789684,0.6268444444444444,0.13217363995980874,500
pud,equalize,723,0.023956246968799434,0.001,1000,90,160,1.7777777777777777,0.725,0.15117977886556172,1384897156,0.7521777777777778,0.0818490874361437,927.79,342.57138849066894,0.7206666666666667,0.10314603904773219,500
pud,equalize,724,0.02432882039554144,0.001,1000,90,160,1.7777777777777777,0.7177777777777777,0.167688095767849,842762880,0.7661111111111111,0.08771174187238297,944.87,362.8830628930887,0.7337777777777779,0.11190453743217652,500
pud,equalize,725,0.07014471541531926,0.001,1000,90,160,1.7777777777777777,0.7052777777777778,0.16233202062261892,3126992351,0.776888888888889,0.07273093877748396,978.796,371.58749294591115,0.761511111111111,0.08149550967951695,500
pud,equalize,726,0.036421778378468904,0.001,1000,90,160,1.7777777777777777,0.7156944444444444,0.16420851469511677,3924929465,0.7276888888888888,0.09404307551306351,916.12,327.76005691636635,0.6862666666666667,0.11415140411502397,500
pud,equalize,727,0.06991649653340358,0.001,1000,90,160,1.7777777777777777,0.7080555555555555,0.15583053185650364,2372080728,0.7358,0.09550935122336265,889.014,335.32023667868975,0.6803555555555555,0.12648395530580483,500
pud,equalize,728,0.08935018957917738,0.001,1000,90,160,1.7777777777777777,0.6620833333333334,0.17000162019849183,2125899026,0.7735555555555556,0.08678739400302707,1007.022,387.229020276488,0.7076888888888889,0.1133711019362926,500
pud,equalize,729,0.030309072494065538,0.001,1000,90,160,1.7777777777777777,0.7156944444444444,0.1615862643421123,2068643854,0.7369555555555555,0.08766957921717641,888.946,324.9138055640176,0.6228888888888889,0.09278134105693774,500
pud,equalize,730,0.09834218307393508,0.001,1000,90,160,1.7777777777777777,0.6859722222222222,0.16489976689705985,1669486135,0.776,0.07557428350550731,1000.67,368.85792038515547,0.7481555555555556,0.09347607866700966,500
pud,equalize,731,0.01439321017825268,0.001,1000,90,160,1.7777777777777777,0.7197222222222223,0.16467779648335204,1148951055,0.7328,0.09850166242597314,897.282,326.11147766942435,0.5889333333333333,0.07955315717833886,500
pud,equalize,732,0.05874372068127403,0.001,1000,90,160,1.7777777777777777,0.7070833333333334,0.16667221428099202,1793154699,0.7581333333333333,0.09374020380628569,927.154,355.0523491335474,0.6984444444444444,0.1360265734317431,500
pud,equalize,733,0.06380323391248521,0.001,1000,90,160,1.7777777777777777,0.7111111111111111,0.1695927899070314,3302415281,0.7288666666666667,0.09757214820326614,939.93,354.18935797480583,0.6640666666666667,0.11401637291962936,500
pud,equalize,734,0.05137811731325346,0.001,1000,90,160,1.7777777777777777,0.7158333333333333,0.16673644024448447,412919944,0.7753111111111112,0.07672951705956237,970.154,362.4234371278422,0.7624,0.09370216907454619,500
pud,equalize,735,0.07760414354537232,0.001,1000,90,160,1.7777777777777777,0.6856944444444444,0.1556127813725853,3193971047,0.7380666666666668,0.08080941809281927,911.152,329.18052270609536,0.5877777777777778,0.07205459882551075,500
pud,equalize,736,0.029982663484758754,0.001,1000,90,160,1.7777777777777777,0.7151388888888889,0.16344538539025982,114399281,0.7334222222222222,0.09440411728914173,921.452,333.67710217068554,0.6966666666666667,0.11804987412161085,500
pud,equalize,737,0.06196370364835899,0.001,1000,90,160,1.7777777777777777,0.7324999999999999,0.16448860381511704,4177964179,0.776,0.09299043158658452,970.244,385.77815650457995,0.7422666666666666,0.13061580828448502,500
pud,equalize,738,0.09518113317168679,0.001,1000,90,160,1.7777777777777777,0.6831944444444444,0.15873288886704778,3934310749,0.7907777777777778,0.07670725241492699,1038.336,393.5667677858622,0.7731777777777779,0.09623571708971415,500
pud,equalize,739,0.07777310574382813,0.001,1000,90,160,1.7777777777777777,0.7019444444444444,0.1742627871349554,3789905675,0.7897777777777778,0.09053912379452271,1003.998,376.8629530303203,0.7551777777777778,0.10739317596014464,500
pud,equalize,740,0.05041266687046262,0.001,1000,90,160,1.7777777777777777,0.7233333333333333,0.1639215471364577,1960992483,0.7403111111111111,0.08454483128198419,910.02,333.9823648638953,0.711488888888889,0.10393007362818205,500
pud,equalize,741,0.004255171935035651,0.001,1000,90,160,1.7777777777777777,0.7245833333333334,0.16390694750343873,2412676225,0.7327555555555556,0.09599290942583279,909.228,348.0440738911403,0.6967555555555556,0.11622326488073437,500
pud,equalize,742,0.011881599088519124,0.001,1000,90,160,1.7777777777777777,0.7244444444444444,0.16199721716319582,4105440331,0.7387555555555556,0.09496454952842527,922.686,346.57837286980583,0.7049333333333333,0.11374242555044363,500
pud,equalize,743,0.04264911786218492,0.001,1000,90,160,1.7777777777777777,0.6991666666666666,0.15329754748466604,269043302,0.7332000000000001,0.09254067452624509,929.366,333.1520262420424,0.6913555555555556,0.11758932377572934,500
pud,equalize,744,0.020923302418308254,0.001,1000,90,160,1.7777777777777777,0.7188888888888889,0.17053709664820776,964051985,0.7696222222222222,0.08158542758125906,939.366,345.18806126411516,0.718111111111111,0.11309796727456174,500
pud,equalize,745,0.00786772538339824,0.001,1000,90,160,1.7777777777777777,0.7229166666666667,0.1674783760748673,2210033522,0.721111111111111,0.09206231290508282,886.668,336.40415765947535,0.6794444444444444,0.11249829905441162,500
pud,equalize,746,0.09482464652137669,0.001,1000,90,160,1.7777777777777777,0.6909722222222222,0.16966344753645352,281477481,0.7801777777777779,0.09706429836847283,1002.894,369.231844610061,0.6274666666666667,0.13347669869766596,500
pud,equalize,747,0.05557154586510415,0.001,1000,90,160,1.7777777777777777,0.7136111111111111,0.16271348817702447,3999771407,0.7747333333333334,0.08366032779383642,968.09,366.42429973306866,0.7486666666666666,0.11454912598438653,500
pud,equalize,748,0.054563455301135745,0.001,1000,90,160,1.7777777777777777,0.7209722222222222,0.1674305077011902,855101779,0.7613111111111112,0.088569396321859,929.052,377.3960689802737,0.6419333333333332,0.07661513246400516,500
pud,equalize,749,0.0784330681876157,0.001,1000,90,160,1.7777777777777777,0.7169444444444445,0.17017814921515387,2906648403,0.7815555555555556,0.08411854514345743,931.924,348.37949821071163,0.7451333333333333,0.11675816623778776,500
pud,equalize,750,0.01455416026944485,0.001,1000,90,160,1.7777777777777777,0.7177777777777777,0.16506238105967977,2143913215,0.7314444444444445,0.09490672356209993,891.198,328.53521206582155,0.6910888888888889,0.11593982960215339,500
pud,equalize,751,0.03321768697523821,0.001,1000,90,160,1.7777777777777777,0.7115277777777778,0.1628522808142691,2945975466,0.7183555555555556,0.10482726169054354,876.394,320.2878758411278,0.5828444444444444,0.09041228542240926,500
pud,equalize,752,0.04408030997034721,0.001,1000,90,160,1.7777777777777777,0.7118055555555556,0.160829064805673,2476998581,0.7560444444444445,0.08975451372003836,962.954,361.0335196191305,0.7260222222222222,0.11361520085255568,500
pud,equalize,753,0.06969439346506219,0.001,1000,90,160,1.7777777777777777,0.7177777777777777,0.16484497038590604,1161839115,0.795,0.07471255852893598,990.988,376.6547829339408,0.7847333333333334,0.09351291425645235,500
pud,equalize,754,0.0019716186956381557,0.001,1000,90,160,1.7777777777777777,0.7245833333333334,0.16390694750343873,1457919563,0.7322666666666666,0.09614581073938878,898.852,339.67869129906467,0.6956222222222223,0.1200865843811714,500
pud,equalize,755,0.08874264378280894,0.001,1000,90,160,1.7777777777777777,0.6888888888888889,0.1632572368612755,832895890,0.7576,0.08288429751190461,995.574,389.25229765083316,0.7274222222222222,0.10532294918500829,500
pud,equalize,756,0.06434932779305116,0.001,1000,90,160,1.7777777777777777,0.7041666666666667,0.16355509292144998,4085046439,0.7423777777777777,0.0894904245409234,935.66,334.37296385610466,0.7050666666666667,0.10593841429643142,500
pud,equalize,757,0.09776035758236995,0.001,1000,90,160,1.7777777777777777,0.6773611111111111,0.1674264485700307,171226662,0.7682222222222221,0.09041525168193687,998.758,375.46081697851287,0.7098888888888889,0.12788055077138558,500
pud,equalize,758,0.06250686891052568,0.001,1000,90,160,1.7777777777777777,0.7070833333333334,0.16643493061228104,1247408304,0.7744444444444445,0.08373945424549252,956.876,347.3891925870068,0.6570888888888888,0.06676953023270032,500
pud,equalize,759,0.051333988122479815,0.001,1000,90,160,1.7777777777777777,0.7141666666666667,0.17522200000562574,2292143674,0.7497333333333334,0.0972095287066164,910.748,365.0087276195968,0.6689555555555555,0.12786007244110398,500
pud,equalize,760,0.02212857259946104,0.001,1000,90,160,1.7777777777777777,0.7222222222222222,0.17028258778258779,797157382,0.7287111111111111,0.09307589268523758,909.358,317.5175153927138,0.6909111111111111,0.11134515319762327,500
pud,equalize,761,0.013924123235926412,0.001,1000,90,160,1.7777777777777777,0.7195833333333334,0.1641581415660363,3258860422,0.7372444444444444,0.09038493871158358,896.666,330.9204543969388,0.7002,0.11650972680548173,500
pud,equalize,762,0.06309916759431031,0.001,1000,90,160,1.7777777777777777,0.7175,0.17398947074381477,3820367328,0.7837333333333334,0.08923384412947344,949.99,386.5593332675756,0.7353999999999999,0.11046539381703964,500
pud,equalize,763,0.0691835284032581,0.001,1000,90,160,1.7777777777777777,0.7061111111111111,0.16540986284767378,2423541988,0.8150222222222222,0.08110857632163894,1035.516,411.7965840037948,0.7232000000000001,0.1433432908877479,500
pud,equalize,764,0.024908752659068056,0.001,1000,90,160,1.7777777777777777,0.7048611111111112,0.16641603472270827,1751566935,0.7379111111111112,0.09391955732421997,910.182,346.4754006889453,0.6973111111111111,0.11457495266343018,500
pud,equalize,765,0.05842619175671936,0.001,1000,90,160,1.7777777777777777,0.7154166666666667,0.17014785460639184,1274663096,0.7557555555555556,0.08724946354215639,974.03,360.27320558893996,0.7086222222222223,0.10321403197360958,500
pud,equalize,766,0.06622528260628674,0.001,1000,90,160,1.7777777777777777,0.6983333333333334,0.16593983472966495,884923920,0.7856222222222222,0.0808698932381583,1008.8,385.53891698896734,0.7020888888888889,0.13334105967371168,500
pud,equalize,767,0.08349207380800211,0.001,1000,90,160,1.7777777777777777,0.7070833333333334,0.16446572384948105,3503293196,0.7536444444444443,0.09707007912973438,942.54,349.2030784227996,0.6851111111111111,0.12554263820224182,500
pud,equalize,768,0.03113254989207285,0.001,1000,90,160,1.7777777777777777,0.7215277777777778,0.16716333834023892,2368975978,0.7394444444444445,0.09288467995054052,919.438,335.5069059257166,0.6961777777777778,0.11364167084539112,500
pud,equalize,769,0.08567077526919283,0.001,1000,90,160,1.7777777777777777,0.7033333333333333,0.1672885575005458,3671425343,0.7621777777777778,0.07882269121633136,944.888,366.15643176249426,0.6811111111111111,0.08327430552494608,500
pud,equalize,770,0.041918377521949615,0.001,1000,90,160,1.7777777777777777,0.70375,0.16196535522472913,1751038296,0.7462444444444444,0.08519065520921953,939.086,344.39187291261186,0.6917777777777778,0.11190122105106035,500
pud,equalize,771,0.029157810246807938,0.001,1000,90,160,1.7777777777777777,0.7131944444444445,0.16214008147032716,4027147006,0.7340666666666668,0.09494096107950413,916.902,321.4759056474118,0.6999555555555556,0.11649183919241483,500
pud,equalize,772,0.03530241043693325,0.001,1000,90,160,1.7777777777777777,0.7273611111111111,0.1618775227912655,556894088,0.7328222222222222,0.09398382968080517,893.2,335.98653828362774,0.6841777777777778,0.12256092822628045,500
pud,equalize,773,0.017656043417811098,0.001,1000,90,160,1.7777777777777777,0.7151388888888889,0.16209115099758376,586378997,0.7388444444444444,0.09566805554870646,914.242,343.7735532991097,0.6034666666666667,0.07669883054126694,500
pud,equalize,774,0.07526777055855727,0.001,1000,90,160,1.7777777777777777,0.6930555555555555,0.16949918335814448,2613890048,0.773888888888889,0.08158562166148939,976.986,375.9881114129112,0.6792888888888889,0.11496409274658136,500
pud,equalize,775,0.09157155588475524,0.001,1000,90,160,1.7777777777777777,0.6954166666666667,0.17464420452705598,1081444182,0.7635333333333333,0.08562135887686104,998.498,385.1347394497958,0.6322666666666666,0.12041783807338241,500
pud,equalize,776,0.06338065745498689,0.001,1000,90,160,1.7777777777777777,0.7069444444444445,0.17561584049415147,2566612255,0.7915777777777778,0.08617218727420392,1047.27,386.3650203601717,0.7236666666666667,0.13540890805012257,500
pud,equalize,777,0.05192178566204252,0.001,1000,90,160,1.7777777777777777,0.7047222222222221,0.16674477321430728,3491249272,0.7774222222222222,0.08354199068389022,1009.606,387.94251836982,0.7494222222222222,0.11001648291180662,500
pud,equalize,778,0.0839837185967594,0.001,1000,90,160,1.7777777777777777,0.6794444444444444,0.1633631765837648,944711533,0.750511111111111,0.07565075472634283,949.906,333.55217773917934,0.7002,0.0882475723943673,500
pud,equalize,779,0.027489623597763982,0.001,1000,90,160,1.7777777777777777,0.7215277777777778,0.1523688173361376,3060195698,0.7397999999999999,0.08824589023531153,895.434,333.85277142773566,0.7071111111111111,0.10518980569686334,500
pud,equalize,780,0.0018995780103261862,0.001,1000,90,160,1.7777777777777777,0.7245833333333334,0.16390694750343873,2117971070,0.7277111111111111,0.09013403952050533,933.02,332.315378249702,0.6886666666666666,0.11081211161357447,500
pud,equalize,781,0.010693044912269412,0.001,1000,90,160,1.7777777777777777,0.7270833333333333,0.16315297924947048,608336006,0.7338,0.08765865153816872,897.742,344.4035642471377,0.6974444444444444,0.10616764020647741,500
pud,equalize,782,0.02891845013871265,0.001,1000,90,160,1.7777777777777777,0.7144444444444444,0.1595319797607379,2749229423,0.7634666666666667,0.08405135335461435,949.622,379.5327090917739,0.7312888888888889,0.10936398836709198,500
pud,equalize,783,0.09523387198196892,0.001,1000,90,160,1.7777777777777777,0.7013888888888888,0.1647568746915152,2248769148,0.784,0.07452265273095579,1012.036,360.20158949420016,0.7426222222222223,0.10185754901308146,500
pud,equalize,784,0.09592755013483178,0.001,1000,90,160,1.7777777777777777,0.7116666666666667,0.16842284070705124,3922903789,0.7574222222222222,0.1037769714987582,964.08,351.3169520555522,0.6771111111111111,0.1549166189001363,500
pud,equalize,785,0.015172390273335036,0.001,1000,90,160,1.7777777777777777,0.7186111111111111,0.1657587993552906,555435456,0.7297333333333333,0.0962077035106855,910.548,341.5532475879503,0.6852222222222222,0.12150917486526203,500
pud,equalize,786,0.0675473217560191,0.001,1000,90,160,1.7777777777777777,0.7094444444444444,0.16414223375666162,4077899227,0.7789111111111111,0.08506847616451656,976.136,373.4216074329332,0.7192000000000001,0.11730984292836841,500
pud,equalize,787,0.060626846935000804,0.001,1000,90,160,1.7777777777777777,0.71125,0.16694468212785057,2914427294,0.7868444444444445,0.08730648955169731,960.43,371.8664254497219,0.7466,0.11835460976233819,500
pud,equalize,788,0.08420926863075852,0.001,1000,90,160,1.7777777777777777,0.6890277777777778,0.16067416893549605,2459331984,0.7463777777777777,0.09056243271660833,952.426,350.8355336440918,0.6774222222222223,0.10215458635856692,500
pud,equalize,789,0.010171147802935931,0.001,1000,90,160,1.7777777777777777,0.7255555555555555,0.1634240905293537,2398943750,0.7284666666666667,0.09271582417820792,891.05,325.37922918583945,0.6894888888888889,0.1156964588933481,500
pud,equalize,790,0.08796145855063042,0.001,1000,90,160,1.7777777777777777,0.7055555555555556,0.1633771860855194,1600920973,0.7629555555555555,0.07577048751328215,925.186,360.73356485587425,0.7076444444444444,0.10413092224248247,500
pud,equalize,791,0.01203432591726601,0.001,1000,90,160,1.7777777777777777,0.7188888888888889,0.1640304042935622,707679317,0.7213111111111111,0.0896615797965348,893.338,345.6722702109408,0.6640888888888888,0.1128576690349682,500
pud,equalize,792,0.06428433542099601,0.001,1000,90,160,1.7777777777777777,0.7040277777777777,0.1562657369146595,3685131211,0.7422444444444444,0.09841189039293878,931.232,367.90341670613503,0.6892666666666667,0.12160267053272222,500
pud,equalize,793,0.06867593065949687,0.001,1000,90,160,1.7777777777777777,0.7045833333333333,0.17087559715395292,77424577,0.7622222222222221,0.10155523836341945,934.996,355.29615632793264,0.6918666666666666,0.13741983081522138,500
pud,equalize,794,0.08844099049961028,0.001,1000,90,160,1.7777777777777777,0.7005555555555555,0.16782050952386382,2190074612,0.7545333333333333,0.08931894408374874,892.444,326.5626635278762,0.5844666666666667,0.08954030677864748,500
pud,equalize,795,0.09493847449147422,0.001,1000,90,160,1.7777777777777777,0.6729166666666667,0.16340373780574735,3753969924,0.7362000000000001,0.08542533763441172,913.008,309.86618731976586,0.7030222222222222,0.10129057604812113,500
pud,equalize,796,0.0533143015648355,0.001,1000,90,160,1.7777777777777777,0.7181944444444445,0.13675082335901048,1963409261,0.757488888888889,0.07708901059532365,962.06,336.8598008829515,0.7385555555555555,0.10055457446028884,500
pud,equalize,797,0.043823557441222266,0.001,1000,90,160,1.7777777777777777,0.7018055555555556,0.16469669023022998,3201387331,0.7511777777777778,0.09270555537841695,945.512,343.03347619084514,0.7247333333333333,0.11443206951230149,500
pud,equalize,798,0.016636023830703294,0.001,1000,90,160,1.7777777777777777,0.7179166666666666,0.1642639479861702,200890126,0.7330666666666668,0.0963056318947885,936.144,342.8406783411952,0.65,0.10343921377713554,500
pud,equalize,799,0.07070133161460902,0.001,1000,90,160,1.7777777777777777,0.699861111111111,0.18341931920148294,3543774502,0.7362444444444444,0.0926378723992362,945.816,334.5680344614033,0.7043555555555555,0.10902650136753604,500
pud,equalize,800,0.048270868471875665,0.001,1000,90,160,1.7777777777777777,0.7136111111111111,0.16659257819732537,2776633428,0.7486888888888888,0.09502850042758451,920.916,340.7555040951535,0.7087555555555556,0.13540614724284378,500
pud,equalize,801,0.08811160598829522,0.001,1000,90,160,1.7777777777777777,0.68625,0.1729708947552085,3111207431,0.7715777777777778,0.09148042252734702,976.838,356.9222474678133,0.6321111111111111,0.0939983176078446,500
pud,equalize,802,0.043671055447823584,0.001,1000,90,160,1.7777777777777777,0.6959722222222222,0.15772676579049127,3801420536,0.7287333333333333,0.08681803691163395,884.856,323.9714404889804,0.6757111111111112,0.11351845682784355,500
pud,equalize,803,0.07799636789243056,0.001,1000,90,160,1.7777777777777777,0.7051388888888889,0.16620804612927179,1518462939,0.7397777777777779,0.09473614689958497,945.028,352.411320325251,0.6227555555555556,0.11362209274573258,500
pud,equalize,804,0.07013375711447886,0.001,1000,90,160,1.7777777777777777,0.7048611111111112,0.1633070867734115,3971234153,0.7327111111111111,0.0894278251238431,889.922,341.9757106716482,0.6670666666666667,0.10719594249935396,500
pud,equalize,805,0.02534177824467151,0.001,1000,90,160,1.7777777777777777,0.7131944444444445,0.16416467242576632,1320891838,0.7392222222222222,0.09117054667823185,934.076,354.13155824508226,0.5987111111111111,0.08112874263518197,500
pud,equalize,806,0.04051086296257539,0.001,1000,90,160,1.7777777777777777,0.7215277777777778,0.17514862492932667,2396896537,0.7377999999999999,0.08809234228041893,923.712,346.5124396000744,0.6982,0.10627167225701746,500
pud,equalize,807,0.018767107150501672,0.001,1000,90,160,1.7777777777777777,0.7208333333333333,0.17024015145325155,3236343746,0.7537111111111111,0.08845812737041017,987.084,389.0313402689077,0.7205777777777778,0.1138550606629588,500
pud,equalize,808,0.061277219017547506,0.001,1000,90,160,1.7777777777777777,0.6988888888888889,0.1609247360826308,1770014921,0.7414,0.09325645750867585,934.082,336.9168104299645,0.7018222222222222,0.11993729857801837,500
pud,equalize,809,0.05722717671512756,0.001,1000,90,160,1.7777777777777777,0.7027777777777777,0.16810187735683235,3260420633,0.7265111111111111,0.08981440628395833,907.596,344.68324860331626,0.6612888888888889,0.11374399165753749,500
pud,equalize,810,0.07862444226945405,0.001,1000,90,160,1.7777777777777777,0.7011111111111111,0.16251547722060566,2220196641,0.7673777777777777,0.07661269435150755,966.9,384.72059715558703,0.6595555555555556,0.07450937191308427,500
pud,equalize,811,0.03285265709133073,0.001,1000,90,160,1.7777777777777777,0.7056944444444445,0.17428210260259253,81401383,0.7521111111111111,0.08368618239960295,966.058,366.4464553591569,0.6669555555555555,0.10683912013041949,500
pud,equalize,812,0.07021261236171518,0.001,1000,90,160,1.7777777777777777,0.6879166666666667,0.16499480734645852,882770588,0.741488888888889,0.09380422980221077,933.78,328.43705851015903,0.7003777777777778,0.11727758530361448,500
pud,equalize,813,0.08731855160415433,0.001,1000,90,160,1.7777777777777777,0.6929166666666666,0.16898690896497914,2196940781,0.7737999999999999,0.09039160372949652,1012.3,398.90999029946767,0.7162666666666666,0.13115977947072896,500
pud,equalize,814,0.07265698122537927,0.001,1000,90,160,1.7777777777777777,0.6918055555555556,0.1712503637732396,1190468323,0.7661111111111111,0.09115317742199411,992.188,381.5357331723659,0.6206,0.08455292812533691,500
pud,equalize,815,0.01812409990488466,0.001,1000,90,160,1.7777777777777777,0.7277777777777777,0.1657554189494334,191074914,0.7881555555555556,0.06836843428513524,991.98,380.6931390664462,0.7821333333333333,0.07838009614395525,500
pud,equalize,816,0.08953356232701848,0.001,1000,90,160,1.7777777777777777,0.6797222222222222,0.17947936199409098,3188372784,0.7507999999999999,0.08895066880016715,955.94,356.82198398713194,0.6086888888888888,0.08151203215313943,500
pud,equalize,817,0.08410251320634235,0.001,1000,90,160,1.7777777777777777,0.6959722222222222,0.1693631218569299,3373759992,0.8095777777777777,0.07813399041518584,1024.852,387.1795424505077,0.6817111111111112,0.10497925629125929,500
pud,equalize,818,0.016813182714036645,0.001,1000,90,160,1.7777777777777777,0.7248611111111111,0.16675444941256906,2335058341,0.7496444444444443,0.08635111467328772,912.508,369.01548856056877,0.716,0.10876981024063057,500
pud,equalize,819,0.007930528509032964,0.001,1000,90,160,1.7777777777777777,0.7184722222222222,0.1610983055281301,232280356,0.7252222222222222,0.0913359316263137,906.106,337.1132115459101,0.6844,0.11246381221362463,500
pud,equalize,820,0.056274415178921504,0.001,1000,90,160,1.7777777777777777,0.7002777777777778,0.16084626384075987,1895979026,0.7675555555555555,0.08341056318902562,993.382,384.1712211114473,0.7044,0.1262514651207548,500
pud,equalize,821,0.04469541853642629,0.001,1000,90,160,1.7777777777777777,0.7130555555555556,0.15577042532056903,3287067081,0.7792888888888889,0.07691372325121687,950.374,344.50847639007264,0.7295111111111111,0.10603738895178169,500
pud,equalize,822,0.0916410431849471,0.001,1000,90,160,1.7777777777777777,0.6936111111111111,0.16034959698421236,2349650075,0.7388666666666667,0.08414618482200757,899.034,341.97671410489346,0.6015111111111111,0.07185818879821666,500
pud,equalize,823,0.06137617503239863,0.001,1000,90,160,1.7777777777777777,0.7002777777777778,0.16378787688084942,3183335744,0.7637111111111111,0.08673010655626077,1003.608,398.32460043364284,0.7108222222222222,0.11040598122282419,500
pud,equalize,824,0.04000064395392827,0.001,1000,90,160,1.7777777777777777,0.706388888888889,0.16198063054745201,3689779333,0.7355111111111111,0.08592646467734988,947.196,341.52850103327546,0.6898222222222222,0.10556929207810427,500
pud,equalize,825,0.03148070469531949,0.001,1000,90,160,1.7777777777777777,0.7184722222222222,0.1712850110686368,2121433715,0.7795555555555556,0.08091793811862334,980.682,379.2024444326904,0.7579111111111112,0.0993378807284197,500
pud,equalize,826,0.08448300578884715,0.001,1000,90,160,1.7777777777777777,0.7006944444444444,0.1609491718447021,3073995744,0.784888888888889,0.06625195735662233,985.16,370.8440926887798,0.7559333333333332,0.07266563435347193,500
pud,equalize,827,0.05284033569690569,0.001,1000,90,160,1.7777777777777777,0.7020833333333333,0.1664655261892104,2831131585,0.7901777777777778,0.08269632880421085,1021.26,374.3636208838709,0.7647333333333334,0.11639608962334659,500
pud,equalize,828,0.028446868345693734,0.001,1000,90,160,1.7777777777777777,0.7125,0.1753199303229289,843252233,0.7359777777777777,0.09442863110439902,901.592,326.6612261185871,0.7025555555555555,0.11354117319649504,500
pud,equalize,829,0.08042542473522955,0.001,1000,90,160,1.7777777777777777,0.6815277777777777,0.16540705373058315,1660703971,0.7669777777777778,0.08738655845709757,945.856,333.01014214817405,0.6305555555555555,0.07648955432688964,500
pud,equalize,830,0.05684382842259081,0.001,1000,90,160,1.7777777777777777,0.6984722222222222,0.1699577647823262,2288821101,0.7446888888888888,0.08744196153861075,906.904,330.7462303970275,0.7008444444444444,0.10518029370290138,500
pud,equalize,831,0.09175090691170297,0.001,1000,90,160,1.7777777777777777,0.7109722222222222,0.1671536715595861,3886099733,0.836488888888889,0.060281451423998676,1083.414,399.3050057026062,0.8359555555555556,0.07145318248625689,500
pud,equalize,832,0.06692939615274435,0.001,1000,90,160,1.7777777777777777,0.7151388888888889,0.17107451975379492,3899552153,0.7462666666666666,0.08663153516633958,935.866,365.11679308021195,0.6526666666666666,0.08073581058069261,500
pud,equalize,833,0.09449869122448043,0.001,1000,90,160,1.7777777777777777,0.7094444444444444,0.1653326910065816,3655416653,0.7551777777777778,0.10900976890271145,955.394,353.27896458413045,0.6389555555555555,0.1488893392084171,500
pud,equalize,834,0.061801491737078385,0.001,1000,90,160,1.7777777777777777,0.7006944444444444,0.1660345773077971,861869968,0.7371333333333333,0.09907975845419828,915.772,337.76766275652847,0.6990222222222222,0.12264771587097476,500
pud,equalize,835,0.07559819973350097,0.001,1000,90,160,1.7777777777777777,0.6852777777777778,0.16823814876532456,528054969,0.7325333333333333,0.09578748011557309,907.142,356.5788535423645,0.6586222222222222,0.13021658929515373,500
pud,equalize,836,0.05154750738508819,0.001,1000,90,160,1.7777777777777777,0.7036111111111112,0.16841491236916073,2713263020,0.7514666666666667,0.08542905916334105,971.65,354.9668977482182,0.7279555555555555,0.09815698415137186,500
pud,equalize,837,0.022799589424178892,0.001,1000,90,160,1.7777777777777777,0.7081944444444445,0.1484885106748053,3052603040,0.729488888888889,0.0867265692301712,911.482,322.4363442109717,0.7055555555555555,0.10216126090243019,500
pud,equalize,838,0.04707919109201706,0.001,1000,90,160,1.7777777777777777,0.7131944444444445,0.15591550424883757,3789385560,0.7253333333333334,0.09021884156079761,901.436,347.52811322678053,0.6106888888888888,0.09916681776239404,500
pud,equalize,839,0.0006603363096787662,0.001,1000,90,160,1.7777777777777777,0.7245833333333334,0.16390694750343873,386868284,0.7263333333333334,0.09547332736635264,900.394,332.5399350164752,0.6876,0.11533206382094723,500
pud,equalize,840,0.04688921455046553,0.001,1000,90,160,1.7777777777777777,0.7190277777777778,0.16672712201934597,3917277350,0.7935555555555556,0.06147248469620173,1001.18,381.65895602937843,0.7846888888888889,0.07724562359980815,500
pud,equalize,841,0.029600645089945667,0.001,1000,90,160,1.7777777777777777,0.7173611111111111,0.1719455393534341,898634099,0.7399111111111112,0.08896785626159857,912.256,333.93016811656406,0.6799555555555555,0.11980751858786189,500
pud,equalize,842,0.08017377891599566,0.001,1000,90,160,1.7777777777777777,0.7108333333333333,0.16445201226934972,3692604273,0.7787999999999999,0.08188531600877506,961.938,376.15087014417566,0.7395555555555555,0.09663324795947678,500
pud,equalize,843,0.09597923752098209,0.001,1000,90,160,1.7777777777777777,0.69375,0.15831090184700936,3257379840,0.7745777777777778,0.06870002338855256,961.58,338.0489991875488,0.7567555555555556,0.09864888977490431,500
pud,equalize,844,0.0019567838473618982,0.001,1000,90,160,1.7777777777777777,0.7245833333333334,0.16390694750343873,2815073198,0.7278,0.09664066993292082,880.978,331.9441630315881,0.6915777777777777,0.11623215200473855,500
pud,equalize,845,0.08186257169172073,0.001,1000,90,160,1.7777777777777777,0.6872222222222223,0.16899691509168635,4094099331,0.7873111111111112,0.08029134644660442,975.972,364.46381845929756,0.7428666666666667,0.11947885508900662,500
pud,equalize,846,0.010265449442461183,0.001,1000,90,160,1.7777777777777777,0.7248611111111111,0.15455367122334784,1816791097,0.7282888888888889,0.09343202626245167,921.544,339.2600460143268,0.6903555555555556,0.11390094542740649,500
pud,equalize,847,0.06964334783274527,0.001,1000,90,160,1.7777777777777777,0.6941666666666667,0.16730225963185483,1285354761,0.7767555555555556,0.09171601877886836,959.424,355.87324112878036,0.7448666666666667,0.11138496423464048,500
pud,equalize,848,0.07203692841027891,0.001,1000,90,160,1.7777777777777777,0.7016666666666667,0.16872307146867932,2609412072,0.7917333333333334,0.08107682221036,1013.032,376.16526632742483,0.7698444444444444,0.10336635947090779,500
pud,equalize,849,0.061402934461897075,0.001,1000,90,160,1.7777777777777777,0.7059722222222222,0.16860849390261157,814981801,0.7429111111111112,0.089132762206706,915.266,335.8425101550644,0.7066,0.10928875407487358,500
pud,equalize,850,0.0011024924124380497,0.001,1000,90,160,1.7777777777777777,0.7245833333333334,0.16390694750343873,3686021357,0.7293555555555556,0.09668152026689118,876.374,312.6184298619944,0.6939333333333333,0.11498689144845098,500
pud,equalize,851,0.050388847213273184,0.001,1000,90,160,1.7777777777777777,0.6959722222222222,0.16721487120455128,2918647619,0.7636666666666666,0.09146045035191129,952.31,360.7233518545013,0.6696444444444444,0.13176552448454734,500
pud,equalize,852,0.0868094236285729,0.001,1000,90,160,1.7777777777777777,0.7040277777777777,0.16890897319724288,4116165983,0.7676222222222223,0.08407603718773972,953.526,352.4894821040594,0.7174666666666667,0.11199427234915323,500
pud,equalize,853,0.09139753178143811,0.001,1000,90,160,1.7777777777777777,0.6827777777777778,0.16947825987858667,1362887437,0.7478666666666667,0.10007366098726948,960.248,340.6917554630298,0.6573333333333333,0.1197790257836893,500
pud,equalize,854,0.04958886367277603,0.001,1000,90,160,1.7777777777777777,0.7279166666666667,0.16757306983872172,3840188637,0.7786888888888889,0.0823130414911573,954.236,381.22758195398825,0.6813111111111111,0.07433523729962459,500
pud,equalize,855,0.022295662921967763,0.001,1000,90,160,1.7777777777777777,0.7191666666666666,0.1696051746352744,975489503,0.7432444444444444,0.08686200573768092,935.932,309.6849187056863,0.7110666666666667,0.10233667703945723,500
pud,equalize,856,0.08633160187840527,0.001,1000,90,160,1.7777777777777777,0.6920833333333334,0.16492409474865613,1117598820,0.7587555555555556,0.09037190834522028,985.988,393.4446813601388,0.6693777777777777,0.13944664848099508,500
pud,equalize,857,0.023867598040424955,0.001,1000,90,160,1.7777777777777777,0.7180555555555556,0.17273147118778354,175078000,0.7307111111111111,0.0963370198619315,885.51,346.9553659361731,0.6521333333333333,0.11091116277835977,500
pud,equalize,858,0.0953357748196896,0.001,1000,90,160,1.7777777777777777,0.6920833333333334,0.16746004320565724,2571365031,0.8220444444444445,0.07478888535088625,1030.952,408.6329986076774,0.7327333333333333,0.19069080536421135,500
pud,equalize,859,0.011205662685381713,0.001,1000,90,160,1.7777777777777777,0.7193055555555555,0.16362936311035725,2450455817,0.7326222222222223,0.09226224272685679,922.682,340.6002847678904,0.6946222222222223,0.11154321678398821,500
pud,equalize,860,0.019262980255151132,0.001,1000,90,160,1.7777777777777777,0.7204166666666667,0.17016737621269787,349685134,0.7317111111111111,0.09765343756990796,908.47,343.16156664411477,0.691,0.11955755002769029,500
pud,equalize,861,0.00928706333601933,0.001,1000,90,160,1.7777777777777777,0.73,0.15398038960173463,2070873579,0.7619777777777778,0.08687594701055025,931.964,381.8451966601452,0.7324444444444445,0.1091349538886197,500
pud,equalize,862,0.02691034934149065,0.001,1000,90,160,1.7777777777777777,0.7111111111111111,0.1618589030094878,2252495684,0.7320888888888889,0.09418602969240153,901.23,324.85045904459315,0.6983777777777778,0.11523234477724563,500
pud,equalize,863,0.07886893425248624,0.001,1000,90,160,1.7777777777777777,0.6854166666666667,0.16586910849982744,2050970621,0.7652,0.08351503681733638,955.718,359.5667099632943,0.7081777777777778,0.0979933656959925,500
pud,equalize,864,0.08769959205912409,0.001,1000,90,160,1.7777777777777777,0.7050000000000001,0.16279696857182238,2116951346,0.7908222222222222,0.08377617361099852,1012.308,394.6783540331095,0.7673777777777777,0.10832392893196441,500
pud,equalize,865,0.09549026403894952,0.001,1000,90,160,1.7777777777777777,0.6958333333333333,0.16444002420498147,3214123810,0.7568222222222222,0.0904266095860075,953.982,350.3572549386931,0.6812888888888889,0.13701954829316693,500
pud,equalize,866,0.01338992901727808,0.001,1000,90,160,1.7777777777777777,0.7179166666666666,0.16486928671285395,1183287610,0.7620666666666667,0.08521304924770669,910.832,343.66802469592193,0.7353111111111111,0.11137483509739143,500
pud,equalize,867,0.07768704429310792,0.001,1000,90,160,1.7777777777777777,0.6906944444444445,0.16366117957102652,1333245280,0.8037111111111112,0.06960997328481056,1059.534,400.1158259709116,0.7864888888888889,0.0978183960490371,500
pud,equalize,868,0.041073804171701034,0.001,1000,90,160,1.7777777777777777,0.7058333333333333,0.1684970902531962,359728951,0.7461111111111111,0.09092761934757083,913.742,317.13186638582175,0.7037555555555556,0.10515531709583596,500
pud,equalize,869,0.05367437230076188,0.001,1000,90,160,1.7777777777777777,0.69375,0.1599118794543631,2999250987,0.749511111111111,0.09057359188060299,933.884,344.52147776485947,0.5876666666666667,0.08277060802025292,500
pud,equalize,870,0.020899421390663232,0.001,1000,90,160,1.7777777777777777,0.7222222222222222,0.16252274807940567,1147629320,0.7261333333333333,0.09691555221360196,888.858,313.4893570601401,0.618,0.08493750276548055,500
pud,equalize,871,0.0803687175158369,0.001,1000,90,160,1.7777777777777777,0.6775,0.16503602395675424,3269203548,0.7981111111111111,0.06790315870321771,984.428,374.56906009113357,0.7686000000000001,0.12076914208522802,500
pud,equalize,872,0.07927763290322105,0.001,1000,90,160,1.7777777777777777,0.6794444444444444,0.1651201289815909,892116150,0.7905333333333333,0.07311473935170561,1032.274,362.2007311744782,0.7714444444444445,0.08856340710255006,500
pud,equalize,873,0.07860441334250519,0.001,1000,90,160,1.7777777777777777,0.7,0.1815030144820432,2459405408,0.7686888888888889,0.07585405754778912,942.448,338.0133626984671,0.7454,0.09022227213045401,500
pud,equalize,874,0.03720008938418719,0.001,1000,90,160,1.7777777777777777,0.7211111111111111,0.15561068301737374,651845309,0.7330444444444445,0.07925196118482838,874.464,350.14222804987037,0.7078222222222222,0.08880561675080584,500
pud,equalize,875,0.0016400240154037739,0.001,1000,90,160,1.7777777777777777,0.7245833333333334,0.16390694750343873,2835920116,0.7248222222222221,0.09688947670902884,911.154,354.319684977175,0.6854222222222223,0.11887725341939415,500
pud,equalize,876,0.06499616359175894,0.001,1000,90,160,1.7777777777777777,0.7120833333333334,0.17686573956181798,3889000953,0.7414,0.10443001980201617,953.574,380.4723787424943,0.6786222222222222,0.15369880833762456,500
pud,equalize,877,0.0034239956720837684,0.001,1000,90,160,1.7777777777777777,0.7245833333333334,0.16390694750343873,2939588778,0.7192888888888889,0.09535742457996678,890.39,326.6365208201113,0.6796888888888889,0.11467368997321294,500
pud,equalize,878,0.01040196019215599,0.001,1000,90,160,1.7777777777777777,0.7211111111111111,0.16525708209918735,1721649075,0.7343333333333334,0.0901724159504028,918.278,333.39097738782203,0.6950444444444445,0.11188501579941101,500
pud,equalize,879,0.0774841334664419,0.001,1000,90,160,1.7777777777777777,0.6781944444444444,0.1695188124632569,3068348354,0.7598222222222222,0.08890596585015953,971.87,362.9393324207727,0.6172444444444444,0.08552654312643718,500
pud,equalize,880,0.06769557010525094,0.001,1000,90,160,1.7777777777777777,0.6931944444444444,0.16007684342565665,1838307313,0.7441333333333333,0.08523381480738824,889.698,333.54248300920216,0.6185555555555555,0.0850899254061612,500
pud,equalize,881,0.05065606840536249,0.001,1000,90,160,1.7777777777777777,0.7097222222222223,0.1669759274730035,3140199918,0.7504666666666667,0.09112381585338021,941.136,342.3673587254504,0.712,0.11234540441587713,500
pud,equalize,882,0.07832335941656764,0.001,1000,90,160,1.7777777777777777,0.6951388888888889,0.1681791157185894,2656180009,0.7549777777777777,0.0833658334902426,953.586,355.003839494888,0.7119333333333333,0.10963195131553384,500
pud,equalize,883,0.08829786428487206,0.001,1000,90,160,1.7777777777777777,0.7001388888888889,0.16367844406673096,399658265,0.7778444444444444,0.0803191726768448,954.66,376.5825131074951,0.7571555555555556,0.0979737717050152,500
pud,equalize,884,0.04763618617591995,0.001,1000,90,160,1.7777777777777777,0.7140277777777778,0.17104885112663887,3087504691,0.7545333333333333,0.09872359897352241,949.582,359.93585945532527,0.5887111111111111,0.08836669145743252,500
pud,equalize,885,0.0505672166356455,0.001,1000,90,160,1.7777777777777777,0.7138888888888889,0.17480042458489706,867270570,0.7742666666666667,0.0876247111674261,979.544,368.7382810392861,0.7436666666666666,0.11566545610601796,500
pud,equalize,886,0.07269916321395466,0.001,1000,90,160,1.7777777777777777,0.6994444444444444,0.1757473024257641,553865422,0.7687333333333334,0.07165640337392398,960.646,367.49045041509925,0.755,0.08184600116183276,500
pud,equalize,887,0.03650760129703811,0.001,1000,90,160,1.7777777777777777,0.7138888888888889,0.16580871993300306,2600868406,0.7333555555555556,0.09978452006247297,941.772,338.35054928935585,0.6909333333333333,0.1271005471986505,500
pud,equalize,888,0.07092835931868595,0.001,1000,90,160,1.7777777777777777,0.7069444444444445,0.16155519395880777,463168747,0.7512222222222221,0.08841578338104843,967.834,354.11104431719554,0.7280222222222222,0.10830200747208918,500
pud,equalize,889,0.08112898400431663,0.001,1000,90,160,1.7777777777777777,0.7041666666666667,0.16545188194114616,3223656798,0.774511111111111,0.1006618317644799,1007.11,357.66675119420813,0.7210888888888889,0.15286326670339004,500
pud,equalize,890,0.021148959753334386,0.001,1000,90,160,1.7777777777777777,0.7101388888888889,0.16926455799993811,403631971,0.7698666666666667,0.0821970749967975,939.748,362.0172059596363,0.737488888888889,0.11065488835689333,500
pud,equalize,891,0.09546267966663873,0.001,1000,90,160,1.7777777777777777,0.6952777777777778,0.16630504721233993,484035703,0.7971777777777778,0.08376861305947066,994.618,391.51975622569836,0.7441111111111111,0.12131966705603513,500
pud,equalize,892,0.09730380148780753,0.001,1000,90,160,1.7777777777777777,0.7004166666666667,0.16273673223793622,808232023,0.7364444444444445,0.09858696362134343,948.452,349.8761700441022,0.6457111111111111,0.12302071307716034,500
pud,equalize,893,0.002047345012534885,0.001,1000,90,160,1.7777777777777777,0.7245833333333334,0.16390694750343873,3010568726,0.7310444444444445,0.09228078397543288,879.402,316.91616574137777,0.6909111111111111,0.11647319687992505,500
pud,equalize,894,0.023212840746550924,0.001,1000,90,160,1.7777777777777777,0.7081944444444445,0.16465856535773976,2111130905,0.7214444444444444,0.0950890285620723,900.912,332.9243901475382,0.6789777777777778,0.11650689189858196,500
pud,equalize,895,0.07378310501521858,0.001,1000,90,160,1.7777777777777777,0.7033333333333333,0.16027275517650144,1827677577,0.7229555555555556,0.09210506222485287,905.152,322.48276723932514,0.6828,0.11282999987620804,500
pud,equalize,896,0.06881840319260409,0.001,1000,90,160,1.7777777777777777,0.6968055555555556,0.16412098568531316,2355107364,0.7801777777777779,0.08889260735931938,986.444,384.3113442022823,0.6945111111111111,0.12491317353599389,500
pud,equalize,897,0.06561115433351415,0.001,1000,90,160,1.7777777777777777,0.7025,0.16219324864448703,3739572662,0.7488666666666667,0.09507764213834763,952.726,353.1887136629905,0.6918666666666666,0.13549433370428807,500
pud,equalize,898,0.018291002013778868,0.001,1000,90,160,1.7777777777777777,0.7155555555555556,0.16418472528121653,2200357548,0.7542000000000001,0.08755902039764311,956.234,366.8578861920821,0.7189111111111112,0.1138284924931292,500
pud,equalize,899,0.0745842680512126,0.001,1000,90,160,1.7777777777777777,0.7009722222222222,0.164454359805237,1379214026,0.7720444444444445,0.08527337526541968,973.896,353.3950442473653,0.7256222222222223,0.10422218234145807,500
pud,equalize,900,0.07314329042034483,0.001,1000,90,160,1.7777777777777777,0.6876388888888889,0.16583818336742315,1282327362,0.7457999999999999,0.09001672325393317,949.068,355.99511854075996,0.6379333333333332,0.1150657859008697,500
pud,equalize,901,0.047701011200430424,0.001,1000,90,160,1.7777777777777777,0.7045833333333333,0.16189256661893478,1854981794,0.7905777777777778,0.0725907354911148,976.45,382.62888708311203,0.7683555555555556,0.08971235140550862,500
pud,equalize,902,0.06356968450064314,0.001,1000,90,160,1.7777777777777777,0.7108333333333333,0.16846141563719821,1659036501,0.7329333333333333,0.09176669710652181,954.266,347.9332152706568,0.6862,0.12137998300635626,500
pud,equalize,903,0.09237005359414006,0.001,1000,90,160,1.7777777777777777,0.6891666666666667,0.1645282812497179,3148104634,0.7673777777777777,0.08620122923210663,963.446,370.69669429646217,0.6567555555555555,0.08179220391088153,500
pud,equalize,904,0.04570511099581692,0.001,1000,90,160,1.7777777777777777,0.7131944444444445,0.1710448836092561,426243593,0.7398888888888889,0.09548680163107336,908.99,364.06798939456854,0.6723555555555555,0.1167156199318226,500
pud,equalize,905,0.006227368402732259,0.001,1000,90,160,1.7777777777777777,0.7245833333333334,0.16390694750343873,3750222966,0.7281333333333333,0.09427892027061276,925.134,346.81814499156576,0.6902666666666667,0.11637743622471693,500
pud,equalize,906,0.026659181349678453,0.001,1000,90,160,1.7777777777777777,0.7081944444444445,0.16734500541311687,97075561,0.7485333333333333,0.09572660791662237,943.706,367.52689098240194,0.7173333333333334,0.12214953001150164,500
pud,equalize,907,0.03456317923510861,0.001,1000,90,160,1.7777777777777777,0.7050000000000001,0.16214081491663693,3156464449,0.7323999999999999,0.09507851906633431,898.878,350.1349798638353,0.6934666666666667,0.11616551927349973,500
pud,equalize,908,0.010327028238755642,0.001,1000,90,160,1.7777777777777777,0.7247222222222222,0.1637969136381589,4057901877,0.7335333333333333,0.09312022781184298,908.344,330.0977714882105,0.6951777777777778,0.11194611872067232,500
pud,equalize,909,0.01756577674440083,0.001,1000,90,160,1.7777777777777777,0.7213888888888889,0.16439006115175706,1758045929,0.7305777777777778,0.09726109920284123,908.846,345.2293801718905,0.6919333333333333,0.11603801745480458,500
pud,equalize,910,0.07504832858078864,0.001,1000,90,160,1.7777777777777777,0.6934722222222223,0.16921433982063497,1589144360,0.7566444444444443,0.09159783047276208,941.022,328.8067780788913,0.6792666666666667,0.12359807574019122,500
pud,equalize,911,0.05874495449634631,0.001,1000,90,160,1.7777777777777777,0.6980555555555555,0.16334779362746338,1851671649,0.7292222222222222,0.09625274494899087,904.736,323.6469697464385,0.6678888888888889,0.11645887062379777,500
pud,equalize,912,0.08714421033220629,0.001,1000,90,160,1.7777777777777777,0.6776388888888889,0.16472716890888547,1030764249,0.7494222222222222,0.08220778969061314,949.574,374.4979973565254,0.6702888888888889,0.09713970414194585,500
pud,equalize,913,0.05111757063173492,0.001,1000,90,160,1.7777777777777777,0.6915277777777777,0.1722776582722403,1651639358,0.7468222222222222,0.09051083956343536,926.318,340.55437074697755,0.6181111111111111,0.07379427412401784,500
pud,equalize,914,0.07802999085787926,0.001,1000,90,160,1.7777777777777777,0.7006944444444444,0.16437859110985983,2554339381,0.7795777777777778,0.062355755019659974,989.826,382.5333282453136,0.7717777777777778,0.07214587540967174,500
pud,equalize,915,0.04377276874930185,0.001,1000,90,160,1.7777777777777777,0.7086111111111111,0.16530533119748805,2754861380,0.7759111111111111,0.08069855089883969,1006.322,358.3894254530301,0.7538222222222222,0.0993382592950292,500
pud,equalize,916,0.02501334024541532,0.001,1000,90,160,1.7777777777777777,0.7127777777777778,0.1639681658788721,4057884161,0.7532666666666666,0.09170254893072974,946.408,317.39821169245914,0.7218666666666667,0.11314710884589174,500
pud,equalize,917,0.004352885210048185,0.001,1000,90,160,1.7777777777777777,0.7245833333333334,0.16390694750343873,3359722048,0.7326,0.09119804846942986,895.578,333.18743020001,0.6920666666666667,0.11576119234434737,500
pud,equalize,918,0.044819883554023,0.001,1000,90,160,1.7777777777777777,0.7148611111111112,0.16866857708390678,4182812165,0.7655333333333333,0.09125361281127242,953.882,379.5295369465065,0.7302666666666666,0.11317162244166737,500
pud,equalize,919,0.038761438132145276,0.001,1000,90,160,1.7777777777777777,0.7098611111111112,0.16875061303982872,2813652364,0.7342666666666666,0.09966230121952445,930.448,343.2376077978833,0.5834444444444444,0.08769086621770439,500
pud,equalize,920,0.08267838040277027,0.001,1000,90,160,1.7777777777777777,0.7059722222222222,0.16510217827747414,234467647,0.7876444444444444,0.09365919511933431,1024.036,376.2979604170454,0.6955777777777777,0.17545930155139408,500
pud,equalize,921,0.08825554418337378,0.001,1000,90,160,1.7777777777777777,0.6723611111111112,0.1732156634841949,1575917602,0.7708444444444444,0.09163984074725576,986.756,373.0295411104624,0.7043111111111111,0.1334230456001015,500
pud,equalize,922,0.05126511217429889,0.001,1000,90,160,1.7777777777777777,0.7130555555555556,0.1686344941382014,1398600611,0.7734888888888889,0.09788897494821913,993.678,388.27410404989837,0.7300222222222222,0.12920441994051743,500
pud,equalize,923,0.07142333401079232,0.001,1000,90,160,1.7777777777777777,0.6865277777777778,0.16108419713370162,678618298,0.7845555555555556,0.07715170933938831,996.648,372.05987313117856,0.7309111111111112,0.11183159636356708,500
pud,equalize,924,0.09680398089256215,0.001,1000,90,160,1.7777777777777777,0.6938888888888889,0.16319103305771954,1002779092,0.8278444444444444,0.07784134247673201,1048.176,395.47391349684887,0.7389111111111112,0.16355742855413466,500
pud,equalize,925,0.003574066401735432,0.001,1000,90,160,1.7777777777777777,0.7245833333333334,0.16390694750343873,917964269,0.7357555555555556,0.08684074063137123,910.778,349.93458409006183,0.6952888888888888,0.11052406934800485,500
pud,equalize,926,0.05978343570615716,0.001,1000,90,160,1.7777777777777777,0.6934722222222223,0.1563243900253704,3947875494,0.807,0.066749280809104,1013.466,391.55723333627236,0.7676888888888889,0.057702381308136715,500
pud,equalize,927,0.06107539770637941,0.001,1000,90,160,1.7777777777777777,0.7019444444444444,0.16331014511177736,2996923182,0.8033777777777777,0.06561139114183408,1027.202,376.72743504639175,0.8020888888888889,0.06982840280887263,500
pud,equalize,928,0.0012654906443860026,0.001,1000,90,160,1.7777777777777777,0.7245833333333334,0.16390694750343873,121358621,0.7293333333333334,0.09729664422609349,915.204,357.51022573769,0.6923333333333334,0.11608436928033017,500
pud,equalize,929,0.07959699455825571,0.001,1000,90,160,1.7777777777777777,0.6984722222222222,0.15724279852891823,2823038251,0.7849777777777778,0.0800523839480057,996.298,357.3204570326586,0.7423111111111111,0.09033773577175133,500
pud,equalize,930,0.08290690999425537,0.001,1000,90,160,1.7777777777777777,0.6940277777777778,0.16665356322193267,4015122039,0.8300222222222222,0.09230868401354941,1061.578,440.2045433613697,0.6546222222222222,0.1572548278362384,500
pud,equalize,931,0.027092810653736955,0.001,1000,90,160,1.7777777777777777,0.7158333333333333,0.16440602335210178,1066281033,0.7491333333333333,0.08714607142274239,936.552,340.02373384096364,0.7286,0.10146294014011153,500
pud,equalize,932,0.08550375499869756,0.001,1000,90,160,1.7777777777777777,0.6876388888888889,0.16086889349683625,1898129845,0.7679777777777778,0.08221439538596079,985.118,350.4855550870095,0.7031555555555555,0.10941668603489854,500
pud,equalize,933,0.0808873395372065,0.001,1000,90,160,1.7777777777777777,0.7056944444444445,0.16592546523801968,1946570291,0.8028,0.06990262655181223,1021.27,396.02491407123637,0.7976,0.07723139189673547,500
pud,equalize,934,0.07500964615404992,0.001,1000,90,160,1.7777777777777777,0.7056944444444445,0.173181876921127,912842951,0.7679777777777778,0.08029615326033639,970.134,384.2463879039522,0.7490888888888888,0.095653373058823,500
pud,equalize,935,0.08538945132555742,0.001,1000,90,160,1.7777777777777777,0.6827777777777778,0.170047164769387,2063226579,0.765,0.07601259009135361,975.314,355.8465525221282,0.7049555555555556,0.1024038036595018,500
pud,equalize,936,0.010693907800410197,0.001,1000,90,160,1.7777777777777777,0.7247222222222222,0.16472823679652024,394141633,0.7363333333333334,0.09417922864696902,908.458,335.7699437803995,0.6948666666666666,0.11637952597921443,500
pud,equalize,937,0.0756883529827357,0.001,1000,90,160,1.7777777777777777,0.6976388888888889,0.16345201155658673,2528504057,0.754,0.09555576268794254,942.372,369.18491385379576,0.6918444444444445,0.140153999483043,500
pud,equalize,938,0.060240897612364064,0.001,1000,90,160,1.7777777777777777,0.7145833333333333,0.16152896911023845,2005512701,0.7551777777777778,0.09379209653021511,952.416,354.063934174276,0.6953555555555556,0.11989096500340646,500
pud,equalize,939,0.04465955817188569,0.001,1000,90,160,1.7777777777777777,0.7097222222222223,0.16926018667848733,1460851886,0.7487333333333334,0.08181992792804557,938.158,341.48506429164433,0.7245555555555555,0.09604998358584885,500
pud,equalize,940,0.0004949644083180438,0.001,1000,90,160,1.7777777777777777,0.7245833333333334,0.16390694750343873,3157611921,0.7272222222222222,0.09914370258538614,915.918,337.53319925185787,0.6891333333333334,0.11823181453560291,500
pud,equalize,941,0.08066571119409802,0.001,1000,90,160,1.7777777777777777,0.7208333333333333,0.1689105939744706,4187437688,0.7824222222222222,0.09201478469081595,984.028,406.7628094877468,0.7508666666666667,0.11554069368142708,500
pud,equalize,942,0.04928596819856748,0.001,1000,90,160,1.7777777777777777,0.7123611111111111,0.160210993522397,1043165354,0.7507333333333334,0.09271548261479695,939.094,363.12332652217367,0.7024,0.11558855702642297,500
pud,equalize,943,0.04155096583688942,0.001,1000,90,160,1.7777777777777777,0.7080555555555555,0.1640130853609224,1574551121,0.7544222222222222,0.09394941189990685,946.128,352.4011418050331,0.6933333333333334,0.12730178640922252,500
pud,equalize,944,0.09193346770944263,0.001,1000,90,160,1.7777777777777777,0.6779166666666667,0.1635987876670942,2078520276,0.7523111111111112,0.0901208438484398,926.364,348.86082504991737,0.7210666666666667,0.10992980583463907,500
pud,equalize,945,0.06921494889248418,0.001,1000,90,160,1.7777777777777777,0.7008333333333334,0.17224334241573117,3199754541,0.7713333333333334,0.08492876382977545,984.17,373.9322984547542,0.7070888888888889,0.12627486702471288,500
pud,equalize,946,0.026672305795867136,0.001,1000,90,160,1.7777777777777777,0.72125,0.16655117380994572,3579704802,0.7432444444444444,0.08777154568351424,934.474,358.0510780223205,0.6832666666666667,0.11390712933205624,500
pud,equalize,947,0.01313309959553004,0.001,1000,90,160,1.7777777777777777,0.7125,0.16333008364312113,2570791220,0.7294222222222222,0.0900421292875534,895.48,331.37672015596206,0.691,0.10915779147395543,500
pud,equalize,948,0.019637558536404087,0.001,1000,90,160,1.7777777777777777,0.72,0.17102225260119996,1935763540,0.7316444444444444,0.09964985831700547,897.96,343.1083342883355,0.6924666666666667,0.12153015333110972,500
pud,equalize,949,0.0011289431741497435,0.001,1000,90,160,1.7777777777777777,0.7245833333333334,0.16390694750343873,3151054367,0.7283555555555556,0.09449014310847291,917.95,332.46814830789214,0.691,0.11757100909942732,500
pud,equalize,950,0.07200331388416084,0.001,1000,90,160,1.7777777777777777,0.7097222222222223,0.1609762786285415,1958290548,0.7975111111111111,0.08469993811720769,1031.654,363.21491217853065,0.7336666666666666,0.1463042068876256,500
pud,equalize,951,0.026004000076879887,0.001,1000,90,160,1.7777777777777777,0.7104166666666667,0.16428852012185344,755869283,0.7282666666666666,0.09293565009063993,904.122,323.01924707974877,0.6813333333333333,0.1138982432575902,500
pud,equalize,952,0.03902906883984626,0.001,1000,90,160,1.7777777777777777,0.7148611111111112,0.16671860342288977,610571142,0.7196,0.08848459605397825,883.182,343.8951418866314,0.6563333333333333,0.10637716549372538,500
pud,equalize,953,0.07826565850542687,0.001,1000,90,160,1.7777777777777777,0.6938888888888889,0.16601794817798135,1750688681,0.7809111111111111,0.0861025638441268,967.404,364.1396547484504,0.6830888888888889,0.07341816446561499,500
pud,equalize,954,0.06469932539364014,0.001,1000,90,160,1.7777777777777777,0.6945833333333333,0.17136852127733426,4047612754,0.7845555555555556,0.07453219685707398,967.278,372.2148472334253,0.7343555555555557,0.10212828111598757,500
pud,equalize,955,0.008657977538069529,0.001,1000,90,160,1.7777777777777777,0.7233333333333333,0.16318126615641237,3071430359,0.7366666666666666,0.0972098952009559,910.774,336.23582197612427,0.7043555555555556,0.11571530331320239,500
pud,equalize,956,0.04143083779346375,0.001,1000,90,160,1.7777777777777777,0.7072222222222222,0.17122192591963833,2290770827,0.7495333333333333,0.08396239669921873,931.622,347.1175655662636,0.6998666666666666,0.11421183175216497,500
pud,equalize,957,0.03809035750652359,0.001,1000,90,160,1.7777777777777777,0.7145833333333333,0.168442153363206,3404394763,0.7349333333333333,0.091753593325934,883.522,320.38676763835844,0.7016,0.1098679418453812,500
pud,equalize,958,0.04317822515989389,0.001,1000,90,160,1.7777777777777777,0.7080555555555555,0.16436257260302667,2323653156,0.7468888888888889,0.09303112954064732,928.374,333.91232532808965,0.5943999999999999,0.0777459488902244,500
pud,equalize,959,0.04436839747687368,0.001,1000,90,160,1.7777777777777777,0.7129166666666666,0.16375744971943804,1641682487,0.7371333333333333,0.0921690993682226,889.524,340.83747709955725,0.6947111111111111,0.11645224434672674,500
pud,equalize,960,0.07675611447102554,0.001,1000,90,160,1.7777777777777777,0.6795833333333333,0.16198252564389262,1967743904,0.7523111111111112,0.08055660055065869,960.77,349.834494363969,0.6847333333333333,0.10449349322293175,500
pud,equalize,961,0.03670744332988265,0.001,1000,90,160,1.7777777777777777,0.706388888888889,0.16889963404583286,1239039942,0.7478666666666667,0.0931783021788449,976.588,365.2920459216532,0.6654666666666667,0.1198192640108659,500
pud,equalize,962,0.05903741562873177,0.001,1000,90,160,1.7777777777777777,0.7034722222222223,0.15999793888910022,895961813,0.7611111111111111,0.09166101545976435,961.152,380.3744870476905,0.7082,0.11710262831075743,500
pud,equalize,963,0.05051126037253622,0.001,1000,90,160,1.7777777777777777,0.7079166666666666,0.1657665860366239,1089788079,0.7331777777777778,0.0867119619686349,932.224,363.1788920618577,0.6802666666666667,0.11075305478837401,500
pud,equalize,964,0.0010509377109849227,0.001,1000,90,160,1.7777777777777777,0.7245833333333334,0.16390694750343873,1586939672,0.729488888888889,0.09304886880796572,906.384,354.10048694361814,0.6924222222222223,0.11361729132878015,500
pud,equalize,965,0.05509478868726693,0.001,1000,90,160,1.7777777777777777,0.6968055555555556,0.16995789591162827,1548756779,0.7503777777777777,0.09380000971170224,932.128,342.291077856201,0.6580222222222223,0.13473467369868874,500
pud,equalize,966,0.041672109830762354,0.001,1000,90,160,1.7777777777777777,0.72,0.1608630228274191,4034722605,0.7197111111111111,0.10310436895854554,919.75,350.1117993499909,0.6708666666666667,0.13200889553158182,500
pud,equalize,967,0.061286849118580816,0.001,1000,90,160,1.7777777777777777,0.7077777777777778,0.16232075033260815,1004234501,0.7370666666666668,0.07845642153079688,916.324,315.7639319895339,0.709488888888889,0.0867767629380788,500
pud,equalize,968,0.06387388066317055,0.001,1000,90,160,1.7777777777777777,0.6958333333333333,0.1664147409305648,1834174637,0.7303999999999999,0.08798970720874248,899.43,339.4237736166876,0.6985333333333333,0.10552336698211656,500
pud,equalize,969,0.00411628259443253,0.001,1000,90,160,1.7777777777777777,0.7245833333333334,0.16390694750343873,261399295,0.7229777777777777,0.0963030320398007,922.298,345.3655859693376,0.6833777777777778,0.115858278090916,500
pud,equalize,970,0.027561776598260992,0.001,1000,90,160,1.7777777777777777,0.7272222222222222,0.15748896443077257,966465854,0.7482666666666666,0.09464343321255073,923.794,372.08715277811604,0.5955333333333332,0.07626352722305953,500
pud,equalize,971,0.06480422263006,0.001,1000,90,160,1.7777777777777777,0.7140277777777778,0.16210283317330668,689908723,0.7680888888888888,0.08532404109579025,950.94,368.6269116600144,0.6195333333333333,0.08994270396912978,500
pud,equalize,972,0.019719724753970026,0.001,1000,90,160,1.7777777777777777,0.7172222222222222,0.16397395623143815,3731607479,0.7473777777777777,0.09534185608514008,907.236,332.9448856759863,0.6960444444444445,0.12103186660590756,500
pud,equalize,973,0.09043225293749922,0.001,1000,90,160,1.7777777777777777,0.6804166666666667,0.16791854115383525,2592523484,0.7583111111111112,0.08218611807902039,968.206,349.609738856065,0.6754,0.07211483717972483,500
pud,equalize,974,0.006313042079779785,0.001,1000,90,160,1.7777777777777777,0.7245833333333334,0.1662526265157844,7577313,0.7296222222222223,0.09377732347154254,914.214,335.1760405523053,0.667511111111111,0.1216318528494937,500
pud,equalize,975,0.09605818783139541,0.001,1000,90,160,1.7777777777777777,0.6705555555555556,0.1604512582639882,3015435819,0.7539333333333332,0.08869431777733726,936.614,342.6443861421187,0.7137333333333333,0.11002379586479549,500
pud,equalize,976,0.07862782476150883,0.001,1000,90,160,1.7777777777777777,0.7008333333333334,0.16495120639138733,455069531,0.7380444444444445,0.08542301195853257,900.318,333.04814518327527,0.6175555555555555,0.08387643111493444,500
pud,equalize,977,0.0497289333428888,0.001,1000,90,160,1.7777777777777777,0.7033333333333333,0.16640338136554167,1176651542,0.7601111111111111,0.08919307504752463,965.306,356.20011989727027,0.7257111111111111,0.11004577452433298,500
pud,equalize,978,0.015854370111040638,0.001,1000,90,160,1.7777777777777777,0.7159722222222222,0.16109942715936867,4066630908,0.7332222222222222,0.09159074269842546,896.262,319.2127800604291,0.7007555555555556,0.11050568523713875,500
pud,equalize,979,0.00926763956070833,0.001,1000,90,160,1.7777777777777777,0.7233333333333333,0.1620381319460267,317751498,0.7293999999999999,0.0977977424406238,908.426,351.9267614359979,0.6916888888888889,0.11594927189288501,500
pud,equalize,980,0.010311936518707078,0.001,1000,90,160,1.7777777777777777,0.7248611111111111,0.16723809179006313,3029233991,0.7553777777777777,0.09180243988331495,954.718,398.29151980112636,0.7283999999999999,0.10596573493414323,500
pud,equalize,981,0.08358478843358612,0.001,1000,90,160,1.7777777777777777,0.6938888888888889,0.16473525334656872,364244178,0.7941111111111111,0.06936666764571914,985.85,348.5572892190543,0.7974666666666667,0.06659613280532184,500
pud,equalize,982,0.09946208543055954,0.001,1000,90,160,1.7777777777777777,0.6959722222222222,0.1679564404310845,3531975833,0.7369111111111112,0.0892210976469174,922.928,345.0798618263257,0.5730666666666666,0.08587076088605658,500
pud,equalize,983,0.05104876869347629,0.001,1000,90,160,1.7777777777777777,0.7101388888888889,0.16652540268833801,2364105392,0.7706000000000001,0.0829220042222518,960.026,366.5881327076534,0.7195111111111111,0.11467479460749473,500
pud,equalize,984,0.0027153528104119197,0.001,1000,90,160,1.7777777777777777,0.7245833333333334,0.16390694750343873,2658275010,0.7189555555555556,0.09893390252438904,897.016,295.64713799461816,0.6806888888888889,0.11740436260565928,500
pud,equalize,985,0.016083575397161588,0.001,1000,90,160,1.7777777777777777,0.7229166666666667,0.1645087079370705,3964387525,0.7660444444444445,0.09250123720087917,960.192,385.82840519135584,0.7288,0.11724419196380963,500
pud,equalize,986,0.07864741892166817,0.001,1000,90,160,1.7777777777777777,0.7086111111111111,0.16078710990073442,1329680342,0.7712888888888889,0.10991278995584719,983.1,353.04275715096264,0.611488888888889,0.2111248351900916,500
pud,equalize,987,0.07456779549926684,0.001,1000,90,160,1.7777777777777777,0.6868055555555556,0.16862610949040258,1313355490,0.7474444444444445,0.08343095299089986,960.388,351.96466827143723,0.6239333333333332,0.0806237926883278,500
pud,equalize,988,0.08915781442978794,0.001,1000,90,160,1.7777777777777777,0.6875,0.1481048847506195,3417288056,0.7609777777777778,0.08182661935895844,1005.084,365.73293823255295,0.7269555555555555,0.10196886836208835,500
pud,equalize,989,0.09818063194227807,0.001,1000,90,160,1.7777777777777777,0.6927777777777778,0.16797076380409712,3897639291,0.7620444444444445,0.08573431544285133,949.588,346.81990477580325,0.7054444444444444,0.10680239592422658,500
pud,equalize,990,0.017983632714814946,0.001,1000,90,160,1.7777777777777777,0.7169444444444445,0.16782701269414377,142172972,0.7333111111111111,0.09485776455919236,941.876,364.12414009895804,0.6957111111111111,0.1115006553806988,500
pud,equalize,991,0.029031655432802797,0.001,1000,90,160,1.7777777777777777,0.7073611111111111,0.16623111581276223,2962230520,0.7335777777777778,0.08983679339247495,906.458,353.12017210561044,0.6671555555555556,0.11081125425971111,500
pud,equalize,992,0.09554358172125815,0.001,1000,90,160,1.7777777777777777,0.6893055555555556,0.16643998177425193,2622435688,0.7954,0.07090251008823241,1012.056,391.3569692989226,0.7889777777777778,0.08889997704166662,500
pud,equalize,993,0.0794876724599103,0.001,1000,90,160,1.7777777777777777,0.7027777777777777,0.16476987944529467,1238957981,0.7624222222222222,0.08482417346644365,956.75,351.5296825809607,0.6736888888888889,0.1167679237399878,500
pud,equalize,994,0.05841540794239353,0.001,1000,90,160,1.7777777777777777,0.695,0.17720875879100742,392346158,0.7576666666666666,0.08390172078442489,921.008,359.44636779168786,0.7244444444444444,0.10990663117905833,500
pud,equalize,995,0.09813498612460031,0.001,1000,90,160,1.7777777777777777,0.6715277777777777,0.17185699195503118,2203167760,0.7338888888888889,0.08506549796807032,937.588,354.67565450111107,0.6576222222222222,0.08667029493001847,500
pud,equalize,996,0.014212134124540499,0.001,1000,90,160,1.7777777777777777,0.7147222222222223,0.17219744085241162,1412192918,0.7371777777777778,0.0939380137604238,903.832,323.45727537649856,0.682,0.12024760652497218,500
pud,equalize,997,0.03638493064171424,0.001,1000,90,160,1.7777777777777777,0.7183333333333334,0.17920215472331055,353093038,0.7370444444444445,0.09829847339150402,900.612,343.88694350881025,0.5895333333333334,0.09193096382826427,500
pud,equalize,998,0.056732981552730294,0.001,1000,90,160,1.7777777777777777,0.6986111111111111,0.16994571832313912,3061873187,0.7566222222222223,0.08758421281456899,955.34,355.77067043234445,0.7304444444444445,0.10768050620888951,500
pud,equalize,999,0.022972429893824954,0.001,1000,90,160,1.7777777777777777,0.7188888888888889,0.16604305001185604,2810029849,0.7523555555555554,0.09084429053789282,947.932,370.3145975766505,0.7189555555555556,0.11732542119905791,500
tobacco,equalize,0,0.05207109093381196,0.001,1000,289,1229,4.252595155709343,0.7420667209113101,0.23529321351859359,1183105679,0.8928650519031142,0.020801816666475258,1499.418,421.0985433868004,0.8896955017301038,0.021909235274398704,500
tobacco,equalize,1,0.020073986741149352,0.001,1000,289,1229,4.252595155709343,0.7532497515351328,0.23514304705151676,4189262771,0.8949065743944636,0.01932518981564999,1459.476,407.67484467644545,0.8944359861591696,0.01979025768219259,500
tobacco,equalize,2,0.05641586331839202,0.001,1000,289,1229,4.252595155709343,0.7340651667741236,0.23540276024566018,3409914062,0.889840830449827,0.01990967457765163,1514.772,450.96073352606277,0.8792664359861592,0.020351646659425977,500
tobacco,equalize,3,0.05456872670089235,0.001,1000,289,1229,4.252595155709343,0.7371058699648911,0.23510819476749573,513907705,0.8952664359861592,0.0184974979228233,1521.886,447.88326139259925,0.8943114186851211,0.01972775827118359,500
tobacco,equalize,4,0.021179175895607718,0.001,1000,289,1229,4.252595155709343,0.7527598604655091,0.23639134095086878,451714685,0.8844290657439446,0.02099568763069578,1469.052,430.22770838024394,0.8804083044982699,0.02238458977095904,500
tobacco,equalize,5,0.07205546172475719,0.001,1000,289,1229,4.252595155709343,0.7353490192324477,0.23586797979131066,3269649398,0.8951764705882352,0.020550869591691518,1538.61,427.3535398191901,0.8911487889273356,0.021681662424620902,500
tobacco,equalize,6,0.020785937239361542,0.001,1000,289,1229,4.252595155709343,0.7498880852297842,0.23901593437686147,1978943729,0.8817024221453287,0.022540144845256557,1494.89,412.855089043478,0.8770311418685122,0.02372667997854897,500
tobacco,equalize,7,0.05957692401765661,0.001,1000,289,1229,4.252595155709343,0.7361992899394957,0.2338458076067517,1650662510,0.8978754325259515,0.018403092880881954,1519.566,424.02146886226444,0.8965951557093426,0.01871234530500041,500
tobacco,equalize,8,0.04454590036046893,0.001,1000,289,1229,4.252595155709343,0.7394089210853059,0.2358357471495248,2544603734,0.8954256055363322,0.018614049502547983,1498.366,395.54657149879193,0.8941799307958478,0.019044304890896358,500
tobacco,equalize,9,0.032731697290414453,0.001,1000,289,1229,4.252595155709343,0.7471458214262587,0.23745759508710018,3637826565,0.8857993079584775,0.020486676962245706,1492.318,431.1120969728322,0.8762214532871972,0.019957495182105277,500
tobacco,equalize,10,0.086645766855952,0.001,1000,289,1229,4.252595155709343,0.7278260943012155,0.23605642328443638,680203429,0.8904083044982699,0.02026187020377427,1540.164,424.96774969468123,0.8816055363321799,0.019667241709225014,500
tobacco,equalize,11,0.0832174855275934,0.001,1000,289,1229,4.252595155709343,0.7227807793772753,0.23386285928171802,3021768530,0.8920346020761245,0.020728048987903668,1497.602,389.2679059480788,0.8892664359861592,0.02248614709964092,500
tobacco,equalize,12,0.051200375483135024,0.001,1000,289,1229,4.252595155709343,0.7423933149577258,0.2369321618303552,2721067937,0.9054463667820069,0.01694572564507831,1538.532,437.0688267247955,0.9058131487889274,0.017368032219919283,500
tobacco,equalize,13,0.09749426115399817,0.001,1000,289,1229,4.252595155709343,0.7245995703599011,0.23504808926955104,346899814,0.9061314878892733,0.020073655946916978,1518.112,464.67967230308614,0.8989965397923876,0.024494291370607543,500
tobacco,equalize,14,0.05127087092754704,0.001,1000,289,1229,4.252595155709343,0.7407997612484902,0.23493284105551174,4085389133,0.8971072664359862,0.019995416849049753,1518.434,429.0325950078367,0.893993079584775,0.020757634910323168,500
tobacco,equalize,15,0.010934118785804903,0.001,1000,289,1229,4.252595155709343,0.7543646760384142,0.2402941106883802,1793384281,0.8759377162629758,0.021517379439456596,1436.448,411.9195780410868,0.871840830449827,0.022288555830429425,500
tobacco,equalize,16,0.00589518742525087,0.001,1000,289,1229,4.252595155709343,0.75836263764109,0.2358285412078865,1332986617,0.8757162629757785,0.021610454147593734,1458.702,428.27254399491875,0.8706297577854671,0.02345023178223234,500
tobacco,equalize,17,0.09912003445771472,0.001,1000,289,1229,4.252595155709343,0.7226287442177368,0.2355985407505244,7157318,0.9240553633217993,0.016438876771399102,1579.16,468.57655337494765,0.9249342560553633,0.017286596242722694,500
tobacco,equalize,18,0.04902356532562344,0.001,1000,289,1229,4.252595155709343,0.7436433818250413,0.23439194014600062,3988253212,0.8952664359861592,0.019763032298827806,1524.17,443.56271807912276,0.8922560553633219,0.020781736772540443,500
tobacco,equalize,19,0.020438573042906073,0.001,1000,289,1229,4.252595155709343,0.755930075088476,0.23453730969424227,4127890934,0.8849134948096886,0.020411704579475977,1503.676,434.4797997799597,0.8828373702422145,0.02060475003868022,500
tobacco,equalize,20,0.027739621842080342,0.001,1000,289,1229,4.252595155709343,0.7550966971769324,0.23536822133744995,1195126812,0.8845743944636678,0.020287142985745125,1497.408,419.11309823749053,0.8799307958477509,0.022054106692384754,500
tobacco,equalize,21,0.07487424974984928,0.001,1000,289,1229,4.252595155709343,0.7343636061613655,0.23838987429107425,3427532585,0.9014671280276816,0.018597512929969764,1519.94,447.98123037191124,0.8996539792387543,0.0192849151999419,500
tobacco,equalize,22,0.013932551753276401,0.001,1000,289,1229,4.252595155709343,0.7539310942871381,0.23597494847509953,806671418,0.8869480968858131,0.021088170328983195,1484.73,435.21848692665316,0.8834186851211073,0.021898834285866073,500
tobacco,equalize,23,0.09564622880318496,0.001,1000,289,1229,4.252595155709343,0.7225724348993894,0.234194794008764,1963752341,0.9219446366782007,0.014201328021407437,1598.212,469.6105697601591,0.9256124567474049,0.013524299735198968,500
tobacco,equalize,24,0.0936036130925868,0.001,1000,289,1229,4.252595155709343,0.7300334195804393,0.23530879385619938,329836123,0.9110173010380623,0.017355505721357998,1483.758,392.9331856853347,0.9098961937716262,0.01814858897890436,500
tobacco,equalize,25,0.042433372301092155,0.001,1000,289,1229,4.252595155709343,0.7454509109439976,0.23429046213391938,11564586,0.8973425605536333,0.019756232235802893,1499.032,399.1294873488337,0.8933910034602076,0.02202250591384183,500
tobacco,equalize,26,0.09237329155175808,0.001,1000,289,1229,4.252595155709343,0.7176228458166399,0.23527964266618445,2816112974,0.8944913494809689,0.019055218861623025,1536.61,411.03967829671706,0.8911487889273356,0.020310311118676778,500
tobacco,equalize,27,0.028268656874622357,0.001,1000,289,1229,4.252595155709343,0.7480974489063322,0.23575588760756122,519842547,0.8847889273356401,0.020805227167847672,1482.43,432.55696058241466,0.8755640138408304,0.021837230820472776,500
tobacco,equalize,28,0.09927950002361044,0.001,1000,289,1229,4.252595155709343,0.7099253619985304,0.23494596233992177,2955054236,0.904636678200692,0.018285569357580373,1528.85,449.11520173431865,0.9035017301038063,0.019228675522336095,500
tobacco,equalize,29,0.054699675552948385,0.001,1000,289,1229,4.252595155709343,0.7405576311795958,0.2347673864186194,3729381447,0.8959307958477509,0.018871845250402926,1537.33,450.60343097229975,0.8940138408304498,0.019387010525080788,500
tobacco,equalize,30,0.0052933659350089535,0.001,1000,289,1229,4.252595155709343,0.7583682685729248,0.2340019634814765,87157228,0.8736470588235294,0.02168097296927671,1445.456,397.3667332646391,0.8694325259515571,0.02249394808705282,500
tobacco,equalize,31,0.026051167116776797,0.001,1000,289,1229,4.252595155709343,0.7528668481703695,0.23392371852764168,1860397694,0.886083044982699,0.020070159386886676,1516.528,436.44871425672983,0.8769342560553633,0.01896045235474367,500
tobacco,equalize,32,0.07232196424369335,0.001,1000,289,1229,4.252595155709343,0.7327587905884606,0.23474596605116707,1356508253,0.9121245674740485,0.018197698979629414,1515.452,430.0634800698375,0.9126712802768165,0.01892109052181096,500
tobacco,equalize,33,0.0781805049844505,0.001,1000,289,1229,4.252595155709343,0.7308780593556524,0.2346068389997812,1116579751,0.9057508650519032,0.01735896578475476,1533.02,412.781657773196,0.9052871972318339,0.017336925978217333,500
tobacco,equalize,34,0.04102928887676193,0.001,1000,289,1229,4.252595155709343,0.7454903274668409,0.23431877497091064,716087965,0.8957231833910034,0.01722302623263286,1484.616,437.7301816963687,0.8921107266435986,0.01602584276059622,500
tobacco,equalize,35,0.04565372625858804,0.001,1000,289,1229,4.252595155709343,0.7390429105160466,0.23905182641300965,734345086,0.9001730103806228,0.019297197645898614,1526.698,413.2905139170117,0.8985397923875432,0.020154385609790212,500
tobacco,equalize,36,0.043783892096581845,0.001,1000,289,1229,4.252595155709343,0.7432886331194518,0.2372321240982417,2199894049,0.8989480968858131,0.0187404825444154,1519.032,431.0330404271577,0.8981799307958478,0.01902452919527139,500
tobacco,equalize,37,0.08285372313732192,0.001,1000,289,1229,4.252595155709343,0.7300728361032826,0.23654133340159716,316952150,0.9011764705882352,0.019273216283524505,1542.97,422.1241270732042,0.9006782006920415,0.01887126038765071,500
tobacco,equalize,38,0.0027179721165078497,0.001,1000,289,1229,4.252595155709343,0.7603841421697669,0.23455550860846638,3663202268,0.8734186851211073,0.021748798676172614,1423.856,395.83087730855686,0.8695017301038063,0.02273082860678198,500
tobacco,equalize,39,0.09041833463863358,0.001,1000,289,1229,4.252595155709343,0.7238788110850524,0.2344750883641695,2477782583,0.914560553633218,0.017385132386870533,1515.082,428.9417645213644,0.8997508650519032,0.01573255648138683,500
tobacco,equalize,40,0.0649844581949367,0.001,1000,289,1229,4.252595155709343,0.733023444384694,0.2356555915201364,1971658749,0.917446366782007,0.015501566342399895,1549.218,426.3730554817949,0.9196747404844291,0.015200830907300547,500
tobacco,equalize,41,0.05284741618073544,0.001,1000,289,1229,4.252595155709343,0.741886531092598,0.2336684488871837,1893437968,0.8871349480968859,0.019847806290888583,1501.766,416.622928525479,0.8851280276816609,0.02052728098878271,500
tobacco,equalize,42,0.035828111303768465,0.001,1000,289,1229,4.252595155709343,0.7464588477424186,0.23511673029715718,3597587616,0.890159169550173,0.02157800573049889,1513.338,406.80347329856403,0.8796401384083046,0.021914225338488847,500
tobacco,equalize,43,0.06799074640352465,0.001,1000,289,1229,4.252595155709343,0.7347070930032857,0.23498091263932677,4214211718,0.9017162629757786,0.01675959099622275,1508.936,403.4894091678506,0.902636678200692,0.016746046299954402,500
tobacco,equalize,44,0.037827915512458114,0.001,1000,289,1229,4.252595155709343,0.7467122396749826,0.23714961166028245,3830285855,0.8828719723183391,0.019813753728741702,1518.754,422.09694282508667,0.8800692041522491,0.020727818631212255,500
tobacco,equalize,45,0.03248211033709847,0.001,1000,289,1229,4.252595155709343,0.7502484648672085,0.23320658467717037,2262080490,0.8869411764705883,0.02018573363365521,1490.734,402.037151250941,0.8774532871972318,0.020346519834869778,500
tobacco,equalize,46,0.012908555143587665,0.001,1000,289,1229,4.252595155709343,0.7595451333263885,0.23497187899057728,2780172160,0.8817993079584775,0.020818490167979323,1500.214,444.45840159174736,0.8785051903114187,0.022249470821562808,500
tobacco,equalize,47,0.014114545805282153,0.001,1000,289,1229,4.252595155709343,0.7586047677099845,0.23410324408771108,934885405,0.8791141868512111,0.02047962510531277,1477.216,436.6674091300982,0.8753910034602076,0.021061825245095575,500
tobacco,equalize,48,0.06560344095426845,0.001,1000,289,1229,4.252595155709343,0.7400621091781374,0.23441190693334998,13865125,0.9012249134948097,0.018770386473797942,1526.288,413.8242114860175,0.9002145328719723,0.01962400980570981,500
tobacco,equalize,49,0.0560347098777117,0.001,1000,289,1229,4.252595155709343,0.739932597745938,0.2363643030707458,3069613721,0.9115709342560554,0.01617756455502834,1579.272,453.4211900288012,0.9128096885813148,0.016049479759316452,500
tobacco,equalize,50,0.014807652523869575,0.001,1000,289,1229,4.252595155709343,0.7554739696098609,0.23522293473201342,666904915,0.8807128027681661,0.02068637179478655,1455.562,392.6217439516657,0.8777439446366782,0.021475268799718627,500
tobacco,equalize,51,0.07577629948717507,0.001,1000,289,1229,4.252595155709343,0.7297518729887016,0.23504957927399062,589296865,0.8905674740484429,0.018655705578799683,1515.686,399.22671170486257,0.8808650519031141,0.018648944341910553,500
tobacco,equalize,52,0.081407688422006,0.001,1000,289,1229,4.252595155709343,0.7251908182025503,0.23559338091483853,259046331,0.904083044982699,0.017317533793755276,1539.22,418.29217095298503,0.9025259515570935,0.01890578582913454,500
tobacco,equalize,53,0.06239729432996613,0.001,1000,289,1229,4.252595155709343,0.7376239156936886,0.23372492256512958,3854090098,0.8978062283737024,0.01802469747579923,1521.762,429.5134187773642,0.896484429065744,0.01815868164910219,500
tobacco,equalize,54,0.05836507522896398,0.001,1000,289,1229,4.252595155709343,0.7431253360962439,0.23632213753061912,177719716,0.8981868512110727,0.01981881618982422,1560.102,443.376143251765,0.8934325259515571,0.02234893138387679,500
tobacco,equalize,55,0.05543638518633546,0.001,1000,289,1229,4.252595155709343,0.7391555291527419,0.23656765132604152,1041976486,0.8984636678200691,0.019027410858103857,1500.594,420.9089995900204,0.8965190311418685,0.01925165549993643,500
tobacco,equalize,56,0.02534730806717287,0.001,1000,289,1229,4.252595155709343,0.7458112905814219,0.23505520227952495,3465225596,0.8731349480968859,0.02113553143148623,1463.448,377.60912674510706,0.8611141868512111,0.021398367835431312,500
tobacco,equalize,57,0.010633202060704805,0.001,1000,289,1229,4.252595155709343,0.7597365850087702,0.23563082614101954,1609607772,0.8708927335640139,0.021981271296298458,1422.514,418.6134496698463,0.866159169550173,0.023295254701762753,500
tobacco,equalize,58,0.0812988921544518,0.001,1000,289,1229,4.252595155709343,0.7283948184165256,0.23498390710666275,1343782216,0.9105951557093426,0.017700608143504697,1520.34,420.42378228809395,0.9112249134948097,0.017307854507301174,500
tobacco,equalize,59,0.09034911163986575,0.001,1000,289,1229,4.252595155709343,0.7224372925353553,0.23501364169838093,1531255486,0.9108858131487889,0.01766591543955987,1523.166,408.34791352590736,0.9083321799307958,0.01818673612481742,500
tobacco,equalize,60,0.03839156109926825,0.001,1000,289,1229,4.252595155709343,0.7500795369121659,0.23457174645421142,339602109,0.8938062283737024,0.020313165116321256,1544.356,436.5622962889515,0.89,0.021888084145946334,500
tobacco,equalize,61,0.07144185979313498,0.001,1000,289,1229,4.252595155709343,0.7321224952911332,0.23508132131007992,1442732772,0.8905328719723183,0.018854444187796037,1481.676,425.2420070419976,0.8884359861591696,0.01947540394718003,500
tobacco,equalize,62,0.045982775303909,0.001,1000,289,1229,4.252595155709343,0.7429282534820274,0.2353038232753486,1657432762,0.8832456747404844,0.019063244481182007,1470.004,440.8184044654108,0.8746228373702423,0.019192388163069986,500
tobacco,equalize,63,0.0782645764521453,0.001,1000,289,1229,4.252595155709343,0.7273981434817741,0.2363249799708644,574998916,0.8988927335640139,0.020414995728252523,1533.45,432.239286856487,0.8969826989619377,0.021099431514692728,500
tobacco,equalize,64,0.01503544819889413,0.001,1000,289,1229,4.252595155709343,0.754116915037685,0.23475620617100068,392839244,0.8768166089965398,0.021631740305741387,1425.866,407.4208088389081,0.8713702422145329,0.022860169503336886,500
tobacco,equalize,65,0.016395003948575182,0.001,1000,289,1229,4.252595155709343,0.7566846199543331,0.23425056838093908,1043478341,0.8861245674740484,0.019180712872163885,1482.472,422.0202974727139,0.8832110726643599,0.019790427419962932,500
tobacco,equalize,66,0.07905310729571555,0.001,1000,289,1229,4.252595155709343,0.7307147623324445,0.2343694866164994,1970262010,0.8998062283737024,0.018018446516167273,1537.55,415.3165722800149,0.8996678200692041,0.018362035866680688,500
tobacco,equalize,67,0.036557833274370746,0.001,1000,289,1229,4.252595155709343,0.7443134627133771,0.2355848655181276,2170388655,0.8802560553633219,0.021294903974012524,1496.662,412.0847187008683,0.8676055363321798,0.02059804030919286,500
tobacco,equalize,68,0.005281512681847223,0.001,1000,289,1229,4.252595155709343,0.7600744409188555,0.23479245010125877,2019500130,0.8758685121107267,0.02185084251758846,1466.806,407.7005615150899,0.8716401384083046,0.02229130832044222,500
tobacco,equalize,69,0.004839278578241202,0.001,1000,289,1229,4.252595155709343,0.7601701667600463,0.23776858524166053,3236199422,0.8737647058823529,0.022497796374118167,1485.922,432.16475639429314,0.8624705882352941,0.022594589119219178,500
tobacco,equalize,70,0.0504007491445129,0.001,1000,289,1229,4.252595155709343,0.7418921620244326,0.2359903602725358,1397082367,0.8863875432525952,0.021067118537264094,1500.208,416.318299608819,0.8830311418685122,0.021978795479693863,500
tobacco,equalize,71,0.029690967288283132,0.001,1000,289,1229,4.252595155709343,0.7518814350992874,0.2364186849749928,2630765542,0.8864152249134949,0.020568421970258426,1482.164,425.0257107677458,0.876795847750865,0.020428849173274827,500
tobacco,equalize,72,0.006869522447703902,0.001,1000,289,1229,4.252595155709343,0.7576475092980762,0.23535615853502387,4058413705,0.8750865051903114,0.022074768319024038,1461.01,423.74784763672113,0.870477508650519,0.023366158965075462,500
tobacco,equalize,73,0.09281253142391227,0.001,1000,289,1229,4.252595155709343,0.7264690397290395,0.23552712737373266,1006513401,0.9194671280276816,0.0179159048563373,1556.872,426.6099432777051,0.9116124567474049,0.022531469601822913,500
tobacco,equalize,74,0.04520659025490972,0.001,1000,289,1229,4.252595155709343,0.7539986654691552,0.23762695985616586,1087746708,0.8923321799307958,0.019046594005153513,1505.92,444.6767324616676,0.8902006920415225,0.020503123423253326,500
tobacco,equalize,75,0.006655312714681505,0.001,1000,289,1229,4.252595155709343,0.7606769506251742,0.23593274780538426,2476113089,0.8768650519031141,0.02091399040088821,1479.876,409.1478908869439,0.8723183391003461,0.022325515467847303,500
tobacco,equalize,76,0.048166534632193315,0.001,1000,289,1229,4.252595155709343,0.7413628544319656,0.2356232121848484,3542370958,0.9047335640138408,0.017577236580944545,1573.268,453.93239741049257,0.9050449826989619,0.01853069467610067,500
tobacco,equalize,77,0.00196279034431992,0.001,1000,289,1229,4.252595155709343,0.760727629011687,0.2355433448420436,2811045227,0.8771141868512111,0.021706428438330837,1436.406,413.1696255085627,0.8719723183391003,0.022912661719197168,500
tobacco,equalize,78,0.035733212592430195,0.001,1000,289,1229,4.252595155709343,0.7549052454945506,0.2338964359663857,2428940892,0.8887543252595156,0.020217735637764522,1510.296,479.75668555912546,0.8865051903114187,0.02071033183097618,500
tobacco,equalize,79,0.07248215316056263,0.001,1000,289,1229,4.252595155709343,0.7349661158676845,0.23715135505505378,2248559412,0.8989411764705882,0.01912611387412069,1521.78,433.7668994357364,0.8971487889273356,0.019678974622515413,500
tobacco,equalize,80,0.00506026722925117,0.001,1000,289,1229,4.252595155709343,0.7591678608934599,0.23510283698938572,1352605231,0.8728096885813148,0.021208156727683253,1445.292,411.26402582023616,0.8675986159169551,0.02248409505018842,500
tobacco,equalize,81,0.0723017603771675,0.001,1000,289,1229,4.252595155709343,0.7337836201823859,0.23457285726783572,2586299030,0.8894048442906575,0.021685070645825963,1509.162,426.0308584371342,0.8843875432525952,0.02283668100603087,500
tobacco,equalize,82,0.09749816108987348,0.001,1000,289,1229,4.252595155709343,0.7208775244171282,0.2348261870547,476070984,0.9065121107266436,0.017259269605075223,1591.42,450.68308831393296,0.9067404844290657,0.017879296270910075,500
tobacco,equalize,83,0.06550365379525618,0.001,1000,289,1229,4.252595155709343,0.7385361266509188,0.23607679012996688,1719681389,0.9072387543252595,0.01665847984165237,1546.98,426.16969015829744,0.907681660899654,0.01662187775545138,500
tobacco,equalize,84,0.03009450648146944,0.001,1000,289,1229,4.252595155709343,0.7496121695698812,0.23385329308806252,4134537741,0.8923114186851211,0.01836044551810814,1486.88,419.97108594051105,0.8899792387543253,0.019428206025015687,500
tobacco,equalize,85,0.03670900939038627,0.001,1000,289,1229,4.252595155709343,0.7430746577097311,0.23436611586227407,737239782,0.8824429065743944,0.02221975910862665,1450.406,402.7940208225798,0.8778546712802768,0.023655137069452638,500
tobacco,equalize,86,0.056796462924345294,0.001,1000,289,1229,4.252595155709343,0.7392005766074198,0.23643233750867818,3146107590,0.905916955017301,0.01639086049139883,1545.836,447.25466411558693,0.8988373702422146,0.01480747722216983,500
tobacco,equalize,87,0.07716463203454417,0.001,1000,289,1229,4.252595155709343,0.7327982071113038,0.23433061473053376,2595033503,0.9021522491349481,0.016543423348656,1544.656,443.55920823088854,0.902560553633218,0.01695799595110495,500
tobacco,equalize,88,0.08374107090672556,0.001,1000,289,1229,4.252595155709343,0.7318465796312303,0.23760008530734966,3576181143,0.9107958477508651,0.018013630666879384,1540.244,440.31389384645655,0.9090311418685121,0.018102091014582142,500
tobacco,equalize,89,0.04481467511227997,0.001,1000,289,1229,4.252595155709343,0.7398593956320861,0.24181659721241866,1549913651,0.8865397923875432,0.017821565398208013,1507.17,438.4854936669086,0.8799584775086505,0.017615471404282716,500
tobacco,equalize,90,0.06228372982017169,0.001,1000,289,1229,4.252595155709343,0.7288340310996365,0.23581591794191442,2337655845,0.9052387543252595,0.017597710180200458,1485.93,403.40946380939295,0.9049411764705882,0.01825628942412842,500
tobacco,equalize,91,0.07986623653979488,0.001,1000,289,1229,4.252595155709343,0.7404675362702396,0.2348807390134865,1206888043,0.8948650519031142,0.017826493703513007,1463.744,385.1991787096088,0.8950311418685121,0.0177274777971505,500
tobacco,equalize,92,0.09214126056685945,0.001,1000,289,1229,4.252595155709343,0.7239970606535823,0.23561297067747158,1920079747,0.9031626297577855,0.019063989590802115,1527.076,437.8857774948444,0.9016262975778546,0.020653804086646223,500
tobacco,equalize,93,0.0867555950202829,0.001,1000,289,1229,4.252595155709343,0.7225273874447113,0.23452638090458935,260984575,0.915993079584775,0.01608454418613831,1575.854,419.6451940171879,0.9163391003460208,0.016178844479207144,500
tobacco,equalize,94,0.025844969644991857,0.001,1000,289,1229,4.252595155709343,0.7551811611544537,0.23505371064865802,3324611013,0.8803806228373702,0.020737279670077977,1498.954,421.55740436427976,0.8674186851211073,0.01994911608823246,500
tobacco,equalize,95,0.025472191491571296,0.001,1000,289,1229,4.252595155709343,0.7503948690949123,0.23498772096901518,1694889988,0.8806574394463668,0.020614500350183612,1487.61,401.79008505050234,0.877840830449827,0.02123533381658239,500
tobacco,equalize,96,0.07742753619879017,0.001,1000,289,1229,4.252595155709343,0.7253541152257581,0.23560299562347725,521742152,0.900560553633218,0.01772282522255586,1537.97,424.2196526888575,0.9007750865051903,0.017556081731737165,500
tobacco,equalize,97,0.05259377233820372,0.001,1000,289,1229,4.252595155709343,0.7495389674560294,0.23429372205199048,2099755550,0.9054463667820069,0.017815446534148276,1511.418,445.71366663054255,0.9010934256055364,0.01644823301606479,500
tobacco,equalize,98,0.03711319959240329,0.001,1000,289,1229,4.252595155709343,0.7427649564588196,0.2353583547463905,2395818903,0.8816124567474048,0.020500790954979288,1518.958,437.44723155689684,0.8770588235294117,0.021816493805189095,500
tobacco,equalize,99,0.08528444852546666,0.001,1000,289,1229,4.252595155709343,0.7351969840729092,0.23414524678297802,3423213286,0.917356401384083,0.01574297266393046,1574.704,420.5584754186901,0.9184913494809689,0.015249157880623136,500
tobacco,equalize,100,0.048564413669458795,0.001,1000,289,1229,4.252595155709343,0.739127374493568,0.23518222334701464,669690772,0.886484429065744,0.02082366556433411,1524.71,427.50277560068844,0.8822975778546713,0.02173568496711147,500
tobacco,equalize,101,0.09255461648066357,0.001,1000,289,1229,4.252595155709343,0.7328488854978166,0.23646525762776233,1264458558,0.919439446366782,0.01652955200952888,1559.55,416.83027055253325,0.9208166089965398,0.016679858220005537,500
tobacco,equalize,102,0.08398406030228873,0.001,1000,289,1229,4.252595155709343,0.7240533699719297,0.23675847606192393,3106656889,0.9089826989619376,0.017523441704000928,1531.846,441.48325587096616,0.9103044982698961,0.017390231287248214,500
tobacco,equalize,103,0.042408245788308985,0.001,1000,289,1229,4.252595155709343,0.7427818492543239,0.2353040544631182,2128327988,0.8929688581314879,0.01820435366056083,1478.888,433.6571231479011,0.8841453287197233,0.016718341309511445,500
tobacco,equalize,104,0.09595395604790402,0.001,1000,289,1229,4.252595155709343,0.7163840408129939,0.23441364134297332,754893943,0.9114256055363322,0.01829147192811041,1517.496,426.2618776769997,0.9101245674740485,0.018560027799184534,500
tobacco,equalize,105,0.09312426072065084,0.001,1000,289,1229,4.252595155709343,0.7164797666541848,0.23559473629832842,1693133648,0.8983806228373702,0.021074557880808694,1499.312,433.14444111605496,0.8941868512110727,0.02149029776911027,500
tobacco,equalize,106,0.050607586835603485,0.001,1000,289,1229,4.252595155709343,0.7423933149577258,0.23465447696733507,4215850029,0.8958200692041522,0.019130119131960225,1533.234,444.375321205164,0.8951141868512111,0.01950840025595068,500
tobacco,equalize,107,0.04340917484473246,0.001,1000,289,1229,4.252595155709343,0.7420723518431448,0.23474535676101282,549172996,0.8986989619377163,0.02032318046751563,1511.448,434.5950817325621,0.8980207612456748,0.020799699959848005,500
tobacco,equalize,108,0.06759195099091715,0.001,1000,289,1229,4.252595155709343,0.7319085198814126,0.2356803445851992,1507983518,0.9077439446366782,0.017518022723763297,1544.362,444.980910801751,0.9030242214532872,0.01642136254835538,500
tobacco,equalize,109,0.09851638493492296,0.001,1000,289,1229,4.252595155709343,0.7280738553019446,0.23551943451749693,2367664560,0.9147612456747405,0.016401888493232014,1542.326,447.9336970108805,0.9144083044982699,0.016506247792164103,500
tobacco,equalize,110,0.0011032260085291569,0.001,1000,289,1229,4.252595155709343,0.7611837344903022,0.2350244151998054,102333019,0.8745536332179931,0.022131077431375542,1505.658,442.81988204219505,0.8699584775086505,0.02389263541181192,500
tobacco,equalize,111,0.03661287629379768,0.001,1000,289,1229,4.252595155709343,0.7423032200483698,0.23426918919904646,2960700043,0.8983806228373702,0.01840660369535788,1504.322,441.56909861731395,0.8905536332179931,0.01905369644513862,500
tobacco,equalize,112,0.06359791371469341,0.001,1000,289,1229,4.252595155709343,0.7409180108170201,0.2349768943291087,2389193929,0.893515570934256,0.022371929184944846,1477.682,399.11106243289316,0.874643598615917,0.02004626486544275,500
tobacco,equalize,113,0.0196412102956008,0.001,1000,289,1229,4.252595155709343,0.7572082966149654,0.2344228747756608,2176167519,0.8769065743944636,0.02160746945827472,1493.042,452.3646535656728,0.8726089965397924,0.02243704823017496,500
tobacco,equalize,114,0.03329752088436221,0.001,1000,289,1229,4.252595155709343,0.74539460162565,0.23642581091981466,3688885254,0.8849065743944636,0.01958410957997605,1487.968,423.03457480323965,0.8830311418685122,0.02061208037486099,500
tobacco,equalize,115,0.06061826442899764,0.001,1000,289,1229,4.252595155709343,0.7331698486123976,0.2346186522690457,4041735004,0.9067681660899654,0.01827062532966931,1589.662,484.2245332003596,0.9061868512110727,0.018781750896941014,500
tobacco,equalize,116,0.06912928672194411,0.001,1000,289,1229,4.252595155709343,0.7347014620714508,0.2364700051971662,947427527,0.9055017301038063,0.018143134539469502,1529.588,433.29585371856393,0.9051141868512111,0.01877806489017201,500
tobacco,equalize,117,0.06863314936148378,0.001,1000,289,1229,4.252595155709343,0.7374718805341501,0.23485930429131843,1263856424,0.8980207612456748,0.019432784908783106,1546.524,425.75913743596925,0.8953910034602076,0.02094711233869914,500
tobacco,equalize,118,0.06822666281535893,0.001,1000,289,1229,4.252595155709343,0.7304163229452025,0.234858104440849,2493150014,0.9023875432525952,0.018206503256463124,1506.128,423.95252458524686,0.8956747404844291,0.0177072978747657,500
tobacco,equalize,119,0.07909457921887887,0.001,1000,289,1229,4.252595155709343,0.7294928501243029,0.23536805829611165,421864558,0.8996332179930796,0.017986425442475994,1498.928,430.0862462045825,0.8959515570934256,0.01945372806812854,500
tobacco,equalize,120,0.02809518877044369,0.001,1000,289,1229,4.252595155709343,0.7493925632283258,0.23741254314843915,82298394,0.8802698961937716,0.020299486853848293,1475.744,410.00647443932445,0.876726643598616,0.021635656558510404,500
tobacco,equalize,121,0.04591543895097053,0.001,1000,289,1229,4.252595155709343,0.7444936525320892,0.23741232124811842,1018083464,0.8990519031141869,0.020188110822341482,1514.978,431.4514598891529,0.8933287197231834,0.023125929797600708,500
tobacco,equalize,122,0.06737234377840436,0.001,1000,289,1229,4.252595155709343,0.7339750718647676,0.23366698573560676,299120289,0.9096955017301038,0.0182730980288787,1528.888,427.3280824332428,0.9097993079584775,0.018382733119551513,500
tobacco,equalize,123,0.05331243963653533,0.001,1000,289,1229,4.252595155709343,0.7402254062013452,0.23703097209022966,3721920003,0.9009965397923876,0.01833374708262575,1541.624,465.4642333510258,0.8928235294117648,0.01696044498587321,500
tobacco,equalize,124,0.04805517636060669,0.001,1000,289,1229,4.252595155709343,0.7378266292397397,0.23684498062914125,2017747818,0.9037508650519032,0.016715638620928022,1536.01,437.3819656407149,0.9044498269896194,0.01665339030335007,500
tobacco,equalize,125,0.016280841721840356,0.001,1000,289,1229,4.252595155709343,0.7524783138737714,0.2342521394465348,583176836,0.8851003460207612,0.020501774064777652,1487.166,410.76212762983647,0.8747612456747406,0.02052890801430608,500
tobacco,equalize,126,0.07340571855671488,0.001,1000,289,1229,4.252595155709343,0.7281414264839617,0.23497617765897794,1604789971,0.9010657439446367,0.020080205128184217,1517.302,419.3940456504531,0.8973079584775087,0.020783861080889702,500
tobacco,equalize,127,0.01765804813428613,0.001,1000,289,1229,4.252595155709343,0.74723028540378,0.23459911608657896,2496122739,0.8895847750865051,0.019756269885451372,1489.54,434.4236460051602,0.8879792387543253,0.019608832811332234,500
tobacco,equalize,128,0.0119519579992311,0.001,1000,289,1229,4.252595155709343,0.7540774985148417,0.2347541868521631,939972936,0.8746089965397924,0.022178695409590377,1486.968,425.71822016677174,0.8694117647058823,0.023331996648718132,500
tobacco,equalize,129,0.08624457832649383,0.001,1000,289,1229,4.252595155709343,0.7296054687609979,0.23536220292636387,668156938,0.9086435986159169,0.018299340808773396,1534.458,442.388724769978,0.900477508650519,0.018751673156229994,500
tobacco,equalize,130,0.09945860802428808,0.001,1000,289,1229,4.252595155709343,0.7251345088842027,0.23627111664033174,1132481338,0.9132318339100347,0.016017839668861066,1544.146,437.0937228204702,0.9163391003460208,0.01497425445201051,500
tobacco,equalize,131,0.071131484340115,0.001,1000,289,1229,4.252595155709343,0.736627240758937,0.23652858559324758,531775267,0.89439446366782,0.019673418826035738,1542.012,437.1518309496201,0.8913287197231834,0.020317672103880413,500
tobacco,equalize,132,0.012422984677965876,0.001,1000,289,1229,4.252595155709343,0.7560201699978321,0.23421126641753903,742680112,0.8757231833910034,0.020990242582379883,1466.788,408.50676691240557,0.8708442906574395,0.021973920537046387,500
tobacco,equalize,133,0.018640621841802662,0.001,1000,289,1229,4.252595155709343,0.7568648097730453,0.2345567440005745,3786440244,0.879515570934256,0.022457746443031962,1450.162,432.4062373094639,0.875757785467128,0.023689387422289494,500
tobacco,equalize,134,0.050958277984155156,0.001,1000,289,1229,4.252595155709343,0.7400733710418068,0.2353976763593532,794963746,0.902076124567474,0.01879150350724967,1525.516,449.9307559105384,0.8995017301038063,0.02028247897458695,500
tobacco,equalize,135,0.009157575549635711,0.001,1000,289,1229,4.252595155709343,0.7545899133118044,0.23585147474656779,598923977,0.8774671280276816,0.02021380581787718,1493.876,429.21912205010983,0.8745536332179932,0.021188362265372296,500
tobacco,equalize,136,0.047038973755467596,0.001,1000,289,1229,4.252595155709343,0.7434012517561468,0.23453340352676508,1781716393,0.8918685121107267,0.02005329083533148,1483.502,411.9006704542266,0.8889273356401384,0.02155896487751499,500
tobacco,equalize,137,0.06609175314230167,0.001,1000,289,1229,4.252595155709343,0.7295153738516419,0.23434216228718258,4092983811,0.8973840830449827,0.019768339579207053,1527.932,417.25109025698356,0.8871487889273356,0.02014804155713584,500
tobacco,equalize,138,0.04696065085928308,0.001,1000,289,1229,4.252595155709343,0.7380912830359732,0.23536421775122002,622450902,0.8824152249134949,0.020859732008266494,1457.432,426.8478881466212,0.8794948096885813,0.022120840408790504,500
tobacco,equalize,139,0.06323365719295482,0.001,1000,289,1229,4.252595155709343,0.736351325099034,0.23490712757822232,440481919,0.9091833910034602,0.01687824939092123,1541.768,424.94417195032713,0.9116332179930796,0.0160082243822107,500
tobacco,equalize,140,0.04429923459415407,0.001,1000,289,1229,4.252595155709343,0.7476863908823951,0.2381333895661248,3638568918,0.8961176470588236,0.018206376739147784,1505.734,470.14266717561173,0.8955709342560554,0.01835929677474561,500
tobacco,equalize,141,0.09038047343352262,0.001,1000,289,1229,4.252595155709343,0.7277528921873636,0.23515713879296912,4235103237,0.9144013840830449,0.017285552423637492,1548.236,442.74850285185073,0.9078546712802767,0.016009926994808,500
tobacco,equalize,142,0.08375980329812716,0.001,1000,289,1229,4.252595155709343,0.7292338272599042,0.2346679381348896,1169406383,0.9088581314878893,0.01847940158706191,1543.946,441.57424598070355,0.9078546712802767,0.01969398913075924,500
tobacco,equalize,143,0.09389514535479558,0.001,1000,289,1229,4.252595155709343,0.7210070358493276,0.2413803580801617,317074525,0.9109134948096886,0.016505949794273573,1519.042,433.6587368381641,0.8979377162629758,0.013556191411288799,500
tobacco,equalize,144,0.027900176800363996,0.001,1000,289,1229,4.252595155709343,0.7521235651681819,0.2347732274267004,3691382861,0.8864221453287197,0.020299908824660224,1480.994,417.50646133264684,0.882719723183391,0.021768506783729824,500
tobacco,equalize,145,0.0321480984763642,0.001,1000,289,1229,4.252595155709343,0.7469205841528685,0.2324402993930696,3683306792,0.8889896193771626,0.018910283121240754,1520.148,410.18855102352813,0.8874394463667821,0.0194018564724402,500
tobacco,equalize,146,0.016310144849736176,0.001,1000,289,1229,4.252595155709343,0.7542182718107105,0.2342437756013224,39592183,0.8828235294117648,0.019321429899830392,1488.204,427.26956473155417,0.8797301038062284,0.020451349952719394,500
tobacco,equalize,147,0.08337448532938888,0.001,1000,289,1229,4.252595155709343,0.7218066281698626,0.23381474984200024,477541921,0.9164498269896194,0.016188617803569703,1565.832,435.23773681874377,0.917522491349481,0.016209510136547117,500
tobacco,equalize,148,0.04147533270212898,0.001,1000,289,1229,4.252595155709343,0.7381475923543207,0.2348196159897262,2227996538,0.8902283737024221,0.018640812431801643,1487.292,416.91092114303837,0.8887958477508651,0.01878031363199831,500
tobacco,equalize,149,0.03990412830547463,0.001,1000,289,1229,4.252595155709343,0.7476188197003781,0.2350259119311883,1690743792,0.880325259515571,0.02155801996180043,1464.506,405.081384192904,0.8670657439446366,0.022378457657975716,500
tobacco,equalize,150,0.060614660167472335,0.001,1000,289,1229,4.252595155709343,0.7380631283767994,0.23513324668429278,3817614838,0.8978339100346021,0.01930895162035485,1491.06,424.91511871929464,0.8945882352941177,0.020201471357793602,500
tobacco,equalize,151,0.035310829987185044,0.001,1000,289,1229,4.252595155709343,0.7463743837648973,0.23479212758866325,2459544853,0.8882837370242214,0.021636233233671764,1471.166,411.6271860854787,0.8842906574394463,0.02184542719411297,500
tobacco,equalize,152,0.0638914825092194,0.001,1000,289,1229,4.252595155709343,0.730844273764644,0.23402890512558722,1739318076,0.9056193771626299,0.01618088651242334,1543.976,440.93026025985745,0.9048304498269896,0.01649013364930753,500
tobacco,equalize,153,0.06535743747089151,0.001,1000,289,1229,4.252595155709343,0.7405294765204219,0.2342826779758308,2740089528,0.8900968858131488,0.02359200118795811,1478.018,402.90519837022134,0.8848858131487889,0.02558906117086806,500
tobacco,equalize,154,0.06163580197472496,0.001,1000,289,1229,4.252595155709343,0.7380631283767994,0.2347004381947474,1490285450,0.902,0.018649335469584694,1551.766,400.3496908878385,0.9010173010380623,0.018787916473763145,500
tobacco,equalize,155,0.03410127089991412,0.001,1000,289,1229,4.252595155709343,0.7462223486053589,0.23596719841584377,1069608831,0.8836124567474049,0.021013823034578636,1501.604,419.85066911070334,0.8717024221453287,0.020432710625202653,500
tobacco,equalize,156,0.09963569255534543,0.001,1000,289,1229,4.252595155709343,0.7240364771764255,0.23364198450300308,3228538950,0.919439446366782,0.015267875382573856,1553.4,449.2271073610497,0.9216747404844291,0.014563706729876918,500
tobacco,equalize,157,0.022590882009892312,0.001,1000,289,1229,4.252595155709343,0.7543759379020837,0.23552768403660174,1754118546,0.8933425605536333,0.01963784210253444,1509.49,438.8488424423903,0.8912525951557093,0.020284475771052256,500
tobacco,equalize,158,0.005958232293034826,0.001,1000,289,1229,4.252595155709343,0.7592861104619898,0.23960555126796051,986222758,0.8774532871972318,0.021267895518193605,1472.528,418.5245019511605,0.8731418685121107,0.02252925766833266,500
tobacco,equalize,159,0.07260148295527909,0.001,1000,289,1229,4.252595155709343,0.7365821933042589,0.23502463981474234,3112294257,0.9070726643598617,0.01713705003056201,1521.2,407.87458286917246,0.9005121107266436,0.016376433575340243,500
tobacco,equalize,160,0.030749348618769545,0.001,1000,289,1229,4.252595155709343,0.7473541659041446,0.23519295207344465,4167432878,0.8940346020761245,0.018534574869251537,1538.316,435.63236249676055,0.892961937716263,0.018781172171485137,500
tobacco,equalize,161,0.024873497908151,0.001,1000,289,1229,4.252595155709343,0.7509523313465529,0.23800515317416887,3453693846,0.8837993079584775,0.019617748639029958,1474.388,420.7004911603089,0.8811349480968859,0.020389268314555682,500
tobacco,equalize,162,0.016756275352390472,0.001,1000,289,1229,4.252595155709343,0.7556879450195816,0.23473166805104984,980758247,0.8806228373702423,0.02191440490267213,1439.176,417.4505323003382,0.8767889273356401,0.023127984034224752,500
tobacco,equalize,163,0.08548181777600047,0.001,1000,289,1229,4.252595155709343,0.7191431974120238,0.23590048696188493,696391623,0.9018961937716262,0.017575571123359727,1464.054,390.9331612400184,0.8944013840830449,0.016137027704474862,500
tobacco,equalize,164,0.08884381305720862,0.001,1000,289,1229,4.252595155709343,0.7195148389131175,0.23535601029105532,1194040209,0.9111626297577855,0.01985253495396313,1535.354,413.2320681751803,0.9033287197231834,0.02008516937049741,500
tobacco,equalize,165,0.07492361472294966,0.001,1000,289,1229,4.252595155709343,0.734538165048243,0.23548123909930868,292736693,0.9017577854671279,0.018167067673102305,1522.126,431.2326115387251,0.9014186851211072,0.019428056588026467,500
tobacco,equalize,166,0.08845592995164198,0.001,1000,289,1229,4.252595155709343,0.730039050512274,0.23460278796161022,407274282,0.9103114186851211,0.01752823891715797,1551.078,431.40923468505304,0.9050865051903114,0.01648835693068539,500
tobacco,equalize,167,0.09085652380760739,0.001,1000,289,1229,4.252595155709343,0.7219248777383925,0.2344984244035528,1205294072,0.9064429065743944,0.017503223943618734,1532.918,417.4089454377602,0.8961245674740485,0.01672620575755901,500
tobacco,equalize,168,0.08165150273695476,0.001,1000,289,1229,4.252595155709343,0.7274600837319564,0.23571442227369135,3631390983,0.9127335640138408,0.01821628591787728,1513.546,407.75128952858563,0.9111626297577855,0.019141212316056012,500
tobacco,equalize,169,0.038920228097295034,0.001,1000,289,1229,4.252595155709343,0.7469487388120423,0.23772375615515526,769251720,0.88680276816609,0.02104710935071484,1518.218,418.9796395443402,0.8830103806228373,0.021916567221657777,500
tobacco,equalize,170,0.05264614731579417,0.001,1000,289,1229,4.252595155709343,0.740506952793083,0.2329099622507478,326401199,0.8865190311418685,0.023335591573694064,1515.06,431.76251126315316,0.8748166089965398,0.025330396589693306,500
tobacco,equalize,171,0.07307538562881141,0.001,1000,289,1229,4.252595155709343,0.7318409486993955,0.2350289181077225,2077641338,0.9094256055363322,0.016003902590062756,1528.24,426.84621326604173,0.909681660899654,0.015943282015538712,500
tobacco,equalize,172,0.04882757472401742,0.001,1000,289,1229,4.252595155709343,0.742111768365988,0.23303560112705196,1810227930,0.885121107266436,0.021394174871399742,1448.356,401.4195617968641,0.8794186851211073,0.02313279728823747,500
tobacco,equalize,173,0.09875596502374254,0.001,1000,289,1229,4.252595155709343,0.7160349230392391,0.23512389881623227,1117230952,0.9130657439446367,0.016543389990144847,1542.94,408.2823991245149,0.9134325259515571,0.017029748533290527,500
tobacco,equalize,174,0.03899099705479095,0.001,1000,289,1229,4.252595155709343,0.748356471770731,0.23519495742117902,2015853633,0.8797439446366782,0.021716286275666716,1454.83,435.6851066128477,0.8630726643598616,0.020597883050996028,500
tobacco,equalize,175,0.0857362339780231,0.001,1000,289,1229,4.252595155709343,0.7230566950371782,0.23546225807948523,1531009780,0.9272387543252595,0.01394928075658412,1586.98,453.1997391958808,0.9312664359861592,0.013027050584349546,500
tobacco,equalize,176,0.04485494016681542,0.001,1000,289,1229,4.252595155709343,0.7421173992978227,0.23336298275014988,2401455719,0.8868235294117648,0.020556464872367532,1508.418,423.2594244157046,0.8841384083044983,0.021573357201667837,500
tobacco,equalize,177,0.09551193309331601,0.001,1000,289,1229,4.252595155709343,0.7130167435758107,0.23627778636109242,2405867578,0.8931695501730104,0.02100314999036868,1490.04,409.05232674075336,0.8870311418685122,0.022581473559314818,500
tobacco,equalize,178,0.045847980713603076,0.001,1000,289,1229,4.252595155709343,0.743007086527714,0.23520672931398495,2475799219,0.8964636678200691,0.01919384832517353,1517.174,421.8383706419934,0.8894878892733563,0.019014951624206636,500
tobacco,equalize,179,0.03233908100232163,0.001,1000,289,1229,4.252595155709343,0.7445555927822715,0.2348523840535104,2814518649,0.8898892733564014,0.01949722309580843,1539.254,436.52158672321195,0.8875294117647059,0.020466170643298365,500
tobacco,equalize,180,0.09692181735550227,0.001,1000,289,1229,4.252595155709343,0.7217841044425237,0.23373352584340726,180233498,0.9287335640138408,0.013034084607580395,1598.644,433.08859223193934,0.9262629757785468,0.01156778637635768,500
tobacco,equalize,181,0.08105129403918206,0.001,1000,289,1229,4.252595155709343,0.7220656510342613,0.23657843143444152,43925351,0.903356401384083,0.0184419365948005,1526.626,438.86348268780995,0.8976539792387543,0.017623226865598023,500
tobacco,equalize,182,0.09614121314661817,0.001,1000,289,1229,4.252595155709343,0.7286538412809244,0.2333526745834028,294802173,0.9162629757785467,0.015919336614863482,1562.166,439.97322113354716,0.9186712802768165,0.015868758117128613,500
tobacco,equalize,183,0.0641069969206368,0.001,1000,289,1229,4.252595155709343,0.7385924359692664,0.23642326587079948,124492081,0.8957439446366782,0.01769292864170566,1521.88,451.57840483289596,0.8959584775086505,0.017714029778949845,500
tobacco,equalize,184,0.01899868628606466,0.001,1000,289,1229,4.252595155709343,0.7521686126228598,0.23645625224995453,2281232838,0.8826643598615918,0.021036189715674287,1504.898,413.2005044888251,0.880159169550173,0.022280881079178375,500
tobacco,equalize,185,0.044959399502634695,0.001,1000,289,1229,4.252595155709343,0.7380011881266172,0.23630567805859548,901204765,0.898159169550173,0.018015553964631205,1504.266,428.1581273408415,0.899598615916955,0.017892056845712448,500
tobacco,equalize,186,0.055129232675133394,0.001,1000,289,1229,4.252595155709343,0.7436433818250413,0.23749763477539987,1411442553,0.8892941176470588,0.020179266263644035,1488.934,418.64272728690804,0.885121107266436,0.021771051701045662,500
tobacco,equalize,187,0.048543549439737516,0.001,1000,289,1229,4.252595155709343,0.7375844991708453,0.23487975494544577,33461370,0.9016678200692041,0.016388436146154765,1550.162,440.93985038701,0.9018615916955017,0.016256016399625976,500
tobacco,equalize,188,0.025454766347067306,0.001,1000,289,1229,4.252595155709343,0.7520954105090081,0.23672676783433677,472926123,0.8857231833910034,0.020165992152257138,1516.998,437.2262430037135,0.8839100346020762,0.020523979787865645,500
tobacco,equalize,189,0.04288609370127649,0.001,1000,289,1229,4.252595155709343,0.7411882955450882,0.23512256931124717,1155729154,0.8932871972318339,0.01863906693540865,1516.334,414.74725920980353,0.8918961937716262,0.019208693668039175,500
tobacco,equalize,190,0.02125430350147597,0.001,1000,289,1229,4.252595155709343,0.7516674596895667,0.23698468779779247,2393229398,0.8866228373702423,0.020436035962435966,1485.914,435.08488403601575,0.8843044982698962,0.02197014758264066,500
tobacco,equalize,191,0.01742876846628254,0.001,1000,289,1229,4.252595155709343,0.7536720714227394,0.2373534715375082,2824500427,0.8836055363321799,0.02161036532350625,1482.188,440.1066511480705,0.873757785467128,0.022480743927176302,500
tobacco,equalize,192,0.05715106765720999,0.001,1000,289,1229,4.252595155709343,0.740095894769146,0.23505517050938327,3554782154,0.891508650519031,0.02010264139010659,1498.546,430.70526108680843,0.8822145328719724,0.01925079426141027,500
tobacco,equalize,193,0.03299368791535356,0.001,1000,289,1229,4.252595155709343,0.7416950794102162,0.23564205977282784,1092403212,0.8854878892733563,0.018440656307558038,1465.524,422.05643781062565,0.8852871972318339,0.01915035211974788,500
tobacco,equalize,194,0.04521840780934388,0.001,1000,289,1229,4.252595155709343,0.7497360500702459,0.23745842856509833,3736087923,0.8910449826989619,0.019809622644947674,1494.722,390.2818424537557,0.887681660899654,0.020476255287821335,500
tobacco,equalize,195,0.073023442869721,0.001,1000,289,1229,4.252595155709343,0.7349098065493368,0.23342171617190854,1018515968,0.9068650519031142,0.017537594086610007,1510.278,424.07502162226905,0.9072941176470588,0.017532049465814575,500
tobacco,equalize,196,0.08611886740418387,0.001,1000,289,1229,4.252595155709343,0.7270152401170108,0.23474006544222717,819313609,0.9130865051903114,0.017196038105054986,1553.614,447.5081766183504,0.9070588235294117,0.01527648655943795,500
tobacco,equalize,197,0.0320252764549821,0.001,1000,289,1229,4.252595155709343,0.7477201764734037,0.2363502740983379,2348187777,0.8942491349480969,0.019629633369500323,1497.46,445.67791734841876,0.8918062283737024,0.02015255808921319,500
tobacco,equalize,198,0.06798840521635903,0.001,1000,289,1229,4.252595155709343,0.7283159853708391,0.23776514672727753,37604432,0.8975432525951557,0.019077859423625394,1517.75,428.935354776398,0.8910519031141869,0.01947736522217166,500
tobacco,equalize,199,0.08871419507090929,0.001,1000,289,1229,4.252595155709343,0.728225890461483,0.23528769195950314,3339207601,0.9061245674740485,0.021460550189281044,1543.292,434.7364377143388,0.8944359861591696,0.022680562561318954,500
tobacco,equalize,200,0.007828348759267023,0.001,1000,289,1229,4.252595155709343,0.7582218643452212,0.23364270522798047,1800009729,0.8784359861591696,0.02084042750739934,1477.664,423.6959991590748,0.8742560553633218,0.022743543656310653,500
tobacco,equalize,201,0.0764147427047936,0.001,1000,289,1229,4.252595155709343,0.7308836902874872,0.23401570783282027,1563780413,0.8953010380622838,0.019601891122755948,1523.558,441.7510459627893,0.8924152249134949,0.02035730494788433,500
tobacco,equalize,202,0.06520151540551831,0.001,1000,289,1229,4.252595155709343,0.7341834163426534,0.23386804646320353,3750227616,0.9018200692041523,0.01850850357554249,1516.572,426.34335708706,0.8997301038062284,0.019176839548141877,500
tobacco,equalize,203,0.0665354607233199,0.001,1000,289,1229,4.252595155709343,0.7276571663461727,0.23528747928565716,4280090177,0.8961245674740485,0.018767738941405054,1540.258,452.20289954921947,0.8957024221453287,0.01837439720857427,500
tobacco,equalize,204,0.026214665216933986,0.001,1000,289,1229,4.252595155709343,0.7486943276808162,0.23374857935439813,242441821,0.8949480968858131,0.019923316975200916,1542.766,451.8457484637977,0.892477508650519,0.020323387075897467,500
tobacco,equalize,205,0.0032673361364390697,0.001,1000,289,1229,4.252595155709343,0.7590214566657564,0.23624473072576768,2142486806,0.872,0.021102820068657664,1477.674,440.5306370826174,0.8663875432525951,0.022783756778286094,500
tobacco,equalize,206,0.06574973759480705,0.001,1000,289,1229,4.252595155709343,0.7309287377421653,0.23992638891967868,3681156255,0.8935916955017301,0.019439352513036204,1494.472,407.72319731314576,0.8927889273356401,0.019727660970231656,500
tobacco,equalize,207,0.031149372189198245,0.001,1000,289,1229,4.252595155709343,0.7502146792762001,0.2389833814456996,1075945398,0.8862214532871973,0.02090752795954051,1474.934,414.75202727927035,0.8836193771626298,0.021336912898019728,500
tobacco,equalize,208,0.048032617031648774,0.001,1000,289,1229,4.252595155709343,0.7368524780323272,0.23473623027055032,4242681458,0.8937024221453287,0.020716587084123085,1529.83,418.2145956276417,0.8838754325259515,0.020348717877356957,500
tobacco,equalize,209,0.08646066883793922,0.001,1000,289,1229,4.252595155709343,0.730314966172177,0.23622142484835187,1921427704,0.9088373702422146,0.019012468136583322,1559.196,449.6628503021833,0.8982006920415225,0.016910246211340664,500
tobacco,equalize,210,0.08967973720975947,0.001,1000,289,1229,4.252595155709343,0.7375169279888282,0.23465246753212585,1168289886,0.8951557093425605,0.021447381058692868,1533.008,435.09190508182905,0.8875778546712803,0.020627299727355657,500
tobacco,equalize,211,0.05596841072433676,0.001,1000,289,1229,4.252595155709343,0.7389359228111865,0.23427076097133465,2733467638,0.902553633217993,0.017383275988242325,1536.012,447.296344603655,0.8951695501730104,0.01598716205766581,500
tobacco,equalize,212,0.09851811619017699,0.001,1000,289,1229,4.252595155709343,0.7224316616035205,0.23677588302827118,2069348670,0.9136885813148788,0.017103975094815937,1530.19,435.54782253091656,0.9082698961937716,0.016468262755204844,500
tobacco,equalize,213,0.06105480464112062,0.001,1000,289,1229,4.252595155709343,0.736351325099034,0.23454383248646057,795914507,0.8943875432525952,0.021486366189364836,1514.186,448.3581084253766,0.8828442906574394,0.02259362061065122,500
tobacco,equalize,214,0.08137318458502632,0.001,1000,289,1229,4.252595155709343,0.7311596059473903,0.23638219403856028,894761562,0.9181314878892733,0.015336055238544399,1561.406,477.14269927868526,0.9179653979238754,0.015657463294921365,500
tobacco,equalize,215,0.025165550244576753,0.001,1000,289,1229,4.252595155709343,0.7540211891964943,0.23508230643134082,3849525533,0.880719723183391,0.021249349141409087,1415.446,377.47416411344807,0.8702006920415225,0.02117714043851979,500
tobacco,equalize,216,0.0012751328481117486,0.001,1000,289,1229,4.252595155709343,0.7608064620573736,0.2342768517608543,2196581415,0.8735501730103806,0.020980844151153987,1475.576,423.83517638048295,0.8687820069204153,0.022280846618666646,500
tobacco,equalize,217,0.048743099272415984,0.001,1000,289,1229,4.252595155709343,0.7340539049104542,0.2357415995545863,1871467711,0.8988166089965398,0.017261271395757092,1558.648,389.67568357898017,0.8995847750865051,0.01762584211721163,500
tobacco,equalize,218,0.09848279285432848,0.001,1000,289,1229,4.252595155709343,0.725472364794288,0.23452851071676767,3567264890,0.9136262975778546,0.016723679378634556,1551.954,433.44764575114993,0.9140484429065745,0.016640921348966938,500
tobacco,equalize,219,0.03628770486111817,0.001,1000,289,1229,4.252595155709343,0.7429845628003751,0.23867504366203135,748307130,0.8950726643598617,0.019800284262659645,1526.77,428.7115069745912,0.8922283737024221,0.020463444685935136,500
tobacco,equalize,220,0.01571949447326848,0.001,1000,289,1229,4.252595155709343,0.7569549046824013,0.23541131707538748,2543455098,0.8847958477508651,0.020899346067216693,1488.46,441.18985638697274,0.8819792387543253,0.02242693803316357,500
tobacco,equalize,221,0.061053132425902525,0.001,1000,289,1229,4.252595155709343,0.7321562808821418,0.2348467753945405,1989363755,0.8988996539792388,0.018433274706873934,1490.93,410.361057478643,0.8977854671280276,0.019308664568549554,500
tobacco,equalize,222,0.002789110443722076,0.001,1000,289,1229,4.252595155709343,0.758936992688235,0.23569902934594303,244374623,0.8736816608996539,0.02181893085448308,1435.23,391.2909893886563,0.8692110726643599,0.023036210930547866,500
tobacco,equalize,223,0.05359113978241647,0.001,1000,289,1229,4.252595155709343,0.7471739760854325,0.24267727669341904,3498640227,0.889840830449827,0.02049168909881301,1479.992,438.2821767639403,0.8863460207612457,0.021503324570635418,500
tobacco,equalize,224,0.04218359492572535,0.001,1000,289,1229,4.252595155709343,0.7384967101280756,0.23560707833225006,3468598333,0.8977093425605537,0.01794107598337365,1534.0,434.3471732771698,0.8977716262975779,0.018662758785834243,500
tobacco,equalize,225,0.07748719191017019,0.001,1000,289,1229,4.252595155709343,0.7308780593556524,0.2347817243762393,841446845,0.9067335640138408,0.017693872488920792,1514.558,432.9949606032567,0.9057785467128027,0.018208875293362816,500
tobacco,equalize,226,0.00922632545220108,0.001,1000,289,1229,4.252595155709343,0.7554570768143566,0.23365898441956773,4025938509,0.8787404844290657,0.020169781398346142,1446.804,406.4876899343158,0.8756470588235294,0.02149324402834455,500
tobacco,equalize,227,0.0035616346227274054,0.001,1000,289,1229,4.252595155709343,0.7595057168035452,0.2366915011068322,402723016,0.8739446366782007,0.021252703631475398,1468.046,413.4150843255431,0.8692595155709343,0.022128871016004584,500
tobacco,equalize,228,0.0075436320076069045,0.001,1000,289,1229,4.252595155709343,0.7596971684859269,0.23522543734181783,130709799,0.8754809688581315,0.020100588331873292,1468.398,414.0375414953759,0.8719653979238755,0.021955970553112276,500
tobacco,equalize,229,0.0429942165126802,0.001,1000,289,1229,4.252595155709343,0.740163465951163,0.23511440913896764,2542189567,0.8891833910034602,0.020168371667815897,1534.298,401.2100649640494,0.8876193771626298,0.020870035769973077,500
tobacco,equalize,230,0.0640000855441427,0.001,1000,289,1229,4.252595155709343,0.7335640138408305,0.2363936094913294,3164036643,0.8955017301038063,0.017416455618582925,1533.396,425.10800134744505,0.8902560553633219,0.016784826506482286,500
tobacco,equalize,231,0.046314537695397534,0.001,1000,289,1229,4.252595155709343,0.7475568794501959,0.2352842099370204,2407956223,0.8825674740484429,0.020254094453375032,1463.394,433.22702370944523,0.8755778546712804,0.01991302821608665,500
tobacco,equalize,232,0.023085968192856268,0.001,1000,289,1229,4.252595155709343,0.7507834033915103,0.23613523117443103,2728364998,0.8957231833910034,0.018642640136323413,1522.774,438.0293716005463,0.8957093425605537,0.01888524635596406,500
tobacco,equalize,233,0.005361958649200727,0.001,1000,289,1229,4.252595155709343,0.7578108063212842,0.23495249847285657,4215717540,0.8740207612456747,0.02119856628270971,1461.302,410.7624402994039,0.8696470588235294,0.022113434049793382,500
tobacco,equalize,234,0.07420467853237125,0.001,1000,289,1229,4.252595155709343,0.7286087938262463,0.23599912813344703,3125815316,0.8936124567474049,0.018123148686293805,1477.916,410.5787509912453,0.8919031141868512,0.018614592176116745,500
tobacco,equalize,235,0.018123835632727615,0.001,1000,289,1229,4.252595155709343,0.7550629115859238,0.23686379816008213,471421170,0.8854256055363322,0.021824838689399276,1499.004,417.3696861222527,0.8823114186851211,0.0227729207417372,500
tobacco,equalize,236,0.058027508119419514,0.001,1000,289,1229,4.252595155709343,0.7315143546529799,0.2366730851504274,707082084,0.9129757785467129,0.015170531962432116,1575.048,453.36879051874854,0.9148650519031142,0.014837780135522305,500
tobacco,equalize,237,0.024642526519338917,0.001,1000,289,1229,4.252595155709343,0.7523825880325805,0.23725177277423762,1345530926,0.8876124567474049,0.01967707734075395,1506.798,427.2078725031379,0.8846989619377162,0.02063439879293217,500
tobacco,equalize,238,0.046362351727083896,0.001,1000,289,1229,4.252595155709343,0.7430239793232183,0.2358836873305646,2530095534,0.8907058823529412,0.01976376923654123,1491.632,390.2986223460321,0.8826228373702423,0.020383330501214592,500
tobacco,equalize,239,0.019872276885048314,0.001,1000,289,1229,4.252595155709343,0.7527035511471616,0.23615179769423417,2263522988,0.8899031141868512,0.020206272813202735,1504.878,455.02509688322374,0.8876539792387543,0.021312421132791942,500
tobacco,equalize,240,0.0397034340262831,0.001,1000,289,1229,4.252595155709343,0.7463462291057236,0.23389698098138437,1414297581,0.8941868512110727,0.020645234579473037,1483.112,424.4184037230684,0.8920899653979238,0.021841309068361046,500
tobacco,equalize,241,0.03087723522611188,0.001,1000,289,1229,4.252595155709343,0.7502484648672085,0.23537994007969962,231194423,0.8894948096885813,0.018100104002564215,1493.626,423.87732907553396,0.8897093425605537,0.018330039054428014,500
tobacco,equalize,242,0.030737935559035846,0.001,1000,289,1229,4.252595155709343,0.7492461590006222,0.2368392416168514,1872750002,0.8808650519031141,0.020978853018519403,1483.136,412.59401006107294,0.8716747404844291,0.02097470774562574,500
tobacco,equalize,243,0.0568303183909622,0.001,1000,289,1229,4.252595155709343,0.7381475923543207,0.23445151973956346,2070567972,0.8996401384083046,0.019581238772560135,1512.082,409.89273155150914,0.8904359861591696,0.019925937404555442,500
tobacco,equalize,244,0.04280257348660173,0.001,1000,289,1229,4.252595155709343,0.7411770336814187,0.23477249555366286,3565083011,0.900567474048443,0.017477758577425697,1541.224,408.04216772937895,0.8962283737024221,0.017647031630238685,500
tobacco,equalize,245,0.07828509439714804,0.001,1000,289,1229,4.252595155709343,0.7218573065563755,0.23411773672806768,4009323873,0.9096055363321799,0.017244995946447027,1530.314,418.55440624364695,0.9087404844290657,0.017910279079461012,500
tobacco,equalize,246,0.06806610699213554,0.001,1000,289,1229,4.252595155709343,0.7336541087501866,0.234804038840279,1250754408,0.8979031141868512,0.020729428759319598,1518.01,423.3292491742248,0.8793910034602076,0.01881487588389178,500
tobacco,equalize,247,0.08327957261346683,0.001,1000,289,1229,4.252595155709343,0.7289860662591748,0.23355752687951573,114047595,0.9074671280276816,0.017489126064920348,1582.584,457.0301259392341,0.906,0.017986585522897967,500
tobacco,equalize,248,0.034579190909459115,0.001,1000,289,1229,4.252595155709343,0.7485760781122864,0.23692493612826176,527005104,0.8922283737024221,0.019596151848440505,1514.656,415.47746112805066,0.8901730103806228,0.02047625528782135,500
tobacco,equalize,249,0.08148522069884201,0.001,1000,289,1229,4.252595155709343,0.7178480830900301,0.23514486625137465,2009277997,0.9033910034602076,0.018636234661319206,1542.476,436.0213879220273,0.9014186851211072,0.018906039655140133,500
tobacco,equalize,250,0.09847998545778604,0.001,1000,289,1229,4.252595155709343,0.7217559497833499,0.23559541326071065,2691579845,0.9054532871972318,0.017090699119675007,1526.594,432.98754901174505,0.906567474048443,0.016724195875547927,500
tobacco,equalize,251,0.019040370109071416,0.001,1000,289,1229,4.252595155709343,0.7539085705597991,0.2349965589085236,3323617251,0.8801176470588236,0.0215441252525301,1451.858,408.5974174356343,0.8756539792387543,0.022858117440869234,500
tobacco,equalize,252,0.0549385384209356,0.001,1000,289,1229,4.252595155709343,0.7394990159946618,0.24013498033514435,650574006,0.890325259515571,0.021343529748434526,1498.23,422.95912561840754,0.8874394463667821,0.022290855157153094,500
tobacco,equalize,253,0.0037147960660037674,0.001,1000,289,1229,4.252595155709343,0.7595451333263885,0.2342520024476023,1892883616,0.8751695501730105,0.020735290606388103,1471.084,404.01134052219516,0.8688442906574395,0.022757882690808567,500
tobacco,equalize,254,0.027551924284437493,0.001,1000,289,1229,4.252595155709343,0.7546800082211605,0.2353964939121746,2180031453,0.8832525951557093,0.021443577002406344,1492.5,412.247617575157,0.8784290657439446,0.023479524833432366,500
tobacco,equalize,255,0.018081861534454038,0.001,1000,289,1229,4.252595155709343,0.7559920153386583,0.23474809938994598,1177838143,0.8847750865051903,0.021287927113556773,1497.734,439.258237078923,0.8833356401384083,0.02240633558057462,500
tobacco,equalize,256,0.05604660093834092,0.001,1000,289,1229,4.252595155709343,0.7385361266509188,0.23458494869183674,3593069117,0.8922560553633219,0.018804572700694886,1507.75,434.3624303987211,0.8855640138408304,0.018693188817293073,500
tobacco,equalize,257,0.013659695326184041,0.001,1000,289,1229,4.252595155709343,0.7554627077461913,0.2347041829289806,3329671159,0.8863667820069204,0.019462760563461454,1507.248,417.2923295155867,0.8854394463667821,0.019384298675005286,500
tobacco,equalize,258,0.0442548844049454,0.001,1000,289,1229,4.252595155709343,0.7471514523580934,0.23847837133175992,1327064428,0.8955570934256055,0.01930672095401456,1525.772,396.25580796588133,0.8876124567474049,0.019371069408121812,500
tobacco,equalize,259,0.08900648793335189,0.001,1000,289,1229,4.252595155709343,0.7299151700119094,0.23494835450875654,854338904,0.9085397923875432,0.016314369089901436,1516.768,446.47412070232446,0.909923875432526,0.016150887046326275,500
tobacco,equalize,260,0.05984668216283771,0.001,1000,289,1229,4.252595155709343,0.7335020735906481,0.23718437302370568,3344613393,0.9092249134948097,0.018208263864523327,1537.434,423.8869731142392,0.9097508650519032,0.018325179394041224,500
tobacco,equalize,261,0.08707970777002075,0.001,1000,289,1229,4.252595155709343,0.7276459044825033,0.23699996292527648,3393365871,0.9042768166089966,0.017224976516162328,1508.208,415.0669897111739,0.8925328719723183,0.014243504507314859,500
tobacco,equalize,262,0.02406886628562678,0.001,1000,289,1229,4.252595155709343,0.7521066723726776,0.23481323711754315,510484436,0.8889896193771626,0.020540274894013996,1500.148,414.10408653497956,0.8808581314878893,0.02051400398884337,500
tobacco,equalize,263,0.07199226186730366,0.001,1000,289,1229,4.252595155709343,0.7351463056863966,0.23501301215998857,3033568285,0.8939723183391003,0.01851229898825096,1505.04,400.30333989095755,0.8861799307958478,0.017921207542711256,500
tobacco,equalize,264,0.05155271027797919,0.001,1000,289,1229,4.252595155709343,0.7456761482173878,0.2347470243836891,3233931685,0.8923460207612457,0.020117785765489567,1540.046,445.37346455515245,0.8820692041522491,0.01965440676688329,500
tobacco,equalize,265,0.0006809616254943141,0.001,1000,289,1229,4.252595155709343,0.7613132459225015,0.23497312210774274,2798944553,0.8743806228373702,0.021640496825980765,1452.444,415.5152761975268,0.8695363321799308,0.022616587083780757,500
tobacco,equalize,266,0.020571840239787642,0.001,1000,289,1229,4.252595155709343,0.7495051818650209,0.23541351061439536,2477895516,0.8878615916955017,0.01825113667952952,1481.564,422.8095288654204,0.888242214532872,0.017687535813191102,500
tobacco,equalize,267,0.03521015199255264,0.001,1000,289,1229,4.252595155709343,0.743237954732939,0.2354294538128418,3729420771,0.8881453287197233,0.019377919194880418,1516.894,449.05249475991116,0.872083044982699,0.017994765070199988,500
tobacco,equalize,268,0.0679589575119766,0.001,1000,289,1229,4.252595155709343,0.7377534271258879,0.2367004280420071,3137535368,0.8964498269896194,0.018730922418780174,1534.78,434.4748789526062,0.8952941176470588,0.019690120507287932,500
tobacco,equalize,269,0.04852034881018672,0.001,1000,289,1229,4.252595155709343,0.7407941303166554,0.2354977167698429,4233402791,0.8998754325259515,0.01981145394405465,1543.788,446.2448700254696,0.8971418685121108,0.0212656333925402,500
tobacco,equalize,270,0.020811427168833375,0.001,1000,289,1229,4.252595155709343,0.753176549421281,0.23674502067135586,3110419883,0.8813771626297577,0.021432965713188652,1452.014,427.39870508720577,0.8715363321799308,0.021363345540287775,500
tobacco,equalize,271,0.06080287716586592,0.001,1000,289,1229,4.252595155709343,0.7430183483913836,0.23509359773319385,1235648811,0.9025743944636677,0.018406306481906904,1523.464,426.8656665727487,0.9019861591695502,0.01847398767268649,500
tobacco,equalize,272,0.05410015156301604,0.001,1000,289,1229,4.252595155709343,0.7327531596566258,0.23603831331759792,2346579888,0.8939515570934256,0.01833591945810426,1496.376,424.27108613840994,0.8927612456747405,0.01874481981131606,500
tobacco,equalize,273,0.05495115622266788,0.001,1000,289,1229,4.252595155709343,0.7373930474884636,0.23377281121441196,3337163980,0.8955363321799308,0.018209138833944493,1514.9,432.9461753862289,0.8954394463667821,0.01842025339640482,500
tobacco,equalize,274,0.05541266672258299,0.001,1000,289,1229,4.252595155709343,0.7366216098271022,0.2348872430913359,1699185925,0.8988166089965398,0.01827409594334534,1534.316,442.1990639613983,0.8911833910034602,0.016975283016634844,500
tobacco,equalize,275,0.04905625198146685,0.001,1000,289,1229,4.252595155709343,0.7461153609004986,0.23699758736564136,2921493415,0.8928858131487889,0.020232732197680046,1506.246,413.6907656488918,0.8838892733564014,0.020481663599141674,500
tobacco,equalize,276,0.0003895778527316929,0.001,1000,289,1229,4.252595155709343,0.7613132459225015,0.23497312210774274,337788264,0.8716608996539792,0.021082902807778428,1484.448,397.8611243191386,0.8667681660899653,0.022140968359516598,500
tobacco,equalize,277,0.01764021471029792,0.001,1000,289,1229,4.252595155709343,0.7560370627933363,0.23560972156253004,2089030669,0.8744913494809688,0.021245057873905727,1472.816,427.94538980729146,0.8693840830449827,0.0229264010081465,500
tobacco,equalize,278,0.0088894448022111,0.001,1000,289,1229,4.252595155709343,0.7577826516621102,0.2350578361701214,2861543113,0.8794948096885813,0.021265859051788776,1452.334,408.1399353870138,0.8763944636678201,0.02174698929357235,500
tobacco,equalize,279,0.05605271478974272,0.001,1000,289,1229,4.252595155709343,0.7342904040475139,0.2364229719174757,2318085621,0.890878892733564,0.020137231348193202,1498.556,418.71485658649885,0.8896470588235293,0.02048795119169744,500
tobacco,equalize,280,0.03994308790958401,0.001,1000,289,1229,4.252595155709343,0.740506952793083,0.23690004612754753,345633912,0.8826643598615918,0.020569056562846813,1462.85,416.44730304376424,0.8650311418685122,0.019357552210417326,500
tobacco,equalize,281,0.05653252590527674,0.001,1000,289,1229,4.252595155709343,0.7402929773833622,0.23387891929714374,426822946,0.9042698961937716,0.017472314442642155,1514.352,444.6544763100956,0.9054948096885813,0.017076524829736758,500
tobacco,equalize,282,0.012612750148363439,0.001,1000,289,1229,4.252595155709343,0.7559188132248065,0.23439063164187232,2845709571,0.8900276816608997,0.019368863238893946,1517.336,427.8997727681918,0.8812456747404844,0.01775942399035852,500
tobacco,equalize,283,0.07222418756247799,0.001,1000,289,1229,4.252595155709343,0.7372522741925948,0.234868115222836,2246424252,0.9170034602076125,0.016799993892253395,1569.06,436.91059283595405,0.9113287197231834,0.014704148271854746,500
tobacco,equalize,284,0.025060226784522355,0.001,1000,289,1229,4.252595155709343,0.756273561930396,0.23503085643597182,3664737990,0.8837231833910034,0.019940406181678024,1467.474,397.7430834658092,0.8796055363321799,0.021279349124519755,500
tobacco,equalize,285,0.07442542368840187,0.001,1000,289,1229,4.252595155709343,0.725286544043741,0.23632482146836123,2191825495,0.8966920415224913,0.019501206270441395,1495.596,408.19601266243035,0.8933702422145329,0.02018645276276577,500
tobacco,equalize,286,0.061870846647257,0.001,1000,289,1229,4.252595155709343,0.734583212502921,0.23446138650001647,3308178088,0.9005397923875432,0.01778671606470822,1495.538,446.03497054142724,0.8998546712802767,0.017961285807617865,500
tobacco,equalize,287,0.08421174259768441,0.001,1000,289,1229,4.252595155709343,0.7349548540040148,0.23519324774689293,4235147282,0.9013979238754325,0.017806777688249634,1546.728,467.0469352167841,0.9023737024221453,0.01776570666283803,500
tobacco,equalize,288,0.002194681507061236,0.001,1000,289,1229,4.252595155709343,0.7608627713757212,0.2345374228987411,191538169,0.8717301038062284,0.0219338580994526,1444.458,421.26731244313993,0.8668166089965398,0.02254154036605685,500
tobacco,equalize,289,0.0161360012907531,0.001,1000,289,1229,4.252595155709343,0.7565776322494728,0.2346965463737449,1615520273,0.880643598615917,0.021223573824417603,1480.532,431.00112402849675,0.8767128027681661,0.022826919145943536,500
tobacco,equalize,290,0.003443391342079072,0.001,1000,289,1229,4.252595155709343,0.7605361773293053,0.2350210304731848,3503823869,0.8747681660899653,0.021568182589220306,1480.184,425.1748080246023,0.8704013840830449,0.022562283096423153,500
tobacco,equalize,291,0.01665565261126798,0.001,1000,289,1229,4.252595155709343,0.7504061309585817,0.233206135366435,3139128367,0.8862006920415225,0.019540597978885393,1463.742,419.14228604126265,0.8838754325259515,0.0196235953097503,500
tobacco,equalize,292,0.025156353204858428,0.001,1000,289,1229,4.252595155709343,0.7486211255669644,0.23448241609318432,1163167600,0.8942491349480969,0.018713503148495722,1508.894,426.87025099715345,0.8932456747404844,0.01933278688457687,500
tobacco,equalize,293,0.03184051315369729,0.001,1000,289,1229,4.252595155709343,0.7451806262159294,0.2381219163164351,1405843624,0.8879169550173011,0.02045102731294285,1485.726,456.805228689335,0.8838062283737024,0.02162608261398874,500
tobacco,equalize,294,0.04168830898259476,0.001,1000,289,1229,4.252595155709343,0.7375281898524978,0.23669986928721434,782728573,0.8945951557093426,0.019684074184798835,1527.604,406.7814714500037,0.8801245674740484,0.018243157571092385,500
tobacco,equalize,295,0.06555862925280363,0.001,1000,289,1229,4.252595155709343,0.7327756833839647,0.23502242471181528,3256314057,0.8906643598615918,0.018813961492518457,1495.132,431.85478077631484,0.8888581314878893,0.019179368056639053,500
tobacco,equalize,296,0.0241393141247081,0.001,1000,289,1229,4.252595155709343,0.7537903209912692,0.2354013441271571,2393165469,0.8860622837370242,0.020327604969614728,1489.076,449.1832202506115,0.8769826989619377,0.020023294505495923,500
tobacco,equalize,297,0.007307486347842751,0.001,1000,289,1229,4.252595155709343,0.758728648210349,0.23463961318743878,801917972,0.8760622837370242,0.022107047640287297,1478.724,426.13575205838424,0.8698685121107267,0.023160122566697094,500
tobacco,equalize,298,0.016144274456969622,0.001,1000,289,1229,4.252595155709343,0.7533342155126541,0.23403055965542213,45867420,0.8778062283737025,0.021116308624078737,1437.112,417.78178358251415,0.8725951557093425,0.022483373640418605,500
tobacco,equalize,299,0.004647140713620346,0.001,1000,289,1229,4.252595155709343,0.7613582933771796,0.23249878891988945,4036883814,0.8729896193771626,0.021811671692468827,1480.042,458.2717952401447,0.8679100346020762,0.02261853376158996,500
tobacco,equalize,300,0.07634820866574078,0.001,1000,289,1229,4.252595155709343,0.7243123928363285,0.23401300473956885,2216582056,0.9082422145328719,0.017630631881647665,1525.256,411.5467749356322,0.9012733564013841,0.01647229666098259,500
tobacco,equalize,301,0.09855682093814522,0.001,1000,289,1229,4.252595155709343,0.7205171447797039,0.2339626664122316,3960222021,0.9073840830449827,0.01719156131977252,1552.652,422.15928251743,0.8956885813148789,0.01476381594413267,500
tobacco,equalize,302,0.05093983320903356,0.001,1000,289,1229,4.252595155709343,0.7437954169845797,0.2350384030721984,2370771283,0.8864152249134949,0.022202042465188657,1508.368,437.5970966700168,0.879038062283737,0.02415256624223407,500
tobacco,equalize,303,0.023462976956313254,0.001,1000,289,1229,4.252595155709343,0.7528612172385347,0.23573502894008483,2666578264,0.8787820069204153,0.02214015340571336,1435.144,410.31135748863727,0.8742145328719724,0.023635373766633862,500
tobacco,equalize,304,0.02265464481036296,0.001,1000,289,1229,4.252595155709343,0.7492743136597959,0.23673065306310376,1075189612,0.8859238754325259,0.01960909344393579,1463.064,418.4958416076386,0.8826020761245674,0.020375942600260134,500
tobacco,equalize,305,0.06114485195986518,0.001,1000,289,1229,4.252595155709343,0.739037279584212,0.23462466822693717,3033494699,0.8950034602076125,0.019748909836969208,1491.938,433.7098692182534,0.8932387543252595,0.020564035280159272,500
tobacco,equalize,306,0.0379540168954345,0.001,1000,289,1229,4.252595155709343,0.7394145520171406,0.23506641258896074,924714580,0.8931349480968859,0.0198509697364857,1509.196,409.1686786634561,0.8883460207612457,0.022403345538324005,500
tobacco,equalize,307,0.08941728201092014,0.001,1000,289,1229,4.252595155709343,0.7195317317086217,0.23596484475813198,1916706203,0.9143737024221453,0.016815582805372736,1519.474,424.0548152026967,0.9144844290657439,0.01724345842100459,500
tobacco,equalize,308,0.07893253408558784,0.001,1000,289,1229,4.252595155709343,0.7301798238081428,0.23439679362255741,1541557124,0.8919723183391003,0.021795174513322496,1484.502,402.4209826668848,0.8816816608996539,0.021696079524095302,500
tobacco,equalize,309,0.055326472216157524,0.001,1000,289,1229,4.252595155709343,0.739634158358696,0.23466177468726074,934522732,0.9042006920415225,0.020126117288798036,1549.302,392.3854373685621,0.9034602076124568,0.022395264430424486,500
tobacco,equalize,310,0.03465054926204304,0.001,1000,289,1229,4.252595155709343,0.745833814308761,0.23516104296162155,4136394296,0.8905743944636678,0.020231712295234586,1498.644,419.4729315995127,0.8871003460207612,0.02195914498396578,500
tobacco,equalize,311,0.04698473825649602,0.001,1000,289,1229,4.252595155709343,0.7397524079272259,0.2355718074908566,2097340839,0.8954325259515571,0.019567637457131734,1518.256,433.74066952592966,0.8911072664359861,0.021070152439485554,500
tobacco,equalize,312,0.087758095043469,0.001,1000,289,1229,4.252595155709343,0.7267618481844468,0.23566014957004702,3436855571,0.9236747404844291,0.015554412649757038,1579.692,399.90278520063174,0.9263598615916956,0.015369685966256772,500
tobacco,equalize,313,0.07366703029817008,0.001,1000,289,1229,4.252595155709343,0.735157567550066,0.2346506139051749,3258767245,0.9052525951557093,0.01810281206440588,1538.972,433.80173247948716,0.8990242214532872,0.01703791848264549,500
tobacco,equalize,314,0.07131963901414143,0.001,1000,289,1229,4.252595155709343,0.7299658483984222,0.23409461227196834,2748207891,0.9003183391003461,0.018347379058947844,1521.054,427.56699375922904,0.899356401384083,0.018680280607023304,500
tobacco,equalize,315,0.09411157410265206,0.001,1000,289,1229,4.252595155709343,0.7304050610815331,0.235553593559757,4223566663,0.9121660899653978,0.015432808606545606,1510.244,394.29655846333753,0.9150034602076125,0.014900197983678785,500
tobacco,equalize,316,0.09378310741802633,0.001,1000,289,1229,4.252595155709343,0.728777721781289,0.2348743585236702,3414485856,0.9070242214532872,0.017826680793420424,1546.766,417.68450286294285,0.9010034602076125,0.01719527903151096,500
tobacco,equalize,317,0.06845779543996644,0.001,1000,289,1229,4.252595155709343,0.7374606186704806,0.2351058612153175,4218123865,0.898235294117647,0.020714357418878043,1482.294,422.57604830041487,0.895993079584775,0.021500075027207077,500
tobacco,equalize,318,0.039249922877423564,0.001,1000,289,1229,4.252595155709343,0.7459182782862822,0.23393908582721762,2163094272,0.8920138408304498,0.02046580485849972,1523.182,415.5531418524072,0.889349480968858,0.021392356805187092,500
tobacco,equalize,319,0.09050792156758018,0.001,1000,289,1229,4.252595155709343,0.7111360123430026,0.23394102742757478,398960166,0.906719723183391,0.01855450421446189,1556.11,451.5229827016733,0.8979515570934256,0.018409653766599983,500
tobacco,equalize,320,0.0698190454466071,0.001,1000,289,1229,4.252595155709343,0.732015507586273,0.23884511427291452,2584554941,0.9080968858131487,0.0188846110858521,1544.118,450.3615916154539,0.9063944636678201,0.01987475256819782,500
tobacco,equalize,321,0.00029092614304695454,0.001,1000,289,1229,4.252595155709343,0.7613132459225015,0.23497312210774274,1880031060,0.874083044982699,0.021685442419370534,1421.15,403.87580619995936,0.8688166089965398,0.023290788203023573,500
tobacco,equalize,322,0.04598981935935344,0.001,1000,289,1229,4.252595155709343,0.7383221512411982,0.23524574295318365,2892443691,0.8891626297577855,0.021012530451452148,1507.378,450.4351526796496,0.8804705882352941,0.019753283195256748,500
tobacco,equalize,323,0.02026932349852393,0.001,1000,289,1229,4.252595155709343,0.7552431014046359,0.23576443509570852,371442877,0.8804152249134949,0.02114441174321771,1483.55,423.9954525553015,0.8760761245674741,0.022211680343557347,500
tobacco,equalize,324,0.004572922102744604,0.001,1000,289,1229,4.252595155709343,0.7612625675359888,0.2347701833133721,2771043857,0.8748650519031141,0.02190977956087539,1436.5,377.56543448073893,0.8706989619377162,0.022957797512887575,500
tobacco,equalize,325,0.012887520415755327,0.001,1000,289,1229,4.252595155709343,0.7587399100740186,0.23487331314319404,91436236,0.8822006920415225,0.02077339560759821,1437.382,409.3937255516285,0.8786297577854671,0.021917750658827888,500
tobacco,equalize,326,0.08588822340384478,0.001,1000,289,1229,4.252595155709343,0.7322914232461759,0.23656335451464947,2504652323,0.9259100346020762,0.013753118139629237,1548.134,425.506700238546,0.9248996539792388,0.011811269229131387,500
tobacco,equalize,327,0.09640920061500098,0.001,1000,289,1229,4.252595155709343,0.7167894679050962,0.2349071046212118,1113199148,0.9045190311418685,0.01857548303165097,1546.694,448.6969157554094,0.9023806228373702,0.019649455807192434,500
tobacco,equalize,328,0.06218879175448377,0.001,1000,289,1229,4.252595155709343,0.7322576376551674,0.23614699104357148,2711583391,0.9037854671280277,0.019766731278987277,1523.508,429.16455861679134,0.9011418685121108,0.020736122588176868,500
tobacco,equalize,329,0.007605172995929533,0.001,1000,289,1229,4.252595155709343,0.7568535479093758,0.23497890210116262,3304621354,0.8768373702422145,0.021459449995596094,1504.33,435.343575992935,0.872159169550173,0.0224180423827721,500
tobacco,equalize,330,0.07970287025858278,0.001,1000,289,1229,4.252595155709343,0.7311483440837206,0.23553527149842043,2780432766,0.901349480968858,0.016627759070870878,1484.034,411.11475713121996,0.9007958477508651,0.017210342608482258,500
tobacco,equalize,331,0.07359238247938052,0.001,1000,289,1229,4.252595155709343,0.7308555356283135,0.23607679901663006,3533502583,0.9046435986159169,0.01844113512457389,1513.294,413.5190534656877,0.904083044982699,0.019184371544164604,500
tobacco,equalize,332,0.07792299215384033,0.001,1000,289,1229,4.252595155709343,0.7329051948161642,0.2348075345845727,3446145018,0.9185121107266436,0.016867589736863416,1585.326,460.37237228827325,0.9108512110726643,0.014333206278541162,500
tobacco,equalize,333,0.0552624167096522,0.001,1000,289,1229,4.252595155709343,0.737314214442777,0.23220357881762263,1991564949,0.8919792387543253,0.02095063432950683,1531.432,409.85856763880645,0.8830311418685122,0.021412555468577208,500
tobacco,equalize,334,0.06968662613985266,0.001,1000,289,1229,4.252595155709343,0.7306021436957496,0.23624020873094942,3266424284,0.9116678200692041,0.017311857709255488,1558.532,428.2420571300652,0.9116955017301038,0.017336920442272818,500
tobacco,equalize,335,0.05935031193896206,0.001,1000,289,1229,4.252595155709343,0.736925680146179,0.23524683563418064,2269085055,0.8911833910034602,0.019434661593611235,1497.264,415.92172348186904,0.8893979238754325,0.020130676881154115,500
tobacco,equalize,336,0.06594408741177549,0.001,1000,289,1229,4.252595155709343,0.733344407499275,0.23517025715028989,1887766103,0.8933840830449827,0.018284997235690152,1484.062,407.49725174085876,0.8781660899653979,0.016333669852374576,500
tobacco,equalize,337,0.09786916941285122,0.001,1000,289,1229,4.252595155709343,0.7207817985759374,0.23511608601285958,2846658312,0.9156539792387544,0.016821695936853856,1606.29,450.9568649972812,0.9103598615916955,0.015888092780928852,500
tobacco,equalize,338,0.07823273043189338,0.001,1000,289,1229,4.252595155709343,0.7359515289387665,0.2344273769363476,3694619181,0.8984013840830449,0.018115690690559856,1515.954,394.4810953050934,0.8920138408304498,0.017842702672770074,500
tobacco,equalize,339,0.061112161237088305,0.001,1000,289,1229,4.252595155709343,0.7343241896385223,0.23423778267210865,3649465309,0.8982906574394464,0.01907687336800968,1517.568,430.0102592055728,0.8972664359861592,0.019418173904940328,500
tobacco,equalize,340,0.07911007122239597,0.001,1000,289,1229,4.252595155709343,0.7304895250590544,0.23568860790945317,3022655976,0.9053287197231834,0.01797989961839361,1549.236,443.0606524930589,0.8996124567474049,0.015863416723046597,500
tobacco,equalize,341,0.011951841908892947,0.001,1000,289,1229,4.252595155709343,0.7579628414808225,0.23590704405076274,579033975,0.8716816608996539,0.02153751432700439,1449.514,388.3157839957068,0.8673079584775087,0.023368602793368467,500
tobacco,equalize,342,0.0906880268621808,0.001,1000,289,1229,4.252595155709343,0.7296167306246675,0.23512391552869408,584453004,0.9128996539792388,0.01620851538075215,1563.04,448.55341569702387,0.908235294117647,0.015149204601693696,500
tobacco,equalize,343,0.013835311258546224,0.001,1000,289,1229,4.252595155709343,0.7537058570137479,0.23602851537499964,2843862304,0.8854117647058823,0.02115239448386578,1509.376,401.1011229673776,0.8823737024221454,0.02190672941091919,500
tobacco,equalize,344,0.0583686592083459,0.001,1000,289,1229,4.252595155709343,0.7351012582317185,0.23412136671587755,1339867170,0.8920346020761245,0.01999028388404298,1511.288,429.2731390523098,0.8881384083044983,0.020796008184882024,500
tobacco,equalize,345,0.051960240770512714,0.001,1000,289,1229,4.252595155709343,0.7406533570207866,0.2345397804307458,2684574496,0.9014878892733563,0.01844323760866764,1537.868,434.51048468201213,0.9003737024221453,0.019431401972403357,500
tobacco,equalize,346,0.055347993682972156,0.001,1000,289,1229,4.252595155709343,0.7358895886885841,0.2354826851119382,38311084,0.8913910034602076,0.02010287174925488,1541.164,419.9472305622622,0.8811833910034602,0.019702106505016425,500
tobacco,equalize,347,0.04798955794209401,0.001,1000,289,1229,4.252595155709343,0.7429000988228537,0.24106648209341955,260757529,0.8960692041522491,0.019235926526032673,1520.992,428.7675397488533,0.8871003460207612,0.018396511395504425,500
tobacco,equalize,348,0.00816046409127733,0.001,1000,289,1229,4.252595155709343,0.7584808872096199,0.23593199269064358,3608492656,0.8762145328719724,0.020571688046715494,1459.15,406.1215247752469,0.8725328719723184,0.021823821727745187,500
tobacco,equalize,349,0.02370380503750057,0.001,1000,289,1229,4.252595155709343,0.7541056531740156,0.2342589558012332,4188560065,0.8825190311418685,0.02182325550693547,1497.886,420.8592901293453,0.879204152249135,0.022988432010085328,500
tobacco,equalize,350,0.05588909748778547,0.001,1000,289,1229,4.252595155709343,0.7346845692759466,0.23562292992619704,4130388881,0.898712802768166,0.018918763393219358,1498.194,408.6943338009006,0.8989065743944636,0.019696499978530062,500
tobacco,equalize,351,0.055815180146232414,0.001,1000,289,1229,4.252595155709343,0.7405463693159262,0.2328741831537394,591426742,0.9028235294117648,0.018059308126242797,1558.702,417.2801344627305,0.9016955017301038,0.018408338648282476,500
tobacco,equalize,352,0.04230786751326204,0.001,1000,289,1229,4.252595155709343,0.740709666339134,0.23582855598464172,2847842699,0.8857162629757785,0.021769733539350827,1497.388,425.7163777970601,0.8750173010380623,0.020696888227963648,500
tobacco,equalize,353,0.07782655959757828,0.001,1000,289,1229,4.252595155709343,0.7346507836849382,0.23447653272675473,528394818,0.9027543252595156,0.018895656659207134,1492.362,392.6773407568712,0.8922768166089966,0.016292734988070545,500
tobacco,equalize,354,0.04937734690083532,0.001,1000,289,1229,4.252595155709343,0.7453439232391372,0.23514707675536745,1288388774,0.8855570934256055,0.020850196495289575,1463.078,412.52401632400534,0.8779584775086505,0.02089863883972918,500
tobacco,equalize,355,0.03159775034562878,0.001,1000,289,1229,4.252595155709343,0.7449779126698781,0.23466841779567793,1253051867,0.8921314878892733,0.020265217654362556,1521.996,431.8462902710194,0.8811349480968859,0.019182650491710588,500
tobacco,equalize,356,0.09244102102418235,0.001,1000,289,1229,4.252595155709343,0.7220487582387571,0.23499478979073274,695811464,0.9133771626297578,0.015981330257513107,1583.132,463.1654813370751,0.9150657439446367,0.015651772325542625,500
tobacco,equalize,357,0.021895283307431092,0.001,1000,289,1229,4.252595155709343,0.7521629816910251,0.23461737565066923,3955944190,0.8812387543252594,0.021447469439038823,1462.134,412.2733057101835,0.8655432525951557,0.020137568547605292,500
tobacco,equalize,358,0.05335199333821137,0.001,1000,289,1229,4.252595155709343,0.7381588542179903,0.23581369064615362,1579447102,0.8925951557093426,0.020086436817917937,1496.044,441.59602825244764,0.890083044982699,0.02129729255289161,500
tobacco,equalize,359,0.005124705399726148,0.001,1000,289,1229,4.252595155709343,0.7596746447585879,0.23505198779752828,4167782412,0.8763321799307958,0.021372967573569348,1459.55,415.3195060241793,0.8710519031141869,0.023059647062880852,500
tobacco,equalize,360,0.09736859224936957,0.001,1000,289,1229,4.252595155709343,0.7172343115200419,0.23393891429153307,1001705007,0.8969826989619377,0.019890054777410557,1537.282,432.049515731806,0.8899238754325259,0.01997210929073426,500
tobacco,equalize,361,0.017442802499743528,0.001,1000,289,1229,4.252595155709343,0.7579966270718309,0.23218494035076748,1897153451,0.8750173010380623,0.021802329115636634,1471.632,414.82951151436487,0.8706643598615917,0.02351910903842507,500
tobacco,equalize,362,0.015048617724678071,0.001,1000,289,1229,4.252595155709343,0.7558456111109547,0.23580453524976644,2258384525,0.8762491349480969,0.0207173700161312,1466.522,444.63839253513913,0.8717162629757786,0.0220558810893584,500
tobacco,equalize,363,0.0469637836115185,0.001,1000,289,1229,4.252595155709343,0.7419709950701192,0.23600599803992456,3967022635,0.8882698961937716,0.021379000890188456,1510.406,436.09848536985737,0.8755916955017301,0.02061973276474063,500
tobacco,equalize,364,0.012936259583531208,0.001,1000,289,1229,4.252595155709343,0.7569211190913928,0.2351133051627576,3360158186,0.8791072664359861,0.019844807986354285,1486.672,419.4386271433281,0.8761107266435986,0.020648135247445604,500
tobacco,equalize,365,0.02565005829368322,0.001,1000,289,1229,4.252595155709343,0.7502709885945475,0.23512905102835643,1684565787,0.8832110726643599,0.020815059937934647,1461.794,425.2547834247737,0.8781314878892733,0.022522825107222557,500
tobacco,equalize,366,0.04047640404094475,0.001,1000,289,1229,4.252595155709343,0.744454236009246,0.23509818100954588,3085408746,0.8862698961937716,0.02044523066209978,1479.696,428.6936903481187,0.8761937716262975,0.01991524639238359,500
tobacco,equalize,367,0.053292514011753306,0.001,1000,289,1229,4.252595155709343,0.7342453565928357,0.23863697859277613,2777755936,0.9033356401384083,0.01755774903800756,1523.688,433.7216660754297,0.9036470588235294,0.017900952470949222,500
tobacco,equalize,368,0.01924107132661498,0.001,1000,289,1229,4.252595155709343,0.7550629115859238,0.23491695276766306,3009879669,0.8854048442906575,0.019273737907710215,1523.348,421.2669017392677,0.8820415224913495,0.019938816574201355,500
tobacco,equalize,369,0.07588507823590444,0.001,1000,289,1229,4.252595155709343,0.7399438596096075,0.23713451283442882,736808816,0.9214186851211073,0.016815731201739428,1573.252,421.39481210776984,0.9222076124567473,0.016886845018262934,500
tobacco,equalize,370,0.037243310082575455,0.001,1000,289,1229,4.252595155709343,0.7468023345843386,0.2356638467500491,1383641417,0.9019792387543253,0.02132576924009583,1545.646,434.06661739954313,0.8988858131487889,0.023760068821296405,500
tobacco,equalize,371,0.08954559102346533,0.001,1000,289,1229,4.252595155709343,0.7221782696709566,0.23504290896120397,551712083,0.9073425605536333,0.018007341221663854,1541.874,436.12624126580766,0.9058615916955017,0.019377869666152427,500
tobacco,equalize,372,0.02185571882857781,0.001,1000,289,1229,4.252595155709343,0.7550516497222544,0.2361918818346757,100158733,0.8738200692041522,0.022117889878925198,1423.542,410.22538435345,0.8670173010380623,0.023942318992107997,500
tobacco,equalize,373,0.08564972735524137,0.001,1000,289,1229,4.252595155709343,0.7273643578907655,0.23649149661599647,178776570,0.9162145328719723,0.01634919855028404,1559.74,406.5015910017745,0.9171833910034602,0.016663703176585207,500
tobacco,equalize,374,0.00892578652850935,0.001,1000,289,1229,4.252595155709343,0.7577488660711018,0.23526711611831833,1140062245,0.8778754325259515,0.021128849443041456,1466.322,411.5234250619879,0.8731487889273356,0.021784383132406875,500
tobacco,equalize,375,0.07652386476326986,0.001,1000,289,1229,4.252595155709343,0.7337610964550468,0.2358108080545234,4247430968,0.8978892733564015,0.0205737220837193,1496.624,408.35661482795575,0.8933079584775087,0.02203681326123749,500
tobacco,equalize,376,0.09422651231607777,0.001,1000,289,1229,4.252595155709343,0.7201849198014533,0.2327923704259861,415963093,0.915349480968858,0.015754460281002105,1556.466,422.8445575903367,0.9173702422145328,0.016120635285440946,500
tobacco,equalize,377,0.0945034532556484,0.001,1000,289,1229,4.252595155709343,0.7205115138478692,0.23311756423451066,979423606,0.8993356401384083,0.019350600977040357,1502.714,428.25485946257123,0.8909204152249135,0.019099078713231032,500
tobacco,equalize,378,0.020637184105863772,0.001,1000,289,1229,4.252595155709343,0.7499331326844623,0.23478601324212406,2738164406,0.8826574394463668,0.02004154838954181,1450.314,404.61830327691985,0.8785674740484429,0.02094567702920577,500
tobacco,equalize,379,0.09228193766489363,0.001,1000,289,1229,4.252595155709343,0.7247459745876046,0.2368415938796119,3776724277,0.9258477508650519,0.014368649986880368,1591.26,447.6060799471017,0.9287058823529413,0.013326449419574544,500
tobacco,equalize,380,0.08962171712064354,0.001,1000,289,1229,4.252595155709343,0.7094748874517499,0.23486367286835652,1031331540,0.9035363321799308,0.01747666439446158,1490.974,435.84706796916106,0.898006920415225,0.01693357964171817,500
tobacco,equalize,381,0.04043148736017702,0.001,1000,289,1229,4.252595155709343,0.7428494204363408,0.23505738521331287,3340161096,0.8975501730103806,0.01746403583266044,1582.856,459.51536209358636,0.896712802768166,0.017512455465122003,500
tobacco,equalize,382,0.016721963884665448,0.001,1000,289,1229,4.252595155709343,0.7546574844938215,0.23415397012302236,3356511687,0.8766089965397924,0.02132688983073849,1452.362,404.949051640882,0.8718823529411764,0.021829749122798635,500
tobacco,equalize,383,0.09452859926015057,0.001,1000,289,1229,4.252595155709343,0.7230454331735087,0.23414445983235246,3172824692,0.9124982698961938,0.016720989032604938,1539.908,428.57720936229185,0.9109411764705883,0.016693810200137993,500
tobacco,equalize,384,0.012942237419336389,0.001,1000,289,1229,4.252595155709343,0.75434778324291,0.23393700931738642,343700801,0.8776955017301038,0.022122619214575718,1448.192,404.1845041100974,0.8729134948096886,0.023879260144784073,500
tobacco,equalize,385,0.011109437430878688,0.001,1000,289,1229,4.252595155709343,0.7547701031305165,0.23562307921861572,1837452089,0.8813356401384083,0.020929174786376643,1516.914,439.5582481435446,0.8785328719723184,0.022158084128430237,500
tobacco,equalize,386,0.046269355193353415,0.001,1000,289,1229,4.252595155709343,0.7474555226771702,0.23499111362239689,2706482990,0.8951695501730104,0.020061929009034044,1525.264,428.6634939975322,0.8874878892733563,0.020250418143341123,500
tobacco,equalize,387,0.02411634430592421,0.001,1000,289,1229,4.252595155709343,0.7508791292327011,0.23683238466297024,1715063510,0.8843114186851211,0.020471932063823355,1483.5,415.0495612292023,0.879038062283737,0.021698255859450778,500
tobacco,equalize,388,0.03735258143575381,0.001,1000,289,1229,4.252595155709343,0.7486661730216425,0.2357172020307656,2566681518,0.9056885813148788,0.018855385884193266,1536.34,435.0924122694269,0.9038961937716262,0.019496179485204542,500
tobacco,equalize,389,0.0950902785224164,0.001,1000,289,1229,4.252595155709343,0.7278936654832325,0.23640093632008752,3740849534,0.9096401384083046,0.01773082738208275,1541.524,431.96351974301916,0.909446366782007,0.018144192498311888,500
tobacco,equalize,390,0.0883327975638365,0.001,1000,289,1229,4.252595155709343,0.7246333559509095,0.23571205953107155,4163000819,0.9105328719723184,0.016723215952549168,1540.4,425.61658679839513,0.9114256055363322,0.01660700136872372,500
tobacco,equalize,391,0.05016869968176742,0.001,1000,289,1229,4.252595155709343,0.742297589116535,0.23574001379012408,2749504231,0.8929134948096886,0.020651537434809433,1498.686,407.95937678918534,0.879840830449827,0.021495690936275423,500
tobacco,equalize,392,0.048422844145202384,0.001,1000,289,1229,4.252595155709343,0.7407997612484902,0.2344543517691209,2614760228,0.8924221453287197,0.019312858083057757,1520.116,421.12753810538374,0.889681660899654,0.02066163728149252,500
tobacco,equalize,393,0.09514674126922155,0.001,1000,289,1229,4.252595155709343,0.7205734540980514,0.2350535004671095,1319149514,0.9066505190311418,0.018582054069172432,1535.026,405.39362267135556,0.898726643598616,0.017596064387291572,500
tobacco,equalize,394,0.04884514544921115,0.001,1000,289,1229,4.252595155709343,0.7383334131048677,0.23774667001337524,3571761456,0.8845882352941177,0.019891462520088513,1468.696,429.9589806412562,0.8814532871972318,0.02117559494684479,500
tobacco,equalize,395,0.040486858318011666,0.001,1000,289,1229,4.252595155709343,0.7508284508461883,0.2353874556401765,4025703268,0.8896678200692041,0.021123579571071343,1485.526,425.6492027616441,0.8859238754325259,0.022386953187640973,500
tobacco,equalize,396,0.00035807543115153886,0.001,1000,289,1229,4.252595155709343,0.7613132459225015,0.23497312210774274,3423709630,0.8734532871972318,0.02097877181380976,1477.378,426.0093179661544,0.8682975778546713,0.022208102283188508,500
tobacco,equalize,397,0.07633120926470875,0.001,1000,289,1229,4.252595155709343,0.7273699888226004,0.234106847024693,1307295738,0.9122906574394464,0.01672021413266001,1521.834,426.6251850759424,0.9129480968858131,0.01720195326562021,500
tobacco,equalize,398,0.09741326481259102,0.001,1000,289,1229,4.252595155709343,0.7247403436557699,0.23577819313060056,115133769,0.9078546712802767,0.018575462364344646,1534.922,444.09049150515574,0.9066435986159169,0.01944216158492506,500
tobacco,equalize,399,0.02823254616903357,0.001,1000,289,1229,4.252595155709343,0.7515886266438802,0.235935563890583,1216120359,0.8944913494809689,0.0190388424087087,1530.25,419.58927753655394,0.8933010380622838,0.01936719946501328,500
tobacco,equalize,400,0.07314118717394265,0.001,1000,289,1229,4.252595155709343,0.732449089337549,0.23550040760444335,417531997,0.9064221453287197,0.017122622640288816,1529.548,419.4904769079185,0.9000968858131488,0.016719037364066023,500
tobacco,equalize,401,0.05834822098669297,0.001,1000,289,1229,4.252595155709343,0.7403774413608836,0.23637747201079615,2690229028,0.9014117647058824,0.01793966499049754,1510.874,433.5208585449924,0.8994948096885813,0.018516850383335566,500
tobacco,equalize,402,0.06872693129995576,0.001,1000,289,1229,4.252595155709343,0.7430915505052353,0.2355185568867581,631891102,0.9083875432525952,0.017083116241902396,1506.544,423.89196839021554,0.901515570934256,0.017460676292841325,500
tobacco,equalize,403,0.0003403585003063259,0.001,1000,289,1229,4.252595155709343,0.7613132459225015,0.23497312210774274,2380134787,0.8719377162629758,0.02100422839111591,1471.12,437.4178853371518,0.8676608996539792,0.02307895106433458,500
tobacco,equalize,404,0.09380967610280112,0.001,1000,289,1229,4.252595155709343,0.7395947418358527,0.23395386292676776,3510248602,0.9118269896193771,0.016497295332938686,1574.462,439.6634445173831,0.9114048442906575,0.016522549528382616,500
tobacco,equalize,405,0.0059230797918712885,0.001,1000,289,1229,4.252595155709343,0.758982040142913,0.23353428871074708,3616063155,0.8765674740484429,0.02191944523835305,1461.392,411.4912641319544,0.8707750865051903,0.02304586643878612,500
tobacco,equalize,406,0.08169496298053447,0.001,1000,289,1229,4.252595155709343,0.7292113035325651,0.23418670155073887,2799174196,0.8915640138408304,0.020761175176068892,1516.636,408.02800051271595,0.8901107266435986,0.021789624226623935,500
tobacco,equalize,407,0.06712038720392903,0.001,1000,289,1229,4.252595155709343,0.7384967101280756,0.23526635957843223,2081804491,0.8880207612456748,0.02050276648971072,1482.238,427.18049546698046,0.8747404844290657,0.020154886809604186,500
tobacco,equalize,408,0.06408670801171563,0.001,1000,289,1229,4.252595155709343,0.7305345725137324,0.2368519339029854,1810416737,0.902477508650519,0.01798381726489194,1511.468,423.849149082969,0.9019100346020762,0.018191010208140845,500
tobacco,equalize,409,0.017134583316216558,0.001,1000,289,1229,4.252595155709343,0.7547926268578555,0.24039827701483515,2682495987,0.8783875432525952,0.021968722318385384,1474.854,412.14659809422335,0.8735986159169551,0.022675051222974328,500
tobacco,equalize,410,0.011701501938562387,0.001,1000,289,1229,4.252595155709343,0.7583063283227426,0.2347163021548463,2414053739,0.8752318339100347,0.022928007435347432,1465.764,427.8907867139811,0.8693148788927335,0.02364199178688846,500
tobacco,equalize,411,0.015792721151357405,0.001,1000,289,1229,4.252595155709343,0.752968204943395,0.23642448831480378,593467776,0.8825467128027682,0.020849143501820863,1454.03,418.8527525953641,0.8799100346020762,0.02164160001150096,500
tobacco,equalize,412,0.08675573980954042,0.001,1000,289,1229,4.252595155709343,0.7294590645332943,0.23472729263046202,2141279912,0.9076678200692041,0.017471524799277275,1542.274,413.43550980235256,0.8996747404844291,0.014983724576269727,500
tobacco,equalize,413,0.053548332665252635,0.001,1000,289,1229,4.252595155709343,0.7403605485653794,0.23576814453416828,2990421019,0.8948373702422145,0.019507071881074152,1500.226,437.5771182235031,0.8722076124567474,0.014668716984601498,500
tobacco,equalize,414,0.06126483464425303,0.001,1000,289,1229,4.252595155709343,0.7411882955450882,0.23634080439446667,256354789,0.8846297577854672,0.02165198383047833,1482.306,417.3216926476605,0.876083044982699,0.021412295496987924,500
tobacco,equalize,415,0.08988638160280732,0.001,1000,289,1229,4.252595155709343,0.7190925190255109,0.2362526324096933,740965506,0.901916955017301,0.01658744438215448,1514.628,425.90387393832344,0.8971833910034602,0.01642387553278197,500
tobacco,equalize,416,0.08609770365763268,0.001,1000,289,1229,4.252595155709343,0.7169865505193127,0.23399435688008377,2947229696,0.9134671280276816,0.017109260162030467,1549.046,430.8129006828715,0.9099446366782007,0.015696716479116305,500
tobacco,equalize,417,0.03362866995308207,0.001,1000,289,1229,4.252595155709343,0.7503216669810603,0.2344349236433974,2041230710,0.8864429065743944,0.020856050859706824,1498.458,414.96050013144446,0.8826574394463668,0.022309995167179308,500
tobacco,equalize,418,0.07453962627324665,0.001,1000,289,1229,4.252595155709343,0.7376914868757056,0.2340137453853467,2569633520,0.8931003460207612,0.019339198622401268,1496.126,410.8963101311069,0.8924290657439446,0.019651043180423756,500
tobacco,equalize,419,0.08464773561518647,0.001,1000,289,1229,4.252595155709343,0.730523310650063,0.23561255713732962,4094432856,0.9098615916955017,0.016350407806842906,1568.566,430.5595949152072,0.9025259515570935,0.01649854027287266,500
tobacco,equalize,420,0.08699920331614153,0.001,1000,289,1229,4.252595155709343,0.726846312161968,0.23514249975043092,1404804192,0.911916955017301,0.016799372605731114,1545.88,429.9422359486271,0.9115570934256055,0.017252568867716544,500
tobacco,equalize,421,0.026434410351972915,0.001,1000,289,1229,4.252595155709343,0.750169631821522,0.2367718277693587,682658688,0.8804359861591696,0.019750556034086316,1505.418,430.7469665294796,0.8785121107266436,0.019798731881016936,500
tobacco,equalize,422,0.0993651088115511,0.001,1000,289,1229,4.252595155709343,0.7167950988369309,0.23455812553945357,3004269509,0.8907681660899653,0.022575437439187045,1512.27,436.33530466396167,0.8800622837370242,0.023089935485297558,500
tobacco,equalize,423,0.029114453199903547,0.001,1000,289,1229,4.252595155709343,0.7522418147367117,0.24187908705298863,1714796686,0.8822283737024221,0.02090254321751796,1436.254,420.95379994409683,0.8783321799307958,0.021333458053101023,500
tobacco,equalize,424,0.03994444841817473,0.001,1000,289,1229,4.252595155709343,0.7444823906684197,0.23428993283926938,3307274445,0.8991695501730104,0.019222729955047747,1572.972,426.2622975453229,0.8968027681660901,0.019581557363499622,500
tobacco,equalize,425,0.021693449629989703,0.001,1000,289,1229,4.252595155709343,0.7515773647802106,0.23477162347998304,1492446843,0.880484429065744,0.020346949084999646,1474.994,414.63484425714216,0.8757301038062284,0.02205971008017421,500
tobacco,equalize,426,0.06935429813559485,0.001,1000,289,1229,4.252595155709343,0.7312834864477548,0.2351543071657424,1064349221,0.9042076124567474,0.01723647869721105,1564.324,454.5094418044348,0.896484429065744,0.01762221524045287,500
tobacco,equalize,427,0.051035784650956165,0.001,1000,289,1229,4.252595155709343,0.7371734411469082,0.24010807287685024,1713213689,0.8958546712802767,0.019621759928916523,1486.464,431.378389971808,0.8872387543252594,0.01955618619609125,500
tobacco,equalize,428,0.04508848642500392,0.001,1000,289,1229,4.252595155709343,0.7434519301426598,0.23515226086622798,2601144589,0.8816678200692042,0.021485606812462855,1498.454,435.61824847083903,0.8778062283737025,0.022695756507834938,500
tobacco,equalize,429,0.028951327949182017,0.001,1000,289,1229,4.252595155709343,0.7494207178874996,0.2347774946150754,356111843,0.8812941176470588,0.021244591428661336,1490.722,426.9747575714591,0.8711072664359861,0.02076572358344551,500
tobacco,equalize,430,0.0585747510040287,0.001,1000,289,1229,4.252595155709343,0.7392456240620979,0.23681081156588035,1582957763,0.8986297577854672,0.01892712196918222,1538.254,447.3714518337437,0.8963667820069204,0.020104675143385008,500
tobacco,equalize,431,0.086176516279171,0.001,1000,289,1229,4.252595155709343,0.7292732437827474,0.2369949836851303,1441897565,0.9164567474048443,0.015130846164230978,1547.36,436.8255573281745,0.9179446366782007,0.015350053158534499,500
tobacco,equalize,432,0.09796459303591834,0.001,1000,289,1229,4.252595155709343,0.723495907720289,0.23719177505553055,1298788137,0.9135363321799308,0.01806691689159707,1560.502,452.9274340521159,0.9067404844290657,0.018782466294491276,500
tobacco,equalize,433,0.010136399368121485,0.001,1000,289,1229,4.252595155709343,0.7577826516621102,0.23357636583939365,53914846,0.87919723183391,0.021817361540319314,1509.358,416.291411049793,0.8741384083044983,0.02280194745410593,500
tobacco,equalize,434,0.021400158941711312,0.001,1000,289,1229,4.252595155709343,0.7504962258679377,0.23474216697914854,4154334864,0.8842145328719723,0.020048820157265338,1505.666,450.433020832746,0.8822975778546713,0.020638302005618416,500
tobacco,equalize,435,0.004528877167110712,0.001,1000,289,1229,4.252595155709343,0.7599449294866562,0.2379600927495423,2175034244,0.8758961937716263,0.022396883242154213,1463.632,406.2042002251593,0.8713979238754326,0.023356162278480985,500
tobacco,equalize,436,0.013649025203824628,0.001,1000,289,1229,4.252595155709343,0.7536777023545741,0.23504150781937144,2488921596,0.8761314878892733,0.02273847811678155,1479.348,443.4827355935506,0.8712110726643599,0.02429701816995497,500
tobacco,equalize,437,0.01812580541368677,0.001,1000,289,1229,4.252595155709343,0.7538635231051211,0.2344800079492892,2714554607,0.8796885813148789,0.022985091783334178,1461.014,393.4737207767295,0.8753771626297577,0.02369611692918352,500
tobacco,equalize,438,0.006099941483097383,0.001,1000,289,1229,4.252595155709343,0.7593030032574941,0.23586954587730663,3078794132,0.8711764705882352,0.023047640479584536,1475.62,400.1623663450597,0.8594325259515571,0.02289344388526197,500
tobacco,equalize,439,0.04131555345729139,0.001,1000,289,1229,4.252595155709343,0.7412896523181138,0.2353855707795079,316853186,0.9033217993079585,0.017191964668969134,1534.83,406.7782715736533,0.9045743944636677,0.017258657900500112,500
tobacco,equalize,440,0.06126283206831035,0.001,1000,289,1229,4.252595155709343,0.7331980032715714,0.2338126577618665,1260002362,0.8939307958477509,0.01947874489528955,1501.974,417.73003973402774,0.8921730103806228,0.020271146269990013,500
tobacco,equalize,441,0.07944403123082923,0.001,1000,289,1229,4.252595155709343,0.7361542424848176,0.23597235856715118,3722621226,0.9097785467128027,0.016118746386675025,1568.338,423.7976742425409,0.9100899653979239,0.016413477755193553,500
tobacco,equalize,442,0.019219869701816352,0.001,1000,289,1229,4.252595155709343,0.7561890979528747,0.2339865275162362,315812636,0.8819031141868512,0.022218618755164978,1457.024,423.2789358556343,0.8707335640138408,0.021686531148088106,500
tobacco,equalize,443,0.05358064207334173,0.001,1000,289,1229,4.252595155709343,0.7436715364842151,0.23460193782418787,2985362290,0.8850173010380623,0.019266585819906958,1493.414,399.1285881313534,0.8762837370242214,0.019072697159297693,500
tobacco,equalize,444,0.06812233003827382,0.001,1000,289,1229,4.252595155709343,0.733642846886517,0.23508497332740802,3138511268,0.9005813148788927,0.018984017388182464,1517.318,422.1648483642247,0.8934740484429066,0.018483232833226674,500
tobacco,equalize,445,0.04269365418085163,0.001,1000,289,1229,4.252595155709343,0.7409349036125243,0.2362669221893353,2845127208,0.8954256055363322,0.019122711317590364,1519.674,443.9852672771004,0.8931764705882352,0.020325480195534575,500
tobacco,equalize,446,0.0915351547876833,0.001,1000,289,1229,4.252595155709343,0.7254385792032794,0.23514239171896914,337922095,0.917923875432526,0.017571988489558554,1549.172,416.3305954953236,0.9044636678200692,0.01374947313075587,500
tobacco,equalize,447,0.0031627351782515414,0.001,1000,289,1229,4.252595155709343,0.7596746447585879,0.23413266210874692,3461002211,0.874484429065744,0.021071810423654587,1467.058,453.33661976244014,0.8699377162629758,0.02235887617842289,500
tobacco,equalize,448,0.03583191118577912,0.001,1000,289,1229,4.252595155709343,0.7481424963610103,0.23467512139809893,1022189141,0.8873148788927335,0.01831678716180231,1500.568,424.9085359272128,0.8851141868512111,0.01914292706669433,500
tobacco,equalize,449,0.015031696622494706,0.001,1000,289,1229,4.252595155709343,0.7563073475214046,0.2350964194779348,1243145308,0.8884152249134949,0.019425770429294217,1524.818,452.9704154473459,0.8868581314878893,0.019607814720267375,500
tobacco,equalize,450,0.027666639624129866,0.001,1000,289,1229,4.252595155709343,0.7517181380760796,0.23502794544845118,3904094258,0.8839307958477509,0.020915556370235983,1477.644,446.50567734778866,0.8810173010380623,0.02254555932390047,500
tobacco,equalize,451,0.0034596399540965054,0.001,1000,289,1229,4.252595155709343,0.760981020944251,0.23544319854864743,1086385960,0.8747058823529412,0.021320560420867007,1460.394,449.60637289198877,0.8693287197231835,0.02266425637643315,500
tobacco,equalize,452,0.003402483729754813,0.001,1000,289,1229,4.252595155709343,0.7597084303495965,0.23483706393774328,1758035989,0.8761660899653979,0.022710460634255313,1468.604,433.9368174135654,0.8716193771626298,0.02422977200862731,500
tobacco,equalize,453,0.017460893188970063,0.001,1000,289,1229,4.252595155709343,0.7549840785402372,0.23473345460822537,1393900162,0.8888650519031142,0.020463266460162496,1452.33,424.02587773622963,0.885916955017301,0.02138214315281436,500
tobacco,equalize,454,0.051562691585180356,0.001,1000,289,1229,4.252595155709343,0.7408391777713335,0.2347799842248807,3674120426,0.8990726643598617,0.01912994353535188,1531.472,426.36352673494446,0.8977508650519032,0.019540611485871537,500
tobacco,equalize,455,0.08058180132912901,0.001,1000,289,1229,4.252595155709343,0.7248473313606302,0.23499442456718167,2929250040,0.9118961937716262,0.01817836313402474,1532.504,436.28714274643914,0.9098892733564015,0.018733391998240957,500
tobacco,equalize,456,0.018503496938570587,0.001,1000,289,1229,4.252595155709343,0.7535312981268706,0.23585630627759208,3024666076,0.883847750865052,0.01913796916221239,1521.278,461.6972963999311,0.8789204152249135,0.020871880940096958,500
tobacco,equalize,457,0.07616284692582054,0.001,1000,289,1229,4.252595155709343,0.7243180237681633,0.23498867683764016,305834202,0.8977024221453287,0.01788339159373234,1512.214,427.6400264105044,0.8916747404844291,0.01706166234089595,500
tobacco,equalize,458,0.04111529646793918,0.001,1000,289,1229,4.252595155709343,0.7403549176335446,0.23543867468691357,1558905097,0.8887889273356401,0.019935958331296987,1507.638,419.0815883708361,0.8836955017301038,0.020514027381690454,500
tobacco,equalize,459,0.0812215829359455,0.001,1000,289,1229,4.252595155709343,0.7368524780323272,0.23562845512038066,308443138,0.8968650519031142,0.018481986564464925,1548.772,430.91433294876765,0.8909204152249135,0.017206272558864092,500
tobacco,equalize,460,0.010438994881822317,0.001,1000,289,1229,4.252595155709343,0.7562960856577351,0.2343334388429795,1160253008,0.872961937716263,0.022304603110082588,1434.246,431.33656458489105,0.8682006920415225,0.023084256834700414,500
tobacco,equalize,461,0.07167364175863081,0.001,1000,289,1229,4.252595155709343,0.731255331788581,0.23598612452257134,314477336,0.9050034602076125,0.018114673453238722,1542.93,412.98099193473655,0.8944567474048443,0.01865566442190995,500
tobacco,equalize,462,0.014635499801701347,0.001,1000,289,1229,4.252595155709343,0.7561496814300315,0.23618573776915455,1876714369,0.8902975778546713,0.019698643874666775,1498.418,448.7287803480241,0.8887335640138408,0.020625486189620013,500
tobacco,equalize,463,0.06331594730951429,0.001,1000,289,1229,4.252595155709343,0.7341045832969668,0.23452185237823037,2161692201,0.8940692041522491,0.018912100008137842,1484.354,388.2988806646896,0.8865813148788927,0.018406649319804822,500
tobacco,equalize,464,0.05363279943672068,0.001,1000,289,1229,4.252595155709343,0.7339694409329328,0.2370117273212134,3738491143,0.9123944636678201,0.014778513381606417,1572.512,459.9526222181701,0.9157231833910034,0.013370524406756207,500
tobacco,equalize,465,0.09639907015473109,0.001,1000,289,1229,4.252595155709343,0.7253541152257581,0.23634493094008976,2016319959,0.9070865051903114,0.01693098358751893,1564.642,448.7631921640661,0.9060968858131487,0.017549223611250858,500
tobacco,equalize,466,0.09510012706664522,0.001,1000,289,1229,4.252595155709343,0.720719858325755,0.23509202031257392,734325094,0.9035294117647058,0.016459409173067017,1508.868,411.4439144835309,0.8998062283737024,0.014980561592754935,500
tobacco,equalize,467,0.007152926546551541,0.001,1000,289,1229,4.252595155709343,0.7596915375540921,0.23197366056033164,171756242,0.8781107266435986,0.021270146122639742,1469.432,425.3996557476513,0.8747612456747406,0.02260172421860296,500
tobacco,equalize,468,0.0672302463016482,0.001,1000,289,1229,4.252595155709343,0.7306415602185927,0.23811157948590062,3614242446,0.8955778546712803,0.020415793751901366,1523.21,427.02741683580336,0.8872595155709342,0.01939881892659343,500
tobacco,equalize,469,0.08571650572578615,0.001,1000,289,1229,4.252595155709343,0.7265084562518828,0.23627434996658528,4144210622,0.9089757785467129,0.016697765189182923,1532.402,415.76636195279536,0.9096678200692041,0.016564457725375147,500
tobacco,equalize,470,0.033312507346933896,0.001,1000,289,1229,4.252595155709343,0.7501414771623482,0.23662728683660758,2000279376,0.8882629757785466,0.02088302896545322,1507.746,404.4336665824578,0.8847543252595156,0.021672842825298848,500
tobacco,equalize,471,0.02135755345098669,0.001,1000,289,1229,4.252595155709343,0.756825393250202,0.23438490543894036,3193414474,0.8815640138408304,0.02180959578790249,1486.456,438.01031739021914,0.8770519031141869,0.02293698984157318,500
tobacco,equalize,472,0.07151549938136911,0.001,1000,289,1229,4.252595155709343,0.7308611665601482,0.23533325765619661,1220232802,0.8953217993079585,0.01908496280046629,1489.034,424.1929468488515,0.8911349480968859,0.019882978366085536,500
tobacco,equalize,473,0.048835763277405776,0.001,1000,289,1229,4.252595155709343,0.7486886967489815,0.23593766711487935,3127955934,0.8994671280276816,0.0203406639114706,1540.308,452.7623312436518,0.889273356401384,0.019721656572930808,500
tobacco,equalize,474,0.07697535513734746,0.001,1000,289,1229,4.252595155709343,0.7290874230322004,0.2371618970453969,2879851652,0.9017993079584775,0.019530816469359412,1516.132,430.27635079342224,0.8930103806228373,0.01864009674656086,500
tobacco,equalize,475,0.07499230818317786,0.001,1000,289,1229,4.252595155709343,0.7291775179415566,0.2346270788389913,2161157073,0.892712802768166,0.01928179327936106,1492.818,414.42378191657417,0.8900138408304498,0.019679090453201903,500
tobacco,equalize,476,0.08384431630918962,0.001,1000,289,1229,4.252595155709343,0.7266886460705949,0.235257618559753,529637974,0.9055778546712803,0.017267393488317108,1533.938,427.74465412704853,0.8941730103806228,0.0150001213494755,500
tobacco,equalize,477,0.036237300258053655,0.001,1000,289,1229,4.252595155709343,0.7512732944611339,0.23539104705381525,1584057889,0.8795640138408304,0.021742478420993968,1453.862,397.8706285088913,0.8755294117647059,0.0228369331680233,500
tobacco,equalize,478,0.01856966506575494,0.001,1000,289,1229,4.252595155709343,0.7545673895844653,0.23675972592579111,2709579374,0.8742906574394463,0.022046244755274436,1470.038,410.36419202483074,0.8702283737024221,0.02341965117969799,500
tobacco,equalize,479,0.059437307748778125,0.001,1000,289,1229,4.252595155709343,0.7341834163426534,0.23682048547013637,3874516021,0.8970519031141869,0.020923135610949207,1522.236,459.95229811043873,0.8860276816608997,0.02134537670336635,500
tobacco,equalize,480,0.09687133204994944,0.001,1000,289,1229,4.252595155709343,0.7304163229452025,0.23482446219332315,2153105673,0.9149411764705883,0.015534593183534406,1556.784,450.2893406740264,0.9172664359861592,0.015240909103949093,500
tobacco,equalize,481,0.03155257043844365,0.001,1000,289,1229,4.252595155709343,0.7497078954110721,0.23259352352702126,2977001650,0.8941245674740484,0.019375650649248864,1463.446,389.67576970475085,0.8918685121107267,0.0205286555532807,500
tobacco,equalize,482,0.09409337226177994,0.001,1000,289,1229,4.252595155709343,0.7324434584057142,0.2350336654112764,1159672428,0.9006920415224913,0.018939039741925366,1522.042,416.0427518642254,0.892477508650519,0.0179725997908512,500
tobacco,equalize,483,0.023634512036076027,0.001,1000,289,1229,4.252595155709343,0.7534355722856797,0.23790064214166087,1843150127,0.8829688581314878,0.02111145387332015,1499.918,450.57212269680326,0.8795778546712804,0.022313904212108365,500
tobacco,equalize,484,0.019023337025439926,0.001,1000,289,1229,4.252595155709343,0.756160943293701,0.23511500676215816,946654347,0.8791626297577855,0.022526104994908827,1468.808,431.1576892994999,0.8758339100346021,0.023850235720506284,500
tobacco,equalize,485,0.005769840643294999,0.001,1000,289,1229,4.252595155709343,0.7597422159406049,0.23383676774075263,534148220,0.8745605536332179,0.02097868031516873,1483.9,430.7028626696412,0.8709480968858131,0.022089541481449617,500
tobacco,equalize,486,0.013529087003945062,0.001,1000,289,1229,4.252595155709343,0.7580979838448565,0.2403365087295416,4139664374,0.8765190311418685,0.022013107848536783,1442.106,414.237536006182,0.8717093425605537,0.023356105776262587,500
tobacco,equalize,487,0.0008561116916108169,0.001,1000,289,1229,4.252595155709343,0.7617468276737775,0.2368438350443557,923343727,0.8747889273356401,0.022321593407366412,1443.73,382.02396484964,0.8707612456747406,0.023412866804718203,500
tobacco,equalize,488,0.008092739818217221,0.001,1000,289,1229,4.252595155709343,0.7575179978658768,0.23439891834879886,4237817255,0.876795847750865,0.020737760997134008,1488.798,422.7588192273095,0.8724013840830449,0.021811963205375998,500
tobacco,equalize,489,0.03009269763651622,0.001,1000,289,1229,4.252595155709343,0.7498542996387757,0.23468613364090443,3977963968,0.887280276816609,0.019834548665567032,1470.778,420.55468276836086,0.8771487889273356,0.01935383949376078,500
tobacco,equalize,490,0.09373495950238925,0.001,1000,289,1229,4.252595155709343,0.7271841680720533,0.232749599695488,1295059417,0.9117508650519032,0.01863120760227447,1553.634,454.53203493876106,0.9023460207612457,0.01871560580399936,500
tobacco,equalize,491,0.09701981284110017,0.001,1000,289,1229,4.252595155709343,0.7271897990038881,0.23490980768088235,3262466812,0.9074117647058824,0.01721812586726287,1520.556,446.44461296884054,0.9026020761245674,0.01606117391750093,500
tobacco,equalize,492,0.0005652177040659124,0.001,1000,289,1229,4.252595155709343,0.7613132459225015,0.23497312210774274,2606340588,0.8729896193771626,0.022205241148668245,1433.12,411.0889853885842,0.8677993079584775,0.023019114338139798,500
tobacco,equalize,493,0.0971966881444469,0.001,1000,289,1229,4.252595155709343,0.7182309864547936,0.23447825431710767,1441666477,0.9254048442906575,0.01618489419875051,1574.616,419.33516010107456,0.9270865051903114,0.015497301435688686,500
tobacco,equalize,494,0.011263479797704158,0.001,1000,289,1229,4.252595155709343,0.756802869522863,0.2356272573544548,1381934950,0.8747474048442907,0.02297718186086911,1450.2,396.46487460251393,0.8620276816608997,0.023523956502307382,500
tobacco,equalize,495,0.04837399910866463,0.001,1000,289,1229,4.252595155709343,0.7435082394610072,0.23995914581401376,422585015,0.8924083044982699,0.02164426073011769,1495.882,397.17429791194166,0.8898615916955017,0.02401129959072253,500
tobacco,equalize,496,0.09186897262998811,0.001,1000,289,1229,4.252595155709343,0.7266717532750907,0.23519685903624585,519750586,0.9082768166089966,0.01811402837862156,1530.82,451.2055457205484,0.9075847750865051,0.019036573789471888,500
tobacco,equalize,497,0.05000667013472541,0.001,1000,289,1229,4.252595155709343,0.744499283463924,0.23422359888866656,1947251950,0.8954394463667821,0.020862262421117876,1504.714,423.5000126628699,0.8918754325259515,0.02204553622712102,500
tobacco,equalize,498,0.09691905163833689,0.001,1000,289,1229,4.252595155709343,0.718242248318463,0.23650533489805015,2542987757,0.9164221453287197,0.015591255397794027,1617.0,436.65863730271303,0.9176885813148788,0.015413561315506745,500
tobacco,equalize,499,0.09048915845977501,0.001,1000,289,1229,4.252595155709343,0.7189348529341377,0.2357294601537661,2578166821,0.9090034602076125,0.019866269732440642,1563.574,466.5795854332741,0.9049134948096886,0.021224601458789075,500
tobacco,equalize,500,0.08409727238569054,0.001,1000,289,1229,4.252595155709343,0.730382537354194,0.23481026506319852,3622785647,0.89880276816609,0.02013150524523711,1511.002,436.868183340502,0.8895640138408304,0.01930013308098126,500
tobacco,equalize,501,0.013134095548219893,0.001,1000,289,1229,4.252595155709343,0.7556710522240774,0.23734513464333998,2229427066,0.8774671280276816,0.0202031198713135,1493.464,431.23336737580587,0.8730519031141869,0.02142629809345218,500
tobacco,equalize,502,0.004799464516248919,0.001,1000,289,1229,4.252595155709343,0.7588863143017223,0.23380638087275216,236922282,0.8757231833910034,0.021582030680896966,1431.268,402.2184674615702,0.8716193771626298,0.02274755118526574,500
tobacco,equalize,503,0.03383828082962703,0.001,1000,289,1229,4.252595155709343,0.7469825244030509,0.23517148688618658,321524027,0.8846643598615918,0.020452036278586716,1460.084,437.81119014986456,0.8808650519031141,0.021350699715928855,500
tobacco,equalize,504,0.011534413267439404,0.001,1000,289,1229,4.252595155709343,0.7564143352262649,0.2336847720434317,1115692383,0.8743667820069204,0.020604964304049418,1453.046,415.3075880228273,0.8709134948096886,0.02206453888228903,500
tobacco,equalize,505,0.05445759034315936,0.001,1000,289,1229,4.252595155709343,0.7349830086631887,0.23574960111958104,3191469984,0.8888650519031142,0.02150494023224403,1539.288,422.4842232483805,0.8751418685121107,0.020812307046115155,500
tobacco,equalize,506,0.05833826270250082,0.001,1000,289,1229,4.252595155709343,0.7406420951571171,0.23663813544806223,1148196448,0.8838615916955017,0.022840790899373443,1479.508,412.6532143175104,0.87880276816609,0.02427966203668876,500
tobacco,equalize,507,0.08044899389294624,0.001,1000,289,1229,4.252595155709343,0.7236704666071665,0.23483034232150585,2756882125,0.9136678200692041,0.017685603977687,1539.524,403.8029359057362,0.9151903114186851,0.018158997450158677,500
tobacco,equalize,508,0.03481937034632217,0.001,1000,289,1229,4.252595155709343,0.7449891745335476,0.23325532206176147,1761872636,0.8966089965397924,0.018384763976299737,1551.298,449.5444021841114,0.8953702422145329,0.019696503633097058,500
tobacco,equalize,509,0.06928028636139123,0.001,1000,289,1229,4.252595155709343,0.7288002455086281,0.23621120694833356,3677357745,0.8783737024221454,0.021827049455524605,1499.28,439.76814988275663,0.8732110726643599,0.02326130079887891,500
tobacco,equalize,510,0.0378386906357338,0.001,1000,289,1229,4.252595155709343,0.7459295401499517,0.23594447070486058,1819803522,0.8840415224913495,0.018737752675254897,1469.308,407.8636127300134,0.881522491349481,0.019774630720930213,500
tobacco,equalize,511,0.09264481435900518,0.001,1000,289,1229,4.252595155709343,0.72312989715103,0.23685629912314315,3072800250,0.9026228373702422,0.018610543011647728,1512.466,404.41048518188785,0.8999861591695502,0.020601950410300614,500
tobacco,equalize,512,0.09407081917091786,0.001,1000,289,1229,4.252595155709343,0.7230679569008478,0.23508979559632975,3939294487,0.9233840830449828,0.014506893067781492,1575.784,435.30179030332795,0.9270311418685121,0.013503997154157558,500
tobacco,equalize,513,0.09496065870673297,0.001,1000,289,1229,4.252595155709343,0.7267336935252731,0.2371635980840105,1129130919,0.9002145328719723,0.02000904755380439,1533.162,453.80071610330435,0.8793287197231835,0.017957106699403987,500
tobacco,equalize,514,0.03537205421600106,0.001,1000,289,1229,4.252595155709343,0.7470895121079112,0.23516648833036508,41355941,0.8858961937716262,0.021538205032505888,1525.906,426.32023062726483,0.8832664359861592,0.022618157169417532,500
tobacco,equalize,515,0.05123420479038474,0.001,1000,289,1229,4.252595155709343,0.7403549176335446,0.23775487994977756,4107849862,0.8985190311418685,0.02010733518265172,1497.782,403.05112690302155,0.8904152249134949,0.02035894437883335,500
tobacco,equalize,516,0.045664886319700004,0.001,1000,289,1229,4.252595155709343,0.7420441971839711,0.235565578748263,3116484154,0.8927750865051903,0.021331236625199118,1530.418,454.5862124229574,0.8900899653979238,0.022706563853255105,500
tobacco,equalize,517,0.07811537802353996,0.001,1000,289,1229,4.252595155709343,0.724875486019804,0.2342220250672541,4292940789,0.8915916955017301,0.020195649413383268,1486.244,391.37582262202415,0.8730726643598616,0.02021933061097777,500
tobacco,equalize,518,0.07139454407162099,0.001,1000,289,1229,4.252595155709343,0.7340032265239412,0.2365107545797573,1782131934,0.9081176470588236,0.01750820211454279,1535.738,425.18966339236374,0.9072525951557093,0.018079438872521808,500
tobacco,equalize,519,0.039733231624242686,0.001,1000,289,1229,4.252595155709343,0.7449047105560264,0.2356059131777651,2996456341,0.8904152249134949,0.020526785374924948,1480.374,436.5937818897215,0.8810103806228373,0.021120300002223046,500
tobacco,equalize,520,0.059894102767247805,0.001,1000,289,1229,4.252595155709343,0.7375563445116714,0.23535886468779066,157240094,0.9025743944636677,0.0187101396906005,1482.948,429.615582111247,0.9037508650519032,0.017451600242566683,500
tobacco,equalize,521,0.055383466490610135,0.001,1000,289,1229,4.252595155709343,0.7341890472744882,0.23827826616490197,2736978229,0.8891695501730104,0.021729434880467295,1498.778,422.9416176493865,0.877204152249135,0.021991966065092117,500
tobacco,equalize,522,0.05055821987997727,0.001,1000,289,1229,4.252595155709343,0.7336146922273432,0.23512302180538733,2456193955,0.8850311418685122,0.021237407104155497,1475.504,391.4990126908059,0.8798615916955017,0.02213761298487033,500
tobacco,equalize,523,0.06495161750706215,0.001,1000,289,1229,4.252595155709343,0.7361880280758261,0.23954925560223997,3043721322,0.912726643598616,0.01626109308529048,1566.408,458.4729090717414,0.9103114186851211,0.01806483967665639,500
tobacco,equalize,524,0.09765009355515984,0.001,1000,289,1229,4.252595155709343,0.719548624504126,0.23515805541500392,2815876355,0.9093840830449827,0.017522439380616713,1513.864,431.29998011789843,0.9083598615916955,0.018281417130772293,500
tobacco,equalize,525,0.07954298330468262,0.001,1000,289,1229,4.252595155709343,0.7340707977059584,0.23238069041330814,2968699811,0.9130034602076125,0.015195159983825635,1549.506,420.03560537598156,0.9091349480968858,0.014217270252833213,500
tobacco,equalize,526,0.0836384056398618,0.001,1000,289,1229,4.252595155709343,0.7286707340764286,0.238083282822223,942351332,0.9171557093425605,0.015592929678453915,1574.304,451.42786113799315,0.920076124567474,0.01480265250022834,500
tobacco,equalize,527,0.06615333428789683,0.001,1000,289,1229,4.252595155709343,0.7368975254870052,0.24066028084295651,1240552620,0.8990173010380623,0.017264992163438832,1478.152,401.05323373409806,0.8904636678200691,0.017663259935157972,500
tobacco,equalize,528,0.027149763145585405,0.001,1000,289,1229,4.252595155709343,0.7485422925212778,0.2350573139128148,3161751302,0.8963737024221453,0.017094304019159727,1497.006,401.52682793445103,0.8932179930795847,0.01565350297925789,500
tobacco,equalize,529,0.04863534153293036,0.001,1000,289,1229,4.252595155709343,0.7423707912303867,0.23561998087743957,2960165136,0.8812664359861592,0.02171350177968581,1460.97,434.6398839930768,0.8694186851211073,0.02347781613059216,500
tobacco,equalize,530,0.004682741425778714,0.001,1000,289,1229,4.252595155709343,0.7609416044214078,0.23598522281064152,1223020712,0.8745121107266436,0.022687254989375766,1444.12,411.8959554988524,0.869993079584775,0.02345518350293546,500
tobacco,equalize,531,0.049869804564206366,0.001,1000,289,1229,4.252595155709343,0.7403661794972141,0.23453836197205744,4068565837,0.8862698961937716,0.01992336996523795,1473.096,401.04647028324933,0.8769688581314878,0.019750489216948792,500
tobacco,equalize,532,0.017441942477829774,0.001,1000,289,1229,4.252595155709343,0.7513014491203077,0.23654872549953887,255406871,0.8802214532871973,0.019844320719078545,1467.636,434.53051105079834,0.8758200692041522,0.021002387993744768,500
tobacco,equalize,533,0.07735764334389346,0.001,1000,289,1229,4.252595155709343,0.7280062841199276,0.2347668582752497,409192977,0.9122698961937716,0.017952616548014885,1563.822,422.6728320603584,0.912076124567474,0.018346974955089204,500
tobacco,equalize,534,0.06119871561424472,0.001,1000,289,1229,4.252595155709343,0.7360979331664701,0.2343747318927826,1445938241,0.9003806228373702,0.018464301261745714,1506.536,435.9243429421428,0.8930311418685121,0.017170389648019785,500
tobacco,equalize,535,0.02969117073090547,0.001,1000,289,1229,4.252595155709343,0.7467854417888344,0.23411647474505606,2073593648,0.8885328719723183,0.019401579452137097,1500.124,428.38697391826173,0.8858685121107267,0.02027232634055826,500
tobacco,equalize,536,0.058496160436890335,0.001,1000,289,1229,4.252595155709343,0.737314214442777,0.23722333902764484,944155491,0.8979861591695502,0.01883348945597555,1514.75,422.3372265926033,0.8905190311418685,0.01880184320380164,500
tobacco,equalize,537,0.07785924983376094,0.001,1000,289,1229,4.252595155709343,0.7342791421838443,0.2346511789275361,3033890008,0.8989342560553634,0.018162576585397563,1522.528,441.7478370281378,0.8976539792387543,0.018953577024183443,500
tobacco,equalize,538,0.08457981051223626,0.001,1000,289,1229,4.252595155709343,0.7267224316616036,0.23835326910206067,9617278,0.9138823529411765,0.01616443021161429,1573.846,435.1477558517865,0.9105951557093426,0.014232179750918535,500
tobacco,equalize,539,0.08703920271377208,0.001,1000,289,1229,4.252595155709343,0.7282146285978135,0.23457860341817374,552392559,0.9210173010380623,0.015613338987142032,1600.724,456.5149632238736,0.9230380622837371,0.015067350271685391,500
tobacco,equalize,540,0.02596161999266653,0.001,1000,289,1229,4.252595155709343,0.7499950729346446,0.23540571645194763,4181986682,0.884636678200692,0.0200989755791953,1494.64,433.89886246185466,0.8752871972318339,0.020877714283476415,500
tobacco,equalize,541,0.013498439580560795,0.001,1000,289,1229,4.252595155709343,0.7563580259079173,0.2385622576406829,778310593,0.8819584775086505,0.02130454678223452,1485.008,425.5773067540703,0.8776747404844291,0.022820347585822354,500
tobacco,equalize,542,0.07793577192612161,0.001,1000,289,1229,4.252595155709343,0.7364695746675639,0.23455028797300287,2237159589,0.898159169550173,0.018815549214818768,1457.664,397.2753131682182,0.8961314878892733,0.020206510303023683,500
tobacco,equalize,543,0.09136053235710317,0.001,1000,289,1229,4.252595155709343,0.7188785436157903,0.234234065587522,4274267683,0.9140899653979239,0.01630739633104831,1584.686,481.7016258189642,0.9096470588235294,0.015329426362069113,500
tobacco,equalize,544,0.034892844042995655,0.001,1000,289,1229,4.252595155709343,0.7478384260419336,0.23382695003001186,2103118127,0.8919169550173011,0.01885851605044093,1474.114,409.7521527183412,0.8851903114186852,0.019072104617065367,500
tobacco,equalize,545,0.06380223328851052,0.001,1000,289,1229,4.252595155709343,0.7366666572817803,0.23375105571708943,186188369,0.9098339100346021,0.01722063404763434,1539.912,449.4539464237818,0.9107543252595156,0.016981444629704072,500
tobacco,equalize,546,0.08296601748910132,0.001,1000,289,1229,4.252595155709343,0.7209619883946495,0.23252201498256347,1428859530,0.896726643598616,0.017585871223159494,1521.584,416.6272187733846,0.8960553633217992,0.0179638785569802,500
tobacco,equalize,547,0.025917442946282978,0.001,1000,289,1229,4.252595155709343,0.7517350308715837,0.2356216268965486,2717479293,0.8786782006920415,0.022032379151450326,1447.254,399.52039569608263,0.8721453287197233,0.023726413001968302,500
tobacco,equalize,548,0.016150274163022272,0.001,1000,289,1229,4.252595155709343,0.7509354385510486,0.23672360877763707,3195942025,0.8788235294117648,0.02055321505541365,1485.076,404.94171656131346,0.874477508650519,0.022292664526075895,500
tobacco,equalize,549,0.08942797562454763,0.001,1000,289,1229,4.252595155709343,0.7188447580247818,0.23400252127586693,3661470047,0.9083737024221453,0.018104642394624774,1544.72,427.2985955740538,0.9072595155709342,0.020348834612243922,500
tobacco,equalize,550,0.05294264798839587,0.001,1000,289,1229,4.252595155709343,0.7439812377351265,0.23444559536253054,1381305994,0.8969480968858131,0.017997265005065603,1522.148,434.11028272910363,0.8959031141868512,0.01817849116622203,500
tobacco,equalize,551,0.010847602305791106,0.001,1000,289,1229,4.252595155709343,0.7562172526120485,0.234205025368854,2841683744,0.8777093425605537,0.023251809050547356,1472.212,432.85664232122303,0.8735017301038063,0.0246399953309546,500
tobacco,equalize,552,0.05341111229982313,0.001,1000,289,1229,4.252595155709343,0.7425960285037769,0.23519225423211745,1826990187,0.9073840830449827,0.016761902970114387,1567.93,449.24047804514277,0.9080207612456748,0.016827632892019075,500
tobacco,equalize,553,0.08589848803058804,0.001,1000,289,1229,4.252595155709343,0.7281695811431355,0.23368985842716908,3924873401,0.9168096885813148,0.01592695985341373,1596.88,471.6473471144304,0.9169965397923876,0.01600196542481987,500
tobacco,equalize,554,0.047557821129843164,0.001,1000,289,1229,4.252595155709343,0.7472415472674496,0.23460249808722697,410225034,0.8979307958477509,0.01819071342924679,1542.516,429.91376045301666,0.897840830449827,0.018695309158673602,500
tobacco,equalize,555,0.05727753393451768,0.001,1000,289,1229,4.252595155709343,0.7440488089171438,0.23476884643226117,2493354722,0.916,0.01527154762758389,1571.59,441.1296233412332,0.9175709342560554,0.014578038083002636,500
tobacco,equalize,556,0.024569147589867793,0.001,1000,289,1229,4.252595155709343,0.7491391712957619,0.23510363906445242,1518623505,0.8884567474048443,0.019411501485606913,1480.892,428.0679720715238,0.8849688581314878,0.02028792001958224,500
tobacco,equalize,557,0.06399611619193461,0.001,1000,289,1229,4.252595155709343,0.7313735813571108,0.23564867646290608,391870636,0.8888858131487889,0.020253294797220593,1478.892,410.13669984667587,0.8851418685121107,0.021733648172875576,500
tobacco,equalize,558,0.07655739323055405,0.001,1000,289,1229,4.252595155709343,0.7297687657842058,0.23385907678124418,298907116,0.9033840830449827,0.01887746790816411,1492.164,435.35130483466145,0.9003044982698961,0.020029692444751755,500
tobacco,equalize,559,0.03786547864284311,0.001,1000,289,1229,4.252595155709343,0.7503610835039036,0.2382946561314038,3100053557,0.8958269896193771,0.01796132855561848,1471.644,404.300109350519,0.8947750865051903,0.018536929518662627,500
tobacco,equalize,560,0.07452970797600598,0.001,1000,289,1229,4.252595155709343,0.7310300945151909,0.23631435590237784,1022772480,0.8993287197231834,0.02141803990932933,1529.868,409.0524494350052,0.8841660899653979,0.025908048209230476,500
tobacco,equalize,561,0.022916521564928318,0.001,1000,289,1229,4.252595155709343,0.7486605420898077,0.23328063588087097,591051420,0.8827612456747405,0.02068368993897028,1483.738,411.6962776198152,0.8792179930795847,0.021488501234727952,500
tobacco,equalize,562,0.01792991811030228,0.001,1000,289,1229,4.252595155709343,0.7533511083081584,0.233078626217232,1701362639,0.8818062283737024,0.022149379487854393,1449.544,415.80023537207256,0.8773356401384083,0.023825312380047724,500
tobacco,equalize,563,0.058586439607253675,0.001,1000,289,1229,4.252595155709343,0.7370326678510394,0.23637187522576017,1728297637,0.8996470588235294,0.017781161414924935,1531.864,444.9970226916228,0.8984498269896194,0.01798673626399293,500
tobacco,equalize,564,0.03213862389668067,0.001,1000,289,1229,4.252595155709343,0.7440093923943004,0.23769894497822408,982866659,0.8922837370242214,0.01886894491608614,1505.04,440.327681771961,0.8906851211072665,0.019517893043485793,500
tobacco,equalize,565,0.048790458280964705,0.001,1000,289,1229,4.252595155709343,0.7440488089171438,0.23727472469218047,3897858911,0.8867128027681661,0.020724345607015825,1481.884,420.388572213012,0.8778269896193772,0.02044832867183851,500
tobacco,equalize,566,0.06651147127966052,0.001,1000,289,1229,4.252595155709343,0.7372353813970904,0.23444521739229404,2918382242,0.895681660899654,0.019677228544723476,1513.586,426.990581297801,0.8926089965397924,0.02064148728005066,500
tobacco,equalize,567,0.022810625901886594,0.001,1000,289,1229,4.252595155709343,0.7522643384640507,0.23520508735783935,413022976,0.8795017301038063,0.02056996758893305,1467.342,408.3179988837436,0.8769688581314878,0.02126448813493856,500
tobacco,equalize,568,0.0339068181543039,0.001,1000,289,1229,4.252595155709343,0.7462561341963675,0.2357591576008752,2533787232,0.8854740484429066,0.020462187692090274,1497.198,422.4667218351241,0.8761107266435986,0.02060975208811273,500
tobacco,equalize,569,0.0024384573805652735,0.001,1000,289,1229,4.252595155709343,0.7612625675359888,0.2363543925844092,2358343894,0.8746574394463668,0.02108970857472147,1470.748,421.8535638757951,0.869439446366782,0.022630319519099714,500
tobacco,equalize,570,0.08315391958241088,0.001,1000,289,1229,4.252595155709343,0.7378829385580873,0.2350841619761404,3425677594,0.9044083044982699,0.01804374986019607,1558.142,432.7038283191911,0.9048858131487889,0.017733821848933327,500
tobacco,equalize,571,0.03298019267762914,0.001,1000,289,1229,4.252595155709343,0.7441726894175082,0.23383659280077498,3602308033,0.8858615916955017,0.020221979127841357,1498.696,431.7606119553659,0.8774048442906575,0.020164735654772895,500
tobacco,equalize,572,0.09029170082308424,0.001,1000,289,1229,4.252595155709343,0.7229553382641526,0.2379330331150315,4201850902,0.9126643598615917,0.016955165892182527,1536.502,414.8451699442242,0.9136470588235294,0.01708334096814936,500
tobacco,equalize,573,0.0016114706672978097,0.001,1000,289,1229,4.252595155709343,0.760474237079123,0.23501637470289846,2068687054,0.8759238754325259,0.02146634540057911,1437.1,405.47863550092933,0.871515570934256,0.022425397357595432,500
tobacco,equalize,574,0.08169531836511494,0.001,1000,289,1229,4.252595155709343,0.7255849834309831,0.2340776351573002,3165795162,0.8961937716262975,0.019124996065571404,1534.588,419.76641831844495,0.8890034602076125,0.018744813411130348,500
tobacco,equalize,575,0.0058856671566442365,0.001,1000,289,1229,4.252595155709343,0.7577770207302755,0.23408421377982847,466117308,0.8760692041522491,0.02185853324290054,1468.076,420.6518396064952,0.8722491349480969,0.023641845642029948,500
tobacco,equalize,576,0.08560948588432943,0.001,1000,289,1229,4.252595155709343,0.724920533474482,0.23394179102669485,3195563323,0.9036055363321799,0.018386146031364046,1501.11,437.148881032969,0.8945328719723183,0.020039556123164406,500
tobacco,equalize,577,0.08435534828680029,0.001,1000,289,1229,4.252595155709343,0.7304613703998806,0.2345696479702843,1655966447,0.9068512110726643,0.01917186037694931,1532.55,436.0138893698763,0.8922698961937716,0.0183057802810058,500
tobacco,equalize,578,0.012766181241270791,0.001,1000,289,1229,4.252595155709343,0.7551192209042713,0.23468813923430085,359595819,0.8790588235294117,0.021375576420274715,1453.202,402.034461972138,0.8744290657439446,0.021761654197691556,500
tobacco,equalize,579,0.05918355032346086,0.001,1000,289,1229,4.252595155709343,0.7363456941671992,0.2340094945793257,1054280956,0.8961384083044983,0.018596971048229258,1518.962,460.17447305048813,0.8834809688581315,0.01571138422316198,500
tobacco,equalize,580,0.08952329957979616,0.001,1000,289,1229,4.252595155709343,0.7314129978799542,0.23442714078651425,4019354911,0.9119792387543253,0.016280794503141356,1585.392,457.664501494114,0.9129896193771626,0.016686380565535723,500
tobacco,equalize,581,0.01903974850836636,0.001,1000,289,1229,4.252595155709343,0.7526979202153269,0.2351865982036566,3574948175,0.8811003460207613,0.021729947232186294,1454.612,379.31278099697016,0.8710865051903114,0.02144862953715673,500
tobacco,equalize,582,0.0218646073284543,0.001,1000,289,1229,4.252595155709343,0.7548601980398726,0.23515421056061916,197363369,0.8944290657439447,0.018413551647696206,1501.94,441.9242587831109,0.8937993079584775,0.01854703467493927,500
tobacco,equalize,583,0.004612882627193016,0.001,1000,289,1229,4.252595155709343,0.7614033408318576,0.23496384165014927,4229176849,0.8740553633217993,0.022116466541441806,1434.252,406.1834591671624,0.8693979238754326,0.023728173576201415,500
tobacco,equalize,584,0.06760280560519845,0.001,1000,289,1229,4.252595155709343,0.739977645200616,0.23397226052897643,2346496497,0.8968996539792388,0.01954272460026197,1537.926,447.1911272964449,0.8925190311418685,0.02069241165687097,500
tobacco,equalize,585,0.09977599889132163,0.001,1000,289,1229,4.252595155709343,0.7165811234272104,0.2351193284821016,1303447274,0.9013979238754325,0.019041377900965717,1492.828,407.93914141965365,0.8994602076124568,0.019904781084153465,500
tobacco,equalize,586,0.018948903292244926,0.001,1000,289,1229,4.252595155709343,0.759578918917397,0.23613870659540573,1621223576,0.8787128027681661,0.02089410214100967,1448.728,431.53962844428975,0.8742560553633218,0.02252729901536549,500
tobacco,equalize,587,0.0337592159659294,0.001,1000,289,1229,4.252595155709343,0.7435307631883463,0.23478876833297044,3784684265,0.8967681660899653,0.017371777082209043,1538.49,424.6902842956855,0.896325259515571,0.017830535216172096,500
tobacco,equalize,588,0.054747192134756165,0.001,1000,289,1229,4.252595155709343,0.7372691669880991,0.23504230382264482,1640995434,0.8960207612456748,0.017072605582780905,1490.354,404.6311176451133,0.8956885813148789,0.017376693491925093,500
tobacco,equalize,589,0.06442410049798737,0.001,1000,289,1229,4.252595155709343,0.7296843018066844,0.23470252234603697,2735588356,0.8915570934256055,0.0210505849754437,1503.27,438.5793437698166,0.8806574394463668,0.02168876154355592,500
tobacco,equalize,590,0.06686231231584105,0.001,1000,289,1229,4.252595155709343,0.7358107556428976,0.2357068539423787,4076435660,0.8994186851211072,0.017853000523499248,1531.488,404.58358544461777,0.8985743944636678,0.018551406822383685,500
tobacco,equalize,591,0.0450535955833255,0.001,1000,289,1229,4.252595155709343,0.744110749167326,0.23490724021593484,3101147444,0.897038062283737,0.01890304556041867,1503.83,425.4611986575582,0.8837162629757785,0.016956709747877524,500
tobacco,equalize,592,0.03964790774778987,0.001,1000,289,1229,4.252595155709343,0.7450567457155647,0.23605947697498875,1817154522,0.9064429065743944,0.01789769237225088,1519.364,417.7077963244406,0.9064013840830449,0.018618813146556938,500
tobacco,equalize,593,0.0029309417066953336,0.001,1000,289,1229,4.252595155709343,0.7602940472604108,0.23464978684438856,2944928003,0.8744982698961937,0.022369294951468086,1482.08,425.7756020800782,0.8688304498269896,0.02326689602039589,500
tobacco,equalize,594,0.07573672802932913,0.001,1000,289,1229,4.252595155709343,0.7264746706608743,0.23529129121843625,2547412341,0.9185397923875432,0.016319831943955955,1575.598,438.31901568952026,0.919916955017301,0.016315063260546978,500
tobacco,equalize,595,0.0827426202992765,0.001,1000,289,1229,4.252595155709343,0.7224091378761814,0.23557054416685674,179066465,0.9022145328719723,0.018652578682732426,1573.302,418.3362442132462,0.8944221453287197,0.018070236752065715,500
tobacco,equalize,596,0.009625297866847717,0.001,1000,289,1229,4.252595155709343,0.7587117554148448,0.23570411757083626,2913628896,0.8769896193771626,0.021737825327301414,1485.828,429.72330942284555,0.8726020761245675,0.02255722897348036,500
tobacco,equalize,597,0.022249421973178418,0.001,1000,289,1229,4.252595155709343,0.7545054493342831,0.23867968693238187,3694943966,0.884560553633218,0.02140621551985174,1485.28,408.16692918972296,0.8812387543252594,0.022657377126682303,500
tobacco,equalize,598,0.04433352280765416,0.001,1000,289,1229,4.252595155709343,0.7439812377351265,0.23868751212939668,2729042397,0.898719723183391,0.018320538472310643,1512.39,447.9084391253187,0.8976608996539792,0.018793490191621392,500
tobacco,equalize,599,0.004862498065166688,0.001,1000,289,1229,4.252595155709343,0.7596521210312489,0.23451755398860047,3464797873,0.8735847750865051,0.02299650500408403,1486.3,424.75109061420426,0.8687820069204153,0.023969997715948845,500
tobacco,equalize,600,0.008765948128764313,0.001,1000,289,1229,4.252595155709343,0.7579459486853182,0.2347351741047497,4267052097,0.8755778546712804,0.021720360719951655,1456.19,430.6183254163354,0.8694256055363322,0.023684611300225374,500
tobacco,equalize,601,0.041816632222531624,0.001,1000,289,1229,4.252595155709343,0.7405970477024391,0.23443697503767733,1190754665,0.886,0.021127577525329455,1501.75,411.7586694944108,0.8826712802768165,0.02197386921610858,500
tobacco,equalize,602,0.032615007458981674,0.001,1000,289,1229,4.252595155709343,0.7474442608135007,0.2372013831886646,3138857963,0.8890173010380623,0.020851347247008184,1486.22,410.352177304858,0.8851141868512111,0.021988512659988,500
tobacco,equalize,603,0.040493549047105115,0.001,1000,289,1229,4.252595155709343,0.7452425664661116,0.2359488928370791,2817846985,0.8849134948096886,0.018943600069403408,1481.434,446.3670515769137,0.8802768166089966,0.02053230775412323,500
tobacco,equalize,604,0.06315885610490785,0.001,1000,289,1229,4.252595155709343,0.7346733074122771,0.23359398368708073,787045967,0.8960899653979238,0.01916920070194853,1530.834,437.4666256311242,0.8921384083044983,0.020481532391855278,500
tobacco,equalize,605,0.006271042157331087,0.001,1000,289,1229,4.252595155709343,0.7590496113249301,0.2358822906102173,424336536,0.8757231833910034,0.022082088767505725,1476.242,444.31263641016045,0.8706505190311418,0.02316885964226652,500
tobacco,equalize,606,0.05061333570092333,0.001,1000,289,1229,4.252595155709343,0.7398312409729124,0.2349534256052027,3230446931,0.894961937716263,0.020448366220592606,1508.048,426.04953010207663,0.8921107266435986,0.02159388324633281,500
tobacco,equalize,607,0.028237665266762114,0.001,1000,289,1229,4.252595155709343,0.7468361201753472,0.23611667762867872,3953343944,0.8903044982698961,0.01879380043249609,1483.318,426.38316345765827,0.8770034602076124,0.015711445310115445,500
tobacco,equalize,608,0.08387453309282876,0.001,1000,289,1229,4.252595155709343,0.7183267122959843,0.23450161112502083,2236706090,0.8979377162629758,0.0187505944484509,1480.934,427.7614116474149,0.8808858131487889,0.016285976909064158,500
tobacco,equalize,609,0.011079300591825415,0.001,1000,289,1229,4.252595155709343,0.7573603317745037,0.23991824349930713,365513516,0.8736816608996539,0.020911512143852257,1450.688,409.7307178847552,0.8688442906574395,0.021829051154508276,500
tobacco,equalize,610,0.01645411497376853,0.001,1000,289,1229,4.252595155709343,0.7549671857447329,0.23581906325546148,1457474763,0.8797231833910034,0.020286127001630877,1437.798,389.33090077284277,0.8767058823529412,0.021126865445105735,500
tobacco,equalize,611,0.0004495388137882972,0.001,1000,289,1229,4.252595155709343,0.7613132459225015,0.23497312210774274,1300031175,0.8722975778546713,0.02197758912761252,1451.734,424.6703864389847,0.8675570934256056,0.023461066916076675,500
tobacco,equalize,612,0.06319977975294848,0.001,1000,289,1229,4.252595155709343,0.7350787345043794,0.23452646084640952,1397630422,0.8950449826989619,0.019191929339197767,1506.242,433.17585121073427,0.8796332179930796,0.01693598120426213,500
tobacco,equalize,613,0.0638387796017075,0.001,1000,289,1229,4.252595155709343,0.7339356553419243,0.23623900542198498,2440721202,0.8942975778546713,0.019621545932634484,1501.884,416.11598812728926,0.885515570934256,0.01934659175592824,500
tobacco,equalize,614,0.06732902388211699,0.001,1000,289,1229,4.252595155709343,0.7325560770424093,0.23469482427329733,522310520,0.9157301038062284,0.016647510836558643,1533.55,408.46470880196426,0.9114602076124567,0.015042973970141761,500
tobacco,equalize,615,0.05071660658369778,0.001,1000,289,1229,4.252595155709343,0.7371058699648911,0.2361328157957943,1246040716,0.9005743944636678,0.019709256378515092,1538.318,430.0280375768588,0.8964359861591696,0.020960545412811598,500
tobacco,equalize,616,0.09885249009134398,0.001,1000,289,1229,4.252595155709343,0.7223640904215034,0.2366310917943825,391029113,0.9064359861591696,0.01819480327551829,1536.34,403.88841045045143,0.8987612456747405,0.016716102257082293,500
tobacco,equalize,617,0.04410958289171799,0.001,1000,289,1229,4.252595155709343,0.7387726257879786,0.23651181369797034,421508791,0.892643598615917,0.02059337097664251,1511.338,407.92426769235556,0.8885190311418685,0.023840156184352177,500
tobacco,equalize,618,0.012927052919075976,0.001,1000,289,1229,4.252595155709343,0.7547250556758385,0.23524617732939726,1240101216,0.876878892733564,0.02052040678515972,1448.43,394.92605672525724,0.8734048442906575,0.02160582592654211,500
tobacco,equalize,619,0.0003607986869210156,0.001,1000,289,1229,4.252595155709343,0.7613132459225015,0.23497312210774274,2381953757,0.874083044982699,0.021257444855026186,1460.348,397.26096138291473,0.8692871972318339,0.022158257385053847,500
tobacco,equalize,620,0.07291774446602116,0.001,1000,289,1229,4.252595155709343,0.7304275848088722,0.23703510405897438,715514393,0.9004359861591696,0.018702206305679973,1526.874,429.83928362061914,0.8931487889273356,0.017990305657434934,500
tobacco,equalize,621,0.011132188427921198,0.001,1000,289,1229,4.252595155709343,0.7578727465714664,0.23489020284758533,533280386,0.8784913494809689,0.020723808393968115,1469.574,416.16424869007636,0.8687058823529412,0.020749935088337307,500
tobacco,equalize,622,0.020037636429306817,0.001,1000,289,1229,4.252595155709343,0.7545899133118044,0.23633854589110204,123822183,0.8862906574394463,0.019740795907221942,1501.996,431.2251921173357,0.8837301038062284,0.02070210329620612,500
tobacco,equalize,623,0.06687633549220842,0.001,1000,289,1229,4.252595155709343,0.7330403371801982,0.23515303660518283,3195098535,0.8947335640138409,0.019168830195584106,1503.136,436.4167786799987,0.8840346020761245,0.01931158583592355,500
tobacco,equalize,624,0.07128972894075995,0.001,1000,289,1229,4.252595155709343,0.7271560134128796,0.23364128666527295,3210630977,0.9074532871972318,0.01705220928933561,1538.436,417.39971123838103,0.9085190311418685,0.017546215417770173,500
tobacco,equalize,625,0.07780985739045496,0.001,1000,289,1229,4.252595155709343,0.7253034368392454,0.23622210006503247,1786047920,0.8923944636678202,0.019476931590435887,1527.014,424.69837676456075,0.8900968858131488,0.020696817510074083,500
tobacco,equalize,626,0.006185733693159202,0.001,1000,289,1229,4.252595155709343,0.7579403177534834,0.23595009243708254,3514923936,0.8809826989619377,0.020937089464128672,1481.714,427.03191064535093,0.8748927335640139,0.02214142350683059,500
tobacco,equalize,627,0.08349131213917868,0.001,1000,289,1229,4.252595155709343,0.7261030291597805,0.2337975134308613,1772598790,0.8963598615916955,0.018926270050317773,1502.022,460.04658376567573,0.8936678200692041,0.019886762417758393,500
tobacco,equalize,628,0.002213166888196372,0.001,1000,289,1229,4.252595155709343,0.7618256607194641,0.23393155923849612,1729244610,0.8729480968858131,0.020834641306545987,1425.634,404.4162819449837,0.8693148788927335,0.021370097923456538,500
tobacco,equalize,629,0.0008633113842535734,0.001,1000,289,1229,4.252595155709343,0.760795200193704,0.23464806577263922,3548531571,0.8736055363321799,0.021427014780138566,1470.762,406.0813927664036,0.8683044982698962,0.02266216433982828,500
tobacco,equalize,630,0.06383047807415464,0.001,1000,289,1229,4.252595155709343,0.7389978630613687,0.23255741556537984,1681878811,0.9026505190311418,0.020037892955858054,1508.108,422.7815047249288,0.8994117647058824,0.020911264301994803,500
tobacco,equalize,631,0.028234248321486122,0.001,1000,289,1229,4.252595155709343,0.7474724154726745,0.23467878044416868,3704089270,0.8799446366782007,0.020853378168839778,1486.192,426.3456160260231,0.8756678200692042,0.021884103424744998,500
tobacco,equalize,632,0.04246633112618484,0.001,1000,289,1229,4.252595155709343,0.7486605420898077,0.23480146848847938,2148808043,0.8958269896193771,0.018563078512927017,1485.958,421.81599507771955,0.8953425605536333,0.01919933794083954,500
tobacco,equalize,633,0.08044504439933645,0.001,1000,289,1229,4.252595155709343,0.7309005830829916,0.23617081372923965,2136552288,0.9049411764705882,0.016994325917630955,1493.404,426.1251859867761,0.9057647058823529,0.01692997311601656,500
tobacco,equalize,634,0.08935743889107772,0.001,1000,289,1229,4.252595155709343,0.7186307826150611,0.23461427307582772,1369444499,0.8974532871972318,0.018892583447603473,1561.384,432.7482022575186,0.8933702422145329,0.019279360344349888,500
tobacco,equalize,635,0.06913673845188155,0.001,1000,289,1229,4.252595155709343,0.7346676764804424,0.23554585570161615,968982261,0.9061384083044983,0.01743371060574968,1527.35,423.46381510751394,0.9066020761245674,0.018155705714186614,500
tobacco,equalize,636,0.07517399047540202,0.001,1000,289,1229,4.252595155709343,0.7250613067703509,0.23730286026065764,2464579354,0.9029273356401384,0.01844778523206082,1550.672,426.11389853541516,0.9011903114186851,0.019765062149823584,500
tobacco,equalize,637,0.04580283024473367,0.001,1000,289,1229,4.252595155709343,0.7467066087431479,0.23722949957397427,2566961145,0.8951764705882352,0.019960965799660998,1496.196,428.1626046445812,0.8950726643598617,0.020022014672313033,500
tobacco,equalize,638,0.0027822694341546384,0.001,1000,289,1229,4.252595155709343,0.7614765429457094,0.23543178044022445,336352031,0.8732318339100347,0.021376083783767767,1428.278,385.7534967261776,0.8683321799307958,0.023080981414021914,500
tobacco,equalize,639,0.028498217168580243,0.001,1000,289,1229,4.252595155709343,0.7533060608534803,0.23398940591770745,1045462728,0.8827958477508651,0.01984162179134606,1479.426,399.1924821431375,0.8785328719723184,0.02116221561054971,500
tobacco,equalize,640,0.05836554900594877,0.001,1000,289,1229,4.252595155709343,0.7413628544319656,0.23643468062957365,3569255498,0.8898062283737024,0.021060238251250196,1493.204,455.52621290688694,0.88,0.021504249574076494,500
tobacco,equalize,641,0.01739658493110027,0.001,1000,289,1229,4.252595155709343,0.7541788552878673,0.23546433117062793,4226271652,0.8821038062283737,0.020969047850803363,1481.564,418.53141697845814,0.8788650519031141,0.021582862262157932,500
tobacco,equalize,642,0.07206119567597026,0.001,1000,289,1229,4.252595155709343,0.725725756726852,0.2366103159037433,622313439,0.8909204152249135,0.01921680752020362,1500.504,445.38229506966627,0.8802629757785466,0.018428297746247393,500
tobacco,equalize,643,0.06809879199745773,0.001,1000,289,1229,4.252595155709343,0.7372691669880991,0.23450563331941868,3606881487,0.9034878892733563,0.019201478615499545,1569.164,452.9464892769302,0.9028235294117648,0.019539826837285282,500
tobacco,equalize,644,0.03283491395268025,0.001,1000,289,1229,4.252595155709343,0.7483170552478877,0.23572200029564938,1745019095,0.8788858131487889,0.021022525347617477,1490.54,440.6241933433969,0.869356401384083,0.02170384719999813,500
tobacco,equalize,645,0.07716571358361277,0.001,1000,289,1229,4.252595155709343,0.7312722245840854,0.2359335131563177,1685125742,0.8941937716262975,0.01821638997451415,1504.856,443.34322335114445,0.8823598615916954,0.01655403664228694,500
tobacco,equalize,646,0.03625842518425581,0.001,1000,289,1229,4.252595155709343,0.7517575545989228,0.2352406121081717,3236791287,0.8892941176470588,0.019357552210417347,1499.536,449.21356876738434,0.8760968858131488,0.01778289532111798,500
tobacco,equalize,647,0.08922413840900899,0.001,1000,289,1229,4.252595155709343,0.7157195908564928,0.2354780934486192,3752979359,0.9045259515570935,0.01845118351038717,1513.6,439.5580081001482,0.904477508650519,0.018709851146229903,500
tobacco,equalize,648,0.006660295546090389,0.001,1000,289,1229,4.252595155709343,0.7603334637832542,0.23354565432180033,3573759362,0.8754532871972318,0.021454082388264885,1453.412,397.02106456385263,0.870643598615917,0.023380317298432995,500
tobacco,equalize,649,0.042853468334257065,0.001,1000,289,1229,4.252595155709343,0.7432492165966085,0.2361275924980432,295954779,0.8951833910034602,0.01805325920885438,1502.93,438.4846664427515,0.8958269896193771,0.01785682642236911,500
tobacco,equalize,650,0.011195208099720822,0.001,1000,289,1229,4.252595155709343,0.756847916977541,0.233028041844622,2398620338,0.8821245674740484,0.020055128598029957,1484.656,409.6519438428044,0.879356401384083,0.021177760189787363,500
tobacco,equalize,651,0.07666955808056564,0.001,1000,289,1229,4.252595155709343,0.7335696447726652,0.2362428842129624,2559891245,0.9259031141868512,0.01276522300234215,1621.27,462.6729661945837,0.9294671280276817,0.012112234261178759,500
tobacco,equalize,652,0.01039345528867247,0.001,1000,289,1229,4.252595155709343,0.7553106725866531,0.23581334218741945,1491275881,0.878961937716263,0.021698080035584072,1448.37,398.59454125292956,0.8742906574394463,0.023155657979894658,500
tobacco,equalize,653,0.06729537818221525,0.001,1000,289,1229,4.252595155709343,0.7331360630213891,0.23530555683173004,2544997928,0.8999307958477509,0.020207675150174867,1560.872,452.7425750849915,0.8867474048442906,0.019739016399971047,500
tobacco,equalize,654,0.07209055561003797,0.001,1000,289,1229,4.252595155709343,0.7352307696639179,0.23491200314363067,1074947715,0.9157439446366782,0.015153124122395648,1516.586,422.6241793816298,0.9177647058823529,0.014732318594450806,500
tobacco,equalize,655,0.09625406692480121,0.001,1000,289,1229,4.252595155709343,0.7266604914114212,0.23388430554617934,134432595,0.895916955017301,0.019003416056425766,1484.4,377.25710310567683,0.8921937716262975,0.021295157491554705,500
tobacco,equalize,656,0.07553513852034363,0.001,1000,289,1229,4.252595155709343,0.7250049974520033,0.23482233548270318,1444277212,0.9084290657439447,0.016862327107006157,1588.938,449.2505205522115,0.9038823529411765,0.01565209118489388,500
tobacco,equalize,657,0.050244248499445414,0.001,1000,289,1229,4.252595155709343,0.7398762884275903,0.23512228638365468,4153340661,0.9027820069204152,0.017889052651674748,1562.808,430.46559490020275,0.9046020761245674,0.018402863409608203,500
tobacco,equalize,658,0.05864272540746024,0.001,1000,289,1229,4.252595155709343,0.7456986719447268,0.2347411317728872,1578535846,0.8967750865051903,0.018211074422634844,1535.664,435.559151727187,0.8893910034602076,0.016746722577099513,500
tobacco,equalize,659,0.098858608392126,0.001,1000,289,1229,4.252595155709343,0.7202187053924619,0.23442483056569927,910107573,0.9064359861591696,0.019027642885490192,1519.324,432.81095372845493,0.9023529411764706,0.020759974350453465,500
tobacco,equalize,660,0.09157594279891008,0.001,1000,289,1229,4.252595155709343,0.7183323432278191,0.23466907781826668,680674575,0.9144705882352941,0.015380609986709605,1550.68,449.22895154008455,0.9160968858131487,0.015444446139382173,500
tobacco,equalize,661,0.08789592756912169,0.001,1000,289,1229,4.252595155709343,0.7389753393340297,0.23316650025747876,1590297966,0.9020138408304498,0.018434055693009,1537.386,469.0388468813299,0.9016747404844291,0.01904671998033949,500
tobacco,equalize,662,0.059165598726890006,0.001,1000,289,1229,4.252595155709343,0.7357938628473933,0.23356594261960537,2754113168,0.9042975778546714,0.017618161349536067,1563.264,446.8063721259408,0.8966643598615918,0.016741227034543386,500
tobacco,equalize,663,0.03024528166553188,0.001,1000,289,1229,4.252595155709343,0.7478159023145946,0.23244910576895728,2119569636,0.8934948096885813,0.0191349047732373,1533.78,436.4427019256114,0.892083044982699,0.020203832443587054,500
tobacco,equalize,664,0.07840288893052928,0.001,1000,289,1229,4.252595155709343,0.7313172720387634,0.23425359634807527,2385058338,0.9140899653979239,0.015720045509805287,1592.592,438.14440379074375,0.913044982698962,0.01577591846117694,500
tobacco,equalize,665,0.04226227601045532,0.001,1000,289,1229,4.252595155709343,0.7389640774703601,0.23347635667803945,4289005396,0.8926782006920415,0.01888503798972243,1518.95,418.1378600893254,0.883840830449827,0.01855995540327632,500
tobacco,equalize,666,0.031597242856997075,0.001,1000,289,1229,4.252595155709343,0.7500232275938183,0.24069137800698384,3412990909,0.8862629757785466,0.01934364476488316,1488.048,446.46705517733045,0.8854186851211072,0.020004624560643374,500
tobacco,equalize,667,0.040940024276546694,0.001,1000,289,1229,4.252595155709343,0.7410362603855499,0.23589625656114713,766870280,0.8948235294117648,0.018329076912554948,1493.642,416.73053465402097,0.8942698961937716,0.01865851560794429,500
tobacco,equalize,668,0.07504822582604569,0.001,1000,289,1229,4.252595155709343,0.7257370185905214,0.23372476276263404,2950037776,0.9171695501730104,0.015433435155528122,1610.312,484.7615312091921,0.9117785467128027,0.013803501401493718,500
tobacco,equalize,669,0.023533928088311243,0.001,1000,289,1229,4.252595155709343,0.7531033473074292,0.23541369295222514,2742620190,0.8840207612456747,0.020172045088572194,1490.082,435.2830411673027,0.8801799307958478,0.02089878694616799,500
tobacco,equalize,670,0.004640689165762291,0.001,1000,289,1229,4.252595155709343,0.7598660964409696,0.23738113351471402,2461627849,0.8747889273356401,0.02134685145463291,1456.318,400.3739295244955,0.869847750865052,0.022759522097356828,500
tobacco,equalize,671,0.09752967191665944,0.001,1000,289,1229,4.252595155709343,0.7162488984489599,0.2354440958828083,2289226166,0.8957716262975779,0.02036071684292134,1496.878,407.2598092378389,0.891847750865052,0.022040084914098302,500
tobacco,equalize,672,0.0540264770188639,0.001,1000,289,1229,4.252595155709343,0.7363344323035298,0.23506982606588894,1350521862,0.8922629757785466,0.019483431358574478,1488.324,429.6067818342677,0.888878892733564,0.020835369131989252,500
tobacco,equalize,673,0.017081381432499355,0.001,1000,289,1229,4.252595155709343,0.7529963596025688,0.23523244309246907,2479416035,0.8820276816608997,0.02109748341836733,1505.19,438.7353179976706,0.8780415224913495,0.022361888261586423,500
tobacco,equalize,674,0.015057574310456734,0.001,1000,289,1229,4.252595155709343,0.7514591152116809,0.2343563163153892,1470263562,0.8768858131487889,0.0214422342331757,1486.814,440.96161476413187,0.8718546712802768,0.022777395036930433,500
tobacco,equalize,675,0.05577410414846873,0.001,1000,289,1229,4.252595155709343,0.737314214442777,0.23527177913660371,3935144250,0.8881245674740484,0.020334379155201157,1455.2,402.82344700739293,0.884006920415225,0.02155883021007924,500
tobacco,equalize,676,0.06091671330321289,0.001,1000,289,1229,4.252595155709343,0.741284021386279,0.23499501085948504,1539735923,0.9040899653979239,0.01711015066415932,1551.176,441.6211084525534,0.9031833910034602,0.0180668318951607,500
tobacco,equalize,677,0.08646363702362864,0.001,1000,289,1229,4.252595155709343,0.7264859325245439,0.23531140912692647,3680793131,0.9143391003460208,0.01847552668955563,1571.658,445.5183163197142,0.9084705882352941,0.016253337218596835,500
tobacco,equalize,678,0.025087173833700828,0.001,1000,289,1229,4.252595155709343,0.7495277055923599,0.23483904800461733,3152334624,0.8836816608996539,0.019478209051712294,1485.646,425.6321253103345,0.8691487889273357,0.01852276474776191,500
tobacco,equalize,679,0.06561765098772766,0.001,1000,289,1229,4.252595155709343,0.7382264254000073,0.235350712929276,816652304,0.9013702422145328,0.017736570954835332,1530.278,426.42189904832054,0.9002076124567474,0.018233006384182036,500
tobacco,equalize,680,0.053084325076944265,0.001,1000,289,1229,4.252595155709343,0.7431140742325744,0.23490268663165173,794567418,0.9045328719723184,0.01664939018600685,1574.81,436.5491727864352,0.905515570934256,0.016189981329925447,500
tobacco,equalize,681,0.011702954462008641,0.001,1000,289,1229,4.252595155709343,0.7561102649071881,0.23666183213526917,3587524367,0.8882975778546713,0.020515495229491174,1502.992,411.2641296108976,0.8788927335640139,0.02016202844573791,500
tobacco,equalize,682,0.07521523690770389,0.001,1000,289,1229,4.252595155709343,0.7383615677640415,0.23624254983173915,728602654,0.8955709342560554,0.01883155413473103,1480.78,382.75940370191347,0.8937162629757786,0.01915988705351908,500
tobacco,equalize,683,0.013766935750169886,0.001,1000,289,1229,4.252595155709343,0.7569380118868971,0.2349475974535201,265762345,0.8773079584775086,0.020891500931719854,1459.688,400.37237508782584,0.873273356401384,0.022222269623773296,500
tobacco,equalize,684,0.03626675696012395,0.001,1000,289,1229,4.252595155709343,0.7503892381630775,0.2351618485196319,135703815,0.8954878892733563,0.0184670572613415,1516.024,418.65787494864225,0.8941868512110727,0.019364255610197157,500
tobacco,equalize,685,0.047993180377462176,0.001,1000,289,1229,4.252595155709343,0.7401184184964849,0.2339504093800494,2624377365,0.903522491349481,0.018093531655740375,1517.116,415.19191127764134,0.9033979238754325,0.018284544511874407,500
tobacco,equalize,686,0.0478234633406217,0.001,1000,289,1229,4.252595155709343,0.7411207243630712,0.23981425968156275,2197568801,0.8982975778546713,0.01817631053599711,1546.646,441.05122270105096,0.8993979238754325,0.017500471087065584,500
tobacco,equalize,687,0.05835015843161814,0.001,1000,289,1229,4.252595155709343,0.7411545099540798,0.24201474825405261,3825493586,0.9034463667820068,0.017269383222127555,1542.9,418.4720632676344,0.9037301038062284,0.017414497844930783,500
tobacco,equalize,688,0.07246907572630878,0.001,1000,289,1229,4.252595155709343,0.729352076828434,0.23383879408294028,684600572,0.9010173010380623,0.018998732427847,1540.974,421.71286535462883,0.8995640138408304,0.02000472051447224,500
tobacco,equalize,689,0.03264221952693398,0.001,1000,289,1229,4.252595155709343,0.7446569495552972,0.23500763111434597,1704981716,0.8719307958477509,0.02196631171850597,1458.684,406.07067726427596,0.8653217993079585,0.023583497182208545,500
tobacco,equalize,690,0.05059249527304395,0.001,1000,289,1229,4.252595155709343,0.7397861935182344,0.23829404233845672,73742269,0.8986089965397924,0.017080788746844232,1519.016,411.94655925175374,0.8958892733564014,0.01907231093959195,500
tobacco,equalize,691,0.07258080610202178,0.001,1000,289,1229,4.252595155709343,0.734008857455776,0.2368984453467261,1937501361,0.9138339100346021,0.017332351301172024,1549.324,411.99766890404214,0.9135155709342561,0.01821442992180544,500
tobacco,equalize,692,0.06252188551046893,0.001,1000,289,1229,4.252595155709343,0.7404731672020745,0.2405468594221223,263610586,0.8900415224913495,0.021043834967308456,1487.91,412.8990010524855,0.8866989619377162,0.022335310623216247,500
tobacco,equalize,693,0.09096574014072005,0.001,1000,289,1229,4.252595155709343,0.7266267058204127,0.2355519732759533,2268756412,0.903439446366782,0.017664448509497756,1530.334,451.991210703379,0.898159169550173,0.01616662693601802,500
tobacco,equalize,694,0.09439716597295467,0.001,1000,289,1229,4.252595155709343,0.7247741292467784,0.234102625657054,60088556,0.9063183391003461,0.017034977752265326,1563.01,448.0893505006163,0.9065051903114187,0.01720424205429111,500
tobacco,equalize,695,0.07102461791768433,0.001,1000,289,1229,4.252595155709343,0.7295829450336588,0.23517843847852032,3155239672,0.9009273356401384,0.016984213800851713,1510.05,416.21429598268315,0.9016470588235294,0.016960055936964695,500
tobacco,equalize,696,0.008502732763830978,0.001,1000,289,1229,4.252595155709343,0.7576812948890846,0.23549888901919733,2887503171,0.8729757785467128,0.02251811056384789,1436.018,401.23062408471105,0.8677301038062284,0.024346178100779735,500
tobacco,equalize,697,0.09537882132660909,0.001,1000,289,1229,4.252595155709343,0.7283779256210214,0.23483571574484058,452798157,0.9071764705882353,0.017515272193118776,1534.082,431.3347361216927,0.904636678200692,0.019214614857559206,500
tobacco,equalize,698,0.028707798849530133,0.001,1000,289,1229,4.252595155709343,0.7502315720717043,0.2350450648092788,2518536620,0.8797785467128028,0.02142624434098433,1472.05,400.67195000779145,0.8755916955017301,0.022870705071718574,500
tobacco,equalize,699,0.04033470819278491,0.001,1000,289,1229,4.252595155709343,0.7432323238011042,0.23490108896544395,2202464714,0.9020484429065744,0.018643808743608693,1513.428,434.86409184105537,0.8955501730103806,0.017144098225043872,500
tobacco,equalize,700,0.07991575572199479,0.001,1000,289,1229,4.252595155709343,0.7341608926153145,0.2348905703360604,2955209363,0.9015432525951557,0.018274242999817548,1539.162,419.7997038334798,0.9026020761245674,0.018054375593897328,500
tobacco,equalize,701,0.02789167176749311,0.001,1000,289,1229,4.252595155709343,0.7560483246570059,0.23744911569194713,1215569278,0.890961937716263,0.021277740014190687,1505.566,455.16988575013136,0.8804913494809689,0.021091623260856684,500
tobacco,equalize,702,0.08150624193644118,0.001,1000,289,1229,4.252595155709343,0.7324434584057142,0.23610630032888794,2871814390,0.9073771626297578,0.019327846646597823,1543.336,430.55653399051306,0.9056608996539792,0.02003617456386653,500
tobacco,equalize,703,0.08228245583449045,0.001,1000,289,1229,4.252595155709343,0.7258102207043733,0.23614273345897088,315362634,0.9150380622837371,0.016351722625105765,1547.04,425.2378026205515,0.9125328719723184,0.01596626130152106,500
tobacco,equalize,704,0.08845400009580695,0.001,1000,289,1229,4.252595155709343,0.730821750037305,0.23552899604684346,4061949713,0.9110380622837371,0.01670837235083933,1560.51,434.7756313309178,0.9129065743944637,0.016326029296987288,500
tobacco,equalize,705,0.05777250120125754,0.001,1000,289,1229,4.252595155709343,0.7382489491273463,0.2335496563271076,3021472446,0.8826089965397924,0.019805585195111632,1444.246,416.08999417253597,0.8794878892733563,0.021085325644067707,500
tobacco,equalize,706,0.06892667443350127,0.001,1000,289,1229,4.252595155709343,0.736537145849581,0.23502015432851892,2113816389,0.8981660899653978,0.017637239321166395,1561.122,458.18345154155566,0.8925813148788927,0.017086149796847527,500
tobacco,equalize,707,0.09516259405021898,0.001,1000,289,1229,4.252595155709343,0.7190531025026676,0.23532257410907464,3911962746,0.8981799307958478,0.01921278037066615,1528.206,426.92580015932907,0.8963529411764706,0.019368060482742925,500
tobacco,equalize,708,0.05164731608276745,0.001,1000,289,1229,4.252595155709343,0.7367117047364584,0.23793383953214814,2923601931,0.8862076124567474,0.020851485332946715,1488.776,428.3059722157413,0.8825190311418685,0.02169091759574067,500
tobacco,equalize,709,0.03190446231473122,0.001,1000,289,1229,4.252595155709343,0.7472584400629538,0.23549017299242672,2738263932,0.8731003460207613,0.022104564201635098,1457.066,441.672674212807,0.8605121107266437,0.022266503187187967,500
tobacco,equalize,710,0.013774460887844321,0.001,1000,289,1229,4.252595155709343,0.7540099273328247,0.23491320439356597,3280230868,0.8759653979238755,0.02109780185855297,1475.352,400.71436222849866,0.8700622837370242,0.022748526852088283,500
tobacco,equalize,711,0.03297456997728654,0.001,1000,289,1229,4.252595155709343,0.7507890343233451,0.23568065632433807,425938795,0.8889134948096886,0.019565670515069033,1512.72,435.2744528439467,0.8871349480968859,0.020971696647489692,500
tobacco,equalize,712,0.022912309948567702,0.001,1000,289,1229,4.252595155709343,0.7568985953640539,0.2352334437571012,2969615997,0.8774809688581315,0.02018627209141538,1451.248,441.12322302479583,0.8715294117647059,0.022008805238570132,500
tobacco,equalize,713,0.036660528843131326,0.001,1000,289,1229,4.252595155709343,0.7468924294936947,0.23346510663742015,2892034386,0.9023252595155709,0.018629286042125635,1520.646,446.1132083601049,0.9006228373702422,0.019714842238554388,500
tobacco,equalize,714,0.0838860243104543,0.001,1000,289,1229,4.252595155709343,0.7257370185905214,0.23563738588797611,3344405457,0.9058754325259515,0.01664337090747256,1544.072,414.71782764807483,0.9083944636678201,0.015760787080513584,500
tobacco,equalize,715,0.028502940360276077,0.001,1000,289,1229,4.252595155709343,0.7453889706938152,0.2336858577583259,784390167,0.8841868512110727,0.021507457209028014,1479.632,425.08833995951807,0.8823391003460208,0.022598438318005287,500
tobacco,equalize,716,0.03997985216037381,0.001,1000,289,1229,4.252595155709343,0.7461266227641681,0.2348864106874751,1391193016,0.8873148788927335,0.021086243950304336,1497.318,452.08654189072877,0.8824705882352941,0.02311306799612696,500
tobacco,equalize,717,0.062447202605714874,0.001,1000,289,1229,4.252595155709343,0.7376520703528623,0.23690055752664477,3807337589,0.9046435986159169,0.016718685752500705,1522.24,427.80515295844157,0.904719723183391,0.01730613539682453,500
tobacco,equalize,718,0.0004924776511955443,0.001,1000,289,1229,4.252595155709343,0.7613132459225015,0.23497312210774274,2459876447,0.8735294117647059,0.02099783028830892,1446.298,422.9489671978257,0.8690242214532872,0.022677430922691245,500
tobacco,equalize,719,0.09992623765877348,0.001,1000,289,1229,4.252595155709343,0.7195429935722913,0.23648271284889613,3380539280,0.9093287197231834,0.016921162593739856,1522.676,429.1689165606987,0.9090103806228373,0.017230993142424274,500
tobacco,equalize,720,0.014954153554378735,0.001,1000,289,1229,4.252595155709343,0.7543984616294228,0.23448308931770995,1332472909,0.8764982698961937,0.020748857347802394,1463.83,431.9920779491468,0.8724152249134949,0.021774251988970282,500
tobacco,equalize,721,0.09351844701885366,0.001,1000,289,1229,4.252595155709343,0.7179438089312209,0.23731443831812202,3096588121,0.9081730103806228,0.017519666261034916,1515.516,404.68921961542986,0.9017162629757786,0.01578796114819854,500
tobacco,equalize,722,0.09541859969637331,0.001,1000,289,1229,4.252595155709343,0.7268012647072901,0.24022051792611354,2131531619,0.9155501730103806,0.016139810931404708,1510.99,465.68568392470996,0.9171280276816609,0.015574786159502408,500
tobacco,equalize,723,0.04328965750487758,0.001,1000,289,1229,4.252595155709343,0.7429733009367055,0.24286262841728903,3641410148,0.8856470588235293,0.020830961483307174,1476.694,421.2237924555797,0.8763252595155709,0.01980283252226996,500
tobacco,equalize,724,0.08762697554549798,0.001,1000,289,1229,4.252595155709343,0.720122979551271,0.23474332179980084,2158774041,0.9046505190311418,0.018267341887349818,1541.068,420.53097386037075,0.8962491349480969,0.018779287676942064,500
tobacco,equalize,725,1.8868729297516484e-05,0.001,1000,289,1229,4.252595155709343,0.7613132459225015,0.23497312210774274,1270708320,0.8753079584775086,0.02046755400105014,1472.004,417.7478360123316,0.8702352941176471,0.022669996839180067,500
tobacco,equalize,726,0.03416552075521189,0.001,1000,289,1229,4.252595155709343,0.7443528792362204,0.2354270253940547,764672553,0.8860207612456747,0.02078907972312384,1482.198,427.67946202790836,0.8833494809688582,0.021514137595255983,500
tobacco,equalize,727,0.03242092399467146,0.001,1000,289,1229,4.252595155709343,0.7534017866946712,0.23191706377467508,250333158,0.883038062283737,0.021565862954336323,1467.846,418.6248628971663,0.8777716262975779,0.022911358969585096,500
tobacco,equalize,728,0.056162471707734134,0.001,1000,289,1229,4.252595155709343,0.7373986784202984,0.23637642263100853,2452554448,0.8922422145328719,0.01923066570349772,1513.41,455.0254831111781,0.8852318339100347,0.01836066114451584,500
tobacco,equalize,729,0.07479572735396876,0.001,1000,289,1229,4.252595155709343,0.7336766324775256,0.23665925007798655,1709318382,0.916,0.014691782273365178,1564.51,415.6434877606477,0.9175294117647058,0.014500527169114784,500
tobacco,equalize,730,0.06884362759709532,0.001,1000,289,1229,4.252595155709343,0.7380800211723038,0.23262403991441039,507452160,0.879515570934256,0.021056055442542097,1479.9,425.89209214106864,0.8683114186851211,0.021767369245047057,500
tobacco,equalize,731,0.05145403287596815,0.001,1000,289,1229,4.252595155709343,0.7341214760924711,0.236290437474652,2456588325,0.9102491349480969,0.0162172987997035,1546.866,417.6435901348916,0.9124013840830449,0.01566566274585307,500
tobacco,equalize,732,0.03375181124205952,0.001,1000,289,1229,4.252595155709343,0.7502822504582171,0.23614483991164617,3593760998,0.8805813148788927,0.021700915159926334,1485.642,440.0102679572552,0.8754186851211073,0.02253783688365404,500
tobacco,equalize,733,0.051314067556669174,0.001,1000,289,1229,4.252595155709343,0.7376971178075404,0.2374335715660139,2870801055,0.9002145328719723,0.01904697570740453,1506.918,449.987369312831,0.8993979238754325,0.019102564611483044,500
tobacco,equalize,734,0.033849918088451225,0.001,1000,289,1229,4.252595155709343,0.7470388337213983,0.23465041776259637,78476533,0.8879169550173011,0.019626021026105795,1502.494,404.7980049526275,0.8773148788927335,0.019102420163469445,500
tobacco,equalize,735,0.057253246794243144,0.001,1000,289,1229,4.252595155709343,0.7316776516761877,0.23479544511498107,329567590,0.9037231833910034,0.01715585742902035,1521.606,441.30457307446176,0.904,0.01762817795349725,500
tobacco,equalize,736,0.09201687277554173,0.001,1000,289,1229,4.252595155709343,0.7310357254470256,0.23223311764762095,2866198012,0.9120553633217993,0.01711592307920208,1564.18,435.05986458364913,0.9112456747404845,0.01701347584162863,500
tobacco,equalize,737,0.0867470278002097,0.001,1000,289,1229,4.252595155709343,0.7254779957261227,0.2351480217702843,475643291,0.9070934256055364,0.017311263109336828,1527.658,429.11254022734016,0.9061591695501731,0.017459660746429104,500
tobacco,equalize,738,0.08307380204188208,0.001,1000,289,1229,4.252595155709343,0.7360979331664701,0.23684206982700656,1088444489,0.9139515570934256,0.015495660178839714,1537.13,442.28060478245425,0.9153148788927336,0.015207585259972945,500
tobacco,equalize,739,0.06459326540478058,0.001,1000,289,1229,4.252595155709343,0.7325729698379136,0.23764661084701771,2869196662,0.9062906574394464,0.017075337487047492,1515.678,396.14600038779463,0.9061660899653978,0.017884120119414218,500
tobacco,equalize,740,0.06583657393593201,0.001,1000,289,1229,4.252595155709343,0.7405632621114305,0.23466517187446329,1030522418,0.8917093425605537,0.02061056701839273,1522.722,452.470312266966,0.8879238754325259,0.021692080159879168,500
tobacco,equalize,741,0.09713295614246702,0.001,1000,289,1229,4.252595155709343,0.7314805690619712,0.2349696172717487,3562350643,0.9045951557093426,0.018266669365548868,1547.176,402.1807749949653,0.9032941176470588,0.019262910377315215,500
tobacco,equalize,742,0.023832473497587395,0.001,1000,289,1229,4.252595155709343,0.7501583699578525,0.23546236341272037,4134375208,0.8823806228373702,0.020185796632766435,1457.974,420.2834253682609,0.8797439446366782,0.02100410958696782,500
tobacco,equalize,743,0.06382915712790177,0.001,1000,289,1229,4.252595155709343,0.7461829320825157,0.24629672852033238,3850335849,0.8972249134948097,0.01909649434123743,1515.712,432.2472723626257,0.8895363321799308,0.017929058261132863,500
tobacco,equalize,744,0.0231229225582949,0.001,1000,289,1229,4.252595155709343,0.7525402541239538,0.23497833703077448,3302990092,0.8831349480968859,0.02022231135457388,1483.384,413.8554109182247,0.8730173010380623,0.020147384176217645,500
tobacco,equalize,745,0.051429395589627995,0.001,1000,289,1229,4.252595155709343,0.7419597332064497,0.23263177990431413,1078132565,0.8954117647058824,0.018119653133005807,1499.92,426.0985961338696,0.8944359861591696,0.01829197694958793,500
tobacco,equalize,746,0.039907180401276304,0.001,1000,289,1229,4.252595155709343,0.7436940602115542,0.23445975466914482,2669747029,0.878,0.021214943802064762,1487.988,430.0667281216656,0.8680622837370242,0.02173274728592458,500
tobacco,equalize,747,0.07654660835417272,0.001,1000,289,1229,4.252595155709343,0.7331698486123976,0.2357989856484529,1931185387,0.8981660899653978,0.01768207620545272,1524.156,440.3013766371135,0.8956678200692041,0.01810705957834776,500
tobacco,equalize,748,0.0087122305767944,0.001,1000,289,1229,4.252595155709343,0.7577601279347712,0.23540929937911345,3468839624,0.880152249134948,0.021675925886868792,1459.62,448.5241838373643,0.8705121107266437,0.020442102838952737,500
tobacco,equalize,749,0.0047443090029327456,0.001,1000,289,1229,4.252595155709343,0.7595395023945538,0.23522466856420374,3318419588,0.8753217993079585,0.02150909598637404,1435.162,418.3830691377009,0.8645190311418685,0.021555704798898914,500
tobacco,equalize,750,0.015528514587469733,0.001,1000,289,1229,4.252595155709343,0.7536551786272351,0.23322835820931456,1475111168,0.8814602076124568,0.02015590940904739,1445.59,407.1467485436908,0.8781107266435986,0.021369185078379056,500
tobacco,equalize,751,0.06505285906091184,0.001,1000,289,1229,4.252595155709343,0.741514889591504,0.23664698951620042,1367317033,0.9062906574394464,0.017273721769822514,1526.912,443.61087167351263,0.8997716262975779,0.01510131406913855,500
tobacco,equalize,752,0.0738526900630487,0.001,1000,289,1229,4.252595155709343,0.7357657081882195,0.23557803227175717,3563628227,0.8995501730103806,0.018697771892572494,1520.702,432.6529629723315,0.8979792387543253,0.018714653227757352,500
tobacco,equalize,753,0.008537709579843334,0.001,1000,289,1229,4.252595155709343,0.7574842122748683,0.23592868664279276,3293215504,0.8773840830449827,0.02152998197104569,1457.122,447.7765008410007,0.8741730103806228,0.02273169943828404,500
tobacco,equalize,754,0.05341878863751146,0.001,1000,289,1229,4.252595155709343,0.737545082648002,0.24086769911110292,1590488644,0.8887474048442906,0.021319152504680035,1502.394,427.32769238297067,0.884560553633218,0.022951102429166474,500
tobacco,equalize,755,0.025335040951896606,0.001,1000,289,1229,4.252595155709343,0.7483508408388962,0.2359261027041786,252613234,0.8925813148788927,0.019304210369436463,1508.666,439.8076807379244,0.8904290657439446,0.019977451106299816,500
tobacco,equalize,756,0.09392997989009906,0.001,1000,289,1229,4.252595155709343,0.7234621221292805,0.23662994792184108,2756533231,0.9142076124567474,0.017319599504302764,1592.532,441.1055306321935,0.9075363321799308,0.01601427862529737,500
tobacco,equalize,757,0.08195766404225618,0.001,1000,289,1229,4.252595155709343,0.7259678867957464,0.23590044427973778,1904466352,0.8983391003460208,0.018848110693913456,1562.652,454.0909513304139,0.896159169550173,0.019590401094436858,500
tobacco,equalize,758,0.020355468793831422,0.001,1000,289,1229,4.252595155709343,0.7566846199543331,0.23485732098188492,4150868124,0.8819100346020762,0.021795178916876892,1482.824,414.6571573484299,0.8708166089965398,0.022855634776338327,500
tobacco,equalize,759,0.017933461435399544,0.001,1000,289,1229,4.252595155709343,0.7533905248310017,0.23632884984421743,212785748,0.8948442906574394,0.018088831301908383,1521.848,432.9551538282608,0.8928166089965398,0.01905064998769419,500
tobacco,equalize,760,0.04713008228345055,0.001,1000,289,1229,4.252595155709343,0.7471176667670849,0.23501219467080287,2742627520,0.8864636678200692,0.022051565063356718,1491.428,424.12996743280144,0.8725882352941177,0.021272230680631363,500
tobacco,equalize,761,0.007811916430436317,0.001,1000,289,1229,4.252595155709343,0.7578333300486231,0.23471105159052788,2527420300,0.8773840830449827,0.021163553471302728,1472.194,425.0623110799184,0.8724152249134949,0.023650474759731158,500
tobacco,equalize,762,0.06615523539583133,0.001,1000,289,1229,4.252595155709343,0.7364695746675639,0.23507855357596968,1980309454,0.8923737024221453,0.020328303735668636,1502.382,417.72180106162085,0.8880276816608997,0.021852016337905285,500
tobacco,equalize,763,0.009232748323139394,0.001,1000,289,1229,4.252595155709343,0.7587004935511754,0.23734905647882854,3188260840,0.8724498269896194,0.021848874662366475,1434.084,407.8152467662164,0.8681176470588235,0.022779543903238542,500
tobacco,equalize,764,0.022731625024501136,0.001,1000,289,1229,4.252595155709343,0.7521235651681819,0.23295021297156884,2838211450,0.8831833910034602,0.01990524396854649,1480.766,437.44116494630356,0.8749065743944636,0.01920665123990252,500
tobacco,equalize,765,0.0863628099375551,0.001,1000,289,1229,4.252595155709343,0.7206185015527294,0.23296149988820555,402868477,0.9056678200692041,0.018837209199026435,1551.792,440.4064127061564,0.88919723183391,0.013719606642332023,500
tobacco,equalize,766,0.004034491176773148,0.001,1000,289,1229,4.252595155709343,0.7601025955780292,0.23567488758585695,4183347705,0.8748373702422145,0.021714333851010428,1467.826,443.74833960455953,0.8701937716262976,0.023135107087041987,500
tobacco,equalize,767,0.013693354775734502,0.001,1000,289,1229,4.252595155709343,0.7555753263828865,0.2359970360155267,3558952045,0.8734671280276816,0.021083891777402795,1487.31,404.42084310365794,0.8675709342560554,0.022615959019005715,500
tobacco,equalize,768,0.05591332396911278,0.001,1000,289,1229,4.252595155709343,0.744223367804021,0.23985297327442653,2736885312,0.8856678200692042,0.02050431120652774,1467.604,388.08290333861316,0.8809688581314878,0.021906191620516206,500
tobacco,equalize,769,0.07076858459489725,0.001,1000,289,1229,4.252595155709343,0.7323252088371844,0.24042998508518418,3129794755,0.8973425605536333,0.017284310030201287,1525.244,434.83969872952287,0.8971557093425605,0.01765750338692451,500
tobacco,equalize,770,0.09989348093013178,0.001,1000,289,1229,4.252595155709343,0.7212322731227176,0.23225295205832744,1267713736,0.9156401384083046,0.01476987504833345,1560.536,433.6413938046526,0.917930795847751,0.014821313849351897,500
tobacco,equalize,771,0.011771054139591864,0.001,1000,289,1229,4.252595155709343,0.7600125006686732,0.23658901720879374,2429997334,0.8809204152249135,0.020487444085977656,1468.31,447.2311049361895,0.8767820069204153,0.021625611072863,500
tobacco,equalize,772,0.03496125217089657,0.001,1000,289,1229,4.252595155709343,0.7479679374741329,0.23324019234662147,2790055342,0.8961176470588236,0.017199330756779284,1509.184,418.22584312272176,0.8977370242214533,0.017219396724310707,500
tobacco,equalize,773,0.053300937028150225,0.001,1000,289,1229,4.252595155709343,0.7378773076262525,0.23689880400623883,2286726061,0.9209134948096885,0.01473395531526238,1582.02,427.3241479894505,0.9234878892733563,0.013968292031162637,500
tobacco,equalize,774,0.055689808070895463,0.001,1000,289,1229,4.252595155709343,0.7343917608205395,0.23520375948540806,802207067,0.89519723183391,0.019165431466910313,1499.228,407.4606488690086,0.8933356401384083,0.01980049632720538,500
tobacco,equalize,775,0.027500380375308022,0.001,1000,289,1229,4.252595155709343,0.7499781801391404,0.23545614963334172,2320997719,0.8868442906574395,0.021242567412017285,1505.506,423.73147474477094,0.8819792387543253,0.02333814963840561,500
tobacco,equalize,776,0.0036275402330434472,0.001,1000,289,1229,4.252595155709343,0.7605249154656359,0.23544436557743997,515371311,0.8755709342560554,0.0224659716871456,1458.966,450.7224448466898,0.8728581314878893,0.02279993224647853,500
tobacco,equalize,777,0.018856674236371253,0.001,1000,289,1229,4.252595155709343,0.7537790591275998,0.23411293823599968,1514020321,0.8877301038062284,0.021516933394243185,1483.83,423.3211105357853,0.8834532871972318,0.02232843748702279,500
tobacco,equalize,778,0.009122220731692887,0.001,1000,289,1229,4.252595155709343,0.7575630453205549,0.23524514282844855,1642214296,0.8738200692041522,0.02144370120431167,1475.464,418.37383047707004,0.8691626297577855,0.022712996141319088,500
tobacco,equalize,779,0.05574781397705869,0.001,1000,289,1229,4.252595155709343,0.737888569489922,0.2355453425244574,3156014379,0.8955778546712803,0.01832486514750492,1486.136,420.3749894648056,0.8943806228373702,0.019015982529638507,500
tobacco,equalize,780,0.014621444089376568,0.001,1000,289,1229,4.252595155709343,0.7557160996787553,0.23682050013341058,2705653001,0.8774325259515571,0.021366094813960713,1443.056,401.1039286608576,0.8736332179930796,0.02315889590128692,500
tobacco,equalize,781,0.06830806459470849,0.001,1000,289,1229,4.252595155709343,0.7332374197944147,0.2339467423752437,4244755486,0.9125051903114186,0.016550488035969,1576.324,456.2111443624334,0.912878892733564,0.016630794891706106,500
tobacco,equalize,782,0.08375484362915864,0.001,1000,289,1229,4.252595155709343,0.7206804418029117,0.23495506851632728,2706928901,0.9029134948096886,0.017323433785317293,1516.866,424.9092276563254,0.9018961937716262,0.0181067945520241,500
tobacco,equalize,783,0.001755865767368936,0.001,1000,289,1229,4.252595155709343,0.7610880086491113,0.2345653877499466,3420330459,0.8745397923875432,0.022271023199700302,1481.096,427.0332370613677,0.8693494809688582,0.023358471561288775,500
tobacco,equalize,784,0.035902786631794505,0.001,1000,289,1229,4.252595155709343,0.7477595929962471,0.2346588596334472,3120572191,0.8909134948096886,0.02015647128095204,1517.99,410.3914719148547,0.8868858131487889,0.02163559445411469,500
tobacco,equalize,785,0.017344869131127462,0.001,1000,289,1229,4.252595155709343,0.7567127746135069,0.23392372382595505,1424532129,0.8824290657439446,0.019764653039931992,1465.952,433.80274704372914,0.8799377162629758,0.020149765889219854,500
tobacco,equalize,786,0.03691032242901602,0.001,1000,289,1229,4.252595155709343,0.7460140041274731,0.23497185765915077,2906786028,0.8787474048442907,0.021247943282120384,1449.432,408.98545154461203,0.8747404844290657,0.022236672879429244,500
tobacco,equalize,787,0.09032695028836789,0.001,1000,289,1229,4.252595155709343,0.7324997677240618,0.23642197636643847,3839864775,0.9052318339100346,0.017095763731039253,1514.304,420.05260619110055,0.9044359861591695,0.017781863093828072,500
tobacco,equalize,788,0.07380851358277392,0.001,1000,289,1229,4.252595155709343,0.7312665936522506,0.23791546231108585,22327130,0.8992871972318339,0.01813416056755777,1527.91,440.6168634320314,0.8999377162629758,0.01820432070953752,500
tobacco,equalize,789,0.031108123061245885,0.001,1000,289,1229,4.252595155709343,0.7511663067562736,0.23571870646117407,1772913764,0.8963667820069204,0.019074589145443473,1499.264,411.29450841130694,0.8899377162629758,0.01695401109245105,500
tobacco,equalize,790,0.0803861196163067,0.001,1000,289,1229,4.252595155709343,0.7180507966360814,0.2340336298447584,2295852714,0.9058961937716262,0.017090193699163612,1565.666,446.4055984872068,0.8982006920415225,0.01443300535929473,500
tobacco,equalize,791,0.053544875343252335,0.001,1000,289,1229,4.252595155709343,0.7390935889025596,0.23379676195221377,3113810156,0.8866159169550173,0.02038281843828728,1498.6,454.36792627214527,0.8829757785467128,0.020678911151515725,500
tobacco,equalize,792,0.0846615385913334,0.001,1000,289,1229,4.252595155709343,0.7277866777783722,0.23384458161692104,790660564,0.9077508650519032,0.018494976087940332,1548.974,435.0755368548536,0.9061038062283737,0.018818140293915073,500
tobacco,equalize,793,0.09504818555042324,0.001,1000,289,1229,4.252595155709343,0.7307879644462963,0.23503688509901338,1680572994,0.9260968858131488,0.014819435819158518,1599.944,435.04737362567414,0.9295017301038062,0.013739096402947439,500
tobacco,equalize,794,0.0940686867543695,0.001,1000,289,1229,4.252595155709343,0.722302150171321,0.23449138298289807,1149411662,0.9297439446366782,0.013880465540034194,1604.924,461.6309223187736,0.9323598615916956,0.013457471144343498,500
tobacco,equalize,795,0.07701420120349953,0.001,1000,289,1229,4.252595155709343,0.7313172720387634,0.23524359894344174,1849501473,0.9045190311418685,0.016732503545281895,1545.418,419.99159176143115,0.902712802768166,0.017030054272662482,500
tobacco,equalize,796,0.009435765764574756,0.001,1000,289,1229,4.252595155709343,0.7567690839318544,0.23431299422736615,1779063149,0.8792595155709343,0.020691428327908986,1468.042,389.7290002338117,0.8748650519031141,0.021910874663720867,500
tobacco,equalize,797,0.008273198824041917,0.001,1000,289,1229,4.252595155709343,0.756735298340846,0.2333960532645483,107524081,0.8807681660899653,0.022822487151235752,1492.084,433.08946641061544,0.8765190311418685,0.023471184531655316,500
tobacco,equalize,798,0.05291839013567329,0.001,1000,289,1229,4.252595155709343,0.7403718104290488,0.23544019403524724,3192859711,0.8838131487889274,0.020352701813772228,1487.544,414.856113917234,0.8797162629757785,0.02083431884410804,500
tobacco,equalize,799,0.0077850336136635724,0.001,1000,289,1229,4.252595155709343,0.7576869258209195,0.2427190107350588,3169928960,0.871840830449827,0.020961534431928455,1420.652,406.3776377520419,0.8670657439446366,0.02195522741866737,500
tobacco,equalize,800,0.07938264441357379,0.001,1000,289,1229,4.252595155709343,0.7330910155667111,0.23831614480155894,871726348,0.9011764705882352,0.017328891462166117,1485.758,415.5703416435149,0.9012595155709342,0.01809373985423164,500
tobacco,equalize,801,0.051528783708002394,0.001,1000,289,1229,4.252595155709343,0.7386825308786225,0.23443866045999276,3334238411,0.8936539792387543,0.020757559775712156,1526.77,423.946697953187,0.8909273356401384,0.020962953775973594,500
tobacco,equalize,802,0.008569324499422848,0.001,1000,289,1229,4.252595155709343,0.7576193546389024,0.2399283697022942,1912031811,0.8764913494809689,0.020991219914822255,1465.688,443.8695834027608,0.8716747404844291,0.02214005261811881,500
tobacco,equalize,803,0.0979295358396364,0.001,1000,289,1229,4.252595155709343,0.7240195843809213,0.23371852815958516,1770675022,0.898878892733564,0.01890601554181613,1500.552,422.74623126421386,0.894484429065744,0.020362734247257243,500
tobacco,equalize,804,0.005734294084447389,0.001,1000,289,1229,4.252595155709343,0.759646490099414,0.23462649916191483,299248318,0.8757923875432526,0.020593330196869895,1465.326,419.4976666307185,0.8716885813148789,0.021443262578150987,500
tobacco,equalize,805,0.08624141204067992,0.001,1000,289,1229,4.252595155709343,0.7273530960270961,0.23700015300295188,1838195184,0.8900484429065744,0.019249368334630743,1506.364,466.1452717047181,0.8816747404844291,0.01923807185990098,500
tobacco,equalize,806,0.04066983556223458,0.001,1000,289,1229,4.252595155709343,0.7488294700448505,0.2344808858679605,3703888454,0.8849134948096886,0.019390506531481798,1467.918,426.7501830268231,0.8762145328719724,0.020423022730577355,500
tobacco,equalize,807,0.057577446770009734,0.001,1000,289,1229,4.252595155709343,0.7361373496893133,0.23455131413861166,1041701894,0.9159584775086504,0.016602904810053953,1559.654,412.65483677357423,0.9170588235294117,0.015746994283170546,500
tobacco,equalize,808,0.08744508513537745,0.001,1000,289,1229,4.252595155709343,0.7256356618174958,0.23389623858108632,1817225035,0.9009480968858131,0.01870836346908107,1518.854,430.85259265460434,0.8953287197231834,0.018266237204683705,500
tobacco,equalize,809,0.06144273444709034,0.001,1000,289,1229,4.252595155709343,0.7409011180215158,0.2388507075271303,1569846550,0.9081176470588236,0.016738926539193014,1527.188,425.48546911128443,0.9092941176470588,0.016681893580577638,500
tobacco,equalize,810,0.07883501452054592,0.001,1000,289,1229,4.252595155709343,0.7333275147037708,0.23503495328477483,1508566972,0.9077647058823529,0.01633945813176288,1568.308,453.7426074810336,0.9099515570934256,0.016003302873562202,500
tobacco,equalize,811,0.09257897800161194,0.001,1000,289,1229,4.252595155709343,0.7262269096601451,0.24197852218524427,582087778,0.9108096885813148,0.016632060134390586,1563.484,449.88338473845357,0.9025882352941177,0.01514734188005193,500
tobacco,equalize,812,0.09938935713880151,0.001,1000,289,1229,4.252595155709343,0.7182309864547936,0.23577257281853198,2263267845,0.9154117647058824,0.018139558181839602,1540.16,417.3761326095973,0.9140346020761245,0.018753690928141456,500
tobacco,equalize,813,0.06097148406174631,0.001,1000,289,1229,4.252595155709343,0.7343636061613655,0.23475590886524553,3044827840,0.9058754325259515,0.017296598164102867,1545.522,422.7325479901688,0.9050657439446367,0.01780675073887097,500
tobacco,equalize,814,0.00818962292031491,0.001,1000,289,1229,4.252595155709343,0.7580416745265091,0.23496672602998186,1023151996,0.876083044982699,0.023060014364091243,1467.69,415.582501473609,0.8701038062283737,0.024619967142260883,500
tobacco,equalize,815,0.036543148866800115,0.001,1000,289,1229,4.252595155709343,0.7455466367851883,0.23468125574877394,2360525576,0.8919169550173011,0.018273067827986048,1499.156,427.70514029887016,0.8921107266435986,0.01806948784482448,500
tobacco,equalize,816,0.0005642154298194036,0.001,1000,289,1229,4.252595155709343,0.7613132459225015,0.23497312210774274,628565609,0.8735501730103806,0.021540611188362927,1450.824,411.18980426837976,0.8694325259515571,0.02245230865057975,500
tobacco,equalize,817,0.07170324862128961,0.001,1000,289,1229,4.252595155709343,0.7339581790692633,0.23472802614326752,3087318518,0.896,0.018893015251317757,1514.088,429.72458469743935,0.8934740484429066,0.019045857033620685,500
tobacco,equalize,818,0.04662152548853037,0.001,1000,289,1229,4.252595155709343,0.7409912129308719,0.23652481440911668,2905841764,0.9031695501730104,0.019782317177148852,1550.4,446.7372834237159,0.8997785467128028,0.021316284614821282,500
tobacco,equalize,819,0.09904408672916787,0.001,1000,289,1229,4.252595155709343,0.7220656510342613,0.2348553735177198,618857330,0.9245397923875432,0.01591901105039933,1560.106,442.25541315503403,0.9263737024221453,0.015725501212061385,500
tobacco,equalize,820,0.061869604110563414,0.001,1000,289,1229,4.252595155709343,0.7394708613354881,0.23367567579066512,1530053068,0.8938892733564014,0.020052974952906186,1517.214,440.0670064254857,0.8821937716262975,0.021910540663154093,500
tobacco,equalize,821,0.008805498032167625,0.001,1000,289,1229,4.252595155709343,0.7613977099000229,0.23511202753884228,340413324,0.8736401384083046,0.0214875275374236,1457.032,416.9200446407523,0.8680899653979238,0.02348235332177323,500
tobacco,equalize,822,0.004318658128749586,0.001,1000,289,1229,4.252595155709343,0.7584752562777851,0.2364455675782727,619248953,0.8732110726643599,0.021140847127586126,1453.618,430.63853889121054,0.8681038062283737,0.023136733246203342,500
tobacco,equalize,823,0.02491272836023163,0.001,1000,289,1229,4.252595155709343,0.7506707847548152,0.23619662250922183,4278579008,0.8786089965397924,0.02148127338362419,1489.302,420.2221270567938,0.8751280276816609,0.02152506446155957,500
tobacco,equalize,824,0.030891690576092368,0.001,1000,289,1229,4.252595155709343,0.7487562679309985,0.2352831102803258,2244298891,0.8940415224913495,0.018017465071680658,1483.954,410.3281934460184,0.8869204152249135,0.017674102203847238,500
tobacco,equalize,825,0.02783889442906584,0.001,1000,289,1229,4.252595155709343,0.7495051818650209,0.23587475659005525,1491770346,0.889349480968858,0.01953877445004087,1479.694,410.72971911993005,0.8801799307958478,0.01934380477718578,500
tobacco,equalize,826,0.014412122716838761,0.001,1000,289,1229,4.252595155709343,0.7536101311725572,0.2347734784236178,4292149658,0.878006920415225,0.021927666687044527,1458.702,419.67474904498584,0.8758062283737025,0.02275196508483585,500
tobacco,equalize,827,0.002612663247509928,0.001,1000,289,1229,4.252595155709343,0.7598829892364738,0.23401543071553332,3003902479,0.8759446366782007,0.021906765555218224,1451.074,411.4769971241705,0.8657854671280277,0.02225691060972261,500
tobacco,equalize,828,0.05660921092493685,0.001,1000,289,1229,4.252595155709343,0.7407209282028037,0.2348265058016175,3326867291,0.8938823529411765,0.019992858332133125,1471.994,411.80031199346587,0.889508650519031,0.020954327488750615,500
tobacco,equalize,829,0.07213070675195436,0.001,1000,289,1229,4.252595155709343,0.7312271771294072,0.23681474148056433,1306449145,0.8917647058823529,0.019527744919779454,1462.434,422.9104350997178,0.8905813148788927,0.020085456076253748,500
tobacco,equalize,830,0.04358639819643389,0.001,1000,289,1229,4.252595155709343,0.7475962959730391,0.2361628953505821,4276001276,0.882242214532872,0.021071825226497098,1499.098,432.5747730329743,0.8711626297577855,0.020864783327259637,500
tobacco,equalize,831,0.0160805213817098,0.001,1000,289,1229,4.252595155709343,0.7525008376011104,0.23405621461976328,1863363684,0.8806297577854671,0.02085752339709309,1459.502,401.44574648480403,0.8703598615916954,0.020218134392863865,500
tobacco,equalize,832,0.040105676744386226,0.001,1000,289,1229,4.252595155709343,0.7459126473544475,0.23836909433065803,250300094,0.8928996539792388,0.01812321885527071,1511.164,393.85197200942326,0.8925951557093426,0.01889477284459752,500
tobacco,equalize,833,0.0031358214420496577,0.001,1000,289,1229,4.252595155709343,0.7609134497622339,0.2348899282509166,3632252086,0.8730449826989619,0.022538346827244808,1460.564,439.9794287229785,0.8677370242214534,0.023725989271606324,500
tobacco,equalize,834,0.0899533622031382,0.001,1000,289,1229,4.252595155709343,0.7258777918863903,0.23646151818428282,814036491,0.9113010380622837,0.015544154137049224,1545.518,426.01209641109637,0.9129411764705883,0.014964670908688645,500
tobacco,equalize,835,0.04349005908774253,0.001,1000,289,1229,4.252595155709343,0.7414079018866437,0.2359458756888783,3736758276,0.8827612456747405,0.02017394815231761,1470.386,412.59877909298035,0.8788512110726644,0.021566157789876396,500
tobacco,equalize,836,0.09770722449079017,0.001,1000,289,1229,4.252595155709343,0.7194754223902743,0.2345203990452425,274619541,0.9315086505190311,0.014257365074918904,1623.554,473.1669949332775,0.9331833910034601,0.01410267976716943,500
tobacco,equalize,837,0.08589655543641206,0.001,1000,289,1229,4.252595155709343,0.7319028889495778,0.23443376783507852,3679634765,0.9082283737024222,0.016251056245401012,1506.05,406.12559078563623,0.910235294117647,0.015862955391460973,500
tobacco,equalize,838,0.07009927108058027,0.001,1000,289,1229,4.252595155709343,0.7385304957190841,0.234705384391584,2363739599,0.9051141868512111,0.018573788236157036,1555.082,439.82656820182245,0.9038477508650519,0.019248505747228233,500
tobacco,equalize,839,0.04680837068856791,0.001,1000,289,1229,4.252595155709343,0.740140942223824,0.23541137475756196,1370984760,0.8862214532871973,0.020439802145739618,1508.466,451.66655643339465,0.8824013840830449,0.02206166783003897,500
tobacco,equalize,840,0.060965333706962194,0.001,1000,289,1229,4.252595155709343,0.7366835500772845,0.2340126473530013,1321149629,0.9006712802768165,0.021923590275761327,1510.066,416.16076847106666,0.8946297577854672,0.024823614604524133,500
tobacco,equalize,841,0.0954726461460645,0.001,1000,289,1229,4.252595155709343,0.7288284001678017,0.2363319255345562,2328126902,0.9139653979238754,0.016678045605056414,1537.92,421.54970039106826,0.916242214532872,0.016864767270699167,500
tobacco,equalize,842,0.020872295490853565,0.001,1000,289,1229,4.252595155709343,0.7517631855307576,0.23993080950299742,1989989355,0.8788442906574395,0.021046425329425186,1488.674,435.9895842323739,0.8745743944636678,0.021299335026021108,500
tobacco,equalize,843,0.06821514373617013,0.001,1000,289,1229,4.252595155709343,0.7303994301496983,0.23516257012589387,396241530,0.8980346020761245,0.017680677113178906,1485.296,431.5980748107674,0.8966712802768165,0.017696269851465416,500
tobacco,equalize,844,0.03953355517576593,0.001,1000,289,1229,4.252595155709343,0.7470332027895635,0.2350187775236829,2879497215,0.8935294117647059,0.020189708135895136,1514.974,433.44758731119015,0.8851003460207612,0.02007722599362244,500
tobacco,equalize,845,0.0608958702555992,0.001,1000,289,1229,4.252595155709343,0.7408617014986725,0.23577665909514495,328365078,0.9042837370242214,0.017528976728130446,1555.472,431.8905278796286,0.9044221453287197,0.018033438526437816,500
tobacco,equalize,846,0.08770722114654707,0.001,1000,289,1229,4.252595155709343,0.7210464523721709,0.234278493160438,1321913395,0.9009896193771626,0.020410706551299524,1496.664,419.71434496182457,0.8969550173010381,0.021672631367662516,500
tobacco,equalize,847,0.03986031329943596,0.001,1000,289,1229,4.252595155709343,0.7496910026155678,0.24200469824483498,113608202,0.8810519031141869,0.0216944924752614,1463.686,403.9351068489717,0.8758961937716263,0.023178170038340905,500
tobacco,equalize,848,0.036603234855257565,0.001,1000,289,1229,4.252595155709343,0.7476244506322128,0.2366949598667713,2311683477,0.8813010380622838,0.01988509853731103,1464.392,376.2487216417806,0.8756124567474048,0.02002629004987324,500
tobacco,equalize,849,0.02321410976925692,0.001,1000,289,1229,4.252595155709343,0.7539198324234686,0.23577135308009325,1351660348,0.8826574394463668,0.02014305469179195,1473.062,424.672239707703,0.8789134948096886,0.021309321510514942,500
tobacco,equalize,850,0.09777438043011795,0.001,1000,289,1229,4.252595155709343,0.7217390569878457,0.2360249775260092,2914220325,0.9158131487889274,0.01665630620986937,1544.54,424.77395662688286,0.9157785467128027,0.01746611856020438,500
tobacco,equalize,851,0.048732111974874384,0.001,1000,289,1229,4.252595155709343,0.7410418913173846,0.2347575279275853,1443038451,0.8943806228373702,0.019528919537385697,1529.642,411.9725872692535,0.8923114186851211,0.020492278061463694,500
tobacco,equalize,852,0.04449552171512349,0.001,1000,289,1229,4.252595155709343,0.7438179407119186,0.2367888952384585,3906334030,0.885847750865052,0.019639331454155255,1496.452,417.9503519431212,0.8829550173010381,0.020089221098769098,500
tobacco,equalize,853,0.06766635771290834,0.001,1000,289,1229,4.252595155709343,0.730382537354194,0.23637564034929623,2493134742,0.9017301038062284,0.01849484635462461,1533.212,429.1910635066719,0.890560553633218,0.02162664179296276,500
tobacco,equalize,854,0.06742043446679834,0.001,1000,289,1229,4.252595155709343,0.7386093287647707,0.23307283078888813,278289090,0.8976608996539792,0.02138189739963416,1514.43,416.59089890935974,0.8931280276816609,0.02214503726118957,500
tobacco,equalize,855,0.07079620881564774,0.001,1000,289,1229,4.252595155709343,0.7355461018466641,0.23554160165097915,2177320826,0.9040484429065744,0.018084586140547424,1521.502,411.52782688489145,0.90280276816609,0.01831294074694861,500
tobacco,equalize,856,0.045563032446872875,0.001,1000,289,1229,4.252595155709343,0.7434800848018334,0.23493009399732187,4163934550,0.8967958477508651,0.017685679952732212,1516.5,424.2435233851763,0.8959653979238754,0.01802230119802814,500
tobacco,equalize,857,0.012000369830658698,0.001,1000,289,1229,4.252595155709343,0.754550496788961,0.23578310163514243,3521131303,0.8814256055363322,0.02115058853339662,1492.896,416.0780637022196,0.8755017301038063,0.02322045978642472,500
tobacco,equalize,858,0.0572857643418385,0.001,1000,289,1229,4.252595155709343,0.7362049208713304,0.23429023896622342,717040952,0.8898269896193771,0.019192124371938846,1493.642,432.1267092203897,0.8790103806228374,0.017803698457831425,500
tobacco,equalize,859,0.017369118408307294,0.001,1000,289,1229,4.252595155709343,0.755609111973895,0.23489092904704334,3363524970,0.8804636678200692,0.020574300534579332,1475.688,425.65985396623586,0.8758754325259515,0.022131655291531396,500
tobacco,equalize,860,0.026811550969260314,0.001,1000,289,1229,4.252595155709343,0.7536382858317308,0.23646804472956168,2453519962,0.8869273356401384,0.01853706413498833,1487.614,438.4042490386587,0.8856678200692042,0.018981508363941902,500
tobacco,equalize,861,0.07523758409872078,0.001,1000,289,1229,4.252595155709343,0.7407997612484902,0.23446242952667715,2947846520,0.9202560553633218,0.014873595933080214,1608.232,448.4085085690438,0.9226851211072664,0.014556356916642841,500
tobacco,equalize,862,0.06140545512225344,0.001,1000,289,1229,4.252595155709343,0.73391876254642,0.23564528317476532,3158883796,0.8921730103806228,0.021077739837935816,1462.8,410.38665476940844,0.883840830449827,0.020982283916247912,500
tobacco,equalize,863,0.019520681955901578,0.001,1000,289,1229,4.252595155709343,0.7515435791892022,0.23481610427203062,1935562239,0.8879169550173011,0.020841509722832247,1486.356,412.0046953640262,0.8838892733564014,0.022332195034937267,500
tobacco,equalize,864,0.0005428301424316162,0.001,1000,289,1229,4.252595155709343,0.7613132459225015,0.23497312210774274,3779679774,0.8718339100346021,0.021610210990785986,1461.914,411.902349708509,0.8661937716262976,0.02302264139322481,500
tobacco,equalize,865,0.019344886589424282,0.001,1000,289,1229,4.252595155709343,0.7531371328984376,0.23419535305949044,930151065,0.8857231833910034,0.0195178278885337,1470.676,414.6729728023585,0.8790934256055364,0.019098203056109028,500
tobacco,equalize,866,0.03996523711602559,0.001,1000,289,1229,4.252595155709343,0.7479510446786286,0.2338372102936638,1601032157,0.8887474048442907,0.020119407743609,1537.466,431.3688061715587,0.8826228373702423,0.021606190179493136,500
tobacco,equalize,867,0.029200013178296735,0.001,1000,289,1229,4.252595155709343,0.7464701096060882,0.2354851784630432,1233919352,0.8820761245674741,0.020676010159226873,1476.722,422.8577041889907,0.8786851211072665,0.021641831728750064,500
tobacco,equalize,868,0.012291411185434776,0.001,1000,289,1229,4.252595155709343,0.7570675233190964,0.23482911383188637,2504498493,0.8721453287197233,0.02042201703114261,1450.77,401.6729258722296,0.8687681660899653,0.021242377650569456,500
tobacco,equalize,869,0.06874602424332507,0.001,1000,289,1229,4.252595155709343,0.7337160490003689,0.23509608905037016,188821615,0.90121107266436,0.018138372961046367,1522.714,445.65931905584847,0.9021522491349481,0.017884334780621215,500
tobacco,equalize,870,0.008279036668750473,0.001,1000,289,1229,4.252595155709343,0.7598942511001433,0.235253541534348,4093465133,0.8751072664359861,0.021646477745803756,1453.078,405.75533848048235,0.8695709342560554,0.023208254155513464,500
tobacco,equalize,871,0.08146365768341196,0.001,1000,289,1229,4.252595155709343,0.731762115653709,0.23486405826149986,727991679,0.8946159169550173,0.019947889232101258,1525.648,400.76997047492085,0.8924013840830449,0.020658939438943327,500
tobacco,equalize,872,0.09981240294919332,0.001,1000,289,1229,4.252595155709343,0.7162320056534556,0.23604294407269735,804578385,0.9171764705882353,0.01836592948304551,1551.618,431.4588480389551,0.9021868512110727,0.01919392958093183,500
tobacco,equalize,873,0.09687473395233462,0.001,1000,289,1229,4.252595155709343,0.7189123292067988,0.23493561987354827,3337567928,0.9053356401384083,0.01783365690319341,1542.026,437.4958543450877,0.9034602076124568,0.018396636605226082,500
tobacco,equalize,874,0.07853641368339244,0.001,1000,289,1229,4.252595155709343,0.7353602810961172,0.23315704974805507,407072378,0.9112179930795847,0.018479608035006728,1566.174,458.7103640863594,0.9096401384083046,0.019380791644537647,500
tobacco,equalize,875,0.04051010392765025,0.001,1000,289,1229,4.252595155709343,0.7413741162956352,0.2350596474193151,772733557,0.9113148788927335,0.016923543233688366,1536.874,406.1305481841237,0.911363321799308,0.017494992875600412,500
tobacco,equalize,876,0.02665623017061791,0.001,1000,289,1229,4.252595155709343,0.7518138639172702,0.23301195037281663,1777563933,0.8904913494809689,0.02047382248795788,1506.144,422.301352269036,0.8837093425605537,0.019785528687588053,500
tobacco,equalize,877,0.09724420645632276,0.001,1000,289,1229,4.252595155709343,0.7209563574628147,0.2348824956348897,718395012,0.9004844290657439,0.01775023439935452,1494.466,400.7470539461181,0.8999584775086505,0.018120094086550697,500
tobacco,equalize,878,0.0651634003736855,0.001,1000,289,1229,4.252595155709343,0.7286819959400982,0.23621881708994494,3588311892,0.9090865051903114,0.01703863950379596,1553.968,444.83418695483334,0.8996055363321799,0.015071477347122112,500
tobacco,equalize,879,0.02816845683911212,0.001,1000,289,1229,4.252595155709343,0.747782116723586,0.23493882146738598,3274509807,0.8862906574394463,0.018718887525863044,1459.298,401.54025245881536,0.8843114186851211,0.01931650538958442,500
tobacco,equalize,880,0.06325337024139363,0.001,1000,289,1229,4.252595155709343,0.7362555992578432,0.23431170680967892,3865168225,0.9016332179930796,0.019480756332874823,1520.626,416.6218737601172,0.8938339100346021,0.01801671929792656,500
tobacco,equalize,881,0.035282137468904164,0.001,1000,289,1229,4.252595155709343,0.746244872332698,0.23728415608914435,836342529,0.8976401384083045,0.019379018700043993,1465.982,405.1967552893213,0.8961314878892733,0.02015657603499863,500
tobacco,equalize,882,0.09520354427777183,0.001,1000,289,1229,4.252595155709343,0.7256750783403392,0.23539401824414077,3595145632,0.9052179930795847,0.018590064543558698,1551.138,419.5215603938259,0.9035916955017301,0.019704298499480962,500
tobacco,equalize,883,0.028459184413281016,0.001,1000,289,1229,4.252595155709343,0.752213660077538,0.23598540710191201,3987721793,0.8893910034602076,0.02081343107231068,1486.704,424.9670132005747,0.8855640138408304,0.02107861066555153,500
tobacco,equalize,884,0.020683060161696278,0.001,1000,289,1229,4.252595155709343,0.7541619624923631,0.23942688372373122,134764579,0.877993079584775,0.020456325000321934,1475.872,423.22343480428276,0.8744221453287196,0.021796037592982747,500
tobacco,equalize,885,0.09924659878883793,0.001,1000,289,1229,4.252595155709343,0.7148918438767838,0.2350356166767235,4120585699,0.9212249134948097,0.015138765019666064,1571.578,440.1586796173454,0.9236124567474049,0.014513667827965341,500
tobacco,equalize,886,0.04861002243069284,0.001,1000,289,1229,4.252595155709343,0.7422018632753441,0.23510706771908105,1821763253,0.8807750865051903,0.021697102473135985,1489.35,441.8305693407915,0.8761937716262975,0.022896843590309083,500
tobacco,equalize,887,0.0710563175697491,0.001,1000,289,1229,4.252595155709343,0.7405351074522567,0.23499043199897254,1042055226,0.8971280276816609,0.01884094858380015,1497.754,407.66366629076373,0.8874602076124568,0.018290497262823766,500
tobacco,equalize,888,0.0614368432690267,0.001,1000,289,1229,4.252595155709343,0.7349098065493368,0.23324339593525412,1549162400,0.8961522491349481,0.018735831797236153,1517.702,412.6234960529875,0.8951003460207612,0.01941145204256481,500
tobacco,equalize,889,0.03234989385622835,0.001,1000,289,1229,4.252595155709343,0.7437616313935711,0.23465516491770755,3706539351,0.8810519031141869,0.02104095806033208,1488.054,413.7080174851134,0.8789411764705883,0.021436135883769476,500
tobacco,equalize,890,0.0454674861584799,0.001,1000,289,1229,4.252595155709343,0.7445612237141063,0.23408820460812974,2535853020,0.8936470588235293,0.020582001944428895,1514.408,443.63508169148986,0.8836747404844291,0.020031914471656313,500
tobacco,equalize,891,0.05101197766588472,0.001,1000,289,1229,4.252595155709343,0.7396454202223656,0.23621948813619734,516280734,0.8948166089965398,0.019812571776905954,1513.446,405.3576800574563,0.8913840830449827,0.02063078908843675,500
tobacco,equalize,892,0.020279693959692494,0.001,1000,289,1229,4.252595155709343,0.7543365213792405,0.2335273038740421,2929341956,0.8829342560553634,0.0209051464961016,1490.516,423.5374383302317,0.8792456747404844,0.02244598979677539,500
tobacco,equalize,893,0.08317233609055442,0.001,1000,289,1229,4.252595155709343,0.7285468535760641,0.2352052449811775,657630161,0.9207543252595155,0.015658099242976745,1534.954,411.765026146606,0.9222214532871973,0.014785265921265892,500
tobacco,equalize,894,0.05342402306310277,0.001,1000,289,1229,4.252595155709343,0.7371903339424125,0.23486304603058578,2391634941,0.8893979238754325,0.020851974379957925,1491.294,445.5823142378106,0.886878892733564,0.021179202429196662,500
tobacco,equalize,895,0.044373361267718764,0.001,1000,289,1229,4.252595155709343,0.7422581725936916,0.23372567128118,1225086117,0.903204152249135,0.017608723622717024,1504.69,428.5673083373849,0.8984705882352941,0.01509980138682427,500
tobacco,equalize,896,0.07420998401500183,0.001,1000,289,1229,4.252595155709343,0.7326067554289222,0.235332732894144,1966638302,0.9103737024221453,0.01731573111796499,1554.506,412.5732994497312,0.9104567474048443,0.016990760529880834,500
tobacco,equalize,897,0.03768792618177518,0.001,1000,289,1229,4.252595155709343,0.7411770336814187,0.23604357512647064,2953262702,0.8856816608996539,0.020445811574682355,1479.906,436.8941773569624,0.8830103806228373,0.021255187261424363,500
tobacco,equalize,898,0.08582101431679254,0.001,1000,289,1229,4.252595155709343,0.7267956337754554,0.23392372774860756,1116542208,0.9006020761245674,0.018455535461809395,1527.652,426.3289006848096,0.8926089965397924,0.018385124181963863,500
tobacco,equalize,899,0.04171215910790813,0.001,1000,289,1229,4.252595155709343,0.7471007739715807,0.237209006882075,1024744554,0.8869688581314878,0.020805821093846783,1506.21,452.3085406355532,0.8781453287197233,0.021172462827467736,500
tobacco,equalize,900,0.06486112640611119,0.001,1000,289,1229,4.252595155709343,0.7401747278148325,0.23628823635026794,969144739,0.8836332179930796,0.018444538530765803,1454.964,407.408219871959,0.8764359861591696,0.01721759074149526,500
tobacco,equalize,901,0.013335036684982971,0.001,1000,289,1229,4.252595155709343,0.7544829256069441,0.2352266551229019,1489823344,0.8832525951557093,0.019931143522003047,1514.42,458.19481509195913,0.8805397923875432,0.021087319239488582,500
tobacco,equalize,902,0.08556627175033447,0.001,1000,289,1229,4.252595155709343,0.7237718233801921,0.2349754970143785,3493503309,0.8999861591695502,0.019084424701270992,1535.702,449.2892373890872,0.8908581314878893,0.016999626725226112,500
tobacco,equalize,903,0.08848567040659491,0.001,1000,289,1229,4.252595155709343,0.7330966464985458,0.23694496626879777,3343872696,0.9021384083044983,0.018521576844103195,1519.482,406.47339755738466,0.9018615916955017,0.018730420265282207,500
tobacco,equalize,904,0.052006207436314816,0.001,1000,289,1229,4.252595155709343,0.7314918309256407,0.23558886911320226,3877837294,0.8979307958477509,0.018382282802801568,1528.192,439.0684791633187,0.8982906574394464,0.018079830376460326,500
tobacco,equalize,905,0.09500380378462778,0.001,1000,289,1229,4.252595155709343,0.7107305852509003,0.23501388366052026,2989623523,0.9035363321799308,0.019198598084174442,1537.362,426.4874606176932,0.894076124567474,0.018643911701091878,500
tobacco,equalize,906,0.021929457329485938,0.001,1000,289,1229,4.252595155709343,0.7530132523980732,0.23660039911117636,108615850,0.8833148788927335,0.022297209366110085,1508.378,430.3464362887802,0.8749411764705883,0.025274333493716765,500
tobacco,equalize,907,0.027571559157405202,0.001,1000,289,1229,4.252595155709343,0.753728380741087,0.23640075657913068,2610670301,0.8879169550173011,0.018552596695957803,1489.7,427.1243899486166,0.8870449826989619,0.01935857478691594,500
tobacco,equalize,908,0.040281915395261506,0.001,1000,289,1229,4.252595155709343,0.7440713326444827,0.23633192107295423,2403505688,0.8928927335640139,0.020609257293292636,1501.294,423.5847537994052,0.8898685121107267,0.02104203908458925,500
tobacco,equalize,909,0.00482018568098922,0.001,1000,289,1229,4.252595155709343,0.7597647396679439,0.2422760117261915,2941480489,0.8743944636678201,0.02105446003646311,1474.488,421.4941095968599,0.8685536332179932,0.02220964182727907,500
tobacco,equalize,910,0.05298884152325939,0.001,1000,289,1229,4.252595155709343,0.7351068891635533,0.23529746021409803,4291876569,0.8939861591695502,0.018908912727930733,1513.402,415.43890448864477,0.8921384083044983,0.019705351787855895,500
tobacco,equalize,911,0.002662139729483104,0.001,1000,289,1229,4.252595155709343,0.759488824008041,0.2345513783183765,19538973,0.8726297577854671,0.02175283173370434,1411.726,394.7066272146113,0.868636678200692,0.023300688336562972,500
tobacco,equalize,912,0.03272034998494599,0.001,1000,289,1229,4.252595155709343,0.7481368654291756,0.23703012226150574,2421849875,0.891757785467128,0.01896704182633056,1500.194,407.88111794584637,0.8898339100346021,0.01933454297154961,500
tobacco,equalize,913,0.06251639014064765,0.001,1000,289,1229,4.252595155709343,0.7245263682460491,0.23811105549240158,556244354,0.9006159169550173,0.01888280553151249,1528.932,449.5720113204618,0.8993010380622838,0.01980530412986028,500
tobacco,equalize,914,0.07432233630177892,0.001,1000,289,1229,4.252595155709343,0.7263958376151878,0.2359549330445712,1902945814,0.9021107266435986,0.020900016533514875,1527.84,409.880434200855,0.89321107266436,0.02278005791572225,500
tobacco,equalize,915,0.014706560480767274,0.001,1000,289,1229,4.252595155709343,0.7544547709477702,0.23436954885382896,546110065,0.8774602076124568,0.02031691628476124,1453.052,407.96802953447775,0.8741660899653979,0.021994744762278515,500
tobacco,equalize,916,0.05823769780640812,0.001,1000,289,1229,4.252595155709343,0.7394314448126449,0.23685274358493832,1144343483,0.9124359861591697,0.01609037883996293,1542.984,434.32140853961084,0.9153079584775087,0.015570904977940734,500
tobacco,equalize,917,0.09987193900167252,0.001,1000,289,1229,4.252595155709343,0.7306359292867579,0.2367460986440993,4110867582,0.908712802768166,0.01753866531544259,1543.27,446.79552547352813,0.9011141868512111,0.014331369761894266,500
tobacco,equalize,918,0.09957703239189564,0.001,1000,289,1229,4.252595155709343,0.725725756726852,0.2351551649194581,666933070,0.9039723183391003,0.019621179076435392,1509.338,420.332571539959,0.8919861591695502,0.01936355675064903,500
tobacco,equalize,919,0.08791662090220714,0.001,1000,289,1229,4.252595155709343,0.7306246674230885,0.23869852814097614,234666087,0.8907750865051903,0.021267528855811672,1482.306,446.7262708708458,0.886961937716263,0.022787119146773598,500
tobacco,equalize,920,0.034623183040791504,0.001,1000,289,1229,4.252595155709343,0.7486718039534772,0.23586846958959196,1438444379,0.8784083044982699,0.022911719222868117,1484.672,423.8047207129686,0.8734186851211073,0.023154149212928965,500
tobacco,equalize,921,0.047903291654080304,0.001,1000,289,1229,4.252595155709343,0.7439192974849442,0.23474638031243797,2143566346,0.8922975778546713,0.01863511579445522,1507.492,416.5257222436341,0.8857370242214533,0.018601412722603003,500
tobacco,equalize,922,0.02204050729065206,0.001,1000,289,1229,4.252595155709343,0.7508228199143534,0.23536695566739493,601456417,0.8781937716262975,0.02218514230933053,1461.056,404.09803179749014,0.8737231833910034,0.023768461196977196,500
tobacco,equalize,923,0.07786984545898588,0.001,1000,289,1229,4.252595155709343,0.7272123227312273,0.23431882207235982,874218637,0.9140484429065744,0.016026890773744796,1593.984,406.76471677571465,0.916235294117647,0.01539084811151189,500
tobacco,equalize,924,0.08118351663164586,0.001,1000,289,1229,4.252595155709343,0.7351969840729092,0.23500164789732875,314647858,0.909349480968858,0.015477153040765381,1532.912,426.3310739615992,0.911044982698962,0.014906972662984347,500
tobacco,equalize,925,0.01591256210692257,0.001,1000,289,1229,4.252595155709343,0.7550291259949152,0.23524155616762665,2754383343,0.885280276816609,0.019911235180355907,1502.16,404.0534181633152,0.8778131487889274,0.01984858601765015,500
tobacco,equalize,926,0.06857847017291545,0.001,1000,289,1229,4.252595155709343,0.7387501020606395,0.23571301039531095,2635942330,0.9047474048442906,0.017970160515174707,1506.67,426.2803290534009,0.904567474048443,0.017627203364799632,500
tobacco,equalize,927,0.020685915147797898,0.001,1000,289,1229,4.252595155709343,0.7543984616294228,0.23454876180411688,1110515161,0.8806643598615918,0.02045205974231176,1481.668,430.55890155868656,0.8760761245674741,0.021888496319170135,500
tobacco,equalize,928,0.053760966859240006,0.001,1000,289,1229,4.252595155709343,0.7417401268648942,0.23398315303250566,3899091809,0.8978269896193771,0.018028814335915962,1522.784,426.58197536630036,0.8975294117647059,0.01795940479485793,500
tobacco,equalize,929,0.008473125852976594,0.001,1000,289,1229,4.252595155709343,0.7601926904873854,0.2374067848665037,3062771381,0.8835847750865051,0.020239609267404386,1470.174,422.5050209280584,0.8750865051903114,0.020119736893796036,500
tobacco,equalize,930,0.0467216060189279,0.001,1000,289,1229,4.252595155709343,0.7389077681520126,0.23525210182537823,400142570,0.8926574394463668,0.018703037641089396,1515.162,453.8290839411482,0.8895432525951558,0.019855010042165687,500
tobacco,equalize,931,0.08721576924416727,0.001,1000,289,1229,4.252595155709343,0.7300503123759435,0.2332520908925115,1036743497,0.9129688581314879,0.020511524195759905,1536.982,422.1843019887064,0.9093287197231834,0.024305604223509338,500
tobacco,equalize,932,0.006725853223644974,0.001,1000,289,1229,4.252595155709343,0.7600125006686732,0.23521389410597113,2244583992,0.8753771626297577,0.020835006374068224,1488.094,418.85551811347557,0.8706159169550173,0.021595754343287168,500
tobacco,equalize,933,0.012071885234433134,0.001,1000,289,1229,4.252595155709343,0.7557160996787553,0.2348388388898216,1828617080,0.8820622837370242,0.01932373957812215,1486.104,388.5241604205082,0.8791833910034602,0.019867401389045847,500
tobacco,equalize,934,0.007018502117199699,0.001,1000,289,1229,4.252595155709343,0.7582218643452212,0.23674416938750167,2873855511,0.8758200692041522,0.021492490476416538,1461.732,423.9248479736226,0.8711003460207613,0.02225514253756304,500
tobacco,equalize,935,0.09467411881554776,0.001,1000,289,1229,4.252595155709343,0.7386994236741267,0.2414094601436201,828567840,0.9045743944636677,0.018062952178985844,1516.47,452.7039416855517,0.904,0.01836937817187255,500
tobacco,equalize,936,0.08682440394664848,0.001,1000,289,1229,4.252595155709343,0.7243855949501803,0.23676868725164735,2386735157,0.9093287197231834,0.0169989732129918,1495.474,413.7882486894801,0.9047543252595156,0.01586094655195463,500
tobacco,equalize,937,0.0722809912298756,0.001,1000,289,1229,4.252595155709343,0.7394764922673228,0.23560577861843393,4100787252,0.9016747404844291,0.01905427696734386,1527.264,419.2507611268117,0.889757785467128,0.015465367907023632,500
tobacco,equalize,938,0.09577032048959842,0.001,1000,289,1229,4.252595155709343,0.73575444632455,0.23576689258985073,975894078,0.9012871972318339,0.017578683489755862,1553.592,438.7409997546749,0.9001176470588236,0.01815309806653427,500
tobacco,equalize,939,0.014137107017961526,0.001,1000,289,1229,4.252595155709343,0.7547250556758385,0.23641761695500524,3570329118,0.8777231833910034,0.02105268101612749,1457.882,404.8493919178742,0.8742698961937716,0.021866479129993927,500
tobacco,equalize,940,0.04963501557571777,0.001,1000,289,1229,4.252595155709343,0.7435307631883463,0.23665919976367716,4207653135,0.893273356401384,0.020254541062405203,1491.996,454.27659684037627,0.8771833910034602,0.01936870467241464,500
tobacco,equalize,941,0.0039988419931555556,0.001,1000,289,1229,4.252595155709343,0.759122813438782,0.23513594660813875,320204118,0.873038062283737,0.021940430528109917,1408.904,386.50158827549336,0.8623944636678201,0.022642509245941717,500
tobacco,equalize,942,0.04915835878778914,0.001,1000,289,1229,4.252595155709343,0.741312176045453,0.2346024446144841,1080944408,0.8820899653979238,0.021306016476505065,1500.992,428.95644907893944,0.8771557093425605,0.023243799953699802,500
tobacco,equalize,943,0.019482933199642474,0.001,1000,289,1229,4.252595155709343,0.7509129148237096,0.23440459526285223,2534574833,0.8912179930795847,0.018120723055770598,1477.178,396.70283663870424,0.8900346020761245,0.018205745457322058,500
tobacco,equalize,944,0.08841805928309718,0.001,1000,289,1229,4.252595155709343,0.7277022138008509,0.2338192551123364,647545465,0.9122768166089966,0.017687162757465024,1587.774,441.9100631710753,0.9124982698961938,0.017842810252836544,500
tobacco,equalize,945,0.07064310975877607,0.001,1000,289,1229,4.252595155709343,0.726964561730498,0.23477778477033392,3553260132,0.907439446366782,0.018065470569619463,1502.362,416.34393414459396,0.9076401384083046,0.018860052950017935,500
tobacco,equalize,946,0.08462623476976211,0.001,1000,289,1229,4.252595155709343,0.7245207373142144,0.23479305034442172,2516428963,0.9108512110726643,0.015951071310117457,1568.098,444.0436170735117,0.9043321799307958,0.014921998627697605,500
tobacco,equalize,947,0.054651965613020805,0.001,1000,289,1229,4.252595155709343,0.738693792742292,0.23466958079433664,3491745398,0.8990449826989619,0.01776733404082838,1448.58,404.2057597219326,0.899993079584775,0.01766554600198329,500
tobacco,equalize,948,0.09649236215416852,0.001,1000,289,1229,4.252595155709343,0.7171554784743553,0.2347148169237867,1858093112,0.9158200692041523,0.01724074898144444,1548.282,438.34033692777575,0.9132871972318339,0.017961874919541,500
tobacco,equalize,949,0.047788152588083346,0.001,1000,289,1229,4.252595155709343,0.7385699122419274,0.23614389490026413,3960984778,0.8990588235294117,0.020834624031899025,1502.716,408.6617331832485,0.8910657439446367,0.019606248323091463,500
tobacco,equalize,950,0.008894526895342147,0.001,1000,289,1229,4.252595155709343,0.7597253231451006,0.23687913574486688,491672951,0.8851418685121107,0.019428817346184665,1482.102,423.26573137298686,0.8827543252595156,0.019937806909094566,500
tobacco,equalize,951,0.04263372810974199,0.001,1000,289,1229,4.252595155709343,0.7454114944211543,0.23599981839777667,1369097682,0.8960346020761245,0.017445322732591098,1540.558,475.10204223626965,0.8970380622837371,0.01733791134819469,500
tobacco,equalize,952,0.055682971295546224,0.001,1000,289,1229,4.252595155709343,0.7391048507662291,0.23884216283028745,244391811,0.8993702422145329,0.01836964332833554,1539.596,453.91615584496884,0.8986159169550173,0.01869164333221459,500
tobacco,equalize,953,0.018800444050574086,0.001,1000,289,1229,4.252595155709343,0.7560764793161796,0.23627622692545586,2849372503,0.8820968858131488,0.02182293335921897,1506.352,445.0997682580916,0.8718269896193772,0.021425620578526483,500
tobacco,equalize,954,0.09139138105287517,0.001,1000,289,1229,4.252595155709343,0.7292901365782517,0.2402710763387145,1673175953,0.9188719723183391,0.015081535543936042,1580.434,430.7968680562268,0.9197370242214533,0.015492178900247665,500
tobacco,equalize,955,0.017280160649847876,0.001,1000,289,1229,4.252595155709343,0.7527429676700048,0.23293955900486918,3202808098,0.8743321799307958,0.023901069581842457,1458.7,414.1233273561404,0.8625813148788928,0.023640476505000226,500
tobacco,equalize,956,0.03932109151889257,0.001,1000,289,1229,4.252595155709343,0.7421511848888314,0.24123197135188526,551361527,0.8920692041522491,0.019119705975275847,1479.236,403.9095420267768,0.8894671280276816,0.0204845921144707,500
tobacco,equalize,957,0.0046330763490368574,0.001,1000,289,1229,4.252595155709343,0.7609472353532425,0.23466538592591463,993788590,0.8759446366782007,0.020665707186630182,1475.96,418.8256154921579,0.8717301038062284,0.022326348373626122,500
tobacco,equalize,958,0.031061472063818697,0.001,1000,289,1229,4.252595155709343,0.7483395789752267,0.23521382366634483,4113576471,0.8948650519031142,0.019602230186855932,1491.602,420.9907624165644,0.8805743944636678,0.018090125877867094,500
tobacco,equalize,959,0.05166092190811331,0.001,1000,289,1229,4.252595155709343,0.7436095962340328,0.2349027953697964,620232463,0.8956193771626298,0.020368766413675,1508.694,425.4328461427896,0.8836193771626298,0.021888671709677232,500
tobacco,equalize,960,0.001544429648394674,0.001,1000,289,1229,4.252595155709343,0.7605755938521486,0.23425178852911388,736900508,0.8726782006920415,0.021530115704480695,1455.084,422.52269026832545,0.8677231833910034,0.022968100259638895,500
tobacco,equalize,961,0.09591378244410924,0.001,1000,289,1229,4.252595155709343,0.7135066346454343,0.2364192602367793,4180879169,0.9216055363321799,0.01573043947018395,1585.226,411.0514194877884,0.9235294117647058,0.015871787938940316,500
tobacco,equalize,962,0.0808521546973884,0.001,1000,289,1229,4.252595155709343,0.7329389804071726,0.23531798994466693,2183445290,0.8997301038062284,0.017657775156680287,1496.828,418.30479823263903,0.8942145328719723,0.017070256976139807,500
tobacco,equalize,963,0.017859876188501357,0.001,1000,289,1229,4.252595155709343,0.7527598604655091,0.23498249275544292,332974233,0.884325259515571,0.019995055652390674,1480.038,423.7178426457315,0.8749204152249136,0.020339192883933634,500
tobacco,equalize,964,0.08721807812671388,0.001,1000,289,1229,4.252595155709343,0.72944217173779,0.2337978841392916,4095786176,0.9169273356401384,0.015409233123182353,1571.476,451.74471995587965,0.9208442906574394,0.014973576640785328,500
tobacco,equalize,965,0.0688607168350695,0.001,1000,289,1229,4.252595155709343,0.7376239156936886,0.23619515057542495,1485139301,0.904871972318339,0.01753793338455915,1587.082,464.23051949053604,0.9031487889273356,0.018423973221523827,500
tobacco,equalize,966,0.02126792445054533,0.001,1000,289,1229,4.252595155709343,0.7551079590406018,0.2353929032671017,158531672,0.8870034602076124,0.019276721725082113,1472.878,400.96894056597074,0.8841799307958478,0.020299965559562632,500
tobacco,equalize,967,0.0683229258258535,0.001,1000,289,1229,4.252595155709343,0.736165504348487,0.23531716182049517,1067657877,0.9105743944636677,0.016372465446904752,1561.078,444.75408971321804,0.9077577854671279,0.015028124845789118,500
tobacco,equalize,968,0.07888899681800443,0.001,1000,289,1229,4.252595155709343,0.737500035193324,0.23548794855115318,2592728703,0.9087889273356401,0.016292670189814836,1521.476,436.7909868075492,0.9104013840830449,0.015727808061288186,500
tobacco,equalize,969,0.08089688915117815,0.001,1000,289,1229,4.252595155709343,0.7261311838189543,0.23598638418597054,1306629538,0.9027543252595156,0.017545883117497236,1505.778,437.0652637828946,0.895349480968858,0.017294957013556905,500
tobacco,equalize,970,0.015257965639202743,0.001,1000,289,1229,4.252595155709343,0.7590833969159386,0.2345113393995155,2763170004,0.8688719723183391,0.021709573044136246,1440.792,412.36609988779804,0.8579238754325259,0.021601882050941778,500
tobacco,equalize,971,0.047912107288868744,0.001,1000,289,1229,4.252595155709343,0.740276084587858,0.23781313688711242,3126693619,0.9005121107266436,0.018824830564753117,1527.324,450.2113543116191,0.8970726643598617,0.019740348614481918,500
tobacco,equalize,972,0.05522413957939342,0.001,1000,289,1229,4.252595155709343,0.7365427767814157,0.23508849764843115,3525886618,0.8880553633217992,0.02036925291486433,1500.728,437.46946531405405,0.8794325259515571,0.02039384790024118,500
tobacco,equalize,973,0.09093449701392035,0.001,1000,289,1229,4.252595155709343,0.7238844420168872,0.23436228261889072,3661435331,0.898719723183391,0.019147910002356616,1487.462,408.26142033097057,0.895522491349481,0.020081049912616857,500
tobacco,equalize,974,0.04568627800369501,0.001,1000,289,1229,4.252595155709343,0.7385417575827535,0.23514931299323702,3697232132,0.8965051903114187,0.020119707079689304,1523.87,421.97481748699926,0.8843321799307958,0.021002776421265332,500
tobacco,equalize,975,0.042045212400882805,0.001,1000,289,1229,4.252595155709343,0.7431309670280787,0.23649996090683845,3055048972,0.8873010380622838,0.020623577091478232,1506.342,415.2374275984251,0.8764429065743944,0.020589121290054198,500
tobacco,equalize,976,0.026728713216114964,0.001,1000,289,1229,4.252595155709343,0.7458112905814219,0.23568974133892068,2708485734,0.8783044982698962,0.022218618755164992,1465.088,411.48378104139226,0.8672664359861592,0.022692319274913986,500
tobacco,equalize,977,0.025922210975968165,0.001,1000,289,1229,4.252595155709343,0.7513971749614985,0.23472597901660075,1678291742,0.8854256055363322,0.020989817342829533,1484.514,431.41997193961333,0.8811903114186852,0.022442651159085555,500
tobacco,equalize,978,0.025386579091333485,0.001,1000,289,1229,4.252595155709343,0.7505469042544506,0.23513908558780447,2906555445,0.8878062283737024,0.018932141426787973,1488.55,460.3465318200167,0.8799515570934257,0.018518301618041074,500
tobacco,equalize,979,0.07938790581636894,0.001,1000,289,1229,4.252595155709343,0.7324772439967228,0.2348957223068817,2852634185,0.8955570934256055,0.021602366327892992,1530.652,423.0426042208655,0.8921107266435986,0.024012923369209335,500
tobacco,equalize,980,0.036905250612660236,0.001,1000,289,1229,4.252595155709343,0.7387669948561438,0.23334404784270396,1315313728,0.8927820069204152,0.019256839566254312,1514.798,411.89799843922106,0.8886574394463668,0.02133530250606623,500
tobacco,equalize,981,0.09690580295152405,0.001,1000,289,1229,4.252595155709343,0.7177242025896655,0.2343489134641949,3609831451,0.9008650519031142,0.019304656581344892,1549.36,431.5183966568591,0.8875640138408304,0.017262149886146883,500
tobacco,equalize,982,0.023976789553767832,0.001,1000,289,1229,4.252595155709343,0.7531202401029334,0.23474267254898434,1831746229,0.8914532871972318,0.019023449562798344,1487.706,426.2544184198504,0.888560553633218,0.020706729569739627,500
tobacco,equalize,983,0.07279304074595537,0.001,1000,289,1229,4.252595155709343,0.7329840278618508,0.23517695882034703,1945886,0.8936470588235293,0.021286885628629033,1519.354,455.22160548924774,0.8813079584775086,0.02102731847165422,500
tobacco,equalize,984,0.040377049187253926,0.001,1000,289,1229,4.252595155709343,0.742686123413133,0.2359289826513061,2478419197,0.8873148788927335,0.020833250075772785,1493.274,442.58548863864354,0.8834809688581315,0.02211650125807999,500
tobacco,equalize,985,0.08803240447626577,0.001,1000,289,1229,4.252595155709343,0.721868568420045,0.23505851331793168,2946433783,0.9155778546712803,0.017408048448199008,1534.142,398.9892463129134,0.9033010380622838,0.014673503985440633,500
tobacco,equalize,986,0.08924937009380796,0.001,1000,289,1229,4.252595155709343,0.7224316616035205,0.2353524375769416,3784172020,0.9159377162629757,0.016350431286667633,1542.75,433.03889995906326,0.9161384083044983,0.016441433778626814,500
tobacco,equalize,987,0.09764465658901404,0.001,1000,289,1229,4.252595155709343,0.7286876268719329,0.23573713271283592,1525093046,0.9068373702422146,0.016678304562110155,1525.144,441.64839167343894,0.9028373702422146,0.016762746081237793,500
tobacco,equalize,988,0.08696938329134143,0.001,1000,289,1229,4.252595155709343,0.7274037744136088,0.2391319665029548,2206198520,0.9197439446366782,0.018269147853652898,1570.858,439.5348764902539,0.9178339100346021,0.018825782664198657,500
tobacco,equalize,989,0.019916664357468885,0.001,1000,289,1229,4.252595155709343,0.7508509745735273,0.23660181415290066,991938076,0.8786851211072665,0.02059310182865075,1493.012,415.2434878048406,0.8748927335640139,0.021684823899746217,500
tobacco,equalize,990,0.05401479421672437,0.001,1000,289,1229,4.252595155709343,0.7363907416218772,0.23505304282561326,2543184183,0.9153217993079585,0.016937756299740647,1516.152,425.6590656574257,0.9164359861591695,0.016816301944791712,500
tobacco,equalize,991,0.006059605997267792,0.001,1000,289,1229,4.252595155709343,0.7603053091240803,0.2340919946221159,3182832513,0.875280276816609,0.021068149247491393,1464.066,415.87971520505545,0.8698823529411764,0.021839051404001844,500
tobacco,equalize,992,0.07162702401091174,0.001,1000,289,1229,4.252595155709343,0.7283047235071697,0.23641546951784162,1229696640,0.8979723183391003,0.020332027328775606,1493.476,418.07785831735976,0.8885813148788927,0.02019532268854417,500
tobacco,equalize,993,0.09138943190477376,0.001,1000,289,1229,4.252595155709343,0.7178874996128735,0.2357553580923592,21873564,0.9216124567474049,0.016201063132534183,1547.6,469.6044171611193,0.9218615916955017,0.01675475557771155,500
tobacco,equalize,994,0.07357844787417843,0.001,1000,289,1229,4.252595155709343,0.7313341648342676,0.23500377059446564,1639531574,0.9001314878892733,0.018781591206267743,1497.644,410.11409193150337,0.8891349480968859,0.018712299143641815,500
tobacco,equalize,995,0.06678620970192321,0.001,1000,289,1229,4.252595155709343,0.7330178134528592,0.23438880704454185,3057239635,0.8967889273356401,0.019210873267694856,1492.43,399.28455192608425,0.8820346020761245,0.018111908875226176,500
tobacco,equalize,996,0.053306921503636,0.001,1000,289,1229,4.252595155709343,0.7394821231991576,0.23441243271215428,3729368331,0.8948581314878893,0.018358448566566613,1542.264,419.3916558851071,0.8883529411764706,0.01675760802770294,500
tobacco,equalize,997,0.0945526740916204,0.001,1000,289,1229,4.252595155709343,0.7244644279958669,0.2355653616316779,604735847,0.9272179930795847,0.014209016838194918,1608.442,433.22976200785047,0.929681660899654,0.01347111274852265,500
tobacco,equalize,998,0.09888401930485805,0.001,1000,289,1229,4.252595155709343,0.7114963919804269,0.23462830684432948,3643491357,0.9095709342560554,0.017858600006751754,1517.816,424.7547236871994,0.9083114186851211,0.0187761736942668,500
tobacco,equalize,999,0.04460028707613818,0.001,1000,289,1229,4.252595155709343,0.7390541723797163,0.23646106604061684,3438506058,0.8977577854671279,0.017890699656234705,1533.422,429.98629320093625,0.8967335640138409,0.018538794644347784,500
ego,equalize,0,0.005741959481792991,0.001,1000,503,2933,5.831013916500994,0.9188496704735786,0.5931543479123499,3982466393,0.9974155069582505,0.0026654955612940836,1667.922,631.9489178609069,0.0,0.0,500
ego,equalize,1,0.05314436436460224,0.001,1000,503,2933,5.831013916500994,0.9078403767643034,0.5939037478113135,1154238087,0.9955029821073558,0.0032391935872976116,1743.936,634.811618897271,0.5588707753479125,0.49511327819552686,500
ego,equalize,2,0.0929248913138006,0.001,1000,503,2933,5.831013916500994,0.9009604154818786,0.5940906284452471,3593136189,0.9972485089463221,0.0028704844378616757,1671.736,604.4376859001035,0.0,0.0,500
ego,equalize,3,0.03659294341846627,0.001,1000,503,2933,5.831013916500994,0.9129417155437644,0.5893385563744507,1907999395,0.9946401590457257,0.003619280021516093,1725.928,640.8904242440947,0.4965487077534791,0.49892339542150604,500
ego,equalize,4,0.08863903582231891,0.001,1000,503,2933,5.831013916500994,0.9021344147864263,0.5927316502574917,3671128606,0.9945367793240557,0.003564654932227113,1766.38,609.5389989019283,0.006898608349900597,0.005125367570367006,500
ego,equalize,5,0.012090970325266438,0.001,1000,503,2933,5.831013916500994,0.9173950500881516,0.5933470472237348,4223360688,0.9955626242544732,0.003234801352207534,1686.43,633.6406221005342,0.5,0.5005007512521913,500
ego,equalize,6,0.02602863003394299,0.001,1000,503,2933,5.831013916500994,0.9141984099494408,0.5937630492965444,1583879707,0.9954870775347912,0.042391094774300433,1749.272,645.2684066722146,0.0,0.0,500
ego,equalize,7,0.06234037629743844,0.001,1000,503,2933,5.831013916500994,0.9106154074529976,0.587566686491439,2752605305,0.9945526838966202,0.0033397496431857143,1714.978,619.870166698742,0.7644254473161034,0.42292739624962944,500
ego,equalize,8,0.06436459176428816,0.001,1000,503,2933,5.831013916500994,0.9084775357402127,0.5914700617926656,642180976,0.9947673956262425,0.0036611614393534052,1701.918,634.9226636793708,0.5445049701789264,0.49697840456368,500
ego,equalize,9,0.06503391202165547,0.001,1000,503,2933,5.831013916500994,0.9066907792928756,0.5931372874038644,901856688,0.9955029821073558,0.003524914969032043,1688.994,601.4621679232084,0.488,0.5003565862730835,500
ego,equalize,10,0.08824926995919583,0.001,1000,503,2933,5.831013916500994,0.9037842498368127,0.5765236117861048,984764301,0.9956978131212724,0.0034840898931536184,1746.844,633.7707332692933,0.51,0.5004006410899232,500
ego,equalize,11,0.049659802451023166,0.001,1000,503,2933,5.831013916500994,0.9123357366879528,0.5894329060440571,3064589385,0.9963618290258449,0.003318753885118487,1761.944,654.4215767104022,0.00403976143141153,0.0039796157698242865,500
ego,equalize,12,0.02174706217204646,0.001,1000,503,2933,5.831013916500994,0.9161708914599684,0.5937646921113078,337238994,0.9947236580516898,0.0035900001752293418,1683.118,616.4426227072399,0.4806640159045726,0.4986594838721963,500
ego,equalize,13,0.08091381906183424,0.001,1000,503,2933,5.831013916500994,0.9025058649128075,0.5919720648656033,3520528842,0.9974314115308152,0.002871996168800031,1763.036,631.0095409623941,0.0,0.0,500
ego,equalize,14,0.08514953059285861,0.001,1000,503,2933,5.831013916500994,0.9016314658926766,0.5927452403709403,667664036,0.9955666003976142,0.003440622036462208,1734.962,610.9241041882012,0.494,0.5004647139007101,500
ego,equalize,15,0.06360080684213033,0.001,1000,503,2933,5.831013916500994,0.9064969202853117,0.5936935018219537,1191210601,0.9963618290258449,0.0029711974949342156,1778.658,636.936172950497,0.494,0.50046471390071,500
ego,equalize,16,0.029512595217363536,0.001,1000,503,2933,5.831013916500994,0.9135788745196737,0.592856722311666,4096654802,0.9975626242544732,0.0024004181299911854,1661.46,582.6813705269101,0.0,0.0,500
ego,equalize,17,0.015233842724215952,0.001,1000,503,2933,5.831013916500994,0.9164881152905275,0.5920753380662737,3379451955,0.9954075546719682,0.003828944626945281,1694.348,609.2574761465638,0.55,0.4979919597583558,500
ego,equalize,18,0.016950734406256895,0.001,1000,503,2933,5.831013916500994,0.9174885904484447,0.5982265836279647,2696043447,0.9954075546719682,0.0036008037254747823,1734.252,634.2589292036407,0.5,0.5005007512521916,500
ego,equalize,19,0.07819106972291762,0.001,1000,503,2933,5.831013916500994,0.9033287489519074,0.5930254561861785,2097981060,0.9974632206759443,0.002785962588467456,1773.022,609.503721965814,0.0,0.0,500
ego,equalize,20,0.03633801397455335,0.001,1000,503,2933,5.831013916500994,0.9131640433566348,0.5940504675586274,3003487216,0.9956500994035785,0.0035602971291154714,1744.502,630.9307959948297,0.524,0.49992384189533395,500
ego,equalize,21,0.032030694766998415,0.001,1000,503,2933,5.831013916500994,0.9139001653224194,0.5923521521948015,4050502385,0.9956660039761431,0.003887300948989616,1703.442,604.6574434204607,0.538,0.49905321180855333,500
ego,equalize,22,0.024816578183144523,0.001,1000,503,2933,5.831013916500994,0.9137645995828642,0.590923118639494,293325057,0.9963260437375745,0.003358961623624288,1702.058,623.0356984950369,0.484,0.5002444292323064,500
ego,equalize,23,0.01795274485708288,0.001,1000,503,2933,5.831013916500994,0.9169544614345972,0.5932780577976732,1613431668,0.9958489065606361,0.0034123951556245644,1757.616,684.9236200296709,0.534,0.49934225273928246,500
ego,equalize,24,0.06470856915871669,0.001,1000,503,2933,5.831013916500994,0.9091390965492419,0.5859786374481035,1668677670,0.9963856858846918,0.003268114271750329,1743.808,601.1704108335034,0.003172962226640159,0.0029789741984035125,500
ego,equalize,25,0.055275451473746434,0.001,1000,503,2933,5.831013916500994,0.9098508166819065,0.5926214709337875,2262882973,0.9959642147117296,0.003187270291023723,1752.902,630.5332320420697,0.584,0.4933871316962442,500
ego,equalize,26,0.06819496912592769,0.001,1000,503,2933,5.831013916500994,0.9054123943688703,0.5934243426361178,2502796383,0.9957017892644134,0.0036040226518028596,1798.53,660.2296444926824,0.534,0.4993422527392827,500
ego,equalize,27,0.08341709052252566,0.001,1000,503,2933,5.831013916500994,0.9030521948432148,0.593479730908882,460257376,0.9966083499005964,0.0030698378696935305,1704.846,601.714606120241,0.0031848906560636185,0.0029781844099758385,500
ego,equalize,28,0.03686877966266965,0.001,1000,503,2933,5.831013916500994,0.9123248914287884,0.5926116270664663,777127238,0.99589662027833,0.003161572608621659,1702.026,649.0237321807793,0.534,0.49934225273928246,500
ego,equalize,29,0.07992022835990573,0.001,1000,503,2933,5.831013916500994,0.9027512389014024,0.5929456282598231,187811270,0.9975745526838966,0.003108322389147328,1756.958,621.2992239552327,0.0,0.0,500
ego,equalize,30,0.005409975096485831,0.001,1000,503,2933,5.831013916500994,0.9192523007200574,0.5935132610428602,753638962,0.9934910536779324,0.0426827806926545,1736.466,657.7477152814106,0.48,0.5001001903626926,500
ego,equalize,31,0.037639882667440096,0.001,1000,503,2933,5.831013916500994,0.9134541540392829,0.5925948602490824,539601514,0.9954155069582505,0.003950343995669513,1689.334,599.115435499794,0.468,0.49947467393232214,500
ego,equalize,32,0.06697755074662326,0.001,1000,503,2933,5.831013916500994,0.9067355159869287,0.5921019990551137,2706814009,0.9955904572564612,0.003314799239235453,1740.668,621.2876261481548,0.7390497017892644,0.43851044908016656,500
ego,equalize,33,0.007151321530188881,0.001,1000,503,2933,5.831013916500994,0.9180674561563452,0.5926673890840918,335561399,0.9959005964214712,0.003594339595473212,1672.638,616.3170453238441,0.568,0.49585051726396523,500
ego,equalize,34,0.08096396658311605,0.001,1000,503,2933,5.831013916500994,0.9010173530924918,0.5926777098246913,632900245,0.9945407554671969,0.0036832204730201275,1756.224,585.6462249734489,0.7285606361829026,0.44353009755597717,500
ego,equalize,35,0.09271324044259861,0.001,1000,503,2933,5.831013916500994,0.9029044281870997,0.5918039224226201,3712221522,0.9965407554671969,0.002859325974669387,1764.09,609.9352226685251,0.486,0.5003045164881453,500
ego,equalize,36,0.04619645287355515,0.001,1000,503,2933,5.831013916500994,0.9102914053354608,0.5935600573686538,528970619,0.9957296222664016,0.0035185838068952503,1717.946,612.3656705866406,0.524,0.4999238418953341,500
ego,equalize,37,0.0793045881189029,0.001,1000,503,2933,5.831013916500994,0.9035985247736222,0.5924332888724373,384926066,0.9956779324055666,0.003617167528048712,1754.052,604.6489145907992,0.538,0.49905321180855344,500
ego,equalize,38,0.03838631083644145,0.001,1000,503,2933,5.831013916500994,0.91135830770576,0.5936892444390327,2271729141,0.9960238568588469,0.0032162761524353184,1735.234,657.8405487800509,0.518,0.5001763216160985,500
ego,equalize,39,0.07589936681987383,0.001,1000,503,2933,5.831013916500994,0.906429137415534,0.5820299579666939,1375308033,0.9955745526838966,0.003679691992772607,1716.73,589.7111424783544,0.516,0.5002444292323059,500
ego,equalize,40,0.07573736057166676,0.001,1000,503,2933,5.831013916500994,0.9039279495207412,0.5757097253097333,572758655,0.9945765407554671,0.003520789197790318,1766.348,587.343807656798,0.760441351888668,0.4254159726335567,500
ego,equalize,41,0.06679678707042096,0.001,1000,503,2933,5.831013916500994,0.9036242822641376,0.593420210187134,4193241730,0.9973916500994036,0.002611957011338996,1681.436,584.8181618836218,0.0,0.0,500
ego,equalize,42,0.04733013893900621,0.001,1000,503,2933,5.831013916500994,0.9116443514162214,0.592504655554053,2431441090,0.9956978131212724,0.0034612813252961963,1744.008,627.9557315109681,0.53,0.4995990376259682,500
ego,equalize,43,0.04231038240501424,0.001,1000,503,2933,5.831013916500994,0.9128576647852402,0.5937655107849137,2544640396,0.9937693836978131,0.0038321207368919603,1751.094,661.0617599475332,0.5188866799204771,0.4973094759379201,500
ego,equalize,44,0.06956376997883128,0.001,1000,503,2933,5.831013916500994,0.9055859185155009,0.5938434943502678,2993891000,0.9975188866799205,0.0025966283499635904,1730.64,633.3140989238999,0.0,0.0,500
ego,equalize,45,0.024237725326986526,0.001,1000,503,2933,5.831013916500994,0.914938598887412,0.5934392960778048,909194253,0.9958528827037774,0.0034137574017805952,1687.914,663.610479378288,0.532,0.4994746739323222,500
ego,equalize,46,0.09256526135710745,0.001,1000,503,2933,5.831013916500994,0.9010281983516562,0.592539969365625,3694975400,0.9946560636182902,0.003512139748147355,1754.856,601.3676824064341,0.7266043737574552,0.44458381147284337,500
ego,equalize,47,0.07545880173298863,0.001,1000,503,2933,5.831013916500994,0.9031850492679789,0.5935715916532709,1831061455,0.9958608349900596,0.003298510648207629,1695.336,627.4163766777588,0.504,0.5004847349718867,500
ego,equalize,48,0.07890946971508855,0.001,1000,503,2933,5.831013916500994,0.9012085007852645,0.593168308619431,3681920235,0.9957256461232604,0.0034831781440731423,1740.822,643.3869378683714,0.554,0.49757326929471724,500
ego,equalize,49,0.07407099278770927,0.001,1000,503,2933,5.831013916500994,0.9060346411134286,0.5933097673998459,4176004869,0.9975109343936382,0.0028427234899846268,1767.908,638.1466083302855,0.0,0.0,500
ego,equalize,50,0.02625722605732458,0.001,1000,503,2933,5.831013916500994,0.9134514427244917,0.5933605083707207,869090937,0.995610337972167,0.0034404125378587657,1707.21,673.2386162191957,0.508,0.5004366830554041,500
ego,equalize,51,0.09249754117038876,0.001,1000,503,2933,5.831013916500994,0.9007733347612924,0.5934677429354318,3900570195,0.9937097415506959,0.0037427486207597597,1728.344,599.6420990540238,0.7369145129224651,0.43706131226607203,500
ego,equalize,52,0.08485269547150745,0.001,1000,503,2933,5.831013916500994,0.9052022674725597,0.5937614772294115,2327363201,0.9955785288270378,0.0030271358055608106,1727.936,572.2053843750648,0.5144254473161034,0.49885763506826664,500
ego,equalize,53,0.08123909174875928,0.001,1000,503,2933,5.831013916500994,0.9036568180416309,0.5936478632395139,894555397,0.9929145129224651,0.004196109227987739,1734.586,635.5469443250292,0.8604890656063618,0.34174568423985996,500
ego,equalize,54,0.06552298722834347,0.001,1000,503,2933,5.831013916500994,0.9093180433254547,0.5924550671563396,2403822974,0.9956580516898609,0.0038967357345406966,1679.976,589.1792935124313,0.562,0.4966379955230915,500
ego,equalize,55,0.006347213847187661,0.001,1000,503,2933,5.831013916500994,0.9194353144684569,0.5907015988372984,2490798817,0.9955308151093439,0.003556869395422778,1603.23,625.8804020380496,0.524,0.4999238418953337,500
ego,equalize,56,0.05098991966254915,0.001,1000,503,2933,5.831013916500994,0.9099389344126174,0.5931664003866696,71557576,0.9974671968190856,0.0030590855389119992,1763.866,654.6518388458157,0.0,0.0,500
ego,equalize,57,0.009313123421723834,0.001,1000,503,2933,5.831013916500994,0.9176865164281952,0.5928491487323124,2990268389,0.9937296222664016,0.04208379207503134,1664.394,592.9295283718212,0.524,0.4999238418953338,500
ego,equalize,58,0.09239055772473571,0.001,1000,503,2933,5.831013916500994,0.9008058705387857,0.589729241490694,1016914575,0.9972962226640159,0.0030065097987371113,1693.616,582.5287254513311,0.0,0.0,500
ego,equalize,59,0.03288784534582128,0.001,1000,503,2933,5.831013916500994,0.9135639622883226,0.5924572999368146,521168272,0.9956660039761431,0.0034741272904116956,1704.75,653.730205714657,0.524,0.4999238418953342,500
ego,equalize,60,0.04970486561746871,0.001,1000,503,2933,5.831013916500994,0.9104581511951136,0.5938275590625735,612514825,0.9956023856858847,0.00341401957757736,1731.4,662.3574857112701,0.498,0.5004967472301651,500
ego,equalize,61,0.07464218201851477,0.001,1000,503,2933,5.831013916500994,0.9070418945583234,0.5899080972306261,309320116,0.9962544731610338,0.003388103689300545,1740.688,642.3426833877724,0.508,0.5004366830554042,500
ego,equalize,62,0.09005714349884353,0.001,1000,503,2933,5.831013916500994,0.9049026671881429,0.5936752287716153,1476561109,0.9962982107355866,0.0030591062527406615,1734.87,587.5560137029295,0.0020357852882703776,0.001989489408640491,500
ego,equalize,63,0.06434777334905839,0.001,1000,503,2933,5.831013916500994,0.906242056694948,0.5937981382734128,2620265336,0.9953876739562625,0.00330949270075201,1777.028,612.6277080195333,0.49,0.5004006410899232,500
ego,equalize,64,0.0762824873871154,0.001,1000,503,2933,5.831013916500994,0.9004100185792847,0.5934795185428688,1802411569,0.997455268389662,0.0027985686900508784,1705.92,647.0428660769564,0.0,0.0,500
ego,equalize,65,0.044158196146975685,0.001,1000,503,2933,5.831013916500994,0.9103863013531494,0.5939681971153387,1396564438,0.9955944333996024,0.0033920756159726176,1701.356,606.6396298834176,0.524,0.4999238418953339,500
ego,equalize,66,0.06467338053292274,0.001,1000,503,2933,5.831013916500994,0.9065335230349916,0.5938251588209593,252888128,0.9972047713717694,0.0029498367479695933,1728.446,604.7585608470835,0.0,0.0,500
ego,equalize,67,0.007863277095476118,0.001,1000,503,2933,5.831013916500994,0.917904777268879,0.5940085827755047,2142366056,0.9956381709741551,0.003542291355749379,1702.91,646.1609256087581,0.49,0.5004006410899235,500
ego,equalize,68,0.007470531630498656,0.001,1000,503,2933,5.831013916500994,0.9185405805873929,0.5934369063505683,708863131,0.9952445328031809,0.0035834038294740595,1657.49,649.4912683904462,0.474,0.49982361618333837,500
ego,equalize,69,0.03761787716607942,0.001,1000,503,2933,5.831013916500994,0.9116863767954835,0.5932407122708372,3383601195,0.9956302186878728,0.0032571410436835315,1696.778,619.968220075681,0.492,0.5004366830554041,500
ego,equalize,70,0.007157344974889868,0.001,1000,503,2933,5.831013916500994,0.9181474399426828,0.593572929263948,2483775072,0.995662027833002,0.003533622809461959,1657.892,620.3179160478439,0.524,0.49992384189533395,500
ego,equalize,71,0.09351909453782159,0.001,1000,503,2933,5.831013916500994,0.9038479657344036,0.5939538689310911,3555340141,0.9963021868787276,0.0031190065634078665,1780.338,625.8722808848145,0.002043737574552684,0.001989282371722247,500
ego,equalize,72,0.008945389511901302,0.001,1000,503,2933,5.831013916500994,0.9186571671234103,0.5929795097443752,304581749,0.9953916500994036,0.0034657247795168845,1642.906,570.0225896132,0.492,0.5004366830554041,500
ego,equalize,73,0.04969252094016671,0.001,1000,503,2933,5.831013916500994,0.9107699523960905,0.5929124770339119,3082596809,0.9954075546719682,0.0035676556046368873,1704.79,618.3782120403761,0.506,0.5004647139007102,500
ego,equalize,74,0.06917644168922053,0.001,1000,503,2933,5.831013916500994,0.9071313679464299,0.5941495769720689,3364533807,0.9949065606361829,0.0034297019026806462,1679.314,561.1920959360369,0.5504850894632207,0.496369393153981,500
ego,equalize,75,0.009412864038171721,0.001,1000,503,2933,5.831013916500994,0.9188306912700408,0.5924273634351931,4134402197,0.9937495029821073,0.041122768196363166,1689.046,642.4892877345952,0.52,0.5001001903626929,500
ego,equalize,76,0.0015164977708987172,0.001,1000,503,2933,5.831013916500994,0.9201714364342415,0.5951785616711819,3877195816,0.9955029821073558,0.003569573291076678,1680.412,602.8050282306216,0.474,0.49982361618333837,500
ego,equalize,77,0.0692004032732471,0.001,1000,503,2933,5.831013916500994,0.9042993996471224,0.5937968910217257,177866405,0.9974910536779324,0.002691633090896217,1799.472,610.2045529237042,0.0,0.0,500
ego,equalize,78,0.07668565143553475,0.001,1000,503,2933,5.831013916500994,0.9053812142487726,0.5926981619121303,39340368,0.9944254473161034,0.0039489502292579465,1738.924,619.9837982109595,0.7763339960238568,0.41511909833075533,500
ego,equalize,79,0.0004912800440710962,0.001,1000,503,2933,5.831013916500994,0.9204547688299118,0.6002353120468414,815946395,0.9957693836978131,0.003386391989536107,1662.564,626.7053319145292,0.522,0.5000160318071093,500
ego,equalize,80,0.08887219431876313,0.001,1000,503,2933,5.831013916500994,0.9032718113412942,0.589398400869697,1571295585,0.9959204771371769,0.003251360401493382,1746.334,578.4319852559454,0.506,0.50046471390071,500
ego,equalize,81,0.016223222863224463,0.001,1000,503,2933,5.831013916500994,0.9177665002145329,0.5907421189432617,2947452214,0.9944771371769384,0.0037699560719765637,1700.168,610.4192322118528,0.5005328031809145,0.49891913230190527,500
ego,equalize,82,0.017778974664734926,0.001,1000,503,2933,5.831013916500994,0.9168799002778419,0.5939882909372047,2549381324,0.9957097415506959,0.0033519626260832642,1730.138,652.7922075887373,0.514,0.500304516488145,500
ego,equalize,83,0.05961096240325331,0.001,1000,503,2933,5.831013916500994,0.9082023372889158,0.5938446838906484,2368581658,0.9954711729622266,0.0033256774899393343,1743.946,614.662713678953,0.5154671968190855,0.49785473440367317,500
ego,equalize,84,0.05752169346002495,0.001,1000,503,2933,5.831013916500994,0.9078580003104456,0.5944358126115987,1385640986,0.9956381709741551,0.0037844503591938274,1749.164,616.0749384316221,0.53,0.49959903762596813,500
ego,equalize,85,0.014187911283259148,0.001,1000,503,2933,5.831013916500994,0.9161763140895507,0.5924830200791579,3319074141,0.9956580516898609,0.0033855311359772726,1694.172,632.9537861541025,0.512,0.5003565862730835,500
ego,equalize,86,0.0392197933694422,0.001,1000,503,2933,5.831013916500994,0.911276968262027,0.5912441117262538,1291949752,0.9957733598409543,0.0033002199276798384,1765.292,620.3884705931357,0.502,0.5004967472301655,500
ego,equalize,87,0.042474111620900146,0.001,1000,503,2933,5.831013916500994,0.9099985833380216,0.5934759071052248,3702669107,0.9956023856858847,0.0034440481759161557,1722.226,601.9260027191871,0.516,0.5002444292323064,500
ego,equalize,88,0.09660589995510825,0.001,1000,503,2933,5.831013916500994,0.901337288237842,0.5869752504259624,3166552556,0.997300198807157,0.0030661408424264938,1759.016,613.0230356425907,0.0,0.0,500
ego,equalize,89,0.0542147763019757,0.001,1000,503,2933,5.831013916500994,0.909783033812129,0.5935232942767779,4141662023,0.9954632206759443,0.0035300345500055464,1763.308,642.035116888973,0.494,0.5004647139007098,500
ego,equalize,90,0.08733609048207974,0.001,1000,503,2933,5.831013916500994,0.8997403238258821,0.5941141151466653,3580970422,0.9966600397614315,0.0027268941648157107,1764.578,572.4629801509323,0.52,0.5001001903626929,500
ego,equalize,91,0.06296535830500126,0.001,1000,503,2933,5.831013916500994,0.9079379840967832,0.5947789828292407,3996047941,0.9955904572564612,0.003348085057978538,1716.698,609.4871746214652,0.52,0.5001001903626928,500
ego,equalize,92,0.04147242009299773,0.001,1000,503,2933,5.831013916500994,0.9126272030279964,0.5926091724021849,2700891594,0.9971968190854871,0.0031199587283302463,1747.764,632.9052649906666,0.0,0.0,500
ego,equalize,93,0.028063360904293656,0.001,1000,503,2933,5.831013916500994,0.9148152340644168,0.5933577987539634,4242940248,0.9936063618290258,0.04234305897595449,1744.43,696.9097326418264,0.482,0.5001763216160987,500
ego,equalize,94,0.0657051789067014,0.001,1000,503,2933,5.831013916500994,0.9082945219918132,0.5943471784875851,2252517979,0.9973479125248509,0.002972093077835874,1719.346,579.0141285029338,0.0,0.0,500
ego,equalize,95,0.04262776819300537,0.001,1000,503,2933,5.831013916500994,0.9134026390582519,0.5911942373782257,3709841224,0.9970974155069582,0.0032115936284476494,1718.924,592.5410906529811,0.0,0.0,500
ego,equalize,96,0.02839251806004537,0.001,1000,503,2933,5.831013916500994,0.9139449020164726,0.5947276383359814,3584696651,0.9956302186878728,0.0034782264307140574,1727.292,622.1695110957095,0.504,0.5004847349718868,500
ego,equalize,97,0.06818680595986837,0.001,1000,503,2933,5.831013916500994,0.9062745924724411,0.5774904910105528,799443548,0.9957852882703777,0.003607232118374397,1768.336,583.2383569914896,0.526,0.4998236161833384,500
ego,equalize,98,0.07381482283751015,0.001,1000,503,2933,5.831013916500994,0.9061214031867438,0.5937471919737466,3090024214,0.9957097415506959,0.003556056493668695,1771.22,623.4233014779375,0.548,0.49818910543039663,500
ego,equalize,99,0.05559779642345702,0.001,1000,503,2933,5.831013916500994,0.9098169252470177,0.5939688383140106,3645209679,0.9947236580516898,0.0037686784441250355,1728.282,587.9398140335898,0.510544731610338,0.49889933254135443,500
ego,equalize,100,0.0470341641708092,0.001,1000,503,2933,5.831013916500994,0.9105638924719667,0.5929490881441085,2919232236,0.9956421471172962,0.0033977870334250047,1746.818,649.483840749552,0.512,0.5003565862730835,500
ego,equalize,101,0.05077381774679133,0.001,1000,503,2933,5.831013916500994,0.9095417267957207,0.5930207526205937,495585313,0.9965129224652087,0.0031273022163531617,1736.818,662.3563608613927,0.496,0.5004847349718866,500
ego,equalize,102,0.029833050137986195,0.001,1000,503,2933,5.831013916500994,0.9152029520795446,0.5918587143024088,125539802,0.9962783300198808,0.0035284298668565874,1718.29,617.5332286419521,0.526,0.4998236161833385,500
ego,equalize,103,0.017181267151758464,0.001,1000,503,2933,5.831013916500994,0.9164393116242877,0.589624615388085,2066993632,0.9936341948310139,0.042887451653561,1716.26,655.104936139783,0.53,0.49959903762596813,500
ego,equalize,104,0.033633088824948344,0.001,1000,503,2933,5.831013916500994,0.9138825417762771,0.5912274567301204,300592,0.9954632206759443,0.0037009151430333347,1747.96,640.7826583409238,0.526,0.49982361618333837,500
ego,equalize,105,0.09635572141489701,0.001,1000,503,2933,5.831013916500994,0.8991817929789149,0.5924477790650444,2724450490,0.9962186878727635,0.003169387013705662,1763.256,610.9246568413106,0.518,0.5001763216160985,500
ego,equalize,106,0.096734158138244,0.001,1000,503,2933,5.831013916500994,0.8981758951914154,0.5936193231977757,630421228,0.9935467196819086,0.003867836086923309,1752.418,611.4046110988583,0.5027793240556659,0.4968064172225107,500
ego,equalize,107,0.01201632406807548,0.001,1000,503,2933,5.831013916500994,0.9185473588743706,0.5858796170598723,3415180388,0.9954791252485089,0.003771115648693039,1685.668,648.0205142971165,0.49,0.5004006410899233,500
ego,equalize,108,0.017027437965680115,0.001,1000,503,2933,5.831013916500994,0.9173150663018141,0.5913821499740682,1539584066,0.9975029821073558,0.0028635224090937227,1736.016,646.7302527202257,0.0,0.0,500
ego,equalize,109,0.05350189204420689,0.001,1000,503,2933,5.831013916500994,0.9070608737618612,0.5928211261400701,1438269599,0.9973916500994036,0.002807791486734657,1754.012,630.4240611284591,0.0,0.0,500
ego,equalize,110,0.006632555527037187,0.001,1000,503,2933,5.831013916500994,0.9186964811878813,0.5842950429113726,2107607095,0.9957256461232604,0.003552972458746969,1655.688,616.6804522736495,0.548,0.4981891054303969,500
ego,equalize,111,0.08191549289887821,0.001,1000,503,2933,5.831013916500994,0.9027810633641045,0.5935495714032526,867013085,0.9965248508946322,0.0031418393831908133,1752.694,643.2354810893631,0.002147117296222664,0.001983684206962962,500
ego,equalize,112,0.056068629158747524,0.001,1000,503,2933,5.831013916500994,0.9107604627943217,0.5936380216410776,3845267344,0.9954314115308152,0.003778602299868876,1716.634,586.5539524393681,0.496,0.5004847349718871,500
ego,equalize,113,0.05726229222297935,0.001,1000,503,2933,5.831013916500994,0.9085087158603103,0.5905011901016882,4211358360,0.9973359840954275,0.0029573696630705764,1699.056,595.5215737095568,0.0,0.0,500
ego,equalize,114,0.07220926415911987,0.001,1000,503,2933,5.831013916500994,0.9066514652284046,0.5942633352953434,1247543176,0.997220675944334,0.003301103028561517,1744.308,631.2321865071247,0.0,0.0,500
ego,equalize,115,0.004638283421510692,0.001,1000,503,2933,5.831013916500994,0.919595282041132,0.593755167305037,2044833430,0.9953558648111331,0.003563881588895681,1677.69,636.4251376333457,0.476,0.49992384189533395,500
ego,equalize,116,0.06025603595125184,0.001,1000,503,2933,5.831013916500994,0.9098996203481464,0.5905706412776834,1876474849,0.9971888667992048,0.0031707662313438345,1749.86,592.5774687861716,0.0,0.0,500
ego,equalize,117,0.07066475433368416,0.001,1000,503,2933,5.831013916500994,0.908289099362231,0.5938350608500337,308291064,0.9972445328031808,0.0030552510644318983,1736.692,584.1673597046384,0.0,0.0,500
ego,equalize,118,0.0052957362172602945,0.001,1000,503,2933,5.831013916500994,0.9194868294494878,0.5927237899116533,3412796575,0.9937972166998011,0.041112863715142875,1721.096,687.0802203836789,0.508,0.5004366830554042,500
ego,equalize,119,0.06931329253285183,0.001,1000,503,2933,5.831013916500994,0.9038899911136657,0.5935667437296782,3667643371,0.9955149105367793,0.0034939424790445925,1774.656,626.8150763533754,0.498,0.5004967472301654,500
ego,equalize,120,0.03603502621629674,0.001,1000,503,2933,5.831013916500994,0.9120402033757224,0.5941643832893916,1211613118,0.9953439363817097,0.0036484073872352896,1741.182,665.3704265181686,0.488,0.5003565862730835,500
ego,equalize,121,0.06590988552559318,0.001,1000,503,2933,5.831013916500994,0.9075082407023931,0.591424935876204,3528174350,0.9976381709741551,0.0026793191044045994,1712.392,597.2774925796924,0.0,0.0,500
ego,equalize,122,0.09877860836617862,0.001,1000,503,2933,5.831013916500994,0.8995708666514382,0.5930000628358029,3006085753,0.9955705765407555,0.0031566282841916232,1754.948,613.324151101723,0.5166520874751491,0.4986171103571235,500
ego,equalize,123,0.09289274605027276,0.001,1000,503,2933,5.831013916500994,0.8998487764175263,0.5935716230066953,2175930491,0.9972485089463221,0.0029413529594229603,1740.124,606.2000210781176,0.0,0.0,500
ego,equalize,124,0.04488383277173899,0.001,1000,503,2933,5.831013916500994,0.911569790259466,0.59173765122785,788848120,0.9925168986083499,0.04282827021537992,1728.146,608.9760062896345,0.4485725646123261,0.4963605759361056,500
ego,equalize,125,0.035443807093459005,0.001,1000,503,2933,5.831013916500994,0.9119507299876161,0.5923303165718078,3427953506,0.9955944333996024,0.003486498854792949,1690.14,585.4843227485842,0.522,0.5000160318071093,500
ego,equalize,126,0.0037596565641070502,0.001,1000,503,2933,5.831013916500994,0.9196034159855052,0.593860224754268,1285797594,0.9955347912524851,0.0035895588835861184,1658.37,652.2290906371373,0.532,0.4994746739323221,500
ego,equalize,127,0.02198268966683642,0.001,1000,503,2933,5.831013916500994,0.9161478452842441,0.5935414873935225,3044804236,0.9955904572564612,0.003565754657488665,1701.834,636.3347123773405,0.524,0.49992384189533345,500
ego,equalize,128,0.0432717465957824,0.001,1000,503,2933,5.831013916500994,0.9123980969281481,0.5981205739161956,3615301511,0.9955785288270378,0.0036575077316048036,1655.328,593.8995350490375,0.52,0.5001001903626928,500
ego,equalize,129,0.037751746485544704,0.001,1000,503,2933,5.831013916500994,0.9132643620039056,0.5928762501704218,1671920798,0.9957216699801192,0.00328986666505823,1738.466,633.0727058923737,0.522,0.5000160318071095,500
ego,equalize,130,0.05892714138040683,0.001,1000,503,2933,5.831013916500994,0.9089547271434468,0.5942516861222823,3200948977,0.9956779324055666,0.0033274680310542864,1710.18,584.802595541011,0.532,0.49947467393232226,500
ego,equalize,131,0.023903845765527454,0.001,1000,503,2933,5.831013916500994,0.9153751205687796,0.5931758056272598,1318291366,0.9948190854870774,0.0035324390867919374,1739.512,635.4727382493417,0.5224532803180914,0.49854032642391466,500
ego,equalize,132,0.051135476461764764,0.001,1000,503,2933,5.831013916500994,0.909979604134484,0.5930607036439572,2133513999,0.9950497017892644,0.0035004177752240295,1728.182,599.8289977394045,0.7546202783300199,0.42914057035526204,500
ego,equalize,133,0.0470734695607818,0.001,1000,503,2933,5.831013916500994,0.912422498761268,0.5947527482479639,694750487,0.995300198807157,0.0035328538832442276,1717.766,644.6037723210912,0.49,0.5004006410899234,500
ego,equalize,134,0.007449578366187148,0.001,1000,503,2933,5.831013916500994,0.9193363514785816,0.5880967360899925,1676630034,0.995455268389662,0.003423951189099155,1684.88,628.4525748835433,0.5,0.5005007512521914,500
ego,equalize,135,0.012802108212737818,0.001,1000,503,2933,5.831013916500994,0.917052068767077,0.5922805952421095,4080958471,0.9936739562624255,0.04302388727043214,1693.99,645.1901351702782,0.536,0.4992017676347102,500
ego,equalize,136,0.011567098129746779,0.001,1000,503,2933,5.831013916500994,0.91833723197806,0.5927028680260544,898551719,0.9957932405566601,0.003256987837010176,1720.798,609.3133370289564,0.516,0.5002444292323063,500
ego,equalize,137,0.015541871043987366,0.001,1000,503,2933,5.831013916500994,0.9169571727493884,0.5909367158557854,3357225517,0.9954751491053678,0.003329907045202335,1652.872,617.3196178943891,0.502,0.5004967472301654,500
ego,equalize,138,0.03095973224287282,0.001,1000,503,2933,5.831013916500994,0.9146674674083016,0.5935504298787271,806966516,0.9973916500994036,0.0032497521656783394,1750.212,681.5100578670488,0.0,0.0,500
ego,equalize,139,0.08665135110446158,0.001,1000,503,2933,5.831013916500994,0.903622926606742,0.5940176637439984,473847130,0.9966043737574553,0.0030303472442797857,1757.134,612.6330733883196,0.0019880715705765406,0.0019900626292333667,500
ego,equalize,140,0.036838745834127495,0.001,1000,503,2933,5.831013916500994,0.9116768871937146,0.5936828685783145,1651932384,0.9956739562624255,0.003497658350678664,1708.952,674.2588491724633,0.52,0.5001001903626932,500
ego,equalize,141,0.037897940108651856,0.001,1000,503,2933,5.831013916500994,0.9117107786286034,0.5925463031407633,3570518035,0.9956421471172962,0.0034715819781260785,1726.792,632.8425809001802,0.51,0.5004006410899237,500
ego,equalize,142,0.05535809623206398,0.001,1000,503,2933,5.831013916500994,0.9090943598551887,0.5928577210542529,2035089795,0.9965367793240556,0.002999279896996081,1742.478,628.6836531894043,0.5,0.5005007512521914,500
ego,equalize,143,0.038820443554394984,0.001,1000,503,2933,5.831013916500994,0.9116565523327813,0.5932254272203304,4064800236,0.9956580516898609,0.003514105762319086,1725.432,621.9495863427386,0.532,0.4994746739323221,500
ego,equalize,144,0.06144961104499167,0.001,1000,503,2933,5.831013916500994,0.908512782832497,0.5929708111093482,3540141575,0.994882703777336,0.0032703238749929374,1699.49,602.617551791727,0.7705685884691849,0.41918673168087744,500
ego,equalize,145,0.05848969485053375,0.001,1000,503,2933,5.831013916500994,0.9101517726237189,0.5928165525385786,1719773305,0.9972842942345924,0.0029383219122824183,1772.364,624.6767047641123,0.0,0.0,500
ego,equalize,146,0.0928476239330685,0.001,1000,503,2933,5.831013916500994,0.9010431105830072,0.5923170521399542,4053744810,0.9962544731610338,0.003205510947087452,1726.894,596.784193415863,0.506,0.5004647139007097,500
ego,equalize,147,0.04520920259264382,0.001,1000,503,2933,5.831013916500994,0.9082755427882754,0.5932454241998849,1587233670,0.9957614314115308,0.0037646262554273374,1714.85,614.4126408909349,0.55,0.497991959758356,500
ego,equalize,148,0.05672206806508256,0.001,1000,503,2933,5.831013916500994,0.9068195667454529,0.5931289451323616,2728364900,0.9954831013916501,0.003509522701153485,1679.592,591.1680411200218,0.00403976143141153,0.003979615769824288,500
ego,equalize,149,0.05252479299290678,0.001,1000,503,2933,5.831013916500994,0.9081142195582048,0.593666586273235,1252713321,0.9971888667992048,0.003056287883289392,1714.78,585.0938019789891,0.0,0.0,500
ego,equalize,150,0.08071425212372682,0.001,1000,503,2933,5.831013916500994,0.9039604852982345,0.5933005156467173,3751413897,0.9975149105367793,0.002541910665461025,1680.406,568.5974457158148,0.0,0.0,500
ego,equalize,151,0.05900488985963917,0.001,1000,503,2933,5.831013916500994,0.9065891049882091,0.5931326416056111,1985494732,0.9955984095427435,0.0034721911070487005,1743.812,641.3312562291289,0.48,0.5001001903626928,500
ego,equalize,152,0.07441357571784546,0.001,1000,503,2933,5.831013916500994,0.9039509956964656,0.5932358800727867,631223548,0.9974075546719682,0.002858760812732736,1754.454,612.2570189049668,0.0,0.0,500
ego,equalize,153,0.09789789873920653,0.001,1000,503,2933,5.831013916500994,0.900224293516094,0.5910696842060223,3053635640,0.9954194831013916,0.003927833148682494,1758.79,610.78385680982,0.486,0.5003045164881453,500
ego,equalize,154,0.03705967704526414,0.001,1000,503,2933,5.831013916500994,0.914022174488019,0.5919552834917231,3004427127,0.9954473161033798,0.0035207239560581935,1671.356,602.8477553215179,0.498,0.5004967472301654,500
ego,equalize,155,0.02786582430141147,0.001,1000,503,2933,5.831013916500994,0.9137795118142154,0.5931296086222558,275456750,0.9947554671968191,0.0036689307580664637,1708.68,611.0264513492824,0.5244214711729622,0.49843163334895607,500
ego,equalize,156,0.0755339526979601,0.001,1000,503,2933,5.831013916500994,0.9030250816953038,0.5940593474830248,1394274337,0.9964612326043738,0.002999388170578269,1713.914,615.3125821495146,0.516,0.5002444292323063,500
ego,equalize,157,0.0645874072481668,0.001,1000,503,2933,5.831013916500994,0.9090835145960242,0.5881573483850134,1481827269,0.9974433399602385,0.0031340826563068555,1715.616,610.765366741125,0.0,0.0,500
ego,equalize,158,0.03678955402419062,0.001,1000,503,2933,5.831013916500994,0.9131477754678882,0.592017559936458,2292057762,0.9953280318091452,0.003617044899878072,1755.658,666.9392182783645,0.476,0.49992384189533384,500
ego,equalize,159,0.06010222349313991,0.001,1000,503,2933,5.831013916500994,0.9079162935784543,0.5941603742667905,1105345512,0.9948628230616302,0.0034232224153939094,1731.57,621.8950683612987,0.786493041749503,0.40835444468872983,500
ego,equalize,160,0.02941193516145535,0.001,1000,503,2933,5.831013916500994,0.9131464198104926,0.5952808808820027,1792974745,0.9955705765407555,0.003458369291409946,1685.006,661.7361221474233,0.5,0.5005007512521915,500
ego,equalize,161,0.04992089455204653,0.001,1000,503,2933,5.831013916500994,0.9093356668715968,0.5930105529463584,2777544142,0.9964771371769383,0.0028893735693232545,1770.696,635.8947490329635,0.492,0.500436683055404,500
ego,equalize,162,0.010876850931560622,0.001,1000,503,2933,5.831013916500994,0.9173814935141962,0.593760817255801,3411650411,0.994572564612326,0.003474982151592401,1671.344,615.0551351729415,0.5193598409542743,0.49773787919116824,500
ego,equalize,163,0.028995279443553457,0.001,1000,503,2933,5.831013916500994,0.9149643563779275,0.5933652032904829,3638170844,0.9953876739562625,0.00358741564112304,1716.162,650.8891989075473,0.496,0.5004847349718865,500
ego,equalize,164,0.07244006053482176,0.001,1000,503,2933,5.831013916500994,0.9046844063474591,0.5936951070505073,418868210,0.9964333996023856,0.003301083833228296,1742.282,624.8497586763042,0.534,0.4993422527392824,500
ego,equalize,165,0.049120361111567326,0.001,1000,503,2933,5.831013916500994,0.9097708328955689,0.5931731568538682,621479,0.9960477137176939,0.003267496187750579,1787.77,636.107196808575,0.55,0.4979919597583559,500
ego,equalize,166,0.0042727455373444915,0.001,1000,503,2933,5.831013916500994,0.9196549309665363,0.5923607773483046,3466514659,0.9975228628230616,0.0026887830376660926,1666.51,604.7842009837221,0.0,0.0,500
ego,equalize,167,0.0850976064885654,0.001,1000,503,2933,5.831013916500994,0.8996915201596423,0.5926799664913522,2588768642,0.9974711729622266,0.002909860838794907,1795.878,614.4259121481108,0.0,0.0,500
ego,equalize,168,0.03451460987267692,0.001,1000,503,2933,5.831013916500994,0.912304556567855,0.5926938916494225,557015793,0.9954512922465208,0.003515746271537999,1706.568,622.2059062364417,0.504,0.500484734971887,500
ego,equalize,169,0.06531817868851489,0.001,1000,503,2933,5.831013916500994,0.9067463612460932,0.5930369455492229,1064354272,0.9950178926441351,0.0035942338182882636,1715.794,617.9530171678537,0.5389304174950298,0.4960937685993368,500
ego,equalize,170,0.02853396545960002,0.001,1000,503,2933,5.831013916500994,0.9141672298293431,0.5935662344241858,1678902014,0.9975347912524851,0.002568954265970326,1739.062,641.5373742511987,0.0,0.0,500
ego,equalize,171,0.022357411257717688,0.001,1000,503,2933,5.831013916500994,0.91482336800879,0.5912815503108474,3198947218,0.9962902584493041,0.003395984588388681,1722.644,635.1276971186929,0.528,0.4997153498360075,500
ego,equalize,172,0.021324753974766554,0.001,1000,503,2933,5.831013916500994,0.9150307835903094,0.5919222418980691,2321744700,0.9956660039761431,0.0033059007608700662,1720.332,625.4679512910192,0.524,0.49992384189533384,500
ego,equalize,173,0.09562354139144341,0.001,1000,503,2933,5.831013916500994,0.8998731782506462,0.5931846317074075,3942831515,0.994,0.0036378845640563447,1699.346,574.6504612276741,0.8851888667992048,0.3146890478100947,500
ego,equalize,174,0.09607948603002184,0.001,1000,503,2933,5.831013916500994,0.9015528377637346,0.5824997843435897,3804184436,0.9944214711729622,0.0041210944213255375,1702.916,575.941112679542,0.005041749502982107,0.003499741136624175,500
ego,equalize,175,0.03592385149441566,0.001,1000,503,2933,5.831013916500994,0.9134649992984474,0.5925168661059589,1645908691,0.9958210735586481,0.0031463110446320604,1691.294,644.047807791815,0.51,0.5004006410899234,500
ego,equalize,176,0.011648190875225528,0.001,1000,503,2933,5.831013916500994,0.9178193708529593,0.5936262821606996,1363100227,0.9964015904572565,0.00298502760769197,1678.066,612.6560016818524,0.508,0.5004366830554041,500
ego,equalize,177,0.0048418105101422195,0.001,1000,503,2933,5.831013916500994,0.9186002295127971,0.5927844388916015,250835089,0.9957892644135188,0.003260349432589132,1701.072,665.1977924061716,0.528,0.49971534983600757,500
ego,equalize,178,0.05105046744042886,0.001,1000,503,2933,5.831013916500994,0.9076953214229793,0.5927959714466919,3410918630,0.9964373757455269,0.0030316538587791685,1747.202,581.8199430134515,0.516,0.5002444292323064,500
ego,equalize,179,0.07864152613332827,0.001,1000,503,2933,5.831013916500994,0.9027878416510822,0.5940023816515587,4002988023,0.9974075546719682,0.002797141871412358,1775.6,616.359282830284,0.0,0.0,500
ego,equalize,180,0.0519965173946059,0.001,1000,503,2933,5.831013916500994,0.9085683647857146,0.5907934210930949,2846674781,0.9957335984095428,0.0033185056644058136,1730.022,571.5062486977736,0.532,0.4994746739323221,500
ego,equalize,181,0.06948719778113507,0.001,1000,503,2933,5.831013916500994,0.9059465233827177,0.5930125770189595,1011713069,0.9972882703777336,0.00303607127111639,1733.992,629.8228525444074,0.0,0.0,500
ego,equalize,182,0.08697185843986416,0.001,1000,503,2933,5.831013916500994,0.9040323351401987,0.5932209804413658,2298789072,0.9965487077534791,0.002888200045903483,1742.06,613.352295566711,0.52,0.5001001903626929,500
ego,equalize,183,0.010410376064418116,0.001,1000,503,2933,5.831013916500994,0.9181460842852872,0.5990191147978904,1982414341,0.9957216699801192,0.0035066326584999117,1701.702,599.7177068018783,0.524,0.49992384189533406,500
ego,equalize,184,0.09671670930850808,0.001,1000,503,2933,5.831013916500994,0.9000833051469567,0.5928379277897544,2659375844,0.9954473161033798,0.003438779853397261,1802.734,608.6930801114395,0.7510218687872763,0.4317228323596489,500
ego,equalize,185,0.04273129702733829,0.001,1000,503,2933,5.831013916500994,0.9120578269218647,0.5934916009501813,1423545301,0.9957017892644134,0.003564243836691357,1734.974,629.8509424804308,0.522,0.5000160318071094,500
ego,equalize,186,0.06012452534433147,0.001,1000,503,2933,5.831013916500994,0.9083175681675375,0.5912802791959878,939921045,0.9955785288270378,0.003516178805759382,1780.34,604.9686160892201,0.504,0.5004847349718866,500
ego,equalize,187,0.0440598046137496,0.001,1000,503,2933,5.831013916500994,0.9124265657334548,0.5943462709723346,1533755021,0.9954234592445328,0.0031331929281155956,1683.276,638.6356102735101,0.548389662027833,0.496786307636574,500
ego,equalize,188,0.09624478827322128,0.001,1000,503,2933,5.831013916500994,0.9031525134904856,0.5931543789741097,2290768900,0.9965168986083498,0.0028800930021436653,1790.92,598.5463097956082,0.488,0.5003565862730833,500
ego,equalize,189,0.004122589318592085,0.001,1000,503,2933,5.831013916500994,0.9194271805240836,0.6001237670642149,1808971039,0.9933240556660039,0.04271222589530839,1678.94,618.6501664567089,0.492,0.5004366830554039,500
ego,equalize,190,0.08396427731000092,0.001,1000,503,2933,5.831013916500994,0.9017331401973431,0.5938664235712056,1598076787,0.9964532803180914,0.002952641376735942,1762.12,618.031678728383,0.52,0.5001001903626929,500
ego,equalize,191,0.049656004108693454,0.001,1000,503,2933,5.831013916500994,0.9081738684836091,0.592250174435817,444992713,0.9975626242544732,0.003033082650316267,1723.638,622.9733530040481,0.0,0.0,500
ego,equalize,192,0.023711839385737322,0.001,1000,503,2933,5.831013916500994,0.9169449718328284,0.5946668315629671,2903516636,0.9948787276341948,0.04182732097409217,1678.582,562.0224958555441,0.516,0.5002444292323063,500
ego,equalize,193,0.04500823923015099,0.001,1000,503,2933,5.831013916500994,0.9104012135845005,0.5928812323897922,1875262937,0.9952445328031808,0.0036815276548435995,1692.948,628.4650076397692,0.49,0.5004006410899234,500
ego,equalize,194,0.018034735489132737,0.001,1000,503,2933,5.831013916500994,0.9172364381728721,0.5887736674864454,3834339964,0.9973081510934394,0.0032534231393595726,1688.61,604.2081005394708,0.0,0.0,500
ego,equalize,195,0.013087340991489161,0.001,1000,503,2933,5.831013916500994,0.9179264677872079,0.5931333912017299,3465187510,0.995610337972167,0.003511057068736064,1641.706,624.1852369160679,0.496,0.500484734971887,500
ego,equalize,196,0.05345098366494288,0.001,1000,503,2933,5.831013916500994,0.9096447567577827,0.589888829345301,3089024904,0.9963180914512922,0.0035521898826275937,1739.608,657.0485582907128,0.494,0.5004647139007097,500
ego,equalize,197,0.003298958914988859,0.001,1000,503,2933,5.831013916500994,0.9198460786593091,0.5932601305906564,1849850080,0.9955506958250497,0.0035673536526807763,1658.028,618.7896156148596,0.482,0.5001763216160988,500
ego,equalize,198,0.04876283892422792,0.001,1000,503,2933,5.831013916500994,0.9094359855188677,0.593831646338241,3950542741,0.9976779324055666,0.002612805966822539,1733.336,621.1880264722312,0.0,0.0,500
ego,equalize,199,0.044184783664926855,0.001,1000,503,2933,5.831013916500994,0.9123086235400416,0.590839945625401,452861038,0.9955149105367793,0.0034206299625264354,1755.916,583.9207925120115,0.508,0.5004366830554039,500
ego,equalize,200,0.05470046404600931,0.001,1000,503,2933,5.831013916500994,0.9075190859615576,0.5926777779593306,4289008305,0.9955308151093439,0.0036557055084325846,1754.32,605.3982223423113,0.488,0.5003565862730835,500
ego,equalize,201,0.07069191477349594,0.001,1000,503,2933,5.831013916500994,0.9052714059997329,0.5872632564457566,3570490890,0.9957852882703777,0.0036181943758174786,1754.354,606.1997335184464,0.522,0.5000160318071095,500
ego,equalize,202,0.06700974380243938,0.001,1000,503,2933,5.831013916500994,0.9069090401335594,0.594391062997699,2918825309,0.9963618290258449,0.0031822962014709283,1687.958,580.9289467036708,0.004294234592445328,0.003967368413925928,500
ego,equalize,203,0.026296083469122468,0.001,1000,503,2933,5.831013916500994,0.9149345319152253,0.5942442218304491,3588235483,0.9957375745526839,0.003188614448919626,1689.458,641.7063802026482,0.504,0.5004847349718868,500
ego,equalize,204,0.08722479118811742,0.001,1000,503,2933,5.831013916500994,0.9016070640595567,0.593652268764156,3073879624,0.9973359840954275,0.0028786515608754644,1742.108,625.7583874427172,0.0,0.0,500
ego,equalize,205,0.04054945341890123,0.001,1000,503,2933,5.831013916500994,0.910898739848668,0.5931360879437821,4001465189,0.9958528827037774,0.003338684605031341,1713.006,606.6796571311365,0.514,0.5003045164881452,500
ego,equalize,206,0.06949237140442964,0.001,1000,503,2933,5.831013916500994,0.9089086347919981,0.5936496471582626,2590811116,0.9965765407554671,0.0031293480153608,1786.884,628.2477449239307,0.556,0.49735170396297007,500
ego,equalize,207,0.054714330247599766,0.001,1000,503,2933,5.831013916500994,0.9089818402913579,0.5940781714121559,1981990509,0.9975029821073558,0.0026539288990187187,1728.888,629.5240173598347,0.0,0.0,500
ego,equalize,208,0.05752345658771246,0.001,1000,503,2933,5.831013916500994,0.9087825586542119,0.5941808105873829,3767878635,0.9971371769383698,0.0032300377880659236,1751.206,648.8123754685339,0.0,0.0,500
ego,equalize,209,0.06421690976866024,0.001,1000,503,2933,5.831013916500994,0.9048226834018053,0.5938157885939831,3109405972,0.995610337972167,0.0037531209432995825,1753.158,635.3843368757956,0.518,0.5001763216160986,500
ego,equalize,210,0.048915796134967195,0.001,1000,503,2933,5.831013916500994,0.9105679594441534,0.5930626585246462,3084141469,0.9957614314115308,0.0033148589760897663,1703.71,632.2305947594596,0.51,0.5004006410899235,500
ego,equalize,211,0.08588949500350244,0.001,1000,503,2933,5.831013916500994,0.9040364021123853,0.5879980666659489,184050399,0.9973638170974154,0.0030518270630191316,1765.87,651.2306902502733,0.0,0.0,500
ego,equalize,212,0.025932700040978397,0.001,1000,503,2933,5.831013916500994,0.914560370474053,0.5943700450819317,4039585502,0.9955904572564612,0.003907054031641854,1700.828,625.2268577591068,0.566,0.4961212276703047,500
ego,equalize,213,0.05055905873841117,0.001,1000,503,2933,5.831013916500994,0.908458556536675,0.5943554231382335,1786052189,0.9974711729622266,0.0028382060843518677,1770.974,644.5893764657507,0.0,0.0,500
ego,equalize,214,0.04640098132847839,0.001,1000,503,2933,5.831013916500994,0.9077441250892192,0.5939882785587941,443371943,0.995455268389662,0.003560045725790413,1665.06,632.1080331170159,0.494,0.5004647139007098,500
ego,equalize,215,0.06333673598875929,0.001,1000,503,2933,5.831013916500994,0.9061403823902816,0.5920695287304852,3091902698,0.9973081510934394,0.003187011829715563,1708.672,614.4573574335394,0.0,0.0,500
ego,equalize,216,0.041381315566196744,0.001,1000,503,2933,5.831013916500994,0.9101924423455855,0.593332613878382,2836840761,0.9954910536779324,0.0034377869680933576,1704.1,692.3747218891099,0.5,0.5005007512521915,500
ego,equalize,217,0.09960214724600097,0.001,1000,503,2933,5.831013916500994,0.8978681609626251,0.5946119199070338,1624495974,0.9975546719681908,0.0031092778259230315,1755.474,567.3786516893155,0.0,0.0,500
ego,equalize,218,0.08148941147495181,0.001,1000,503,2933,5.831013916500994,0.9011217387119492,0.5938969474933554,3814057077,0.9975029821073558,0.0027187955672787352,1751.126,625.1278427358095,0.0,0.0,500
ego,equalize,219,0.006366562689068778,0.001,1000,503,2933,5.831013916500994,0.9190191276480225,0.5911643853592404,3320849209,0.9955387673956262,0.0034448576182189087,1685.94,631.7891701438239,0.52,0.5001001903626929,500
ego,equalize,220,0.05234323648085568,0.001,1000,503,2933,5.831013916500994,0.9094400524910544,0.5934011857938233,2489246248,0.9974393638170974,0.002717769888140796,1708.16,614.8117837671278,0.0,0.0,500
ego,equalize,221,0.021555025193888078,0.001,1000,503,2933,5.831013916500994,0.9166602837797626,0.5931982982940187,1941453796,0.9944373757455269,0.003736443148117274,1711.844,635.5365079756943,0.5069821073558648,0.4983601434965215,500
ego,equalize,222,0.09587749338774643,0.001,1000,503,2933,5.831013916500994,0.902791908623269,0.591568471883887,5071248,0.997168986083499,0.0028730219270505855,1701.494,547.6214499715454,0.0,0.0,500
ego,equalize,223,0.04320513838799894,0.001,1000,503,2933,5.831013916500994,0.9113799982240888,0.5926670431848668,1283510222,0.997610337972167,0.002922883781493482,1763.01,668.9659758565509,0.0,0.0,500
ego,equalize,224,0.02800738183851237,0.001,1000,503,2933,5.831013916500994,0.9142729711061962,0.5939607879961725,1900754000,0.99558648111332,0.0034305355100326157,1680.01,602.1534983466775,0.516,0.5002444292323062,500
ego,equalize,225,0.03386749495062307,0.001,1000,503,2933,5.831013916500994,0.9140289527749967,0.593186618988014,462807001,0.9946322067594433,0.0033525320614952725,1677.31,604.7408377658342,0.5244731610337972,0.49835342861253146,500
ego,equalize,226,0.013350351920191461,0.001,1000,503,2933,5.831013916500994,0.9181908209793405,0.5883576087303787,3179164344,0.9957932405566601,0.003329145788730933,1678.772,653.229145590809,0.534,0.49934225273928257,500
ego,equalize,227,0.017534442975094322,0.001,1000,503,2933,5.831013916500994,0.9171903458214233,0.5936775672835611,3568543347,0.995558648111332,0.0035304653337018973,1651.794,603.1887938332509,0.516,0.5002444292323065,500
ego,equalize,228,0.08405497810035543,0.001,1000,503,2933,5.831013916500994,0.9039143929467858,0.5934224739970878,1202091859,0.9942703777335984,0.0033252963993541285,1672.244,578.9399237698755,0.8917415506958251,0.30737038743015155,500
ego,equalize,229,0.05529814336116045,0.001,1000,503,2933,5.831013916500994,0.9087812029968163,0.5933852227814838,3781140679,0.9946322067594433,0.0034800500086023555,1705.95,619.9964602491236,0.5225328031809144,0.498425249398211,500
ego,equalize,230,0.029736788193589037,0.001,1000,503,2933,5.831013916500994,0.913380948539923,0.5928671953643335,1859247681,0.9956540755467197,0.003409578431929719,1748.108,646.106495512223,0.524,0.4999238418953338,500
ego,equalize,231,0.03244183872408202,0.001,1000,503,2933,5.831013916500994,0.9155174645953126,0.5918637341669403,2438233131,0.9954990059642147,0.00374972583644994,1708.278,660.8910732771895,0.522,0.5000160318071095,500
ego,equalize,232,0.018447865429547117,0.001,1000,503,2933,5.831013916500994,0.9162020715800662,0.5919543875806565,2830871128,0.9974990059642147,0.0027913677154703925,1700.302,602.0696159422772,0.0,0.0,500
ego,equalize,233,0.07586466769731082,0.001,1000,503,2933,5.831013916500994,0.9054761102664611,0.5867942969995612,2931766096,0.9964890656063619,0.0030096985067873125,1768.988,633.599065187768,0.47,0.49959903762596825,500
ego,equalize,234,0.07138985115716683,0.001,1000,503,2933,5.831013916500994,0.9067355159869287,0.5927264592869658,3148003484,0.99558648111332,0.0036671190293392037,1736.16,605.453610567398,0.538,0.4990532118085534,500
ego,equalize,235,0.0730882334404241,0.001,1000,503,2933,5.831013916500994,0.9063694884901298,0.5886020407831855,3439413753,0.9957972166998011,0.0032851130265846456,1719.718,642.8281438464264,0.546,0.49837813106420137,500
ego,equalize,236,0.07615012517967427,0.001,1000,503,2933,5.831013916500994,0.9044390323588641,0.5945403178765506,3177800715,0.9952485089463221,0.003343009063723058,1709.506,607.1213904397199,0.5148071570576541,0.49841930140062063,500
ego,equalize,237,0.01963741450788069,0.001,1000,503,2933,5.831013916500994,0.9163796626988834,0.593497265429995,379925430,0.995403578528827,0.003457590502179596,1711.208,669.8240853736845,0.51,0.5004006410899235,500
ego,equalize,238,0.03133182827715197,0.001,1000,503,2933,5.831013916500994,0.9123194687992061,0.5937683586290813,138906844,0.9953876739562625,0.003672514869680497,1745.012,629.9439392431505,0.506,0.5004647139007099,500
ego,equalize,239,0.04302766522268037,0.001,1000,503,2933,5.831013916500994,0.9129430712011599,0.5934946357911254,2793716817,0.9955745526838966,0.0036494319561613383,1730.272,617.207793970455,0.498,0.5004967472301654,500
ego,equalize,240,0.011866041850251363,0.001,1000,503,2933,5.831013916500994,0.9171632326735123,0.5922543743864066,2825989256,0.996337972166998,0.0031168701172238408,1713.076,619.0866391366517,0.526,0.4998236161833387,500
ego,equalize,241,0.05627160302618098,0.001,1000,503,2933,5.831013916500994,0.9077522590335926,0.5955372314039349,3016702671,0.9956182902584493,0.003333805756322348,1683.444,608.3831745192136,0.004071570576540755,0.0039789788172809835,500
ego,equalize,242,0.0037782836533135525,0.001,1000,503,2933,5.831013916500994,0.9198447230019136,0.5938691558804445,1110292984,0.9954711729622266,0.003508789126730594,1683.402,645.0910302201862,0.512,0.5003565862730835,500
ego,equalize,243,0.05976122294824228,0.001,1000,503,2933,5.831013916500994,0.9096095096654983,0.5932508475811636,2258800391,0.9963260437375745,0.0032291156292449646,1723.764,618.2482690216743,0.004071570576540755,0.0039789788172809835,500
ego,equalize,244,0.0883471802064586,0.001,1000,503,2933,5.831013916500994,0.904131298130074,0.5933530593370229,1126830363,0.9975387673956262,0.002679836395699406,1763.368,613.2260406488456,0.0,0.0,500
ego,equalize,245,0.09689695783319625,0.001,1000,503,2933,5.831013916500994,0.9015758839394591,0.5938082772139852,1109372446,0.9974990059642147,0.002799867481540797,1755.412,598.9032914929777,0.0,0.0,500
ego,equalize,246,0.019688989791666014,0.001,1000,503,2933,5.831013916500994,0.9160895520162353,0.5939147897759963,1228477478,0.9956063618290257,0.0035252205560656964,1738.084,704.6366514489083,0.528,0.49971534983600774,500
ego,equalize,247,0.01221205385018842,0.001,1000,503,2933,5.831013916500994,0.9181637078314294,0.5922394724627128,4032573629,0.9955785288270378,0.003477673021407984,1689.532,640.9940246642791,0.538,0.49905321180855333,500
ego,equalize,248,0.028943120434775284,0.001,1000,503,2933,5.831013916500994,0.9151365248671625,0.5935867529791689,3644713839,0.9955188866799205,0.003447742009363189,1713.732,647.1094261365614,0.502,0.5004967472301652,500
ego,equalize,249,0.014607407402685013,0.001,1000,503,2933,5.831013916500994,0.9167239996773535,0.5838624989574419,3058620106,0.9971530815109344,0.003086442787663037,1715.914,627.6436885714755,0.0,0.0,500
ego,equalize,250,0.010828364653179923,0.001,1000,503,2933,5.831013916500994,0.9175767081791556,0.5936290792278468,2268055590,0.9956540755467197,0.0035103057637043585,1732.422,641.6625105699583,0.51,0.5004006410899232,500
ego,equalize,251,0.06096074165715098,0.001,1000,503,2933,5.831013916500994,0.9081616675670491,0.5893049027490542,2723309342,0.995662027833002,0.0034404931157543854,1768.248,647.7343360020926,0.53,0.4995990376259679,500
ego,equalize,252,0.017117121889430233,0.001,1000,503,2933,5.831013916500994,0.917732608779644,0.5924032030277998,962118694,0.9938608349900596,0.05908040660771494,1685.488,609.0478276529168,0.0,0.0,500
ego,equalize,253,0.048561420291006276,0.001,1000,503,2933,5.831013916500994,0.9110031254681253,0.5937836606001785,379961085,0.9974990059642147,0.0032060619244557143,1724.474,589.6444067204858,0.0,0.0,500
ego,equalize,254,0.09731228364290799,0.001,1000,503,2933,5.831013916500994,0.8973489441801289,0.593943095168197,1242507589,0.9954473161033798,0.003473158193377795,1713.866,603.7975380688099,0.494,0.5004647139007099,500
ego,equalize,255,0.022672036042985944,0.001,1000,503,2933,5.831013916500994,0.9139069436093972,0.5933239814489647,340783872,0.9936898608349901,0.0429916046344947,1681.782,632.9083950692218,0.524,0.49992384189533384,500
ego,equalize,256,0.023550288558012767,0.001,1000,503,2933,5.831013916500994,0.9157831734448407,0.5943067456957093,2790576069,0.9973797216699801,0.003008140122183545,1710.772,647.7356644480802,0.0,0.0,500
ego,equalize,257,0.05741680761870164,0.001,1000,503,2933,5.831013916500994,0.9099918050510439,0.5799650728300049,3293213312,0.9955785288270378,0.0037346556871256553,1740.046,646.206193697915,0.538,0.49905321180855344,500
ego,equalize,258,0.001236004955690817,0.001,1000,503,2933,5.831013916500994,0.9203205587477521,0.5876839048015728,2189781446,0.9957017892644134,0.0032037882230474615,1653.476,585.5115857590833,0.504,0.5004847349718866,500
ego,equalize,259,0.04617826136360327,0.001,1000,503,2933,5.831013916500994,0.9103849456957539,0.5923312710601187,3967105707,0.995662027833002,0.0033114522555117284,1740.534,648.6382288671366,0.512,0.5003565862730833,500
ego,equalize,260,0.03055796618192992,0.001,1000,503,2933,5.831013916500994,0.9133145213275411,0.5946638612257298,4246083663,0.9964294234592445,0.003217743582291778,1670.272,667.2449667906194,0.524,0.4999238418953338,500
ego,equalize,261,0.029468500589010117,0.001,1000,503,2933,5.831013916500994,0.9159160278696047,0.5932492339679427,980287506,0.9946560636182902,0.0038437872937731,1665.774,588.4173356094221,0.5244850894632207,0.49857200000895685,500
ego,equalize,262,0.05121157376778587,0.001,1000,503,2933,5.831013916500994,0.909444119463241,0.5938486577141323,655971796,0.9945606361829026,0.0034733885209304893,1729.186,664.10107052145,0.5105487077534792,0.49885545942534293,500
ego,equalize,263,0.03925133209122594,0.001,1000,503,2933,5.831013916500994,0.9095593503418629,0.593028580026869,958809153,0.9956023856858847,0.0036168018210373147,1682.744,605.6997001133768,0.516,0.5002444292323065,500
ego,equalize,264,0.005402659988919068,0.001,1000,503,2933,5.831013916500994,0.9185934512258193,0.5952260274925456,3455342301,0.9956262425447315,0.0035643793923506597,1701.474,624.6498219996934,0.506,0.5004647139007098,500
ego,equalize,265,0.08284993565990802,0.001,1000,503,2933,5.831013916500994,0.9022482900076526,0.5935543824785224,1546648126,0.9972842942345924,0.0031111521767703053,1750.274,609.0416952040262,0.0,0.0,500
ego,equalize,266,0.03791275084498699,0.001,1000,503,2933,5.831013916500994,0.9118639679143008,0.5935930784337008,1828511838,0.9955825049701789,0.003549189524832191,1703.044,587.9306174080168,0.502,0.5004967472301655,500
ego,equalize,267,0.029750631655032046,0.001,1000,503,2933,5.831013916500994,0.9136954610556911,0.5933165861305616,2940764598,0.9935944333996024,0.04246612340457957,1688.548,618.9324538759636,0.526,0.4998236161833384,500
ego,equalize,268,0.02288761146567131,0.001,1000,503,2933,5.831013916500994,0.9146647560935105,0.5930417322004372,2574239391,0.9938210735586481,0.04199590158120241,1775.076,598.7593604842725,0.494,0.5004647139007098,500
ego,equalize,269,0.06850821798122576,0.001,1000,503,2933,5.831013916500994,0.9077007440525615,0.575366015708148,139379279,0.995741550695825,0.0036161338175669817,1739.378,597.0082619576476,0.526,0.4998236161833385,500
ego,equalize,270,0.013830096549818283,0.001,1000,503,2933,5.831013916500994,0.9166074131413361,0.5926462794261366,3087414376,0.9956023856858847,0.0033318284437412475,1672.896,556.4551643068536,0.512,0.5003565862730834,500
ego,equalize,271,0.08434107042834257,0.001,1000,503,2933,5.831013916500994,0.9030047468343705,0.5939663169011538,27181708,0.9963419483101392,0.0031955225790644025,1737.654,610.3722034443206,0.002019880715705765,0.001989807884912143,500
ego,equalize,272,0.015101169776219947,0.001,1000,503,2933,5.831013916500994,0.9172445721172454,0.5830569869681881,3463321151,0.994624254473161,0.003342110966237338,1698.652,604.556216852221,0.7306322067594433,0.4425348314303119,500
ego,equalize,273,0.06383052737420102,0.001,1000,503,2933,5.831013916500994,0.9029152734462641,0.5920172429317914,120908585,0.9974791252485089,0.002708369226362891,1738.056,649.0398310339181,0.0,0.0,500
ego,equalize,274,0.06920201302011236,0.001,1000,503,2933,5.831013916500994,0.9064860750261473,0.5941928260738883,1560242320,0.9975188866799205,0.002686581601222472,1737.59,576.6650597029129,0.0,0.0,500
ego,equalize,275,0.0968002166039266,0.001,1000,503,2933,5.831013916500994,0.898177250848811,0.5931182548983739,2462248549,0.9964970178926441,0.002922992175152104,1734.32,558.3525990355015,0.001956262425447316,0.001989807884912144,500
ego,equalize,276,0.08690490735284549,0.001,1000,503,2933,5.831013916500994,0.9064454053042807,0.5907139763382192,1445218671,0.995817097415507,0.0032900400080318887,1761.07,655.2311720894809,0.558,0.4971219775075753,500
ego,equalize,277,0.0788687110065664,0.001,1000,503,2933,5.831013916500994,0.9045298614043662,0.5935195875318354,255034668,0.9973757455268389,0.002812684429206109,1770.304,630.7678969825014,0.0,0.0,500
ego,equalize,278,0.018112268437238278,0.001,1000,503,2933,5.831013916500994,0.9160109238872933,0.5931396931901306,789933398,0.9953956262425447,0.0037039465648934767,1679.824,640.3696554453763,0.494,0.5004647139007096,500
ego,equalize,279,0.09281734595550128,0.001,1000,503,2933,5.831013916500994,0.9008885656399144,0.5933666862500584,344560061,0.9973638170974154,0.0030853827290185467,1698.844,593.5039963229418,0.0,0.0,500
ego,equalize,280,0.0907745611191462,0.001,1000,503,2933,5.831013916500994,0.9025804260695628,0.5889417053325058,732150052,0.9954831013916501,0.0036206103689248184,1788.762,600.0453734981323,0.492,0.5004366830554041,500
ego,equalize,281,0.09059997536133028,0.001,1000,503,2933,5.831013916500994,0.9020381631113422,0.5843481680838952,1592892439,0.9963737574552683,0.003159768275316108,1727.582,563.911073373583,0.552,0.4977866844003892,500
ego,equalize,282,0.006323300173989854,0.001,1000,503,2933,5.831013916500994,0.9190787765734268,0.5990862258514327,139972921,0.995300198807157,0.0036170470897032756,1640.586,602.910880365686,0.506,0.5004647139007101,500
ego,equalize,283,0.014685460492155612,0.001,1000,503,2933,5.831013916500994,0.91719441279361,0.5941092828003691,337485748,0.9954870775347912,0.003710866535016567,1668.866,591.6732870437892,0.534,0.49934225273928246,500
ego,equalize,284,0.08202835465246602,0.001,1000,503,2933,5.831013916500994,0.9019825811581246,0.584897846086955,3540954424,0.9954791252485089,0.0033813055690006047,1779.472,610.7041381099438,0.753013916500994,0.43054683382254955,500
ego,equalize,285,0.046848150352046716,0.001,1000,503,2933,5.831013916500994,0.911854478312532,0.5847780829166691,529463639,0.9957097415506959,0.0035112262594002744,1667.42,589.0405462531934,0.566,0.49612122767030453,500
ego,equalize,286,0.08715521377164326,0.001,1000,503,2933,5.831013916500994,0.900774690418688,0.592579049253955,2065634373,0.9946958250497018,0.0034821979181560423,1718.594,609.2159200468061,0.7445844930417496,0.43490904154755367,500
ego,equalize,287,0.0015778437417721003,0.001,1000,503,2933,5.831013916500994,0.9199762217692821,0.5933180437892626,2807099794,0.9938330019880716,0.04216076236022779,1646.28,635.1334809922672,0.53,0.49959903762596813,500
ego,equalize,288,0.05433861718853694,0.001,1000,503,2933,5.831013916500994,0.9102181998361011,0.5933531020523719,339969059,0.9955149105367793,0.0035434650813123943,1709.928,646.7145198279628,0.486,0.5003045164881454,500
ego,equalize,289,0.08486250309367874,0.001,1000,503,2933,5.831013916500994,0.9049162237620983,0.5931297687844165,454374762,0.9956858846918488,0.0034977013772785857,1739.41,629.3929590437025,0.54,0.49889657805118537,500
ego,equalize,290,0.047095971306319255,0.001,1000,503,2933,5.831013916500994,0.9110044811255209,0.58438125351975,2915402217,0.9956421471172962,0.0034784199893154065,1750.056,612.2583584230742,0.512,0.5003565862730835,500
ego,equalize,291,0.06748898730705054,0.001,1000,503,2933,5.831013916500994,0.9072140630475586,0.5932667183530507,818976708,0.9972922465208748,0.0030042406240216877,1782.034,646.1787669381305,0.0,0.0,500
ego,equalize,292,0.0154950676667997,0.001,1000,503,2933,5.831013916500994,0.9164094871615855,0.5935881981121307,3235415009,0.9936540755467197,0.04192109020478801,1673.112,592.9110105140378,0.534,0.4993422527392823,500
ego,equalize,293,0.02378712008069599,0.001,1000,503,2933,5.831013916500994,0.9150009591276074,0.5933983596713,334484246,0.9955149105367793,0.0032811685286223227,1678.196,649.3820074248545,0.494,0.5004647139007097,500
ego,equalize,294,0.09763110504306088,0.001,1000,503,2933,5.831013916500994,0.9000561919990455,0.5928372663011633,2872292262,0.9955785288270378,0.0035453422339770686,1733.83,618.5817843647641,0.514,0.5003045164881456,500
ego,equalize,295,0.04257636977726523,0.001,1000,503,2933,5.831013916500994,0.9138594956005528,0.5934302621906995,641303597,0.9955149105367793,0.0034090324661358294,1711.81,642.2831472040698,0.486,0.5003045164881452,500
ego,equalize,296,0.01885995444041171,0.001,1000,503,2933,5.831013916500994,0.9155296655118724,0.5949236265543846,3930318202,0.9956739562624255,0.0037342314901416367,1636.916,542.027098672558,0.514,0.5003045164881452,500
ego,equalize,297,0.029022797486426014,0.001,1000,503,2933,5.831013916500994,0.9126339813149741,0.5942984416817946,3743243572,0.9958250497017892,0.0032027027031590527,1726.112,649.2755292491497,0.512,0.5003565862730835,500
ego,equalize,298,0.09351714453398313,0.001,1000,503,2933,5.831013916500994,0.8988320333708624,0.5931278103445787,1910629864,0.9956898608349901,0.0032650226816899734,1752.104,580.5060721332443,0.53,0.49959903762596825,500
ego,equalize,299,0.05768567537405847,0.001,1000,503,2933,5.831013916500994,0.9055330478770744,0.5947704597547515,2924248842,0.9956660039761431,0.0034832349932606642,1765.604,634.8454210287749,0.522,0.5000160318071093,500
ego,equalize,300,0.09245214986573563,0.001,1000,503,2933,5.831013916500994,0.9010919142492471,0.5930360666417863,2913753661,0.9956143141153082,0.0035663588065989924,1763.138,590.1812355009899,0.534,0.4993422527392823,500
ego,equalize,301,0.08154613393787623,0.001,1000,503,2933,5.831013916500994,0.9058977197164777,0.5935878795414485,1954369083,0.9955188866799205,0.0029338977093619225,1756.068,654.1342665334895,0.7550775347912524,0.4293991000656621,500
ego,equalize,302,0.0946637535166174,0.001,1000,503,2933,5.831013916500994,0.9037706932628572,0.5937419722236617,3774382097,0.9972445328031808,0.003194657400368935,1742.904,618.92416743416,0.0,0.0,500
ego,equalize,303,0.005716409979096716,0.001,1000,503,2933,5.831013916500994,0.9190164163332314,0.5918832803769851,348339908,0.9956699801192843,0.0032786642683350254,1698.316,607.2863225028192,0.51,0.5004006410899234,500
ego,equalize,304,0.012003761147045733,0.001,1000,503,2933,5.831013916500994,0.9170317339061438,0.5930047813557683,3068358191,0.9934751491053678,0.04299320526672184,1688.27,630.2320572550905,0.486,0.5003045164881452,500
ego,equalize,305,0.07641358595168779,0.001,1000,503,2933,5.831013916500994,0.9047684571059832,0.5911321550410814,3726000746,0.9971848906560636,0.003140861067876845,1793.686,630.6795770133384,0.0,0.0,500
ego,equalize,306,0.07096031190077072,0.001,1000,503,2933,5.831013916500994,0.9070690077062344,0.5916575034550283,1068636528,0.9964333996023856,0.003049126656867471,1728.764,623.2953734379055,0.0020039761431411528,0.0019899989462102852,500
ego,equalize,307,0.043058509435350494,0.001,1000,503,2933,5.831013916500994,0.9087595124784874,0.5924964394539738,3290830491,0.9973399602385685,0.0030179193149921127,1731.606,632.8733365249071,0.0,0.0,500
ego,equalize,308,0.05016245730542338,0.001,1000,503,2933,5.831013916500994,0.9085236280916614,0.5927476715207832,4130151197,0.9958290258449304,0.003116463493145911,1697.506,618.2822201645,0.516,0.5002444292323063,500
ego,equalize,309,0.055921942467768354,0.001,1000,503,2933,5.831013916500994,0.9089764176617757,0.5923244568552011,977424665,0.9954711729622266,0.003600152554525917,1710.35,642.231813993835,0.498,0.5004967472301652,500
ego,equalize,310,0.09466862164267152,0.001,1000,503,2933,5.831013916500994,0.8990204697488441,0.5940395573796817,3297542733,0.9947793240556659,0.0037432882328846213,1729.244,618.3221693212596,0.536389662027833,0.4976995114286715,500
ego,equalize,311,0.08213930375338509,0.001,1000,503,2933,5.831013916500994,0.9009455032505276,0.5925419213955755,2221872463,0.9954831013916501,0.003589852348571283,1699.066,650.8048613671831,0.502,0.5004967472301652,500
ego,equalize,312,0.09351800416286421,0.001,1000,503,2933,5.831013916500994,0.9026861673464159,0.5934922512897316,3738858783,0.9964612326043738,0.0030955550535419424,1743.09,568.4640257722509,0.528,0.4997153498360076,500
ego,equalize,313,0.02752613419429786,0.001,1000,503,2933,5.831013916500994,0.916356616523159,0.5929399183212392,2349803155,0.9943260437375745,0.004090381912251844,1719.548,686.8882490108987,0.778417495029821,0.4138223342876476,500
ego,equalize,314,0.08468041693493183,0.001,1000,503,2933,5.831013916500994,0.9040553813159231,0.5869618558896591,18489122,0.9962226640159045,0.0031778751759770937,1747.554,582.4664018658976,0.484,0.5002444292323064,500
ego,equalize,315,0.037324498800829546,0.001,1000,503,2933,5.831013916500994,0.9137469760367221,0.5929543926898918,2408980521,0.9956222664015905,0.0036004165569428646,1721.88,618.9431434547599,0.528,0.4997153498360075,500
ego,equalize,316,0.0793414523083595,0.001,1000,503,2933,5.831013916500994,0.9049650274283383,0.5916338786319704,3642439418,0.995427435387674,0.00331451487704976,1748.976,628.449680902818,0.494,0.50046471390071,500
ego,equalize,317,0.012140863410520442,0.001,1000,503,2933,5.831013916500994,0.9178153038807727,0.5930487758832559,395096049,0.9954791252485089,0.0038459853783456405,1676.098,595.0176572345073,0.54,0.49889657805118526,500
ego,equalize,318,0.02029188866413875,0.001,1000,503,2933,5.831013916500994,0.9139245671555394,0.5978264200469203,953251128,0.9955944333996024,0.003740758789998409,1727.228,659.0524199184774,0.516,0.5002444292323065,500
ego,equalize,319,0.08663157694161719,0.001,1000,503,2933,5.831013916500994,0.9019608906397958,0.5889116406516831,677409823,0.9956063618290257,0.003411027721267305,1762.37,622.2906977651604,0.52,0.5001001903626928,500
ego,equalize,320,0.029363592718261434,0.001,1000,503,2933,5.831013916500994,0.9121744134578821,0.5933530369076134,1784327450,0.9962425447316103,0.0034571575111232286,1701.146,608.0523859768861,0.542,0.49873185875164194,500
ego,equalize,321,0.027073455819212913,0.001,1000,503,2933,5.831013916500994,0.914076400783841,0.5940542832303558,3018217367,0.9956341948310139,0.003799708663413707,1738.244,626.8731069750056,0.516,0.5002444292323064,500
ego,equalize,322,0.0673276319546449,0.001,1000,503,2933,5.831013916500994,0.9066324860248669,0.5933274011497963,422845343,0.9955626242544732,0.0035965535908206547,1716.888,657.020840022939,0.502,0.5004967472301652,500
ego,equalize,323,0.07124205111390154,0.001,1000,503,2933,5.831013916500994,0.9059031423460601,0.5933637764107982,776962221,0.9962664015904572,0.0030540271654479283,1737.118,634.5281238494572,0.0019165009940357851,0.001988772650561027,500
ego,equalize,324,0.06070029288838115,0.001,1000,503,2933,5.831013916500994,0.9078634229400278,0.5894026901334709,3758054507,0.9962544731610338,0.0033315241376429814,1746.756,616.4215079106419,0.0018687872763419482,0.001986477286783174,500
ego,equalize,325,0.03263111868978382,0.001,1000,503,2933,5.831013916500994,0.9128210620355602,0.592606600698919,3036157539,0.9955467196819084,0.003523253999709558,1668.614,606.1557444891158,0.522,0.5000160318071093,500
ego,equalize,326,0.05351777092449577,0.001,1000,503,2933,5.831013916500994,0.9087798473394207,0.5904339603262422,2956815758,0.9958489065606361,0.0035578490848836445,1719.822,627.1373891946259,0.546,0.49837813106420087,500
ego,equalize,327,0.09297119725561268,0.001,1000,503,2933,5.831013916500994,0.9005998106146619,0.5936855780861848,602690352,0.9949463220675945,0.003928161833684015,1714.726,556.8934436129393,0.804520874751491,0.39510136169645144,500
ego,equalize,328,0.08272014211536301,0.001,1000,503,2933,5.831013916500994,0.9018104126688895,0.5930415286366547,2862653594,0.9936580516898609,0.0037747768983494626,1747.05,598.0270530773881,0.886986083499006,0.3121481732970967,500
ego,equalize,329,0.0724451789778107,0.001,1000,503,2933,5.831013916500994,0.9061946086861036,0.59334611177694,438861922,0.9972326043737575,0.00322509036397965,1712.974,677.2773690248232,0.0,0.0,500
ego,equalize,330,0.0637099858196247,0.001,1000,503,2933,5.831013916500994,0.9075909358035219,0.5934244787180712,2181527011,0.9956023856858847,0.0036538416992121154,1760.042,604.8693562350671,0.514,0.5003045164881454,500
ego,equalize,331,0.07321575218310633,0.001,1000,503,2933,5.831013916500994,0.9067246707277643,0.5912147461911409,2480808000,0.9954393638170974,0.0036476083711262553,1716.16,595.6405776939575,0.49,0.5004006410899234,500
ego,equalize,332,0.06867877730477191,0.001,1000,503,2933,5.831013916500994,0.9059356781235532,0.5907921303301467,2456112150,0.9954155069582505,0.0036997849448689385,1764.18,651.2862805544709,0.5,0.5005007512521913,500
ego,equalize,333,0.03676337299603362,0.001,1000,503,2933,5.831013916500994,0.9120388477183269,0.59486114552382,955381467,0.9936302186878728,0.04332574230467116,1757.32,659.5688650744144,0.498,0.5004967472301654,500
ego,equalize,334,0.05341347704102204,0.001,1000,503,2933,5.831013916500994,0.9085751430726924,0.5903588288008408,596405343,0.9954791252485089,0.00356155832743594,1745.7,632.5716305174232,0.51,0.5004006410899234,500
ego,equalize,335,0.09523932699580306,0.001,1000,503,2933,5.831013916500994,0.8996603400395445,0.5914094135712823,85080790,0.9965129224652087,0.0030477755565562425,1774.408,632.5134623833648,0.48,0.5001001903626928,500
ego,equalize,336,0.06567584905633936,0.001,1000,503,2933,5.831013916500994,0.9046152678202859,0.592126651330029,536683807,0.9974314115308152,0.0028609432719489203,1701.884,564.7744211963525,0.0,0.0,500
ego,equalize,337,0.06612176712928557,0.001,1000,503,2933,5.831013916500994,0.9061756294825659,0.5944961464073409,4144867608,0.9972405566600397,0.0028930993628154948,1743.42,645.3448159417769,0.0,0.0,500
ego,equalize,338,0.027497746242736466,0.001,1000,503,2933,5.831013916500994,0.9152300652274556,0.5870346392954816,730463898,0.9946441351888669,0.003506332228390141,1711.686,612.1337655266173,0.5184493041749503,0.4986690327386714,500
ego,equalize,339,0.011572738329898625,0.001,1000,503,2933,5.831013916500994,0.9187113934192322,0.5992272637523006,611593561,0.9954075546719682,0.0034594478538906427,1699.884,663.2017065351253,0.484,0.5002444292323063,500
ego,equalize,340,0.021946673992061627,0.001,1000,503,2933,5.831013916500994,0.9144681857711556,0.5929582000725439,1329264283,0.9956858846918488,0.0033732001841974752,1727.222,646.4656281138735,0.502,0.5004967472301651,500
ego,equalize,341,0.05810264465295657,0.001,1000,503,2933,5.831013916500994,0.9060292184838463,0.5933886299575591,1092975778,0.9964890656063619,0.002872346401642795,1712.388,584.8472090828031,0.512,0.5003565862730838,500
ego,equalize,342,0.09134799135995214,0.001,1000,503,2933,5.831013916500994,0.9031511578330901,0.5935988565018196,1521074688,0.9973439363817097,0.003038418341944384,1806.72,617.2528556236505,0.0,0.0,500
ego,equalize,343,0.0705941714994807,0.001,1000,503,2933,5.831013916500994,0.9035497211073823,0.594487352573425,2090103395,0.9955745526838966,0.0033577988891867437,1744.95,644.4154172270553,0.458,0.4987318587516419,500
ego,equalize,344,0.0758981859786543,0.001,1000,503,2933,5.831013916500994,0.9064006686102275,0.5928468303509696,2147630504,0.9965328031809144,0.002969440195261078,1743.41,620.3984448406696,0.532,0.49947467393232203,500
ego,equalize,345,0.08645223743574852,0.001,1000,503,2933,5.831013916500994,0.9032731669986898,0.5795009439037003,3465283538,0.9957574552683897,0.0033013717515072657,1803.008,658.0043886532779,0.528,0.49971534983600757,500
ego,equalize,346,0.07320235426853407,0.001,1000,503,2933,5.831013916500994,0.9042682195270246,0.5918971028298778,2802995280,0.9974910536779324,0.002846106838815825,1729.696,593.2486726147125,0.0,0.0,500
ego,equalize,347,0.013286136585908936,0.001,1000,503,2933,5.831013916500994,0.9173923387733606,0.5937010785382647,112542478,0.9957733598409543,0.002979864785988322,1723.05,617.5534568311377,0.52,0.5001001903626928,500
ego,equalize,348,0.004825292056174136,0.001,1000,503,2933,5.831013916500994,0.9189554117504316,0.5977845000581995,1002173419,0.9959840954274354,0.003332151738520526,1705.416,678.2090784205885,0.544,0.49855904589575845,500
ego,equalize,349,0.05038771535025513,0.001,1000,503,2933,5.831013916500994,0.9089940412079178,0.5926013747607305,1709954439,0.9956143141153082,0.003819450221174523,1767.152,643.0579039492969,0.514,0.5003045164881452,500
ego,equalize,350,0.043588043984909466,0.001,1000,503,2933,5.831013916500994,0.9097301631737024,0.5942458453383267,3940307979,0.9964095427435388,0.003216500249628178,1773.154,669.8440597727398,0.518,0.5001763216160986,500
ego,equalize,351,0.07945264402748518,0.001,1000,503,2933,5.831013916500994,0.9037096886800573,0.5938449927317341,523876327,0.9959403578528827,0.0033014869117883386,1738.606,601.5933742486532,0.544,0.49855904589575856,500
ego,equalize,352,0.09853222376516009,0.001,1000,503,2933,5.831013916500994,0.9025248441163453,0.589200595255598,2251906740,0.9944771371769384,0.003584718766702347,1757.238,591.4859631853409,0.7505168986083498,0.4314340207211476,500
ego,equalize,353,0.033924988516412735,0.001,1000,503,2933,5.831013916500994,0.9132033574211058,0.5946520813971923,1796557499,0.9946003976143142,0.003555114185958243,1695.932,643.7078397393369,0.7585049701789265,0.42667227363621424,500
ego,equalize,354,0.024084046935933336,0.001,1000,503,2933,5.831013916500994,0.9146078184828973,0.5915156863031444,3800540193,0.9954910536779324,0.003476734529444968,1703.692,633.9620184345708,0.504,0.5004847349718865,500
ego,equalize,355,0.011019935769462598,0.001,1000,503,2933,5.831013916500994,0.9183358763206645,0.5931929761757777,510731802,0.995610337972167,0.003410351927397771,1699.892,673.4867044107373,0.53,0.49959903762596813,500
ego,equalize,356,0.0964318011620916,0.001,1000,503,2933,5.831013916500994,0.9032080954437032,0.5901507960810896,3665918586,0.9961669980119284,0.003494141967610167,1768.624,632.6762244893262,0.0021948310139165007,0.00197927111093594,500
ego,equalize,357,0.034049353437019196,0.001,1000,503,2933,5.831013916500994,0.9130325445892663,0.5935310981695402,2704393252,0.9960954274353877,0.003082159248189356,1711.954,626.8058031909306,0.55,0.4979919597583562,500
ego,equalize,358,0.014852690322833673,0.001,1000,503,2933,5.831013916500994,0.9183046962005669,0.5911898325193246,3523733570,0.9953041749502981,0.003579323347713854,1642.324,610.2771496810652,0.494,0.5004647139007097,500
ego,equalize,359,0.052092181548641106,0.001,1000,503,2933,5.831013916500994,0.909444119463241,0.5893651714812836,58066570,0.9953638170974155,0.0036335818887400944,1772.248,606.7523542061205,0.5,0.5005007512521913,500
ego,equalize,360,0.05726869315823753,0.001,1000,503,2933,5.831013916500994,0.9083026559361865,0.5943534094560282,2473968126,0.9958091451292246,0.003334964980724651,1725.58,585.8578106918926,0.546,0.49837813106420126,500
ego,equalize,361,0.010389869839970402,0.001,1000,503,2933,5.831013916500994,0.9177176965482929,0.5938621148698391,3280711316,0.9954314115308152,0.0035960139862578388,1721.274,642.489979432631,0.518,0.5001763216160986,500
ego,equalize,362,0.0736041832348752,0.001,1000,503,2933,5.831013916500994,0.9023431860253414,0.5935973866444431,2967614394,0.9954433399602385,0.0035458515753700624,1689.606,574.1667228386111,0.496,0.5004847349718868,500
ego,equalize,363,0.035992660656880206,0.001,1000,503,2933,5.831013916500994,0.9117934737297321,0.5931284317721308,2986600266,0.9928628230616302,0.003874187358894908,1731.364,676.4427967082188,0.8803300198807157,0.31922316901426867,500
ego,equalize,364,0.07847501680416266,0.001,1000,503,2933,5.831013916500994,0.9040567369733187,0.5842651678054579,3878721852,0.9973041749502981,0.002767020178418475,1749.984,623.9895300493611,0.0,0.0,500
ego,equalize,365,0.082247313831358,0.001,1000,503,2933,5.831013916500994,0.9039049033450169,0.5932418648434225,24750162,0.9978330019880716,0.002559301009024492,1739.546,641.5576765878321,0.0,0.0,500
ego,equalize,366,0.0806197718395581,0.001,1000,503,2933,5.831013916500994,0.9047833693373343,0.5931722712202144,827934965,0.9973717693836979,0.003155561682300424,1771.582,620.6229361970662,0.0,0.0,500
ego,equalize,367,0.06998265306800361,0.001,1000,503,2933,5.831013916500994,0.906768051764422,0.5858319901416469,314718822,0.9945765407554671,0.0038248651692030177,1746.826,645.6874230000464,0.7784055666003976,0.413816020282849,500
ego,equalize,368,0.0149375809283126,0.001,1000,503,2933,5.831013916500994,0.9164189767633544,0.5929470406229157,2698757810,0.9953598409542743,0.0037371044827512333,1734.512,640.1731931989825,0.49,0.5004006410899235,500
ego,equalize,369,0.05431910416281693,0.001,1000,503,2933,5.831013916500994,0.9102493799561987,0.5944528996407539,2169881560,0.9947355864811133,0.003619560135288674,1753.938,650.6296365859827,0.7405685884691848,0.43712970255616407,500
ego,equalize,370,0.08172026744888092,0.001,1000,503,2933,5.831013916500994,0.905011119779787,0.5911496780342247,1831427747,0.9953757455268389,0.04283804415101021,1774.678,613.3979559966284,0.0,0.0,500
ego,equalize,371,0.011192889137944629,0.001,1000,503,2933,5.831013916500994,0.9185324466430196,0.5894611006943223,689765694,0.9952564612326044,0.0037108153076077528,1697.944,600.7784769953413,0.462,0.4990532118085532,500
ego,equalize,372,0.05363990275288967,0.001,1000,503,2933,5.831013916500994,0.9092733066314015,0.5926868416302994,4170322248,0.9938727634194832,0.004005554636022917,1750.07,621.1172468775419,0.7700437375745527,0.4189019616302352,500
ego,equalize,373,0.09605779287390248,0.001,1000,503,2933,5.831013916500994,0.9058190915875357,0.5821942719923545,2464019801,0.9972166998011928,0.002946368204425673,1730.666,580.6495692658154,0.0,0.0,500
ego,equalize,374,0.09795743271729354,0.001,1000,503,2933,5.831013916500994,0.9021100129533064,0.5880082056254607,1561577629,0.9973518886679921,0.003081562984441204,1728.632,601.8529276068515,0.0,0.0,500
ego,equalize,375,0.033185171913625126,0.001,1000,503,2933,5.831013916500994,0.9135138029646872,0.5933105320040676,3072034952,0.9971491053677932,0.0034455358395955307,1708.142,625.8676205019602,0.0,0.0,500
ego,equalize,376,0.046768618124181795,0.001,1000,503,2933,5.831013916500994,0.9136059876675846,0.5874463935134892,2919657386,0.9956222664015905,0.0036980889999832308,1786.482,663.6867981269598,0.5,0.5005007512521915,500
ego,equalize,377,0.07553022375468638,0.001,1000,503,2933,5.831013916500994,0.9051399072323645,0.5901830085117925,2164291930,0.9957693836978131,0.003334537444861968,1786.512,653.6508737740438,0.524,0.4999238418953338,500
ego,equalize,378,0.09597919971095836,0.001,1000,503,2933,5.831013916500994,0.8980362624796736,0.5930920489104348,1592632715,0.997506958250497,0.00259280340891901,1756.162,649.1574960403146,0.0,0.0,500
ego,equalize,379,0.004177925973644858,0.001,1000,503,2933,5.831013916500994,0.9197538939564115,0.5924770193215091,2692347237,0.9934870775347913,0.043498591381583046,1702.948,651.2156885718308,0.532,0.4994746739323222,500
ego,equalize,380,0.09286468308729068,0.001,1000,503,2933,5.831013916500994,0.9002432727196318,0.5932961532848742,1841575983,0.9946560636182902,0.0036924409501723236,1753.336,588.693910401907,0.49865606361829024,0.49894559184693094,500
ego,equalize,381,0.015515461130727826,0.001,1000,503,2933,5.831013916500994,0.9166385932614338,0.592055249314401,2038450642,0.9946282306163021,0.0036593328769710916,1731.428,606.4439143552495,0.7384771371769383,0.43817204160277157,500
ego,equalize,382,0.022373517238022757,0.001,1000,503,2933,5.831013916500994,0.9148694603602389,0.5934303373054868,1352712469,0.996389662027833,0.0031302514882988975,1700.226,627.1139791215144,0.532,0.49947467393232226,500
ego,equalize,383,0.042666996779431636,0.001,1000,503,2933,5.831013916500994,0.9121256097916423,0.5936911643595613,834999240,0.9955427435387674,0.0034442666520978363,1750.188,666.6578778565627,0.502,0.5004967472301655,500
ego,equalize,384,0.0058295851499054925,0.001,1000,503,2933,5.831013916500994,0.9184090818200242,0.5934875171228177,39789775,0.9935705765407555,0.04172299282574594,1705.668,633.1188203309981,0.514,0.5003045164881452,500
ego,equalize,385,0.09847084309749725,0.001,1000,503,2933,5.831013916500994,0.9000100996475968,0.5935754300725051,4281062221,0.9964731610337971,0.0030226188604184456,1749.346,624.4562831641348,0.0019960238568588464,0.001990046708668649,500
ego,equalize,386,0.04603575226157494,0.001,1000,503,2933,5.831013916500994,0.9109177190522056,0.5929660370488229,1734336038,0.9971570576540755,0.003209558300093697,1737.128,670.0780109042491,0.0,0.0,500
ego,equalize,387,0.06176503775514963,0.001,1000,503,2933,5.831013916500994,0.9084775357402127,0.5932607922923072,894029879,0.9974592445328031,0.0027087640087158616,1777.788,622.7859694819459,0.0,0.0,500
ego,equalize,388,0.028895595214827843,0.001,1000,503,2933,5.831013916500994,0.9153954554297129,0.5910997933482552,1224485510,0.9936938369781312,0.04315392036104482,1700.95,636.2963189513372,0.504,0.500484734971887,500
ego,equalize,389,0.07444795521528687,0.001,1000,503,2933,5.831013916500994,0.9029627214551084,0.5738256796095066,4032936904,0.9955944333996024,0.0035517706541374717,1727.22,574.3124002371292,0.528,0.49971534983600757,500
ego,equalize,390,0.05298729918488979,0.001,1000,503,2933,5.831013916500994,0.9078769795139833,0.5944342860976198,307159717,0.9939045725646123,0.04289836740483624,1753.544,652.0780932859858,0.534,0.4993422527392823,500
ego,equalize,391,0.008229391198034909,0.001,1000,503,2933,5.831013916500994,0.9181989549237138,0.5934633422968001,2398482459,0.9955546719681908,0.0036349592989647107,1658.888,610.4145241051176,0.52,0.5001001903626928,500
ego,equalize,392,0.09854594043656963,0.001,1000,503,2933,5.831013916500994,0.9043143118784734,0.5885263011765149,2676394796,0.9955387673956262,0.0036719023014311963,1723.77,647.9755502543712,0.546,0.49837813106420104,500
ego,equalize,393,0.040144412984367356,0.001,1000,503,2933,5.831013916500994,0.9110329499308276,0.5896339533784994,3274777821,0.9958250497017892,0.0033666778292245417,1722.814,592.2355285243306,0.54,0.4988965780511851,500
ego,equalize,394,0.057462088889058086,0.001,1000,503,2933,5.831013916500994,0.9095823965175872,0.5921168186748823,3344932256,0.9955308151093439,0.003459788985177068,1749.36,603.0415313866488,0.484,0.5002444292323064,500
ego,equalize,395,0.09528083461110137,0.001,1000,503,2933,5.831013916500994,0.899447501828443,0.5935009115753158,2280705872,0.9964015904572565,0.0030893438950053294,1781.286,613.9837296252149,0.482,0.5001763216160983,500
ego,equalize,396,0.07517116555984373,0.001,1000,503,2933,5.831013916500994,0.9031470908609035,0.587695483347795,3542714791,0.9946918489065606,0.0037596386227118517,1734.114,568.0349641042267,0.7625606361829026,0.4242490799020373,500
ego,equalize,397,0.04274135492184109,0.001,1000,503,2933,5.831013916500994,0.9116199495831016,0.5937119836375335,1286378994,0.9956143141153082,0.0037923952629018444,1697.962,576.4390379606241,0.538,0.49905321180855333,500
ego,equalize,398,0.002813896898914936,0.001,1000,503,2933,5.831013916500994,0.91992199547346,0.5928345375829469,4272243875,0.9954990059642147,0.003565659139251556,1616.002,583.1656628924184,0.504,0.5004847349718868,500
ego,equalize,399,0.08765208495889251,0.001,1000,503,2933,5.831013916500994,0.9011542744894425,0.5921196064647771,759017878,0.9963737574552683,0.0032778838620674466,1760.028,596.0390560430226,0.56,0.496884078609036,500
ego,equalize,400,0.09317681724473026,0.001,1000,503,2933,5.831013916500994,0.8999965430736414,0.5927491931908473,4220362904,0.9971968190854871,0.0031452434623117603,1708.17,615.9808031096417,0.0,0.0,500
ego,equalize,401,0.09020337083284226,0.001,1000,503,2933,5.831013916500994,0.9011610527764202,0.5848275283972523,3943256713,0.9973518886679921,0.0029232766893835483,1775.348,590.3625859264147,0.0,0.0,500
ego,equalize,402,0.05716993551810326,0.001,1000,503,2933,5.831013916500994,0.9076790535342327,0.5931253673173086,267938996,0.9955705765407555,0.04299972380076307,1691.544,631.2163497759295,0.0,0.0,500
ego,equalize,403,0.04540919195090917,0.001,1000,503,2933,5.831013916500994,0.911530476194995,0.5923959957087218,4162711356,0.9955546719681908,0.00320412690908717,1733.284,603.0686785151526,0.506,0.5004647139007097,500
ego,equalize,404,0.09692616704967219,0.001,1000,503,2933,5.831013916500994,0.8990109801470753,0.5923234177550266,2823533109,0.9976660039761431,0.002507576834638702,1701.722,595.5026040403494,0.0,0.0,500
ego,equalize,405,0.09340774917406014,0.001,1000,503,2933,5.831013916500994,0.9005076259117644,0.5914147586661017,4220142446,0.9972246520874751,0.003267088915572432,1725.794,623.1545769852255,0.0,0.0,500
ego,equalize,406,0.019234134306255812,0.001,1000,503,2933,5.831013916500994,0.917430297180436,0.586431207033713,3298374990,0.9954910536779324,0.003573354595107751,1664.996,622.8917307208379,0.506,0.5004647139007099,500
ego,equalize,407,0.07698949043716785,0.001,1000,503,2933,5.831013916500994,0.9058746735407535,0.5920851338306279,1761513019,0.9955268389662028,0.0037524687638057995,1737.89,657.3707283176656,0.518,0.5001763216160986,500
ego,equalize,408,0.009861994275578857,0.001,1000,503,2933,5.831013916500994,0.9187005481600679,0.591675491546761,3516963264,0.9957773359840955,0.0034678655735790346,1685.336,605.9595010707201,0.55,0.4979919597583558,500
ego,equalize,409,0.07150005549392723,0.001,1000,503,2933,5.831013916500994,0.9058082463283714,0.5929173488699623,1608168595,0.9964850894632207,0.003074099929339697,1688.404,593.4272766306742,0.004341948310139164,0.0039632455750632295,500
ego,equalize,410,0.08335380410407268,0.001,1000,503,2933,5.831013916500994,0.903738157485364,0.5925603033857334,1989193420,0.9973359840954275,0.0031768780390915934,1788.292,644.1790901110282,0.0,0.0,500
ego,equalize,411,0.02691930791868903,0.001,1000,503,2933,5.831013916500994,0.9151405918393491,0.5903594779543606,4237127302,0.9957773359840955,0.0032043246654017915,1725.708,647.9030386028928,0.554,0.49757326929471746,500
ego,equalize,412,0.04579311758481032,0.001,1000,503,2933,5.831013916500994,0.9122218614667263,0.5936308618394076,3747682942,0.9971252485089463,0.0031660664344471665,1704.372,663.375993712516,0.0,0.0,500
ego,equalize,413,0.06360323559923273,0.001,1000,503,2933,5.831013916500994,0.9050667017330046,0.5917716298148685,3065819105,0.9972922465208748,0.0032548056834867424,1795.796,649.9415500034155,0.0,0.0,500
ego,equalize,414,0.009891704191340812,0.001,1000,503,2933,5.831013916500994,0.9186842802713212,0.5926226501900872,2564732319,0.9954512922465208,0.003531481505734515,1638.148,638.1207269948537,0.526,0.4998236161833383,500
ego,equalize,415,0.014720094501124815,0.001,1000,503,2933,5.831013916500994,0.9172920201260897,0.5929434166615563,1372368579,0.995741550695825,0.0033806683497424957,1680.538,605.6899844561909,0.538,0.4990532118085531,500
ego,equalize,416,0.08271478022159885,0.001,1000,503,2933,5.831013916500994,0.905089747908729,0.5937220372114036,2633290872,0.9965805168986084,0.003003346715484988,1799.748,640.7783347184023,0.474,0.4998236161833386,500
ego,equalize,417,0.0933841165292095,0.001,1000,503,2933,5.831013916500994,0.9016938261328721,0.5802735616149521,2768001867,0.9962385685884692,0.0030960258245968167,1782.79,597.8096039251044,0.488,0.5003565862730835,500
ego,equalize,418,0.09195323973526784,0.001,1000,503,2933,5.831013916500994,0.9014145607093884,0.5922601174837,3197246577,0.9957097415506959,0.0034267445415434336,1770.178,609.2712180550632,0.558,0.49712197750757536,500
ego,equalize,419,0.052438934120174224,0.001,1000,503,2933,5.831013916500994,0.9106194744251843,0.593684024170192,1578665417,0.9946958250497018,0.0038226694444700045,1694.72,594.5055384691899,0.7585288270377734,0.4266854871365648,500
ego,equalize,420,0.05261070754818992,0.001,1000,503,2933,5.831013916500994,0.9086930852661054,0.5927008925245887,1555258704,0.9955029821073558,0.0036049016399254687,1726.098,627.1691467804734,0.522,0.5000160318071095,500
ego,equalize,421,0.08987930401705234,0.001,1000,503,2933,5.831013916500994,0.8975197570119684,0.5942012078803096,477875130,0.995610337972167,0.003304184831454958,1782.962,641.2929141659989,0.51,0.5004006410899237,500
ego,equalize,422,0.0927557335288878,0.001,1000,503,2933,5.831013916500994,0.9034805825802092,0.5933588733857194,3129447514,0.9964890656063619,0.003141050198975654,1738.078,568.5326469582155,0.516,0.5002444292323062,500
ego,equalize,423,0.011009383296654851,0.001,1000,503,2933,5.831013916500994,0.9184389062827264,0.593795000117531,1712792186,0.9957057654075546,0.003343305217112044,1657.088,647.5620692435946,0.516,0.5002444292323063,500
ego,equalize,424,0.011887947325068295,0.001,1000,503,2933,5.831013916500994,0.917759721927555,0.594553603540084,898601191,0.9956858846918488,0.003558318794822894,1742.134,632.6577302549167,0.52,0.500100190362693,500
ego,equalize,425,0.013710533846860974,0.001,1000,503,2933,5.831013916500994,0.917693294715173,0.59250668507833,2172345954,0.993455268389662,0.041749158449912574,1737.596,660.464193340843,0.494,0.5004647139007097,500
ego,equalize,426,0.06656553978531847,0.001,1000,503,2933,5.831013916500994,0.9076370281549706,0.5884935258925608,3850411033,0.9974751491053678,0.0029444185475527296,1775.586,645.6445930114879,0.0,0.0,500
ego,equalize,427,0.034116701329940206,0.001,1000,503,2933,5.831013916500994,0.912304556567855,0.5939137446252387,123601534,0.9944294234592445,0.04298750845430536,1693.998,642.0359041365215,0.0019801192842942342,0.00199004670866865,500
ego,equalize,428,0.018415431464737564,0.001,1000,503,2933,5.831013916500994,0.9170385121931216,0.5929365990868876,1236341926,0.9973677932405567,0.0027481777786336273,1701.516,610.5922695081936,0.0,0.0,500
ego,equalize,429,0.0773443788607568,0.001,1000,503,2933,5.831013916500994,0.9043332910820112,0.5891015789395796,3906559380,0.9956858846918488,0.0033425351637222937,1747.318,618.8436602467992,0.528,0.4997153498360074,500
ego,equalize,430,0.024008878955888758,0.001,1000,503,2933,5.831013916500994,0.9143719340960713,0.5947503431394744,2605727904,0.9953041749502981,0.04293017403033828,1701.26,623.2209247466618,0.0,0.0,500
ego,equalize,431,0.08065909455348348,0.001,1000,503,2933,5.831013916500994,0.9009251683895942,0.5924890718912178,3660648409,0.9966163021868787,0.0028292476207700187,1766.246,642.0373832472483,0.0031491053677932404,0.002980409641169033,500
ego,equalize,432,0.09248859202519677,0.001,1000,503,2933,5.831013916500994,0.9029342526498018,0.592696133605344,3781390007,0.9973677932405567,0.0028666739926341465,1743.786,634.9098812576767,0.0,0.0,500
ego,equalize,433,0.06747012786797787,0.001,1000,503,2933,5.831013916500994,0.906544368294156,0.592643855618751,1089504801,0.9965049701789265,0.0031386486490959063,1717.578,612.2029408599691,0.512,0.5003565862730835,500
ego,equalize,434,0.03669572186835788,0.001,1000,503,2933,5.831013916500994,0.9109692340332367,0.5932618130694649,424896639,0.9975347912524851,0.0029426021885651295,1727.482,637.5064097882013,0.0,0.0,500
ego,equalize,435,0.07603571107021821,0.001,1000,503,2933,5.831013916500994,0.9064765854243784,0.5892084477723545,3373433562,0.9954234592445328,0.0037139047632024206,1753.292,592.4070517523671,0.498,0.5004967472301652,500
ego,equalize,436,0.08971902449584736,0.001,1000,503,2933,5.831013916500994,0.903148446518299,0.5933693755110331,1927897276,0.9958846918489065,0.003470420458638918,1711.234,602.343715121435,0.564,0.49638371607776804,500
ego,equalize,437,0.07079939924767081,0.001,1000,503,2933,5.831013916500994,0.9073387835279493,0.59326623167653,2931829561,0.9958687872763419,0.0033228182451951194,1691.06,625.4749957757555,0.502,0.500496747230165,500
ego,equalize,438,0.09880844398330178,0.001,1000,503,2933,5.831013916500994,0.9008587411772122,0.5833063364476818,1825387621,0.9975387673956262,0.0030084560761857917,1728.008,596.342307934348,0.0,0.0,500
ego,equalize,439,0.09262425141472033,0.001,1000,503,2933,5.831013916500994,0.9031687813792323,0.5932975497164286,3587902453,0.9965367793240556,0.0029513615083905445,1768.738,633.7734539548622,0.0019165009940357851,0.0019887726505610276,500
ego,equalize,440,0.035034204868098905,0.001,1000,503,2933,5.831013916500994,0.914297372939316,0.5920645050906732,3983065043,0.9956461232604373,0.003529711427730938,1747.824,600.567184343117,0.524,0.4999238418953338,500
ego,equalize,441,0.007847905606787798,0.001,1000,503,2933,5.831013916500994,0.9183955252460687,0.5932035654403732,1147933311,0.996441351888668,0.0028796832000817425,1698.208,600.476815161996,0.504,0.5004847349718866,500
ego,equalize,442,0.032836515036321734,0.001,1000,503,2933,5.831013916500994,0.9125485748990544,0.5925647124948896,1682888233,0.9962425447316103,0.0031902510221815325,1661.532,613.7228727243349,0.526,0.4998236161833385,500
ego,equalize,443,0.01839209286763396,0.001,1000,503,2933,5.831013916500994,0.9159228061565825,0.5937937927507757,2810620554,0.9936143141153082,0.043150278668966494,1709.716,659.924993721769,0.5,0.5005007512521912,500
ego,equalize,444,0.01794015696484671,0.001,1000,503,2933,5.831013916500994,0.9175536620034311,0.592842397062334,1034273919,0.9953479125248509,0.0035198802040495095,1733.74,655.8511980533204,0.492,0.5004366830554038,500
ego,equalize,445,0.04366566634853533,0.001,1000,503,2933,5.831013916500994,0.9111522477816361,0.5902910564703705,479133286,0.9952882703777336,0.0035760821889568744,1737.504,629.3997092245464,0.498,0.5004967472301654,500
ego,equalize,446,0.05017019212746265,0.001,1000,503,2933,5.831013916500994,0.910859425784197,0.5796641880408735,1186778954,0.9953638170974155,0.003162744873273348,1780.92,652.2403856257926,0.5085407554671968,0.4989496770703506,500
ego,equalize,447,0.01955325244948394,0.001,1000,503,2933,5.831013916500994,0.9149819799240696,0.5943228122915327,489289500,0.9954950298210735,0.0035728380899306897,1747.706,668.1464442065167,0.508,0.5004366830554041,500
ego,equalize,448,0.04591813409088598,0.001,1000,503,2933,5.831013916500994,0.9119439517006384,0.5878288789524793,3097102881,0.9956302186878728,0.003636316583509612,1752.622,625.8142072212167,0.512,0.5003565862730834,500
ego,equalize,449,0.0052744371038982996,0.001,1000,503,2933,5.831013916500994,0.9195302104861455,0.5929480107620982,1419423746,0.995455268389662,0.0035733701112755007,1631.426,611.4999172703488,0.512,0.5003565862730835,500
ego,equalize,450,0.07536509265328828,0.001,1000,503,2933,5.831013916500994,0.9042682195270246,0.5951730637363588,3707612483,0.9955387673956262,0.003542347256261515,1730.514,654.1142351832276,0.494,0.5004647139007097,500
ego,equalize,451,0.08386075445671004,0.001,1000,503,2933,5.831013916500994,0.9012545931367133,0.5943493708958862,1865408170,0.9955705765407555,0.0031841101570709825,1685.532,565.7380843961915,0.498,0.5004967472301656,500
ego,equalize,452,0.09107067538749102,0.001,1000,503,2933,5.831013916500994,0.9024313037560522,0.5891123900951956,800580158,0.9963141153081511,0.003354116992710541,1761.886,586.1197503304721,0.5,0.5005007512521913,500
ego,equalize,453,0.046932418430560056,0.001,1000,503,2933,5.831013916500994,0.9112335872253692,0.5912732824224922,982050719,0.9955745526838966,0.0034116221234047612,1733.582,594.265966848775,0.504,0.5004847349718871,500
ego,equalize,454,0.07128449582319517,0.001,1000,503,2933,5.831013916500994,0.9068683704116929,0.5946141934666895,360493799,0.9960119284294234,0.003401763952615576,1733.434,620.1779866411161,0.54,0.49889657805118526,500
ego,equalize,455,0.0945223273745318,0.001,1000,503,2933,5.831013916500994,0.9031294673147612,0.5883372460071901,2634066513,0.9965009940357853,0.0032202140494136857,1775.868,635.1570353030736,0.552,0.4977866844003891,500
ego,equalize,456,0.0055004259423874,0.001,1000,503,2933,5.831013916500994,0.9195641019210343,0.5937416818798664,2261872211,0.9956182902584493,0.0032714499074550404,1638.214,623.5004296514567,0.514,0.5003045164881451,500
ego,equalize,457,0.04632890584958055,0.001,1000,503,2933,5.831013916500994,0.9118626122569052,0.5842132217057013,2944534542,0.9948230616302187,0.00350114405438631,1752.728,629.5369978637942,0.5285924453280317,0.49807792263491163,500
ego,equalize,458,0.012814301030263953,0.001,1000,503,2933,5.831013916500994,0.9173150663018141,0.5938823429876587,1949050338,0.9937773359840955,0.042247164186658935,1684.226,621.7543565458691,0.49,0.5004006410899235,500
ego,equalize,459,0.033704971514403506,0.001,1000,503,2933,5.831013916500994,0.9136385234450779,0.5928092948390029,785947473,0.9956262425447315,0.003647845054465882,1729.96,633.2106868554065,0.5,0.5005007512521914,500
ego,equalize,460,0.029606623651346878,0.001,1000,503,2933,5.831013916500994,0.9115819911760259,0.5933552760440856,3489318417,0.9956143141153082,0.0035058804053237557,1707.598,668.5670229111278,0.512,0.5003565862730835,500
ego,equalize,461,0.022124066174430426,0.001,1000,503,2933,5.831013916500994,0.9146322203160173,0.5933931807849046,4246610295,0.9924333996023856,0.05970547295459774,1710.344,591.8264498630616,0.002123260437375745,0.0019854562733172274,500
ego,equalize,462,0.06233049464231671,0.001,1000,503,2933,5.831013916500994,0.9071869498996474,0.5921320303171096,2207227498,0.9955745526838966,0.0035969653977898468,1777.104,622.4571302040677,0.512,0.5003565862730835,500
ego,equalize,463,0.04754904019265885,0.001,1000,503,2933,5.831013916500994,0.9096366228134094,0.5936664836328319,3988549878,0.9974473161033798,0.0026515999531094244,1705.404,571.6556280648309,0.0,0.0,500
ego,equalize,464,0.025796563763028746,0.001,1000,503,2933,5.831013916500994,0.9139069436093972,0.5923735554172708,428232919,0.9956063618290257,0.0033430090637230504,1670.566,606.5218670372807,0.502,0.5004967472301655,500
ego,equalize,465,0.04109833669976453,0.001,1000,503,2933,5.831013916500994,0.91177585018359,0.5877553380230232,2759479046,0.9955506958250497,0.003479683548463068,1751.882,616.0325122819223,0.508,0.5004366830554042,500
ego,equalize,466,0.011735998913392498,0.001,1000,503,2933,5.831013916500994,0.9180267864344787,0.5942480462558906,4172288638,0.996,0.0033394270839706944,1754.074,649.7662602119469,0.558,0.49712197750757525,500
ego,equalize,467,0.09304117686607204,0.001,1000,503,2933,5.831013916500994,0.9046816950326679,0.5780282985906886,2034479566,0.9961232604373758,0.003788182357487638,1716.466,593.4790574462207,0.55,0.4979919597583558,500
ego,equalize,468,0.06017859445342016,0.001,1000,503,2933,5.831013916500994,0.9070202040399946,0.5890090025472127,1703247757,0.9973876739562625,0.002948655053572696,1747.112,582.7389474006653,0.0,0.0,500
ego,equalize,469,0.06060117248711997,0.001,1000,503,2933,5.831013916500994,0.908524983749057,0.5929691583001666,2015697022,0.9947753479125248,0.003795553960076387,1783.24,582.2193548434375,0.7884731610337972,0.4069307956764929,500
ego,equalize,470,0.026259082978768635,0.001,1000,503,2933,5.831013916500994,0.9139272784703305,0.5935255041231065,3106598018,0.9973280318091452,0.0029123422627299104,1708.954,626.0049234729908,0.0,0.0,500
ego,equalize,471,0.01051261393660935,0.001,1000,503,2933,5.831013916500994,0.9186991925026724,0.5941317659870468,3278906554,0.9953320079522863,0.003614523531491117,1706.04,639.6579296263495,0.468,0.4994746739323223,500
ego,equalize,472,0.08832337878865246,0.001,1000,503,2933,5.831013916500994,0.9019893594451024,0.5934467182794518,3238165569,0.9945089463220675,0.003696032265904474,1761.758,597.8392920126176,0.7464532803180914,0.43369968138970416,500
ego,equalize,473,0.07111727138049896,0.001,1000,503,2933,5.831013916500994,0.9047874363095211,0.5931927211072258,402954666,0.9975228628230616,0.0025774837597813726,1739.224,613.1587699595893,0.0,0.0,500
ego,equalize,474,0.03007078723956365,0.001,1000,503,2933,5.831013916500994,0.9134677106132385,0.5918552096621362,4174881664,0.9955347912524851,0.0036464790281355245,1687.312,634.7236618480675,0.516,0.5002444292323063,500
ego,equalize,475,0.07818055135934587,0.001,1000,503,2933,5.831013916500994,0.9057852001526471,0.5932060838888707,2620067890,0.9962266401590457,0.003317856383975869,1761.97,615.6263547943953,0.46,0.4988965780511854,500
ego,equalize,476,0.014233042109690008,0.001,1000,503,2933,5.831013916500994,0.917484523476258,0.5929685964393819,1449274697,0.9957733598409543,0.0034181166487861838,1718.742,655.7451691699908,0.518,0.5001763216160984,500
ego,equalize,477,0.09709548468476328,0.001,1000,503,2933,5.831013916500994,0.8997498134276509,0.5934794716274079,4113325305,0.9954234592445328,0.0034115478288012113,1738.284,616.7960652567688,0.005232604373757456,0.003604473159992749,500
ego,equalize,478,0.06096136288840426,0.001,1000,503,2933,5.831013916500994,0.9089343922825136,0.5930386183278624,2350443095,0.9953518886679921,0.003467369904300644,1669.136,585.9105596178855,0.006882703777335984,0.005328225362084568,500
ego,equalize,479,0.023817018628502773,0.001,1000,503,2933,5.831013916500994,0.9143529548925337,0.5930366090051776,1487878918,0.9958011928429423,0.0033034176474302274,1708.334,571.148154924576,0.526,0.49982361618333837,500
ego,equalize,480,0.04585801689846051,0.001,1000,503,2933,5.831013916500994,0.908419242472204,0.5940862015031141,1089376841,0.9954791252485089,0.0036057628403973045,1695.054,602.5534236403287,0.474,0.4998236161833383,500
ego,equalize,481,0.09280719217604046,0.001,1000,503,2933,5.831013916500994,0.8981691169044377,0.5933208983449595,1403181078,0.9964612326043738,0.003059523088732208,1739.856,574.2001069222987,0.498,0.5004967472301654,500
ego,equalize,482,0.010938887240027463,0.001,1000,503,2933,5.831013916500994,0.9185500701891617,0.5915258344412485,3237631386,0.9974592445328031,0.002848443594578538,1665.876,575.4227901280915,0.0,0.0,500
ego,equalize,483,0.01737093696073173,0.001,1000,503,2933,5.831013916500994,0.9172310155432899,0.59193824163812,3076310712,0.9974393638170974,0.002691412378515619,1727.968,635.6961366346853,0.0,0.0,500
ego,equalize,484,0.05054420277463587,0.001,1000,503,2933,5.831013916500994,0.9115779242038393,0.5932746849778365,2433574015,0.9957972166998011,0.0034908466795130827,1734.392,622.7255032844582,0.526,0.49982361618333826,500
ego,equalize,485,0.08388181927645404,0.001,1000,503,2933,5.831013916500994,0.9051914222133954,0.5941513653223869,641630386,0.9955109343936382,0.0033320542779560263,1770.618,626.978420646127,0.51,0.5004006410899235,500
ego,equalize,486,0.06436239108328952,0.001,1000,503,2933,5.831013916500994,0.9051073714548712,0.5936891398044599,3182817857,0.9974433399602385,0.0028117014512070724,1752.128,656.1045205604054,0.0,0.0,500
ego,equalize,487,0.03575770123033375,0.001,1000,503,2933,5.831013916500994,0.9134094173452296,0.5925715022631401,4294939643,0.99558648111332,0.003191306030183602,1756.11,611.6533147583771,0.7830218687872763,0.4114133652234201,500
ego,equalize,488,0.07037222830326299,0.001,1000,503,2933,5.831013916500994,0.904460722877193,0.5928950198136873,296869098,0.9955467196819084,0.003439067759548367,1689.032,591.8993501071909,0.474,0.49982361618333854,500
ego,equalize,489,0.005188143792373212,0.001,1000,503,2933,5.831013916500994,0.9197471156694338,0.5932522151138864,3873964331,0.9957534791252486,0.0034084747937854387,1645.45,575.9480565360521,0.506,0.5004647139007098,500
ego,equalize,490,0.0942342076440949,0.001,1000,503,2933,5.831013916500994,0.9025777147547718,0.5941925759706506,2649492599,0.9974512922465208,0.002739121508870586,1726.668,645.6992215772688,0.0,0.0,500
ego,equalize,491,0.034813730753683346,0.001,1000,503,2933,5.831013916500994,0.9124089421873125,0.594388705863068,2660253202,0.9964174950298211,0.0031908071169336563,1721.536,636.2015888279864,0.53,0.4995990376259683,500
ego,equalize,492,0.04597047829621551,0.001,1000,503,2933,5.831013916500994,0.9092461934834906,0.5935571222465897,801244484,0.9956978131212724,0.0033895995491471523,1675.0,599.2259870592515,0.504,0.500484734971887,500
ego,equalize,493,0.007463098798238044,0.001,1000,503,2933,5.831013916500994,0.9188144233812943,0.5936848433884168,1278634987,0.9955984095427435,0.0035107570172415526,1731.548,644.7084314783224,0.5,0.5005007512521916,500
ego,equalize,494,0.08644077319893734,0.001,1000,503,2933,5.831013916500994,0.9017128053364099,0.5943018638336509,1822547474,0.9971809145129225,0.003250129928922451,1782.706,632.0774916692967,0.0,0.0,500
ego,equalize,495,0.04336521849106169,0.001,1000,503,2933,5.831013916500994,0.9105001765743758,0.5938497353508725,2809185988,0.9956699801192843,0.0034066222018890526,1715.536,623.4360188850874,0.502,0.5004967472301651,500
ego,equalize,496,0.004799426457744571,0.001,1000,503,2933,5.831013916500994,0.9188428921866009,0.5930348018832522,4000753185,0.9938846918489065,0.041290141707425024,1664.546,629.9656795403997,0.544,0.4985590458957585,500
ego,equalize,497,0.07692544722397694,0.001,1000,503,2933,5.831013916500994,0.9044254757849086,0.5941565314781162,88367262,0.9974473161033798,0.00297269264769524,1688.498,617.2937786940909,0.0,0.0,500
ego,equalize,498,0.06844968775168181,0.001,1000,503,2933,5.831013916500994,0.9080084782813517,0.5935285223966215,3330516367,0.9975745526838966,0.002811276044745896,1763.096,605.1774667951814,0.0,0.0,500
ego,equalize,499,0.05284332845427786,0.001,1000,503,2933,5.831013916500994,0.9080627045771739,0.5836311028556603,1144489073,0.9953956262425447,0.0037082209952661,1748.808,614.456857391298,0.504,0.5004847349718867,500
ego,equalize,500,0.08957824671018502,0.001,1000,503,2933,5.831013916500994,0.8998257302418018,0.5886769337833758,1826771813,0.995455268389662,0.0033773678810386874,1731.69,574.4714935432283,0.7829940357852883,0.41139872294719704,500
ego,equalize,501,0.05743832918317957,0.001,1000,503,2933,5.831013916500994,0.9069239523649104,0.593470125133777,3316398129,0.9953479125248509,0.003738140762219656,1715.428,604.8972062062712,0.516,0.5002444292323063,500
ego,equalize,502,0.03165914814392545,0.001,1000,503,2933,5.831013916500994,0.9143773567256536,0.5981517818615113,2203607103,0.9973996023856858,0.002947131580506625,1710.68,632.2267654615168,0.0,0.0,500
ego,equalize,503,0.06058121961666296,0.001,1000,503,2933,5.831013916500994,0.9064386270173029,0.5939622684243973,639944570,0.9946401590457257,0.003548557899739925,1749.79,611.3747853455462,0.5264811133200795,0.49829042861012457,500
ego,equalize,504,0.028117153642774118,0.001,1000,503,2933,5.831013916500994,0.9136317451581002,0.5932404106371253,660062689,0.9956779324055666,0.0035620030880310623,1713.298,637.3951980309752,0.526,0.4998236161833385,500
ego,equalize,505,0.06627233110375555,0.001,1000,503,2933,5.831013916500994,0.9072737119729627,0.5933007570699868,3390311700,0.997220675944334,0.003521677714828701,1752.95,605.8937976973988,0.0,0.0,500
ego,equalize,506,0.07630960529226145,0.001,1000,503,2933,5.831013916500994,0.9053947708227281,0.5932652020718339,1348381548,0.9969980119284294,0.0031553006236342933,1795.178,650.0220855782359,0.0,0.0,500
ego,equalize,507,0.021888664177172435,0.001,1000,503,2933,5.831013916500994,0.9161505565990351,0.5941597814987469,942624803,0.9955029821073558,0.0033850702086438414,1711.77,607.5505249613085,0.494,0.5004647139007099,500
ego,equalize,508,0.06647642315097489,0.001,1000,503,2933,5.831013916500994,0.9078620672826323,0.5890418450232705,2714635671,0.9947196819085488,0.003679013878962253,1762.068,679.400454320323,0.788497017892644,0.40694310389663296,500
ego,equalize,509,0.016335481328843937,0.001,1000,503,2933,5.831013916500994,0.9166304593170604,0.5933362369497832,710358440,0.9946202783300199,0.0034026951888384014,1660.474,630.4266403172089,0.49761033797216697,0.49781942801387896,500
ego,equalize,510,0.04218841344581984,0.001,1000,503,2933,5.831013916500994,0.9101910866881899,0.5929120426007276,3882487923,0.9947117296222664,0.0035333560580980295,1703.6,607.3353311053272,0.770544731610338,0.4191735526920721,500
ego,equalize,511,0.06412356909105847,0.001,1000,503,2933,5.831013916500994,0.9079176492358498,0.5905768821560985,1109559875,0.9953161033797217,0.0038244758307423403,1784.864,592.2825599032367,0.484,0.5002444292323064,500
ego,equalize,512,0.09736379181730374,0.001,1000,503,2933,5.831013916500994,0.9037232452540129,0.5919484506483117,3402852023,0.9973280318091452,0.002837960488503936,1786.528,603.6399320382161,0.0,0.0,500
ego,equalize,513,0.09703711762725671,0.001,1000,503,2933,5.831013916500994,0.9054828885534391,0.5910763814464405,1740774786,0.9971650099403578,0.0029494070956957233,1742.412,623.0786533597063,0.0,0.0,500
ego,equalize,514,0.014035145109998216,0.001,1000,503,2933,5.831013916500994,0.9161885150061105,0.5934198516742764,2569862179,0.9972166998011928,0.002981111161630938,1751.526,697.4228664399143,0.0,0.0,500
ego,equalize,515,0.042501954300852476,0.001,1000,503,2933,5.831013916500994,0.9118815914604429,0.5935531966683841,3758022201,0.9964612326043738,0.0028504477821537596,1738.578,652.714479922578,0.51,0.5004006410899234,500
ego,equalize,516,0.03495325266975872,0.001,1000,503,2933,5.831013916500994,0.912129676763829,0.5936894084768669,4260095422,0.995662027833002,0.0034173935841255616,1750.346,607.9762203021645,0.512,0.5003565862730838,500
ego,equalize,517,0.014961560175370092,0.001,1000,503,2933,5.831013916500994,0.9164569351704298,0.592825483126524,1682780137,0.9958250497017892,0.003316903716910902,1733.928,625.0330226274045,0.514,0.5003045164881453,500
ego,equalize,518,0.0208011492029215,0.001,1000,503,2933,5.831013916500994,0.9171374751829968,0.5946608957463169,3500605878,0.9976461232604373,0.0027733677306259518,1725.274,624.8035289782277,0.0,0.0,500
ego,equalize,519,0.01870169984337412,0.001,1000,503,2933,5.831013916500994,0.9150538297660339,0.5931798549982242,600191434,0.995844930417495,0.0032149829790001964,1730.074,594.1219017948964,0.534,0.49934225273928246,500
ego,equalize,520,0.04019218596639199,0.001,1000,503,2933,5.831013916500994,0.912002244968647,0.5938771396443255,3203054060,0.9948469184890656,0.0033522579884748024,1737.288,640.48866697315,0.4965606361829026,0.4989354321255849,500
ego,equalize,521,0.09958489690560728,0.001,1000,503,2933,5.831013916500994,0.8997443907980687,0.5937460376841726,1371248440,0.9957455268389661,0.0033798271301061396,1738.638,639.7954292886731,0.496,0.500484734971887,500
ego,equalize,522,0.0759729061996527,0.001,1000,503,2933,5.831013916500994,0.9053703689896082,0.5932836880112489,3918723946,0.9955268389662028,0.00354627820417336,1749.742,623.7714172659689,0.528,0.49971534983600757,500
ego,equalize,523,0.06497666860110399,0.001,1000,503,2933,5.831013916500994,0.9062488349819258,0.5936479929002163,2054484333,0.9964015904572565,0.0031427241431823886,1735.586,560.5943619778589,0.0020357852882703776,0.0019894894086404918,500
ego,equalize,524,0.020598167536068048,0.001,1000,503,2933,5.831013916500994,0.9157899517318184,0.5936214213773706,41002573,0.9957216699801192,0.0033376714360947813,1742.054,672.7884092128387,0.534,0.4993422527392826,500
ego,equalize,525,0.0381135194772164,0.001,1000,503,2933,5.831013916500994,0.9125079051771878,0.5926529156906616,4283690410,0.996286282306163,0.0033076828505985197,1761.022,664.0801324845684,0.49,0.5004006410899238,500
ego,equalize,526,0.050812338226302656,0.001,1000,503,2933,5.831013916500994,0.9104012135845005,0.5947218276293799,135080690,0.9954115308151094,0.0034841080802339767,1716.306,612.0782563920205,0.49,0.5004006410899234,500
ego,equalize,527,0.06753232274411787,0.001,1000,503,2933,5.831013916500994,0.9081142195582048,0.5946466592026706,396333070,0.9954831013916501,0.003806181943749451,1706.042,597.6097783087727,0.528,0.4997153498360075,500
ego,equalize,528,0.023456050154240106,0.001,1000,503,2933,5.831013916500994,0.9147366059354748,0.593125549264667,2165504842,0.995427435387674,0.003804092037038933,1726.858,606.5462013934717,0.51,0.5004006410899235,500
ego,equalize,529,0.035663806721854964,0.001,1000,503,2933,5.831013916500994,0.9114071113719998,0.5936349400402225,3219904625,0.9954115308151094,0.0038057240942517352,1728.474,576.9556247319372,0.5,0.5005007512521915,500
ego,equalize,530,0.0859107920441843,0.001,1000,503,2933,5.831013916500994,0.9041082519543496,0.5929892324732787,26662482,0.9973518886679921,0.0029178526022654153,1743.228,577.7416159197219,0.0,0.0,500
ego,equalize,531,0.017590503363930466,0.001,1000,503,2933,5.831013916500994,0.9162129168392306,0.5933684294244376,3839512913,0.9950854870775349,0.003920582985424806,1653.448,602.9366172532979,0.492,0.500436683055404,500
ego,equalize,532,0.09766887078949116,0.001,1000,503,2933,5.831013916500994,0.899683386215269,0.593238103389022,1829825703,0.9964373757455269,0.0031242943865906147,1727.434,627.7639084029813,0.51,0.5004006410899235,500
ego,equalize,533,0.09858084000285804,0.001,1000,503,2933,5.831013916500994,0.8986463083076719,0.5937424612329569,1576905444,0.9963936381709741,0.002943277735928681,1697.922,579.1953819713981,0.0019165009940357851,0.0019887726505610276,500
ego,equalize,534,0.038183698309127115,0.001,1000,503,2933,5.831013916500994,0.9135029577055228,0.5880955711378099,2074403704,0.9954831013916501,0.003335962351320887,1713.194,656.4183013419672,0.0035626242544731608,0.00395854222187188,500
ego,equalize,535,0.06071145230254792,0.001,1000,503,2933,5.831013916500994,0.9077671712649436,0.5936124270267774,1522923063,0.9945844930417496,0.0035798035156491986,1742.724,627.2813113038058,0.45225049701789266,0.49421578373232167,500
ego,equalize,536,0.07830822613247529,0.001,1000,503,2933,5.831013916500994,0.904436321044073,0.5747917257407574,4249081570,0.9964015904572565,0.003237080185741268,1735.616,612.1482954441927,0.00205168986083499,0.0019890434561920726,500
ego,equalize,537,0.03837699614026069,0.001,1000,503,2933,5.831013916500994,0.9128156394059781,0.5936442611774473,357567703,0.9955705765407555,0.003546566317104134,1725.898,602.9760092503374,0.478,0.5000160318071094,500
ego,equalize,538,0.08934852666953069,0.001,1000,503,2933,5.831013916500994,0.9024421490152167,0.5921063129734416,1000119767,0.9943618290258449,0.0037869297031677047,1761.86,588.1081761493438,0.7565646123260438,0.427913793767381,500
ego,equalize,539,0.056383642479631894,0.001,1000,503,2933,5.831013916500994,0.9084694017958393,0.5942079668094541,2501337990,0.9956182902584493,0.0035834303539840334,1749.44,636.5065148817989,0.49,0.5004006410899234,500
ego,equalize,540,0.07172619629497966,0.001,1000,503,2933,5.831013916500994,0.9025207771441587,0.5932521973933242,768513414,0.9972604373757454,0.0033696855569397906,1710.104,589.5997497572635,0.0,0.0,500
ego,equalize,541,0.022826730875867576,0.001,1000,503,2933,5.831013916500994,0.9151202569784159,0.5935144466559892,635067116,0.9971928429423459,0.0033170565440869626,1742.532,650.0109302117849,0.0,0.0,500
ego,equalize,542,0.04834626720400488,0.001,1000,503,2933,5.831013916500994,0.9076736309046506,0.5933055964179151,1167774775,0.9955268389662028,0.0033746087656073504,1717.506,615.9451719704829,0.498,0.5004967472301652,500
ego,equalize,543,0.013131381652799014,0.001,1000,503,2933,5.831013916500994,0.9178966433245057,0.5936276509023684,1833296739,0.9957375745526839,0.0033176582326593413,1678.35,598.2522570170981,0.51,0.5004006410899234,500
ego,equalize,544,0.02073494169781728,0.001,1000,503,2933,5.831013916500994,0.9167185770477713,0.5931081958978557,1704364267,0.9956222664015905,0.0034727567940099602,1708.59,666.408320776384,0.516,0.5002444292323066,500
ego,equalize,545,0.03926136181885025,0.001,1000,503,2933,5.831013916500994,0.9124889259736501,0.5936936842487661,2168403081,0.9938131212723659,0.04235269671401743,1700.728,616.114434182495,0.524,0.4999238418953341,500
ego,equalize,546,0.023610982156494965,0.001,1000,503,2933,5.831013916500994,0.9144139594753334,0.5933986263902786,3605787108,0.9957773359840955,0.003272805475329806,1693.688,598.6816667748099,0.518,0.5001763216160986,500
ego,equalize,547,0.013032410876183332,0.001,1000,503,2933,5.831013916500994,0.9178397057138925,0.5910893266005683,2337160692,0.9957574552683897,0.0033037700947134967,1785.092,672.5233787206595,0.528,0.4997153498360074,500
ego,equalize,548,0.0777464875862221,0.001,1000,503,2933,5.831013916500994,0.9043875173778332,0.5942170861796684,87660873,0.9966361829025845,0.0030605170522252988,1697.872,618.0819283527977,0.526,0.4998236161833384,500
ego,equalize,549,0.00804392641327747,0.001,1000,503,2933,5.831013916500994,0.9186924142156946,0.5929427793791684,472030032,0.995427435387674,0.04283149250428009,1729.604,627.6482708394692,0.0,0.0,500
ego,equalize,550,0.07690847623831837,0.001,1000,503,2933,5.831013916500994,0.9021574609621507,0.5939746843463433,277723249,0.9957296222664015,0.003434283085949885,1727.308,573.3444591811692,0.528,0.4997153498360074,500
ego,equalize,551,0.05287978404044896,0.001,1000,503,2933,5.831013916500994,0.9090143760688512,0.5935306326778869,3705536560,0.9974075546719682,0.002956823241089521,1749.65,649.797001984139,0.0,0.0,500
ego,equalize,552,0.03125673292758022,0.001,1000,503,2933,5.831013916500994,0.9150877212009227,0.5920977882309015,3283148620,0.9954194831013916,0.0036907931366519982,1709.768,642.7859345780541,0.003992047713717693,0.0039800934173372954,500
ego,equalize,553,0.009391871014730458,0.001,1000,503,2933,5.831013916500994,0.9175048583371913,0.5937168603665057,4069800212,0.9935506958250497,0.0406515030161509,1729.21,580.3393018834945,0.454,0.4983781310642011,500
ego,equalize,554,0.06624316989751762,0.001,1000,503,2933,5.831013916500994,0.9073116703800382,0.593161846384652,1788466906,0.9926282306163021,0.041238723737556174,1709.418,582.0599684652602,0.4920914512922465,0.4965126797017865,500
ego,equalize,555,0.019500484962836184,0.001,1000,503,2933,5.831013916500994,0.9166616394371582,0.5930590031365299,780507530,0.9956421471172962,0.003274324980314371,1657.998,591.8195457616202,0.526,0.4998236161833384,500
ego,equalize,556,0.02897162753427478,0.001,1000,503,2933,5.831013916500994,0.9140967356447743,0.591750061861892,1302606775,0.9954115308151094,0.003828549496790154,1740.216,634.0576247368797,0.516,0.5002444292323065,500
ego,equalize,557,0.0409624052998496,0.001,1000,503,2933,5.831013916500994,0.9087229097288075,0.593694646736518,470833234,0.997455268389662,0.00286292487599903,1722.088,607.96244697338,0.0,0.0,500
ego,equalize,558,0.014401837538176266,0.001,1000,503,2933,5.831013916500994,0.9172052580527744,0.5942421414885051,2022012459,0.9955904572564612,0.00377088040109275,1686.72,629.3685463496475,0.54,0.4988965780511851,500
ego,equalize,559,0.024658619899513914,0.001,1000,503,2933,5.831013916500994,0.913916433211166,0.5929563339112234,2782498294,0.995403578528827,0.00361439204789386,1737.364,662.6890591236318,0.516,0.5002444292323064,500
ego,equalize,560,0.023707309950236444,0.001,1000,503,2933,5.831013916500994,0.9145617261314486,0.5928383120414876,3829312583,0.9973359840954275,0.0031942829954113286,1763.404,666.9156150963322,0.0,0.0,500
ego,equalize,561,0.012850390453105555,0.001,1000,503,2933,5.831013916500994,0.918899829797214,0.5934827918712278,1613546950,0.9954910536779324,0.0035488882335984536,1699.8,578.4194205350508,0.494,0.5004647139007098,500
ego,equalize,562,0.015843149169757344,0.001,1000,503,2933,5.831013916500994,0.9159431410175157,0.5935736233805693,1939979065,0.9955149105367793,0.003969396300603337,1650.776,640.9612034692158,0.52,0.500100190362693,500
ego,equalize,563,0.028589870214666847,0.001,1000,503,2933,5.831013916500994,0.9130311889318707,0.5927505477238086,2208599243,0.9958091451292246,0.003391487129920155,1713.508,623.0442055746934,0.494,0.5004647139007098,500
ego,equalize,564,0.00898221110724029,0.001,1000,503,2933,5.831013916500994,0.9187561301132855,0.592658833541654,2196410493,0.9954433399602385,0.003404540611598433,1698.206,677.6701478023393,0.488,0.5003565862730837,500
ego,equalize,565,0.07849517834652323,0.001,1000,503,2933,5.831013916500994,0.9045461292931127,0.5929391729744317,1341309562,0.996544731610338,0.003226944082351661,1796.856,651.5864340408353,0.536,0.4992017676347104,500
ego,equalize,566,0.04212302844368079,0.001,1000,503,2933,5.831013916500994,0.9104500172507404,0.5925978119238089,2878119581,0.9964532803180914,0.003018961083955923,1703.396,618.0288784297594,0.5,0.5005007512521914,500
ego,equalize,567,0.07496540196893232,0.001,1000,503,2933,5.831013916500994,0.9065145438314539,0.5944668032687155,4236225716,0.9955347912524851,0.003536204101713875,1755.226,596.8858923286107,0.006011928429423458,0.005969996838630857,500
ego,equalize,568,0.04373566247717941,0.001,1000,503,2933,5.831013916500994,0.9111874948739205,0.5925209881849887,885406378,0.9972763419483102,0.0031219890429247583,1753.79,610.1767721624392,0.0,0.0,500
ego,equalize,569,0.09682193818868345,0.001,1000,503,2933,5.831013916500994,0.9009699050836475,0.5933071622149938,2061537775,0.9972803180914512,0.0030549736557334626,1762.764,623.1922893963999,0.0,0.0,500
ego,equalize,570,0.08807612029234389,0.001,1000,503,2933,5.831013916500994,0.9048836879846052,0.5874357018183264,3833866480,0.9972604373757454,0.003064383708935005,1746.644,616.6781828688711,0.0,0.0,500
ego,equalize,571,0.004623982690609341,0.001,1000,503,2933,5.831013916500994,0.9195871480967587,0.5933946830773437,2225767061,0.9955984095427435,0.0033585536510955267,1696.132,658.0212020754053,0.488,0.5003565862730833,500
ego,equalize,572,0.036681938565804297,0.001,1000,503,2933,5.831013916500994,0.9133321448736832,0.5931621004218217,2698097043,0.9952564612326044,0.0034931149332566654,1689.88,626.1691058318006,0.51,0.5004006410899238,500
ego,equalize,573,0.06604722811954904,0.001,1000,503,2933,5.831013916500994,0.9062813707594188,0.5921669508641658,3718091896,0.9957654075546719,0.003391933174349803,1740.486,633.6951197647231,0.504,0.5004847349718872,500
ego,equalize,574,0.022024274783985665,0.001,1000,503,2933,5.831013916500994,0.916498960549692,0.5924401436824065,3192295680,0.9974671968190856,0.003035692962195396,1738.488,634.3892285044608,0.0,0.0,500
ego,equalize,575,0.09084549714815245,0.001,1000,503,2933,5.831013916500994,0.8999992543884324,0.5935736577117741,1317777911,0.9972365805168986,0.0029903298501719995,1759.03,612.3950755493663,0.0,0.0,500
ego,equalize,576,0.05473823447716071,0.001,1000,503,2933,5.831013916500994,0.908065415891965,0.5933172119018755,1924632371,0.9955984095427435,0.0035175188734859583,1692.786,589.4589722482197,0.5,0.5005007512521913,500
ego,equalize,577,0.09889180060237698,0.001,1000,503,2933,5.831013916500994,0.9027864859936866,0.5923923640989305,3643930788,0.9967077534791252,0.0029608921970578944,1758.754,621.8683961162334,0.558,0.4971219775075753,500
ego,equalize,578,0.06673367461121459,0.001,1000,503,2933,5.831013916500994,0.9055777845711276,0.5931029659927377,2720369238,0.9955467196819084,0.0032569002871039197,1784.628,624.2737388502226,0.466,0.4993422527392825,500
ego,equalize,579,0.052357189889790184,0.001,1000,503,2933,5.831013916500994,0.9098453940523242,0.593654780246427,1533620132,0.9956182902584493,0.0034089859969244087,1724.138,609.3590138592709,0.5,0.5005007512521915,500
ego,equalize,580,0.02860879015582836,0.001,1000,503,2933,5.831013916500994,0.9157777508152585,0.5925133867817962,3393383005,0.9954632206759443,0.0035834811920794126,1729.652,639.6889046133055,0.502,0.5004967472301652,500
ego,equalize,581,0.06411705995412713,0.001,1000,503,2933,5.831013916500994,0.908301300278791,0.5936539995507085,1534551317,0.9974632206759443,0.002980994253018496,1747.286,634.9065007806007,0.0,0.0,500
ego,equalize,582,0.06803521459695666,0.001,1000,503,2933,5.831013916500994,0.9050789026495646,0.5932072106044988,4141418269,0.9976302186878728,0.0024560436769482585,1754.36,596.9456983122225,0.0,0.0,500
ego,equalize,583,0.03275988279242673,0.001,1000,503,2933,5.831013916500994,0.9136941053982955,0.5931989620505814,80320614,0.995455268389662,0.0037465031319890408,1719.26,605.6467719924294,0.506,0.5004647139007098,500
ego,equalize,584,0.0912863378100335,0.001,1000,503,2933,5.831013916500994,0.8987222251218228,0.5932554648055964,3503915212,0.9956421471172962,0.003627778828148927,1717.494,560.9814134679625,0.506,0.50046471390071,500
ego,equalize,585,0.048485523029317495,0.001,1000,503,2933,5.831013916500994,0.9118436330533675,0.5931652200385261,3138977191,0.9955029821073558,0.0035316497179258325,1658.046,589.3244288580762,0.488,0.5003565862730835,500
ego,equalize,586,0.08811875010600595,0.001,1000,503,2933,5.831013916500994,0.9037639149758795,0.5931297391757377,3963904196,0.9970854870775349,0.003370700852372425,1680.692,619.7859423742437,0.0,0.0,500
ego,equalize,587,0.051985236956299655,0.001,1000,503,2933,5.831013916500994,0.9084992262585414,0.5936386065537893,1200926938,0.99558648111332,0.0030230616883323014,1748.464,645.2255331908077,0.5244294234592445,0.49839140189778264,500
ego,equalize,588,0.01785585310523139,0.001,1000,503,2933,5.831013916500994,0.9180498326102031,0.5923713971925171,4181422461,0.995427435387674,0.0035743652218880625,1670.896,628.4525394751339,0.508,0.5004366830554037,500
ego,equalize,589,0.09227717336759135,0.001,1000,503,2933,5.831013916500994,0.9036202152919509,0.5847928466354672,1901879643,0.9936580516898609,0.0038680490561265623,1717.352,616.3210229276663,0.869168986083499,0.3333442889473406,500
ego,equalize,590,0.006364898065636848,0.001,1000,503,2933,5.831013916500994,0.9195003860234434,0.5932246289608312,1749691940,0.995662027833002,0.0032020076783550763,1691.188,619.4976831391945,0.512,0.5003565862730835,500
ego,equalize,591,0.08946496483625627,0.001,1000,503,2933,5.831013916500994,0.9064304930729296,0.5865151241330352,2664620599,0.9974194831013916,0.0027982828184136077,1741.758,607.6444214520885,0.0,0.0,500
ego,equalize,592,0.009300107474967446,0.001,1000,503,2933,5.831013916500994,0.9181338833687273,0.5955682540232689,1273333728,0.9951968190854871,0.003605773823768674,1699.524,626.183360227059,0.44,0.4968840786090358,500
ego,equalize,593,0.04410185791685353,0.001,1000,503,2933,5.831013916500994,0.911766360581821,0.5939334129443354,2953260203,0.9954393638170974,0.0034695439272710753,1697.668,620.3484554573956,0.496,0.5004847349718868,500
ego,equalize,594,0.03388482806334318,0.001,1000,503,2933,5.831013916500994,0.9131003274590439,0.5926598575387697,4285343201,0.9957097415506959,0.003472665560410252,1722.21,634.9256705428033,0.536,0.49920176763471025,500
ego,equalize,595,0.030796700967297364,0.001,1000,503,2933,5.831013916500994,0.9139882830531302,0.595758758000507,417411367,0.995741550695825,0.0033215784747802684,1714.142,649.3171330826175,0.492,0.5004366830554039,500
ego,equalize,596,0.023450963885084032,0.001,1000,503,2933,5.831013916500994,0.9143326200316003,0.5930972430062047,2130644879,0.9955467196819084,0.003685862467574929,1697.856,609.003561516581,0.52,0.5001001903626929,500
ego,equalize,597,0.05026580281081258,0.001,1000,503,2933,5.831013916500994,0.9091824775858995,0.5936905646085763,3335106451,0.9956540755467197,0.0034211740775420643,1700.688,607.8393702748386,0.002982107355864811,0.0029850939438500483,500
ego,equalize,598,0.06357780645228771,0.001,1000,503,2933,5.831013916500994,0.9057933340970203,0.5926799282185138,3460752965,0.9954910536779324,0.003351454541880051,1711.304,618.3025308239056,0.502,0.5004967472301654,500
ego,equalize,599,0.06167704742627178,0.001,1000,503,2933,5.831013916500994,0.9075882244887307,0.5937211039447194,4196080743,0.9956461232604373,0.0034318628598636923,1775.83,659.1175076401444,0.538,0.4990532118085535,500
ego,equalize,600,0.04039602770554242,0.001,1000,503,2933,5.831013916500994,0.9126529605185119,0.5943322044240541,2127739098,0.9946441351888669,0.0035108472609889515,1758.71,653.4957040182745,0.5145288270377734,0.49865562489135773,500
ego,equalize,601,0.013189091117250718,0.001,1000,503,2933,5.831013916500994,0.918113548507794,0.5951704856413318,4096068073,0.9952564612326044,0.003885978332584363,1678.986,690.383168713785,0.5225208747514911,0.4985891267328149,500
ego,equalize,602,0.0671813388503689,0.001,1000,503,2933,5.831013916500994,0.9071571254369453,0.5924951172898629,503166280,0.9953876739562625,0.0035160526554412312,1768.676,643.1734970586373,0.462,0.49905321180855333,500
ego,equalize,603,0.03650365499027293,0.001,1000,503,2933,5.831013916500994,0.9139801491087569,0.5929037640978244,2189504950,0.9956023856858847,0.0035882192311379882,1704.482,636.606982821548,0.49,0.5004006410899232,500
ego,equalize,604,0.048880680815528134,0.001,1000,503,2933,5.831013916500994,0.9086144571371634,0.5930111836078161,3502811410,0.9955666003976142,0.0034105632725166175,1704.222,656.7110838193781,0.508,0.500436683055404,500
ego,equalize,605,0.01056244159299722,0.001,1000,503,2933,5.831013916500994,0.9178519066304526,0.5937989452868815,1215309769,0.9955149105367793,0.0033598858636318934,1723.174,636.7672453679975,0.492,0.500436683055404,500
ego,equalize,606,0.03091982527709877,0.001,1000,503,2933,5.831013916500994,0.9142878833375472,0.5941587380985704,2089839916,0.9953518886679921,0.003697317858779631,1716.974,627.0524210954003,0.488,0.5003565862730832,500
ego,equalize,607,0.056674446454481,0.001,1000,503,2933,5.831013916500994,0.9095756182306095,0.5932288781998312,521241466,0.9963101391650099,0.0031786626929522803,1761.58,655.8471518373364,0.514,0.5003045164881453,500
ego,equalize,608,0.08611610859008338,0.001,1000,503,2933,5.831013916500994,0.9023092945904525,0.5933301423714,4088531020,0.9974393638170974,0.0028900862247246183,1759.522,574.4092002873468,0.0,0.0,500
ego,equalize,609,0.07131231747318342,0.001,1000,503,2933,5.831013916500994,0.9030657514171704,0.5945422485598315,1855500119,0.9972763419483102,0.0028763806521991107,1723.494,628.4296186010569,0.0,0.0,500
ego,equalize,610,0.06380404279864947,0.001,1000,503,2933,5.831013916500994,0.9067517838756755,0.5940111966492772,959784349,0.996441351888668,0.0030480458245304245,1720.78,605.2048988062455,0.506,0.5004647139007098,500
ego,equalize,611,0.008399609668143293,0.001,1000,503,2933,5.831013916500994,0.9187290169653745,0.5925635557362391,289947722,0.9953479125248509,0.0034055083023251135,1691.064,643.6619775835557,0.458,0.49873185875164183,500
ego,equalize,612,0.0726639176608931,0.001,1000,503,2933,5.831013916500994,0.905455775405528,0.5905537702337884,3570803309,0.9954910536779324,0.003201574757483726,1705.562,580.4121282616916,0.490493041749503,0.4990276480871399,500
ego,equalize,613,0.09711554163644465,0.001,1000,503,2933,5.831013916500994,0.901180031979958,0.5870987520132138,2866241735,0.9961471172962226,0.00342970190268065,1745.966,625.4233779187465,0.0020914512922465206,0.0019873702432737107,500
ego,equalize,614,0.0005112132512895773,0.001,1000,503,2933,5.831013916500994,0.9204073208210675,0.5937204779593861,3418719648,0.9957693836978131,0.0033817107967193468,1671.274,600.6228087917423,0.544,0.4985590458957585,500
ego,equalize,615,0.05112715387960581,0.001,1000,503,2933,5.831013916500994,0.907529931220722,0.5940765388792695,876707738,0.9946322067594433,0.003689943195269586,1743.37,642.6012993761526,0.503713717693837,0.4978195687447639,500
ego,equalize,616,0.035790060080395696,0.001,1000,503,2933,5.831013916500994,0.9137673108976553,0.5933505704086672,2153496431,0.9957375745526839,0.003483043976311756,1736.598,611.2745844800538,0.5,0.5005007512521913,500
ego,equalize,617,0.07964405345793371,0.001,1000,503,2933,5.831013916500994,0.9037598480036928,0.5928587559540878,367187799,0.9974950298210735,0.00298137684597367,1789.924,595.5947552227921,0.0,0.0,500
ego,equalize,618,0.037520931967235396,0.001,1000,503,2933,5.831013916500994,0.9118693905438829,0.5933517889538622,3326660491,0.9963499005964215,0.0033091959148853233,1698.07,588.9782575577401,0.54,0.4988965780511853,500
ego,equalize,619,0.02675500474600745,0.001,1000,503,2933,5.831013916500994,0.9143217747724359,0.5936761356275415,3279230250,0.994572564612326,0.003589347044326112,1703.628,631.8986670874802,0.5244532803180914,0.49836634250420914,500
ego,equalize,620,0.07211815266937613,0.001,1000,503,2933,5.831013916500994,0.9057689322639004,0.5911438198286696,1497180843,0.9973280318091452,0.0033428692702089434,1779.126,643.8653705198852,0.0,0.0,500
ego,equalize,621,0.01829252327593912,0.001,1000,503,2933,5.831013916500994,0.9156937000567343,0.5934020296458202,158012705,0.9955984095427435,0.0033182192328182008,1648.396,602.2040040625919,0.518,0.5001763216160984,500
ego,equalize,622,0.05328092436140447,0.001,1000,503,2933,5.831013916500994,0.9092095907338106,0.5922991454138451,1031312626,0.9957813121272365,0.0033720353126445524,1728.526,625.0790742154497,0.522,0.5000160318071093,500
ego,equalize,623,0.002529365166145459,0.001,1000,503,2933,5.831013916500994,0.9200643394999929,0.5910850770317836,2236329580,0.9956500994035785,0.0036154875984319283,1700.696,690.9548587408842,0.53,0.4995990376259683,500
ego,equalize,624,0.09346891948496287,0.001,1000,503,2933,5.831013916500994,0.9013779579597085,0.5936134724055078,3348042367,0.9974155069582505,0.002641616060424736,1774.016,644.6022648919312,0.0,0.0,500
ego,equalize,625,0.0397285301291594,0.001,1000,503,2933,5.831013916500994,0.9115765685464438,0.5932062160006146,3019939215,0.9973558648111331,0.0029818417366110597,1711.666,623.1096610898333,0.0,0.0,500
ego,equalize,626,0.0419123339042353,0.001,1000,503,2933,5.831013916500994,0.9136683479077801,0.5928919441736905,4266801405,0.9972485089463221,0.003047164766603486,1681.704,608.9669859392443,0.0,0.0,500
ego,equalize,627,0.06286174909066006,0.001,1000,503,2933,5.831013916500994,0.9070473171879055,0.5928484645674548,2926399854,0.9956699801192843,0.0034573957774618707,1739.946,620.5536986190152,0.498,0.5004967472301655,500
ego,equalize,628,0.054715314171143364,0.001,1000,503,2933,5.831013916500994,0.9103930796401273,0.5936549336596795,130489761,0.9952286282306163,0.003735809259235238,1691.14,626.8802741802555,0.494,0.5004647139007098,500
ego,equalize,629,0.0008022856805586787,0.001,1000,503,2933,5.831013916500994,0.9203463162382677,0.5929512765158431,3166287083,0.9957495029821073,0.003203293726576259,1628.366,607.1514653261535,0.518,0.5001763216160985,500
ego,equalize,630,4.293573353131297e-05,0.001,1000,503,2933,5.831013916500994,0.9204303669967918,0.5937396382121215,369367223,0.9955944333996024,0.0037744852202810163,1660.354,632.6795424944463,0.542,0.498731858751642,500
ego,equalize,631,0.08404836827996029,0.001,1000,503,2933,5.831013916500994,0.9001266861836142,0.591849437521709,1453147458,0.9962823061630218,0.003344903992313243,1752.09,612.7562928676438,0.53,0.49959903762596813,500
ego,equalize,632,0.060042677545763236,0.001,1000,503,2933,5.831013916500994,0.9095078353608319,0.5942476105806346,989670572,0.995427435387674,0.0035521363668519416,1734.63,601.1616819422803,0.5,0.5005007512521915,500
ego,equalize,633,0.012475067679202367,0.001,1000,503,2933,5.831013916500994,0.9168487201577443,0.5937222468436721,1067139080,0.9962027833001988,0.0032297312485250985,1681.476,629.5108587359977,0.004628230616302186,0.0039262357108822655,500
ego,equalize,634,0.06235355952591583,0.001,1000,503,2933,5.831013916500994,0.9058855187999179,0.5937467048648679,433890292,0.995610337972167,0.0031064973256981956,1746.606,624.7075490240334,0.7689821073558648,0.4206979086975064,500
ego,equalize,635,0.08924514451929294,0.001,1000,503,2933,5.831013916500994,0.9011488518598603,0.5933354219811323,3103666096,0.9976540755467197,0.0026637120244190557,1787.62,632.9374307009857,0.0,0.0,500
ego,equalize,636,0.0272132884811081,0.001,1000,503,2933,5.831013916500994,0.9151690606446558,0.5931537398636799,3662070500,0.9965964214711729,0.003199644454941848,1701.914,611.1889056263384,0.552,0.49778668440038903,500
ego,equalize,637,0.09510625493682866,0.001,1000,503,2933,5.831013916500994,0.9013264429786775,0.592963378327992,2289090267,0.9956461232604373,0.0034890854984850794,1791.79,632.1228365285676,0.51,0.5004006410899235,500
ego,equalize,638,0.053645136351140356,0.001,1000,503,2933,5.831013916500994,0.9096840708222537,0.5927287182056161,832598875,0.9976858846918488,0.0025400434709543364,1764.392,680.8926081429049,0.0,0.0,500
ego,equalize,639,0.012876765608735985,0.001,1000,503,2933,5.831013916500994,0.9168460088429532,0.5941876000009549,1619808054,0.9954314115308152,0.0035338021267914362,1740.774,640.0872489720391,0.488,0.5003565862730835,500
ego,equalize,640,0.0717316281146997,0.001,1000,503,2933,5.831013916500994,0.9052686946849419,0.5925476431792516,2413936459,0.9946322067594433,0.003668414754847886,1702.992,615.0466296544506,0.772572564612326,0.4178883191343711,500
ego,equalize,641,0.00647640011083096,0.001,1000,503,2933,5.831013916500994,0.9189106750563784,0.5975063648944413,2821218374,0.9936819085487077,0.04217460227354786,1660.07,597.9003518660304,0.53,0.49959903762596825,500
ego,equalize,642,0.06298127035214195,0.001,1000,503,2933,5.831013916500994,0.9079325614672008,0.5935762923459996,3219300547,0.9953598409542743,0.0035878814803385873,1711.85,606.3692297483205,0.454,0.4983781310642014,500
ego,equalize,643,0.0446042644892927,0.001,1000,503,2933,5.831013916500994,0.9108174004049349,0.5933000227616914,1637010980,0.9971769383697813,0.002994101969482455,1668.518,604.1223529307795,0.0,0.0,500
ego,equalize,644,0.04704216716811406,0.001,1000,503,2933,5.831013916500994,0.9118910810622118,0.5898776034434233,1861771887,0.9946083499005964,0.0036484182422275194,1702.324,635.9060780525754,0.8003538767395626,0.3980752273633172,500
ego,equalize,645,0.008520878384555798,0.001,1000,503,2933,5.831013916500994,0.9181216824521673,0.5931604955365314,1468908296,0.9954234592445328,0.003371847392447626,1641.912,650.425407466033,0.462,0.4990532118085534,500
ego,equalize,646,0.06962857509698166,0.001,1000,503,2933,5.831013916500994,0.9071408575481987,0.5939290428491759,2909346466,0.9962385685884692,0.003451675140611266,1710.052,618.0695115747719,0.496,0.5004847349718867,500
ego,equalize,647,0.011172542715653211,0.001,1000,503,2933,5.831013916500994,0.9179535809351189,0.593719616728806,515535598,0.9957256461232604,0.0032769630820192797,1702.286,643.1364031604337,0.534,0.4993422527392827,500
ego,equalize,648,0.07208094615638716,0.001,1000,503,2933,5.831013916500994,0.9073225156392026,0.5934823727185634,1894125250,0.9964612326043738,0.003069861091120955,1759.878,614.4183158481679,0.5,0.5005007512521915,500
ego,equalize,649,0.04067166506486154,0.001,1000,503,2933,5.831013916500994,0.9126095794818542,0.5930887872498632,253860725,0.9957654075546719,0.003415204917715124,1733.774,640.6082803568213,0.512,0.5003565862730834,500
ego,equalize,650,0.09232158039273797,0.001,1000,503,2933,5.831013916500994,0.902649564596736,0.5926265666533308,2066748047,0.9957852882703777,0.0032685529192730445,1758.128,624.653436272381,0.55,0.4979919597583558,500
ego,equalize,651,0.005268131847780577,0.001,1000,503,2933,5.831013916500994,0.9197525382990159,0.5934835550697196,3890485976,0.9919403578528827,0.05872806265382933,1627.964,610.3140315757754,0.51,0.5004006410899237,500
ego,equalize,652,0.016563684479745534,0.001,1000,503,2933,5.831013916500994,0.9174750338744891,0.5918903738129411,2434459042,0.9957256461232604,0.0033297143686095896,1681.28,674.5148583896256,0.532,0.49947467393232214,500
ego,equalize,653,0.07875242647297735,0.001,1000,503,2933,5.831013916500994,0.9038655892805458,0.5935509092262511,385410101,0.9973836978131212,0.0030753673508909863,1708.62,635.5704833286057,0.0,0.0,500
ego,equalize,654,0.054714656252320276,0.001,1000,503,2933,5.831013916500994,0.9101178811888302,0.5930699375885895,264148431,0.9971491053677932,0.00283515416340117,1683.742,602.7177422223268,0.0,0.0,500
ego,equalize,655,0.09570424293498506,0.001,1000,503,2933,5.831013916500994,0.9004954249952044,0.5936908600755295,2030585303,0.9951888667992048,0.0033463836586625248,1757.834,604.3331594238053,0.7629940357852882,0.424488579308605,500
ego,equalize,656,0.09868057437652583,0.001,1000,503,2933,5.831013916500994,0.8982653685795219,0.5871868153521754,101672598,0.9956858846918488,0.0036506124585690453,1751.584,580.3195123523188,0.512,0.5003565862730838,500
ego,equalize,657,0.06680578854267702,0.001,1000,503,2933,5.831013916500994,0.9076654969602772,0.593411140012155,333910630,0.9945526838966202,0.003661066246810778,1747.408,647.4823738023837,0.7705487077534791,0.4191758563901523,500
ego,equalize,658,0.06760626368453185,0.001,1000,503,2933,5.831013916500994,0.9045366396913439,0.5943687908316663,2720700275,0.9946520874751491,0.0035897883620107443,1687.396,626.7759562896181,0.7684811133200795,0.42042545538587206,500
ego,equalize,659,0.0032530547443537783,0.001,1000,503,2933,5.831013916500994,0.9202134618135035,0.5923549771009952,523334094,0.9955825049701789,0.003553650106204146,1685.072,606.6654702565518,0.5,0.5005007512521913,500
ego,equalize,660,0.08568825282171601,0.001,1000,503,2933,5.831013916500994,0.9023825000898124,0.5933062186832212,3864923497,0.9973518886679921,0.0031451653937281856,1757.628,619.041477056775,0.0,0.0,500
ego,equalize,661,0.01665926193906705,0.001,1000,503,2933,5.831013916500994,0.9169680180085529,0.5936606911507802,1091099438,0.9957972166998011,0.003401205088496904,1701.974,618.1047778141774,0.528,0.49971534983600724,500
ego,equalize,662,0.03741984087558994,0.001,1000,503,2933,5.831013916500994,0.9133985720860653,0.5895533397879413,4010280606,0.995558648111332,0.0035550584861960685,1665.42,591.9033153052434,0.534,0.4993422527392826,500
ego,equalize,663,0.07188661337550097,0.001,1000,503,2933,5.831013916500994,0.9036419058102798,0.592192601046047,4214131062,0.9973439363817097,0.003046228850871743,1734.922,639.8066152564002,0.0,0.0,500
ego,equalize,664,0.08612593563236154,0.001,1000,503,2933,5.831013916500994,0.9044675011641707,0.5932806448972024,507938336,0.9957017892644134,0.003451342387207962,1757.916,621.2868448883032,0.538,0.4990532118085533,500
ego,equalize,665,0.028092804067804636,0.001,1000,503,2933,5.831013916500994,0.9144614074841777,0.594069493340179,167747648,0.9956898608349901,0.0033036094601389177,1652.726,631.703907362583,0.492,0.500436683055404,500
ego,equalize,666,0.002748356901140048,0.001,1000,503,2933,5.831013916500994,0.9196481526795586,0.5926599450622552,3127176575,0.9954075546719682,0.003713427004425079,1653.65,627.1472768926191,0.534,0.4993422527392826,500
ego,equalize,667,0.0897902399956513,0.001,1000,503,2933,5.831013916500994,0.9020706988888354,0.5851042498833877,3957087699,0.9965606361829026,0.003010919379525067,1742.2,624.4795187503566,0.516,0.5002444292323063,500
ego,equalize,668,0.05697315597228795,0.001,1000,503,2933,5.831013916500994,0.9082904550196266,0.5933359634067329,748233465,0.9956660039761431,0.003707930490142758,1685.924,608.9752111865307,0.522,0.5000160318071093,500
ego,equalize,669,0.010387987535442034,0.001,1000,503,2933,5.831013916500994,0.9183318093484778,0.5939816224792747,2117775642,0.9974910536779324,0.002746975653404333,1713.034,659.9897102829393,0.0,0.0,500
ego,equalize,670,0.01808220176161347,0.001,1000,503,2933,5.831013916500994,0.9159146722122091,0.5939460536872581,290256010,0.9954075546719682,0.0036423583038715027,1725.366,631.4046909958959,0.502,0.500496747230165,500
ego,equalize,671,9.493775300040143e-06,0.001,1000,503,2933,5.831013916500994,0.9204303669967918,0.5937396382121215,2108370263,0.9958727634194832,0.0030508536344232198,1660.936,646.5489796373821,0.516,0.5002444292323064,500
ego,equalize,672,0.08096308485740822,0.001,1000,503,2933,5.831013916500994,0.9019581793250047,0.5935335316964109,3419532317,0.9947673956262425,0.003490603889068591,1802.016,657.5431039948807,0.7824214711729622,0.4110994612121329,500
ego,equalize,673,0.06496749881725798,0.001,1000,503,2933,5.831013916500994,0.9043631155447134,0.5929167434519097,1131142016,0.9973677932405567,0.0032156751993692623,1729.122,639.9780769635692,0.0,0.0,500
ego,equalize,674,0.09577122952777399,0.001,1000,503,2933,5.831013916500994,0.8990801186742484,0.5930971241856048,3950022867,0.9971451292246521,0.0029016068566942044,1726.618,575.1064692541337,0.0,0.0,500
ego,equalize,675,0.08596785518967115,0.001,1000,503,2933,5.831013916500994,0.9022184655449506,0.5939233384850994,2219930009,0.9962703777335984,0.003162023531073066,1724.968,621.6386508257029,0.514,0.500304516488145,500
ego,equalize,676,0.07998418428721021,0.001,1000,503,2933,5.831013916500994,0.904630180051637,0.5931486098665661,1928533660,0.9953081510934394,0.004137416304552321,1714.284,598.7179149042179,0.0,0.0,500
ego,equalize,677,0.0850643359940199,0.001,1000,503,2933,5.831013916500994,0.9038927024284569,0.57965698339743,2732124097,0.9973876739562625,0.0030098037739428457,1739.34,616.1327775724958,0.0,0.0,500
ego,equalize,678,0.0032799516696455757,0.001,1000,503,2933,5.831013916500994,0.9193621089690971,0.593524591068807,2163452033,0.9946600397614315,0.0036626906711786245,1654.796,599.3828375553574,0.49054473161033796,0.4989212131594358,500
ego,equalize,679,0.040545863715358545,0.001,1000,503,2933,5.831013916500994,0.9114491367512619,0.5936970146222668,2068909802,0.9958648111332008,0.0033214377792902035,1774.948,669.2839002802532,0.532,0.4994746739323222,500
ego,equalize,680,0.04711900841782127,0.001,1000,503,2933,5.831013916500994,0.9090442005315532,0.5943404768509642,718646928,0.9948429423459245,0.0035959963651518746,1727.286,614.7651230486599,0.7465606361829026,0.4337621036083612,500
ego,equalize,681,0.08914637450589079,0.001,1000,503,2933,5.831013916500994,0.9029925459178105,0.577377984704832,372227884,0.9972962226640159,0.00322021404941368,1752.148,595.1663398076882,0.0,0.0,500
ego,equalize,682,0.07587961727524878,0.001,1000,503,2933,5.831013916500994,0.9065118325166627,0.5926512246069777,3577884047,0.9963737574552683,0.0030213738781798656,1747.676,655.6722865263082,0.514,0.5003045164881454,500
ego,equalize,683,0.033405269941751504,0.001,1000,503,2933,5.831013916500994,0.9120334250887447,0.5939228654454195,3059386853,0.9963141153081511,0.0038551185887665007,1754.77,638.9995069166168,0.5,0.5005007512521916,500
ego,equalize,684,0.07500668243867195,0.001,1000,503,2933,5.831013916500994,0.9036947764487063,0.5896757510494606,2683625421,0.9956978131212724,0.0034475237534215496,1753.618,650.7838499184113,0.538,0.49905321180855344,500
ego,equalize,685,0.06314514906567863,0.001,1000,503,2933,5.831013916500994,0.9087622237932785,0.5946064102558117,892498474,0.9973121272365805,0.0028921683644142554,1694.3,614.3203537194486,0.0,0.0,500
ego,equalize,686,0.09884528352991695,0.001,1000,503,2933,5.831013916500994,0.9005510069484219,0.5925345582328938,495622489,0.9972763419483102,0.003086265708768307,1738.694,599.8119180527141,0.0,0.0,500
ego,equalize,687,0.034487485249602136,0.001,1000,503,2933,5.831013916500994,0.911318993641289,0.5941083834574612,4175960652,0.9955347912524851,0.0037598408673115155,1678.156,608.3309895523157,0.538,0.49905321180855333,500
ego,equalize,688,0.07627574582251184,0.001,1000,503,2933,5.831013916500994,0.9063396640274277,0.5924535315547268,3746479818,0.9956540755467197,0.0031537338178313943,1781.854,647.4466518702803,0.7969781312127237,0.4013805738604596,500
ego,equalize,689,0.05821334320554326,0.001,1000,503,2933,5.831013916500994,0.9068670147542973,0.5934587355648163,4282305914,0.9955666003976142,0.003488631441743914,1729.3,597.3489680071092,0.48,0.5001001903626929,500
ego,equalize,690,0.06509721885593364,0.001,1000,503,2933,5.831013916500994,0.9056930154497495,0.5937623654858667,2904221478,0.997220675944334,0.003289084100446892,1760.25,672.6533882032576,0.0,0.0,500
ego,equalize,691,0.09176813732293633,0.001,1000,503,2933,5.831013916500994,0.9007529999003593,0.5931023541099395,2451611022,0.9958886679920477,0.0032865424911143817,1713.348,580.5492172790924,0.51,0.5004006410899234,500
ego,equalize,692,0.014699660726178065,0.001,1000,503,2933,5.831013916500994,0.9177800567884883,0.5862592802025035,1310982951,0.9955268389662028,0.004023422378281792,1645.976,614.3244227741836,0.498,0.5004967472301655,500
ego,equalize,693,0.02761651484697999,0.001,1000,503,2933,5.831013916500994,0.9147094927875637,0.5880135715492786,304971954,0.9951928429423459,0.0039115115083212795,1681.622,605.6958626836939,0.51,0.5004006410899233,500
ego,equalize,694,0.04955778052353243,0.001,1000,503,2933,5.831013916500994,0.908222672149849,0.5932099023366216,2715157913,0.9946163021868787,0.003882783039535133,1724.742,593.1477184207449,0.5164572564612326,0.49873093202313573,500
ego,equalize,695,0.02910653745455415,0.001,1000,503,2933,5.831013916500994,0.912970184349071,0.5933115317921689,3631267777,0.9964453280318092,0.002918721133580661,1721.248,643.7289463810195,0.53,0.49959903762596813,500
ego,equalize,696,0.04535110815725177,0.001,1000,503,2933,5.831013916500994,0.9113217049560801,0.5933010247871899,2093090308,0.9958807157057654,0.003110370485669062,1738.576,606.9874031965394,0.502,0.5004967472301652,500
ego,equalize,697,0.007812505364495504,0.001,1000,503,2933,5.831013916500994,0.9190096380462537,0.5942649507980255,1307588732,0.997168986083499,0.0030287053378551263,1621.406,643.1147754427554,0.0,0.0,500
ego,equalize,698,0.04667070030884866,0.001,1000,503,2933,5.831013916500994,0.9082579192421333,0.593292347205188,61171347,0.9964373757455267,0.003287361802556187,1724.6,618.3738063086575,0.516,0.5002444292323063,500
ego,equalize,699,0.011116691382485267,0.001,1000,503,2933,5.831013916500994,0.9178451283434749,0.5950923917932501,2089800467,0.9956302186878728,0.0033812306082620608,1683.082,603.531008841523,0.514,0.5003045164881453,500
ego,equalize,700,0.06797722359379349,0.001,1000,503,2933,5.831013916500994,0.9051141497418489,0.5934618641559298,4067702975,0.9954194831013916,0.003432834385326433,1777.196,635.2202855753375,0.492,0.5004366830554041,500
ego,equalize,701,0.09615295705748483,0.001,1000,503,2933,5.831013916500994,0.9002324274604674,0.585410302892312,2919883544,0.9973797216699801,0.002749511896650131,1790.916,608.9370456748302,0.0,0.0,500
ego,equalize,702,0.015453185257482772,0.001,1000,503,2933,5.831013916500994,0.9163200137734792,0.5937367431430459,1567769894,0.9954473161033798,0.003572093126927537,1648.834,639.305104372673,0.522,0.5000160318071095,500
ego,equalize,703,0.06901866420877527,0.001,1000,503,2933,5.831013916500994,0.9050667017330046,0.5934471613372694,2110334672,0.9954791252485089,0.0033102847972284895,1729.81,634.4578405243376,0.498,0.5004967472301652,500
ego,equalize,704,0.0034863701325496543,0.001,1000,503,2933,5.831013916500994,0.9192333215165197,0.5927661303069491,3963005370,0.9955944333996024,0.0035629035581892254,1687.282,627.9968459738523,0.486,0.5003045164881452,500
ego,equalize,705,0.09962467837351824,0.001,1000,503,2933,5.831013916500994,0.9026522759115271,0.5935417090687879,1668183901,0.9945407554671969,0.003782943128743764,1724.444,620.7258880699601,0.5468230616302188,0.4965199212797441,500
ego,equalize,706,0.0020112894787073124,0.001,1000,503,2933,5.831013916500994,0.9200440046390597,0.5929864580268148,2781977708,0.9954592445328031,0.0037077937739736313,1697.444,647.3758613632049,0.502,0.5004967472301651,500
ego,equalize,707,0.021989075217288802,0.001,1000,503,2933,5.831013916500994,0.9157167462324586,0.5938690610535562,3335114894,0.9952445328031809,0.003798015628245599,1710.654,628.6994227867755,0.502,0.5004967472301651,500
ego,equalize,708,0.06848034875929482,0.001,1000,503,2933,5.831013916500994,0.904539351006135,0.593811991623873,477589272,0.9947236580516898,0.0038497729414944753,1724.836,611.272286891401,0.7945089463220676,0.4026195982019868,500
ego,equalize,709,0.08779320138290353,0.001,1000,503,2933,5.831013916500994,0.901116316082367,0.5845991960189495,110271219,0.9965407554671969,0.0029223444632863254,1769.154,612.1136991158506,0.00215506958250497,0.001983029259449868,500
ego,equalize,710,0.035729375175676606,0.001,1000,503,2933,5.831013916500994,0.9131409971809105,0.5925879511251384,1660490634,0.9974393638170974,0.0027031585561190087,1730.182,650.6699960529356,0.0,0.0,500
ego,equalize,711,0.038718333981325195,0.001,1000,503,2933,5.831013916500994,0.9107252157020373,0.5942251099615873,4009026335,0.9957097415506959,0.003609117802998078,1711.406,628.0136395229434,0.508,0.500436683055404,500
ego,equalize,712,0.07965876177572846,0.001,1000,503,2933,5.831013916500994,0.9042993996471224,0.5933542528197797,4167159038,0.9945089463220675,0.0036289903831977,1770.322,606.774050047976,0.5203658051689861,0.498574288969479,500
ego,equalize,713,0.08900249593654241,0.001,1000,503,2933,5.831013916500994,0.90120985644266,0.5931529000247642,573755527,0.9972166998011928,0.0031136690589604866,1763.672,612.0811638322456,0.0,0.0,500
ego,equalize,714,0.05268836491846775,0.001,1000,503,2933,5.831013916500994,0.9105435576110333,0.5888876874490849,3943532368,0.9947077534791252,0.0035952209509869716,1745.598,649.8862120195707,0.7645765407554671,0.42301112819970005,500
ego,equalize,715,0.023005477882159654,0.001,1000,503,2933,5.831013916500994,0.9154252798924151,0.593788661124134,945694527,0.9952882703777336,0.003564990439932403,1736.628,664.1771300912676,0.478,0.5000160318071094,500
ego,equalize,716,0.07631728435207347,0.001,1000,503,2933,5.831013916500994,0.90473592132849,0.5950585360064511,1389241446,0.9959363817097415,0.003397162231936455,1792.854,590.0828418149512,0.544,0.4985590458957588,500
ego,equalize,717,0.05656353962901787,0.001,1000,503,2933,5.831013916500994,0.9073130260374337,0.5936443859784775,794979492,0.9963856858846918,0.003116768466177743,1737.422,559.1380174528666,0.5,0.5005007512521915,500
ego,equalize,718,0.07986492771635438,0.001,1000,503,2933,5.831013916500994,0.9063410196848232,0.5937797688276257,1748148339,0.9938926441351889,0.0036472022822785087,1762.534,624.1888113290532,0.5368628230616302,0.4962269440280436,500
ego,equalize,719,0.0593982958641257,0.001,1000,503,2933,5.831013916500994,0.9072438875102606,0.5934435778635803,3939625287,0.9956381709741551,0.003456277616199198,1745.472,592.7611701399234,0.486,0.5003045164881452,500
ego,equalize,720,0.06258958924117403,0.001,1000,503,2933,5.831013916500994,0.9062407010375524,0.594530295366765,7708252,0.9973399602385685,0.002765940791318296,1726.27,609.2217028853562,0.0,0.0,500
ego,equalize,721,0.011176146044786884,0.001,1000,503,2933,5.831013916500994,0.9189350768894984,0.5925573986587397,44043106,0.9973359840954275,0.0031942829954113103,1703.19,681.2669309179219,0.0,0.0,500
ego,equalize,722,0.03176191608385761,0.001,1000,503,2933,5.831013916500994,0.9142282344121428,0.5933997757916664,2515658791,0.9937654075546719,0.0408401147328978,1711.982,624.3334254452959,0.534,0.4993422527392825,500
ego,equalize,723,0.013572944381859298,0.001,1000,503,2933,5.831013916500994,0.9179346017315813,0.5945151606879098,3029092844,0.9955467196819084,0.003563490408824554,1717.778,737.7301160752003,0.512,0.5003565862730835,500
ego,equalize,724,0.07943105330539513,0.001,1000,503,2933,5.831013916500994,0.9056875928201673,0.5903645600202202,2563200291,0.9945049701789265,0.0035444931690065125,1767.088,648.8687892535244,0.48719284294234594,0.4973489840764436,500
ego,equalize,725,0.07303555267331972,0.001,1000,503,2933,5.831013916500994,0.9025817817269584,0.5940334878824689,3346809210,0.9962226640159045,0.003300145525237598,1778.44,649.1313066757858,0.44,0.49688407860903594,500
ego,equalize,726,0.06809278209413626,0.001,1000,503,2933,5.831013916500994,0.906178340797357,0.5931745440153828,2741135130,0.9977216699801192,0.0027174988343984826,1781.024,602.1977979033124,0.0,0.0,500
ego,equalize,727,0.0557376739155904,0.001,1000,503,2933,5.831013916500994,0.9106845459801708,0.5930209683050182,984532500,0.9973638170974154,0.0027109620405887996,1750.05,613.254669839668,0.0,0.0,500
ego,equalize,728,0.09013838506174023,0.001,1000,503,2933,5.831013916500994,0.9023553869419012,0.5730635145696298,4009930196,0.9971928429423459,0.0033361048084936916,1742.7,627.9026624461899,0.0,0.0,500
ego,equalize,729,0.0948612255245617,0.001,1000,503,2933,5.831013916500994,0.902371654830648,0.5925418608874626,265302997,0.9962982107355866,0.0029644292487637507,1808.658,616.7554552812956,0.49,0.5004006410899233,500
ego,equalize,730,0.06788277826370198,0.001,1000,503,2933,5.831013916500994,0.9045840877001882,0.5931903320578182,1430523573,0.9973598409542743,0.0029919954631630994,1709.506,627.3658660013684,0.0,0.0,500
ego,equalize,731,0.007070803801733728,0.001,1000,503,2933,5.831013916500994,0.9183521442094111,0.5940317431921506,2785036482,0.9955228628230616,0.0036328842666835484,1695.476,660.5472388356999,0.52,0.5001001903626929,500
ego,equalize,732,0.07381008845514556,0.001,1000,503,2933,5.831013916500994,0.9055710062841499,0.5935864820637126,4047949990,0.9954950298210735,0.003425708861988869,1752.886,612.4778913060272,0.498,0.5004967472301655,500
ego,equalize,733,0.060951020468667266,0.001,1000,503,2933,5.831013916500994,0.9064386270173029,0.5928580382274554,2244194337,0.9974353876739562,0.002821330536165211,1785.14,666.538616927565,0.0,0.0,500
ego,equalize,734,0.04656436463689111,0.001,1000,503,2933,5.831013916500994,0.9114803168713597,0.593827241593083,1917579500,0.9957654075546719,0.003251241029505933,1770.928,661.0698188745674,0.516,0.5002444292323064,500
ego,equalize,735,0.09392875673102502,0.001,1000,503,2933,5.831013916500994,0.901875484223876,0.5930915494411491,305855291,0.996131212723658,0.0034117149893840297,1753.054,680.7709315227938,0.458,0.498731858751642,500
ego,equalize,736,0.046464911710418326,0.001,1000,503,2933,5.831013916500994,0.9114206679459553,0.5934369432889861,1459264952,0.9958727634194832,0.0034251192170281406,1730.426,616.8017617927997,0.532,0.4994746739323223,500
ego,equalize,737,0.05155418478390707,0.001,1000,503,2933,5.831013916500994,0.9099741815049017,0.59451522626568,1172554768,0.9956143141153082,0.0034466391009986314,1792.25,629.1570078932303,0.51,0.5004006410899235,500
ego,equalize,738,0.013505479449599312,0.001,1000,503,2933,5.831013916500994,0.9175306158277068,0.592819521922009,2682524361,0.9962107355864811,0.002840401548504794,1702.054,690.4549218320949,0.494,0.5004647139007101,500
ego,equalize,739,0.07415401033672676,0.001,1000,503,2933,5.831013916500994,0.9061295371311172,0.5936855950527801,792984024,0.9974632206759443,0.0026757455887215964,1738.332,602.986091239638,0.0,0.0,500
ego,equalize,740,0.01124534334896531,0.001,1000,503,2933,5.831013916500994,0.9173326898479562,0.5936922660155696,2735570690,0.9958528827037774,0.003298107205903204,1671.606,587.6728763378198,0.522,0.5000160318071094,500
ego,equalize,741,0.09010082481261106,0.001,1000,503,2933,5.831013916500994,0.9026576985411092,0.5898348368827134,1378691079,0.9944652087475149,0.00357843143632361,1719.396,607.395338621196,0.7505805168986084,0.4314706377411507,500
ego,equalize,742,0.017397879444511988,0.001,1000,503,2933,5.831013916500994,0.9174140292916892,0.5925650537398317,2973753849,0.9946282306163021,0.0034337641153841555,1686.062,660.3552318414996,0.4945487077534791,0.4989851282899711,500
ego,equalize,743,0.09481246147572905,0.001,1000,503,2933,5.831013916500994,0.9011732536929802,0.5923714566341876,118026140,0.9975506958250497,0.0029343647235292474,1746.97,590.7864575096095,0.0,0.0,500
ego,equalize,744,0.09328854262678415,0.001,1000,503,2933,5.831013916500994,0.899147901544026,0.593426363626086,115287248,0.9964373757455269,0.0030680131483541346,1777.248,606.1958407070944,0.486,0.5003045164881453,500
ego,equalize,745,0.009350062304600627,0.001,1000,503,2933,5.831013916500994,0.9188862732232584,0.5932959492603543,309224581,0.9955387673956262,0.003490540352332667,1635.728,633.5034896184213,0.546,0.4983781310642015,500
ego,equalize,746,0.002907096985671631,0.001,1000,503,2933,5.831013916500994,0.9198203211687935,0.5940784110093695,2504166175,0.9954791252485089,0.0034485689591588656,1651.02,627.6286601726697,0.518,0.5001763216160985,500
ego,equalize,747,0.00695340156098,0.001,1000,503,2933,5.831013916500994,0.9189879475279248,0.5936009938639728,3071963133,0.995662027833002,0.0035021008838305597,1693.888,655.78537981932,0.526,0.49982361618333854,500
ego,equalize,748,0.014262980380236835,0.001,1000,503,2933,5.831013916500994,0.9173394681349339,0.593300641440271,2722502765,0.9954194831013916,0.003852498092431039,1710.526,614.516061061552,0.49,0.5004006410899231,500
ego,equalize,749,0.06472213805568243,0.001,1000,503,2933,5.831013916500994,0.9082064042611023,0.5937680264488404,1067713266,0.9946361829025845,0.003791994235470574,1716.976,597.8470956050945,0.540858846918489,0.4969395958838554,500
ego,equalize,750,0.07562701577797624,0.001,1000,503,2933,5.831013916500994,0.9074770605822956,0.5942439042262959,2630954691,0.9972882703777336,0.0028168378725759832,1737.064,601.9209795606648,0.0,0.0,500
ego,equalize,751,0.03552180510758226,0.001,1000,503,2933,5.831013916500994,0.9120768061254023,0.5923259408197202,3107076301,0.9972922465208748,0.0029883797189420073,1672.368,571.4049841292738,0.0,0.0,500
ego,equalize,752,0.049010971026862596,0.001,1000,503,2933,5.831013916500994,0.9108336682936815,0.5926162261068697,125089997,0.9954155069582505,0.003950343995669499,1747.904,624.7204062265869,0.003928429423459244,0.003979838679130896,500
ego,equalize,753,0.04999048686729286,0.001,1000,503,2933,5.831013916500994,0.9091336739196597,0.5939923287995916,2038320167,0.9955427435387674,0.003660544807380775,1679.338,606.6654446062988,0.514,0.5003045164881454,500
ego,equalize,754,0.0882759734059061,0.001,1000,503,2933,5.831013916500994,0.9047887919669166,0.5926764735789706,925188289,0.9956222664015905,0.0034475765956013945,1738.012,670.9818874176003,0.548,0.4981891054303972,500
ego,equalize,755,0.034653928635645204,0.001,1000,503,2933,5.831013916500994,0.9142377240139118,0.5929344128946997,1716312599,0.9955785288270378,0.0036919947399635163,1726.712,592.7394614789781,0.52,0.5001001903626928,500
ego,equalize,756,0.024413668899807995,0.001,1000,503,2933,5.831013916500994,0.9132020017637102,0.5925094643899399,1232265719,0.9947673956262425,0.003622010206735004,1728.144,624.9259124537181,0.5342743538767396,0.49803730720834316,500
ego,equalize,757,0.03046519876266035,0.001,1000,503,2933,5.831013916500994,0.9137605326106776,0.5925056588210612,1720140089,0.9954314115308152,0.0035382821065400977,1672.646,589.4606827235841,0.488,0.5003565862730833,500
ego,equalize,758,0.038897169422961925,0.001,1000,503,2933,5.831013916500994,0.9130162767005197,0.5939427139223725,1097508374,0.9972445328031808,0.002973798203887864,1723.25,687.7582965322179,0.0,0.0,500
ego,equalize,759,0.09727255110673434,0.001,1000,503,2933,5.831013916500994,0.9008112931683679,0.5926741361653305,1835827552,0.9973041749502981,0.0032828578847054497,1760.618,591.2906436995713,0.0,0.0,500
ego,equalize,760,0.013091650670554967,0.001,1000,503,2933,5.831013916500994,0.9171022280907124,0.5926000115892797,1308298933,0.996258449304175,0.003072746921258397,1676.082,559.6342271630863,0.522,0.5000160318071095,500
ego,equalize,761,0.034516824675146676,0.001,1000,503,2933,5.831013916500994,0.9114748942417774,0.5932403280312812,2358669667,0.9956739562624255,0.003712959850474344,1652.434,584.4476604278259,0.502,0.5004967472301652,500
ego,equalize,762,0.07001424514376496,0.001,1000,503,2933,5.831013916500994,0.9066663774597555,0.5941298148115075,3106162707,0.9946520874751491,0.0039087889994298,1784.372,648.6413684508038,0.5331809145129224,0.497145439157651,500
ego,equalize,763,0.08786788830097607,0.001,1000,503,2933,5.831013916500994,0.902072054546231,0.5934081120059129,2058989131,0.9973916500994036,0.0028497919203120717,1811.318,635.013370597561,0.0,0.0,500
ego,equalize,764,0.062128462750262514,0.001,1000,503,2933,5.831013916500994,0.9060766664926906,0.5938603841499102,2819878053,0.9964015904572565,0.0030790713069551415,1734.432,628.774140064959,0.466,0.49934225273928257,500
ego,equalize,765,0.027900873526492054,0.001,1000,503,2933,5.831013916500994,0.9155215315674992,0.5935934805801814,854830575,0.9956341948310139,0.0034569765093715775,1719.578,652.4791874812499,0.52,0.500100190362693,500
ego,equalize,766,0.0059697950757194975,0.001,1000,503,2933,5.831013916500994,0.9191614716745555,0.5912086867617008,4253698047,0.9956500994035785,0.0035334995235192577,1705.162,649.8887061773222,0.518,0.5001763216160986,500
ego,equalize,767,0.028464193814312335,0.001,1000,503,2933,5.831013916500994,0.9135707405753003,0.5949054180426289,2529832303,0.9954473161033798,0.003380705836553056,1687.592,595.1292087321647,0.456,0.4985590458957586,500
ego,equalize,768,0.08472763051416027,0.001,1000,503,2933,5.831013916500994,0.9039008363728301,0.5936781723760808,3371819009,0.9953717693836979,0.003186845309886091,1693.948,577.0878877227559,0.003968190854870775,0.002819985454767507,500
ego,equalize,769,0.05893318352505009,0.001,1000,503,2933,5.831013916500994,0.9087147757844343,0.5934361969456552,1169743014,0.9945328031809144,0.0034350925234721157,1729.318,612.4424482192279,0.7485129224652087,0.43258916537172076,500
ego,equalize,770,0.0825758930119016,0.001,1000,503,2933,5.831013916500994,0.9059316111513666,0.5837553123676771,2595376554,0.9961669980119284,0.003264440407888059,1750.732,600.4967751202829,0.00215506958250497,0.0019830292594498686,500
ego,equalize,771,0.008468346411335958,0.001,1000,503,2933,5.831013916500994,0.918649033179037,0.5899034933634166,3153887983,0.9954592445328031,0.003653997775517965,1670.576,635.4597535806982,0.492,0.500436683055404,500
ego,equalize,772,0.039721800329747495,0.001,1000,503,2933,5.831013916500994,0.9142363683565162,0.5909247693990209,1968415390,0.99758648111332,0.0027805412571864775,1735.962,637.7951880971818,0.0,0.0,500
ego,equalize,773,0.06423570378927328,0.001,1000,503,2933,5.831013916500994,0.9058977197164777,0.5928264530344484,458088686,0.9965328031809144,0.0028273348626280093,1732.3,578.920180292845,0.5,0.5005007512521915,500
ego,equalize,774,0.05866715194706395,0.001,1000,503,2933,5.831013916500994,0.9086876626365231,0.5931063061325491,961727134,0.9954711729622266,0.0034884134735155997,1719.286,585.8977902717252,0.494,0.5004647139007098,500
ego,equalize,775,0.07660069024611577,0.001,1000,503,2933,5.831013916500994,0.9021086572959109,0.592281746587576,1212507833,0.9964850894632207,0.0029905126097757267,1701.748,619.4812624810617,0.506,0.5004647139007099,500
ego,equalize,776,0.002414020116515625,0.001,1000,503,2933,5.831013916500994,0.9201565242028904,0.5934642564060447,3464089600,0.9936819085487077,0.04192501909135055,1670.196,632.9033693494354,0.522,0.5000160318071094,500
ego,equalize,777,0.08353771757600817,0.001,1000,503,2933,5.831013916500994,0.9036934207913108,0.5939375001674545,1937099237,0.9972842942345924,0.002916676959077639,1759.252,645.5042835304133,0.0,0.0,500
ego,equalize,778,0.09749097116172725,0.001,1000,503,2933,5.831013916500994,0.9020029160190578,0.5927503880315836,1600338929,0.9964771371769383,0.003337149308611603,1748.722,590.8247358167274,0.506,0.5004647139007099,500
ego,equalize,779,0.0900409188219169,0.001,1000,503,2933,5.831013916500994,0.900735376354217,0.5931431645732999,2880406727,0.9973757455268389,0.002987481064538501,1745.29,583.840887797805,0.0,0.0,500
ego,equalize,780,0.017711930017893552,0.001,1000,503,2933,5.831013916500994,0.9179264677872079,0.5872523424335365,2195201631,0.9945407554671969,0.003787128398860516,1685.67,594.2984185749121,0.5224015904572564,0.4986501569169129,500
ego,equalize,781,0.05309878215604479,0.001,1000,503,2933,5.831013916500994,0.9087296880157852,0.5922390610110148,1515079339,0.9973916500994036,0.0027765874135664615,1734.534,678.7560772979776,0.0,0.0,500
ego,equalize,782,0.07296816708376751,0.001,1000,503,2933,5.831013916500994,0.9043617598873177,0.5930206357924533,1803120893,0.9972405566600397,0.0031272844869995485,1734.52,623.8911073477927,0.0,0.0,500
ego,equalize,783,0.07883457972963923,0.001,1000,503,2933,5.831013916500994,0.9053364775547195,0.5904484925174742,403407800,0.9953479125248509,0.0039242097414314515,1743.618,613.4931554463825,0.488,0.5003565862730834,500
ego,equalize,784,0.06607665320749273,0.001,1000,503,2933,5.831013916500994,0.9062447680097391,0.591957959294804,1166861907,0.9975944333996024,0.0026415410986329667,1752.986,594.6449520866078,0.0,0.0,500
ego,equalize,785,0.08791529473485608,0.001,1000,503,2933,5.831013916500994,0.9040499586863409,0.5937548443203873,1633030270,0.9972803180914512,0.0031140353514220883,1702.81,557.6643910508293,0.0,0.0,500
ego,equalize,786,0.09225792694372874,0.001,1000,503,2933,5.831013916500994,0.9011746093503757,0.593201091375073,2315177242,0.9947037773359841,0.0036451863699094628,1774.112,580.7380035036684,0.7805009940357853,0.41251131446697875,500
ego,equalize,787,0.047385692696626174,0.001,1000,503,2933,5.831013916500994,0.911476249899173,0.5886935156773356,4113081774,0.9963737574552683,0.003147209647978463,1782.0,604.7875626961785,0.52,0.5001001903626928,500
ego,equalize,788,0.06834698140626584,0.001,1000,503,2933,5.831013916500994,0.9068873496152305,0.5946295984173727,3958581013,0.9942306163021868,0.003836434044683416,1676.584,607.5328462416868,0.47459244532803185,0.4982827747492091,500
ego,equalize,789,0.01994015206197688,0.001,1000,503,2933,5.831013916500994,0.916184448033924,0.5927466471063255,101856066,0.9958091451292246,0.0035645660507231565,1752.668,683.7377922223005,0.512,0.5003565862730835,500
ego,equalize,790,0.023582157797159265,0.001,1000,503,2933,5.831013916500994,0.9152178643108956,0.5917221336219242,3182308804,0.9953956262425447,0.0035910259686871555,1719.234,624.8854381930593,0.492,0.5004366830554042,500
ego,equalize,791,0.012284813460280665,0.001,1000,503,2933,5.831013916500994,0.9184565298288686,0.5948919627698124,1539347058,0.9936580516898609,0.043152061190821954,1732.75,606.0099335647545,0.496,0.5004847349718867,500
ego,equalize,792,0.06632446526222717,0.001,1000,503,2933,5.831013916500994,0.9034968504689558,0.5934035427649417,2229274803,0.9942107355864811,0.0038569529036584474,1694.554,592.2888105935384,0.7404254473161034,0.4370452003568702,500
ego,equalize,793,0.07327980743147886,0.001,1000,503,2933,5.831013916500994,0.9065823267012314,0.5937378632666231,678720215,0.9964572564612325,0.003249642484253108,1757.294,637.3145654027916,0.49,0.5004006410899234,500
ego,equalize,794,0.04269609555971807,0.001,1000,503,2933,5.831013916500994,0.9106343866565354,0.5876636894668158,1225704797,0.9954870775347912,0.003488631441743903,1688.818,631.1291253156069,0.516,0.5002444292323062,500
ego,equalize,795,0.0008581302019977422,0.001,1000,503,2933,5.831013916500994,0.9203246257199388,0.5935744325488712,3687616831,0.9938409542743538,0.04263847444961997,1682.8,615.0915470256808,0.54,0.49889657805118526,500
ego,equalize,796,0.027379055870845083,0.001,1000,503,2933,5.831013916500994,0.9147759199999458,0.5909966516028503,669602591,0.9963260437375745,0.003297081567853689,1709.312,591.6339104750909,0.498,0.5004967472301649,500
ego,equalize,797,0.012233547860185257,0.001,1000,503,2933,5.831013916500994,0.918270804765678,0.5914457945528077,676159746,0.9959244532803181,0.0030516817174043175,1707.914,636.891447607889,0.54,0.49889657805118515,500
ego,equalize,798,0.00395743067829838,0.001,1000,503,2933,5.831013916500994,0.9191248689248755,0.5924508221188604,746836142,0.9955467196819084,0.0034551522157897294,1655.76,650.862931431052,0.506,0.5004647139007099,500
ego,equalize,799,0.023503701745084128,0.001,1000,503,2933,5.831013916500994,0.9164176211059588,0.5973620936178085,1850470724,0.9945526838966202,0.0035423114800353732,1727.756,610.4806185582559,0.7784294234592445,0.4138288966720866,500
ego,equalize,800,0.07232045417958653,0.001,1000,503,2933,5.831013916500994,0.904657293199548,0.5872158320492304,603569029,0.9955387673956262,0.003744525872756201,1704.692,593.0992822903315,0.0,0.0,500
ego,equalize,801,0.07773830761778194,0.001,1000,503,2933,5.831013916500994,0.9055005120995812,0.5933166373774493,1196202463,0.9956302186878728,0.003430071393540227,1738.604,596.0745666122015,0.496,0.5004847349718868,500
ego,equalize,802,0.07378889172323187,0.001,1000,503,2933,5.831013916500994,0.9059627912714643,0.5944883055589167,1535028302,0.9957097415506959,0.0032487648995451197,1754.674,595.5509529832008,0.504,0.5004847349718868,500
ego,equalize,803,0.0043733020808211735,0.001,1000,503,2933,5.831013916500994,0.9194475153850168,0.5917107320984746,4263369122,0.9959005964214712,0.003459594384201924,1720.358,624.894952162743,0.542,0.4987318587516421,500
ego,equalize,804,0.027783246458905377,0.001,1000,503,2933,5.831013916500994,0.9143515992351381,0.5930216361284223,3603477170,0.9954194831013916,0.003798666243339216,1723.862,637.3711374778272,0.542,0.498731858751642,500
ego,equalize,805,0.049785508923381606,0.001,1000,503,2933,5.831013916500994,0.9088733876997137,0.5928518920901412,1645311151,0.9942823061630218,0.004113524441643432,1696.73,573.6558577983604,0.4626441351888668,0.4975641722717747,500
ego,equalize,806,0.045040939204106935,0.001,1000,503,2933,5.831013916500994,0.9097423640902624,0.5938468335206007,3125180372,0.9974791252485089,0.0029971268177890627,1744.714,664.1272816987669,0.0,0.0,500
ego,equalize,807,0.008720247822613648,0.001,1000,503,2933,5.831013916500994,0.918624631345917,0.5919172353069069,3355820858,0.9954512922465208,0.003522498550326549,1729.426,605.2513684097904,0.52,0.5001001903626929,500
ego,equalize,808,0.08300353937765148,0.001,1000,503,2933,5.831013916500994,0.9046600045143391,0.5925388739912737,838581720,0.9974234592445328,0.0029087500427410866,1739.452,653.1658402931458,0.0,0.0,500
ego,equalize,809,0.07464358522666477,0.001,1000,503,2933,5.831013916500994,0.9034412685157382,0.5933858073439211,4285796449,0.9957097415506959,0.003650577743358752,1763.1,657.8634924887525,0.528,0.49971534983600757,500
ego,equalize,810,0.04750629692842323,0.001,1000,503,2933,5.831013916500994,0.9093695583064857,0.5930963702778567,581392437,0.9975387673956262,0.0026200563288321815,1724.456,631.817805655306,0.0,0.0,500
ego,equalize,811,0.08803637249112653,0.001,1000,503,2933,5.831013916500994,0.9016043527447657,0.5936318443207372,1734022704,0.9974512922465208,0.0026087861486027574,1705.784,614.6273594023061,0.0,0.0,500
ego,equalize,812,0.08513785595977043,0.001,1000,503,2933,5.831013916500994,0.9026753220872515,0.5935216358206321,1565686502,0.9956302186878728,0.003530214049600775,1759.576,621.4870074465354,0.504,0.5004847349718867,500
ego,equalize,813,0.05651488046726655,0.001,1000,503,2933,5.831013916500994,0.9106059178512288,0.5924622427259928,1004835167,0.995610337972167,0.003511057068736042,1759.834,609.8530642408281,0.548,0.49818910543039685,500
ego,equalize,814,0.036740448842237865,0.001,1000,503,2933,5.831013916500994,0.9129498494881376,0.5932167056761378,680337748,0.9955109343936382,0.00365621463985587,1724.768,625.0483092960958,0.552,0.4977866844003892,500
ego,equalize,815,0.03589053653964132,0.001,1000,503,2933,5.831013916500994,0.9109529661444901,0.5947314855919889,1564404540,0.9956381709741551,0.0030183182211551817,1725.992,670.4440187671162,0.5269900596421471,0.49773218561707727,500
ego,equalize,816,0.020666062376838348,0.001,1000,503,2933,5.831013916500994,0.9152246425978733,0.5938647225196966,3464092836,0.9953797216699801,0.003546012404820875,1690.47,619.1967460513994,0.46,0.498896578051185,500
ego,equalize,817,0.07355311536685738,0.001,1000,503,2933,5.831013916500994,0.9078159749311834,0.5850511446965173,152595989,0.9957972166998011,0.003152226539366989,1801.426,611.0671506874666,0.0039602385685884684,0.003980093417337297,500
ego,equalize,818,0.03376571402527845,0.001,1000,503,2933,5.831013916500994,0.9141834977180896,0.5936648512901975,3959173190,0.9955467196819084,0.003583439195443753,1677.792,652.0312586529275,0.496,0.500484734971887,500
ego,equalize,819,0.0425793320429322,0.001,1000,503,2933,5.831013916500994,0.9094237846023077,0.5938799604539408,918009837,0.9954950298210735,0.003716275585002176,1684.744,601.119522078303,0.484,0.5002444292323062,500
ego,equalize,820,0.0838144427589605,0.001,1000,503,2933,5.831013916500994,0.9019134426309514,0.5940319048929733,3362295351,0.9963777335984095,0.0031354167752019662,1717.57,621.7620615817957,0.524,0.4999238418953341,500
ego,equalize,821,0.009524486488360807,0.001,1000,503,2933,5.831013916500994,0.9174275858656449,0.5941604357350654,1941948408,0.99558648111332,0.003514926112637201,1663.254,618.4911641440387,0.518,0.5001763216160987,500
ego,equalize,822,0.046028488503747314,0.001,1000,503,2933,5.831013916500994,0.9107563958221351,0.5954732151161424,2679606573,0.995558648111332,0.003612522271789486,1709.398,631.1618510020395,0.502,0.5004967472301652,500
ego,equalize,823,0.09659538132877403,0.001,1000,503,2933,5.831013916500994,0.9001687115628764,0.593661625099454,3562508919,0.9972763419483102,0.003083698206382403,1699.002,607.0181447470118,0.0,0.0,500
ego,equalize,824,0.0007241951120130153,0.001,1000,503,2933,5.831013916500994,0.9201673694620548,0.5934359506699529,2077294512,0.9956143141153082,0.0034649750748190693,1655.656,592.0051705076703,0.54,0.49889657805118504,500
ego,equalize,825,0.019415466165158525,0.001,1000,503,2933,5.831013916500994,0.9163783070414878,0.5937682860719521,721498379,0.9954234592445328,0.0037053640849241294,1710.914,642.4663076901654,0.526,0.49982361618333837,500
ego,equalize,826,0.060273790884977245,0.001,1000,503,2933,5.831013916500994,0.9068534581803417,0.5918850823306265,878760363,0.9965288270377733,0.0030916402755469855,1717.5,605.3933566140818,0.512,0.5003565862730837,500
ego,equalize,827,0.07462891993437355,0.001,1000,503,2933,5.831013916500994,0.9021927080544351,0.5937517425236737,282214861,0.9954990059642147,0.003653434135200961,1704.382,608.734523018886,0.0041669980119284295,0.003975537510102059,500
ego,equalize,828,0.011331936583362857,0.001,1000,503,2933,5.831013916500994,0.9175157035963557,0.5955290071486151,2005963393,0.9955427435387674,0.0037397486517875373,1751.948,672.9419670953476,0.538,0.49905321180855344,500
ego,equalize,829,0.015222589711330026,0.001,1000,503,2933,5.831013916500994,0.9164298220225189,0.593585716402466,3237428744,0.9955427435387674,0.0035462424676045556,1626.338,633.4948454363214,0.506,0.5004647139007098,500
ego,equalize,830,0.02915283369817743,0.001,1000,503,2933,5.831013916500994,0.9144112481605423,0.5938044729787237,1842352946,0.9963260437375745,0.0032315675985668687,1685.008,569.1454480341876,0.534,0.49934225273928234,500
ego,equalize,831,0.0329022674336751,0.001,1000,503,2933,5.831013916500994,0.9133063873831677,0.5931307953104087,568441987,0.9956063618290257,0.003585372740717697,1701.168,597.8034540845601,0.51,0.5004006410899234,500
ego,equalize,832,0.05889466451294435,0.001,1000,503,2933,5.831013916500994,0.9070676520488389,0.5927174541361356,4198330015,0.9975745526838966,0.0026666839231726824,1738.686,612.9747298566928,0.0,0.0,500
ego,equalize,833,0.08264220870792816,0.001,1000,503,2933,5.831013916500994,0.9054517084333413,0.5840479412361645,471415206,0.9972842942345924,0.003149109211049836,1722.562,597.0261087297691,0.0,0.0,500
ego,equalize,834,0.08497587673878965,0.001,1000,503,2933,5.831013916500994,0.9036039474032044,0.5924558389217224,2798805507,0.9947157057654075,0.0034058780922604903,1815.93,668.7366675763504,0.7664453280318091,0.4216789228423467,500
ego,equalize,835,0.033131158860809105,0.001,1000,503,2933,5.831013916500994,0.9129972974969819,0.5933501855031683,4224942334,0.9965089463220675,0.002862139040795422,1690.648,627.0548585948239,0.524,0.4999238418953338,500
ego,equalize,836,0.0669855249698985,0.001,1000,503,2933,5.831013916500994,0.906374911119712,0.584762510740369,1555674535,0.9952564612326044,0.0033988754988884336,1761.764,621.9363004582183,0.7430457256461233,0.4362993379338882,500
ego,equalize,837,0.046722133846375836,0.001,1000,503,2933,5.831013916500994,0.9113772869092976,0.5871455868130326,1071029336,0.9953836978131212,0.0035006530971234276,1749.596,609.0531440264446,0.508,0.5004366830554045,500
ego,equalize,838,0.027315378550094915,0.001,1000,503,2933,5.831013916500994,0.9136683479077801,0.5932382187125027,1847665619,0.9955149105367793,0.004069891674476197,1691.502,627.8018160506331,0.528,0.4997153498360075,500
ego,equalize,839,0.043939396853218265,0.001,1000,503,2933,5.831013916500994,0.9107740193682772,0.5934905769415623,1355338529,0.9954075546719682,0.04158430508210464,1719.596,617.7282843212708,0.0,0.0,500
ego,equalize,840,0.07858249177511353,0.001,1000,503,2933,5.831013916500994,0.9039306608355323,0.593118796654142,3201687238,0.9972882703777336,0.0029406527283355444,1728.462,630.2703530961803,0.0,0.0,500
ego,equalize,841,0.053311155111666925,0.001,1000,503,2933,5.831013916500994,0.9104676407968825,0.5935195818667565,1061971023,0.9973200795228628,0.002967059916321709,1757.176,652.6872254399537,0.0,0.0,500
ego,equalize,842,0.07317834567495121,0.001,1000,503,2933,5.831013916500994,0.9060576872891529,0.593526263247622,971537540,0.9956063618290257,0.003504940426776258,1701.232,587.4486138581378,0.508,0.5004366830554041,500
ego,equalize,843,0.08970401754635815,0.001,1000,503,2933,5.831013916500994,0.9026034722452873,0.5937621417832647,98278650,0.9962942345924453,0.003497930088741187,1719.076,591.1794689881458,0.0020914512922465206,0.001987370243273711,500
ego,equalize,844,0.004763223068327816,0.001,1000,503,2933,5.831013916500994,0.918612430429357,0.5927611862086103,3655808726,0.9954155069582505,0.0033704188565422356,1692.662,586.033858341175,0.504,0.5004847349718866,500
ego,equalize,845,0.07990925718137112,0.001,1000,503,2933,5.831013916500994,0.9020856111201865,0.594213974931061,255763214,0.9973240556660039,0.003202878290540345,1740.88,603.3446570164523,0.0,0.0,500
ego,equalize,846,0.07910850824398807,0.001,1000,503,2933,5.831013916500994,0.9053812142487726,0.5933789424908976,3029467995,0.9964015904572565,0.0029097818991527433,1756.954,628.4858732459621,0.532,0.49947467393232214,500
ego,equalize,847,0.09497294353241431,0.001,1000,503,2933,5.831013916500994,0.9026983682629758,0.5917735495239138,4215199898,0.9935109343936382,0.04269462684757148,1719.116,607.2915878631768,0.498,0.5004967472301654,500
ego,equalize,848,0.031224743801303457,0.001,1000,503,2933,5.831013916500994,0.9135964980658158,0.5944495456817748,170393341,0.9953359840954275,0.0037833618640997287,1730.94,621.0662403881729,0.496,0.5004847349718868,500
ego,equalize,849,0.0026640537623394914,0.001,1000,503,2933,5.831013916500994,0.9199450416491843,0.5957268449446245,2632244546,0.994131212723658,0.04155495212487972,1705.634,649.483941930554,0.514,0.5003045164881456,500
ego,equalize,850,0.03686469873553895,0.001,1000,503,2933,5.831013916500994,0.9120740948106112,0.5931915584133912,923876484,0.9974155069582505,0.002744555393547692,1705.784,599.5872739996107,0.0,0.0,500
ego,equalize,851,0.0292700271651998,0.001,1000,503,2933,5.831013916500994,0.9152992037546287,0.5860843509327528,598096311,0.9954990059642147,0.003450509215550768,1711.46,633.5871129208032,0.498,0.500496747230165,500
ego,equalize,852,0.004421536487437406,0.001,1000,503,2933,5.831013916500994,0.9194976747086523,0.5933650787597786,351225555,0.9953280318091452,0.00350132277288648,1705.536,603.7960218285248,0.482,0.5001763216160985,500
ego,equalize,853,0.053822938571899674,0.001,1000,503,2933,5.831013916500994,0.9093397338437835,0.5928913684433944,941782229,0.9937852882703777,0.003985158923942284,1688.08,569.3108353566694,0.4999920477137177,0.4985703789203424,500
ego,equalize,854,0.02596548977173655,0.001,1000,503,2933,5.831013916500994,0.915017227016354,0.5930198406967647,1413931133,0.9956222664015905,0.0035248250854508214,1679.55,600.0181155414862,0.48,0.5001001903626929,500
ego,equalize,855,0.05246853756000839,0.001,1000,503,2933,5.831013916500994,0.9092922858349393,0.5935914293116831,951741761,0.9956063618290257,0.003522972973474986,1735.886,635.7596414111978,0.00431013916500994,0.003966058518899737,500
ego,equalize,856,0.09695613054557467,0.001,1000,503,2933,5.831013916500994,0.8984144908930326,0.5910771451038874,3036330143,0.9975029821073558,0.0029453357193322486,1694.78,551.0005033658491,0.0,0.0,500
ego,equalize,857,0.01929944890490687,0.001,1000,503,2933,5.831013916500994,0.9166792629833003,0.5896487702531055,4025214293,0.9952604373757454,0.003801250920506989,1698.644,643.5629166751601,0.484,0.5002444292323064,500
ego,equalize,858,0.024395014193200004,0.001,1000,503,2933,5.831013916500994,0.9170480017948904,0.5932581105869028,210370184,0.9938767395626242,0.04227717452149387,1770.91,648.3234597922816,0.576,0.49468517953715496,500
ego,equalize,859,0.07519776128307612,0.001,1000,503,2933,5.831013916500994,0.9044485219606331,0.5937837957084627,946257958,0.9958489065606361,0.0033727046932525194,1771.666,626.2331885623067,0.538,0.4990532118085535,500
ego,equalize,860,0.08473457977452127,0.001,1000,503,2933,5.831013916500994,0.9021303478142396,0.5934522266388801,946185828,0.9976182902584493,0.002683853089819671,1723.856,609.166916311002,0.0,0.0,500
ego,equalize,861,0.09021873511534967,0.001,1000,503,2933,5.831013916500994,0.902673966429856,0.5929788441571062,1738239620,0.9952922465208748,0.003635107470231231,1688.93,605.6632306802157,0.496,0.5004847349718867,500
ego,equalize,862,0.03532463357521085,0.001,1000,503,2933,5.831013916500994,0.913351124077221,0.5929148032850498,3715714311,0.9937614314115308,0.042987147311385,1714.552,633.2201313647025,0.532,0.49947467393232214,500
ego,equalize,863,0.07390047975730812,0.001,1000,503,2933,5.831013916500994,0.9072587997416117,0.5835667920207294,1486115599,0.9973518886679921,0.002963640929463201,1758.958,624.6431672633728,0.0,0.0,500
ego,equalize,864,0.06758742489172019,0.001,1000,503,2933,5.831013916500994,0.9056442117835096,0.5921445993410335,2526661970,0.9954910536779324,0.0036217915177416673,1720.998,598.2268304559358,0.512,0.5003565862730834,500
ego,equalize,865,0.09420541642957787,0.001,1000,503,2933,5.831013916500994,0.8994136103935542,0.5783206472245046,3696601766,0.9973518886679921,0.0030087325087205614,1790.85,613.8247446415535,0.0,0.0,500
ego,equalize,866,0.06471590834643669,0.001,1000,503,2933,5.831013916500994,0.9077170119413082,0.5848168999338047,663247360,0.9972644135188866,0.002910274556379031,1720.412,603.7832115827488,0.0,0.0,500
ego,equalize,867,0.08656193962836482,0.001,1000,503,2933,5.831013916500994,0.9034141553678272,0.5937950081091531,3691477583,0.9942067594433399,0.0038127252543965666,1764.7,639.467509253427,0.5020159045725646,0.4984468905368543,500
ego,equalize,868,0.06504958357413897,0.001,1000,503,2933,5.831013916500994,0.908407041555644,0.5933364779212149,1264411673,0.9962306163021868,0.003340214453142994,1720.548,553.156042098267,0.484,0.5002444292323062,500
ego,equalize,869,0.08925352254105033,0.001,1000,503,2933,5.831013916500994,0.9023906340341856,0.5940848457730342,514196384,0.9963856858846918,0.002987001141296368,1692.112,567.0199173126624,0.54,0.49889657805118515,500
ego,equalize,870,0.02807502521574237,0.001,1000,503,2933,5.831013916500994,0.9132589393743235,0.5933398750230792,729524142,0.9958011928429423,0.003173794906492843,1734.028,628.2304945835161,0.502,0.5004967472301655,500
ego,equalize,871,0.05629817977705459,0.001,1000,503,2933,5.831013916500994,0.910136860392368,0.5934830695600054,1299850862,0.9971332007952286,0.00316578622633633,1708.306,579.5538332677222,0.0,0.0,500
ego,equalize,872,0.07963732192467476,0.001,1000,503,2933,5.831013916500994,0.9039903097609366,0.5943280844975385,2176655974,0.9974115308151094,0.0030975988064580787,1764.148,640.9233210790552,0.0,0.0,500
ego,equalize,873,0.04292291869824837,0.001,1000,503,2933,5.831013916500994,0.9113908434832533,0.5935547481564376,4036974507,0.9954751491053678,0.003761073060283928,1801.128,665.568688396583,0.514,0.5003045164881452,500
ego,equalize,874,0.02929179879338171,0.001,1000,503,2933,5.831013916500994,0.9139408350442859,0.5938044556267358,1427637983,0.9973479125248509,0.0030483992157260796,1678.218,631.8021830232512,0.0,0.0,500
ego,equalize,875,0.045467749399972515,0.001,1000,503,2933,5.831013916500994,0.9102114215491233,0.5936807577523133,2218384258,0.9956421471172962,0.003339000119449526,1688.73,632.2458911164764,0.494,0.50046471390071,500
ego,equalize,876,0.0027535881248383024,0.001,1000,503,2933,5.831013916500994,0.9199423303343932,0.5930397663442765,3843823584,0.9956898608349901,0.0034969517328932885,1704.964,656.5660611769227,0.528,0.4997153498360075,500
ego,equalize,877,0.025815555031125995,0.001,1000,503,2933,5.831013916500994,0.9147799869721325,0.5939506467026279,4168197334,0.9974870775347912,0.0026268103036774355,1686.636,587.2711454691105,0.0,0.0,500
ego,equalize,878,0.06641209989055444,0.001,1000,503,2933,5.831013916500994,0.9044512332754242,0.5935059216152584,2183061792,0.9965049701789265,0.003153753910011031,1789.25,612.1421104832227,0.508,0.500436683055404,500
ego,equalize,879,0.008261283122225516,0.001,1000,503,2933,5.831013916500994,0.9189350768894984,0.5901482718571504,229230880,0.99389662027833,0.042439274223395704,1666.368,596.7182332355459,0.498,0.5004967472301654,500
ego,equalize,880,0.06914377151654016,0.001,1000,503,2933,5.831013916500994,0.9075950027757086,0.5933888206912095,2392990445,0.9964572564612325,0.0032472041633364655,1748.256,618.6477613061718,0.542,0.49873185875164205,500
ego,equalize,881,0.060281740767733155,0.001,1000,503,2933,5.831013916500994,0.9051534638063199,0.5932514501565805,2673706539,0.9973280318091452,0.0029768995591112576,1752.774,670.8208047072302,0.0,0.0,500
ego,equalize,882,0.03293375596081787,0.001,1000,503,2933,5.831013916500994,0.9130610133945729,0.5931833961625194,3134746882,0.9958489065606361,0.0033254035854954397,1716.016,658.5375183466319,0.528,0.49971534983600757,500
ego,equalize,883,0.06457696148932207,0.001,1000,503,2933,5.831013916500994,0.908537184665617,0.5843602972498715,4035160376,0.9954990059642147,0.0036207678776960074,1767.372,619.5900202572707,0.496,0.500484734971887,500
ego,equalize,884,0.026752119333677604,0.001,1000,503,2933,5.831013916500994,0.9152449774588066,0.5927211906663258,1089188229,0.9947037773359841,0.0423779201178098,1748.5,637.598897983222,0.524,0.4999238418953341,500
ego,equalize,885,0.061143025455515004,0.001,1000,503,2933,5.831013916500994,0.9070934095393545,0.5929820979210388,3443973894,0.9957852882703777,0.0035519133757743364,1712.216,612.2965257249379,0.54,0.4988965780511851,500
ego,equalize,886,0.09084922646335253,0.001,1000,503,2933,5.831013916500994,0.9005496512910264,0.5937002201649542,774486819,0.9957375745526839,0.0032961012689349724,1765.804,595.8778216553133,0.532,0.4994746739323224,500
ego,equalize,887,0.07688412346337158,0.001,1000,503,2933,5.831013916500994,0.9062203661766192,0.5923720570449952,942412630,0.9974353876739562,0.003295281726753132,1757.732,618.3740592313527,0.0,0.0,500
ego,equalize,888,0.026328776002757993,0.001,1000,503,2933,5.831013916500994,0.9149033517951276,0.5942836145637292,4245067598,0.9966322067594433,0.0030522422980666848,1704.518,647.3290039498534,0.504,0.500484734971887,500
ego,equalize,889,0.030240402948198998,0.001,1000,503,2933,5.831013916500994,0.9134256852339764,0.5945505173457244,4174415207,0.9956739562624255,0.003398887150808257,1704.268,606.0927561306671,0.558,0.49712197750757536,500
ego,equalize,890,0.04957601303667665,0.001,1000,503,2933,5.831013916500994,0.9101463499941368,0.5941202962171663,717451470,0.9972246520874751,0.003108057362659004,1706.074,561.1691100409292,0.0,0.0,500
ego,equalize,891,0.021218904401128558,0.001,1000,503,2933,5.831013916500994,0.9154429034385572,0.5919487581935561,2209912477,0.9955427435387674,0.0035950446971699736,1738.302,608.2438095531423,0.5,0.5005007512521914,500
ego,equalize,892,0.032334715165052035,0.001,1000,503,2933,5.831013916500994,0.9121378107082022,0.5935580559749425,373812198,0.9955149105367793,0.003574622265569254,1684.154,617.1848317295509,0.504,0.5004847349718866,500
ego,equalize,893,0.013518798785258457,0.001,1000,503,2933,5.831013916500994,0.9167606024270334,0.5839431859386459,19242418,0.9955029821073558,0.003567353652680778,1664.224,583.5220662731234,0.506,0.5004647139007098,500
ego,equalize,894,0.02464881429631114,0.001,1000,503,2933,5.831013916500994,0.9156530303348678,0.5924212009991178,4111387037,0.9955666003976142,0.0034406220364622086,1691.236,626.379433485317,0.5,0.5005007512521915,500
ego,equalize,895,0.06509100880902138,0.001,1000,503,2933,5.831013916500994,0.9093546460751345,0.5932597539333957,2955953351,0.9956978131212724,0.0036614470021320623,1790.444,663.845962394572,0.532,0.49947467393232226,500
ego,equalize,896,0.06993439507204639,0.001,1000,503,2933,5.831013916500994,0.906519966461036,0.5942298546368494,4292362649,0.9957296222664016,0.0034227318517634315,1716.516,613.5441488509025,0.514,0.5003045164881453,500
ego,equalize,897,0.06501795139792708,0.001,1000,503,2933,5.831013916500994,0.9067219594129733,0.5944025184603456,589231969,0.995300198807157,0.004068451254241163,1702.564,615.203169516841,0.492,0.5004366830554041,500
ego,equalize,898,0.09747519799091857,0.001,1000,503,2933,5.831013916500994,0.9001931133959964,0.5932525435467378,1529198405,0.994699801192843,0.0036142759000709315,1767.95,585.1193594726288,0.7845487077534791,0.4097820568994676,500
ego,equalize,899,0.07713016750837187,0.001,1000,503,2933,5.831013916500994,0.9075163746467666,0.593553900713872,4263209642,0.9946163021868787,0.0037478411548985363,1803.468,631.1495516032455,0.7724612326043738,0.41782825168880605,500
ego,equalize,900,0.07435960696301142,0.001,1000,503,2933,5.831013916500994,0.9046383139960104,0.5936206482998626,54146103,0.9946163021868787,0.0036731273357716665,1719.24,583.4587892194572,0.5224652087475149,0.4984561317051734,500
ego,equalize,901,0.02360197577594122,0.001,1000,503,2933,5.831013916500994,0.9155011967065659,0.592483693646759,2590048914,0.9955904572564612,0.0034734865765402917,1671.78,606.3708922085848,0.514,0.5003045164881453,500
ego,equalize,902,0.06206900697539422,0.001,1000,503,2933,5.831013916500994,0.9084246651017861,0.5902100125602417,1399538239,0.9961431411530814,0.003553474019457012,1730.392,591.5245429445945,0.53,0.49959903762596825,500
ego,equalize,903,0.03919042778075829,0.001,1000,503,2933,5.831013916500994,0.9119683535337583,0.5935846279786232,1494627358,0.9956858846918488,0.003366148435742369,1706.382,619.9782464960011,0.526,0.4998236161833384,500
ego,equalize,904,0.031302474128354754,0.001,1000,503,2933,5.831013916500994,0.9155811804929035,0.5954044434098014,499179319,0.9956540755467197,0.003557374859813175,1715.65,644.4255893277059,0.528,0.4997153498360077,500
ego,equalize,905,0.008788474117080747,0.001,1000,503,2933,5.831013916500994,0.9182518255621402,0.5981788144320112,2890679835,0.993948310139165,0.04314803035803738,1676.242,638.520869853505,0.532,0.4994746739323222,500
ego,equalize,906,0.05262095558072939,0.001,1000,503,2933,5.831013916500994,0.9099619805883417,0.5927056155040977,2002070969,0.994882703777336,0.003384583476124734,1781.462,635.4873380876594,0.756544731610338,0.42790243280602924,500
ego,equalize,907,0.04208948155701926,0.001,1000,503,2933,5.831013916500994,0.9118314321368075,0.5931628931174509,2453294404,0.9963499005964215,0.0033330453903036936,1723.114,626.6876988962653,0.0037534791252485083,0.003973879521558708,500
ego,equalize,908,0.032997452848602574,0.001,1000,503,2933,5.831013916500994,0.9138391607396196,0.5921533607763008,2315262530,0.9955149105367793,0.0034984735015458493,1735.286,654.1073559211366,0.478,0.5000160318071094,500
ego,equalize,909,0.034474335473789953,0.001,1000,503,2933,5.831013916500994,0.9133565467068032,0.5931790910751669,3695294361,0.9972604373757454,0.003198443615332264,1672.98,608.8257033619295,0.0,0.0,500
ego,equalize,910,0.06994219241625235,0.001,1000,503,2933,5.831013916500994,0.906952421170217,0.5930993275781469,86287060,0.9962147117296222,0.0033624309250112764,1760.56,680.2217415190947,0.496,0.5004847349718867,500
ego,equalize,911,0.06273659223298994,0.001,1000,503,2933,5.831013916500994,0.9077929287554591,0.5932296850407518,3533271208,0.9971888667992048,0.0029854945829072012,1721.51,637.5672779934179,0.0,0.0,500
ego,equalize,912,0.010857495294031261,0.001,1000,503,2933,5.831013916500994,0.9184524628566819,0.593344878044665,2844583856,0.9955904572564612,0.003618673763570867,1684.162,621.8832473242909,0.536,0.4992017676347106,500
ego,equalize,913,0.08347362387005824,0.001,1000,503,2933,5.831013916500994,0.9026956569481848,0.5662081078635879,3545077355,0.9971848906560636,0.0031684797009778128,1732.154,613.1505242718378,0.0,0.0,500
ego,equalize,914,0.08399417294224502,0.001,1000,503,2933,5.831013916500994,0.9042180602033894,0.5925354916063157,2243230015,0.996544731610338,0.002893030917255567,1685.522,582.6562194434314,0.54,0.49889657805118526,500
ego,equalize,915,0.09806749136412818,0.001,1000,503,2933,5.831013916500994,0.8997565917146287,0.592818458670305,2267512420,0.9974075546719682,0.002672605951999959,1730.538,635.0072574309524,0.0,0.0,500
ego,equalize,916,0.04128618076065741,0.001,1000,503,2933,5.831013916500994,0.909166209697153,0.5937140944592959,672529133,0.9956381709741551,0.0032016910334102307,1764.108,664.9432994767587,0.5,0.5005007512521914,500
ego,equalize,917,0.0013934048808256106,0.001,1000,503,2933,5.831013916500994,0.919776940132136,0.5910733187423867,1579471106,0.9918886679920477,0.058920696746774595,1675.138,656.8434254272886,0.472,0.49971534983600746,500
ego,equalize,918,0.02689593090453949,0.001,1000,503,2933,5.831013916500994,0.9129037571366889,0.5932736930430936,3325576003,0.9945964214711729,0.0036164842610031216,1672.304,588.3878211180788,0.5073677932405566,0.498132049866546,500
ego,equalize,919,0.07462179051486109,0.001,1000,503,2933,5.831013916500994,0.9065267447480138,0.5934452524667359,451340293,0.9963141153081511,0.00315704729737609,1749.178,614.4933445179975,0.476,0.49992384189533384,500
ego,equalize,920,0.08918646246226265,0.001,1000,503,2933,5.831013916500994,0.9036825755321464,0.577883568069019,1230965622,0.9966163021868787,0.0030708903979481915,1780.41,600.2873108863973,0.544,0.4985590458957584,500
ego,equalize,921,0.07533508338794298,0.001,1000,503,2933,5.831013916500994,0.9064969202853117,0.5926601826168343,2833242510,0.9965248508946322,0.003083310327730221,1763.608,641.3236955711226,0.002226640159045725,0.0019756822211094856,500
ego,equalize,922,0.044741164762789755,0.001,1000,503,2933,5.831013916500994,0.9117921180723365,0.59316963399517,1008823101,0.9964930417495029,0.0030677343117665725,1737.886,614.2239878240157,0.538,0.4990532118085534,500
ego,equalize,923,0.005815663584504438,0.001,1000,503,2933,5.831013916500994,0.9193390627933727,0.5912430646701965,102416803,0.9954592445328031,0.003748162378380399,1667.942,627.2717036631198,0.528,0.49971534983600746,500
ego,equalize,924,0.04152142599507496,0.001,1000,503,2933,5.831013916500994,0.9110776866248808,0.5939005784542459,801365081,0.9947475149105368,0.003745251341490527,1729.004,626.0577870207981,0.756544731610338,0.4279025994007186,500
ego,equalize,925,0.07576710154405401,0.001,1000,503,2933,5.831013916500994,0.9070364719287412,0.5936220228336294,1605953243,0.9973836978131212,0.002766218551849196,1781.154,608.1957336127653,0.0,0.0,500
ego,equalize,926,0.08004445601754037,0.001,1000,503,2933,5.831013916500994,0.9049446925674051,0.5923216896838843,1926496531,0.9972962226640159,0.0029073990916621715,1750.384,625.9267346089289,0.0,0.0,500
ego,equalize,927,0.06072691980553421,0.001,1000,503,2933,5.831013916500994,0.906925308022306,0.5919358338354997,685075414,0.9946799204771373,0.0036277176939292937,1765.014,623.7104096889108,0.7225208747514911,0.44655242694726,500
ego,equalize,928,0.0511245679573925,0.001,1000,503,2933,5.831013916500994,0.908918124393767,0.5929969616875916,1531733268,0.9942703777335984,0.003568863156987736,1688.118,625.3213106548649,0.498441351888668,0.4990959928197803,500
ego,equalize,929,0.01609137888248311,0.001,1000,503,2933,5.831013916500994,0.9164637134574076,0.5938533002964542,2704946355,0.9956302186878728,0.003478226430714046,1699.554,617.0132785084219,0.554,0.49757326929471735,500
ego,equalize,930,0.05349587849205646,0.001,1000,503,2933,5.831013916500994,0.9038533883639859,0.5938511730440407,882251297,0.9956660039761431,0.0035059007386128932,1659.942,625.7602531519955,0.544,0.4985590458957585,500
ego,equalize,931,0.04806843218596707,0.001,1000,503,2933,5.831013916500994,0.9108472248676369,0.5927256227816551,4280625850,0.9964612326043738,0.003069861091120943,1756.556,659.8232037329158,0.552,0.4977866844003893,500
ego,equalize,932,0.013506840822162459,0.001,1000,503,2933,5.831013916500994,0.9179888280274032,0.58999123264932,629472335,0.9953757455268389,0.0035508673607694114,1687.872,689.0818290669841,0.488,0.5003565862730833,500
ego,equalize,933,0.06975418157825773,0.001,1000,503,2933,5.831013916500994,0.9056333665243452,0.5936573738849592,3013999705,0.9975347912524851,0.0027877929270402313,1761.952,630.252554346685,0.0,0.0,500
ego,equalize,934,0.07867033473359342,0.001,1000,503,2933,5.831013916500994,0.9072235526493274,0.5928315023222056,1362805791,0.9963618290258449,0.003042323499379475,1735.644,597.086991161278,0.002043737574552684,0.001989282371722248,500
ego,equalize,935,0.016584258171611244,0.001,1000,503,2933,5.831013916500994,0.9167253553347491,0.5862796722240984,2430887092,0.9954671968190856,0.0033546577292951083,1659.638,613.1196738197606,0.49,0.5004006410899235,500
ego,equalize,936,0.0676407572989809,0.001,1000,503,2933,5.831013916500994,0.9076763422194416,0.5945620793398548,3509185077,0.9952803180914512,0.003732693371961797,1701.322,637.7881700185658,0.49,0.5004006410899235,500
ego,equalize,937,0.012744544719715312,0.001,1000,503,2933,5.831013916500994,0.917705495631733,0.5915325921875524,1862572503,0.9937256461232604,0.040033989751183434,1664.156,653.4622755409146,0.462,0.49905321180855355,500
ego,equalize,938,0.08088445292630829,0.001,1000,503,2933,5.831013916500994,0.904161122592776,0.5663907591995044,1704100304,0.9944612326043738,0.004332766257583733,1775.228,637.2029057546777,0.49056461232604376,0.49894151381318946,500
ego,equalize,939,0.04028450888317271,0.001,1000,503,2933,5.831013916500994,0.912422498761268,0.5937076444437793,2109034507,0.9956063618290257,0.0034272437752172757,1749.2,670.3153207696485,0.512,0.5003565862730837,500
ego,equalize,940,0.026773259318846377,0.001,1000,503,2933,5.831013916500994,0.9147637190833858,0.5937540368167774,3881293540,0.9957216699801192,0.003456582396826421,1716.984,654.7164355397929,0.5,0.5005007512521914,500
ego,equalize,941,0.022922619192357076,0.001,1000,503,2933,5.831013916500994,0.9141753637737163,0.5936118878503082,3041420558,0.9956819085487078,0.003399698026312215,1671.316,626.697010068548,0.526,0.49982361618333837,500
ego,equalize,942,0.08849429081637072,0.001,1000,503,2933,5.831013916500994,0.9020340961391555,0.5937541635846701,1616176918,0.9955149105367793,0.003651352248011873,1758.496,578.399444864567,0.532,0.4994746739323224,500
ego,equalize,943,0.021585622565529053,0.001,1000,503,2933,5.831013916500994,0.9148681047028433,0.594299912879371,3602946090,0.9954592445328031,0.0037587136363484283,1695.576,633.5338938156557,0.518,0.5001763216160985,500
ego,equalize,944,0.07647270076807086,0.001,1000,503,2933,5.831013916500994,0.9047562561894233,0.5934994060055652,2423410235,0.9945606361829026,0.003702962747980645,1757.27,593.7451538458492,0.7704572564612325,0.4191259956699523,500
ego,equalize,945,0.06611002684349339,0.001,1000,503,2933,5.831013916500994,0.9073550514166958,0.5926207143726293,2537737284,0.9955188866799205,0.0036312421460321736,1715.902,627.3397282695644,0.492,0.5004366830554038,500
ego,equalize,946,0.08379336608837276,0.001,1000,503,2933,5.831013916500994,0.9019608906397958,0.5939886011461971,48999296,0.996679920477137,0.00294441854755272,1809.864,635.3428795959758,0.556,0.49735170396296996,500
ego,equalize,947,0.028136868609138624,0.001,1000,503,2933,5.831013916500994,0.9153222499303532,0.5900768574539581,3531685093,0.9971053677932405,0.0032989836694900664,1697.506,624.648632265839,0.0,0.0,500
ego,equalize,948,0.029073750946268184,0.001,1000,503,2933,5.831013916500994,0.914100802616961,0.592548403503238,1218081248,0.9957654075546719,0.003497701377278594,1648.928,614.035606678096,0.53,0.4995990376259682,500
ego,equalize,949,0.055800802711394606,0.001,1000,503,2933,5.831013916500994,0.9095024127312497,0.5940425350490233,4167919431,0.9954791252485089,0.0034301452869360126,1696.604,595.9451017607454,0.5204453280318091,0.49863484093219224,500
ego,equalize,950,0.08558830023158814,0.001,1000,503,2933,5.831013916500994,0.8986937563165162,0.5936177938011772,3325028145,0.9955705765407555,0.003075284932850929,1751.4,603.4910362728873,0.5265129224652088,0.498193095422396,500
ego,equalize,951,0.05875637866227176,0.001,1000,503,2933,5.831013916500994,0.9078308871625346,0.5918483160281214,472770464,0.9963817097415507,0.0032576297977608623,1751.998,641.5117400494263,0.524,0.499923841895334,500
ego,equalize,952,0.09323149122964902,0.001,1000,503,2933,5.831013916500994,0.900076526859979,0.5946900185330135,4185903993,0.9973797216699801,0.0033613070938354472,1764.394,655.6105865881766,0.0,0.0,500
ego,equalize,953,0.08640749628039464,0.001,1000,503,2933,5.831013916500994,0.9016545120684011,0.5917745404814924,3197061827,0.9974155069582505,0.0026295949920855702,1735.56,619.977860487768,0.0,0.0,500
ego,equalize,954,0.04927468850007091,0.001,1000,503,2933,5.831013916500994,0.9110614187361342,0.5934473205312263,989028538,0.9953757455268389,0.0037314199670961013,1735.954,588.5982498133734,0.498,0.5004967472301652,500
ego,equalize,955,0.03823753229666141,0.001,1000,503,2933,5.831013916500994,0.9123682724654459,0.5928059119464235,4082546939,0.9957455268389661,0.0033961921631311025,1704.082,635.0101408907325,0.536,0.49920176763471025,500
ego,equalize,956,0.05288282124141069,0.001,1000,503,2933,5.831013916500994,0.9084639791662571,0.5938539410693205,271113057,0.9973956262425447,0.002942265702738959,1711.686,617.032230073843,0.0,0.0,500
ego,equalize,957,0.026937220118285157,0.001,1000,503,2933,5.831013916500994,0.9146010401959196,0.5928414150483364,2061635061,0.9955308151093439,0.04141809909543244,1651.02,611.4608936382584,0.0,0.0,500
ego,equalize,958,0.020795136914064972,0.001,1000,503,2933,5.831013916500994,0.9161071755623775,0.5943075246939746,1350479154,0.9935467196819084,0.04200538496374781,1681.718,658.8731730708004,0.476,0.4999238418953343,500
ego,equalize,959,0.013280858642594151,0.001,1000,503,2933,5.831013916500994,0.9172405051450587,0.5930945419812506,1127109063,0.9955268389662028,0.003400329350036238,1750.616,633.7878719866407,0.498,0.5004967472301654,500
ego,equalize,960,0.05339287627464036,0.001,1000,503,2933,5.831013916500994,0.9088300066630561,0.5934354078188271,2868838901,0.9959284294234592,0.0034455657242461065,1719.162,633.5198043004513,0.538,0.4990532118085537,500
ego,equalize,961,0.017508431800181024,0.001,1000,503,2933,5.831013916500994,0.917639068419351,0.5880140361352763,2050907103,0.9954910536779324,0.0037591519270525294,1718.872,674.6801688774859,0.51,0.5004006410899234,500
ego,equalize,962,0.09912326046523229,0.001,1000,503,2933,5.831013916500994,0.9002920763858715,0.5936096848402923,1692762726,0.9963141153081511,0.0036067292490429698,1734.21,627.6271102166938,0.0019403578528827037,0.0019894894086404913,500
ego,equalize,963,0.0010545133423840447,0.001,1000,503,2933,5.831013916500994,0.919936907704811,0.5930022977387692,3249731129,0.9936938369781312,0.04193352459206506,1646.302,594.9379641259387,0.496,0.5004847349718867,500
ego,equalize,964,0.03105590501725186,0.001,1000,503,2933,5.831013916500994,0.9138933870354417,0.5938623641201162,4173201178,0.9944850894632207,0.0036167295512044137,1749.74,647.9526879113496,0.5423538767395626,0.49723847415771216,500
ego,equalize,965,0.03687508525785095,0.001,1000,503,2933,5.831013916500994,0.913444664437514,0.5938492853056682,3698999838,0.9954592445328031,0.00355734146129869,1694.758,623.4613954843705,0.516,0.5002444292323064,500
ego,equalize,966,0.09596400146225034,0.001,1000,503,2933,5.831013916500994,0.9013332212656553,0.5878975890219854,1223037380,0.997506958250497,0.002644226402474757,1748.042,618.0426665784677,0.0,0.0,500
ego,equalize,967,0.005192735336596976,0.001,1000,503,2933,5.831013916500994,0.919555967976661,0.5914964011491611,1204829584,0.9956978131212724,0.003558321020788728,1704.814,637.6257056337752,0.53,0.49959903762596813,500
ego,equalize,968,0.03890895983327484,0.001,1000,503,2933,5.831013916500994,0.9153507187356598,0.5939389193325081,717003337,0.9957614314115308,0.003350509063927333,1720.258,604.7113949466774,0.516,0.5002444292323064,500
ego,equalize,969,0.029809529687128734,0.001,1000,503,2933,5.831013916500994,0.913719862888811,0.5939308582958331,1937367445,0.9974234592445328,0.0026938598021411355,1681.894,593.5446683364457,0.0,0.0,500
ego,equalize,970,0.03991439402503208,0.001,1000,503,2933,5.831013916500994,0.9110085480977077,0.5930426772042495,3618666616,0.9956182902584493,0.0035232450072172064,1741.386,655.5342029111623,0.514,0.5003045164881451,500
ego,equalize,971,0.04793236023320327,0.001,1000,503,2933,5.831013916500994,0.908721554071412,0.5925647005338109,1386026709,0.9964294234592445,0.0030870894242926517,1717.416,609.875941706627,0.51,0.5004006410899237,500
ego,equalize,972,0.03170266876187907,0.001,1000,503,2933,5.831013916500994,0.9137835787864019,0.592308155737776,803977385,0.9974831013916501,0.002899790996220455,1734.41,640.47556064816,0.0,0.0,500
ego,equalize,973,0.05251328962947767,0.001,1000,503,2933,5.831013916500994,0.9080735498363383,0.5935396879073285,1664092357,0.9956222664015905,0.003527071487806328,1723.614,599.2772943764096,0.54,0.4988965780511852,500
ego,equalize,974,0.05827218777176746,0.001,1000,503,2933,5.831013916500994,0.9075068850449977,0.5935910843039544,2773680728,0.9937017892644134,0.042887570775664685,1711.568,575.3042458792157,0.528,0.49971534983600757,500
ego,equalize,975,0.02472123180079934,0.001,1000,503,2933,5.831013916500994,0.9148545481288878,0.5932514872111291,3208363416,0.9964532803180914,0.0030189610839559218,1676.296,588.2026735354991,0.494,0.5004647139007098,500
ego,equalize,976,0.07080744607627242,0.001,1000,503,2933,5.831013916500994,0.9051724430098577,0.5928832636418219,3360221320,0.9954671968190855,0.0035630458338856853,1744.602,613.9614033517183,0.5183856858846918,0.49879875730828366,500
ego,equalize,977,0.042997078976734396,0.001,1000,503,2933,5.831013916500994,0.9104093475288738,0.5924388664328257,1444832089,0.9974393638170974,0.0026046688995163218,1711.304,615.6678336137867,0.0,0.0,500
ego,equalize,978,0.030285260166931706,0.001,1000,503,2933,5.831013916500994,0.9127465008788049,0.5932636549832365,3356490079,0.9953916500994036,0.003488504295265825,1734.808,653.3074992015826,0.502,0.5004967472301654,500
ego,equalize,979,0.08209848638901052,0.001,1000,503,2933,5.831013916500994,0.905261916397964,0.5947056946623436,3895989213,0.9963658051689861,0.003084543150562668,1819.236,632.6684432007368,0.492,0.500436683055404,500
ego,equalize,980,0.0059454377330876,0.001,1000,503,2933,5.831013916500994,0.9191723169337198,0.5934211848199823,2433768436,0.9954990059642147,0.00354561031751521,1650.336,588.7148524191635,0.492,0.500436683055404,500
ego,equalize,981,0.016244355772747122,0.001,1000,503,2933,5.831013916500994,0.9160705728126975,0.5937218441544441,1426939032,0.9957574552683897,0.003379618550230456,1694.376,622.5898930868916,0.526,0.4998236161833385,500
ego,equalize,982,0.023209825948904795,0.001,1000,503,2933,5.831013916500994,0.9153385178190997,0.5934581319690501,2623358402,0.9943737574552683,0.003988623703180367,1685.136,628.1359175894438,0.7584771371769383,0.42665657102247706,500
ego,equalize,983,0.0033180168321254033,0.001,1000,503,2933,5.831013916500994,0.9198379447149359,0.5930999915124814,527606736,0.9940039761431412,0.040500768973937167,1654.642,633.66310583732,0.54,0.49889657805118526,500
ego,equalize,984,0.01997151520694157,0.001,1000,503,2933,5.831013916500994,0.916029903090831,0.593390903589044,2632942675,0.9955546719681908,0.003584491173437238,1680.46,610.7886524452725,0.52,0.5001001903626929,500
ego,equalize,985,0.06723182357246636,0.001,1000,503,2933,5.831013916500994,0.9054422188315725,0.5935094508057929,2590921437,0.9975188866799205,0.0027650385930399705,1759.368,648.0254366219107,0.0,0.0,500
ego,equalize,986,0.01871020575419472,0.001,1000,503,2933,5.831013916500994,0.915479506188237,0.5951321564253285,1356192660,0.9955785288270378,0.003529668791332958,1715.75,662.883685922443,0.506,0.5004647139007099,500
ego,equalize,987,0.03097390017082249,0.001,1000,503,2933,5.831013916500994,0.9124252100760591,0.5925221893718355,42861571,0.9954473161033798,0.0034087048446852595,1708.13,607.4441850704901,0.53,0.4995990376259679,500
ego,equalize,988,0.09766265896151059,0.001,1000,503,2933,5.831013916500994,0.9019473340658403,0.5919454484393802,1864068276,0.9956341948310139,0.0034247491918859858,1782.612,626.5277036035724,0.514,0.5003045164881457,500
ego,equalize,989,0.019099392865848955,0.001,1000,503,2933,5.831013916500994,0.9158468893424316,0.5915613348246911,3736547796,0.9957256461232604,0.0034511955065347345,1688.686,622.8321339962129,0.516,0.5002444292323064,500
ego,equalize,990,0.09414762994181014,0.001,1000,503,2933,5.831013916500994,0.9016897591606854,0.5931499186955974,695374632,0.9957614314115308,0.00323014568306213,1764.504,589.7202369766527,0.7550457256461233,0.42938099249373973,500
ego,equalize,991,0.05252796701551297,0.001,1000,503,2933,5.831013916500994,0.9096298445264316,0.5935067099655239,3144908289,0.9952922465208748,0.0036329278719867287,1683.358,596.6323307634482,0.484,0.5002444292323065,500
ego,equalize,992,0.08762819335297363,0.001,1000,503,2933,5.831013916500994,0.9006553925678795,0.5933534788552766,1065142011,0.9955705765407555,0.0038113809153123303,1751.354,639.9392950011531,0.492,0.5004366830554042,500
ego,equalize,993,0.03748506062026601,0.001,1000,503,2933,5.831013916500994,0.9124021639003348,0.5933650372386768,2185324529,0.9956898608349901,0.0034536480535510275,1774.384,667.7838205632208,0.498,0.5004967472301654,500
ego,equalize,994,0.06788871145456656,0.001,1000,503,2933,5.831013916500994,0.9080559262901962,0.5933599563277192,3524908859,0.9975149105367793,0.003007234203399756,1726.556,582.3328790546316,0.0,0.0,500
ego,equalize,995,0.009648984566521614,0.001,1000,503,2933,5.831013916500994,0.9187859545759877,0.5943041583855422,1117902768,0.9955467196819084,0.003775039179524777,1729.904,653.1520604055571,0.528,0.49971534983600757,500
ego,equalize,996,0.07771070783346667,0.001,1000,503,2933,5.831013916500994,0.9026183844766383,0.5935842998234734,3013515954,0.9956182902584493,0.003373953848399612,1796.696,652.2124851884323,0.504,0.5004847349718866,500
ego,equalize,997,0.009669807988561853,0.001,1000,503,2933,5.831013916500994,0.9191289358970622,0.5937731687769241,3600451952,0.9937614314115308,0.041911444497229874,1689.44,676.2195176657827,0.516,0.5002444292323064,500
ego,equalize,998,0.06892909455719248,0.001,1000,503,2933,5.831013916500994,0.908144044020907,0.5942159332820504,2129498559,0.9974950298210735,0.0028146549835192367,1744.996,666.3601756944237,0.0,0.0,500
ego,equalize,999,0.014314553056138369,0.001,1000,503,2933,5.831013916500994,0.9166873969276735,0.5927808571058646,2817426482,0.9919363817097415,0.05945129712380628,1632.438,597.5541817746008,0.548,0.49818910543039685,500
