network,method,variant_index,proportion_edges,uncertainty,n_experiments,n_agents,n_edges,average_degree,degree_gini_coefficient,approx_average_clustering_coefficient,variation_seed,mean_share_of_correct_agents_at_convergence,std_share_of_correct_agents_at_convergence,mean_convergence_step,std_convergence_step,mean_proportion_reached_by_truth,std_proportion_reached_by_truth,n_runs
pud,equalize,0,0.043795740118136764,0.0006865171977350855,1000,90,160,1.7777777777777777,0.7027777777777777,0.17075949905628268,2165121741,0.7120444444444445,0.10871210184067677,1298.634,506.5089561788406,0.6879333333333333,0.12690206731622364,500
pud,equalize,1,0.07624213143661505,0.00028279498486296186,1000,90,160,1.7777777777777777,0.6866666666666666,0.16528296751980964,2310751638,0.6617777777777778,0.10924869776493479,2514.88,1219.527806054244,0.7042666666666666,0.10260019382235241,500
pud,equalize,2,0.04168359519479257,0.0004268742735352428,1000,90,160,1.7777777777777777,0.7083333333333334,0.1656823329367189,3085228320,0.6918,0.10046857979175247,1932.394,859.4867151917952,0.6983555555555556,0.1076079322462465,500
pud,equalize,3,0.0480166726647459,0.0003569302264592288,1000,90,160,1.7777777777777777,0.7077777777777778,0.1717807015061917,2949479497,0.6844444444444444,0.11246338103369379,2228.782,1045.6730534662788,0.7305111111111111,0.11394595840550015,500
pud,equalize,4,0.07424179302164487,0.0003369590711080073,1000,90,160,1.7777777777777777,0.6963888888888888,0.15758015524039137,1916305338,0.663511111111111,0.1138818116423108,2138.718,1018.4331842480175,0.6157555555555556,0.07194573594767084,500
pud,equalize,5,0.02185084930547141,0.0005015214143200926,1000,90,160,1.7777777777777777,0.7188888888888889,0.16652225893015368,200782245,0.6989111111111111,0.10081461172521926,1674.536,714.7989534068881,0.7165555555555555,0.10711004812233141,500
pud,equalize,6,0.05868918171506367,0.00028789940559252223,1000,90,160,1.7777777777777777,0.7191666666666666,0.1626947297531619,1169229093,0.6577777777777778,0.12744746400982424,2279.0,1134.3690026037093,0.7327555555555556,0.09462489212440302,500
pud,equalize,7,0.08611794191088161,0.00024098277550915482,1000,90,160,1.7777777777777777,0.6919444444444445,0.164961003096968,1591561783,0.6627333333333334,0.11483230102703142,2687.842,1431.2235460309576,0.7133999999999999,0.09358527298790495,500
pud,equalize,8,0.03202170247104983,0.0007475174671405294,1000,90,160,1.7777777777777777,0.7116666666666667,0.1648537080649224,163812862,0.7460666666666668,0.09310628351080388,1238.41,543.6127956949564,0.7056444444444444,0.10884458266371996,500
pud,equalize,9,0.07583859219906218,0.0009683244551786468,1000,90,160,1.7777777777777777,0.7084722222222223,0.16316673913939136,934026429,0.7451777777777778,0.09676580782547053,971.966,365.86040577935444,0.6689333333333333,0.140188920822452,500
pud,equalize,10,0.02736782715900862,0.0007789334900759391,1000,90,160,1.7777777777777777,0.71125,0.174445012650207,1171932564,0.7269777777777777,0.09960014071466844,1174.156,471.92496225990004,0.6894888888888889,0.11846259234000205,500
pud,equalize,11,0.07871780393041763,0.00011404406479683928,1000,90,160,1.7777777777777777,0.7008333333333334,0.16324239775428762,1042885312,0.5693555555555555,0.14048556110713414,2976.692,1501.173592041535,0.6610222222222223,0.1402504783937497,500
pud,equalize,12,0.03164043332567356,0.0006649513678575977,1000,90,160,1.7777777777777777,0.7141666666666667,0.170165770584662,949488958,0.7356,0.0900601853351812,1389.814,584.9882476629831,0.727488888888889,0.10231572645472173,500
pud,equalize,13,0.050013365733546755,0.00021938969688086238,1000,90,160,1.7777777777777777,0.7047222222222221,0.16532100136472547,1119995530,0.6451777777777778,0.1341240765804304,2802.108,1382.81962401505,0.7022444444444444,0.15082723640426116,500
pud,equalize,14,0.07694251793697575,0.00016133850460764323,1000,90,160,1.7777777777777777,0.6933333333333334,0.16395013406881312,1668990636,0.6160222222222222,0.13021412500293814,3100.77,1797.9725001575096,0.722,0.12059687280347896,500
pud,equalize,15,0.011365548223606237,0.0007659801108270281,1000,90,160,1.7777777777777777,0.7181944444444445,0.16833178273967747,299095942,0.7150666666666667,0.09827004078258578,1132.532,445.6898201749904,0.6912,0.11338615872375432,500
pud,equalize,16,0.035500501039381384,0.00013991995867521475,1000,90,160,1.7777777777777777,0.6984722222222222,0.17252795535803325,2401903328,0.5918888888888889,0.126971500907108,3105.044,1522.1660662129677,0.6951777777777778,0.11177802744847773,500
pud,equalize,17,0.04931958704838886,0.0005815547380034961,1000,90,160,1.7777777777777777,0.7206944444444444,0.16723136589642554,3586708698,0.7254444444444444,0.09844651729171057,1525.89,651.6944169825709,0.7217777777777779,0.10797076336608012,500
pud,equalize,18,0.017426687443285637,0.0006621608965014578,1000,90,160,1.7777777777777777,0.7169444444444445,0.15939073272406606,4128482750,0.6984444444444444,0.10641628931249142,1283.446,517.2438162171005,0.6847111111111112,0.1178215385275252,500
pud,equalize,19,0.09766506954780713,0.0003079541458449846,1000,90,160,1.7777777777777777,0.6900000000000001,0.16031022173179035,39555487,0.6747111111111112,0.10929025949464224,2460.65,1140.4926771326445,0.7263777777777778,0.10363523176636064,500
pud,equalize,20,0.008064263684033767,0.00031641902832987915,1000,90,160,1.7777777777777777,0.7222222222222222,0.15165033577182718,2687372836,0.6444,0.1145730891218962,2147.306,1059.8776711108874,0.6803333333333333,0.1109557475364765,500
pud,equalize,21,0.04527514885882357,0.00021495904593444247,1000,90,160,1.7777777777777777,0.6951388888888889,0.17039064630753564,1852543374,0.6329333333333332,0.13088503316755257,2617.63,1394.1270996002047,0.7337111111111111,0.11086191382865465,500
pud,equalize,22,0.010680458343552147,0.0009730298986538059,1000,90,160,1.7777777777777777,0.72375,0.1699594630515683,1836724095,0.7303777777777778,0.09423578663658204,905.582,335.43729015608034,0.6954222222222222,0.11324070070123489,500
pud,equalize,23,0.03953371755921749,0.00015208166721448292,1000,90,160,1.7777777777777777,0.715,0.17239215164347155,1544597056,0.5943777777777778,0.14291188239884065,3159.238,1626.331883764288,0.6965333333333333,0.13357186412479063,500
pud,equalize,24,0.0783218656768598,0.000583340681719404,1000,90,160,1.7777777777777777,0.6916666666666667,0.16953274606052385,1494024542,0.7606444444444443,0.08933050784782949,1684.01,742.4671958907996,0.7552222222222221,0.09920457293953287,500
pud,equalize,25,0.038730223830223835,0.0003320784150008528,1000,90,160,1.7777777777777777,0.7131944444444445,0.16501235763370264,1771381208,0.6497777777777778,0.1154794809792082,2037.818,989.881092875333,0.6261555555555556,0.11304522607183948,500
pud,equalize,26,0.07050553805938468,0.0006425614464402324,1000,90,160,1.7777777777777777,0.69875,0.16384564807079427,2154348620,0.7323555555555556,0.0916139406940535,1461.658,601.7343013114253,0.7225555555555555,0.10304806876219422,500
pud,equalize,27,0.01310047813862053,0.00014500638241570418,1000,90,160,1.7777777777777777,0.7190277777777778,0.17603531485841428,2294329873,0.5862444444444445,0.13444636562848522,2848.742,1527.9629973525393,0.6848666666666666,0.11086309214981928,500
pud,equalize,28,0.021076815304698206,0.00014974238528607558,1000,90,160,1.7777777777777777,0.7202777777777778,0.16168863625003976,2874522447,0.5858666666666666,0.13180768956279793,3002.702,1478.6067065929203,0.6676222222222222,0.10130803152656517,500
pud,equalize,29,0.02343727854543125,0.0009026596903919486,1000,90,160,1.7777777777777777,0.7234722222222222,0.15105439510191285,2244632231,0.7323777777777777,0.09243551108284463,1008.306,381.688622798148,0.7092444444444445,0.10771460661346753,500
pud,equalize,30,0.07001632826495267,0.0002072857229538581,1000,90,160,1.7777777777777777,0.7038888888888889,0.16987575252467135,2956193963,0.6281111111111111,0.11569967504240661,3013.408,1526.0662298247817,0.7218666666666667,0.10226109452293927,500
pud,equalize,31,0.06810474906145447,0.0007528716050618492,1000,90,160,1.7777777777777777,0.7079166666666666,0.15708771529531762,2781081473,0.7756222222222222,0.09359373234336663,1273.134,515.103861391118,0.738111111111111,0.12471452346458131,500
pud,equalize,32,0.0009933416370165094,0.0006641970753540482,1000,90,160,1.7777777777777777,0.7245833333333334,0.16390694750343873,3868866406,0.7096,0.09896761931648913,1335.492,529.8902502316693,0.6921777777777778,0.11106901005982889,500
pud,equalize,33,0.03826770104574861,0.0009308989251756871,1000,90,160,1.7777777777777777,0.7184722222222222,0.16415610801421823,1834701308,0.7362444444444444,0.09038032628619296,1034.426,362.48644301095396,0.7079333333333333,0.10789844654496923,500
pud,equalize,34,0.08506004685898216,0.0005899748159211627,1000,90,160,1.7777777777777777,0.706388888888889,0.15518176887675547,3033232520,0.7442444444444444,0.07390196400989388,1522.31,668.277235004793,0.6710444444444444,0.07967961713309529,500
pud,equalize,35,0.029125482712744424,0.0006941430639394977,1000,90,160,1.7777777777777777,0.7202777777777778,0.16448796308737829,2590237456,0.7148,0.10301245481855516,1209.572,495.19355623055577,0.6965333333333333,0.11836416877245702,500
pud,equalize,36,0.0881390534744841,0.0009073117145757196,1000,90,160,1.7777777777777777,0.7005555555555555,0.16936975182890215,377977215,0.7993777777777777,0.06497221676025058,1157.458,442.2126142801187,0.7920444444444444,0.07752714652145867,500
pud,equalize,37,0.06042176525571798,0.0005692530523170597,1000,90,160,1.7777777777777777,0.7020833333333333,0.16757167064356607,10158428,0.6959555555555555,0.09989201225410849,1505.498,655.2083163939111,0.6704888888888889,0.11208748478544824,500
pud,equalize,38,0.036511263357557236,0.0004265545800523991,1000,90,160,1.7777777777777777,0.7172222222222222,0.16925060919336554,1178952000,0.6674222222222223,0.1084377660372278,1870.136,835.5806217564585,0.6882,0.09921021901667636,500
pud,equalize,39,0.0790146770645856,0.0008698170554514631,1000,90,160,1.7777777777777777,0.7130555555555556,0.16110259950244382,293127135,0.7471777777777778,0.0919920669917837,1074.12,423.7986789036521,0.7236888888888888,0.11539641852135556,500
pud,equalize,40,0.04668329238639897,0.0008649249683685106,1000,90,160,1.7777777777777777,0.7031944444444445,0.1690466511536343,1882698340,0.7398222222222222,0.09141028700331791,1082.19,416.99473271760695,0.5798222222222222,0.08090551139396007,500
pud,equalize,41,0.06482635045800227,0.0007768441321631305,1000,90,160,1.7777777777777777,0.7070833333333334,0.16277582998700899,996854849,0.7396222222222223,0.09807875328865201,1187.632,455.89745069159375,0.7104,0.1239757532026797,500
pud,equalize,42,0.04914721042228742,0.0007497256449104513,1000,90,160,1.7777777777777777,0.7088888888888889,0.16961984366396132,2777766750,0.7462444444444444,0.09869365940970865,1237.914,519.43187189764,0.7060666666666667,0.12078766006434802,500
pud,equalize,43,0.04833586623438172,0.0009223411404448857,1000,90,160,1.7777777777777777,0.7101388888888889,0.16992620666765967,1795001797,0.759488888888889,0.09264009439886083,1006.046,391.18090045112825,0.7167111111111111,0.11673264455395391,500
pud,equalize,44,0.02144491660259064,0.000987114019582082,1000,90,160,1.7777777777777777,0.7118055555555556,0.1542349912379152,6602526,0.7419333333333333,0.09311042875743278,939.866,334.5914807073305,0.7111777777777778,0.1106928019796417,500
pud,equalize,45,0.0461043896480708,0.0009769983259032289,1000,90,160,1.7777777777777777,0.7086111111111111,0.17055498181315173,2620936161,0.761,0.08980124905106499,934.33,351.4581436721974,0.6408666666666667,0.07082195650883162,500
pud,equalize,46,0.09516343615835629,0.00010106481677105367,1000,90,160,1.7777777777777777,0.6915277777777777,0.17401971869706725,1646630645,0.5748222222222222,0.14701363619859628,3451.866,1890.4166488519177,0.7064,0.14755662060014876,500
pud,equalize,47,0.05103194382544185,0.00035003862345351266,1000,90,160,1.7777777777777777,0.7145833333333333,0.15912692005663878,559690909,0.6951111111111111,0.10662880646288019,2307.07,1002.6567959181251,0.6876444444444445,0.11912299830678942,500
pud,equalize,48,0.02772948474065814,0.00043109282698963465,1000,90,160,1.7777777777777777,0.7159722222222222,0.17341842605141744,2792286252,0.664511111111111,0.12241759045944106,1741.976,779.9297688334667,0.5948444444444444,0.08413641389964706,500
pud,equalize,49,0.06203605443671313,0.000893598899726295,1000,90,160,1.7777777777777777,0.7143055555555555,0.16486423103708966,770508637,0.7312000000000001,0.09786504475972764,1023.248,395.28827472652495,0.6814888888888889,0.1283866993139336,500
pud,equalize,50,0.04267174957850879,0.00029760022204711526,1000,90,160,1.7777777777777777,0.7034722222222223,0.17181611187109083,2703547659,0.6525333333333333,0.11410464001761524,2351.616,1126.7891818190876,0.6959555555555555,0.11174585118996884,500
pud,equalize,51,0.008773235754044718,0.00023054877914738893,1000,90,160,1.7777777777777777,0.7269444444444444,0.1695023860155439,2676346209,0.6160222222222222,0.13259212631678519,2401.62,1218.36016784742,0.6837555555555556,0.11437456170267916,500
pud,equalize,52,0.02579661737687644,0.00040235260452404587,1000,90,160,1.7777777777777777,0.7208333333333333,0.1582062620074316,202125728,0.6865555555555556,0.1087808983767551,1951.598,821.3970529733269,0.7093111111111111,0.11238402237470593,500
pud,equalize,53,0.013882467529500498,0.0001465655511658245,1000,90,160,1.7777777777777777,0.71625,0.16832304154457578,2305760507,0.5918666666666667,0.13352995967156361,2712.978,1463.7697651498113,0.6905777777777777,0.11694805268745655,500
pud,equalize,54,0.07930995224099661,0.0007533653601883313,1000,90,160,1.7777777777777777,0.7050000000000001,0.16525063564086395,3504290690,0.7376,0.09487768132191883,1228.788,498.3288576399257,0.6854666666666667,0.1275605581069702,500
pud,equalize,55,0.048975417813984984,0.0007779816091558396,1000,90,160,1.7777777777777777,0.7176388888888889,0.15657022777590154,432385439,0.7518444444444444,0.09797830442629535,1196.51,507.0324977825535,0.7303777777777778,0.12900993824263218,500
pud,equalize,56,0.08065883534632208,0.0009918987964991186,1000,90,160,1.7777777777777777,0.6970833333333333,0.16606807812498778,1624510622,0.7837333333333334,0.06666360862874227,1017.65,378.3441503343014,0.786,0.07314037081188346,500
pud,equalize,57,0.05607539119659415,0.00011325316499941673,1000,90,160,1.7777777777777777,0.70375,0.16151785749446568,3048766697,0.5683777777777778,0.13661545439507924,2883.968,1468.1252311586813,0.6669111111111111,0.12261808930066659,500
pud,equalize,58,0.06142066713562364,0.0008755523669176087,1000,90,160,1.7777777777777777,0.7013888888888888,0.160381732338974,2853036669,0.7432666666666666,0.08348554643199958,1033.28,417.4691492567594,0.6513555555555556,0.07041626047287756,500
pud,equalize,59,0.06934345737565661,0.00047017652873996223,1000,90,160,1.7777777777777777,0.7066666666666667,0.16511117190803046,1207740513,0.6845777777777777,0.11330797259047747,1739.306,732.288260562133,0.6929777777777778,0.1194284946862839,500
pud,equalize,60,0.06431748231893769,0.0003232828461628673,1000,90,160,1.7777777777777777,0.7084722222222223,0.1624213231419575,3577885116,0.6732666666666667,0.11978664945008123,2356.302,1115.1013626096008,0.7112444444444445,0.12634778034167676,500
pud,equalize,61,0.08471642423796866,0.00048027275787788795,1000,90,160,1.7777777777777777,0.6951388888888889,0.17102258187225508,128540056,0.7081777777777778,0.1065475100802568,1845.6,797.9627265894394,0.6560444444444444,0.13098676590963185,500
pud,equalize,62,0.002033666436873416,0.0009232179362818457,1000,90,160,1.7777777777777777,0.7245833333333334,0.16390694750343873,4067591118,0.7270222222222222,0.09202695065952389,976.492,357.26775173370703,0.6925777777777777,0.11323169896329846,500
pud,equalize,63,0.04748503410188846,0.0007310849065574461,1000,90,160,1.7777777777777777,0.7173611111111111,0.16399858372080595,182441188,0.7364444444444445,0.08427516462266008,1263.038,513.0457176244096,0.7051333333333333,0.09371009777023748,500
pud,equalize,64,0.008849743946813315,0.00029745014308258744,1000,90,160,1.7777777777777777,0.7245833333333334,0.16335139194788317,3034727726,0.6449333333333332,0.10988753137389418,2276.108,1122.3874123236976,0.6853333333333333,0.11064565165021246,500
pud,equalize,65,0.0838352749445539,0.00030390683015385354,1000,90,160,1.7777777777777777,0.6908333333333333,0.16714981603268497,388561845,0.6542444444444444,0.11279292528417355,2337.174,1084.8512710434409,0.6029777777777777,0.07230668031523269,500
pud,equalize,66,0.02133874647753241,0.00028092956586847243,1000,90,160,1.7777777777777777,0.7116666666666667,0.16740284001248912,3863564597,0.6452444444444444,0.13609131543459296,2357.94,1155.3283063228314,0.6862222222222222,0.13660464058185018,500
pud,equalize,67,0.038258656248791614,0.0007331334776111857,1000,90,160,1.7777777777777777,0.7223611111111111,0.16797174498361123,3575763180,0.7523555555555554,0.10234215999267922,1227.854,524.5623853043147,0.6484666666666667,0.081284435805347,500
pud,equalize,68,0.03570346038032655,0.0002720531160177005,1000,90,160,1.7777777777777777,0.7034722222222223,0.1745458332896254,4252255157,0.6324666666666667,0.11752576568077328,2288.504,1156.019165327811,0.6377555555555556,0.10381500188028532,500
pud,equalize,69,0.07065697221646848,0.0006210728280029711,1000,90,160,1.7777777777777777,0.6951388888888889,0.163064103070322,3379806496,0.7366666666666666,0.09235477512282904,1441.402,617.5023162849145,0.7275555555555555,0.10785108393151645,500
pud,equalize,70,0.07773300208262394,0.0006921766619088564,1000,90,160,1.7777777777777777,0.7291666666666666,0.16560159550946943,369228705,0.7770666666666667,0.08831919421227444,1429.138,600.4712769691236,0.7870444444444444,0.09793031511827305,500
pud,equalize,71,0.06312844858489759,0.0005370660889098516,1000,90,160,1.7777777777777777,0.7008333333333334,0.16982076221882741,3140842028,0.7622666666666666,0.07542418537136922,1745.668,794.975779981702,0.7934888888888889,0.07128184177872253,500
pud,equalize,72,0.08506089473399754,0.00044133713759757475,1000,90,160,1.7777777777777777,0.6905555555555556,0.1709877420162938,2218270679,0.6829333333333333,0.10538619468851719,1851.196,816.7008792920899,0.6395555555555555,0.11359852139416553,500
pud,equalize,73,0.0006904269750452441,0.0005875899284047838,1000,90,160,1.7777777777777777,0.7245833333333334,0.16390694750343873,911746778,0.7049777777777778,0.10124738236241396,1444.188,607.833368171677,0.6901555555555555,0.11494014870449053,500
pud,equalize,74,0.0665401925161063,0.0008636461402489766,1000,90,160,1.7777777777777777,0.6926388888888889,0.1646080816512395,3025155008,0.7452888888888889,0.08694021881580423,1089.156,425.0723805676429,0.7023333333333334,0.10881273494757436,500
pud,equalize,75,0.04261906667370849,0.0005298739856818793,1000,90,160,1.7777777777777777,0.7052777777777778,0.16448069247192054,1672642058,0.7044888888888889,0.09815385863463552,1643.544,698.0736735986703,0.7057111111111111,0.10596745099546723,500
pud,equalize,76,0.0016777418536975009,0.0008892003898043427,1000,90,160,1.7777777777777777,0.7245833333333334,0.16390694750343873,774046791,0.7177555555555556,0.09663196524951702,1003.474,378.4521705775113,0.6817555555555556,0.11265781407571106,500
pud,equalize,77,0.07022422381334921,0.0005155762781026261,1000,90,160,1.7777777777777777,0.6900000000000001,0.16971680193878028,2291966294,0.7496222222222223,0.09631168168090806,1807.164,802.1498824857758,0.7440666666666668,0.12266213215167365,500
pud,equalize,78,0.02283763255619614,0.00045486820194061027,1000,90,160,1.7777777777777777,0.7168055555555556,0.16445614105409428,349176422,0.7087777777777778,0.1044554706441223,1915.964,844.7961077273396,0.7267777777777779,0.1133365968941701,500
pud,equalize,79,0.087238889348561,0.0008325410334914491,1000,90,160,1.7777777777777777,0.6961111111111111,0.18144946822724603,2612965351,0.7664,0.08437332494834644,1149.116,450.4559953552655,0.6794888888888889,0.08485786073116951,500
pud,equalize,80,0.016922940302648928,0.00016502181408622574,1000,90,160,1.7777777777777777,0.7204166666666667,0.16569806952847888,3375946963,0.5781333333333333,0.13381813443897647,2685.532,1484.4464042970574,0.6791333333333334,0.12055353459965691,500
pud,equalize,81,0.048493877430279775,0.0005921176985077124,1000,90,160,1.7777777777777777,0.6991666666666666,0.18113559812252622,3203021923,0.6948222222222222,0.10473632566758874,1415.562,587.0449161889117,0.6129111111111112,0.09438827360229564,500
pud,equalize,82,0.0523767927499115,0.00034140824715437446,1000,90,160,1.7777777777777777,0.7008333333333334,0.1688418427217851,745369807,0.6652,0.11691085556161224,2104.046,987.3572060752774,0.6050444444444445,0.08181303333736058,500
pud,equalize,83,0.060516422141562234,0.0009072024116291859,1000,90,160,1.7777777777777777,0.6990277777777778,0.17428199046172904,1381068747,0.7402000000000001,0.08485041988942692,1017.382,401.63009042534406,0.6899777777777778,0.11134266453517631,500
pud,equalize,84,0.08947674271669379,0.000714361412369174,1000,90,160,1.7777777777777777,0.6890277777777778,0.16420137706713042,242384604,0.752511111111111,0.09551337145537295,1302.202,467.5766172318327,0.7348222222222222,0.13264315357438572,500
pud,equalize,85,0.07793726443053023,0.0006266740239927692,1000,90,160,1.7777777777777777,0.7159722222222222,0.14942521372834905,1474175741,0.7350666666666668,0.09732287247973503,1360.346,607.5886587490592,0.7143555555555556,0.11238566244690631,500
pud,equalize,86,0.009093113156119525,0.0008274577792630039,1000,90,160,1.7777777777777777,0.7223611111111111,0.16007517038949787,579264612,0.7171333333333333,0.09735119542791054,1071.334,418.92760128001686,0.6865555555555556,0.11739621964419818,500
pud,equalize,87,0.07231861202793073,0.00039992734910179593,1000,90,160,1.7777777777777777,0.7026388888888888,0.17117805233293987,4039068953,0.7048444444444444,0.11685123083944153,2032.466,1009.3466094459325,0.6667777777777778,0.0723833907310048,500
pud,equalize,88,0.09170279266783775,0.00011945454876381245,1000,90,160,1.7777777777777777,0.6931944444444444,0.17162027787027787,1674494768,0.5779111111111112,0.13630069229612807,3102.768,1631.6834668673014,0.6719333333333333,0.10458768490761869,500
pud,equalize,89,0.0001231048478583796,0.0009722273403949187,1000,90,160,1.7777777777777777,0.7245833333333334,0.16390694750343873,238738950,0.7236888888888888,0.08709968388051928,958.936,355.9820252605703,0.6858,0.10994304533730644,500
pud,equalize,90,0.034147245373025305,0.00015096986853689248,1000,90,160,1.7777777777777777,0.7025,0.16227285393453264,3153733636,0.5981555555555556,0.1302577267778713,3027.654,1610.6967966148218,0.6903333333333334,0.1094787123639677,500
pud,equalize,91,0.02529881009169014,0.0007957689626976885,1000,90,160,1.7777777777777777,0.71125,0.1673860718012765,2971841504,0.7292000000000001,0.0950164844330221,1159.098,425.80682862844424,0.6962,0.11472687078505463,500
pud,equalize,92,0.033233896354085746,0.00014555820415780067,1000,90,160,1.7777777777777777,0.7211111111111111,0.16625934264823156,2791015373,0.5915555555555555,0.15198953556674288,2716.852,1437.308918761692,0.7308,0.12365809867041849,500
pud,equalize,93,0.04318953597938553,0.0002628996464268448,1000,90,160,1.7777777777777777,0.7086111111111111,0.16370519162830824,1554233809,0.6266666666666666,0.12819073964785022,2391.112,1160.734258775449,0.6836888888888889,0.11815408137992092,500
pud,equalize,94,0.06886243483420522,0.0004639796140475827,1000,90,160,1.7777777777777777,0.69125,0.1589536038882444,2124939685,0.7113777777777778,0.10560354942615119,1932.924,789.2107382713475,0.7285555555555555,0.10941993979264579,500
pud,equalize,95,0.09249373662123461,0.0005508555654955393,1000,90,160,1.7777777777777777,0.6645833333333333,0.16640605007435072,3910792477,0.7521333333333333,0.09089607548599953,1740.144,752.6756782421194,0.7706888888888889,0.09422772100514794,500
pud,equalize,96,0.010657058423038535,0.0005939783251818891,1000,90,160,1.7777777777777777,0.7233333333333333,0.16337411078200553,912789016,0.6947111111111111,0.10510923230738259,1450.246,584.3086296070478,0.6824,0.1163744173879743,500
pud,equalize,97,0.0658937911188228,0.00038998994346357813,1000,90,160,1.7777777777777777,0.6855555555555556,0.158486762269442,2924549499,0.7036666666666667,0.09617045686074736,2169.488,963.4221454360666,0.7296,0.07633705879153149,500
pud,equalize,98,0.01139436647435701,0.0005507835828064292,1000,90,160,1.7777777777777777,0.7219444444444444,0.16966747677273994,3070433051,0.6948,0.10173351856844773,1513.456,634.2562558304963,0.6390666666666667,0.10898304110489963,500
pud,equalize,99,0.0668209047752704,0.0005665591951025408,1000,90,160,1.7777777777777777,0.7066666666666667,0.16804758665826777,4279769118,0.7042,0.10260174433011786,1522.714,663.3076890740595,0.6174666666666667,0.0756286206764326,500
pud,equalize,100,0.01786202097723656,0.0008169288814542252,1000,90,160,1.7777777777777777,0.7266666666666667,0.16358450489298443,3895676852,0.7180444444444445,0.09162364057064033,1072.038,393.9648272704715,0.6878888888888889,0.11481787346014391,500
pud,equalize,101,0.0945650971603803,0.0006216670623499315,1000,90,160,1.7777777777777777,0.7091666666666667,0.16494534862622262,3412394017,0.7408444444444444,0.1106330307056368,1490.098,629.8873077280359,0.6993111111111111,0.14818485609949666,500
pud,equalize,102,0.09417827647396962,0.000718382995020602,1000,90,160,1.7777777777777777,0.6965277777777777,0.16600690245427088,1838732882,0.7403555555555557,0.08205512397584935,1291.524,530.3898530481449,0.7322000000000001,0.09577248527318102,500
pud,equalize,103,0.0020192981939240796,0.00040234687575861595,1000,90,160,1.7777777777777777,0.7245833333333334,0.16390694750343873,2175962419,0.6682444444444444,0.11723168837708388,1846.132,805.906138445395,0.6835333333333333,0.12391076479389036,500
pud,equalize,104,0.0835880318571347,0.0006902393106996315,1000,90,160,1.7777777777777777,0.715,0.17523491199278696,1518373434,0.7346444444444444,0.09732313431983457,1327.398,576.1070997451374,0.7137111111111111,0.09385432887125413,500
pud,equalize,105,0.040939568211737526,0.0009614013221851422,1000,90,160,1.7777777777777777,0.7168055555555556,0.1568031121399177,1575717635,0.7647555555555556,0.08870668254892332,988.692,386.48424713378057,0.6651777777777778,0.08798530665058504,500
pud,equalize,106,0.08256058688717727,0.0003828473532689957,1000,90,160,1.7777777777777777,0.6868055555555556,0.16153324810342354,906318132,0.6778444444444445,0.10921447603862912,2006.93,909.5407576792587,0.6808,0.09932228850808258,500
pud,equalize,107,0.02587215082192326,0.0008619924474341286,1000,90,160,1.7777777777777777,0.7068055555555556,0.16585656911473903,226394537,0.7350444444444445,0.08705401622989668,1078.408,426.254749838074,0.6002222222222222,0.07757201525776995,500
pud,equalize,108,0.0013596824120989837,0.00025226504339293844,1000,90,160,1.7777777777777777,0.7245833333333334,0.16390694750343873,1397988628,0.6293777777777777,0.12217933297400362,2452.414,1218.707218807844,0.6780888888888889,0.11500589516072636,500
pud,equalize,109,0.04883160755848979,0.0005712437378240554,1000,90,160,1.7777777777777777,0.7058333333333333,0.16687367970993702,48801056,0.7145111111111111,0.09602580895804089,1551.51,683.1767962760007,0.5865777777777778,0.0847896470537964,500
pud,equalize,110,0.010929325862753081,0.000168275723004788,1000,90,160,1.7777777777777777,0.7181944444444445,0.16739420591321175,2540129109,0.597,0.13468342484830892,2636.536,1425.8348947188788,0.6606000000000001,0.11886956726647205,500
pud,equalize,111,0.010054542779734776,0.0006604041446475047,1000,90,160,1.7777777777777777,0.7188888888888889,0.1574173438647123,551297206,0.7036222222222223,0.10141367226678753,1275.502,515.7014504225635,0.6888,0.11381693965310179,500
pud,equalize,112,0.04915211693375872,0.00027467198249520194,1000,90,160,1.7777777777777777,0.7095833333333333,0.1614034279976627,2576745758,0.6471111111111111,0.11951641429042832,2547.05,1170.3608950872797,0.7035555555555555,0.11007173628963611,500
pud,equalize,113,0.08031446953035587,0.000887834786670759,1000,90,160,1.7777777777777777,0.6913888888888889,0.16684065435160322,3699662757,0.7694,0.07874473203759116,1086.228,415.11520483182153,0.7578666666666667,0.10463700229336813,500
pud,equalize,114,0.0842051595528626,0.00045568270818623465,1000,90,160,1.7777777777777777,0.6777777777777778,0.16689640768588138,322105557,0.7136888888888888,0.10573627488153955,1903.508,860.2625839606909,0.6557777777777778,0.07172559324530584,500
pud,equalize,115,0.02130852807021254,0.0007714234192968394,1000,90,160,1.7777777777777777,0.7145833333333333,0.17432649173438647,4177202439,0.7220888888888889,0.10050704969194578,1133.436,432.17401432909276,0.6802,0.12241259439608528,500
pud,equalize,116,0.01827603645988294,0.0004756222413382003,1000,90,160,1.7777777777777777,0.7201388888888889,0.1643935209797783,1868298294,0.6973777777777778,0.10370812621122083,1704.12,739.3483655295536,0.6927333333333333,0.11111238253558915,500
pud,equalize,117,0.08846451314986242,0.0002298599147667308,1000,90,160,1.7777777777777777,0.6826388888888889,0.1694060449950119,674810870,0.6421333333333333,0.1153654123067804,2614.66,1270.443581662868,0.6051777777777778,0.07880076367192428,500
pud,equalize,118,0.0659773051586708,0.0007728116385919289,1000,90,160,1.7777777777777777,0.6941666666666667,0.15949581267322926,2784827547,0.7286,0.09808813671963733,1158.476,480.24778739583707,0.7032888888888889,0.11305381591768612,500
pud,equalize,119,0.016744527709646618,0.00020157362694618553,1000,90,160,1.7777777777777777,0.7163888888888889,0.16543350106301602,3205399637,0.6069111111111112,0.12695689384950817,2672.292,1377.3424785951695,0.6860888888888889,0.1101924256347071,500
pud,equalize,120,0.06989549918673485,0.0006525187917238402,1000,90,160,1.7777777777777777,0.7065277777777778,0.1632278590448525,4053523699,0.7433333333333334,0.09538316929305991,1427.088,575.6408820664252,0.7005333333333333,0.12839019301945948,500
pud,equalize,121,0.05094302806432974,0.0006505957516425102,1000,90,160,1.7777777777777777,0.7043055555555556,0.16392648473530827,3493769797,0.7211777777777778,0.10095241791358822,1380.19,583.2573636092465,0.6807333333333333,0.12146546352263529,500
pud,equalize,122,0.0073490752124574345,0.0004231574675485651,1000,90,160,1.7777777777777777,0.7265277777777778,0.16408090934406724,3052176610,0.6735111111111111,0.11905292749348315,1811.506,817.6119278074326,0.6813111111111111,0.13497508321682433,500
pud,equalize,123,0.07718512313615952,0.0003118940753638702,1000,90,160,1.7777777777777777,0.7038888888888889,0.1649078451542062,2192118267,0.692,0.11050245225459451,2559.106,1254.2421143171098,0.7308888888888889,0.09872363907065809,500
pud,equalize,124,0.03165437316193016,0.0002518784690525028,1000,90,160,1.7777777777777777,0.7068055555555556,0.16606487436552794,4170684501,0.6362222222222221,0.10810244080275799,2540.734,1229.5265847020055,0.6636,0.10073324289578117,500
pud,equalize,125,0.031408424204735434,0.0009036468298140395,1000,90,160,1.7777777777777777,0.70625,0.16038399871733205,1718221201,0.7416444444444444,0.08023791289087255,988.726,396.57795586006574,0.7033111111111111,0.09616537326303973,500
pud,equalize,126,0.07203673299201427,0.0009488971776356157,1000,90,160,1.7777777777777777,0.6977777777777777,0.16765177637597659,3678194060,0.8023111111111111,0.07100548824697651,1073.204,426.5908365960707,0.769888888888889,0.11390275045850701,500
pud,equalize,127,0.0982915695047555,0.0006164428706635159,1000,90,160,1.7777777777777777,0.6997222222222222,0.16181604420479612,2657572168,0.7372222222222222,0.1140555639340593,1560.794,661.2945762647645,0.6864222222222223,0.13855859903229867,500
pud,equalize,128,0.0175403194783351,0.0005245292415620255,1000,90,160,1.7777777777777777,0.7118055555555556,0.16670087817748636,411734496,0.7003111111111111,0.10176892125220995,1577.5,651.1017870303755,0.597488888888889,0.07477166475754572,500
pud,equalize,129,0.07824347060619218,0.0007619371927386576,1000,90,160,1.7777777777777777,0.6988888888888889,0.17144241222345796,3446660643,0.7207777777777779,0.091465860364196,1174.202,446.10545541463796,0.6760888888888889,0.10618616259055699,500
pud,equalize,130,0.012071321564287963,0.0002541830168442844,1000,90,160,1.7777777777777777,0.7248611111111111,0.16194709557282658,2647977642,0.6400666666666666,0.1207686504187713,2339.314,1174.573405442821,0.726488888888889,0.09365991362674608,500
pud,equalize,131,0.020517684990278964,0.00048265277768707503,1000,90,160,1.7777777777777777,0.7102777777777778,0.16731838488245437,3460748845,0.7026888888888889,0.09884625762655373,1767.816,755.0906819846475,0.72,0.10774459061111887,500
pud,equalize,132,0.09100532053433597,0.0009455001374728215,1000,90,160,1.7777777777777777,0.6848611111111111,0.16501958208184558,2133416863,0.7660222222222223,0.08560702543963078,1016.406,360.4697074428974,0.6586666666666666,0.09281679972766295,500
pud,equalize,133,0.06107966796918503,0.0002326482633555178,1000,90,160,1.7777777777777777,0.7008333333333334,0.16980823026875658,1315569740,0.6298666666666667,0.11774593621412376,2714.03,1425.5965151289818,0.6320222222222223,0.08595992431095707,500
pud,equalize,134,0.02761787969038301,0.0008287924193683443,1000,90,160,1.7777777777777777,0.71875,0.16247396690379146,361419783,0.7102444444444445,0.09384949943130634,1081.262,408.2609157225481,0.6836888888888889,0.11114282335248003,500
pud,equalize,135,0.06350520407833155,0.0002774519029905364,1000,90,160,1.7777777777777777,0.7009722222222222,0.16731158440834457,1730158410,0.6793555555555555,0.12268280053251315,2543.814,1250.247345229137,0.7242888888888889,0.13260554544810488,500
pud,equalize,136,0.07765220468966377,0.0004177260609547465,1000,90,160,1.7777777777777777,0.6908333333333333,0.16323247090790952,1951860311,0.7117333333333333,0.10802944491596389,2120.742,959.2371130821763,0.6377555555555556,0.053112150837310544,500
pud,equalize,137,0.025206293592045004,0.0009446560175423569,1000,90,160,1.7777777777777777,0.70875,0.16553215062975984,930509684,0.7697555555555556,0.08242525799141837,1050.684,409.9031218258346,0.7454,0.10787459697333351,500
pud,equalize,138,0.04369161323119543,0.0009137185261345756,1000,90,160,1.7777777777777777,0.7216666666666667,0.16290847770379932,324799276,0.7365777777777778,0.08511146516923213,1052.952,398.8829011547967,0.7097333333333333,0.1019131085739262,500
pud,equalize,139,0.08818498103219978,0.0008133633234154727,1000,90,160,1.7777777777777777,0.6941666666666667,0.17211208601817476,1839940639,0.723488888888889,0.10611164096531078,1082.916,408.93053849600085,0.5794888888888889,0.08603918746627037,500
pud,equalize,140,0.014777966962695866,0.0008460626768310903,1000,90,160,1.7777777777777777,0.7181944444444445,0.15559285911186496,1652006928,0.7236888888888888,0.09611479277786582,1077.424,424.254692740841,0.6801333333333334,0.11777135805512687,500
pud,equalize,141,0.08823161878907777,0.0007346494380512103,1000,90,160,1.7777777777777777,0.7101388888888889,0.16633723499570183,3597688421,0.7790666666666667,0.08110434234498758,1309.598,544.1898359498293,0.7728666666666667,0.10158120245035035,500
pud,equalize,142,0.09048231198834084,0.0003388430866718388,1000,90,160,1.7777777777777777,0.6963888888888888,0.17013120154744618,1172275092,0.6882,0.11122136369199812,2472.268,1107.75630182114,0.7513555555555557,0.0908375225531817,500
pud,equalize,143,0.02397629485026147,0.0005022546539722048,1000,90,160,1.7777777777777777,0.7184722222222222,0.17206422551890388,664595473,0.7140222222222222,0.10681829523836184,1674.17,739.8851838431021,0.7289333333333333,0.10881346480542732,500
pud,equalize,144,0.05492796266281755,0.00039599964819634346,1000,90,160,1.7777777777777777,0.70625,0.1662385930744204,377135104,0.6783555555555556,0.09898748646699175,1988.216,922.5804912687778,0.6832666666666667,0.1057735820951513,500
pud,equalize,145,0.03769758737958047,0.0002691981301758172,1000,90,160,1.7777777777777777,0.7220833333333333,0.16520739532133302,2443636641,0.6342444444444444,0.12916136671092712,2340.328,1200.6800997016812,0.6985777777777777,0.11790392491570086,500
pud,equalize,146,0.062042982642138804,0.00026967308222292704,1000,90,160,1.7777777777777777,0.6856944444444444,0.169950677801985,1846271879,0.6546000000000001,0.11976260567887427,2495.092,1236.0864950246664,0.7153555555555556,0.1145558623439568,500
pud,equalize,147,0.05949336376078279,0.0004259139036660667,1000,90,160,1.7777777777777777,0.6995833333333333,0.16191549299736432,1960997360,0.7000444444444445,0.10587529302847873,1993.084,834.9881984357946,0.7263777777777778,0.10740543127864219,500
pud,equalize,148,0.046558242418709234,0.0006643787561422711,1000,90,160,1.7777777777777777,0.7169444444444445,0.15903240846223302,797755014,0.7230666666666667,0.10606337782098728,1403.704,555.2859130885181,0.7180222222222222,0.1255656520395489,500
pud,equalize,149,0.09988397434040464,0.0007688918388775299,1000,90,160,1.7777777777777777,0.6941666666666667,0.16573654632134166,2400456096,0.765511111111111,0.08006867583454419,1238.386,510.34721274747653,0.6882666666666667,0.08061042749118899,500
pud,equalize,150,0.07479484168003485,0.0006256634556432314,1000,90,160,1.7777777777777777,0.6813888888888889,0.17902361510497045,2198493565,0.745,0.09630568070562391,1531.142,648.202084013496,0.6646444444444444,0.07058624982593617,500
pud,equalize,151,0.04215385780130837,0.00017239466112834763,1000,90,160,1.7777777777777777,0.7152777777777778,0.1631586174460046,577037974,0.6231333333333333,0.1320464487520262,2969.562,1634.6159293941982,0.7179333333333333,0.11492508023339304,500
pud,equalize,152,0.09946666505200703,0.0004992685593983542,1000,90,160,1.7777777777777777,0.6919444444444445,0.16811090310456225,4032454003,0.7128666666666666,0.09886978266709914,1721.584,737.4182111803045,0.6161333333333333,0.06361657765645881,500
pud,equalize,153,0.001834400601078734,0.0006891019307623534,1000,90,160,1.7777777777777777,0.7245833333333334,0.16390694750343873,3846551279,0.7175333333333334,0.10187625761048098,1294.924,513.4724277818473,0.6971777777777778,0.119797141267188,500
pud,equalize,154,0.076283585942423,0.0005201947357172993,1000,90,160,1.7777777777777777,0.6909722222222222,0.16994458017099198,1838898581,0.7012666666666667,0.10108702099479694,1648.428,734.2450247217597,0.6756888888888889,0.1148387493219404,500
pud,equalize,155,0.08494056530347605,0.00018283303994984503,1000,90,160,1.7777777777777777,0.7004166666666667,0.16572147681212007,110819357,0.6252444444444444,0.133328701767698,2951.572,1441.7339693899794,0.7025333333333333,0.13105944205678333,500
pud,equalize,156,0.004089151891397957,0.0004009825054178649,1000,90,160,1.7777777777777777,0.7245833333333334,0.16390694750343873,790179592,0.6692,0.11449750268750601,1831.042,818.3450454807714,0.6846,0.11956122516623005,500
pud,equalize,157,0.09303018694495038,0.00029347800831894917,1000,90,160,1.7777777777777777,0.6975,0.16971980456190983,330295487,0.6634888888888889,0.11880727714933706,2504.558,1187.6179281749858,0.6904666666666667,0.13056666998365712,500
pud,equalize,158,0.01271181581269324,0.0005865909091913284,1000,90,160,1.7777777777777777,0.72375,0.17008820451802908,3311435916,0.6935111111111111,0.10195335090935827,1461.306,613.4010548345548,0.6797111111111112,0.11039836191119293,500
pud,equalize,159,0.016527455441888782,0.0009588175239371095,1000,90,160,1.7777777777777777,0.7184722222222222,0.17177290870273326,3552794595,0.7181333333333333,0.09807807976593061,922.876,359.6339162696738,0.6844444444444444,0.11608548819740118,500
pud,equalize,160,0.05773430486599568,0.0004506187562687479,1000,90,160,1.7777777777777777,0.69625,0.1690193339317244,679112817,0.6879555555555555,0.09882467223097509,1835.894,800.9480972403552,0.6982888888888888,0.10298633746639803,500
pud,equalize,161,0.05244904361133721,0.0007733237361811984,1000,90,160,1.7777777777777777,0.69875,0.16408362727807171,3829425417,0.759888888888889,0.08899313359613456,1273.046,516.5865263073792,0.7335333333333333,0.10317078746299478,500
pud,equalize,162,0.04813618306192106,0.000999607294703245,1000,90,160,1.7777777777777777,0.7104166666666667,0.16300758531572362,1456451065,0.749,0.09045731338546924,924.274,334.2742189144442,0.7171333333333333,0.10975583832360324,500
pud,equalize,163,0.004942135309241514,0.0005584497704018111,1000,90,160,1.7777777777777777,0.7245833333333334,0.16390694750343873,3425468707,0.6893111111111111,0.09744030698011796,1490.93,641.4135387996662,0.6814666666666667,0.11041743833309463,500
pud,equalize,164,0.09962397008826426,0.00030653390044387647,1000,90,160,1.7777777777777777,0.6997222222222222,0.1639376243143013,1717013335,0.6758888888888889,0.11298415697939942,2270.016,1114.7478788545961,0.726,0.09910432900440247,500
pud,equalize,165,0.005049082552147255,0.0007115864857227612,1000,90,160,1.7777777777777777,0.7245833333333334,0.16390694750343873,2994609966,0.7048,0.09777793971768538,1185.728,531.047558165997,0.6823333333333333,0.11677074383466318,500
pud,equalize,166,0.0530922733736203,0.0005078251636040142,1000,90,160,1.7777777777777777,0.6943055555555555,0.167693376913807,1346030325,0.7233555555555556,0.10941230608450501,1698.522,747.2222424923858,0.691,0.1258995687157252,500
pud,equalize,167,0.07507892118411322,0.0005343834718881142,1000,90,160,1.7777777777777777,0.6986111111111111,0.16499943577170958,39171448,0.7493777777777777,0.10620827616865663,1760.522,778.1103449600627,0.7519111111111112,0.126502653720593,500
pud,equalize,168,0.03640368512599074,0.00039645142627112243,1000,90,160,1.7777777777777777,0.7136111111111111,0.16769013666072488,3241571597,0.6754,0.11662992285417335,1954.6,909.6298438957525,0.6629777777777778,0.1279443194537256,500
pud,equalize,169,0.09229104612922738,0.0008380021722588328,1000,90,160,1.7777777777777777,0.6938888888888889,0.1607486562094405,4166863443,0.7299111111111112,0.09171440023556435,1056.35,411.62482614024873,0.6739333333333333,0.11042444466764526,500
pud,equalize,170,0.022719429437478268,0.0004862621809310165,1000,90,160,1.7777777777777777,0.7102777777777778,0.15516555601934126,1022199175,0.7008888888888889,0.09914750807736152,1713.272,730.2796112704192,0.6979111111111111,0.1161944808348545,500
pud,equalize,171,0.09239182085093313,0.00013143549508302978,1000,90,160,1.7777777777777777,0.6888888888888889,0.15408270599035293,4007667338,0.5907111111111111,0.14455021734032564,3168.36,1758.111863633853,0.5741777777777778,0.1512489645872025,500
pud,equalize,172,0.09957313345077917,0.0006475425769675176,1000,90,160,1.7777777777777777,0.6988888888888889,0.18075257961945373,260072703,0.750511111111111,0.10103247643916465,1433.678,657.6604327505277,0.7383555555555557,0.11719678734526631,500
pud,equalize,173,0.05816614813515123,0.0007074863077465034,1000,90,160,1.7777777777777777,0.7058333333333333,0.1674735201541187,3681239136,0.7258888888888889,0.09298956689436276,1338.662,528.1564713913343,0.6816666666666666,0.10363366568567545,500
pud,equalize,174,0.011695345239736966,0.0008359631845528727,1000,90,160,1.7777777777777777,0.7255555555555555,0.1548455067241617,3369644481,0.7145111111111111,0.09800476426303874,1082.132,439.96361957450347,0.684288888888889,0.11289735651332532,500
pud,equalize,175,0.09104568823093849,0.000682775504688092,1000,90,160,1.7777777777777777,0.7041666666666667,0.1714992825427767,1439232831,0.7776000000000001,0.09796144770342731,1424.062,585.697835119892,0.6436000000000001,0.08769109474839307,500
pud,equalize,176,0.04083397591529928,0.0005479701177456871,1000,90,160,1.7777777777777777,0.6948611111111112,0.17135142079813767,3299711385,0.7117777777777778,0.09532504963649957,1640.366,708.8140254604012,0.6962,0.1129950702254186,500
pud,equalize,177,0.08991065466576198,0.0007082091904809789,1000,90,160,1.7777777777777777,0.6865277777777778,0.16795762150447058,3364404261,0.7795777777777778,0.07488476843462073,1404.572,535.7336931685295,0.7685777777777778,0.062461463910847025,500
pud,equalize,178,0.035435495853991694,0.0005899411378844862,1000,90,160,1.7777777777777777,0.7130555555555556,0.16465266128765374,1552180763,0.7265111111111111,0.10777960501358386,1410.208,613.6122756151242,0.7282000000000001,0.11989781599847592,500
pud,equalize,179,0.08075818589693716,0.000304228497646916,1000,90,160,1.7777777777777777,0.67125,0.16274542557291097,2340740125,0.6860666666666667,0.1194413938599533,2540.496,1236.6332850718095,0.6412666666666667,0.10851806355632136,500
pud,equalize,180,0.037695377010993104,0.0006447913966895208,1000,90,160,1.7777777777777777,0.7073611111111111,0.16486867421077947,3382072763,0.7123999999999999,0.10626863873231944,1349.508,544.2724086757396,0.6954,0.12157507871665982,500
pud,equalize,181,0.07458392340642475,0.0004159094764169727,1000,90,160,1.7777777777777777,0.6925,0.17407898244921227,992723448,0.6916888888888889,0.10693122946515259,1877.932,892.7306376274522,0.6959777777777778,0.10878604743658865,500
pud,equalize,182,0.049294574760321966,0.0007456573007566915,1000,90,160,1.7777777777777777,0.7102777777777778,0.16187200525067433,534518569,0.7421333333333333,0.09321785648234977,1230.778,491.3039628211515,0.7090222222222222,0.09799737491125719,500
pud,equalize,183,0.031499735955893504,0.0009520721718385846,1000,90,160,1.7777777777777777,0.7108333333333333,0.16508342615798757,526808229,0.7455555555555555,0.09748945364668862,1011.104,383.58023512370295,0.7074666666666667,0.12645570685142796,500
pud,equalize,184,0.044654046726519236,0.00029044856567754296,1000,90,160,1.7777777777777777,0.70875,0.16080820105920643,1191982905,0.6436000000000001,0.12242863483546285,2260.01,1021.4469097701349,0.6059111111111112,0.08240744151640078,500
pud,equalize,185,0.05185504222447104,0.0008044736680592114,1000,90,160,1.7777777777777777,0.7080555555555555,0.16747984931464463,4184469738,0.7102888888888889,0.0968468747705581,1113.19,433.88950448726973,0.6782888888888889,0.11413383622447586,500
pud,equalize,186,0.0913038801975626,0.0001712968840982077,1000,90,160,1.7777777777777777,0.69875,0.16397008753517106,3039462877,0.6072444444444444,0.1317761890558315,2997.75,1540.1386592379781,0.6465333333333333,0.08802228417673588,500
pud,equalize,187,0.010619426692876978,0.0001582285558027505,1000,90,160,1.7777777777777777,0.7279166666666667,0.16557412211637454,3644056201,0.5902444444444445,0.12992713493489239,2668.436,1403.7863249070322,0.6962666666666667,0.11119296917865289,500
pud,equalize,188,0.0061185739856869925,0.00044644350541159027,1000,90,160,1.7777777777777777,0.7245833333333334,0.16390694750343873,2103666528,0.6729555555555555,0.1106523841698278,1795.572,840.6344230892312,0.6757555555555556,0.11692900068912505,500
pud,equalize,189,0.042505813184679275,0.0008175494903637659,1000,90,160,1.7777777777777777,0.7012499999999999,0.16341515454611383,728424126,0.7177777777777778,0.09730020411679896,1114.334,438.99880905613554,0.690711111111111,0.11377191694713579,500
pud,equalize,190,0.020688153536243672,0.0004524192412475881,1000,90,160,1.7777777777777777,0.7161111111111111,0.16596231740968584,3994247812,0.6775777777777778,0.11049353867363325,1777.628,759.7774286580225,0.5947111111111111,0.07500168978031607,500
pud,equalize,191,0.02211472463592027,0.0008446410134975429,1000,90,160,1.7777777777777777,0.7154166666666667,0.16618480052960485,3036812794,0.7197111111111111,0.10475408792328199,1075.41,398.43069150338283,0.6795333333333333,0.1352150652926114,500
pud,equalize,192,0.029539936489519927,0.0008507178315073084,1000,90,160,1.7777777777777777,0.7201388888888889,0.1684556190601942,4085656311,0.7323999999999999,0.10304557419398881,1042.548,395.3770728753893,0.6988888888888889,0.1323882859424548,500
pud,equalize,193,0.04767754091530557,0.0006543092206885358,1000,90,160,1.7777777777777777,0.7052777777777778,0.17183812153841393,4263825733,0.7454,0.09841428370058773,1435.708,608.9536368227054,0.711488888888889,0.13594854350856436,500
pud,equalize,194,0.08851480254082555,0.000773635858183542,1000,90,160,1.7777777777777777,0.6930555555555555,0.17363142447507773,2344549507,0.775511111111111,0.08236645650793392,1315.926,526.0224974843941,0.7869555555555555,0.08096785511814858,500
pud,equalize,195,0.04819293889920152,0.0004991813469893796,1000,90,160,1.7777777777777777,0.6915277777777777,0.1670780247476154,2853523642,0.7332222222222222,0.09395356208045454,1907.242,798.8937437880759,0.7567333333333334,0.10988342236570248,500
pud,equalize,196,0.069365003682795,0.00023691481292656343,1000,90,160,1.7777777777777777,0.6898611111111111,0.16317049638687064,3018806867,0.6544666666666668,0.12263164759800985,2533.394,1239.5428106858776,0.7233333333333334,0.11673689184407425,500
pud,equalize,197,0.0991284925602734,0.0005191504090710098,1000,90,160,1.7777777777777777,0.6731944444444444,0.17167936986951435,2183602906,0.7321555555555556,0.10434697243037216,1780.884,789.6021819596948,0.7370888888888888,0.125196970419858,500
pud,equalize,198,0.0017013660911448848,0.0002522054167074883,1000,90,160,1.7777777777777777,0.7245833333333334,0.16390694750343873,112266370,0.6235333333333333,0.12755810456931851,2368.906,1120.365831483946,0.6831777777777778,0.11766141010203843,500
pud,equalize,199,0.09200064015172192,0.00015538563391426322,1000,90,160,1.7777777777777777,0.6905555555555556,0.16929453346658577,831020141,0.5973555555555555,0.13659692315032906,2979.802,1585.4468285275848,0.6097777777777779,0.06148656953761564,500
pud,equalize,200,0.050109914145260274,0.0007621187791002243,1000,90,160,1.7777777777777777,0.715,0.15231669432877068,1897931685,0.7158222222222222,0.09257032434669543,1161.488,449.8968283599438,0.6831111111111111,0.10982421082104883,500
pud,equalize,201,0.08274935857113228,0.0006128300496264006,1000,90,160,1.7777777777777777,0.7019444444444444,0.16544691581972285,4269710698,0.7477111111111111,0.09857564743460517,1596.7,645.2487348764963,0.7457111111111111,0.10679724389049186,500
pud,equalize,202,0.002244837783678144,0.0005330966667972559,1000,90,160,1.7777777777777777,0.7245833333333334,0.16390694750343873,2427043567,0.6886444444444444,0.10131713541546593,1543.232,662.8610289218446,0.6840888888888889,0.11262022146527138,500
pud,equalize,203,0.019846341146506342,0.0004214759970708094,1000,90,160,1.7777777777777777,0.7215277777777778,0.16772765598057995,270427104,0.6648888888888889,0.11474916897563239,1768.782,821.4766864426146,0.6194444444444445,0.07769940702795043,500
pud,equalize,204,0.054102186512573536,0.00043397238087792514,1000,90,160,1.7777777777777777,0.7147222222222223,0.18029075916502815,3204642532,0.7018,0.11222320107335375,1853.824,906.3818583634277,0.7319555555555555,0.11242411913222261,500
pud,equalize,205,0.0852948767591526,0.000896172006509532,1000,90,160,1.7777777777777777,0.6991666666666666,0.15983265089689158,4079115078,0.7715333333333333,0.08620858505142888,1084.172,431.63510996246004,0.6732,0.12611179823974103,500
pud,equalize,206,0.0325145990846733,0.0009094718118394185,1000,90,160,1.7777777777777777,0.7102777777777778,0.16191306888400112,1210399738,0.7217333333333333,0.1033411407685404,991.538,357.532094998348,0.6840666666666667,0.12468304852455402,500
pud,equalize,207,0.07011536673108415,0.0005069461998580655,1000,90,160,1.7777777777777777,0.6941666666666667,0.1474040514900508,666333072,0.7117333333333333,0.09109708740665974,1702.704,760.9730878716603,0.7016666666666667,0.1048205373984095,500
pud,equalize,208,0.020636736319494788,0.0005906184190855984,1000,90,160,1.7777777777777777,0.7216666666666667,0.16877009442798915,2480952451,0.7070222222222222,0.1094535547852944,1454.168,611.7583872942402,0.6834444444444444,0.13700589514573253,500
pud,equalize,209,0.08674734663921425,0.0004933473215522799,1000,90,160,1.7777777777777777,0.6913888888888889,0.16306283197267538,2718942889,0.7179777777777777,0.0979818597511696,1857.82,762.8635692248653,0.7413777777777777,0.09092239771799292,500
pud,equalize,210,0.08267714781010593,0.0005116777756796826,1000,90,160,1.7777777777777777,0.6904166666666667,0.1686894576734045,1839828515,0.740111111111111,0.08878159578938206,1817.836,779.1880370605,0.7651111111111111,0.09299974314716428,500
pud,equalize,211,0.0232913641058352,0.0008130864471864923,1000,90,160,1.7777777777777777,0.7219444444444444,0.16152960262609384,1692021170,0.7277777777777779,0.09418244666131172,1082.668,448.98186958320383,0.7055777777777777,0.1091805087138516,500
pud,equalize,212,0.08047673094596432,0.0005399414031741857,1000,90,160,1.7777777777777777,0.7148611111111112,0.16496623151593912,973457236,0.7168222222222222,0.10398062373858721,1565.508,688.5185818924735,0.5465555555555556,0.11031887457921132,500
pud,equalize,213,0.000739256349097106,0.0007015015589553346,1000,90,160,1.7777777777777777,0.7245833333333334,0.16390694750343873,351407908,0.7003111111111111,0.09917845565174058,1225.24,474.74861019888374,0.6784222222222223,0.11449459634885571,500
pud,equalize,214,0.061793709408703115,0.00017840854193521338,1000,90,160,1.7777777777777777,0.7119444444444445,0.1614780227194228,2867509709,0.6099777777777777,0.14197641270303282,2820.372,1549.2404156058844,0.6972222222222222,0.12783294869656459,500
pud,equalize,215,0.0008085138778195167,0.0005899301384642211,1000,90,160,1.7777777777777777,0.7245833333333334,0.16390694750343873,2610352706,0.7025111111111111,0.10554467006651855,1446.568,586.4337972637204,0.6953111111111111,0.1160257527820526,500
pud,equalize,216,0.011454122548900348,0.00010445401859025675,1000,90,160,1.7777777777777777,0.7251388888888889,0.16592627774129323,830684638,0.5696666666666667,0.13435236472029558,2882.612,1569.6960268438534,0.6897555555555556,0.12038554186743015,500
pud,equalize,217,0.016156850489845855,0.0007001185799017521,1000,90,160,1.7777777777777777,0.7245833333333334,0.16043539900454246,3086526338,0.7047333333333333,0.10263152496491208,1264.966,497.0670257623216,0.6826,0.12383285435740898,500
pud,equalize,218,0.013342036824744531,0.00045366826206607984,1000,90,160,1.7777777777777777,0.7193055555555555,0.16644430942676558,2957769966,0.6707777777777778,0.10680193262201032,1646.404,701.9040585427592,0.6798222222222222,0.11205684355908936,500
pud,equalize,219,0.019212981638529913,0.00041862766668834025,1000,90,160,1.7777777777777777,0.7122222222222222,0.16120990111444186,2500628027,0.6833555555555556,0.11442508153805156,1938.212,855.533298888485,0.6898444444444445,0.1330447612032654,500
pud,equalize,220,0.08665069506472856,0.0007261636452143694,1000,90,160,1.7777777777777777,0.7122222222222222,0.16607533359383012,662323480,0.7493333333333334,0.08327163157731085,1261.796,490.0236614302649,0.7466888888888888,0.0959309683395216,500
pud,equalize,221,0.017665162980861626,0.0005943903384687154,1000,90,160,1.7777777777777777,0.7220833333333333,0.15605174449128698,932805948,0.7345111111111111,0.0994049218068602,1485.894,624.657278990962,0.7370888888888888,0.10216958893980758,500
pud,equalize,222,0.06565969186809927,0.0005734013883118437,1000,90,160,1.7777777777777777,0.695,0.16435514444321356,310027932,0.7085555555555555,0.09753708913863864,1582.252,615.5598592961967,0.6131333333333333,0.07915477630278589,500
pud,equalize,223,0.0612710153779276,0.0006360902212719738,1000,90,160,1.7777777777777777,0.7116666666666667,0.16768830391155812,714969255,0.7094666666666667,0.09663817381712836,1362.42,564.0056314476027,0.6821111111111111,0.12517629024450883,500
pud,equalize,224,0.018434977528201557,0.0003800519561001733,1000,90,160,1.7777777777777777,0.7176388888888889,0.16390694750343873,2078527871,0.6599555555555555,0.11489180420334294,1968.854,848.2787385763249,0.6809333333333333,0.11592091496762098,500
pud,equalize,225,0.04110193696305199,0.0006102266766190323,1000,90,160,1.7777777777777777,0.6958333333333333,0.16499160772466584,330017373,0.7243999999999999,0.09262199904153404,1489.18,648.5288080183171,0.7207777777777779,0.10297361387754314,500
pud,equalize,226,0.08963249695345749,0.0007487117463125081,1000,90,160,1.7777777777777777,0.6923611111111111,0.16517722099184173,35641933,0.7501111111111111,0.09007908096408221,1228.208,517.4719694963477,0.6685777777777778,0.0674033519627205,500
pud,equalize,227,0.06750759184245443,0.0008334511078173777,1000,90,160,1.7777777777777777,0.7077777777777778,0.17261112055190564,236497692,0.7557111111111111,0.09780098052667482,1137.664,444.49305422527044,0.7264444444444444,0.11471100001021259,500
pud,equalize,228,0.06929644192720286,0.0005907968441538742,1000,90,160,1.7777777777777777,0.7154166666666667,0.1684791734294096,2245290576,0.7407333333333334,0.09122571554080636,1473.302,668.2566008391761,0.7208444444444444,0.11381513978242226,500
pud,equalize,229,0.0821126931134302,0.00045955663308243865,1000,90,160,1.7777777777777777,0.7052777777777778,0.1655232460596833,113797827,0.6827333333333333,0.11165923807476959,1702.772,759.4233705433713,0.6796888888888889,0.1210140565810441,500
pud,equalize,230,0.0841945344984291,0.0003123331768910091,1000,90,160,1.7777777777777777,0.7030555555555555,0.17304970280610832,2172460135,0.6787333333333333,0.12194894856075265,2226.194,1058.21003080797,0.7172888888888889,0.14051524474691054,500
pud,equalize,231,0.08142061009913427,0.0006976336886456844,1000,90,160,1.7777777777777777,0.7105555555555556,0.16667300031121238,2532127898,0.7679555555555555,0.08696320927516482,1355.884,579.0465165084416,0.6945777777777777,0.12290846798134604,500
pud,equalize,232,0.020772100093355485,0.0007367242480668835,1000,90,160,1.7777777777777777,0.7125,0.16246085893746712,4125726934,0.7244222222222222,0.09701423246296666,1195.384,459.83344608703777,0.6889111111111111,0.12056322092470294,500
pud,equalize,233,0.0030273609480812483,0.0009470784547278634,1000,90,160,1.7777777777777777,0.7245833333333334,0.16390694750343873,1513890026,0.7212444444444445,0.094762686999023,914.566,342.67859998806387,0.6844444444444444,0.11626863211683532,500
pud,equalize,234,0.04214659384438729,0.0004618962744811848,1000,90,160,1.7777777777777777,0.70625,0.16329419227080044,500477390,0.7172000000000001,0.10447548063817798,1880.916,792.2747651863599,0.7016666666666667,0.10948910730353563,500
pud,equalize,235,0.09437150492021867,0.0007668483854406092,1000,90,160,1.7777777777777777,0.6984722222222222,0.16645765185681727,746478831,0.7584444444444445,0.08679936629015098,1278.284,512.388566842452,0.7486888888888888,0.09458225109251422,500
pud,equalize,236,0.09799340557539199,0.0003590729237994731,1000,90,160,1.7777777777777777,0.7140277777777778,0.16411431291320636,98914687,0.7104444444444444,0.11861355482326912,2497.566,1214.1953460298882,0.7386,0.15716684811031822,500
pud,equalize,237,0.04604975220876332,0.0003530975310914254,1000,90,160,1.7777777777777777,0.7108333333333333,0.1698014323659473,609370654,0.6692222222222222,0.11098918939829022,2056.75,1018.1575246443842,0.706,0.101550609486808,500
pud,equalize,238,0.09505573581716725,0.0007942010493152418,1000,90,160,1.7777777777777777,0.6843055555555555,0.16313201392945537,2585679379,0.7540666666666668,0.09188345652842883,1219.694,496.5047979554533,0.7168888888888889,0.11632904887117375,500
pud,equalize,239,0.02703885956756208,0.00040931487831675004,1000,90,160,1.7777777777777777,0.7140277777777778,0.16496148480066608,1983093560,0.6750222222222222,0.11529127238568389,1823.534,822.2573265505953,0.6952666666666667,0.11522367041113525,500
pud,equalize,240,0.01600927431136976,0.0005138482576948818,1000,90,160,1.7777777777777777,0.7213888888888889,0.16983380167590695,2928556786,0.6898888888888889,0.10624032243450408,1625.794,781.2782186095726,0.6814666666666667,0.11812518137541483,500
pud,equalize,241,0.005636560706678617,0.0003900646341073311,1000,90,160,1.7777777777777777,0.7245833333333334,0.16390694750343873,536824427,0.6595777777777778,0.11599325109979533,1916.602,942.524946165505,0.6773555555555555,0.12025427055444045,500
pud,equalize,242,0.00972261355089592,0.00041551549869098167,1000,90,160,1.7777777777777777,0.7181944444444445,0.17380186929163538,2416067404,0.6834666666666667,0.10592311166127778,1907.066,855.9497073116468,0.6846,0.11289647993174648,500
pud,equalize,243,0.014830406182046563,0.00026530894843175405,1000,90,160,1.7777777777777777,0.726111111111111,0.16866683155038847,1831038507,0.6221555555555556,0.13162922547757697,2251.176,1173.3111980027793,0.6749777777777778,0.11821035327820444,500
pud,equalize,244,0.039580025148635525,0.0006824964670848704,1000,90,160,1.7777777777777777,0.6991666666666666,0.16789721011710865,4144443140,0.7078666666666666,0.10694871972067914,1282.67,519.5876400872746,0.6828222222222222,0.12294169122938518,500
pud,equalize,245,0.0844352434881059,0.0008542782128945555,1000,90,160,1.7777777777777777,0.7005555555555555,0.16808475354226987,432500633,0.7676888888888889,0.10016657493821189,1117.95,443.04666141206485,0.6447999999999999,0.09526181464975582,500
pud,equalize,246,0.07563189618282536,0.0009966698254168494,1000,90,160,1.7777777777777777,0.6968055555555556,0.1649203423598428,3416406834,0.7864444444444445,0.06986643108059433,1017.254,373.6038612947524,0.7453555555555555,0.07113302309365684,500
pud,equalize,247,0.08892609718322533,0.0002601434060104758,1000,90,160,1.7777777777777777,0.6941666666666667,0.16790960068737845,307607768,0.6522444444444444,0.12874018979323326,2409.454,1207.745167103277,0.7090444444444445,0.12323892627676662,500
pud,equalize,248,0.04453897502922638,0.0007454506229893264,1000,90,160,1.7777777777777777,0.7134722222222223,0.16499859810970924,2220092600,0.7165777777777778,0.09783900230912243,1208.494,454.2401856468811,0.6715777777777778,0.1178257444662738,500
pud,equalize,249,0.05572333711441904,0.0005560119566268066,1000,90,160,1.7777777777777777,0.7033333333333333,0.16354726520533194,2860671086,0.7186,0.09668784591784152,1588.042,631.0909727351006,0.6976666666666667,0.11614402981404752,500
pud,equalize,250,0.05010573681842774,0.0004911941248707776,1000,90,160,1.7777777777777777,0.7134722222222223,0.16819450019720597,1061755010,0.7064888888888889,0.0996908455050069,1753.686,783.8232742490552,0.5548,0.08281653452874371,500
pud,equalize,251,0.018748805880790177,0.0007413056437818079,1000,90,160,1.7777777777777777,0.7195833333333334,0.16647770168969,246284251,0.7124666666666667,0.09478021703945957,1228.224,448.6712176495102,0.6012222222222222,0.07576351265172632,500
pud,equalize,252,0.08954895470740007,0.0008794960272409093,1000,90,160,1.7777777777777777,0.6815277777777777,0.1680198649087538,4058265628,0.7431777777777778,0.08250048000837994,1040.774,388.02837907805116,0.7258,0.09372709877224074,500
pud,equalize,253,0.010908265709989075,0.0004757550113944697,1000,90,160,1.7777777777777777,0.7263888888888889,0.16183944710260498,471088870,0.6880666666666667,0.10527099192683749,1678.642,764.5966190192257,0.6922222222222222,0.1132055986174117,500
pud,equalize,254,0.03331389533537497,0.0008667639669688366,1000,90,160,1.7777777777777777,0.7123611111111111,0.17396288451743325,1700613688,0.7683555555555556,0.07953831498906755,1080.654,450.0407488608897,0.7259111111111112,0.10906021721051805,500
pud,equalize,255,0.03683670326305939,0.0002950038527985372,1000,90,160,1.7777777777777777,0.7084722222222223,0.16777491063765573,1707153896,0.6487111111111111,0.11753662139545748,2267.846,1119.9317571018025,0.6738444444444445,0.11329226555844206,500
pud,equalize,256,0.0410460070743539,0.00010550547966243637,1000,90,160,1.7777777777777777,0.7115277777777778,0.1718141700058465,4142023427,0.5732,0.14530014594959662,3166.398,1787.9134107457912,0.7273999999999999,0.11785209798485116,500
pud,equalize,257,0.03998748858185133,0.0009191518628182213,1000,90,160,1.7777777777777777,0.7073611111111111,0.16933203416046555,3682413662,0.7460888888888888,0.09342289814610899,1013.568,379.99256054314566,0.6929777777777778,0.12169608827112044,500
pud,equalize,258,0.008454880003725662,0.0003733418544824817,1000,90,160,1.7777777777777777,0.7184722222222222,0.16301351020649266,3834111607,0.6640666666666667,0.11481213295627847,1957.334,879.2158776791548,0.6894666666666667,0.11284184012480993,500
pud,equalize,259,0.0747871140031551,0.0008043429942602911,1000,90,160,1.7777777777777777,0.6970833333333333,0.16638862135958093,1003887128,0.7474222222222222,0.08533314545737507,1120.366,426.8282896220016,0.6903777777777778,0.11246560511244576,500
pud,equalize,260,0.04653703112706469,0.00088472645690986,1000,90,160,1.7777777777777777,0.6955555555555556,0.1743684722633811,2831647785,0.7266444444444445,0.0979689306786196,962.614,367.29015385419245,0.6341111111111111,0.11433374891376745,500
pud,equalize,261,0.07149423646968527,0.0002151419825522232,1000,90,160,1.7777777777777777,0.7004166666666667,0.16268045038323675,1198917739,0.6434888888888889,0.1245366006547665,2773.418,1364.9961627508883,0.6992222222222222,0.12588148826694123,500
pud,equalize,262,0.07549537976016844,0.0006311959974859111,1000,90,160,1.7777777777777777,0.70625,0.16242693638274358,153675678,0.7443333333333334,0.08058359527047149,1453.13,621.6388717525215,0.6864666666666667,0.10312569432496295,500
pud,equalize,263,0.08665102934233217,0.0009991026538820147,1000,90,160,1.7777777777777777,0.7043055555555556,0.16748384928419388,2972985023,0.7407777777777779,0.09190032163169938,921.746,326.90631220261844,0.6925777777777777,0.12274123924450532,500
pud,equalize,264,0.027730594337353698,0.00010810930141649184,1000,90,160,1.7777777777777777,0.7051388888888889,0.16561593948229655,4212660858,0.5649555555555555,0.13606743808774094,2861.854,1552.0001332187514,0.6552444444444444,0.1190750950044879,500
pud,equalize,265,0.03977583950296814,0.00048472824188514703,1000,90,160,1.7777777777777777,0.7093055555555555,0.16666811880993168,896697876,0.6846666666666666,0.10946882495668916,1693.64,751.9754760850028,0.6912,0.10860496750527825,500
pud,equalize,266,0.09739901146457514,0.0009404304030878641,1000,90,160,1.7777777777777777,0.6798611111111111,0.16779930923463773,3553789914,0.7476,0.08636999963891323,979.906,351.9395517132455,0.6796222222222222,0.09854231121770071,500
pud,equalize,267,0.03980196532544316,0.0002310823469941233,1000,90,160,1.7777777777777777,0.7109722222222222,0.16587397278199234,1915749051,0.6544666666666668,0.12104368740099741,2767.38,1483.2406538638797,0.7543777777777777,0.09860776806172951,500
pud,equalize,268,0.054803800191488464,0.00021850438744672955,1000,90,160,1.7777777777777777,0.6966666666666667,0.16785499569276763,165650907,0.6334222222222222,0.1347086054129436,2876.692,1447.537559827109,0.724488888888889,0.11355494594156561,500
pud,equalize,269,0.003855130701584897,0.0006948749250613895,1000,90,160,1.7777777777777777,0.7245833333333334,0.16390694750343873,3436711644,0.7063333333333334,0.10170683927299286,1224.508,524.4891148529191,0.6874666666666667,0.11532405771964298,500
pud,equalize,270,0.06165645295595398,0.0003719423335859644,1000,90,160,1.7777777777777777,0.7047222222222221,0.1607248922960997,887837027,0.6764666666666667,0.10359580516779338,2055.25,991.3298225788774,0.7057555555555556,0.09931958577370938,500
pud,equalize,271,0.056849710719510976,0.0003901646953126267,1000,90,160,1.7777777777777777,0.7094444444444444,0.1655949696585252,2434386146,0.6822222222222222,0.11035368647739816,2021.112,945.2031471778279,0.7004,0.11044260260548863,500
pud,equalize,272,0.05231156897143352,0.0004823368518206137,1000,90,160,1.7777777777777777,0.7025,0.1696108072561347,1181669392,0.7124444444444444,0.11337353734355932,1765.25,809.5688426081156,0.7220444444444445,0.12398764652280678,500
pud,equalize,273,0.09305845844781624,0.0008384167941362507,1000,90,160,1.7777777777777777,0.7097222222222223,0.1690752939589077,1807904526,0.7963333333333333,0.08785379006456848,1186.078,458.1763230482389,0.7125555555555555,0.1554605349636074,500
pud,equalize,274,0.04456706344878683,0.0001968601583982523,1000,90,160,1.7777777777777777,0.7190277777777778,0.16561386314881532,2992397590,0.6070444444444445,0.13466456894556794,2615.896,1368.6074081559398,0.6460666666666667,0.10594811743217415,500
pud,equalize,275,0.06166277514755728,0.0009713185842897689,1000,90,160,1.7777777777777777,0.6948611111111112,0.17585486129001782,2289651720,0.7447111111111111,0.09559654866302415,909.474,340.1869245153648,0.625,0.11910225019135139,500
pud,equalize,276,0.09064098997045206,0.0002038191643368578,1000,90,160,1.7777777777777777,0.7209722222222222,0.1669513310681307,85594302,0.6244444444444445,0.1276375655062234,2597.762,1495.7634887188437,0.7231777777777778,0.10134465700617253,500
pud,equalize,277,0.07167491124837097,0.0009865600847972793,1000,90,160,1.7777777777777777,0.7026388888888888,0.1585924948435012,2997591200,0.7662,0.07865887354515107,980.43,382.7789604525438,0.7466,0.0956230336591,500
pud,equalize,278,0.04304022306416481,0.0007554896765945507,1000,90,160,1.7777777777777777,0.7119444444444445,0.16496061074932367,1201138581,0.7605555555555555,0.0888913242819346,1203.334,481.1281024279207,0.6727555555555556,0.06489490063445262,500
pud,equalize,279,0.08298087013615088,0.0007441535810185822,1000,90,160,1.7777777777777777,0.7048611111111112,0.1640321537658753,49339549,0.7139777777777777,0.1028427887813949,1163.242,457.84966098067645,0.5746444444444444,0.07433324030549891,500
pud,equalize,280,0.06183973301537842,0.0001383449522903108,1000,90,160,1.7777777777777777,0.6965277777777777,0.16586501098756,1537252383,0.5872888888888889,0.1480901214943718,2889.616,1553.6515538709739,0.6633777777777777,0.14528913220867556,500
pud,equalize,281,0.08765941255436656,0.0004937767347921221,1000,90,160,1.7777777777777777,0.6995833333333333,0.1725743419979284,2309255172,0.6945111111111111,0.11590096834793796,1620.394,736.1825536295584,0.6821333333333334,0.13048919370646422,500
pud,equalize,282,0.014104526531473462,0.0006994962343682461,1000,90,160,1.7777777777777777,0.7120833333333334,0.16860837911276508,2707132060,0.7122444444444445,0.10005540166013352,1240.928,491.566648946726,0.5913555555555555,0.08353143232075155,500
pud,equalize,283,0.05425282166155629,0.0004530676177567688,1000,90,160,1.7777777777777777,0.7108333333333333,0.17287690173283182,1167726466,0.6890666666666667,0.11339216342387037,1757.4,778.4396833932368,0.6215777777777778,0.1222164711911872,500
pud,equalize,284,0.023917385697085736,0.0008758061563253083,1000,90,160,1.7777777777777777,0.7136111111111111,0.16041979184609043,955765094,0.7297333333333333,0.1007597650140002,1069.122,429.5828417801437,0.5768888888888889,0.0800659071893264,500
pud,equalize,285,0.037987247899445145,0.0008772697114415636,1000,90,160,1.7777777777777777,0.7073611111111111,0.16244654764262606,2390769340,0.7172000000000001,0.10356452685376828,1006.226,381.8772359944244,0.6560444444444444,0.1279715278583613,500
pud,equalize,286,0.024499993521167263,0.0003993192909685237,1000,90,160,1.7777777777777777,0.7173611111111111,0.1646972094112617,1227838771,0.6794,0.1108930637154436,1977.946,934.9291889017696,0.6988,0.11822701198896458,500
pud,equalize,287,0.03409833958626134,0.0009907952771358052,1000,90,160,1.7777777777777777,0.7145833333333333,0.16642248917997113,3109019122,0.7378444444444444,0.09516709396513988,877.488,309.6660782456355,0.6983111111111111,0.11833607273981259,500
pud,equalize,288,0.08289035351969933,0.0003602766901825456,1000,90,160,1.7777777777777777,0.6841666666666667,0.16700269581616162,3949115246,0.7016222222222223,0.11275596357095473,2241.848,1097.5772905419583,0.7137777777777778,0.1176049365522647,500
pud,equalize,289,0.09591826222679145,0.0008327980153021998,1000,90,160,1.7777777777777777,0.6611111111111111,0.15632532234573798,250967347,0.7828444444444445,0.0799224493610721,1273.622,489.9682897555022,0.6858888888888889,0.1466116557765449,500
pud,equalize,290,0.09180440700323339,0.0006605264951872623,1000,90,160,1.7777777777777777,0.6715277777777777,0.1666716593064233,2697615383,0.7590222222222223,0.09392508910426971,1455.516,593.3290659532954,0.6554222222222222,0.07176029934864192,500
pud,equalize,291,0.03716947071450432,0.0009093823613486693,1000,90,160,1.7777777777777777,0.7177777777777777,0.16232693837269,3867606104,0.7678222222222222,0.0929683355126958,1058.558,391.66783634100983,0.7340444444444445,0.127288134678051,500
pud,equalize,292,0.04246937844370268,0.0003851010666165438,1000,90,160,1.7777777777777777,0.72,0.16341224240347046,1279854195,0.6840444444444445,0.10412572356495055,2153.262,990.584986048734,0.7296888888888888,0.09429692068461172,500
pud,equalize,293,0.028737753486011954,0.00048494512547286243,1000,90,160,1.7777777777777777,0.7134722222222223,0.17190489158626415,1535401342,0.6876222222222222,0.11011634637052982,1665.298,735.3483416470907,0.6995777777777777,0.11100894657347347,500
pud,equalize,294,0.07299994974083987,0.0009757721040463015,1000,90,160,1.7777777777777777,0.6901388888888889,0.16857676100061172,3133160219,0.8302222222222222,0.06126082347663515,1124.174,427.7694064026882,0.8396,0.0771805681499754,500
pud,equalize,295,0.006681291987176031,0.0007554292808619749,1000,90,160,1.7777777777777777,0.7277777777777777,0.16258419618068742,2947174807,0.7192444444444445,0.09716545786967364,1152.35,478.0522894861669,0.6951333333333334,0.11892693190147285,500
pud,equalize,296,0.07908846463743385,0.0006966549378189009,1000,90,160,1.7777777777777777,0.7190277777777778,0.17219113426673632,3571519007,0.7420444444444445,0.09485733942099443,1300.872,566.7325641027071,0.6410888888888888,0.07154184774052945,500
pud,equalize,297,0.08944616350930308,0.00014984326004243727,1000,90,160,1.7777777777777777,0.67875,0.17081055261610817,164647332,0.6098222222222222,0.12888488848896706,3051.15,1621.5154245470762,0.7183111111111111,0.1130711643218267,500
pud,equalize,298,0.007318581734121976,0.0003583458218110771,1000,90,160,1.7777777777777777,0.7251388888888889,0.16902821023547518,2588767183,0.6814222222222223,0.11771533868794952,2112.77,1034.81709976204,0.7267333333333333,0.10665360966251394,500
pud,equalize,299,0.09516219553100023,0.00040447531288513675,1000,90,160,1.7777777777777777,0.7005555555555555,0.16870810408456607,3002836733,0.7101777777777778,0.11530975175821247,2119.972,931.961402272998,0.6933333333333334,0.07821393753823966,500
pud,equalize,300,0.09738130892047757,0.000339195667752219,1000,90,160,1.7777777777777777,0.6709722222222223,0.1710228807808787,3308161180,0.6802222222222222,0.10117423356514618,2240.504,1061.7318979998959,0.6748666666666667,0.10044395132326739,500
pud,equalize,301,0.01965861071628977,0.0006418161917587539,1000,90,160,1.7777777777777777,0.7259722222222222,0.15446558594529808,2878552831,0.71,0.10070264537892422,1341.03,539.8949065514885,0.6962666666666667,0.11470857574421556,500
pud,equalize,302,0.031060510953517164,0.0009151198820778529,1000,90,160,1.7777777777777777,0.7155555555555556,0.13807285355331064,1413810153,0.7536,0.08917859713846728,1021.156,401.25989417002387,0.7227333333333333,0.10564598079258086,500
pud,equalize,303,0.051890452768968615,0.00027398206729663775,1000,90,160,1.7777777777777777,0.7119444444444445,0.1625348046348395,1918757293,0.6499555555555555,0.1185225691432797,2551.598,1249.7339502024336,0.5958888888888889,0.09080618443256314,500
pud,equalize,304,0.016419602579156867,0.0002518675486554384,1000,90,160,1.7777777777777777,0.7273611111111111,0.16952290870273326,3278007299,0.6307333333333334,0.12920922997972054,2391.324,1199.4268817703844,0.6838,0.11970765869736705,500
pud,equalize,305,0.007529140072194607,0.00011520973095041752,1000,90,160,1.7777777777777777,0.7204166666666667,0.17508840369392484,1335723153,0.5617111111111112,0.1390889603281934,2894.27,1443.9450501024724,0.6763333333333333,0.11672157840809827,500
pud,equalize,306,0.06127765227904994,0.0002043243669151128,1000,90,160,1.7777777777777777,0.7075,0.16639534728220426,1782209223,0.6339555555555555,0.1464072251743927,2889.25,1607.7034715409459,0.7287111111111111,0.1320818877716211,500
pud,equalize,307,0.0684197453775433,0.000321199561497253,1000,90,160,1.7777777777777777,0.69375,0.17006844763423712,1056458568,0.7026444444444444,0.09643780061606659,2537.712,1210.0032283764217,0.7741333333333333,0.07056130698194005,500
pud,equalize,308,0.0765783475260951,0.0008109491558071202,1000,90,160,1.7777777777777777,0.69375,0.1645140370911346,3941202253,0.7868222222222222,0.08990141148409696,1228.534,462.672654058598,0.6825555555555556,0.08432469036751093,500
pud,equalize,309,0.09861208340852846,0.00034527898425049943,1000,90,160,1.7777777777777777,0.7058333333333333,0.16491150840892818,3647727360,0.7011333333333333,0.11046326161021007,2234.62,1123.2243861505538,0.6473555555555555,0.12562979028451962,500
pud,equalize,310,0.059710470496129264,0.00033891301263478334,1000,90,160,1.7777777777777777,0.69375,0.16539441784807607,3630409394,0.6643111111111112,0.10630385301804023,2152.254,1032.1147373941974,0.7054888888888889,0.09338042889363242,500
pud,equalize,311,0.09016311576185347,0.0007928900262456957,1000,90,160,1.7777777777777777,0.7131944444444445,0.1636812710789319,143043466,0.7154222222222222,0.11023561558034949,1125.9,412.3376075562482,0.5322666666666667,0.07725176327513499,500
pud,equalize,312,0.030728100657273816,0.0009430811334378774,1000,90,160,1.7777777777777777,0.7118055555555556,0.1668217852647677,386192462,0.7598444444444444,0.10372047107081553,995.722,363.1130828514388,0.6911555555555555,0.14846684417736383,500
pud,equalize,313,0.09022061605596361,0.0001477958775867935,1000,90,160,1.7777777777777777,0.6952777777777778,0.16380901571167694,3895380428,0.6340222222222223,0.15021947870887833,3497.048,1897.272041668298,0.8193333333333334,0.09602325563426413,500
pud,equalize,314,0.09459224132057502,0.00014965174266009455,1000,90,160,1.7777777777777777,0.7016666666666667,0.1640096054234341,2314621544,0.6063999999999999,0.148040394272732,3175.322,1643.406862144943,0.6850444444444445,0.1530099484856614,500
pud,equalize,315,0.021004590645067867,0.00032291064821579206,1000,90,160,1.7777777777777777,0.7204166666666667,0.1589366860210315,795401736,0.6725555555555556,0.11705811691778091,2242.928,1088.831854986281,0.7225555555555555,0.11018602876142745,500
pud,equalize,316,0.04674307174749268,0.0005482341699045536,1000,90,160,1.7777777777777777,0.7188888888888889,0.16360230613008392,543136458,0.6938,0.10305859378258161,1482.74,608.6888207952586,0.6120666666666666,0.0728541492233379,500
pud,equalize,317,0.07977475834134579,0.00070313778462625,1000,90,160,1.7777777777777777,0.6986111111111111,0.16865694328413625,3721279863,0.7617111111111111,0.11132638019950972,1356.21,573.0653345433751,0.6093999999999999,0.06714948375128824,500
pud,equalize,318,0.0829911516706858,0.0008707386408526015,1000,90,160,1.7777777777777777,0.7283333333333333,0.17037380828790885,3655582978,0.7856888888888889,0.07864379022443185,1157.11,451.58349971453646,0.752,0.1027574498303322,500
pud,equalize,319,0.04475319311661963,0.0006343532771348647,1000,90,160,1.7777777777777777,0.7047222222222221,0.16531715321842602,3476228002,0.7369111111111112,0.09782153987175488,1494.822,585.9095991984307,0.739111111111111,0.10508814936537568,500
pud,equalize,320,0.06677888936295587,0.0004583148837786981,1000,90,160,1.7777777777777777,0.6941666666666667,0.16353300989738898,320682312,0.6889111111111111,0.11041532088515765,1809.902,792.0685308172658,0.6730666666666667,0.11920436898617853,500
pud,equalize,321,0.045747008652155155,0.0005835843497195346,1000,90,160,1.7777777777777777,0.71875,0.16379153059416215,2570152234,0.6919777777777778,0.11376953138605637,1426.456,581.8017072139219,0.6758444444444445,0.13630607778757262,500
pud,equalize,322,0.07902706231711586,0.0004381491773755507,1000,90,160,1.7777777777777777,0.69125,0.17046881247264137,1376046097,0.7127333333333333,0.11575717428052613,1950.504,859.7135620668103,0.7013777777777778,0.1462769462393625,500
pud,equalize,323,0.0869649519905848,0.0008264115172838656,1000,90,160,1.7777777777777777,0.7076388888888889,0.17074554884774337,1424641864,0.7718222222222222,0.07475328182309918,1151.576,463.10081510823085,0.7215333333333332,0.098436625134985,500
pud,equalize,324,0.018452363068587774,0.0002815378979554896,1000,90,160,1.7777777777777777,0.7226388888888888,0.17100223201100395,675316190,0.6456888888888889,0.12354772830269796,2226.936,1011.4724241587936,0.6864222222222223,0.12490067109198844,500
pud,equalize,325,0.03462286010084579,0.0009920536107751604,1000,90,160,1.7777777777777777,0.7072222222222222,0.1598573076685853,886365448,0.7577777777777779,0.08629882715152071,940.47,360.4504489556154,0.7252222222222222,0.11030945497956471,500
pud,equalize,326,0.0836988708754707,0.000314403604206947,1000,90,160,1.7777777777777777,0.6836111111111111,0.16746704934323528,2118043286,0.7181555555555555,0.10641608239521497,2701.922,1296.7439197864035,0.8012222222222222,0.06988971034680659,500
pud,equalize,327,0.09654802719331496,0.0001354584239464804,1000,90,160,1.7777777777777777,0.6925,0.17618744852142784,395370746,0.5916666666666667,0.14383059019165784,3160.956,1640.2186587650813,0.7113333333333334,0.14470353414304782,500
pud,equalize,328,0.04081174553072856,0.0005881332910545382,1000,90,160,1.7777777777777777,0.7041666666666667,0.16461386370958092,2632149503,0.7343333333333334,0.09082035112533922,1577.204,668.7379810947766,0.7229555555555556,0.08825876354301065,500
pud,equalize,329,0.07264753460496122,0.0007266338431968633,1000,90,160,1.7777777777777777,0.70625,0.16204490510472078,2540336080,0.7724666666666667,0.09009804127993024,1352.898,566.2440359177523,0.7517333333333334,0.13248527149635436,500
pud,equalize,330,0.08501163475603675,0.0001838365999018411,1000,90,160,1.7777777777777777,0.6866666666666666,0.16586182320716444,1843019308,0.6116222222222223,0.11524265010608535,2785.606,1350.4102244550083,0.641511111111111,0.07886467713298478,500
pud,equalize,331,0.03822255654751616,0.0004182781282014679,1000,90,160,1.7777777777777777,0.7091666666666667,0.1678808464941462,4258941450,0.7076,0.11818505098679369,1972.848,954.7497531176202,0.6909777777777778,0.11718251577143907,500
pud,equalize,332,0.024130592208209956,0.0008897420784010647,1000,90,160,1.7777777777777777,0.7197222222222223,0.17016416126968242,3052876612,0.7729777777777778,0.07565851499281255,1082.948,405.8487991747457,0.7703333333333334,0.08253353295449711,500
pud,equalize,333,0.05351369981654315,0.0008810714900515203,1000,90,160,1.7777777777777777,0.7045833333333333,0.16700117968806083,2547125374,0.7658666666666667,0.08608556591667925,1069.894,435.43868047396285,0.6754,0.08067128182583223,500
pud,equalize,334,0.02774865645095427,0.0009569578840359463,1000,90,160,1.7777777777777777,0.7243055555555555,0.142422740755547,1204284778,0.7276,0.09348620196156412,938.438,339.7490323252325,0.6832,0.11627387515216225,500
pud,equalize,335,0.06795412944517386,0.0005550010919965645,1000,90,160,1.7777777777777777,0.7056944444444445,0.16447112938255654,2456260863,0.7318888888888889,0.09516185277259416,1643.466,719.6858065602848,0.7167111111111111,0.10131253717468834,500
pud,equalize,336,0.026266921123489065,0.0005662159376709885,1000,90,160,1.7777777777777777,0.7143055555555555,0.1613269253297633,1264259698,0.7008444444444444,0.09973009916362023,1516.012,605.0919139309408,0.6948666666666666,0.11026652730415092,500
pud,equalize,337,0.09714788835173042,0.0006880962248272028,1000,90,160,1.7777777777777777,0.6795833333333333,0.17182503110851044,2133682687,0.7689777777777778,0.08390676011197598,1455.162,560.9896670787604,0.7606444444444443,0.09966682665454356,500
pud,equalize,338,0.08860511554310417,0.00014312675901119486,1000,90,160,1.7777777777777777,0.7018055555555556,0.16398432117386366,828927787,0.6047111111111111,0.13573152392499382,3202.968,1748.180685855096,0.7143999999999999,0.1244838344632665,500
pud,equalize,339,0.04172543594592312,0.0005091111443029378,1000,90,160,1.7777777777777777,0.7126388888888889,0.16758063376570428,3299917986,0.7072222222222222,0.10311431238744008,1699.792,710.9392702812639,0.7190222222222222,0.10916864530211225,500
pud,equalize,340,0.0051574553396095185,0.0009141719598809648,1000,90,160,1.7777777777777777,0.7245833333333334,0.16390694750343873,3048806035,0.7162444444444445,0.10015238395749962,965.086,372.16621284577667,0.6831111111111111,0.11743820337254347,500
pud,equalize,341,0.08414489888167771,0.0006740130062379254,1000,90,160,1.7777777777777777,0.7204166666666667,0.1735252379557773,3518162126,0.7259333333333333,0.0980287941073104,1284.814,556.3666084606622,0.6107777777777779,0.08272217066771295,500
pud,equalize,342,0.014852448508562523,0.0008228896775060144,1000,90,160,1.7777777777777777,0.7233333333333333,0.1569779421899305,2178962323,0.7354666666666667,0.09106331737638688,1099.19,409.6139904132725,0.7054888888888889,0.10364468504352672,500
pud,equalize,343,0.017142395398182898,0.00027124328531663767,1000,90,160,1.7777777777777777,0.7175,0.16346922300138675,28579940,0.6303111111111112,0.12420011323012638,2273.434,1112.2594624761507,0.6793555555555555,0.11870396012428258,500
pud,equalize,344,0.035140226320397906,0.00045260687396843406,1000,90,160,1.7777777777777777,0.7147222222222223,0.17136957813428402,1788953209,0.6997555555555556,0.1201497927010819,1843.238,864.911823413555,0.7237333333333333,0.10958510312396673,500
pud,equalize,345,0.08422741269863411,0.00030288739655164564,1000,90,160,1.7777777777777777,0.6845833333333333,0.16111280381515847,4086908033,0.6694,0.11835519507270346,2408.564,1125.1847881654987,0.6661777777777778,0.11812742661455845,500
pud,equalize,346,0.07354100032713717,0.0007999037615445732,1000,90,160,1.7777777777777777,0.6895833333333333,0.17394725281980183,3937737302,0.7184222222222222,0.09352277695696884,1117.246,443.3325082935152,0.6811333333333334,0.10727443889440696,500
pud,equalize,347,0.026988654538871573,0.0009567383238079422,1000,90,160,1.7777777777777777,0.7168055555555556,0.1652852516516087,545998963,0.7338444444444444,0.09251662852883931,963.768,361.0329621731941,0.6975111111111111,0.11478335069026871,500
pud,equalize,348,0.023575694791362636,0.00025032719622217783,1000,90,160,1.7777777777777777,0.7175,0.16224798739272422,1123679684,0.6262000000000001,0.12456601522779623,2351.352,1141.5702788260555,0.6818666666666666,0.11309549311906171,500
pud,equalize,349,0.002075073549617079,0.0008952081888376902,1000,90,160,1.7777777777777777,0.7245833333333334,0.16390694750343873,2294755645,0.7213333333333334,0.09535696794030475,956.358,349.8790427062617,0.6903111111111111,0.11329605003206736,500
pud,equalize,350,0.07823966338557767,0.0008798061035273282,1000,90,160,1.7777777777777777,0.7094444444444444,0.16636625017614454,3544286971,0.7866666666666666,0.06932287287846846,1127.644,426.472957678752,0.7805555555555556,0.08211158130289511,500
pud,equalize,351,0.01084698799783358,0.0008976386682725521,1000,90,160,1.7777777777777777,0.7204166666666667,0.16680377290026413,1774756150,0.7175555555555555,0.09627491212701496,995.142,382.1511859117899,0.6781777777777778,0.11727434702810179,500
pud,equalize,352,0.041538599840188296,0.0009616292673870911,1000,90,160,1.7777777777777777,0.7052777777777778,0.16370525846780326,2722422922,0.7366,0.09524401477717427,961.922,361.5121934984989,0.6578666666666667,0.12590882214955768,500
pud,equalize,353,0.09760769512999293,0.000902534182944826,1000,90,160,1.7777777777777777,0.6886111111111112,0.1734177393243641,4108784518,0.77,0.08914320111236602,1104.2,433.7042202946644,0.6484888888888889,0.08321598209415665,500
pud,equalize,354,0.03743625845780805,0.0005430314202332559,1000,90,160,1.7777777777777777,0.7216666666666667,0.1643055683789258,643297664,0.7047777777777778,0.10040930362291604,1562.176,633.1497692367652,0.7026,0.10896800029004594,500
pud,equalize,355,0.021228480713684772,0.0005876772299977286,1000,90,160,1.7777777777777777,0.7119444444444445,0.16489041044381603,1369368609,0.740488888888889,0.08034019307988019,1606.098,670.8544669506609,0.7392222222222222,0.07134298576977084,500
pud,equalize,356,0.06847145287080564,0.0009412175802581402,1000,90,160,1.7777777777777777,0.6966666666666667,0.16480016080506277,3683887113,0.7597555555555556,0.09254285341105283,1041.086,395.5731928553951,0.734111111111111,0.1161627739391336,500
pud,equalize,357,0.02668820440415264,0.00015981573026663845,1000,90,160,1.7777777777777777,0.7077777777777778,0.16436202310092918,3592001036,0.6044222222222222,0.1300092184906537,2992.136,1537.324146876362,0.6969777777777778,0.11295618806895162,500
pud,equalize,358,0.004275925505511147,0.0002074296239486194,1000,90,160,1.7777777777777777,0.7245833333333334,0.16390694750343873,4230743719,0.6073777777777777,0.13072066526707096,2462.424,1305.6854111959824,0.6826666666666666,0.11745968986282287,500
pud,equalize,359,0.08474515980370728,0.000659089784071197,1000,90,160,1.7777777777777777,0.6948611111111112,0.16285854577521244,2155594198,0.7177777777777778,0.09381264040385116,1344.39,514.171269216957,0.6485333333333333,0.10227173923877259,500
pud,equalize,360,0.08964761554433265,0.0007699085652244586,1000,90,160,1.7777777777777777,0.7076388888888889,0.17160099761409356,3060115725,0.7580222222222223,0.08922553430600062,1214.598,521.6688232185593,0.7228666666666667,0.10913100697891806,500
pud,equalize,361,0.07625404586832393,0.0003527707081735337,1000,90,160,1.7777777777777777,0.7005555555555555,0.1706511743675253,687133936,0.7099777777777777,0.10016661198774938,2419.986,1177.9166188342242,0.7594444444444445,0.07544412323187195,500
pud,equalize,362,0.052173828163873094,0.0005782826498321592,1000,90,160,1.7777777777777777,0.7075,0.16655752853448072,1168843034,0.7031555555555555,0.11045192125145346,1510.15,628.0930418644014,0.6874666666666667,0.12474750767637162,500
pud,equalize,363,0.07034389473114021,0.0005214435571407686,1000,90,160,1.7777777777777777,0.7072222222222222,0.16639382169494413,4017812151,0.7015555555555555,0.1035219378098535,1603.486,692.5996002138846,0.5712444444444444,0.07921209519783899,500
pud,equalize,364,0.06534791649360291,0.0009249241869080522,1000,90,160,1.7777777777777777,0.7052777777777778,0.1665902463737481,1765466353,0.7587777777777778,0.08016187326856786,1059.11,390.23031827704665,0.7002222222222222,0.08193671204304606,500
pud,equalize,365,0.05491114692232531,0.00022296084789838726,1000,90,160,1.7777777777777777,0.6969444444444445,0.16494656137604194,1980464546,0.6398444444444444,0.13093790286653353,2725.054,1386.8081759630038,0.6840444444444445,0.14294993766349803,500
pud,equalize,366,0.0013852395750204027,0.0003980281110638862,1000,90,160,1.7777777777777777,0.7245833333333334,0.16390694750343873,2871192629,0.6706666666666666,0.1123216180082485,1878.552,904.4909945457879,0.6893555555555556,0.1126108076204239,500
pud,equalize,367,0.08956255182591999,0.000689918792671957,1000,90,160,1.7777777777777777,0.6745833333333333,0.16443074461149293,3141563465,0.7488666666666667,0.08934114241960646,1410.054,553.2197712615025,0.7176888888888888,0.11322938286643318,500
pud,equalize,368,0.019937089044323876,0.00010660669826807437,1000,90,160,1.7777777777777777,0.7147222222222223,0.16401414488058794,1021662246,0.5623555555555555,0.1379074457520492,2982.51,1606.6136638375942,0.6794222222222223,0.11633143936764671,500
pud,equalize,369,0.018677110252034824,0.0001705932477757164,1000,90,160,1.7777777777777777,0.7181944444444445,0.16779898328874937,2141899379,0.6020888888888889,0.13150261772881808,2605.984,1378.9757168999022,0.6597111111111111,0.11319473845403204,500
pud,equalize,370,0.013021385258141572,0.0009669798730978325,1000,90,160,1.7777777777777777,0.7223611111111111,0.1679810215775128,1864537338,0.7194444444444444,0.10089011061031398,919.98,317.34580558224064,0.6866,0.11811773952673343,500
pud,equalize,371,0.09387168036438064,0.000924222865699252,1000,90,160,1.7777777777777777,0.6888888888888889,0.16737949023570142,2285163371,0.7667777777777778,0.09455728258703656,1067.33,405.55979410339273,0.6923555555555556,0.13486220612769517,500
pud,equalize,372,0.09309311643203436,0.0006657955750984226,1000,90,160,1.7777777777777777,0.6838888888888889,0.17173718113862593,306856375,0.7490666666666668,0.0883073159092639,1441.052,574.3909323643305,0.7392444444444444,0.10373238038049994,500
pud,equalize,373,0.022574730230532105,0.0006511385870499003,1000,90,160,1.7777777777777777,0.71625,0.16802390933926883,2581883294,0.7265777777777778,0.09384318546002662,1388.514,590.7607962965058,0.7213333333333334,0.10487604886518241,500
pud,equalize,374,0.03090514482829553,0.0006897342105202151,1000,90,160,1.7777777777777777,0.7180555555555556,0.16776476066915588,2993227665,0.7424222222222222,0.09246646824563277,1306.914,540.522150326874,0.7393333333333334,0.10747352188299841,500
pud,equalize,375,0.043420104007617505,0.0005092910848008119,1000,90,160,1.7777777777777777,0.69875,0.16853495663136187,2986770833,0.6972,0.11361055158263775,1636.36,692.6415429455761,0.5956888888888888,0.08191697417421447,500
pud,equalize,376,0.007653215630011468,0.0007370970382712867,1000,90,160,1.7777777777777777,0.7209722222222222,0.16776497219479675,4140414916,0.7058,0.09597758579061731,1177.234,454.08040397108186,0.6864444444444444,0.10704633499411056,500
pud,equalize,377,0.06211399993604999,0.00014515709183849447,1000,90,160,1.7777777777777777,0.6984722222222222,0.1730835903384923,3980512224,0.5967555555555556,0.13170099292580598,3043.664,1604.3395157096056,0.6836,0.11087562665866509,500
pud,equalize,378,0.08995769873982185,0.0008009850525717109,1000,90,160,1.7777777777777777,0.7108333333333333,0.17438220931942983,1479399471,0.7381333333333333,0.08665171810401277,1103.138,437.5044219140976,0.6556666666666666,0.09364495855462927,500
pud,equalize,379,0.03888552565343272,0.00016380498092175355,1000,90,160,1.7777777777777777,0.7194444444444444,0.16799873106546653,2639043348,0.5873777777777778,0.13491303496929624,2577.978,1306.758369549924,0.6531333333333333,0.10835508462817493,500
pud,equalize,380,0.07808313177277848,0.0005082158645478748,1000,90,160,1.7777777777777777,0.7004166666666667,0.1691071735003034,3442941342,0.7023333333333334,0.1126907859645029,1737.216,763.3541960330092,0.6476222222222222,0.1360319406754925,500
pud,equalize,381,0.0502419344320461,0.0006355591439562594,1000,90,160,1.7777777777777777,0.7141666666666667,0.1604028548309594,1419636526,0.7379777777777777,0.08824589023531147,1454.658,605.7763771179499,0.7199111111111112,0.09589455848748583,500
pud,equalize,382,0.04668936121979287,0.0002498256486945606,1000,90,160,1.7777777777777777,0.7172222222222222,0.16580098969116858,2726089996,0.6341777777777778,0.13324341211859325,2496.188,1257.19524674287,0.6161777777777778,0.07160861927268514,500
pud,equalize,383,0.023757737938410406,0.0002337216817534473,1000,90,160,1.7777777777777777,0.7088888888888889,0.16253540422670315,1984947544,0.6354,0.12352967815465324,2440.794,1202.2294051674578,0.6719333333333333,0.11374593838559983,500
pud,equalize,384,0.07311625919766285,0.00019589150379181129,1000,90,160,1.7777777777777777,0.7177777777777777,0.16492103622667906,3040045033,0.6113555555555555,0.13687383305914694,2629.932,1318.6331932621545,0.6746222222222222,0.128340875372763,500
pud,equalize,385,0.08014166945095338,0.0007138029912026611,1000,90,160,1.7777777777777777,0.6968055555555556,0.17372501469723692,555665847,0.7185111111111111,0.08884326094568473,1312.344,499.3301943102377,0.7111111111111111,0.09724933616888655,500
pud,equalize,386,0.0801308829872352,0.0006511237911223941,1000,90,160,1.7777777777777777,0.7009722222222222,0.16117495467495468,2495697098,0.7447999999999999,0.09229379414143829,1374.614,574.8726590752983,0.7362888888888889,0.10280176830983546,500
pud,equalize,387,0.020646448148479303,0.00024964877293079954,1000,90,160,1.7777777777777777,0.7186111111111111,0.17406925571339057,2969251848,0.6266888888888889,0.12351214818150642,2387.594,1160.8767509196014,0.6989555555555556,0.10688070218642803,500
pud,equalize,388,0.05098086088078773,0.0008232624518087983,1000,90,160,1.7777777777777777,0.7029166666666667,0.16600816757679504,950445987,0.7433111111111111,0.09293533861887493,1128.628,437.0004076985024,0.7262222222222222,0.10376899896450123,500
pud,equalize,389,0.07875574341557857,0.0003952373453529686,1000,90,160,1.7777777777777777,0.6918055555555556,0.16356892611140977,776356534,0.6816222222222222,0.11692974547850916,2104.94,976.5337417096217,0.6972222222222222,0.1255638708296906,500
pud,equalize,390,0.021406512952854218,0.00010127316151143617,1000,90,160,1.7777777777777777,0.7193055555555555,0.16431194114527448,3397008040,0.5543555555555556,0.13767531978795422,2824.02,1468.022731800214,0.6390888888888888,0.10995258633269128,500
pud,equalize,391,0.0956202426232301,0.0005848712054543904,1000,90,160,1.7777777777777777,0.6802777777777778,0.17014268564062165,3119294755,0.7502666666666666,0.07834464671291656,1626.838,733.0966191861236,0.7557111111111111,0.09044904211174208,500
pud,equalize,392,0.08210644528940436,0.00028363809328849846,1000,90,160,1.7777777777777777,0.6763888888888889,0.16840312221891168,571320202,0.6764222222222223,0.11443217329088141,2594.238,1218.4550968345134,0.6276444444444443,0.07565563727931213,500
pud,equalize,393,0.07963634440720069,0.0006343213160520839,1000,90,160,1.7777777777777777,0.7120833333333334,0.17326151596203104,4063977146,0.7208222222222221,0.10217828676413399,1427.79,588.2752054393153,0.7132666666666666,0.12339389206530933,500
pud,equalize,394,0.07495673384010462,0.0001101628038541198,1000,90,160,1.7777777777777777,0.7141666666666667,0.16396021227699714,3284149828,0.5777777777777778,0.15939996097652015,3015.554,1804.7642913629354,0.7081111111111111,0.13682664023760321,500
pud,equalize,395,0.028227987003976066,0.00012208590311393774,1000,90,160,1.7777777777777777,0.7206944444444444,0.17287722873107353,3852439688,0.5798666666666666,0.12718738845531308,2797.626,1477.3941522444761,0.6969777777777778,0.10252630171984138,500
pud,equalize,396,0.029072979775555376,0.0008046663015959027,1000,90,160,1.7777777777777777,0.7204166666666667,0.16630985651393287,1559555436,0.7280666666666668,0.09860435574190363,1140.034,445.7695973390556,0.7047555555555556,0.1162052118156648,500
pud,equalize,397,0.030016750874753518,0.00010887805780680635,1000,90,160,1.7777777777777777,0.7118055555555556,0.161993519275511,3994953107,0.5767555555555556,0.14318928479754783,2868.522,1592.7209100500384,0.7139111111111112,0.12550129373718155,500
pud,equalize,398,0.020859165098074006,0.000164638941879251,1000,90,160,1.7777777777777777,0.7283333333333333,0.16397989924305711,1597858404,0.6036444444444444,0.1361302141925562,2865.36,1511.3852563745527,0.7056666666666667,0.11924259145088718,500
pud,equalize,399,0.08190776269776208,0.00034102249030205,1000,90,160,1.7777777777777777,0.6786111111111112,0.16724959509983664,3891763615,0.7008,0.11876489829208879,2369.804,1100.7193373896023,0.7528444444444444,0.11041446269099083,500
pud,equalize,400,0.07120999274136203,0.0005590478168409524,1000,90,160,1.7777777777777777,0.71125,0.16406118151196936,4173344980,0.7097777777777778,0.106293695890169,1583.668,674.0118795715755,0.7050666666666667,0.12008725396058588,500
pud,equalize,401,0.05905010035648026,0.0005582103799447039,1000,90,160,1.7777777777777777,0.6909722222222222,0.17166168979894472,774508615,0.689,0.10970491832018914,1442.366,652.3868401665111,0.5448444444444445,0.08719913619994567,500
pud,equalize,402,0.0843464555901963,0.0007140870057687152,1000,90,160,1.7777777777777777,0.7077777777777778,0.16927066497554027,4107993732,0.7599555555555555,0.0912723101632604,1322.676,539.9149667926735,0.6579111111111111,0.06761283593934003,500
pud,equalize,403,0.04713663610070476,0.0008375373086341959,1000,90,160,1.7777777777777777,0.7194444444444444,0.17231824068655524,1688044170,0.7570666666666667,0.09286203918491903,1126.44,461.9765394975076,0.7369111111111112,0.11471030767612858,500
pud,equalize,404,0.02605887546300292,0.0009382303103110315,1000,90,160,1.7777777777777777,0.7120833333333334,0.16732398993621905,4181666290,0.7341555555555556,0.10020175841629583,935.964,347.354396629315,0.6892,0.13060332132646074,500
pud,equalize,405,0.08570333569844699,0.0006377860867433241,1000,90,160,1.7777777777777777,0.7188888888888889,0.17171176640802197,441834233,0.7561111111111111,0.08730461639535299,1467.25,606.4090561549798,0.6904,0.0769844581317202,500
pud,equalize,406,0.07962761839803946,0.00040142016649706027,1000,90,160,1.7777777777777777,0.7047222222222221,0.1572010631038537,697664521,0.7196222222222223,0.11573930503080435,2040.18,987.1813316524609,0.6836888888888889,0.15725641371064464,500
pud,equalize,407,0.006975010927108927,0.0001138913683964893,1000,90,160,1.7777777777777777,0.7266666666666667,0.16166150505331792,123267176,0.5630444444444445,0.1380984964985112,2796.664,1616.3742520063543,0.6771111111111111,0.11223898717563702,500
pud,equalize,408,0.019371403075545815,0.0007617601456856239,1000,90,160,1.7777777777777777,0.7175,0.1671091244401358,3052311072,0.7397111111111111,0.10235150789563321,1186.496,459.3363754326358,0.7188222222222221,0.12105389041689835,500
pud,equalize,409,0.09720237729382775,0.0003272501984328459,1000,90,160,1.7777777777777777,0.6851388888888889,0.16586238864016642,2656033348,0.6722888888888889,0.1152931329024865,2332.248,1107.8986783361186,0.6253333333333334,0.05814452909677572,500
pud,equalize,410,0.05559858102069161,0.0006950122540914553,1000,90,160,1.7777777777777777,0.6990277777777778,0.1671416690702614,454872824,0.7293777777777778,0.09435255854737609,1330.19,549.5708162412996,0.7037777777777778,0.10953705813367243,500
pud,equalize,411,0.029980250001507527,0.0004292941510187742,1000,90,160,1.7777777777777777,0.7202777777777778,0.17050043339410487,170124987,0.657511111111111,0.12403018174748563,1738.32,865.0841524277064,0.6567777777777778,0.1375123951642923,500
pud,equalize,412,0.07851227475245423,0.0005880438542147846,1000,90,160,1.7777777777777777,0.7077777777777778,0.1643542916425454,698612742,0.7547999999999999,0.09727183325616906,1654.464,699.5949076240814,0.7514666666666667,0.13134068040369187,500
pud,equalize,413,0.04642532542493064,0.0008236098174759624,1000,90,160,1.7777777777777777,0.7122222222222222,0.16709929554958794,2647382599,0.7412000000000001,0.09376432389316254,1122.616,432.98943201939824,0.7106444444444444,0.11333568878233045,500
pud,equalize,414,0.030083065952493982,0.00012900924352740963,1000,90,160,1.7777777777777777,0.7181944444444445,0.15695359632005124,2335433455,0.5725777777777777,0.12951797122975378,2828.932,1517.340261878209,0.6732666666666667,0.11515958010464665,500
pud,equalize,415,0.09224334107462935,0.0008370104652792668,1000,90,160,1.7777777777777777,0.7081944444444445,0.16269058299674055,3554167579,0.7382666666666666,0.09174253724072136,1049.358,388.4370122180969,0.6968222222222222,0.11359514774728127,500
pud,equalize,416,0.08824954089179196,0.0008959127284798982,1000,90,160,1.7777777777777777,0.6872222222222223,0.16312027635565648,3601711790,0.7435777777777778,0.08974752020481672,1013.648,427.89375108832866,0.6911333333333334,0.11846787193483706,500
pud,equalize,417,0.005944365547882802,0.0002023133277935838,1000,90,160,1.7777777777777777,0.7245833333333334,0.16390694750343873,3573472829,0.6066222222222223,0.12689728095551087,2475.914,1254.9571472711618,0.6792888888888889,0.11280028853748071,500
pud,equalize,418,0.0007079204358131475,0.0005569680703505638,1000,90,160,1.7777777777777777,0.7245833333333334,0.16390694750343873,2041815707,0.6944444444444444,0.10782148750856366,1491.394,647.6084868719195,0.6919333333333333,0.11366630197449577,500
pud,equalize,419,0.08471392006428986,0.0006820226414243844,1000,90,160,1.7777777777777777,0.69625,0.16606964943222252,2419309556,0.7266444444444444,0.09474658992142819,1355.988,544.7858138957404,0.6811111111111111,0.10139066182568501,500
pud,equalize,420,0.03658228002151539,0.0006209472480350356,1000,90,160,1.7777777777777777,0.7154166666666667,0.16747339667747305,1261849278,0.715488888888889,0.10388121371905885,1421.316,545.8918280390719,0.7065555555555555,0.11891015486017197,500
pud,equalize,421,0.04352936503145332,0.0008601666618069711,1000,90,160,1.7777777777777777,0.7083333333333334,0.17222984422984425,3555358011,0.7359111111111112,0.09052585325269145,1033.656,382.10410722932954,0.6938222222222222,0.11287996605437048,500
pud,equalize,422,0.09948756093822075,0.00048693259193478367,1000,90,160,1.7777777777777777,0.6861111111111111,0.17089119829705468,3074189291,0.7687111111111111,0.08468556558488541,1977.674,874.9190101218194,0.7922222222222222,0.10080087032400385,500
pud,equalize,423,0.09011652569278115,0.0007995682319540572,1000,90,160,1.7777777777777777,0.6761111111111111,0.17638168678777552,3576276890,0.7371555555555556,0.1067512838868676,1217.056,452.85630229141145,0.6711555555555556,0.14230589973255225,500
pud,equalize,424,0.0003353179430691134,0.00017068872526984624,1000,90,160,1.7777777777777777,0.7245833333333334,0.16390694750343873,1085671479,0.5926444444444444,0.13821670160329055,2578.808,1400.1550855756389,0.6776666666666666,0.11680040261410786,500
pud,equalize,425,0.08339727812649618,0.00042348686049163134,1000,90,160,1.7777777777777777,0.6951388888888889,0.16305070899782403,4175447810,0.6981555555555555,0.10222205522141786,2003.968,836.4329591583128,0.7048,0.11123650016874609,500
pud,equalize,426,0.013673700138889355,0.0008395326534052488,1000,90,160,1.7777777777777777,0.7119444444444445,0.16483398558347243,300517901,0.7309555555555555,0.09071289060128121,1067.312,404.1739821806241,0.7052666666666666,0.10950143532645429,500
pud,equalize,427,0.09667575005631307,0.0008945313063660399,1000,90,160,1.7777777777777777,0.6786111111111112,0.16725600791414472,1794648393,0.7825333333333333,0.0627877881524522,1101.252,392.77678610555233,0.745511111111111,0.08953698271335159,500
pud,equalize,428,0.032633542345468315,0.00035375861016938835,1000,90,160,1.7777777777777777,0.715,0.16714550971903913,2385884905,0.6621333333333334,0.12453408356657504,2115.064,1002.3070481351928,0.5817777777777778,0.08891560498092796,500
pud,equalize,429,0.01457973987954272,0.00020192194189975202,1000,90,160,1.7777777777777777,0.7240277777777777,0.16282342380510595,3483743438,0.6109777777777777,0.12663725550876698,2551.298,1309.4066062598868,0.6863777777777778,0.11274622093111919,500
pud,equalize,430,0.022240927786625855,0.0007470115768534804,1000,90,160,1.7777777777777777,0.7191666666666666,0.15729897638067572,3914199917,0.7201333333333333,0.09984565639187365,1193.608,476.674693961959,0.6956666666666667,0.1173076727302923,500
pud,equalize,431,0.026307289271817514,0.0009460147582492117,1000,90,160,1.7777777777777777,0.7230555555555556,0.15079018199245237,1056908069,0.7278888888888889,0.09166634615977383,950.822,353.39811937467226,0.6742,0.11251524056196764,500
pud,equalize,432,0.07864103886577513,0.000169208254646156,1000,90,160,1.7777777777777777,0.6988888888888889,0.16948365024245313,3655761692,0.6076,0.13212926981636358,2811.656,1549.0909473592503,0.6460222222222223,0.07499543187717767,500
pud,equalize,433,0.04325736601807284,0.0001481304924762823,1000,90,160,1.7777777777777777,0.7168055555555556,0.16405944364277697,3660043112,0.6004444444444444,0.13566505646612212,3051.216,1613.629273472818,0.7036888888888889,0.10718848277891768,500
pud,equalize,434,0.01270187412934003,0.00013529597614734287,1000,90,160,1.7777777777777777,0.7179166666666666,0.17432482721956405,3558206086,0.58,0.1352713016317653,2960.886,1540.8044085655088,0.6765111111111111,0.117351482287661,500
pud,equalize,435,0.08055993471786227,0.0008595716705857299,1000,90,160,1.7777777777777777,0.70375,0.15988195259456292,2265400505,0.7663111111111112,0.08209009224932903,1174.412,461.9884727500328,0.7704888888888889,0.08560632315513046,500
pud,equalize,436,0.05007918593642694,0.0007264890264207402,1000,90,160,1.7777777777777777,0.7180555555555556,0.16421150730361259,2961004762,0.7378666666666667,0.08081937695584648,1329.624,510.62900680354846,0.7447555555555556,0.07701796377055985,500
pud,equalize,437,0.06453086972933951,0.0005742084304490748,1000,90,160,1.7777777777777777,0.7129166666666666,0.16070614667983088,3031030786,0.7059777777777778,0.09028117750479853,1501.192,610.7831359938062,0.7007777777777778,0.10281251105676717,500
pud,equalize,438,0.07589937466061213,0.0004628958885171734,1000,90,160,1.7777777777777777,0.7116666666666667,0.1634844289092655,4097600067,0.7291777777777778,0.10508139467887398,1937.742,803.3687061318634,0.7282666666666666,0.12192534134327429,500
pud,equalize,439,0.025119303110731496,0.000657925045039801,1000,90,160,1.7777777777777777,0.7234722222222222,0.1609457045020608,2036048379,0.7065555555555555,0.09480552349775023,1360.9,539.0882137502255,0.6881333333333334,0.11114193293281775,500
pud,equalize,440,0.06166252316901192,0.00016629303283033098,1000,90,160,1.7777777777777777,0.7052777777777778,0.1660210958091075,1343423944,0.6083333333333334,0.1385276977935768,2827.084,1542.8988010769626,0.6334444444444445,0.07107963495653537,500
pud,equalize,441,0.06141045310547997,0.0009590959300052152,1000,90,160,1.7777777777777777,0.6952777777777778,0.16856891758689144,2982501670,0.7728666666666667,0.0707488371381936,1051.184,393.60388486441633,0.7424,0.0848752502797326,500
pud,equalize,442,0.09640662858035312,0.000374200409067069,1000,90,160,1.7777777777777777,0.6901388888888889,0.1691474030689717,3141338651,0.6947111111111111,0.0995085675766334,2260.546,1053.64895678412,0.7380666666666668,0.09438615566730217,500
pud,equalize,443,0.03865004576201395,0.000520195591980443,1000,90,160,1.7777777777777777,0.72,0.16483448731255748,1860766299,0.6973777777777778,0.10523090154910401,1617.104,725.5390485742392,0.6999777777777778,0.110683879139928,500
pud,equalize,444,0.08791089661029819,0.0008508606657047125,1000,90,160,1.7777777777777777,0.7154166666666667,0.16708173273940927,2590106641,0.7369777777777777,0.09762539491218368,1115.11,454.76294987736475,0.6609555555555555,0.1519323092903515,500
pud,equalize,445,0.05023688217250857,0.0006872313342084434,1000,90,160,1.7777777777777777,0.7108333333333333,0.16840871225959028,259128516,0.7531111111111111,0.08737267317312405,1287.292,556.263153667629,0.6235333333333333,0.09202338841532777,500
pud,equalize,446,0.08918309871095698,0.00033366292818189883,1000,90,160,1.7777777777777777,0.6895833333333333,0.16536014667839918,4022280684,0.7032222222222222,0.11973125063794555,2380.162,1154.627005920788,0.7148222222222222,0.13427561900444437,500
pud,equalize,447,0.0894951148007004,0.00016220813861472587,1000,90,160,1.7777777777777777,0.6819444444444445,0.165850957684291,2846200222,0.6016222222222223,0.1439342702357454,2949.394,1613.016841022699,0.5851333333333333,0.10656228424523932,500
pud,equalize,448,0.09759549923865304,0.0008859415050330991,1000,90,160,1.7777777777777777,0.66875,0.16773553254663243,3442893365,0.7534666666666667,0.09154396962403823,1081.37,379.8730527062228,0.7120888888888889,0.12524068517809958,500
pud,equalize,449,0.05216297212646982,0.0003995907256927565,1000,90,160,1.7777777777777777,0.7101388888888889,0.1679468481703425,2959879497,0.7220222222222222,0.11489314576580276,2173.114,1026.6179122143537,0.7376,0.11906331772942898,500
pud,equalize,450,0.07630054862966948,0.0005201424733470072,1000,90,160,1.7777777777777777,0.7031944444444445,0.16241442298309586,3075894948,0.7061777777777778,0.11014659525435551,1720.016,750.4559707751974,0.7188222222222221,0.11703447656700075,500
pud,equalize,451,0.0031545050030269196,0.00026160426160359303,1000,90,160,1.7777777777777777,0.7245833333333334,0.16390694750343873,1670974347,0.640888888888889,0.11861626637879381,2380.984,1155.0956079350922,0.6941777777777778,0.10622374268604141,500
pud,equalize,452,0.04093096608868081,0.0005285716925984338,1000,90,160,1.7777777777777777,0.7138888888888889,0.16816196925932048,1887633060,0.6904666666666667,0.10524825829070969,1550.008,632.04386146979,0.6700222222222222,0.10949322884981312,500
pud,equalize,453,0.06500531425025351,0.0006245810639403484,1000,90,160,1.7777777777777777,0.7058333333333333,0.1649788190805927,2744272860,0.7445555555555555,0.10754112306118759,1505.438,609.2898278690436,0.7120444444444445,0.144222867579292,500
pud,equalize,454,0.031577189447097656,0.0008906002388695713,1000,90,160,1.7777777777777777,0.7169444444444445,0.16122386142122985,585006680,0.7372666666666666,0.09529927624201902,1033.43,372.2011236588436,0.5782,0.08135562806084835,500
pud,equalize,455,0.037518747849655136,0.0001651524988728348,1000,90,160,1.7777777777777777,0.7268055555555555,0.1661742356656191,66964765,0.6128222222222222,0.13990622024731686,2927.936,1585.4273429026155,0.7050444444444445,0.13287416483256823,500
pud,equalize,456,0.062432335014599855,0.0008324509491214263,1000,90,160,1.7777777777777777,0.6970833333333333,0.1610842730740637,2228997326,0.7848222222222222,0.08884159006561382,1209.164,433.56257462589235,0.6832666666666667,0.0813049845162473,500
pud,equalize,457,0.03157019101455255,0.0009512509017878453,1000,90,160,1.7777777777777777,0.7144444444444444,0.16892059045567817,2750201065,0.7745333333333333,0.08313509859036869,1001.476,404.3464622660795,0.7387111111111111,0.11623550871285808,500
pud,equalize,458,0.03546768685463303,0.0008173832753465352,1000,90,160,1.7777777777777777,0.7065277777777778,0.16448633661628156,1781506803,0.7127555555555556,0.08870088111120292,1070.216,420.7312954725141,0.6884666666666667,0.10465817375309648,500
pud,equalize,459,0.004335442777687615,0.00036481338632507427,1000,90,160,1.7777777777777777,0.7245833333333334,0.16390694750343873,4086951089,0.6626666666666666,0.11943772539137783,1970.094,921.2632398387316,0.6904222222222223,0.11478396067760478,500
pud,equalize,460,0.05722775855872419,0.000511005096905127,1000,90,160,1.7777777777777777,0.6847222222222222,0.16733490208653606,1751516841,0.7024444444444444,0.09642384600876076,1653.616,701.7682679830257,0.6004666666666667,0.07512925105632372,500
pud,equalize,461,0.06149282336606219,0.0003655300293767659,1000,90,160,1.7777777777777777,0.7045833333333333,0.15535871747473054,1865851559,0.6982444444444444,0.11598796125051448,2157.496,1004.8619412765379,0.7367333333333334,0.11037630776312898,500
pud,equalize,462,0.08978855207687048,0.0005668919092373382,1000,90,160,1.7777777777777777,0.69875,0.16319387116828127,1269277051,0.7048444444444444,0.1025262341524242,1551.484,638.5642601749221,0.6561333333333333,0.11166711033920176,500
pud,equalize,463,0.0886065906119829,0.000977851698435716,1000,90,160,1.7777777777777777,0.6975,0.17440815844324617,1776996747,0.7483111111111111,0.09160492039951418,967.296,359.5991427561274,0.6704444444444445,0.13093497220467176,500
pud,equalize,464,0.0029406493930093426,0.0008321825282216108,1000,90,160,1.7777777777777777,0.7245833333333334,0.16390694750343873,2356283702,0.714488888888889,0.10206045694231144,1039.426,393.54551027971667,0.6841111111111111,0.12063251291329234,500
pud,equalize,465,0.05770868301774604,0.000965397422312489,1000,90,160,1.7777777777777777,0.6929166666666666,0.16966631236685814,1104903871,0.7452444444444444,0.0895287148436921,975.34,361.2240829127431,0.7044666666666667,0.11282380517701855,500
pud,equalize,466,0.024619581775556176,0.00026444799074221544,1000,90,160,1.7777777777777777,0.7175,0.16590269866585655,925295648,0.641888888888889,0.11956334411368354,2485.056,1306.6967351222545,0.696,0.11200619210756683,500
pud,equalize,467,0.08783431241736471,0.0007270265076263637,1000,90,160,1.7777777777777777,0.7029166666666667,0.16808461509441902,3530789986,0.7900888888888888,0.07460720931142657,1353.844,571.4062073267517,0.8026666666666666,0.08575123585193882,500
pud,equalize,468,0.09794285481150106,0.0005219386717485346,1000,90,160,1.7777777777777777,0.6587500000000001,0.15692852835760587,3030253515,0.7054666666666667,0.1010802485925578,1714.112,725.1063217291816,0.712,0.10770646613447044,500
pud,equalize,469,0.0964919430333872,0.0007091290776809095,1000,90,160,1.7777777777777777,0.6933333333333334,0.17068837092478079,1517491827,0.7362444444444444,0.10673488086395595,1311.524,529.162515073316,0.6112444444444444,0.09045044532752206,500
pud,equalize,470,0.05326825163015031,0.0004500106483440646,1000,90,160,1.7777777777777777,0.7075,0.1656298777745432,3742157169,0.6952444444444444,0.12288378675653724,1795.916,877.0706007051213,0.5987555555555556,0.07446707001213948,500
pud,equalize,471,0.014784328986686725,0.0007231288493991942,1000,90,160,1.7777777777777777,0.7155555555555556,0.15965923858467718,2533647463,0.7052,0.10163619497282157,1200.25,500.99234141082906,0.6840222222222222,0.11597575954909152,500
pud,equalize,472,0.04428875334805952,0.00035739741524968156,1000,90,160,1.7777777777777777,0.7138888888888889,0.16430781358559135,2600899267,0.6958222222222222,0.1207788213610069,2111.288,995.1929919560711,0.739488888888889,0.12438377461516348,500
pud,equalize,473,0.05405987562150391,0.000651003040135497,1000,90,160,1.7777777777777777,0.69125,0.16792784206836495,232840439,0.7266444444444444,0.08989328722244393,1375.122,549.6063476623802,0.607111111111111,0.08630914730309146,500
pud,equalize,474,0.03748221825019476,0.00013618318335891177,1000,90,160,1.7777777777777777,0.7038888888888889,0.1587428580032639,3713625149,0.5825333333333333,0.14365559563278252,2883.452,1523.650894329664,0.6981777777777778,0.12153360799705815,500
pud,equalize,475,0.00567021884683796,0.00016831098793330444,1000,90,160,1.7777777777777777,0.7245833333333334,0.16390694750343873,571682043,0.6006,0.1316485461996067,2667.658,1357.5628127704563,0.6807111111111112,0.12313996448075633,500
pud,equalize,476,0.054791754472975164,0.00012007705633072373,1000,90,160,1.7777777777777777,0.7190277777777778,0.1648838455317842,2502642167,0.587488888888889,0.13262920100995243,3101.276,1656.3710483837392,0.7143111111111111,0.1126683658664359,500
pud,equalize,477,0.06986475517312574,0.00039980779929789904,1000,90,160,1.7777777777777777,0.7093055555555555,0.1624533538636103,1399948161,0.6885555555555556,0.10895543025218804,1902.516,959.3145273938771,0.6831777777777778,0.11597343852070921,500
pud,equalize,478,0.0659214796681886,0.0007498741394139802,1000,90,160,1.7777777777777777,0.7011111111111111,0.16603481123088967,3524229150,0.7452000000000001,0.0893769832352815,1174.822,475.76654140433175,0.6985777777777777,0.1090408420848992,500
pud,equalize,479,0.05592855011603787,0.0009554080626427135,1000,90,160,1.7777777777777777,0.7006944444444444,0.16391528335566988,2699978603,0.7264222222222222,0.09868573750350276,930.242,321.0252043058289,0.6911777777777778,0.1131583627586721,500
pud,equalize,480,0.011703443262908952,0.0009268297844712406,1000,90,160,1.7777777777777777,0.7230555555555556,0.15852721503865294,982589365,0.7220888888888889,0.09739922875842164,958.438,373.447152496059,0.6876666666666666,0.11717261542944285,500
pud,equalize,481,0.02118203996245227,0.00020950736993172251,1000,90,160,1.7777777777777777,0.7273611111111111,0.15668181044643031,166661389,0.6081555555555556,0.1266877421555432,2623.75,1438.9304782868016,0.6771333333333334,0.12374541039541065,500
pud,equalize,482,0.010397593598460153,0.0006929343200555432,1000,90,160,1.7777777777777777,0.7245833333333334,0.15668472528121652,84015982,0.7082444444444445,0.0982034090421002,1284.294,498.56527579893185,0.6915555555555556,0.11246470096704222,500
pud,equalize,483,0.01849021685435005,0.00031392105152369936,1000,90,160,1.7777777777777777,0.7179166666666666,0.16585129639309207,35517866,0.6392,0.12395245814646523,2113.296,977.4909664867123,0.6698,0.11704616205817918,500
pud,equalize,484,0.09305981093898943,0.000955727036800192,1000,90,160,1.7777777777777777,0.7009722222222222,0.16940597447624287,351035740,0.7999555555555555,0.07456711296430993,1063.854,423.2119201330291,0.7577555555555556,0.16013042230091015,500
pud,equalize,485,0.08435662128515184,0.00022518939146002362,1000,90,160,1.7777777777777777,0.6975,0.17038359111715387,3878038117,0.6591777777777778,0.1272180551591439,2962.274,1489.1270912557545,0.7510444444444445,0.12361665028032079,500
pud,equalize,486,0.024388158853744082,0.00028470984118791226,1000,90,160,1.7777777777777777,0.7279166666666667,0.16907704868231185,713029030,0.6339555555555555,0.12077996848301745,2173.492,1049.813226033617,0.6736666666666666,0.11725240245467214,500
pud,equalize,487,0.04059580170832634,0.00013040164998658147,1000,90,160,1.7777777777777777,0.7077777777777778,0.16296964745494158,898456489,0.5957111111111111,0.12525685725329774,3144.32,1715.6962110400407,0.6642222222222222,0.12350774326446187,500
pud,equalize,488,0.015053165618312282,0.0007905480020320507,1000,90,160,1.7777777777777777,0.7231944444444445,0.16545303705391426,1417584227,0.7189555555555556,0.09377278556489892,1096.486,427.144883273361,0.6934,0.11054026372660666,500
pud,equalize,489,0.0002522970925739943,0.000880773987577072,1000,90,160,1.7777777777777777,0.7245833333333334,0.16390694750343873,1228008391,0.7177333333333333,0.09701294968987965,1036.782,398.478019393642,0.6791555555555555,0.11972645864294608,500
pud,equalize,490,0.05005721824112496,0.0008841114013598913,1000,90,160,1.7777777777777777,0.6918055555555556,0.1656402476283797,3053598310,0.7424222222222222,0.09326305791282605,1035.886,367.1465677470195,0.7045333333333333,0.1212097167835043,500
pud,equalize,491,0.02129815404661415,0.0002947944166497103,1000,90,160,1.7777777777777777,0.7184722222222222,0.1581962977529172,3997501744,0.6512,0.11724883430633175,2335.496,1188.9786467505876,0.5989333333333333,0.08104959798744914,500
pud,equalize,492,0.032117140113484634,0.0003053482528153552,1000,90,160,1.7777777777777777,0.7083333333333334,0.16400615905517865,1896395807,0.6415777777777778,0.11261036821521059,2169.93,985.3467010868231,0.6850666666666667,0.10867836906086412,500
pud,equalize,493,0.07048236263969196,0.00031109473009442853,1000,90,160,1.7777777777777777,0.7213888888888889,0.16081260419929572,326414936,0.6734888888888889,0.1260680165947525,2253.712,1090.5362477567369,0.7332444444444444,0.11801315845770337,500
pud,equalize,494,0.08538987629235317,0.0006634533884184942,1000,90,160,1.7777777777777777,0.6848611111111111,0.16677716715431057,585083106,0.7640666666666667,0.09188830313941503,1513.194,620.7271516193854,0.7598666666666667,0.09357859220025727,500
pud,equalize,495,0.022860994393008063,0.00014798099151494532,1000,90,160,1.7777777777777777,0.7134722222222223,0.1656245893419096,3185211667,0.5890666666666667,0.13835624607360916,2633.22,1368.0085417645175,0.6634222222222222,0.11631263733958053,500
pud,equalize,496,0.043785018457213935,0.0001750335643804817,1000,90,160,1.7777777777777777,0.715,0.1606006336524697,2849884691,0.6162888888888889,0.12405203223766019,2709.582,1442.1464669513573,0.6742444444444444,0.0975927354743583,500
pud,equalize,497,0.04778922049907189,0.00021961962031790612,1000,90,160,1.7777777777777777,0.6933333333333334,0.1715072560173447,2318199830,0.6197555555555556,0.11955486809853683,2456.608,1154.1461002739447,0.6892,0.10415026056507863,500
pud,equalize,498,0.0529839621455716,0.00012783947691332237,1000,90,160,1.7777777777777777,0.7029166666666667,0.16582144379401,2244056610,0.5863555555555555,0.13402552457659556,3123.242,1814.3422165604777,0.7031111111111111,0.11971456358235763,500
pud,equalize,499,0.0376615344152296,0.0009084579076229256,1000,90,160,1.7777777777777777,0.7148611111111112,0.1619377285145259,3483955229,0.7627777777777778,0.08560475961215609,1034.498,433.3695378180351,0.6679777777777778,0.10711130467464264,500
tobacco,equalize,0,0.05207109093381196,0.0001295789514506375,1000,289,1229,4.252595155709343,0.7420667209113101,0.23529321351859359,1183105679,0.8090588235294117,0.04341419161415853,13319.416,5447.106789084213,0.8873910034602076,0.021710368794825696,500
tobacco,equalize,1,0.020073986741149352,0.00039960909439124405,1000,289,1229,4.252595155709343,0.7532497515351328,0.23514304705151676,4189262771,0.8740484429065745,0.023476447647909144,4354.144,1381.525187229643,0.8921176470588236,0.01998941965930913,500
tobacco,equalize,2,0.05641586331839202,0.0009957877950816539,1000,289,1229,4.252595155709343,0.7340651667741236,0.23540276024566018,3409914062,0.8899238754325259,0.019914359633458553,1495.14,422.60516638264914,0.8796124567474048,0.020588538593960384,500
tobacco,equalize,3,0.05456872670089235,0.0004218566159915653,1000,289,1229,4.252595155709343,0.7371058699648911,0.23510819476749573,513907705,0.8745674740484429,0.022872702504600877,4035.492,1241.588346102828,0.8916608996539792,0.019503247378284908,500
tobacco,equalize,4,0.021179175895607718,0.0003096053866281813,1000,289,1229,4.252595155709343,0.7527598604655091,0.23639134095086878,451714685,0.8534117647058823,0.02580552720190472,5725.154,2008.2647646697458,0.8783321799307958,0.022114340043450902,500
tobacco,equalize,5,0.07205546172475719,0.0007170641748776561,1000,289,1229,4.252595155709343,0.7353490192324477,0.23586797979131066,3269649398,0.8886920415224913,0.021025315763438017,2262.846,619.5070979195843,0.8897024221453287,0.020738299005740802,500
tobacco,equalize,6,0.020785937239361542,0.0006752200055436168,1000,289,1229,4.252595155709343,0.7498880852297842,0.23901593437686147,1978943729,0.8748581314878893,0.023753435212617465,2349.726,737.5801460639623,0.8764705882352941,0.023512702365661563,500
tobacco,equalize,7,0.05957692401765661,0.0007253425497617715,1000,289,1229,4.252595155709343,0.7361992899394957,0.2338458076067517,1650662510,0.891840830449827,0.01862781125195205,2205.488,631.5758592504753,0.8959100346020762,0.018113147490141656,500
tobacco,equalize,8,0.04454590036046893,0.0004870470030031994,1000,289,1229,4.252595155709343,0.7394089210853059,0.2358357471495248,2544603734,0.8829134948096886,0.020278246961661143,3537.966,1114.7155630100592,0.8931003460207612,0.01948258775522233,500
tobacco,equalize,9,0.032731697290414453,0.0004128320409649679,1000,289,1229,4.252595155709343,0.7471458214262587,0.23745759508710018,3637826565,0.8667404844290657,0.024424631525092232,4189.266,1310.6784790309136,0.874726643598616,0.020130581527705103,500
tobacco,equalize,10,0.086645766855952,0.0009528157863649299,1000,289,1229,4.252595155709343,0.7278260943012155,0.23605642328443638,680203429,0.8906574394463668,0.019835690599396417,1632.836,458.79552719654043,0.8822906574394463,0.01891992382281921,500
tobacco,equalize,11,0.0832174855275934,0.0006895309847631076,1000,289,1229,4.252595155709343,0.7227807793772753,0.23386285928171802,3021768530,0.8844152249134949,0.0222929228416041,2304.326,658.646577727923,0.8869826989619377,0.02266516999378021,500
tobacco,equalize,12,0.051200375483135024,0.0003436444562575322,1000,289,1229,4.252595155709343,0.7423933149577258,0.2369321618303552,2721067937,0.879757785467128,0.022536643421507258,5140.956,1638.5984290506863,0.9048858131487889,0.016655137891625895,500
tobacco,equalize,13,0.09749426115399817,0.00013317545689483528,1000,289,1229,4.252595155709343,0.7245995703599011,0.23504808926955104,346899814,0.8238754325259515,0.03933091841293236,13167.718,4993.0659701269815,0.8976193771626299,0.024672989426176895,500
tobacco,equalize,14,0.05127087092754704,0.0006177619794213935,1000,289,1229,4.252595155709343,0.7407997612484902,0.23493284105551174,4085389133,0.8886297577854672,0.020987516098707,2650.53,775.3730300774866,0.8936193771626298,0.020630953073886876,500
tobacco,equalize,15,0.010934118785804903,0.00015655401920838927,1000,289,1229,4.252595155709343,0.7543646760384142,0.2402941106883802,1793384281,0.8076470588235294,0.037238254528987526,10878.214,4189.160977043872,0.868006920415225,0.022955735363429534,500
tobacco,equalize,16,0.00589518742525087,0.00032620799845904674,1000,289,1229,4.252595155709343,0.75836263764109,0.2358285412078865,1332986617,0.8477162629757786,0.027333164750341837,5273.572,1706.5333577220326,0.8688235294117648,0.023695650128172766,500
tobacco,equalize,17,0.09912003445771472,0.0009623812826851845,1000,289,1229,4.252595155709343,0.7226287442177368,0.2355985407505244,7157318,0.9236193771626298,0.016563646530483183,1659.392,447.7315998530974,0.9250311418685121,0.016966498851732327,500
tobacco,equalize,18,0.04902356532562344,0.000722422861219718,1000,289,1229,4.252595155709343,0.7436433818250413,0.23439194014600062,3988253212,0.8898615916955017,0.020320014964489895,2255.766,596.8255227897903,0.8916470588235293,0.020383179826562507,500
tobacco,equalize,19,0.020438573042906073,0.0009826771037414002,1000,289,1229,4.252595155709343,0.755930075088476,0.23453730969424227,4127890934,0.8855017301038063,0.020073143156226714,1510.992,423.42942374117035,0.883273356401384,0.02057061496450935,500
tobacco,equalize,20,0.027739621842080342,0.000432313791335503,1000,289,1229,4.252595155709343,0.7550966971769324,0.23536822133744995,1195126812,0.8667889273356401,0.024066420675855443,3876.37,1263.9702396153427,0.879356401384083,0.02203180413275882,500
tobacco,equalize,21,0.07487424974984928,0.0009831593881362614,1000,289,1229,4.252595155709343,0.7343636061613655,0.23838987429107425,3427532585,0.9012179930795847,0.01814240583443785,1546.824,430.20057425831527,0.899681660899654,0.01917634531777478,500
tobacco,equalize,22,0.013932551753276401,0.0002876708098634826,1000,289,1229,4.252595155709343,0.7539310942871381,0.23597494847509953,806671418,0.8541038062283738,0.028952888967815147,6099.314,2176.0420348142534,0.8820346020761245,0.022213876373535068,500
tobacco,equalize,23,0.09564622880318496,0.0009058875043865114,1000,289,1229,4.252595155709343,0.7225724348993894,0.234194794008764,1963752341,0.9209480968858131,0.013821003266101528,1749.226,490.73151699023305,0.9262975778546714,0.012823077006319804,500
tobacco,equalize,24,0.0936036130925868,0.0007424274161127643,1000,289,1229,4.252595155709343,0.7300334195804393,0.23530879385619938,329836123,0.9064844290657439,0.018401632560304564,2200.938,632.0696942210608,0.9098131487889274,0.018097452546073416,500
tobacco,equalize,25,0.042433372301092155,0.0006983115931873812,1000,289,1229,4.252595155709343,0.7454509109439976,0.23429046213391938,11564586,0.8903183391003461,0.021366903356542167,2313.622,671.8407095390907,0.8917785467128028,0.021936790724375287,500
tobacco,equalize,26,0.09237329155175808,0.0006043819252809227,1000,289,1229,4.252595155709343,0.7176228458166399,0.23527964266618445,2816112974,0.885038062283737,0.019805978922053907,2814.406,792.3849120608762,0.8901384083044983,0.01989834177619906,500
tobacco,equalize,27,0.028268656874622357,0.000407525761587144,1000,289,1229,4.252595155709343,0.7480974489063322,0.23575588760756122,519842547,0.8647612456747406,0.026020679361981974,4081.344,1326.1189889333527,0.8750865051903114,0.02164005775358566,500
tobacco,equalize,28,0.09927950002361044,0.0007259867964928,1000,289,1229,4.252595155709343,0.7099253619985304,0.23494596233992177,2955054236,0.9001107266435986,0.01995105003762385,2266.992,611.7518259303017,0.9031418685121108,0.01946569938214848,500
tobacco,equalize,29,0.054699675552948385,0.0006970927409879419,1000,289,1229,4.252595155709343,0.7405576311795958,0.2347673864186194,3729381447,0.8908166089965398,0.019721377961502265,2293.328,654.5156085072067,0.894567474048443,0.019775449732743644,500
tobacco,equalize,30,0.0052933659350089535,0.000532627817376964,1000,289,1229,4.252595155709343,0.7583682685729248,0.2340019634814765,87157228,0.8606228373702423,0.024186657814215747,2987.998,892.5342866813602,0.8672318339100347,0.023201206302682697,500
tobacco,equalize,31,0.026051167116776797,0.0005147903679895958,1000,289,1229,4.252595155709343,0.7528668481703695,0.23392371852764168,1860397694,0.8723598615916955,0.0216138347430572,3241.184,911.3342847171949,0.8756678200692042,0.018670250139723447,500
tobacco,equalize,32,0.07232196424369335,0.00031815745908411096,1000,289,1229,4.252595155709343,0.7327587905884606,0.23474596605116707,1356508253,0.8839584775086505,0.024087026685940975,5836.444,1954.2121474134271,0.9110380622837371,0.01947739478762027,500
tobacco,equalize,33,0.0781805049844505,0.000695815854657562,1000,289,1229,4.252595155709343,0.7308780593556524,0.2346068389997812,1116579751,0.8984359861591696,0.017574205876486806,2304.098,696.6814210245612,0.9041384083044983,0.017098194436161427,500
tobacco,equalize,34,0.04102928887676193,0.0002815442900662464,1000,289,1229,4.252595155709343,0.7454903274668409,0.23431877497091064,716087965,0.8617785467128027,0.024796387486959132,6375.482,2052.539554532834,0.8898200692041522,0.01680685936383616,500
tobacco,equalize,35,0.04565372625858804,0.0001884371290346352,1000,289,1229,4.252595155709343,0.7390429105160466,0.23905182641300965,734345086,0.8419100346020761,0.03162746121120497,9987.582,3431.3065249569922,0.8951557093425605,0.020680767573020467,500
tobacco,equalize,36,0.043783892096581845,0.0004966581493393459,1000,289,1229,4.252595155709343,0.7432886331194518,0.2372321240982417,2199894049,0.8856193771626298,0.021461602252639878,3479.944,1117.2180221792723,0.8974048442906575,0.019434724558183673,500
tobacco,equalize,37,0.08285372313732192,0.0007175733218430946,1000,289,1229,4.252595155709343,0.7300728361032826,0.23654133340159716,316952150,0.8959584775086505,0.018727992573171322,2270.392,586.2704874927699,0.9001522491349481,0.018224076667373277,500
tobacco,equalize,38,0.0027179721165078497,0.0005706645450698352,1000,289,1229,4.252595155709343,0.7603841421697669,0.23455550860846638,3663202268,0.8639100346020762,0.022591301118729853,2833.14,864.1950697830176,0.8688304498269896,0.022485490848344024,500
tobacco,equalize,39,0.09041833463863358,0.00011182377276141049,1000,289,1229,4.252595155709343,0.7238788110850524,0.2344750883641695,2477782583,0.8172318339100346,0.05221808446928484,16080.252,6649.2605565124895,0.8979861591695502,0.01535687937348184,500
tobacco,equalize,40,0.0649844581949367,0.00042829603845934844,1000,289,1229,4.252595155709343,0.733023444384694,0.2356555915201364,1971658749,0.8991418685121108,0.018870533098248266,4332.688,1303.582807084326,0.9183875432525952,0.01547707862670999,500
tobacco,equalize,41,0.05284741618073544,0.0003215593961716133,1000,289,1229,4.252595155709343,0.741886531092598,0.2336684488871837,1893437968,0.8591349480968858,0.025013835046763425,5573.586,1854.9171144844224,0.8834532871972318,0.020754563416923694,500
tobacco,equalize,42,0.035828111303768465,0.000560122118727559,1000,289,1229,4.252595155709343,0.7464588477424186,0.23511673029715718,3597587616,0.8780346020761245,0.02292378443622503,2973.38,952.8026918198108,0.8790934256055364,0.02156025474860245,500
tobacco,equalize,43,0.06799074640352465,0.0002154679623810489,1000,289,1229,4.252595155709343,0.7347070930032857,0.23498091263932677,4214211718,0.8548858131487889,0.027173868260194595,8556.5,2740.9086249235597,0.90039446366782,0.01642241454211843,500
tobacco,equalize,44,0.037827915512458114,0.00028868631104300946,1000,289,1229,4.252595155709343,0.7467122396749826,0.23714961166028245,3830285855,0.8495709342560553,0.025354778278226575,6057.038,1986.7833502215162,0.8780692041522491,0.02199837497706501,500
tobacco,equalize,45,0.03248211033709847,0.00040876477037976296,1000,289,1229,4.252595155709343,0.7502484648672085,0.23320658467717037,2262080490,0.8663875432525951,0.023634589022644426,4195.122,1345.6270595833619,0.8754740484429065,0.020018668504636752,500
tobacco,equalize,46,0.012908555143587665,0.0004816554112688957,1000,289,1229,4.252595155709343,0.7595451333263885,0.23497187899057728,2780172160,0.8659653979238755,0.02347192567107107,3372.252,1097.922282848085,0.8763044982698962,0.022160063504685128,500
tobacco,equalize,47,0.014114545805282153,0.0004934512711102159,1000,289,1229,4.252595155709343,0.7586047677099845,0.23410324408771108,934885405,0.8646228373702423,0.021793254478839123,3426.156,1062.7303058961575,0.8729965397923876,0.02091794238381567,500
tobacco,equalize,48,0.06560344095426845,0.00062945747082848,1000,289,1229,4.252595155709343,0.7400621091781374,0.23441190693334998,13865125,0.894242214532872,0.020322613759457844,2651.744,742.5005863333789,0.8996747404844291,0.019538911988116445,500
tobacco,equalize,49,0.0560347098777117,0.00024242476195602045,1000,289,1229,4.252595155709343,0.739932597745938,0.2363643030707458,3069613721,0.8674948096885813,0.02659134753330298,7736.994,2675.363655906744,0.9102006920415225,0.01581563924492045,500
tobacco,equalize,50,0.014807652523869575,0.00018167352896553756,1000,289,1229,4.252595155709343,0.7554739696098609,0.23522293473201342,666904915,0.8235916955017301,0.03397326090411039,9692.376,3667.3602037913743,0.8755086505190312,0.0220539750484168,500
tobacco,equalize,51,0.07577629948717507,0.00018083939408035675,1000,289,1229,4.252595155709343,0.7297518729887016,0.23504957927399062,589296865,0.8337923875432526,0.03379750612682153,9969.758,3582.8762546239154,0.8790311418685122,0.018390244603631575,500
tobacco,equalize,52,0.081407688422006,0.0008430541755882847,1000,289,1229,4.252595155709343,0.7251908182025503,0.23559338091483853,259046331,0.9006020761245674,0.018127596597432204,1891.116,526.2031223738528,0.9013217993079585,0.018149671738024717,500
tobacco,equalize,53,0.06239729432996613,0.000763570285646242,1000,289,1229,4.252595155709343,0.7376239156936886,0.23372492256512958,3854090098,0.8920622837370242,0.020083439492260102,2101.618,635.5652747853883,0.895280276816609,0.01876093111242562,500
tobacco,equalize,54,0.05836507522896398,0.0005155140128995306,1000,289,1229,4.252595155709343,0.7431253360962439,0.23632213753061912,177719716,0.8854809688581315,0.021095669354914737,3420.478,1061.7298215383648,0.893121107266436,0.02126465513200638,500
tobacco,equalize,55,0.05543638518633546,0.0003076805807436574,1000,289,1229,4.252595155709343,0.7391555291527419,0.23656765132604152,1041976486,0.8669134948096886,0.024077026348313102,5730.25,1855.9178272388367,0.8947404844290657,0.01897372132503349,500
tobacco,equalize,56,0.02534730806717287,0.0008068047439689165,1000,289,1229,4.252595155709343,0.7458112905814219,0.23505520227952495,3465225596,0.8677993079584775,0.022050179882774395,1870.092,560.763464271455,0.8586089965397924,0.02226658400595584,500
tobacco,equalize,57,0.010633202060704805,0.00024086561139582594,1000,289,1229,4.252595155709343,0.7597365850087702,0.23563082614101954,1609607772,0.8302006920415226,0.02946745465050614,7184.144,2518.768939224556,0.8637716262975779,0.02408413670912929,500
tobacco,equalize,58,0.0812988921544518,0.00044059284267398155,1000,289,1229,4.252595155709343,0.7283948184165256,0.23498390710666275,1343782216,0.8933148788927335,0.019432340404251403,4058.072,1221.1750192627358,0.9100622837370242,0.016508294383542205,500
tobacco,equalize,59,0.09034911163986575,0.0005120320188886937,1000,289,1229,4.252595155709343,0.7224372925353553,0.23501364169838093,1531255486,0.8974325259515571,0.020455573131346595,3462.518,1057.020018881683,0.9066712802768165,0.019247309030170235,500
tobacco,equalize,60,0.03839156109926825,0.0009634192720960909,1000,289,1229,4.252595155709343,0.7500795369121659,0.23457174645421142,339602109,0.8924429065743944,0.020532583541948358,1586.172,474.6774228120134,0.8898615916955017,0.021830786691105847,500
tobacco,equalize,61,0.07144185979313498,0.00031127661009312454,1000,289,1229,4.252595155709343,0.7321224952911332,0.23508132131007992,1442732772,0.8614325259515571,0.02357229488369358,5657.08,1768.579833327778,0.8859100346020762,0.01881741095143107,500
tobacco,equalize,62,0.045982775303909,0.00014346281859026623,1000,289,1229,4.252595155709343,0.7429282534820274,0.2353038232753486,1657432762,0.810242214532872,0.04051082111885841,11827.118,4271.948863723035,0.8719100346020762,0.02043322730915127,500
tobacco,equalize,63,0.0782645764521453,0.000617426698711404,1000,289,1229,4.252595155709343,0.7273981434817741,0.2363249799708644,574998916,0.8921107266435986,0.021944384630516824,2681.234,770.5112604296563,0.8960899653979238,0.021352947211240595,500
tobacco,equalize,64,0.01503544819889413,0.000534778054840748,1000,289,1229,4.252595155709343,0.754116915037685,0.23475620617100068,392839244,0.8642560553633218,0.023730862219518055,3065.344,912.6809336439948,0.870083044982699,0.02305773242359422,500
tobacco,equalize,65,0.016395003948575182,0.0008874473737383495,1000,289,1229,4.252595155709343,0.7566846199543331,0.23425056838093908,1043478341,0.88319723183391,0.019422672384582607,1694.644,471.4111179727275,0.8816816608996539,0.01988412717218052,500
tobacco,equalize,66,0.07905310729571555,0.000740739110544376,1000,289,1229,4.252595155709343,0.7307147623324445,0.2343694866164994,1970262010,0.893847750865052,0.01929309897686298,2182.436,634.2752210326615,0.8978062283737024,0.018530114584095328,500
tobacco,equalize,67,0.036557833274370746,0.00027443777181783294,1000,289,1229,4.252595155709343,0.7443134627133771,0.2355848655181276,2170388655,0.8458200692041522,0.02516606614350466,6530.32,2235.2323819241715,0.8656193771626298,0.02025615209007169,500
tobacco,equalize,68,0.005281512681847223,0.0007625856023998984,1000,289,1229,4.252595155709343,0.7600744409188555,0.23479245010125877,2019500130,0.8718961937716263,0.022425113818962415,2001.366,555.2070079595312,0.8718200692041522,0.02254584134779949,500
tobacco,equalize,69,0.004839278578241202,0.0006181550711428289,1000,289,1229,4.252595155709343,0.7601701667600463,0.23776858524166053,3236199422,0.8659515570934255,0.022526233879735763,2527.826,763.7318458652736,0.8622006920415225,0.021063297066462056,500
tobacco,equalize,70,0.0504007491445129,0.0002825116644049371,1000,289,1229,4.252595155709343,0.7418921620244326,0.2359903602725358,1397082367,0.8533840830449827,0.02700368341883279,6010.366,1997.7366732568519,0.8809273356401384,0.02257673406586675,500
tobacco,equalize,71,0.029690967288283132,0.0003168404690292586,1000,289,1229,4.252595155709343,0.7518814350992874,0.2364186849749928,2630765542,0.8543737024221454,0.025919432400917108,5598.73,1923.201661386741,0.873522491349481,0.019886218263330868,500
tobacco,equalize,72,0.006869522447703902,0.0007773884771663576,1000,289,1229,4.252595155709343,0.7576475092980762,0.23535615853502387,4058413705,0.8715432525951557,0.022490048998456635,1990.356,594.4456885344824,0.8698062283737025,0.02348107809175139,500
tobacco,equalize,73,0.09281253142391227,0.00013775539524599138,1000,289,1229,4.252595155709343,0.7264690397290395,0.23552712737373266,1006513401,0.8409826989619377,0.03643054069315574,13604.17,5173.0368021707745,0.9089134948096886,0.022682966012266912,500
tobacco,equalize,74,0.04520659025490972,0.0009164856762941714,1000,289,1229,4.252595155709343,0.7539986654691552,0.23762695985616586,1087746708,0.8907681660899653,0.019950689240395465,1671.606,477.9905655192904,0.890083044982699,0.02106620737020861,500
tobacco,equalize,75,0.006655312714681505,0.0006264654236421867,1000,289,1229,4.252595155709343,0.7606769506251742,0.23593274780538426,2476113089,0.868159169550173,0.021623862397654126,2564.958,766.1454469797859,0.8710034602076124,0.021585548006311257,500
tobacco,equalize,76,0.048166534632193315,0.0009574137141272979,1000,289,1229,4.252595155709343,0.7413628544319656,0.2356232121848484,3542370958,0.9032733564013841,0.018275555951584976,1599.778,456.55784172619735,0.9046574394463668,0.01910336847612716,500
tobacco,equalize,77,0.00196279034431992,0.0007530458141908024,1000,289,1229,4.252595155709343,0.760727629011687,0.2355433448420436,2811045227,0.8695986159169551,0.021970557124232966,2031.21,589.4907570142302,0.8696539792387543,0.022276857454238692,500
tobacco,equalize,78,0.035733212592430195,0.0005839828683784498,1000,289,1229,4.252595155709343,0.7549052454945506,0.2338964359663857,2428940892,0.8791833910034602,0.020799621516444208,2798.93,818.9882616040909,0.8856193771626298,0.020040533124693363,500
tobacco,equalize,79,0.07248215316056263,0.00039181093832933473,1000,289,1229,4.252595155709343,0.7349661158676845,0.23715135505505378,2248559412,0.8783183391003461,0.021282415907460266,4454.232,1365.9751529265911,0.8957993079584775,0.019910849560178023,500
tobacco,equalize,80,0.00506026722925117,0.0005280037780667379,1000,289,1229,4.252595155709343,0.7591678608934599,0.23510283698938572,1352605231,0.8608304498269896,0.021953130113883848,2993.63,891.8165318904479,0.8665813148788927,0.022671224556941486,500
tobacco,equalize,81,0.0723017603771675,0.00038917387847744284,1000,289,1229,4.252595155709343,0.7337836201823859,0.23457285726783572,2586299030,0.8674048442906575,0.02529894846537632,4535.47,1356.5671786241332,0.8834117647058823,0.022902282697282672,500
tobacco,equalize,82,0.09749816108987348,0.00030313922276444953,1000,289,1229,4.252595155709343,0.7208775244171282,0.2348261870547,476070984,0.8757439446366782,0.023711846089389105,5972.154,1859.4271000943077,0.9056124567474049,0.018328269198000728,500
tobacco,equalize,83,0.06550365379525618,0.0005003151711149708,1000,289,1229,4.252595155709343,0.7385361266509188,0.23607679012996688,1719681389,0.8932249134948097,0.01906651670519445,3404.468,1022.6286381865502,0.9066020761245674,0.016517012810810534,500
tobacco,equalize,84,0.03009450648146944,0.0003983151433059754,1000,289,1229,4.252595155709343,0.7496121695698812,0.23385329308806252,4134537741,0.8744636678200692,0.021932900891564303,4415.424,1418.0535970944352,0.8897923875432526,0.020504095889345677,500
tobacco,equalize,85,0.03670900939038627,0.00025316670414312904,1000,289,1229,4.252595155709343,0.7430746577097311,0.23436611586227407,737239782,0.8432249134948097,0.02954193013152692,6994.0,2439.951739888716,0.8754602076124568,0.02350809346102157,500
tobacco,equalize,86,0.056796462924345294,0.0008356337637338021,1000,289,1229,4.252595155709343,0.7392005766074198,0.23643233750867818,3146107590,0.9026435986159169,0.017397676170239674,1826.252,507.40470589770274,0.8983183391003461,0.015161634305663835,500
tobacco,equalize,87,0.07716463203454417,0.0006172379314229839,1000,289,1229,4.252595155709343,0.7327982071113038,0.23433061473053376,2595033503,0.8940346020761245,0.018972148104388582,2679.93,735.1769742496932,0.9019100346020762,0.017093461820988212,500
tobacco,equalize,88,0.08374107090672556,0.00043389003872787175,1000,289,1229,4.252595155709343,0.7318465796312303,0.23760008530734966,3576181143,0.8925190311418685,0.01959415348133692,4085.244,1250.1908281047954,0.9072456747404845,0.017471600331925324,500
tobacco,equalize,89,0.04481467511227997,0.0006362226913741255,1000,289,1229,4.252595155709343,0.7398593956320861,0.24181659721241866,1549913651,0.8789204152249135,0.019944241896518566,2507.698,710.1581006027487,0.8794602076124568,0.018832033205780044,500
tobacco,equalize,90,0.06228372982017169,0.00026733232204563865,1000,289,1229,4.252595155709343,0.7288340310996365,0.23581591794191442,2337655845,0.8692456747404844,0.02565248150384073,6918.274,2430.4371657290617,0.9026574394463668,0.017945228072206557,500
tobacco,equalize,91,0.07986623653979488,0.0002766185041657874,1000,289,1229,4.252595155709343,0.7404675362702396,0.2348807390134865,1206888043,0.8606089965397924,0.025962151441137168,6438.844,2134.3445102984865,0.8926920415224913,0.018510361195457955,500
tobacco,equalize,92,0.09214126056685945,0.0006089744586143837,1000,289,1229,4.252595155709343,0.7239970606535823,0.23561297067747158,1920079747,0.8930034602076125,0.02061974207390345,2784.3,824.6772648632706,0.8997508650519032,0.02036428133841445,500
tobacco,equalize,93,0.0867555950202829,0.0007675600709156423,1000,289,1229,4.252595155709343,0.7225273874447113,0.23452638090458935,260984575,0.9106505190311418,0.01774479813886076,2157.262,652.2786676540578,0.9140276816608996,0.017298362608728874,500
tobacco,equalize,94,0.025844969644991857,0.0005969742154984999,1000,289,1229,4.252595155709343,0.7551811611544537,0.23505371064865802,3324611013,0.86880276816609,0.022403551170052965,2661.042,783.8463819761331,0.8650034602076124,0.02057369409374903,500
tobacco,equalize,95,0.025472191491571296,0.00015455697121944726,1000,289,1229,4.252595155709343,0.7503948690949123,0.23498772096901518,1694889988,0.8156539792387544,0.03648808540718863,11328.194,4375.12395797643,0.8756885813148789,0.02104720055187384,500
tobacco,equalize,96,0.07742753619879017,0.0006751691616990799,1000,289,1229,4.252595155709343,0.7253541152257581,0.23560299562347725,521742152,0.893993079584775,0.01852709081945111,2425.0,702.4116915091447,0.899681660899654,0.017819557877540502,500
tobacco,equalize,97,0.05259377233820372,0.00046636342284433926,1000,289,1229,4.252595155709343,0.7495389674560294,0.23429372205199048,2099755550,0.8906505190311418,0.019882688740627475,3761.972,1124.4379915360473,0.8998546712802767,0.01681456682584116,500
tobacco,equalize,98,0.03711319959240329,0.00045665671002274725,1000,289,1229,4.252595155709343,0.7427649564588196,0.2353583547463905,2395818903,0.865280276816609,0.023703684708119656,3747.288,1067.9273977709436,0.8761937716262975,0.021346906531022187,500
tobacco,equalize,99,0.08528444852546666,0.0005664937659890661,1000,289,1229,4.252595155709343,0.7351969840729092,0.23414524678297802,3423213286,0.9064844290657439,0.01725636659611676,3046.604,852.0820893305505,0.9169826989619376,0.015134283725917528,500
tobacco,equalize,100,0.048564413669458795,0.0002933632143371203,1000,289,1229,4.252595155709343,0.739127374493568,0.23518222334701464,669690772,0.8554117647058823,0.027218432950815306,6198.998,2094.3133133571514,0.8812179930795847,0.022209793074976225,500
tobacco,equalize,101,0.09255461648066357,0.0008199351408610198,1000,289,1229,4.252595155709343,0.7328488854978166,0.23646525762776233,1264458558,0.9176955017301038,0.01695863406413456,1982.266,584.9015874298478,0.9211141868512112,0.01591978726950046,500
tobacco,equalize,102,0.08398406030228873,0.0009827520869062317,1000,289,1229,4.252595155709343,0.7240533699719297,0.23675847606192393,3106656889,0.9091903114186851,0.01785470998321418,1588.05,439.93023164751355,0.9106089965397924,0.017242846155514347,500
tobacco,equalize,103,0.042408245788308985,0.0007960476092886131,1000,289,1229,4.252595155709343,0.7427818492543239,0.2353040544631182,2128327988,0.8897647058823529,0.01928548627381399,1944.46,544.4448261646672,0.8840207612456747,0.017404629850401202,500
tobacco,equalize,104,0.09595395604790402,0.0001122175533236513,1000,289,1229,4.252595155709343,0.7163840408129939,0.23441364134297332,754893943,0.8129204152249135,0.048429735092911326,16099.554,6387.311963833509,0.9091280276816609,0.01870298632515892,500
tobacco,equalize,105,0.09312426072065084,0.000467286503983604,1000,289,1229,4.252595155709343,0.7164797666541848,0.23559473629832842,1693133648,0.8827474048442907,0.022961044526356306,3629.716,1109.15125765999,0.8924429065743944,0.021350655887418617,500
tobacco,equalize,106,0.050607586835603485,0.0005774891548570821,1000,289,1229,4.252595155709343,0.7423933149577258,0.23465447696733507,4215850029,0.8853979238754325,0.020859710153364013,2931.22,841.4653739466061,0.8941453287197231,0.020090956450556034,500
tobacco,equalize,107,0.04340917484473246,0.00037583147142193954,1000,289,1229,4.252595155709343,0.7420723518431448,0.23474535676101282,549172996,0.8762076124567474,0.023540194144979303,4764.322,1472.4273506430943,0.8968096885813148,0.02079770994382072,500
tobacco,equalize,108,0.06759195099091715,0.0004422615370200521,1000,289,1229,4.252595155709343,0.7319085198814126,0.2356803445851992,1507983518,0.8900968858131488,0.01995188585947068,4045.448,1195.6481238927856,0.9015640138408304,0.015894937004516826,500
tobacco,equalize,109,0.09851638493492296,0.0006655036001541605,1000,289,1229,4.252595155709343,0.7280738553019446,0.23551943451749693,2367664560,0.9063460207612457,0.018260372467069574,2484.042,744.1121272710881,0.9126505190311418,0.01695448094693062,500
tobacco,equalize,110,0.0011032260085291569,0.00022880608436731247,1000,289,1229,4.252595155709343,0.7611837344903022,0.2350244151998054,102333019,0.8316193771626298,0.03149843676228684,7724.342,2893.6991208901604,0.867273356401384,0.02384804549181455,500
tobacco,equalize,111,0.03661287629379768,0.00044446750276152505,1000,289,1229,4.252595155709343,0.7423032200483698,0.23426918919904646,2960700043,0.8805328719723184,0.021896694323010227,3857.998,1142.5541939743327,0.8894117647058823,0.019013766707922385,500
tobacco,equalize,112,0.06359791371469341,0.0004070128918964292,1000,289,1229,4.252595155709343,0.7409180108170201,0.2349768943291087,2389193929,0.8727058823529412,0.024545459065143604,4218.758,1369.3501169977828,0.8731072664359861,0.020344595173504863,500
tobacco,equalize,113,0.0196412102956008,0.0008974294559873096,1000,289,1229,4.252595155709343,0.7572082966149654,0.2344228747756608,2176167519,0.876006920415225,0.020896728287379044,1658.676,472.68400370513626,0.8728373702422145,0.02209473190833346,500
tobacco,equalize,114,0.03329752088436221,0.0004337310901026343,1000,289,1229,4.252595155709343,0.74539460162565,0.23642581091981466,3688885254,0.8658615916955017,0.023133406135002355,3963.104,1320.2569560672987,0.8807474048442907,0.020602509434716663,500
tobacco,equalize,115,0.06061826442899764,0.000926202996117308,1000,289,1229,4.252595155709343,0.7331698486123976,0.2346186522690457,4041735004,0.905598615916955,0.01829084227141406,1696.882,476.4168322720599,0.9057923875432526,0.01856313021561872,500
tobacco,equalize,116,0.06912928672194411,0.0005406776912184558,1000,289,1229,4.252595155709343,0.7347014620714508,0.2364700051971662,947427527,0.8946782006920415,0.019569647114538322,3246.114,913.632838141154,0.9041245674740485,0.018517774262870473,500
tobacco,equalize,117,0.06863314936148378,0.0005028057869519671,1000,289,1229,4.252595155709343,0.7374718805341501,0.23485930429131843,1263856424,0.884006920415225,0.02139684280853047,3381.304,1021.5270523198305,0.894159169550173,0.0200229829431533,500
tobacco,equalize,118,0.06822666281535893,0.0007002695016157341,1000,289,1229,4.252595155709343,0.7304163229452025,0.234858104440849,2493150014,0.8957923875432526,0.01850345348485713,2298.916,655.1587616371316,0.8949757785467128,0.017081245281136224,500
tobacco,equalize,119,0.07909457921887887,0.0005147719914774879,1000,289,1229,4.252595155709343,0.7294928501243029,0.23536805829611165,421864558,0.8864913494809689,0.0201969812079508,3314.846,996.6100749877733,0.8945882352941177,0.019809273806875458,500
tobacco,equalize,120,0.02809518877044369,0.0001422698257861383,1000,289,1229,4.252595155709343,0.7493925632283258,0.23741254314843915,82298394,0.8048650519031141,0.038886847491009964,11916.612,4580.7028642903515,0.8739792387543253,0.02119688651825333,500
tobacco,equalize,121,0.04591543895097053,0.0009933424711181975,1000,289,1229,4.252595155709343,0.7444936525320892,0.23741232124811842,1018083464,0.8980207612456748,0.020891782314350762,1531.982,457.8241491873906,0.8932664359861592,0.023181855060468992,500
tobacco,equalize,122,0.06737234377840436,0.0001270774292747271,1000,289,1229,4.252595155709343,0.7339750718647676,0.23366698573560676,299120289,0.8244913494809689,0.04315640898788743,14046.636,5535.447022144999,0.9074671280276816,0.017754639239514678,500
tobacco,equalize,123,0.05331243963653533,0.0008270323464875216,1000,289,1229,4.252595155709343,0.7402254062013452,0.23703097209022966,3721920003,0.8978892733564015,0.017844438666874355,1896.26,572.3327790892636,0.8926297577854672,0.017083002473112723,500
tobacco,equalize,124,0.04805517636060669,0.0003159636169694478,1000,289,1229,4.252595155709343,0.7378266292397397,0.23684498062914125,2017747818,0.8749550173010381,0.023187203511095003,5764.298,1841.6477334017738,0.9023875432525952,0.017108546324494323,500
tobacco,equalize,125,0.016280841721840356,0.000756111484918812,1000,289,1229,4.252595155709343,0.7524783138737714,0.2342521394465348,583176836,0.8791833910034602,0.02099024258237986,2067.65,633.1072112857064,0.8734532871972318,0.020397715978192923,500
tobacco,equalize,126,0.07340571855671488,0.0001482082433476668,1000,289,1229,4.252595155709343,0.7281414264839617,0.23497617765897794,1604789971,0.827432525951557,0.03865800723913027,12174.534,4869.498481339067,0.8958546712802767,0.020487968758645215,500
tobacco,equalize,127,0.01765804813428613,0.0005180448948236973,1000,289,1229,4.252595155709343,0.74723028540378,0.23459911608657896,2496122739,0.8760692041522491,0.021900206031222277,3222.274,1006.6968859415075,0.8863183391003461,0.020006927325521735,500
tobacco,equalize,128,0.0119519579992311,0.000502644035483042,1000,289,1229,4.252595155709343,0.7540774985148417,0.2347541868521631,939972936,0.8581730103806229,0.024536855243390165,3299.718,1032.2533644861553,0.865363321799308,0.024279804342406803,500
tobacco,equalize,129,0.08624457832649383,0.0002449730941471751,1000,289,1229,4.252595155709343,0.7296054687609979,0.23536220292636387,668156938,0.8669134948096886,0.028129749957368024,7459.582,2596.86113351668,0.8979792387543253,0.018898373876239726,500
tobacco,equalize,130,0.09945860802428808,0.0009576570421351099,1000,289,1229,4.252595155709343,0.7251345088842027,0.23627111664033174,1132481338,0.9129826989619376,0.015289712016579917,1621.844,445.27444832672046,0.9162698961937716,0.01462752872559801,500
tobacco,equalize,131,0.071131484340115,0.00044547967127291245,1000,289,1229,4.252595155709343,0.736627240758937,0.23652858559324758,531775267,0.8760761245674741,0.022269937187461338,3820.104,1182.711705844787,0.8889204152249135,0.02042204522899785,500
tobacco,equalize,132,0.012422984677965876,0.0007358661724507223,1000,289,1229,4.252595155709343,0.7560201699978321,0.23421126641753903,742680112,0.8696193771626298,0.02139125871256506,2066.62,640.2841331333183,0.8690173010380623,0.021864717894471777,500
tobacco,equalize,133,0.018640621841802662,0.0002680533526392735,1000,289,1229,4.252595155709343,0.7568648097730453,0.2345567440005745,3786440244,0.8433079584775087,0.02865932388361901,6459.23,2200.828377724259,0.8742214532871972,0.024214889593556513,500
tobacco,equalize,134,0.050958277984155156,0.00015662196578831707,1000,289,1229,4.252595155709343,0.7400733710418068,0.2353976763593532,794963746,0.8343114186851212,0.03450043388823315,11536.412,4538.213082063509,0.8975501730103806,0.02030029650999966,500
tobacco,equalize,135,0.009157575549635711,0.0008483934338513261,1000,289,1229,4.252595155709343,0.7545899133118044,0.23585147474656779,598923977,0.8754048442906575,0.019359402724435194,1777.21,526.7238345620898,0.8745467128027682,0.020774666110559413,500
tobacco,equalize,136,0.047038973755467596,0.00019370943943152537,1000,289,1229,4.252595155709343,0.7434012517561468,0.23453340352676508,1781716393,0.8408927335640138,0.031284019725203845,9165.984,3525.3776766852284,0.8875294117647059,0.019924396017261203,500
tobacco,equalize,137,0.06609175314230167,0.0006243842868626958,1000,289,1229,4.252595155709343,0.7295153738516419,0.23434216228718258,4092983811,0.8887543252595156,0.021299617779894475,2751.868,777.6409669783643,0.8859861591695503,0.019663018831169356,500
tobacco,equalize,138,0.04696065085928308,0.00020233050510788894,1000,289,1229,4.252595155709343,0.7380912830359732,0.23536421775122002,622450902,0.8318062283737024,0.031167348515574355,8853.528,3114.6413486431065,0.8768096885813148,0.021670415920424835,500
tobacco,equalize,139,0.06323365719295482,0.0008603367110977205,1000,289,1229,4.252595155709343,0.736351325099034,0.23490712757822232,440481919,0.9077301038062284,0.016800222405654403,1890.876,571.6435088640937,0.911993079584775,0.016077429965785716,500
tobacco,equalize,140,0.04429923459415407,0.0005160383337435566,1000,289,1229,4.252595155709343,0.7476863908823951,0.2381333895661248,3638568918,0.8837854671280276,0.02101356612288554,3239.584,1050.4901837696505,0.8950103806228373,0.019137862593908615,500
tobacco,equalize,141,0.09038047343352262,0.0007830328927968359,1000,289,1229,4.252595155709343,0.7277528921873636,0.23515713879296912,4235103237,0.9111903114186851,0.017252584165992534,2077.552,566.9074168986232,0.9077508650519032,0.015647370482899405,500
tobacco,equalize,142,0.08375980329812716,0.0008408196797025051,1000,289,1229,4.252595155709343,0.7292338272599042,0.2346679381348896,1169406383,0.9064982698961938,0.01863363245196455,1882.018,488.710648412477,0.9076608996539792,0.019892282752661063,500
tobacco,equalize,143,0.09389514535479558,0.0005605724876127223,1000,289,1229,4.252595155709343,0.7210070358493276,0.2413803580801617,317074525,0.899363321799308,0.018664327231605583,3066.34,884.6231495011119,0.8969757785467128,0.013266782836887668,500
tobacco,equalize,144,0.027900176800363996,0.0004601763849970316,1000,289,1229,4.252595155709343,0.7521235651681819,0.2347732274267004,3691382861,0.8692456747404844,0.024009789628011678,3567.936,1120.6365103281976,0.8808442906574395,0.02243484516883381,500
tobacco,equalize,145,0.0321480984763642,0.0003388024950801116,1000,289,1229,4.252595155709343,0.7469205841528685,0.2324402993930696,3683306792,0.8605397923875432,0.024552429859645526,5229.166,1651.303425919327,0.8856678200692042,0.019636379520183607,500
tobacco,equalize,146,0.016310144849736176,0.0004709217985720746,1000,289,1229,4.252595155709343,0.7542182718107105,0.2342437756013224,39592183,0.868242214532872,0.023278334963009215,3653.518,1106.8189508931043,0.8788166089965398,0.021273133023334827,500
tobacco,equalize,147,0.08337448532938888,0.00048736102084261725,1000,289,1229,4.252595155709343,0.7218066281698626,0.23381474984200024,477541921,0.901840830449827,0.01947082645981938,3600.63,1095.7839486066805,0.9166020761245675,0.016266581206465368,500
tobacco,equalize,148,0.04147533270212898,0.000499669955159763,1000,289,1229,4.252595155709343,0.7381475923543207,0.2348196159897262,2227996538,0.8764013840830449,0.020432030696188153,3329.824,1031.2127503561012,0.8874532871972318,0.019015950985013567,500
tobacco,equalize,149,0.03990412830547463,0.0005466694111435096,1000,289,1229,4.252595155709343,0.7476188197003781,0.2350259119311883,1690743792,0.868795847750865,0.02285900231699474,2989.374,955.5996250579119,0.865757785467128,0.02309789093778954,500
tobacco,equalize,150,0.060614660167472335,0.0001410652595986827,1000,289,1229,4.252595155709343,0.7380631283767994,0.23513324668429278,3817614838,0.8234117647058823,0.03734424951472246,12651.628,4741.270300852662,0.8918685121107267,0.019944110762864942,500
tobacco,equalize,151,0.035310829987185044,0.0006539471600948202,1000,289,1229,4.252595155709343,0.7463743837648973,0.23479212758866325,2459544853,0.880961937716263,0.02205367041473399,2412.44,736.6084430664592,0.8836055363321799,0.022081548728266443,500
tobacco,equalize,152,0.0638914825092194,0.00035632567413939757,1000,289,1229,4.252595155709343,0.730844273764644,0.23402890512558722,1739318076,0.8816055363321799,0.020506975569559466,5097.3,1657.7930684242315,0.9041730103806228,0.016371256354003685,500
tobacco,equalize,153,0.06535743747089151,0.00014294807566491254,1000,289,1229,4.252595155709343,0.7405294765204219,0.2342826779758308,2740089528,0.8164636678200692,0.03842152359120828,12255.26,4616.623498342799,0.8826505190311419,0.024847503785181642,500
tobacco,equalize,154,0.06163580197472496,0.0005311104471468898,1000,289,1229,4.252595155709343,0.7380631283767994,0.2347004381947474,1490285450,0.8889342560553634,0.020951184050258673,3224.51,975.5939241866052,0.8993010380622838,0.019142425693509314,500
tobacco,equalize,155,0.03410127089991412,0.0007248132573226608,1000,289,1229,4.252595155709343,0.7462223486053589,0.23596719841584377,1069608831,0.8771903114186852,0.02169651414509388,2244.554,644.0632500182325,0.8710588235294117,0.020447497888014428,500
tobacco,equalize,156,0.09963569255534543,0.0006116548238119453,1000,289,1229,4.252595155709343,0.7240364771764255,0.23364198450300308,3228538950,0.9126435986159169,0.016427264530711735,2756.818,783.2097931180843,0.9217785467128027,0.014985646062991976,500
tobacco,equalize,157,0.022590882009892312,0.0002598524094096511,1000,289,1229,4.252595155709343,0.7543759379020837,0.23552768403660174,1754118546,0.8556678200692042,0.027926969867804796,6959.926,2516.863515655323,0.8897301038062284,0.02088413195155987,500
tobacco,equalize,158,0.005958232293034826,0.0006879010178835373,1000,289,1229,4.252595155709343,0.7592861104619898,0.23960555126796051,986222758,0.8699307958477509,0.022743939271653944,2255.366,684.1970998088001,0.8714532871972318,0.02338518019368091,500
tobacco,equalize,159,0.07260148295527909,0.000873819331939537,1000,289,1229,4.252595155709343,0.7365821933042589,0.23502463981474234,3112294257,0.9051072664359862,0.017730563498355164,1821.168,516.9475227317732,0.9006712802768165,0.016136242604955338,500
tobacco,equalize,160,0.030749348618769545,0.0005745688034011607,1000,289,1229,4.252595155709343,0.7473541659041446,0.23519295207344465,4167432878,0.8828858131487889,0.020775769075122477,2883.928,901.2723308994287,0.8913425605536333,0.018448211839433883,500
tobacco,equalize,161,0.024873497908151,0.0007898202650483509,1000,289,1229,4.252595155709343,0.7509523313465529,0.23800515317416887,3453693846,0.8791280276816609,0.01959330239915188,1920.964,602.0532026504328,0.8800968858131488,0.01989212956473438,500
tobacco,equalize,162,0.016756275352390472,0.00022434379108663056,1000,289,1229,4.252595155709343,0.7556879450195816,0.23473166805104984,980758247,0.8350726643598616,0.02887529896070066,7925.454,2932.5737134902693,0.8722698961937716,0.0222492411189539,500
tobacco,equalize,163,0.08548181777600047,0.00010689854799266427,1000,289,1229,4.252595155709343,0.7191431974120238,0.23590048696188493,696391623,0.8020692041522491,0.04591963064796941,16124.782,6483.026230448662,0.892560553633218,0.01605123778957594,500
tobacco,equalize,164,0.08884381305720862,0.0009287072755720896,1000,289,1229,4.252595155709343,0.7195148389131175,0.23535601029105532,1194040209,0.9093702422145328,0.020493454765170636,1735.34,473.7970744268806,0.9026297577854672,0.020673340886785838,500
tobacco,equalize,165,0.07492361472294966,0.0006022429911017664,1000,289,1229,4.252595155709343,0.734538165048243,0.23548123909930868,292736693,0.8921799307958478,0.020994087637079332,2763.494,822.7424215076652,0.8998131487889274,0.019183834982602666,500
tobacco,equalize,166,0.08845592995164198,0.0004312398684608036,1000,289,1229,4.252595155709343,0.730039050512274,0.23460278796161022,407274282,0.8912664359861592,0.021491588412105914,4085.928,1191.6669463562696,0.9035778546712803,0.016299164933370483,500
tobacco,equalize,167,0.09085652380760739,0.0007010483949614168,1000,289,1229,4.252595155709343,0.7219248777383925,0.2344984244035528,1205294072,0.9013425605536333,0.01940085349177479,2329.548,635.0644072049679,0.8962006920415225,0.017360569096061356,500
tobacco,equalize,168,0.08165150273695476,0.0008128481313514609,1000,289,1229,4.252595155709343,0.7274600837319564,0.23571442227369135,3631390983,0.9083944636678201,0.017979540636022615,1990.274,550.6539370974128,0.9095916955017301,0.018576274830509852,500
tobacco,equalize,169,0.038920228097295034,0.0002775089435260184,1000,289,1229,4.252595155709343,0.7469487388120423,0.23772375615515526,769251720,0.8517716262975779,0.02576184806322756,6423.87,2147.119623695177,0.880477508650519,0.021409936558783572,500
tobacco,equalize,170,0.05264614731579417,0.0004953447618477058,1000,289,1229,4.252595155709343,0.740506952793083,0.2329099622507478,326401199,0.8719377162629758,0.023651054047948657,3364.688,979.8265616106123,0.8734671280276816,0.02442156633372151,500
tobacco,equalize,171,0.07307538562881141,0.00045260197431202474,1000,289,1229,4.252595155709343,0.7318409486993955,0.2350289181077225,2077641338,0.8924636678200691,0.01957386439441967,3891.476,1192.925546773263,0.9082422145328719,0.016336525326939574,500
tobacco,equalize,172,0.04882757472401742,0.000535071936442393,1000,289,1229,4.252595155709343,0.742111768365988,0.23303560112705196,1810227930,0.8733356401384083,0.02347613183288448,3078.126,930.1567272231046,0.8788442906574395,0.023209660161113244,500
tobacco,equalize,173,0.09875596502374254,0.0005170463145559221,1000,289,1229,4.252595155709343,0.7160349230392391,0.23512389881623227,1117230952,0.9002283737024221,0.02073419706077397,3412.228,1002.552383958645,0.9130519031141868,0.017489187802188475,500
tobacco,equalize,174,0.03899099705479095,0.0008038458086046805,1000,289,1229,4.252595155709343,0.748356471770731,0.23519495742117902,2015853633,0.8767820069204153,0.02171750603763352,1879.342,556.3655905757956,0.8624290657439446,0.020235510578078705,500
tobacco,equalize,175,0.0857362339780231,0.00038219622233579453,1000,289,1229,4.252595155709343,0.7230566950371782,0.23546225807948523,1531009780,0.9052318339100347,0.019874800858675563,4941.136,1596.337528379579,0.9301038062283737,0.01286697418990174,500
tobacco,equalize,176,0.04485494016681542,0.0005463035806331159,1000,289,1229,4.252595155709343,0.7421173992978227,0.23336298275014988,2401455719,0.8755570934256055,0.021616956189584917,3075.298,924.9475298967636,0.8833840830449827,0.02036250800625457,500
tobacco,equalize,177,0.09551193309331601,0.0007543040621072589,1000,289,1229,4.252595155709343,0.7130167435758107,0.23627778636109242,2405867578,0.8889757785467128,0.021194340583721594,2127.162,588.6603858386526,0.8866989619377162,0.022281532588199194,500
tobacco,equalize,178,0.045847980713603076,0.0009389255875382774,1000,289,1229,4.252595155709343,0.743007086527714,0.23520672931398495,2475799219,0.8964221453287197,0.020157756861139714,1619.434,475.18692202724935,0.8894532871972318,0.01915799347169304,500
tobacco,equalize,179,0.03233908100232163,0.0009025444065868622,1000,289,1229,4.252595155709343,0.7445555927822715,0.2348523840535104,2814518649,0.8871764705882352,0.021043278545113297,1719.272,507.71542415002483,0.8868096885813148,0.021241398319005688,500
tobacco,equalize,180,0.09692181735550227,0.0006231876054090789,1000,289,1229,4.252595155709343,0.7217841044425237,0.23373352584340726,180233498,0.9206574394463668,0.015320675800039537,2800.764,787.988716123191,0.925923875432526,0.01175687977560109,500
tobacco,equalize,181,0.08105129403918206,0.00034432880950722376,1000,289,1229,4.252595155709343,0.7220656510342613,0.23657843143444152,43925351,0.8777301038062284,0.022510971345742058,5253.718,1653.8530558476696,0.8949411764705881,0.01812363589169749,500
tobacco,equalize,182,0.09614121314661817,0.0006153305533286843,1000,289,1229,4.252595155709343,0.7286538412809244,0.2333526745834028,294802173,0.9081107266435986,0.01797471569781475,2764.888,771.8249899337104,0.9182560553633218,0.016132918891222894,500
tobacco,equalize,183,0.0641069969206368,0.0004228231477121019,1000,289,1229,4.252595155709343,0.7385924359692664,0.23642326587079948,124492081,0.8768650519031141,0.02025422713400902,4164.402,1238.3077810937932,0.8944359861591696,0.017178538802443296,500
tobacco,equalize,184,0.01899868628606466,0.0004031746124032776,1000,289,1229,4.252595155709343,0.7521686126228598,0.23645625224995453,2281232838,0.862878892733564,0.024175746913384272,4246.356,1301.767326987132,0.8777854671280276,0.021844109126845413,500
tobacco,equalize,185,0.044959399502634695,0.0005436289429489062,1000,289,1229,4.252595155709343,0.7380011881266172,0.23630567805859548,901204765,0.8883529411764706,0.020225965488464906,3149.732,909.6249090291296,0.898878892733564,0.017709440060271597,500
tobacco,equalize,186,0.055129232675133394,0.000896802736333012,1000,289,1229,4.252595155709343,0.7436433818250413,0.23749763477539987,1411442553,0.8884429065743944,0.02034871787735695,1697.504,490.6124285973483,0.8856332179930796,0.021006340479622562,500
tobacco,equalize,187,0.048543549439737516,0.0005396942797330248,1000,289,1229,4.252595155709343,0.7375844991708453,0.23487975494544577,33461370,0.8886228373702422,0.01953851042334334,3196.41,921.2185436204703,0.8997647058823529,0.016853172278704504,500
tobacco,equalize,188,0.025454766347067306,0.0009756278277514046,1000,289,1229,4.252595155709343,0.7520954105090081,0.23672676783433677,472926123,0.8852318339100347,0.019312198363804867,1547.924,427.19742215865256,0.884242214532872,0.02001148409980151,500
tobacco,equalize,189,0.04288609370127649,0.00043755227154785274,1000,289,1229,4.252595155709343,0.7411882955450882,0.23512256931124717,1155729154,0.8748096885813148,0.022311969669969366,3928.066,1177.6469446725514,0.8899377162629758,0.01984147667730516,500
tobacco,equalize,190,0.02125430350147597,0.00026219501623812435,1000,289,1229,4.252595155709343,0.7516674596895667,0.23698468779779247,2393229398,0.8493771626297578,0.029075281147702903,6746.382,2354.809419651996,0.8816678200692042,0.022614043950321946,500
tobacco,equalize,191,0.01742876846628254,0.0009249930800626146,1000,289,1229,4.252595155709343,0.7536720714227394,0.2373534715375082,2824500427,0.8810311418685122,0.02168272478480101,1624.642,465.5625100214523,0.8729411764705883,0.021602215270192515,500
tobacco,equalize,192,0.05715106765720999,0.0008665237712119618,1000,289,1229,4.252595155709343,0.740095894769146,0.23505517050938327,3554782154,0.8888096885813148,0.019933443942229033,1705.566,470.40085839543116,0.8816747404844291,0.018661961656318227,500
tobacco,equalize,193,0.03299368791535356,0.000985136845585511,1000,289,1229,4.252595155709343,0.7416950794102162,0.23564205977282784,1092403212,0.8850034602076124,0.01897866650925711,1494.478,402.93089249181253,0.8854740484429066,0.0192862825141672,500
tobacco,equalize,194,0.04521840780934388,0.0004565288497514009,1000,289,1229,4.252595155709343,0.7497360500702459,0.23745842856509833,3736087923,0.8746159169550173,0.021617400170966115,3692.126,1111.6751906843867,0.8862837370242214,0.01954368224101402,500
tobacco,equalize,195,0.073023442869721,0.0001179299392129115,1000,289,1229,4.252595155709343,0.7349098065493368,0.23342171617190854,1018515968,0.8164982698961938,0.04218960983741424,14697.184,5928.657903371927,0.9055294117647058,0.018063908571208626,500
tobacco,equalize,196,0.08611886740418387,0.00018905871509549153,1000,289,1229,4.252595155709343,0.7270152401170108,0.23474006544222717,819313609,0.8569965397923875,0.033239066617773906,9646.934,3517.997279612753,0.9051072664359862,0.015845395153128414,500
tobacco,equalize,197,0.0320252764549821,0.00013819490484489824,1000,289,1229,4.252595155709343,0.7477201764734037,0.2363502740983379,2348187777,0.8138269896193772,0.03947213443692191,13236.388,5346.662789762494,0.8888650519031142,0.020023528174071475,500
tobacco,equalize,198,0.06798840521635903,0.0009809535418223029,1000,289,1229,4.252595155709343,0.7283159853708391,0.23776514672727753,37604432,0.8979653979238754,0.019294199584849424,1574.282,437.3558582773747,0.8909411764705881,0.019932731333891344,500
tobacco,equalize,199,0.08871419507090929,0.0001980884773669284,1000,289,1229,4.252595155709343,0.728225890461483,0.23528769195950314,3339207601,0.8535916955017301,0.030413072014346995,9370.754,3287.5563452098963,0.8934602076124568,0.022398451588780715,500
tobacco,equalize,200,0.007828348759267023,0.0008809217884844889,1000,289,1229,4.252595155709343,0.7582218643452212,0.23364270522798047,1800009729,0.8762214532871972,0.022006733755724907,1715.936,486.6211958809041,0.8740484429065745,0.02292208455107313,500
tobacco,equalize,201,0.0764147427047936,0.0006485761765731989,1000,289,1229,4.252595155709343,0.7308836902874872,0.23401570783282027,1563780413,0.8875363321799308,0.020929871810825035,2568.43,736.0665139278186,0.8913910034602076,0.020447249115669607,500
tobacco,equalize,202,0.06520151540551831,0.00042988914942224804,1000,289,1229,4.252595155709343,0.7341834163426534,0.23386804646320353,3750227616,0.8840346020761245,0.021840869638602267,4036.998,1285.0806428053554,0.8980899653979239,0.019586051394185445,500
tobacco,equalize,203,0.0665354607233199,0.00020439156030559316,1000,289,1229,4.252595155709343,0.7276571663461727,0.23528747928565716,4280090177,0.8437093425605536,0.03032084721141464,9139.614,3166.009575833994,0.8934325259515571,0.018117756778037425,500
tobacco,equalize,204,0.026214665216933986,0.0007720153190958345,1000,289,1229,4.252595155709343,0.7486943276808162,0.23374857935439813,242441821,0.8900761245674741,0.020184084888894383,2075.306,585.3638270203994,0.8914948096885813,0.019870085947251998,500
tobacco,equalize,205,0.0032673361364390697,0.0007791869141805742,1000,289,1229,4.252595155709343,0.7590214566657564,0.23624473072576768,2142486806,0.8670865051903114,0.02176505981458032,1968.766,574.1498020851951,0.8657647058823529,0.02212296628195498,500
tobacco,equalize,206,0.06574973759480705,0.00020994240206879,1000,289,1229,4.252595155709343,0.7309287377421653,0.23992638891967868,3681156255,0.8466782006920415,0.027680339020244277,8574.278,2980.2792253811513,0.8908235294117648,0.019673935937397635,500
tobacco,equalize,207,0.031149372189198245,0.0002830171571976929,1000,289,1229,4.252595155709343,0.7502146792762001,0.2389833814456996,1075945398,0.852006920415225,0.02757768975315945,6118.366,2085.4105616076968,0.88119723183391,0.02120674474331949,500
tobacco,equalize,208,0.048032617031648774,0.000399507538159286,1000,289,1229,4.252595155709343,0.7368524780323272,0.23473623027055032,4242681458,0.8706851211072665,0.02266672083578352,4317.202,1293.4543321721212,0.8815432525951558,0.02052273585489288,500
tobacco,equalize,209,0.08646066883793922,0.0005472646258453711,1000,289,1229,4.252595155709343,0.730314966172177,0.23622142484835187,1921427704,0.8965743944636678,0.02147083382543537,3180.574,939.1725500041846,0.8976124567474049,0.01629395874309924,500
tobacco,equalize,210,0.08967973720975947,0.0004178666105670971,1000,289,1229,4.252595155709343,0.7375169279888282,0.23465246753212585,1168289886,0.8759861591695502,0.0236805830094023,4230.586,1319.7240065676694,0.8863598615916954,0.02073378971475466,500
tobacco,equalize,211,0.05596841072433676,0.0005511419843037894,1000,289,1229,4.252595155709343,0.7389359228111865,0.23427076097133465,2733467638,0.8916539792387543,0.019551400585532935,3138.452,945.5276859541514,0.8941730103806228,0.016824662537123263,500
tobacco,equalize,212,0.09851811619017699,0.0007885603516139287,1000,289,1229,4.252595155709343,0.7224316616035205,0.23677588302827118,2069348670,0.910726643598616,0.018280844878932948,2033.698,562.1685813202718,0.9078131487889274,0.016526416286955732,500
tobacco,equalize,213,0.06105480464112062,0.00041837343780163483,1000,289,1229,4.252595155709343,0.736351325099034,0.23454383248646057,795914507,0.8748235294117648,0.024099057058247362,4208.99,1300.070620056568,0.880878892733564,0.0216307763840329,500
tobacco,equalize,214,0.08137318458502632,0.00045005968656330306,1000,289,1229,4.252595155709343,0.7311596059473903,0.23638219403856028,894761562,0.9010795847750864,0.018157793676950282,3904.242,1224.90615215991,0.9166782006920415,0.015509212371497706,500
tobacco,equalize,215,0.025165550244576753,0.00016648727816095238,1000,289,1229,4.252595155709343,0.7540211891964943,0.23508230643134082,3849525533,0.8187543252595155,0.03384198203184217,10549.128,3898.9961361041005,0.8671626297577855,0.02088623550627583,500
tobacco,equalize,216,0.0012751328481117486,0.0009682099443707169,1000,289,1229,4.252595155709343,0.7608064620573736,0.2342768517608543,2196581415,0.8737508650519031,0.021208826482266057,1555.088,452.7334883559619,0.8692249134948097,0.022179292583744733,500
tobacco,equalize,217,0.048743099272415984,0.000843191564645818,1000,289,1229,4.252595155709343,0.7340539049104542,0.2357415995545863,1871467711,0.8964429065743944,0.018448998696057258,1927.988,563.1184072085322,0.8991418685121108,0.018033099237663282,500
tobacco,equalize,218,0.09848279285432848,0.0006286969600046222,1000,289,1229,4.252595155709343,0.725472364794288,0.23452851071676767,3567264890,0.9059861591695502,0.017899215255412878,2757.024,816.1790047284474,0.913349480968858,0.016265342115157032,500
tobacco,equalize,219,0.03628770486111817,0.00020983164299083967,1000,289,1229,4.252595155709343,0.7429845628003751,0.23867504366203135,748307130,0.8439653979238755,0.029361073013050645,8819.544,3178.192430031356,0.8898823529411765,0.01909518380410323,500
tobacco,equalize,220,0.01571949447326848,0.0008238261573330867,1000,289,1229,4.252595155709343,0.7569549046824013,0.23541131707538748,2543455098,0.8819515570934257,0.020716860418777606,1855.6,537.1347423718988,0.881847750865052,0.02089392644038228,500
tobacco,equalize,221,0.061053132425902525,0.0003664887594902167,1000,289,1229,4.252595155709343,0.7321562808821418,0.2348467753945405,1989363755,0.8753702422145329,0.021666562429137323,4975.656,1614.9813581705746,0.8966989619377163,0.01841054914028041,500
tobacco,equalize,222,0.002789110443722076,0.0007234198543967407,1000,289,1229,4.252595155709343,0.758936992688235,0.23569902934594303,244374623,0.8693702422145329,0.022803097568496987,2158.432,620.451795256064,0.8699100346020762,0.023479713886811887,500
tobacco,equalize,223,0.05359113978241647,0.00021540722706952904,1000,289,1229,4.252595155709343,0.7471739760854325,0.24267727669341904,3498640227,0.8424083044982699,0.029141012246395887,8179.884,2669.0786598241452,0.8834463667820069,0.021680530289761225,500
tobacco,equalize,224,0.04218359492572535,0.00046247512034155406,1000,289,1229,4.252595155709343,0.7384967101280756,0.23560707833225006,3468598333,0.880961937716263,0.02049499433017758,3702.756,1149.3105402369715,0.896325259515571,0.018313810715277434,500
tobacco,equalize,225,0.07748719191017019,0.0002361673769283226,1000,289,1229,4.252595155709343,0.7308780593556524,0.2347817243762393,841446845,0.862484429065744,0.027774130283649542,7587.728,2617.549274880773,0.9034878892733563,0.017371049169611866,500
tobacco,equalize,226,0.00922632545220108,0.0008207666765809682,1000,289,1229,4.252595155709343,0.7554570768143566,0.23365898441956773,4025938509,0.8747404844290657,0.021281727047278962,1867.828,511.2090450995393,0.8753771626297577,0.021201454623036336,500
tobacco,equalize,227,0.0035616346227274054,0.00014844257693552606,1000,289,1229,4.252595155709343,0.7595057168035452,0.2366915011068322,402723016,0.8050034602076124,0.038190459964552,11194.266,4355.845238610924,0.8659307958477509,0.022425105259249827,500
tobacco,equalize,228,0.0075436320076069045,0.0004149926379264027,1000,289,1229,4.252595155709343,0.7596971684859269,0.23522543734181783,130709799,0.856083044982699,0.022286666458895855,4034.484,1323.6246742564906,0.8699584775086505,0.021448856627130152,500
tobacco,equalize,229,0.0429942165126802,0.0008511144277702569,1000,289,1229,4.252595155709343,0.740163465951163,0.23511440913896764,2542189567,0.8854048442906575,0.020473816628264363,1798.61,506.69145083838316,0.8866228373702423,0.02113330055219461,500
tobacco,equalize,230,0.0640000855441427,0.00013113464198971262,1000,289,1229,4.252595155709343,0.7335640138408305,0.2363936094913294,3164036643,0.8147750865051903,0.04171635763071554,13107.094,5151.360651156209,0.8877162629757785,0.017010655012885803,500
tobacco,equalize,231,0.046314537695397534,0.0005063006448600921,1000,289,1229,4.252595155709343,0.7475568794501959,0.2352842099370204,2407956223,0.8687058823529412,0.022793196056191223,3269.936,986.1531402048427,0.8725190311418685,0.020873346613194888,500
tobacco,equalize,232,0.023085968192856268,0.0008805627188894145,1000,289,1229,4.252595155709343,0.7507834033915103,0.23613523117443103,2728364998,0.8959100346020762,0.018855644206200676,1789.962,494.9217753174401,0.8966851211072665,0.019268060283630723,500
tobacco,equalize,233,0.005361958649200727,0.0004968383495330775,1000,289,1229,4.252595155709343,0.7578108063212842,0.23495249847285657,4215717540,0.8603667820069204,0.022577379163038605,3293.296,1006.1886959052638,0.8680484429065745,0.02285710446232746,500
tobacco,equalize,234,0.07420467853237125,0.0006085026908354398,1000,289,1229,4.252595155709343,0.7286087938262463,0.23599912813344703,3125815316,0.8846782006920415,0.019055999540845286,2744.184,800.7601261947343,0.891273356401384,0.018621524373623934,500
tobacco,equalize,235,0.018123835632727615,0.0002576699930273546,1000,289,1229,4.252595155709343,0.7550629115859238,0.23686379816008213,471421170,0.846643598615917,0.026702560340475703,7025.204,2454.14359481101,0.879522491349481,0.022620960774244536,500
tobacco,equalize,236,0.058027508119419514,0.0009270837951503044,1000,289,1229,4.252595155709343,0.7315143546529799,0.2366730851504274,707082084,0.9113979238754325,0.01538852037474017,1714.004,499.0127929412613,0.9147889273356401,0.014645286066443183,500
tobacco,equalize,237,0.024642526519338917,0.00018215877380689722,1000,289,1229,4.252595155709343,0.7523825880325805,0.23725177277423762,1345530926,0.8303598615916955,0.03165678220260865,9367.706,3582.314602514242,0.880643598615917,0.020599382196973316,500
tobacco,equalize,238,0.046362351727083896,0.0009493738220841606,1000,289,1229,4.252595155709343,0.7430239793232183,0.2358836873305646,2530095534,0.8908442906574394,0.019498936071363607,1596.236,463.06083723627955,0.8828858131487889,0.0198955633447946,500
tobacco,equalize,239,0.019872276885048314,0.0003002963950314283,1000,289,1229,4.252595155709343,0.7527035511471616,0.23615179769423417,2263522988,0.8561937716262976,0.027313955317306716,5894.836,2050.482744153713,0.8846851211072665,0.022067627021447888,500
tobacco,equalize,240,0.0397034340262831,0.0006546146393727844,1000,289,1229,4.252595155709343,0.7463462291057236,0.23389698098138437,1414297581,0.887522491349481,0.020851761502080436,2505.054,760.540456949737,0.8913771626297577,0.02168556302310956,500
tobacco,equalize,241,0.03087723522611188,0.0004969444206005945,1000,289,1229,4.252595155709343,0.7502484648672085,0.23537994007969962,231194423,0.8768927335640139,0.021798563886121128,3478.876,1044.867360110578,0.8888719723183391,0.018958205995767252,500
tobacco,equalize,242,0.030737935559035846,0.0007156423802235397,1000,289,1229,4.252595155709343,0.7492461590006222,0.2368392416168514,1872750002,0.8767681660899653,0.02099825993626426,2227.0,630.3880536593256,0.8717162629757786,0.020349343993005007,500
tobacco,equalize,243,0.0568303183909622,0.0008825419294950437,1000,289,1229,4.252595155709343,0.7381475923543207,0.23445151973956346,2070567972,0.899363321799308,0.019826296723467834,1780.546,499.9395954334527,0.8912179930795847,0.02019477496704689,500
tobacco,equalize,244,0.04280257348660173,0.00027650720870750213,1000,289,1229,4.252595155709343,0.7411770336814187,0.23477249555366286,3565083011,0.8652664359861592,0.025621385636101886,6561.136,2125.0638904703924,0.8945813148788927,0.018550820910941,500
tobacco,equalize,245,0.07828509439714804,0.0004078106970106803,1000,289,1229,4.252595155709343,0.7218573065563755,0.23411773672806768,4009323873,0.8878754325259515,0.020610683434373826,4331.234,1286.1298033192331,0.9065190311418685,0.01749609002651203,500
tobacco,equalize,246,0.06806610699213554,0.0009779825471727557,1000,289,1229,4.252595155709343,0.7336541087501866,0.234804038840279,1250754408,0.8972318339100347,0.02103849932155766,1547.136,437.81077883044435,0.8793840830449827,0.019006015609778593,500
tobacco,equalize,247,0.08327957261346683,0.0002857125207169881,1000,289,1229,4.252595155709343,0.7289860662591748,0.23355752687951573,114047595,0.874083044982699,0.02400750201848438,6366.326,2063.6654180460746,0.9041868512110727,0.018518799158045482,500
tobacco,equalize,248,0.034579190909459115,0.0005199710736979513,1000,289,1229,4.252595155709343,0.7485760781122864,0.23692493612826176,527005104,0.8785605536332179,0.022079328669668538,3316.95,954.2826175343744,0.8887335640138408,0.02029596063157047,500
tobacco,equalize,249,0.08148522069884201,0.0009739067934959319,1000,289,1229,4.252595155709343,0.7178480830900301,0.23514486625137465,2009277997,0.9039307958477509,0.01800853639860505,1619.39,428.52566129086085,0.901522491349481,0.018211279959792877,500
tobacco,equalize,250,0.09847998545778604,0.00032501030259631376,1000,289,1229,4.252595155709343,0.7217559497833499,0.23559541326071065,2691579845,0.8780761245674741,0.022280951076928766,5639.518,1853.9018965846922,0.9046989619377163,0.0163975694907792,500
tobacco,equalize,251,0.019040370109071416,0.00025596925852960445,1000,289,1229,4.252595155709343,0.7539085705597991,0.2349965589085236,3323617251,0.8407266435986159,0.028482493189176512,6539.88,2308.3586230621354,0.8728442906574395,0.02259432681891463,500
tobacco,equalize,252,0.0549385384209356,0.0007730811486658535,1000,289,1229,4.252595155709343,0.7394990159946618,0.24013498033514435,650574006,0.8864013840830449,0.02213964512811288,2049.17,571.3255875189802,0.8866297577854672,0.02252620831586176,500
tobacco,equalize,253,0.0037147960660037674,0.0003622903560529972,1000,289,1229,4.252595155709343,0.7595451333263885,0.2342520024476023,1892883616,0.849522491349481,0.026131308243693516,4666.23,1498.364887392768,0.8662283737024221,0.02235945137064066,500
tobacco,equalize,254,0.027551924284437493,0.00038114431914264827,1000,289,1229,4.252595155709343,0.7546800082211605,0.2353964939121746,2180031453,0.859840830449827,0.025351144099334092,4559.58,1464.4036902220205,0.8763944636678201,0.022494340625418194,500
tobacco,equalize,255,0.018081861534454038,0.0001028923922465496,1000,289,1229,4.252595155709343,0.7559920153386583,0.23474809938994598,1177838143,0.7835294117647058,0.05908729740864999,16212.548,7236.726882759032,0.8815294117647059,0.021574361502161327,500
tobacco,equalize,256,0.05604660093834092,0.00029468508014850566,1000,289,1229,4.252595155709343,0.7385361266509188,0.23458494869183674,3593069117,0.8591764705882352,0.025767212251659267,6083.596,2075.8992577291606,0.882878892733564,0.01930881865749506,500
tobacco,equalize,257,0.013659695326184041,0.00028376659799916773,1000,289,1229,4.252595155709343,0.7554627077461913,0.2347041829289806,3329671159,0.8503391003460208,0.02826333752715416,6168.064,2195.7519552996887,0.883363321799308,0.018522956463349824,500
tobacco,equalize,258,0.0442548844049454,0.0007550999024391165,1000,289,1229,4.252595155709343,0.7471514523580934,0.23847837133175992,1327064428,0.8907958477508651,0.019568495786338236,2124.716,600.5208455298049,0.887204152249135,0.01937936537792537,500
tobacco,equalize,259,0.08900648793335189,0.0004987821752927886,1000,289,1229,4.252595155709343,0.7299151700119094,0.23494835450875654,854338904,0.8949065743944636,0.019501929725509324,3460.352,1058.1424322414352,0.9087058823529413,0.016830936314710998,500
tobacco,equalize,260,0.05984668216283771,0.0005139474865770261,1000,289,1229,4.252595155709343,0.7335020735906481,0.23718437302370568,3344613393,0.8949273356401384,0.020916697790498262,3372.938,968.7870534156261,0.9081591695501731,0.018771777205520625,500
tobacco,equalize,261,0.08707970777002075,0.0009418893207587732,1000,289,1229,4.252595155709343,0.7276459044825033,0.23699996292527648,3393365871,0.9037577854671279,0.01811318987974137,1625.988,477.12156294560367,0.892325259515571,0.014383244091446768,500
tobacco,equalize,262,0.02406886628562678,0.0005471176280419464,1000,289,1229,4.252595155709343,0.7521066723726776,0.23481323711754315,510484436,0.8763737024221454,0.022101929584752697,3069.872,903.5693924153356,0.8790657439446367,0.019921239413799717,500
tobacco,equalize,263,0.07199226186730366,0.000369322070909933,1000,289,1229,4.252595155709343,0.7351463056863966,0.23501301215998857,3033568285,0.8706505190311419,0.02241509671986514,4858.1,1558.3456639708768,0.8838131487889274,0.018308359629491233,500
tobacco,equalize,264,0.05155271027797919,0.00041457086455943187,1000,289,1229,4.252595155709343,0.7456761482173878,0.2347470243836891,3233931685,0.8730795847750865,0.02373098860555835,4102.134,1331.4631847966878,0.8801868512110727,0.019389802430797923,500
tobacco,equalize,265,0.0006809616254943141,0.00030210996136770116,1000,289,1229,4.252595155709343,0.7613132459225015,0.23497312210774274,2798944553,0.843280276816609,0.029029369026297606,5656.91,1877.2993292074889,0.8672387543252595,0.023214511260335052,500
tobacco,equalize,266,0.020571840239787642,0.0005266430880462857,1000,289,1229,4.252595155709343,0.7495051818650209,0.23541351061439536,2477895516,0.8739584775086505,0.021914000881190672,3129.826,938.5772307915421,0.8861038062283737,0.018095145462889456,500
tobacco,equalize,267,0.03521015199255264,0.0004267767680875059,1000,289,1229,4.252595155709343,0.743237954732939,0.2354294538128418,3729420771,0.8688442906574395,0.02313121234450415,4007.344,1208.1221610317195,0.8702768166089966,0.018503244709467754,500
tobacco,equalize,268,0.0679589575119766,0.00042642497630169005,1000,289,1229,4.252595155709343,0.7377534271258879,0.2367004280420071,3137535368,0.8785674740484429,0.021327104716392577,4131.178,1270.833919920317,0.893515570934256,0.01857605137356515,500
tobacco,equalize,269,0.04852034881018672,0.0005573345627819841,1000,289,1229,4.252595155709343,0.7407941303166554,0.2354977167698429,4233402791,0.8889065743944636,0.021018178637035433,2999.914,875.748782736767,0.8960276816608997,0.020328454817062684,500
tobacco,equalize,270,0.020811427168833375,0.0007353607142618472,1000,289,1229,4.252595155709343,0.753176549421281,0.23674502067135586,3110419883,0.8765397923875432,0.02231680839877703,2064.182,613.5982680427724,0.8706020761245675,0.021715650955840826,500
tobacco,equalize,271,0.06080287716586592,0.00027438381828993967,1000,289,1229,4.252595155709343,0.7430183483913836,0.23509359773319385,1235648811,0.8650519031141869,0.025091914544031587,6679.142,2097.347459666408,0.8988512110726643,0.018298613079337517,500
tobacco,equalize,272,0.05410015156301604,0.000581289275736358,1000,289,1229,4.252595155709343,0.7327531596566258,0.23603831331759792,2346579888,0.8857923875432526,0.020727113654376562,2831.12,817.8987212586125,0.8923806228373702,0.01960928310398145,500
tobacco,equalize,273,0.05495115622266788,0.00039208874986882797,1000,289,1229,4.252595155709343,0.7373930474884636,0.23377281121441196,3337163980,0.8760761245674741,0.022285015953714567,4447.96,1378.7897638239308,0.8941660899653979,0.018956959309885682,500
tobacco,equalize,274,0.05541266672258299,0.0005287206496551521,1000,289,1229,4.252595155709343,0.7366216098271022,0.2348872430913359,1699185925,0.8864913494809689,0.02052108144751329,3221.298,923.1830517780212,0.8898892733564014,0.016845817201896717,500
tobacco,equalize,275,0.04905625198146685,0.00020952570743758872,1000,289,1229,4.252595155709343,0.7461153609004986,0.23699758736564136,2921493415,0.8451487889273357,0.030368037585699153,8549.12,3077.842248623998,0.8822352941176471,0.019927665302462202,500
tobacco,equalize,276,0.0003895778527316929,0.00033905302522094975,1000,289,1229,4.252595155709343,0.7613132459225015,0.23497312210774274,337788264,0.8444567474048442,0.025316037039495153,5005.098,1707.2387380250095,0.8651626297577855,0.022396597199883114,500
tobacco,equalize,277,0.01764021471029792,0.000543449097819304,1000,289,1229,4.252595155709343,0.7560370627933363,0.23560972156253004,2089030669,0.8635709342560554,0.02402821048209634,3027.666,962.7608401439211,0.8684913494809688,0.02339607006755813,500
tobacco,equalize,278,0.0088894448022111,0.0008548657258135243,1000,289,1229,4.252595155709343,0.7577826516621102,0.2350578361701214,2861543113,0.877273356401384,0.02045180163985561,1746.044,505.1567169516434,0.8760415224913495,0.021471706589920262,500
tobacco,equalize,279,0.05605271478974272,0.0002156194655350052,1000,289,1229,4.252595155709343,0.7342904040475139,0.2364229719174757,2318085621,0.8433771626297578,0.030339542365431165,8108.296,2977.252512204305,0.887363321799308,0.02034072643073318,500
tobacco,equalize,280,0.03994308790958401,0.0005757352220513616,1000,289,1229,4.252595155709343,0.740506952793083,0.23690004612754753,345633912,0.8717508650519031,0.02231097598779266,2872.228,893.0752122220002,0.8638131487889273,0.01975867931373668,500
tobacco,equalize,281,0.05653252590527674,0.0005347473111906504,1000,289,1229,4.252595155709343,0.7402929773833622,0.23387891929714374,426822946,0.8927820069204152,0.019140610612758176,3240.282,1022.095998885563,0.9036262975778546,0.017224625481423797,500
tobacco,equalize,282,0.012612750148363439,0.0004974260302698572,1000,289,1229,4.252595155709343,0.7559188132248065,0.23439063164187232,2845709571,0.8749965397923876,0.022495782718429985,3459.202,1039.7196810806515,0.8794532871972318,0.018073522813233045,500
tobacco,equalize,283,0.07222418756247799,0.0004230878552805241,1000,289,1229,4.252595155709343,0.7372522741925948,0.234868115222836,2246424252,0.8968581314878893,0.020044804552433643,4103.866,1255.5693532599835,0.9091141868512111,0.014642467838317741,500
tobacco,equalize,284,0.025060226784522355,0.0002345756105095084,1000,289,1229,4.252595155709343,0.756273561930396,0.23503085643597182,3664737990,0.8399307958477509,0.028590811255259984,7501.918,2456.9983926488353,0.8768581314878893,0.021019175218115187,500
tobacco,equalize,285,0.07442542368840187,0.0004477697126063637,1000,289,1229,4.252595155709343,0.725286544043741,0.23632482146836123,2191825495,0.8799100346020762,0.021806170718500467,3806.148,1120.9582493963721,0.8920968858131488,0.020476766185941474,500
tobacco,equalize,286,0.061870846647257,0.000883471108574213,1000,289,1229,4.252595155709343,0.734583212502921,0.23446138650001647,3308178088,0.8984429065743944,0.017791111872500653,1784.438,497.7936793999105,0.8993771626297578,0.018108617854674523,500
tobacco,equalize,287,0.08421174259768441,0.0003477488193190069,1000,289,1229,4.252595155709343,0.7349548540040148,0.23519324774689293,4235147282,0.8764913494809689,0.02283408252465397,5252.93,1664.5622776731748,0.9003183391003461,0.018428282121968665,500
tobacco,equalize,288,0.002194681507061236,0.00041834905089508105,1000,289,1229,4.252595155709343,0.7608627713757212,0.2345374228987411,191538169,0.8527128027681661,0.02491188735232388,3930.876,1263.2568544776504,0.8646228373702423,0.022896063924514837,500
tobacco,equalize,289,0.0161360012907531,0.0006213580333577055,1000,289,1229,4.252595155709343,0.7565776322494728,0.2346965463737449,1615520273,0.872006920415225,0.02277451270968262,2523.838,777.6570869256524,0.8752525951557093,0.022694142098764393,500
tobacco,equalize,290,0.003443391342079072,0.000849122544482012,1000,289,1229,4.252595155709343,0.7605361773293053,0.2350210304731848,3503823869,0.8715847750865051,0.021156055824811594,1794.346,536.0879731105965,0.869280276816609,0.022363828141673307,500
tobacco,equalize,291,0.01665565261126798,0.0002382622616633153,1000,289,1229,4.252595155709343,0.7504061309585817,0.233206135366435,3139128367,0.8433425605536332,0.028762029585173876,7456.456,2711.1235578549176,0.8816124567474048,0.020046321121274878,500
tobacco,equalize,292,0.025156353204858428,0.0009123412890968543,1000,289,1229,4.252595155709343,0.7486211255669644,0.23448241609318432,1163167600,0.8933771626297577,0.019460604243529377,1667.616,462.77274094692206,0.8931764705882352,0.019671594192449505,500
tobacco,equalize,293,0.03184051315369729,0.0009845369706945107,1000,289,1229,4.252595155709343,0.7451806262159294,0.2381219163164351,1405843624,0.8877162629757785,0.020965810486812616,1515.076,441.0135327812428,0.8840553633217992,0.0220192469046721,500
tobacco,equalize,294,0.04168830898259476,0.0004476518908807905,1000,289,1229,4.252595155709343,0.7375281898524978,0.23669986928721434,782728573,0.8758754325259515,0.024774250503128772,3944.306,1228.488993348151,0.8777785467128028,0.018544828807068016,500
tobacco,equalize,295,0.06555862925280363,0.0007210745539226962,1000,289,1229,4.252595155709343,0.7327756833839647,0.23502242471181528,3256314057,0.8859723183391003,0.020016279583607292,2209.772,637.9809962052457,0.8885051903114187,0.01929508873076364,500
tobacco,equalize,296,0.0241393141247081,0.00025293949353393484,1000,289,1229,4.252595155709343,0.7537903209912692,0.2354013441271571,2393165469,0.8480207612456747,0.027779416846411727,7017.678,2565.419344892038,0.8751349480968859,0.02031573526109417,500
tobacco,equalize,297,0.007307486347842751,0.0007327159937139666,1000,289,1229,4.252595155709343,0.758728648210349,0.23463961318743878,801917972,0.8686851211072665,0.022145713352437035,2079.336,610.092337621814,0.8675709342560554,0.022479749166494627,500
tobacco,equalize,298,0.016144274456969622,0.0008764760607733452,1000,289,1229,4.252595155709343,0.7533342155126541,0.23403055965542213,45867420,0.8766989619377162,0.02150939383106666,1694.138,502.96016224509384,0.8732249134948097,0.022410514759681588,500
tobacco,equalize,299,0.004647140713620346,0.0007354097123218457,1000,289,1229,4.252595155709343,0.7613582933771796,0.23249878891988945,4036883814,0.8677923875432526,0.022348807918255373,2056.688,600.3461849129043,0.8678200692041522,0.022803493202855768,500
tobacco,equalize,300,0.07634820866574078,0.0009442275216813303,1000,289,1229,4.252595155709343,0.7243123928363285,0.23401300473956885,2216582056,0.9064359861591696,0.01869690567349476,1666.316,492.3479390941535,0.9007335640138409,0.016843089382412087,500
tobacco,equalize,301,0.09855682093814522,0.0005858238992495488,1000,289,1229,4.252595155709343,0.7205171447797039,0.2339626664122316,3960222021,0.8965951557093426,0.020550571865603,2890.568,825.8473424562701,0.894567474048443,0.015451670114034971,500
tobacco,equalize,302,0.05093983320903356,0.0006784475133828949,1000,289,1229,4.252595155709343,0.7437954169845797,0.2350384030721984,2370771283,0.8803044982698962,0.022906779908115776,2397.986,689.252932539302,0.8788719723183391,0.023838014350366574,500
tobacco,equalize,303,0.023462976956313254,0.0006995234344355911,1000,289,1229,4.252595155709343,0.7528612172385347,0.23573502894008483,2666578264,0.873038062283737,0.022800635221639422,2184.332,647.5620518514004,0.8734117647058823,0.02316131601663167,500
tobacco,equalize,304,0.02265464481036296,0.00012889355275795496,1000,289,1229,4.252595155709343,0.7492743136597959,0.23673065306310376,1075189612,0.8055017301038062,0.04371285716133935,12887.206,5316.779444257751,0.8800415224913495,0.0204438223206598,500
tobacco,equalize,305,0.06114485195986518,0.0007721947136679678,1000,289,1229,4.252595155709343,0.739037279584212,0.23462466822693717,3033494699,0.8903598615916954,0.020429037095372686,2044.588,560.10576071164,0.891681660899654,0.020976131917675167,500
tobacco,equalize,306,0.0379540168954345,0.0003029739661972049,1000,289,1229,4.252595155709343,0.7394145520171406,0.23506641258896074,924714580,0.8620899653979238,0.026102232517661406,6016.752,1985.5274384691409,0.8870103806228373,0.022562921162762158,500
tobacco,equalize,307,0.08941728201092014,0.0004040856611172929,1000,289,1229,4.252595155709343,0.7195317317086217,0.23596484475813198,1916706203,0.8932525951557093,0.02126805233494393,4432.37,1431.6393664786192,0.9123875432525952,0.017243944043399333,500
tobacco,equalize,308,0.07893253408558784,0.0006947002933484544,1000,289,1229,4.252595155709343,0.7301798238081428,0.23439679362255741,1541557124,0.885847750865052,0.02271860600119487,2345.668,717.8094472638002,0.8811695501730104,0.021929464444541878,500
tobacco,equalize,309,0.055326472216157524,0.0004393085577386404,1000,289,1229,4.252595155709343,0.739634158358696,0.23466177468726074,934522732,0.8856678200692042,0.024201195716719186,3957.712,1165.6030894692933,0.9021660899653978,0.022301031351251693,500
tobacco,equalize,310,0.03465054926204304,0.00044998447748169763,1000,289,1229,4.252595155709343,0.745833814308761,0.23516104296162155,4136394296,0.8736262975778546,0.02329317298315433,3740.802,1153.0352498387645,0.8853148788927335,0.022515277101254415,500
tobacco,equalize,311,0.04698473825649602,0.000807379208736487,1000,289,1229,4.252595155709343,0.7397524079272259,0.2355718074908566,2097340839,0.8912179930795847,0.020898941940154372,1917.122,565.0076977466999,0.8904359861591696,0.022896713647853704,500
tobacco,equalize,312,0.087758095043469,0.0009087862573039346,1000,289,1229,4.252595155709343,0.7267618481844468,0.23566014957004702,3436855571,0.9216262975778546,0.01629749253772912,1805.742,487.74611837304855,0.9258615916955018,0.014976741099473405,500
tobacco,equalize,313,0.07366703029817008,0.0005264179638878577,1000,289,1229,4.252595155709343,0.735157567550066,0.2346506139051749,3258767245,0.8934186851211072,0.020194965067297455,3247.566,939.9352926413103,0.8983806228373702,0.017015265414971763,500
tobacco,equalize,314,0.07131963901414143,0.00046932505021105394,1000,289,1229,4.252595155709343,0.7299658483984222,0.23409461227196834,2748207891,0.8846159169550173,0.021239485837802108,3617.026,1075.4196111304686,0.897522491349481,0.018144008682391043,500
tobacco,equalize,315,0.09411157410265206,0.0003763561353773745,1000,289,1229,4.252595155709343,0.7304050610815331,0.235553593559757,4223566663,0.8905328719723183,0.01949758859244639,4842.476,1476.3631252436364,0.9133217993079585,0.014642572712336079,500
tobacco,equalize,316,0.09378310741802633,0.0004961667752507938,1000,289,1229,4.252595155709343,0.728777721781289,0.2348743585236702,3414485856,0.8924290657439446,0.02149494640025292,3498.26,1056.9331690545505,0.8993771626297578,0.01756925733293572,500
tobacco,equalize,317,0.06845779543996644,0.0003085604897163982,1000,289,1229,4.252595155709343,0.7374606186704806,0.2351058612153175,4218123865,0.8683114186851211,0.025082024047187294,5932.64,1966.0516199593264,0.8935570934256055,0.021203042363524684,500
tobacco,equalize,318,0.039249922877423564,0.0002656495935993956,1000,289,1229,4.252595155709343,0.7459182782862822,0.23393908582721762,2163094272,0.8545051903114187,0.02666031580204032,6744.492,2312.73648521315,0.8868650519031142,0.02088901656061667,500
tobacco,equalize,319,0.09050792156758018,0.0008351802320046662,1000,289,1229,4.252595155709343,0.7111360123430026,0.23394102742757478,398960166,0.9049688581314879,0.018760419530381687,1902.27,535.0677228501755,0.8988096885813148,0.018116190016624838,500
tobacco,equalize,320,0.0698190454466071,0.000443833338579338,1000,289,1229,4.252595155709343,0.732015507586273,0.23884511427291452,2584554941,0.8903321799307958,0.020746321198839707,3951.314,1237.81396268439,0.9054117647058824,0.019349227047409566,500
tobacco,equalize,321,0.00029092614304695454,0.0006758024035627255,1000,289,1229,4.252595155709343,0.7613132459225015,0.23497312210774274,1880031060,0.8660346020761246,0.023555865463130012,2294.776,673.8037197355465,0.8669826989619377,0.023700898831628466,500
tobacco,equalize,322,0.04598981935935344,0.000520195357410485,1000,289,1229,4.252595155709343,0.7383221512411982,0.23524574295318365,2892443691,0.8781730103806228,0.02222391939068854,3288.15,989.6928388801554,0.8798615916955017,0.020082613924641075,500
tobacco,equalize,323,0.02026932349852393,0.0005586403467765628,1000,289,1229,4.252595155709343,0.7552431014046359,0.23576443509570852,371442877,0.8682906574394463,0.02253568626391197,2870.334,877.4759795192494,0.8740692041522491,0.022332168174527912,500
tobacco,equalize,324,0.004572922102744604,0.0007686031591698074,1000,289,1229,4.252595155709343,0.7612625675359888,0.2347701833133721,2771043857,0.8700276816608997,0.022504322451583594,2011.936,593.9348121015064,0.8702698961937716,0.02311438948089122,500
tobacco,equalize,325,0.012887520415755327,0.00016678362315490115,1000,289,1229,4.252595155709343,0.7587399100740186,0.23487331314319404,91436236,0.818955017301038,0.03408266852292876,10523.884,3833.9504324365967,0.8746505190311419,0.022104347104576084,500
tobacco,equalize,326,0.08588822340384478,0.00015606062583604685,1000,289,1229,4.252595155709343,0.7322914232461759,0.23656335451464947,2504652323,0.8566712802768166,0.033271444462877366,11948.274,4410.497649240039,0.923287197231834,0.011368606437331258,500
tobacco,equalize,327,0.09640920061500098,0.0001554679779720549,1000,289,1229,4.252595155709343,0.7167894679050962,0.2349071046212118,1113199148,0.8367889273356401,0.033816479516475574,11819.43,4296.650946937584,0.9,0.01989306556073572,500
tobacco,equalize,328,0.06218879175448377,0.0006176722791899651,1000,289,1229,4.252595155709343,0.7322576376551674,0.23614699104357148,2711583391,0.8950795847750864,0.021912301500612023,2652.678,781.4209721958936,0.9002076124567474,0.020809267836452098,500
tobacco,equalize,329,0.007605172995929533,0.0005599363666703165,1000,289,1229,4.252595155709343,0.7568535479093758,0.23497890210116262,3304621354,0.8651557093425605,0.02311313443549942,2902.866,872.159009998431,0.8703737024221454,0.02267808161968641,500
tobacco,equalize,330,0.07970287025858278,0.000310780991085171,1000,289,1229,4.252595155709343,0.7311483440837206,0.23553527149842043,2780432766,0.8721799307958478,0.02504990013711656,5637.432,1821.0661793122372,0.899681660899654,0.017681681322532797,500
tobacco,equalize,331,0.07359238247938052,0.0005353190119586989,1000,289,1229,4.252595155709343,0.7308555356283135,0.23607679901663006,3533502583,0.8918823529411765,0.02110667076123534,3235.632,973.8749043046903,0.9019584775086505,0.01977585740597973,500
tobacco,equalize,332,0.07792299215384033,0.0007216719398652822,1000,289,1229,4.252595155709343,0.7329051948161642,0.2348075345845727,3446145018,0.9128581314878893,0.0183849414698278,2333.376,678.0731679296357,0.9105051903114186,0.01414837464572134,500
tobacco,equalize,333,0.0552624167096522,0.0005672639810579437,1000,289,1229,4.252595155709343,0.737314214442777,0.23220357881762263,1991564949,0.8810103806228373,0.022076794291746797,2911.686,840.175663593864,0.8815294117647059,0.021240353422972057,500
tobacco,equalize,334,0.06968662613985266,0.000844118393688889,1000,289,1229,4.252595155709343,0.7306021436957496,0.23624020873094942,3266424284,0.9090657439446367,0.01694497376642651,1894.194,540.0290094300975,0.9110934256055364,0.01699261321284355,500
tobacco,equalize,335,0.05935031193896206,0.0004056650494371854,1000,289,1229,4.252595155709343,0.736925680146179,0.23524683563418064,2269085055,0.8711141868512111,0.02244462682024258,4369.27,1395.2230415856613,0.8879446366782007,0.020226351032269527,500
tobacco,equalize,336,0.06594408741177549,0.0003097314287266138,1000,289,1229,4.252595155709343,0.733344407499275,0.23517025715028989,1887766103,0.8627543252595156,0.023698992463630806,5636.886,1817.8968857386708,0.8760484429065745,0.016252827902828015,500
tobacco,equalize,337,0.09786916941285122,0.00019935052094922334,1000,289,1229,4.252595155709343,0.7207817985759374,0.23511608601285958,2846658312,0.8619792387543252,0.02725526774204439,9410.312,3381.017382940155,0.9091072664359862,0.016266795087674302,500
tobacco,equalize,338,0.07823273043189338,0.0005409618908459949,1000,289,1229,4.252595155709343,0.7359515289387665,0.2344273769363476,3694619181,0.887204152249135,0.019652306882051267,3092.056,884.697093223163,0.891038062283737,0.017943664966989598,500
tobacco,equalize,339,0.061112161237088305,0.0008541479869861533,1000,289,1229,4.252595155709343,0.7343241896385223,0.23423778267210865,3649465309,0.8958961937716262,0.020209160500056205,1863.206,544.4797884624259,0.8971072664359862,0.02006250308068824,500
tobacco,equalize,340,0.07911007122239597,0.00031982727244245516,1000,289,1229,4.252595155709343,0.7304895250590544,0.23568860790945317,3022655976,0.876643598615917,0.023630146047844896,5752.266,1929.8444690163979,0.8979584775086505,0.016226078942793685,500
tobacco,equalize,341,0.011951841908892947,0.0007822586482888807,1000,289,1229,4.252595155709343,0.7579628414808225,0.23590704405076274,579033975,0.8673148788927335,0.022916400953161605,1988.218,596.2147520290603,0.8663806228373702,0.023574498517898237,500
tobacco,equalize,342,0.0906880268621808,0.0009116742257588877,1000,289,1229,4.252595155709343,0.7296167306246675,0.23512391552869408,584453004,0.9122283737024222,0.015943450570588248,1741.312,488.84984504241754,0.9083944636678201,0.014720131113797098,500
tobacco,equalize,343,0.013835311258546224,0.00047436089460901643,1000,289,1229,4.252595155709343,0.7537058570137479,0.23602851537499964,2843862304,0.869847750865052,0.022906640594781234,3553.918,1045.2697532168331,0.8807681660899653,0.021660625825578518,500
tobacco,equalize,344,0.0583686592083459,0.000993688784573444,1000,289,1229,4.252595155709343,0.7351012582317185,0.23412136671587755,1339867170,0.8914948096885813,0.0203803638890834,1478.654,433.5437216719928,0.8879792387543253,0.020859860836699967,500
tobacco,equalize,345,0.051960240770512714,0.0007978119655067828,1000,289,1229,4.252595155709343,0.7406533570207866,0.2345397804307458,2684574496,0.8981453287197231,0.01949709633948202,2021.366,580.5151295835025,0.9008235294117648,0.019616672299750715,500
tobacco,equalize,346,0.055347993682972156,0.0003720785933597136,1000,289,1229,4.252595155709343,0.7358895886885841,0.2354826851119382,38311084,0.8690173010380623,0.023498075468425816,4613.742,1504.8244777560296,0.8798339100346021,0.019429327383269305,500
tobacco,equalize,347,0.04798955794209401,0.0009101983650326308,1000,289,1229,4.252595155709343,0.7429000988228537,0.24106648209341955,260757529,0.8959377162629758,0.019435040612563403,1700.24,488.62874096085085,0.8876955017301038,0.01941637100827176,500
tobacco,equalize,348,0.00816046409127733,0.0006711966655646162,1000,289,1229,4.252595155709343,0.7584808872096199,0.23593199269064358,3608492656,0.8697993079584775,0.021838620718405456,2370.354,715.4630972811541,0.8721038062283737,0.0228141590647808,500
tobacco,equalize,349,0.02370380503750057,0.0007780154886433249,1000,289,1229,4.252595155709343,0.7541056531740156,0.2342589558012332,4188560065,0.878152249134948,0.022908525966550436,1972.414,575.8625721541695,0.8785328719723184,0.02330647485592018,500
tobacco,equalize,350,0.05588909748778547,0.00023519864761293333,1000,289,1229,4.252595155709343,0.7346845692759466,0.23562292992619704,4130388881,0.8575432525951557,0.026384254980557485,7782.882,2740.9070606472983,0.8968512110726643,0.019428056588026432,500
tobacco,equalize,351,0.055815180146232414,0.0001686468083504107,1000,289,1229,4.252595155709343,0.7405463693159262,0.2328741831537394,591426742,0.8374048442906574,0.032812868282677043,10976.25,4007.5440181756253,0.8990934256055364,0.017723637514436494,500
tobacco,equalize,352,0.04230786751326204,0.00027385989308699644,1000,289,1229,4.252595155709343,0.740709666339134,0.23582855598464172,2847842699,0.851432525951557,0.02798680035368495,6526.9,2151.2471775316008,0.8733840830449827,0.020700347313034256,500
tobacco,equalize,353,0.07782655959757828,0.0008834652051168867,1000,289,1229,4.252595155709343,0.7346507836849382,0.23447653272675473,528394818,0.901598615916955,0.01830122883669152,1792.898,484.66201226035497,0.8922768166089966,0.016146280971216925,500
tobacco,equalize,354,0.04937734690083532,0.00016903690808014142,1000,289,1229,4.252595155709343,0.7453439232391372,0.23514707675536745,1288388774,0.8266159169550172,0.03377113805226344,9987.454,3880.6955236630915,0.8760415224913495,0.021091756360917837,500
tobacco,equalize,355,0.03159775034562878,0.00029538829882679024,1000,289,1229,4.252595155709343,0.7449779126698781,0.23466841779567793,1253051867,0.8599307958477509,0.026446135857009508,6191.326,1999.1276714150185,0.8783875432525952,0.019563064380167746,500
tobacco,equalize,356,0.09244102102418235,0.00027096157232271733,1000,289,1229,4.252595155709343,0.7220487582387571,0.23499478979073274,695811464,0.8753910034602076,0.02365256459444372,6809.634,2332.0818879078447,0.9125882352941177,0.015892695177807566,500
tobacco,equalize,357,0.021895283307431092,0.0007678885272814662,1000,289,1229,4.252595155709343,0.7521629816910251,0.23461737565066923,3955944190,0.8769065743944636,0.022699223874546988,2042.166,612.0321766169075,0.8651764705882352,0.020100856912458852,500
tobacco,equalize,358,0.05335199333821137,0.0009715968722402753,1000,289,1229,4.252595155709343,0.7381588542179903,0.23581369064615362,1579447102,0.8913356401384083,0.020649064862489797,1545.36,452.1619214467455,0.8896055363321799,0.021258822998059475,500
tobacco,equalize,359,0.005124705399726148,0.0005722583929009725,1000,289,1229,4.252595155709343,0.7596746447585879,0.23505198779752828,4167782412,0.8653771626297577,0.024179604394088436,2788.362,885.7545128703217,0.8706712802768165,0.024001685571622456,500
tobacco,equalize,360,0.09736859224936957,0.0002407941748332398,1000,289,1229,4.252595155709343,0.7172343115200419,0.23393891429153307,1001705007,0.8562283737024221,0.02764946276317455,7593.718,2409.5220853595997,0.8881730103806228,0.020429469309637606,500
tobacco,equalize,361,0.017442802499743528,0.0002447963176066786,1000,289,1229,4.252595155709343,0.7579966270718309,0.23218494035076748,1897153451,0.8361799307958477,0.030067727129484294,7226.164,2529.3849112308567,0.8680207612456747,0.02334264716314994,500
tobacco,equalize,362,0.015048617724678071,0.0004171581471112592,1000,289,1229,4.252595155709343,0.7558456111109547,0.23580453524976644,2258384525,0.8567681660899653,0.024395365845720315,3973.702,1269.1437447687988,0.8697508650519031,0.02208124447499118,500
tobacco,equalize,363,0.0469637836115185,0.0005245548629406631,1000,289,1229,4.252595155709343,0.7419709950701192,0.23600599803992456,3967022635,0.8763391003460208,0.023098662752408586,3168.378,894.127805283093,0.8756332179930796,0.02064611667667618,500
tobacco,equalize,364,0.012936259583531208,0.00025451434953383114,1000,289,1229,4.252595155709343,0.7569211190913928,0.2351133051627576,3360158186,0.8423667820069204,0.027868874111739664,6910.798,2516.956682001926,0.8754878892733564,0.020980752661550597,500
tobacco,equalize,365,0.02565005829368322,0.0009697130982112852,1000,289,1229,4.252595155709343,0.7502709885945475,0.23512905102835643,1684565787,0.8817508650519031,0.02064991890942462,1500.73,411.90412369170167,0.8776955017301038,0.022413546666215367,500
tobacco,equalize,366,0.04047640404094475,0.0007657856981677244,1000,289,1229,4.252595155709343,0.744454236009246,0.23509818100954588,3085408746,0.8806920415224913,0.021056625201132596,2007.35,595.8504636652558,0.8755294117647059,0.019828194248192658,500
tobacco,equalize,367,0.053292514011753306,0.00019279006550184063,1000,289,1229,4.252595155709343,0.7342453565928357,0.23863697859277613,2777755936,0.8479584775086505,0.02995314255430332,9784.772,3493.108040066204,0.9010865051903114,0.017065262126025604,500
tobacco,equalize,368,0.01924107132661498,0.00037482551777848205,1000,289,1229,4.252595155709343,0.7550629115859238,0.23491695276766306,3009879669,0.8606782006920415,0.02438836688362826,4510.642,1494.3589780727696,0.8802560553633219,0.02142296854545147,500
tobacco,equalize,369,0.07588507823590444,0.00013792667547477726,1000,289,1229,4.252595155709343,0.7399438596096075,0.23713451283442882,736808816,0.8385951557093425,0.04128963875281454,13471.026,5053.836230688252,0.920477508650519,0.017400493552198002,500
tobacco,equalize,370,0.037243310082575455,0.0005151387673264377,1000,289,1229,4.252595155709343,0.7468023345843386,0.2356638467500491,1383641417,0.8877370242214533,0.023983744564809943,3268.132,989.4960593549413,0.8982629757785466,0.02429128882642574,500
tobacco,equalize,371,0.08954559102346533,0.0009982592034467456,1000,289,1229,4.252595155709343,0.7221782696709566,0.23504290896120397,551712083,0.9066851211072665,0.018334244396115106,1535.844,423.3283660173861,0.9057439446366782,0.019407204415106103,500
tobacco,equalize,372,0.02185571882857781,0.0006771372115679402,1000,289,1229,4.252595155709343,0.7550516497222544,0.2361918818346757,100158733,0.8683044982698962,0.023078669317111448,2352.066,742.5675503128016,0.8670588235294117,0.02420896835869759,500
tobacco,equalize,373,0.08564972735524137,0.00020797691512639249,1000,289,1229,4.252595155709343,0.7273643578907655,0.23649149661599647,178776570,0.8651557093425605,0.02953623684799722,9089.67,3030.668798108373,0.9153079584775087,0.01750900380763317,500
tobacco,equalize,374,0.00892578652850935,0.0007024724732965416,1000,289,1229,4.252595155709343,0.7577488660711018,0.23526711611831833,1140062245,0.8706020761245675,0.021063912193524777,2154.902,573.831879951696,0.8718200692041522,0.0216223277520805,500
tobacco,equalize,375,0.07652386476326986,0.0004744611574338222,1000,289,1229,4.252595155709343,0.7337610964550468,0.2358108080545234,4247430968,0.8822837370242214,0.022707434558650864,3767.288,1153.4913843647068,0.8917647058823529,0.021996259969840545,500
tobacco,equalize,376,0.09422651231607777,0.0009774854426232596,1000,289,1229,4.252595155709343,0.7201849198014533,0.2327923704259861,415963093,0.9155709342560554,0.015793741293228157,1614.928,439.0638095695744,0.9171764705882353,0.01601547271930468,500
tobacco,equalize,377,0.0945034532556484,0.00030321258325312166,1000,289,1229,4.252595155709343,0.7205115138478692,0.23311756423451066,979423606,0.869993079584775,0.02432495319190224,5907.834,1839.9559555273493,0.8897647058823529,0.019662511195055916,500
tobacco,equalize,378,0.020637184105863772,0.0008432135241581606,1000,289,1229,4.252595155709343,0.7499331326844623,0.23478601324212406,2738164406,0.8805882352941177,0.0202255668877587,1778.07,506.9986038132029,0.8787335640138408,0.020616241532343482,500
tobacco,equalize,379,0.09228193766489363,0.00012367134373017353,1000,289,1229,4.252595155709343,0.7247459745876046,0.2368415938796119,3776724277,0.8344221453287197,0.03974964276418615,15197.256,5406.382543149321,0.9272110726643599,0.013362195104859559,500
tobacco,equalize,380,0.08962171712064354,0.000326640287034495,1000,289,1229,4.252595155709343,0.7094748874517499,0.23486367286835652,1031331540,0.8767058823529412,0.022406665403206412,5602.56,1773.657016682101,0.8965882352941177,0.016980126289071657,500
tobacco,equalize,381,0.04043148736017702,0.0009297630115205417,1000,289,1229,4.252595155709343,0.7428494204363408,0.23505738521331287,3340161096,0.8961660899653979,0.018265066772395363,1657.844,449.32529653717074,0.8961453287197231,0.017691811148297622,500
tobacco,equalize,382,0.016721963884665448,0.00022782975174684346,1000,289,1229,4.252595155709343,0.7546574844938215,0.23415397012302236,3356511687,0.8327750865051903,0.028888863600777553,7679.33,2678.843906323939,0.869356401384083,0.02240770624019629,500
tobacco,equalize,383,0.09452859926015057,0.000586588294371286,1000,289,1229,4.252595155709343,0.7230454331735087,0.23414445983235246,3172824692,0.9017785467128028,0.017588163256133653,2910.948,838.0569193653805,0.9096470588235294,0.016817713023838367,500
tobacco,equalize,384,0.012942237419336389,0.00017893081241443124,1000,289,1229,4.252595155709343,0.75434778324291,0.23393700931738642,343700801,0.8188581314878893,0.03389438993774896,9679.848,3764.802424495472,0.8706643598615917,0.023334751504947765,500
tobacco,equalize,385,0.011109437430878688,0.0003759056803330929,1000,289,1229,4.252595155709343,0.7547701031305165,0.23562307921861572,1837452089,0.8579723183391003,0.025759083580037697,4582.878,1538.9746264697917,0.8768442906574395,0.022028942973841985,500
tobacco,equalize,386,0.046269355193353415,0.0001636378602514701,1000,289,1229,4.252595155709343,0.7474555226771702,0.23499111362239689,2706482990,0.8270657439446366,0.03964559476693401,10968.83,4558.984375293289,0.8846643598615918,0.02063772999916736,500
tobacco,equalize,387,0.02411634430592421,0.0009419673739698346,1000,289,1229,4.252595155709343,0.7508791292327011,0.23683238466297024,1715063510,0.8833079584775086,0.02096704758734636,1583.314,448.07228093454273,0.8784429065743944,0.021727226329612458,500
tobacco,equalize,388,0.03735258143575381,0.0009451340253026318,1000,289,1229,4.252595155709343,0.7486661730216425,0.2357172020307656,2566681518,0.9043667820069204,0.018646967992425715,1656.51,434.4399959951204,0.9035294117647058,0.019133023767720636,500
tobacco,equalize,389,0.0950902785224164,0.000806802621223447,1000,289,1229,4.252595155709343,0.7278936654832325,0.23640093632008752,3740849534,0.9077577854671279,0.017573161391023218,1973.968,575.469043664759,0.9101799307958478,0.01790562710269221,500
tobacco,equalize,390,0.0883327975638365,0.0009442099355502174,1000,289,1229,4.252595155709343,0.7246333559509095,0.23571205953107155,4163000819,0.9094117647058824,0.016870470043258413,1652.86,446.9037102693434,0.9106712802768165,0.0167070238452775,500
tobacco,equalize,391,0.05016869968176742,0.00024089708025878563,1000,289,1229,4.252595155709343,0.742297589116535,0.23574001379012408,2749504231,0.8502698961937716,0.028082254422208144,7399.682,2532.144537104781,0.8777923875432526,0.02153860941915606,500
tobacco,equalize,392,0.048422844145202384,0.0006136574928255973,1000,289,1229,4.252595155709343,0.7407997612484902,0.2344543517691209,2614760228,0.8828442906574395,0.02115219370427761,2707.092,786.5743945058114,0.8877508650519031,0.020341641785103722,500
tobacco,equalize,393,0.09514674126922155,0.0007285281634171216,1000,289,1229,4.252595155709343,0.7205734540980514,0.2350535004671095,1319149514,0.9020692041522491,0.01886185304978573,2221.33,627.8475309693339,0.898726643598616,0.01693597128700503,500
tobacco,equalize,394,0.04884514544921115,0.0006957940229813566,1000,289,1229,4.252595155709343,0.7383334131048677,0.23774667001337524,3571761456,0.8768719723183391,0.021790589930551725,2221.06,632.0769565155147,0.8794671280276816,0.021704394426056112,500
tobacco,equalize,395,0.040486858318011666,0.00041679495285066887,1000,289,1229,4.252595155709343,0.7508284508461883,0.2353874556401765,4025703268,0.8710726643598616,0.023896934198279395,4070.634,1310.277042422632,0.8844567474048443,0.02191997066276004,500
tobacco,equalize,396,0.00035807543115153886,0.0005111729258165127,1000,289,1229,4.252595155709343,0.7613132459225015,0.23497312210774274,3423709630,0.8602283737024221,0.02238689638281968,3157.136,977.8606200725015,0.8677301038062284,0.022419069848545792,500
tobacco,equalize,397,0.07633120926470875,0.0005760623309539699,1000,289,1229,4.252595155709343,0.7273699888226004,0.234106847024693,1307295738,0.9026989619377163,0.019026129612456314,3028.954,887.7515133091946,0.9121799307958478,0.0173514462139205,500
tobacco,equalize,398,0.09741326481259102,0.0003627978626354313,1000,289,1229,4.252595155709343,0.7247403436557699,0.23577819313060056,115133769,0.8845051903114187,0.02214885950557911,5036.25,1711.1322352621098,0.9060484429065744,0.018672023561729062,500
tobacco,equalize,399,0.02823254616903357,0.0006918009510110903,1000,289,1229,4.252595155709343,0.7515886266438802,0.235935563890583,1216120359,0.8874948096885813,0.019314070615603182,2380.444,700.3770776988151,0.8920553633217992,0.01900719848453533,500
tobacco,equalize,400,0.07314118717394265,0.0008754182924726666,1000,289,1229,4.252595155709343,0.732449089337549,0.23550040760444335,417531997,0.9037577854671279,0.018415344578361945,1788.208,545.3157059670564,0.8990034602076125,0.016785295378905243,500
tobacco,equalize,401,0.05834822098669297,0.0003025182371187583,1000,289,1229,4.252595155709343,0.7403774413608836,0.23637747201079615,2690229028,0.8701314878892733,0.023791419071543862,5940.19,1958.2369145552982,0.8977716262975779,0.018696156201199538,500
tobacco,equalize,402,0.06872693129995576,0.00047345148938331664,1000,289,1229,4.252595155709343,0.7430915505052353,0.2355185568867581,631891102,0.8931349480968859,0.02033342571294838,3688.782,1154.6196861804456,0.8997301038062284,0.018112564623085442,500
tobacco,equalize,403,0.0003403585003063259,0.0007937435522282935,1000,289,1229,4.252595155709343,0.7613132459225015,0.23497312210774274,2380134787,0.8683183391003461,0.023072551123186957,2006.012,601.546383880678,0.8668719723183391,0.02322193841386133,500
tobacco,equalize,404,0.09380967610280112,0.0006032675711363919,1000,289,1229,4.252595155709343,0.7395947418358527,0.23395386292676776,3510248602,0.9032525951557093,0.01766486822692844,2824.08,813.8836740405474,0.9108166089965398,0.01591742382827948,500
tobacco,equalize,405,0.0059230797918712885,0.0008440896256096717,1000,289,1229,4.252595155709343,0.758982040142913,0.23353428871074708,3616063155,0.8746643598615917,0.0226442417743204,1743.184,498.7739819940775,0.8709826989619377,0.02344479493922313,500
tobacco,equalize,406,0.08169496298053447,0.000321774469913858,1000,289,1229,4.252595155709343,0.7292113035325651,0.23418670155073887,2799174196,0.8646159169550173,0.02482323473485182,5646.822,1791.689158978421,0.8884913494809689,0.02078980798949559,500
tobacco,equalize,407,0.06712038720392903,0.00032335283195348717,1000,289,1229,4.252595155709343,0.7384967101280756,0.23526635957843223,2081804491,0.8592871972318339,0.025037934683390387,5335.068,1805.4444346446062,0.8731072664359861,0.019737592921786062,500
tobacco,equalize,408,0.06408670801171563,0.0006939626426287627,1000,289,1229,4.252595155709343,0.7305345725137324,0.2368519339029854,1810416737,0.8960622837370242,0.01866420253213379,2325.128,658.5340125668645,0.901356401384083,0.018205197186451454,500
tobacco,equalize,409,0.017134583316216558,0.0008148200924464183,1000,289,1229,4.252595155709343,0.7547926268578555,0.24039827701483515,2682495987,0.8750865051903114,0.02241347065944657,1844.112,567.5472378493097,0.873204152249135,0.022870017889299567,500
tobacco,equalize,410,0.011701501938562387,0.00024076051645415323,1000,289,1229,4.252595155709343,0.7583063283227426,0.2347163021548463,2414053739,0.8311418685121107,0.03002986529917717,7125.672,2620.0640495345383,0.8658131487889273,0.023329734112177612,500
tobacco,equalize,411,0.015792721151357405,0.00043769652490607786,1000,289,1229,4.252595155709343,0.752968204943395,0.23642448831480378,593467776,0.8638546712802767,0.023387946226013246,3823.62,1216.5096856295315,0.8769342560553633,0.021701962204623938,500
tobacco,equalize,412,0.08675573980954042,0.0007459231424697265,1000,289,1229,4.252595155709343,0.7294590645332943,0.23472729263046202,2141279912,0.9031487889273356,0.018307699099251274,2177.504,640.4835613571497,0.8994809688581316,0.014787693484609126,500
tobacco,equalize,413,0.053548332665252635,0.0007771176261717403,1000,289,1229,4.252595155709343,0.7403605485653794,0.23576814453416828,2990421019,0.8901868512110727,0.020327453881904253,2058.166,597.3141642935748,0.8714463667820069,0.014700383253528614,500
tobacco,equalize,414,0.06126483464425303,0.0003295191498997672,1000,289,1229,4.252595155709343,0.7411882955450882,0.23634080439446667,256354789,0.8566020761245675,0.02649622383403959,5180.026,1718.5418206440613,0.8736470588235294,0.021556667625210104,500
tobacco,equalize,415,0.08988638160280732,0.00022559861619429468,1000,289,1229,4.252595155709343,0.7190925190255109,0.2362526324096933,740965506,0.8593910034602076,0.025366647246782777,8358.166,2754.05671532495,0.8959031141868512,0.01602634581546044,500
tobacco,equalize,416,0.08609770365763268,0.0004006974092599996,1000,289,1229,4.252595155709343,0.7169865505193127,0.23399435688008377,2947229696,0.8929826989619377,0.02012832628696726,4459.172,1350.9154494338418,0.908567474048443,0.015711575119102976,500
tobacco,equalize,417,0.03362866995308207,0.000909875255050167,1000,289,1229,4.252595155709343,0.7503216669810603,0.2344349236433974,2041230710,0.885273356401384,0.02094639297799874,1670.736,493.1598966576082,0.8822006920415225,0.022049771820055963,500
tobacco,equalize,418,0.07453962627324665,0.0002218731919990475,1000,289,1229,4.252595155709343,0.7376914868757056,0.2340137453853467,2569633520,0.8481453287197233,0.028876524592676672,8303.996,2923.712912440745,0.8889342560553634,0.019535974357293526,500
tobacco,equalize,419,0.08464773561518647,0.0009023759374508632,1000,289,1229,4.252595155709343,0.730523310650063,0.23561255713732962,4094432856,0.9081799307958478,0.01726171203655693,1749.172,490.5846563296209,0.9021384083044983,0.016694212640095015,500
tobacco,equalize,420,0.08699920331614153,0.0005308716891506731,1000,289,1229,4.252595155709343,0.726846312161968,0.23514249975043092,1404804192,0.8988373702422146,0.019133871497096437,3244.162,937.5376907619222,0.9106574394463668,0.017491925973831108,500
tobacco,equalize,421,0.026434410351972915,0.0007033212852417957,1000,289,1229,4.252595155709343,0.750169631821522,0.2367718277693587,682658688,0.8743114186851211,0.020679904357749888,2239.02,638.0185317792796,0.8768304498269895,0.020099090183212525,500
tobacco,equalize,422,0.0993651088115511,0.00019036004804132476,1000,289,1229,4.252595155709343,0.7167950988369309,0.23455812553945357,3004269509,0.8368858131487888,0.03168993928023122,9434.578,3297.7415670124306,0.8776055363321799,0.022958069247102687,500
tobacco,equalize,423,0.029114453199903547,0.0004284248687188513,1000,289,1229,4.252595155709343,0.7522418147367117,0.24187908705298863,1714796686,0.8620553633217993,0.024057956707877422,3918.098,1220.2192829951452,0.8749688581314878,0.021386335109959017,500
tobacco,equalize,424,0.03994444841817473,0.00017668107632193793,1000,289,1229,4.252595155709343,0.7444823906684197,0.23428993283926938,3307274445,0.8372941176470587,0.03324359600123701,10249.594,3599.0430359629504,0.8947612456747405,0.01921093196982436,500
tobacco,equalize,425,0.021693449629989703,0.0006197960589746754,1000,289,1229,4.252595155709343,0.7515773647802106,0.23477162347998304,1492446843,0.8704083044982699,0.021981555102255353,2552.024,743.59518221545,0.8740138408304498,0.021543350091455284,500
tobacco,equalize,426,0.06935429813559485,0.00016339361749481032,1000,289,1229,4.252595155709343,0.7312834864477548,0.2351543071657424,1064349221,0.8392664359861592,0.03155702590750691,11206.184,4234.730876612903,0.8948512110726643,0.01775397027158612,500
tobacco,equalize,427,0.051035784650956165,0.0008314106875048086,1000,289,1229,4.252595155709343,0.7371734411469082,0.24010807287685024,1713213689,0.8928996539792388,0.02018631963666442,1879.778,520.7740276663031,0.8870034602076124,0.019639259371649096,500
tobacco,equalize,428,0.04508848642500392,0.0004503947200656658,1000,289,1229,4.252595155709343,0.7434519301426598,0.23515226086622798,2601144589,0.864726643598616,0.02376119174590501,3772.388,1193.536838906808,0.8764290657439446,0.022547701552916178,500
tobacco,equalize,429,0.028951327949182017,0.0006254460851112564,1000,289,1229,4.252595155709343,0.7494207178874996,0.2347774946150754,356111843,0.8709134948096886,0.022753027035134987,2565.194,832.6276370190071,0.8682006920415225,0.021488706688155147,500
tobacco,equalize,430,0.0585747510040287,0.0009051655007335726,1000,289,1229,4.252595155709343,0.7392456240620979,0.23681081156588035,1582957763,0.8967335640138409,0.01884813106225613,1707.418,476.08035907038317,0.8953148788927335,0.01993989477750503,500
tobacco,equalize,431,0.086176516279171,0.0003408060009714202,1000,289,1229,4.252595155709343,0.7292732437827474,0.2369949836851303,1441897565,0.8904498269896194,0.021279584786384666,5409.886,1722.0539016780426,0.9159723183391003,0.015313722202369262,500
tobacco,equalize,432,0.09796459303591834,0.0002609553433824156,1000,289,1229,4.252595155709343,0.723495907720289,0.23719177505553055,1298788137,0.8744913494809688,0.027502090733056553,7046.604,2394.531809008331,0.9054532871972318,0.019644561006072342,500
tobacco,equalize,433,0.010136399368121485,0.0004412087702067138,1000,289,1229,4.252595155709343,0.7577826516621102,0.23357636583939365,53914846,0.8611141868512111,0.024541524168703057,3856.73,1270.7644887514539,0.8724567474048442,0.023145112169289557,500
tobacco,equalize,434,0.021400158941711312,0.0007190154338074905,1000,289,1229,4.252595155709343,0.7504962258679377,0.23474216697914854,4154334864,0.8800138408304498,0.020698460189487213,2230.026,666.5113202369545,0.8823944636678202,0.020248673943320604,500
tobacco,equalize,435,0.004528877167110712,0.000424544387684308,1000,289,1229,4.252595155709343,0.7599449294866562,0.2379600927495423,2175034244,0.8572110726643599,0.02690256127794659,3904.656,1275.2006457958203,0.8695847750865051,0.024375474289730446,500
tobacco,equalize,436,0.013649025203824628,0.0002697223936528811,1000,289,1229,4.252595155709343,0.7536777023545741,0.23504150781937144,2488921596,0.8408650519031141,0.028929840334358126,6402.186,2322.5735664014373,0.8696262975778546,0.02348010527356525,500
tobacco,equalize,437,0.01812580541368677,0.0006534828059501879,1000,289,1229,4.252595155709343,0.7538635231051211,0.2344800079492892,2714554607,0.8717231833910034,0.021796059609873977,2479.136,719.9944259859943,0.8730795847750865,0.022707962883028027,500
tobacco,equalize,438,0.006099941483097383,0.00018819904465555552,1000,289,1229,4.252595155709343,0.7593030032574941,0.23586954587730663,3078794132,0.8188373702422146,0.031823081665521925,9157.494,3518.682806868887,0.8566851211072665,0.022324783559829635,500
tobacco,equalize,439,0.04131555345729139,0.0006833746081832448,1000,289,1229,4.252595155709343,0.7412896523181138,0.2353855707795079,316853186,0.8958685121107267,0.017641341872189364,2462.1,710.4483568391659,0.9026505190311418,0.01662997539012188,500
tobacco,equalize,440,0.06126283206831035,0.0008219988410432462,1000,289,1229,4.252595155709343,0.7331980032715714,0.2338126577618665,1260002362,0.8897231833910034,0.019822712955960334,1921.64,535.8061055694787,0.8911487889273356,0.019914233122513014,500
tobacco,equalize,441,0.07944403123082923,0.000861676285860833,1000,289,1229,4.252595155709343,0.7361542424848176,0.23597235856715118,3722621226,0.9069965397923876,0.01731528769470085,1865.58,526.2195222254132,0.9095570934256055,0.016783258261780842,500
tobacco,equalize,442,0.019219869701816352,0.0004280590462305038,1000,289,1229,4.252595155709343,0.7561890979528747,0.2339865275162362,315812636,0.864726643598616,0.024747492639613938,3854.104,1250.1282904843556,0.8702975778546713,0.021858423472855378,500
tobacco,equalize,443,0.05358064207334173,0.0004642782313193775,1000,289,1229,4.252595155709343,0.7436715364842151,0.23460193782418787,2985362290,0.870719723183391,0.02218886248613978,3669.376,1157.5548440821788,0.8750173010380623,0.019310279956044965,500
tobacco,equalize,444,0.06812233003827382,0.0009694320679856806,1000,289,1229,4.252595155709343,0.733642846886517,0.23508497332740802,3138511268,0.8998131487889274,0.018846928019272145,1578.828,464.0377446641014,0.8931626297577855,0.018647504561144206,500
tobacco,equalize,445,0.04269365418085163,0.0006325482006183119,1000,289,1229,4.252595155709343,0.7409349036125243,0.2362669221893353,2845127208,0.887280276816609,0.02020489175458195,2598.622,804.9244099463344,0.8922768166089966,0.020156843869574063,500
tobacco,equalize,446,0.0915351547876833,0.00016582225998619234,1000,289,1229,4.252595155709343,0.7254385792032794,0.23514239171896914,337922095,0.8517508650519031,0.02937465593032116,11588.942,4175.255761745379,0.9029550173010381,0.013795633536879306,500
tobacco,equalize,447,0.0031627351782515414,0.00011620055101787825,1000,289,1229,4.252595155709343,0.7596746447585879,0.23413266210874692,3461002211,0.7838685121107267,0.050502746723955626,14137.032,5637.476782384101,0.8659307958477509,0.022122402294698664,500
tobacco,equalize,448,0.03583191118577912,0.0003521867076262832,1000,289,1229,4.252595155709343,0.7481424963610103,0.23467512139809893,1022189141,0.8611280276816609,0.024102795408396552,4899.782,1583.0089162521697,0.8831418685121107,0.019809065470096844,500
tobacco,equalize,449,0.015031696622494706,0.00047247870040739487,1000,289,1229,4.252595155709343,0.7563073475214046,0.2350964194779348,1243145308,0.8726920415224914,0.021531885365379862,3540.328,1165.8320278025053,0.8850519031141869,0.020036562562116954,500
tobacco,equalize,450,0.027666639624129866,0.00030988923655848394,1000,289,1229,4.252595155709343,0.7517181380760796,0.23502794544845118,3904094258,0.8533356401384082,0.025795646151239787,5829.404,1741.6038000580834,0.8779861591695503,0.022492377865085216,500
tobacco,equalize,451,0.0034596399540965054,0.0005277573391996122,1000,289,1229,4.252595155709343,0.760981020944251,0.23544319854864743,1086385960,0.8618892733564014,0.02407853309110707,3133.694,971.9299006757919,0.8682906574394463,0.023815341181179343,500
tobacco,equalize,452,0.003402483729754813,0.0009756960766224543,1000,289,1229,4.252595155709343,0.7597084303495965,0.23483706393774328,1758035989,0.8760484429065745,0.02195387222639143,1513.462,446.0930065546803,0.8715916955017301,0.023680456354340004,500
tobacco,equalize,453,0.017460893188970063,0.00015799612133389948,1000,289,1229,4.252595155709343,0.7549840785402372,0.23473345460822537,1393900162,0.8231418685121107,0.03581904428734017,10969.886,4228.6245508662,0.8837785467128028,0.021413864243118596,500
tobacco,equalize,454,0.051562691585180356,0.0005751095965726771,1000,289,1229,4.252595155709343,0.7408391777713335,0.2347799842248807,3674120426,0.8900415224913495,0.02063974706512087,2896.282,878.318097181011,0.897356401384083,0.019343025790101925,500
tobacco,equalize,455,0.08058180132912901,0.0002579387762222702,1000,289,1229,4.252595155709343,0.7248473313606302,0.23499442456718167,2929250040,0.8702491349480969,0.029753333485171177,7107.342,2404.429549800932,0.9075916955017301,0.018981295998053233,500
tobacco,equalize,456,0.018503496938570587,0.0008107780462685582,1000,289,1229,4.252595155709343,0.7535312981268706,0.23585630627759208,3024666076,0.8799861591695503,0.02145469190292799,1893.81,531.9018905233225,0.8791487889273356,0.022048264642959912,500
tobacco,equalize,457,0.07616284692582054,0.000603829455974733,1000,289,1229,4.252595155709343,0.7243180237681633,0.23498867683764016,305834202,0.8878339100346021,0.01937520111877657,2808.88,774.5518334400682,0.8907335640138409,0.017346023298836496,500
tobacco,equalize,458,0.04111529646793918,0.0007097807943743223,1000,289,1229,4.252595155709343,0.7403549176335446,0.23543867468691357,1558905097,0.8818961937716263,0.021130840067696385,2264.994,705.0862523198283,0.8818615916955017,0.021073777971858998,500
tobacco,equalize,459,0.0812215829359455,0.0008073475963807496,1000,289,1229,4.252595155709343,0.7368524780323272,0.23562845512038066,308443138,0.8924221453287197,0.018501947915160608,1986.844,566.231372849649,0.89,0.01714777025694739,500
tobacco,equalize,460,0.010438994881822317,0.0007818058553542423,1000,289,1229,4.252595155709343,0.7562960856577351,0.2343334388429795,1160253008,0.8696401384083046,0.022781313405649647,1893.784,534.998523534756,0.8681245674740485,0.0232586238990272,500
tobacco,equalize,461,0.07167364175863081,0.0006818984562786267,1000,289,1229,4.252595155709343,0.731255331788581,0.23598612452257134,314477336,0.8976885813148789,0.02139343913958803,2416.892,737.0173060076063,0.8930795847750864,0.01937243188011558,500
tobacco,equalize,462,0.014635499801701347,0.0008984670739191423,1000,289,1229,4.252595155709343,0.7561496814300315,0.23618573776915455,1876714369,0.8894740484429066,0.019392435562130952,1708.344,496.5800006626488,0.8892595155709342,0.01988039210273167,500
tobacco,equalize,463,0.06331594730951429,0.0001234930593877139,1000,289,1229,4.252595155709343,0.7341045832969668,0.23452185237823037,2161692201,0.8061176470588235,0.048255190413802045,14185.454,5372.060879035169,0.8829688581314878,0.018499488943585933,500
tobacco,equalize,464,0.05363279943672068,0.0007260386209781812,1000,289,1229,4.252595155709343,0.7339694409329328,0.2370117273212134,3738491143,0.9078892733564015,0.015170571502954418,2284.312,649.115280941609,0.9154256055363322,0.01359006703379602,500
tobacco,equalize,465,0.09639907015473109,0.0009123800796456888,1000,289,1229,4.252595155709343,0.7253541152257581,0.23634493094008976,2016319959,0.9051557093425605,0.017655187738946126,1725.184,457.2560511755677,0.9059307958477509,0.016985212569647037,500
tobacco,equalize,466,0.09510012706664522,0.0007556335270069021,1000,289,1229,4.252595155709343,0.720719858325755,0.23509202031257392,734325094,0.8989619377162629,0.01734743554988736,2083.572,578.9024035203199,0.8987404844290657,0.014930923384192826,500
tobacco,equalize,467,0.007152926546551541,0.0004651870982775156,1000,289,1229,4.252595155709343,0.7596915375540921,0.23197366056033164,171756242,0.8612110726643599,0.024669985243446824,3536.496,1090.8902203841867,0.8726297577854671,0.0224807855524685,500
tobacco,equalize,468,0.0672302463016482,0.0003692064308429619,1000,289,1229,4.252595155709343,0.7306415602185927,0.23811157948590062,3614242446,0.8704083044982699,0.024163357528359516,4793.218,1607.744166553302,0.8852179930795847,0.01968585987741078,500
tobacco,equalize,469,0.08571650572578615,0.0001850529469494339,1000,289,1229,4.252595155709343,0.7265084562518828,0.23627434996658528,4144210622,0.8523044982698962,0.03148327192102338,10390.694,3580.2675631874267,0.9077093425605537,0.016192964384423206,500
tobacco,equalize,470,0.033312507346933896,0.00044965780301218724,1000,289,1229,4.252595155709343,0.7501414771623482,0.23662728683660758,2000279376,0.8705397923875432,0.023118714661144627,3755.692,1121.474459389122,0.8822283737024221,0.021534662147122328,500
tobacco,equalize,471,0.02135755345098669,0.0005092991293078851,1000,289,1229,4.252595155709343,0.756825393250202,0.23438490543894036,3193414474,0.8686228373702423,0.02365335584288989,3275.818,1048.116647080741,0.8762145328719724,0.022325763730755857,500
tobacco,equalize,472,0.07151549938136911,0.0005475874635730698,1000,289,1229,4.252595155709343,0.7308611665601482,0.23533325765619661,1220232802,0.882159169550173,0.021752546046634735,3070.826,916.7010884115879,0.8890657439446367,0.020686103856833383,500
tobacco,equalize,473,0.048835763277405776,0.0006045913979798097,1000,289,1229,4.252595155709343,0.7486886967489815,0.23593766711487935,3127955934,0.8906505190311418,0.02078884773434183,2755.758,848.1532191782366,0.8888512110726643,0.018811002487807548,500
tobacco,equalize,474,0.07697535513734746,0.0006802410314831542,1000,289,1229,4.252595155709343,0.7290874230322004,0.2371618970453969,2879851652,0.8943806228373702,0.020448413156438285,2362.962,652.5612345870477,0.8924359861591696,0.018762305920050053,500
tobacco,equalize,475,0.07499230818317786,0.0003442542736592499,1000,289,1229,4.252595155709343,0.7291775179415566,0.2346270788389913,2161157073,0.8669757785467128,0.022674459698164364,5163.31,1609.0419490764602,0.8882214532871973,0.019014140235828293,500
tobacco,equalize,476,0.08384431630918962,0.0005098838355540338,1000,289,1229,4.252595155709343,0.7266886460705949,0.235257618559753,529637974,0.8923529411764706,0.021703138549388167,3365.29,1077.6538802748044,0.8938546712802767,0.015041685127101662,500
tobacco,equalize,477,0.036237300258053655,0.0007103637762178728,1000,289,1229,4.252595155709343,0.7512732944611339,0.23539104705381525,1584057889,0.8745882352941177,0.02220980603901664,2216.088,615.6694584109558,0.8746089965397924,0.022376870753695165,500
tobacco,equalize,478,0.01856966506575494,0.0009291391011002254,1000,289,1229,4.252595155709343,0.7545673895844653,0.23675972592579111,2709579374,0.8739307958477509,0.02104181900714903,1612.356,498.33556358327843,0.8697231833910034,0.02249614962675099,500
tobacco,equalize,479,0.059437307748778125,0.000590509714416153,1000,289,1229,4.252595155709343,0.7341834163426534,0.23682048547013637,3874516021,0.8877854671280276,0.022472031871782306,2825.212,848.3164342397253,0.8861799307958478,0.02144535716098084,500
tobacco,equalize,480,0.09687133204994944,0.0008128222624180327,1000,289,1229,4.252595155709343,0.7304163229452025,0.23482446219332315,2153105673,0.9130865051903114,0.016926015682057607,1965.044,574.0934075088218,0.9173771626297578,0.015620787456090397,500
tobacco,equalize,481,0.03155257043844365,0.0006865749018213931,1000,289,1229,4.252595155709343,0.7497078954110721,0.23259352352702126,2977001650,0.8877024221453287,0.02065809737978447,2262.612,680.3059295431304,0.8906989619377162,0.0208702484614519,500
tobacco,equalize,482,0.09409337226177994,0.00024780949128967445,1000,289,1229,4.252595155709343,0.7324434584057142,0.2350336654112764,1159672428,0.8589204152249136,0.027542629547936927,7336.004,2443.602318825455,0.8905813148788927,0.017640645485140806,500
tobacco,equalize,483,0.023634512036076027,0.0005003145286421352,1000,289,1229,4.252595155709343,0.7534355722856797,0.23790064214166087,1843150127,0.8687820069204153,0.022073115013593027,3253.49,971.9292519734566,0.8780138408304498,0.021450592723239337,500
tobacco,equalize,484,0.019023337025439926,0.0005857218976152863,1000,289,1229,4.252595155709343,0.756160943293701,0.23511500676215816,946654347,0.8675086505190311,0.023955474755568834,2755.744,838.9670493432791,0.8726505190311419,0.023816771794490196,500
tobacco,equalize,485,0.005769840643294999,0.0009760766970001818,1000,289,1229,4.252595155709343,0.7597422159406049,0.23383676774075263,534148220,0.8740207612456747,0.021260728097002413,1513.15,433.53403906273854,0.8705397923875432,0.021948485602927798,500
tobacco,equalize,486,0.013529087003945062,0.0008660891567992622,1000,289,1229,4.252595155709343,0.7580979838448565,0.2403365087295416,4139664374,0.8736955017301038,0.021250698453007286,1756.772,498.00263580279665,0.8698131487889273,0.022831523682463283,500
tobacco,equalize,487,0.0008561116916108169,0.0007177711294067052,1000,289,1229,4.252595155709343,0.7617468276737775,0.2368438350443557,923343727,0.8694740484429065,0.022778414720335018,2184.09,676.0823089513243,0.8698200692041522,0.022966820504501436,500
tobacco,equalize,488,0.008092739818217221,0.0002930569760234978,1000,289,1229,4.252595155709343,0.7575179978658768,0.23439891834879886,4237817255,0.8459584775086505,0.027489799598668735,5922.05,2061.9397378354524,0.8712318339100347,0.021776617739666094,500
tobacco,equalize,489,0.03009269763651622,0.0002712797425589421,1000,289,1229,4.252595155709343,0.7498542996387757,0.23468613364090443,3977963968,0.8503667820069204,0.026965192532419045,6475.278,2098.921164986827,0.8740622837370242,0.020046015901566943,500
tobacco,equalize,490,0.09373495950238925,0.0008619377718827973,1000,289,1229,4.252595155709343,0.7271841680720533,0.232749599695488,1295059417,0.9092941176470588,0.019705896066258846,1876.176,546.741981754855,0.9026989619377163,0.018618201004068954,500
tobacco,equalize,491,0.09701981284110017,0.00026858245105661004,1000,289,1229,4.252595155709343,0.7271897990038881,0.23490980768088235,3262466812,0.8729757785467128,0.024686513929777908,6979.974,2296.9345428008664,0.9008650519031142,0.0158345175122761,500
tobacco,equalize,492,0.0005652177040659124,0.0009592818952221196,1000,289,1229,4.252595155709343,0.7613132459225015,0.23497312210774274,2606340588,0.8724429065743945,0.02091023274344854,1538.7,456.38405626580266,0.8681799307958478,0.02217583589094105,500
tobacco,equalize,493,0.0971966881444469,0.0008025523204096744,1000,289,1229,4.252595155709343,0.7182309864547936,0.23447825431710767,1441666477,0.9221176470588235,0.01656995107677686,2067.766,587.3447837804199,0.9269550173010381,0.015177805684273986,500
tobacco,equalize,494,0.011263479797704158,0.00031536141112671536,1000,289,1229,4.252595155709343,0.756802869522863,0.2356272573544548,1381934950,0.8439377162629758,0.026630126489307897,5366.944,1718.982887989989,0.8593217993079585,0.022927753135478127,500
tobacco,equalize,495,0.04837399910866463,0.0004093519871328333,1000,289,1229,4.252595155709343,0.7435082394610072,0.23995914581401376,422585015,0.8725259515570934,0.0256167599156041,4270.106,1453.6457859140967,0.8873910034602076,0.023490768307972143,500
tobacco,equalize,496,0.09186897262998811,0.0009123940094808218,1000,289,1229,4.252595155709343,0.7266717532750907,0.23519685903624585,519750586,0.9077231833910034,0.017766237434031912,1732.538,523.2579347593088,0.9080622837370242,0.018465340819573496,500
tobacco,equalize,497,0.05000667013472541,0.00046934876626785285,1000,289,1229,4.252595155709343,0.744499283463924,0.23422359888866656,1947251950,0.8802906574394463,0.022910772498635528,3679.374,1133.5159915635338,0.8896055363321799,0.02148783684742704,500
tobacco,equalize,498,0.09691905163833689,0.000158731100387745,1000,289,1229,4.252595155709343,0.718242248318463,0.23650533489805015,2542987757,0.8469826989619377,0.031632403406767505,11808.142,4178.980436040066,0.9149204152249135,0.016317633787865337,500
tobacco,equalize,499,0.09048915845977501,0.0009773338281664895,1000,289,1229,4.252595155709343,0.7189348529341377,0.2357294601537661,2578166821,0.9096539792387544,0.01952169255329953,1582.882,457.8616720117496,0.9053287197231834,0.021150084836292774,500
ego,equalize,0,0.005741959481792991,0.0009040476329024297,1000,503,2933,5.831013916500994,0.9188496704735786,0.5931543479123499,3982466393,0.9966481113320079,0.0033932779585481654,1828.418,679.004389675352,0.0,0.0,500
ego,equalize,1,0.05314436436460224,0.00012102564009554473,1000,503,2933,5.831013916500994,0.9078403767643034,0.5939037478113135,1154238087,0.9358807157057654,0.07627888241375816,17146.25,9967.801170963825,0.5191491053677932,0.49794512875579194,500
ego,equalize,2,0.0929248913138006,0.0001187141641592343,1000,503,2933,5.831013916500994,0.9009604154818786,0.5940906284452471,3593136189,0.9281431411530815,0.09700519947999878,17593.11,10342.690960795504,0.0,0.0,500
ego,equalize,3,0.03659294341846627,0.0009757410470926824,1000,503,2933,5.831013916500994,0.9129417155437644,0.5893385563744507,1907999395,0.9942385685884692,0.003955970213121351,1823.952,760.9059952209117,0.4965129224652088,0.49893505264471893,500
ego,equalize,4,0.08863903582231891,0.00028773401405597003,1000,503,2933,5.831013916500994,0.9021344147864263,0.5927316502574917,3671128606,0.9737017892644135,0.043522083507013073,7036.106,3425.004601428093,0.006827037773359841,0.005170198030684243,500
ego,equalize,5,0.012090970325266438,0.00038539537693214345,1000,503,2933,5.831013916500994,0.9173950500881516,0.5933470472237348,4223360688,0.9807952286282305,0.060422850341425915,4961.398,2458.543844487328,0.48,0.5001001903626929,500
ego,equalize,6,0.02602863003394299,0.0005410001244404538,1000,503,2933,5.831013916500994,0.9141984099494408,0.5937630492965444,1583879707,0.9896063618290258,0.043632957784294206,3521.036,1503.4398922881646,0.0,0.0,500
ego,equalize,7,0.06234037629743844,0.0009442121450157697,1000,503,2933,5.831013916500994,0.9106154074529976,0.587566686491439,2752605305,0.9941192842942346,0.0037676022109441373,1862.836,650.3598981319473,0.7544453280318092,0.42904104393527254,500
ego,equalize,8,0.06436459176428816,0.0001766409294276615,1000,503,2933,5.831013916500994,0.9084775357402127,0.5914700617926656,642180976,0.9512723658051689,0.07443296881909787,11860.716,6499.4887022076,0.5145566600397615,0.498778295377111,500
ego,equalize,9,0.06503391202165547,0.00015783974174888544,1000,503,2933,5.831013916500994,0.9066907792928756,0.5931372874038644,901856688,0.9514075546719682,0.04678817266158477,13555.26,7191.399645278814,0.532,0.49947467393232214,500
ego,equalize,10,0.08824926995919583,0.00032229723127148464,1000,503,2933,5.831013916500994,0.9037842498368127,0.5765236117861048,984764301,0.9801630218687872,0.010906108981401744,6435.812,2980.9146503987527,0.508,0.5004366830554039,500
ego,equalize,11,0.049659802451023166,0.0008582945259476545,1000,503,2933,5.831013916500994,0.9123357366879528,0.5894329060440571,3064589385,0.9954353876739562,0.0036869281879127655,2059.398,742.1503040109103,0.0039602385685884684,0.003980093417337301,500
ego,equalize,12,0.02174706217204646,0.0003230526111210391,1000,503,2933,5.831013916500994,0.9161708914599684,0.5937646921113078,337238994,0.9778091451292247,0.014149856935018744,6223.12,3052.9860223895257,0.48868389662027834,0.49878299914924573,500
ego,equalize,13,0.08091381906183424,0.00019260168885087598,1000,503,2933,5.831013916500994,0.9025058649128075,0.5919720648656033,3520528842,0.9598051689860835,0.062060430174224246,10810.994,5335.102870164218,0.0,0.0,500
ego,equalize,14,0.08514953059285861,0.000835845669059304,1000,503,2933,5.831013916500994,0.9016314658926766,0.5927452403709403,667664036,0.9943976143141153,0.004155790186669861,2146.686,723.8043083303079,0.486,0.5003045164881453,500
ego,equalize,15,0.06360080684213033,0.0007882951481046786,1000,503,2933,5.831013916500994,0.9064969202853117,0.5936935018219537,1191210601,0.9945924453280318,0.004167554168925727,2272.8,903.7721749913397,0.48,0.5001001903626929,500
ego,equalize,16,0.029512595217363536,0.0006561681032108772,1000,503,2933,5.831013916500994,0.9135788745196737,0.592856722311666,4096654802,0.9904731610337971,0.06088683484843323,2736.324,1129.6820517739498,0.0,0.0,500
ego,equalize,17,0.015233842724215952,0.000675398211043945,1000,503,2933,5.831013916500994,0.9164881152905275,0.5920753380662737,3379451955,0.9929145129224651,0.004923908815852155,2688.768,1120.9061170421212,0.55,0.49799195975835603,500
ego,equalize,18,0.016950734406256895,0.0007061774236162535,1000,503,2933,5.831013916500994,0.9174885904484447,0.5982265836279647,2696043447,0.9892524850894632,0.05947088870344565,2608.92,1069.30644351387,0.51,0.5004006410899233,500
ego,equalize,19,0.07819106972291762,0.00014871174309704838,1000,503,2933,5.831013916500994,0.9033287489519074,0.5930254561861785,2097981060,0.9505129224652087,0.05045334067189496,14099.294,7812.6848715001115,0.0,0.0,500
ego,equalize,20,0.03633801397455335,0.0008937759972533917,1000,503,2933,5.831013916500994,0.9131640433566348,0.5940504675586274,3003487216,0.9948230616302187,0.00403898592969503,1972.17,764.9680786953436,0.528,0.4997153498360076,500
ego,equalize,21,0.032030694766998415,0.00023307290962323,1000,503,2933,5.831013916500994,0.9139001653224194,0.5923521521948015,4050502385,0.9679284294234592,0.04410683585817397,8437.568,4680.507640087111,0.542,0.49873185875164205,500
ego,equalize,22,0.024816578183144523,0.0003451281087483161,1000,503,2933,5.831013916500994,0.9137645995828642,0.590923118639494,293325057,0.9818051689860835,0.012272233311291075,5648.842,2873.520113854338,0.518,0.5001763216160985,500
ego,equalize,23,0.01795274485708288,0.0004033863862056009,1000,503,2933,5.831013916500994,0.9169544614345972,0.5932780577976732,1613431668,0.9856699801192843,0.008571774287860675,4701.756,2356.6829437705273,0.55,0.497991959758356,500
ego,equalize,24,0.06470856915871669,0.00018382311551071198,1000,503,2933,5.831013916500994,0.9091390965492419,0.5859786374481035,1668677670,0.9508707753479125,0.10276982955187927,11380.466,5905.371593062395,0.003113320079522863,0.002982202973004627,500
ego,equalize,25,0.055275451473746434,0.0008273367474186483,1000,503,2933,5.831013916500994,0.9098508166819065,0.5926214709337875,2262882973,0.9944294234592445,0.004143344804225799,2152.308,770.5596209215671,0.596,0.4911888975395639,500
ego,equalize,26,0.06819496912592769,0.0008194863363208758,1000,503,2933,5.831013916500994,0.9054123943688703,0.5934243426361178,2502796383,0.9942425447316103,0.004218362000422429,2140.45,766.1458126966602,0.528,0.49971534983600746,500
ego,equalize,27,0.08341709052252566,0.00043619383512619344,1000,503,2933,5.831013916500994,0.9030521948432148,0.593479730908882,460257376,0.9875864811133201,0.008070057061106336,4482.19,2014.4557423223655,0.002934393638170974,0.0029847118273682144,500
ego,equalize,28,0.03686877966266965,0.0009120154580757854,1000,503,2933,5.831013916500994,0.9123248914287884,0.5926116270664663,777127238,0.9948389662027832,0.004203125343160238,1896.698,710.6245938769961,0.516,0.5002444292323063,500
ego,equalize,29,0.07992022835990573,0.00028816234201988297,1000,503,2933,5.831013916500994,0.9027512389014024,0.5929456282598231,187811270,0.9792882703777336,0.012906177704131348,7039.236,3446.1068993616054,0.0,0.0,500
ego,equalize,30,0.005409975096485831,0.0001104297938111419,1000,503,2933,5.831013916500994,0.9192523007200574,0.5935132610428602,753638962,0.8923817097415507,0.1968089496467787,17611.994,13157.258773727966,0.478,0.5000160318071093,500
ego,equalize,31,0.037639882667440096,0.0004487566214947919,1000,503,2933,5.831013916500994,0.9134541540392829,0.5925948602490824,539601514,0.9848986083499005,0.043617559856129334,4230.336,1932.0666401830483,0.472,0.49971534983600757,500
ego,equalize,32,0.06697755074662326,0.0008972262057686808,1000,503,2933,5.831013916500994,0.9067355159869287,0.5921019990551137,2706814009,0.9946878727634195,0.0035243868701653577,1943.236,732.2449929931425,0.7370497017892644,0.43959699836746924,500
ego,equalize,33,0.007151321530188881,0.0004750848599643494,1000,503,2933,5.831013916500994,0.9180674561563452,0.5926673890840918,335561399,0.9838807157057654,0.0605486925747141,3833.802,1811.1196867782298,0.558,0.49712197750757525,500
ego,equalize,34,0.08096396658311605,0.000710985229696351,1000,503,2933,5.831013916500994,0.9010173530924918,0.5926777098246913,632900245,0.9919284294234592,0.004926520522201579,2620.838,953.6733326495056,0.7345049701789265,0.4403466044325001,500
ego,equalize,35,0.09271324044259861,0.0005662977853424735,1000,503,2933,5.831013916500994,0.9029044281870997,0.5918039224226201,3712221522,0.9915188866799205,0.005818081429572419,3312.734,1314.4226599926683,0.486,0.5003045164881452,500
ego,equalize,36,0.04619645287355515,0.0008649427650260407,1000,503,2933,5.831013916500994,0.9102914053354608,0.5935600573686538,528970619,0.9946679920477137,0.0037993396794099915,2058.082,737.6395674982991,0.504,0.5004847349718868,500
ego,equalize,37,0.0793045881189029,0.00017862620822532487,1000,503,2933,5.831013916500994,0.9035985247736222,0.5924332888724373,384926066,0.9602186878727634,0.024064613773491138,11781.042,6071.6873439466,0.558,0.4971219775075753,500
ego,equalize,38,0.03838631083644145,0.0003594986518565854,1000,503,2933,5.831013916500994,0.91135830770576,0.5936892444390327,2271729141,0.9824532803180914,0.010466996183292348,5505.518,2650.7821180456726,0.504,0.5004847349718867,500
ego,equalize,39,0.07589936681987383,0.00017532167170276146,1000,503,2933,5.831013916500994,0.906429137415534,0.5820299579666939,1375308033,0.9559085487077535,0.046764283344355846,11853.582,6120.504984542338,0.492,0.5004366830554039,500
ego,equalize,40,0.07573736057166676,0.000667947448466448,1000,503,2933,5.831013916500994,0.9039279495207412,0.5757097253097333,572758655,0.9914791252485089,0.004940890689023057,2821.146,1051.059521110881,0.7564532803180914,0.4278507008515815,500
ego,equalize,41,0.06679678707042096,0.0005510420752325731,1000,503,2933,5.831013916500994,0.9036242822641376,0.593420210187134,4193241730,0.9921908548707753,0.005448127115021011,3403.508,1321.0493725919753,0.0,0.0,500
ego,equalize,42,0.04733013893900621,0.0007586859862648561,1000,503,2933,5.831013916500994,0.9116443514162214,0.592504655554053,2431441090,0.9938330019880716,0.004275438251365054,2324.77,861.7873472985826,0.51,0.5004006410899237,500
ego,equalize,43,0.04231038240501424,0.0006130524242426563,1000,503,2933,5.831013916500994,0.9128576647852402,0.5937655107849137,2544640396,0.9892604373757454,0.0064104720813596815,2960.522,1178.230905063729,0.5447117296222663,0.4957636972204995,500
ego,equalize,44,0.06956376997883128,0.0006719400177588324,1000,503,2933,5.831013916500994,0.9055859185155009,0.5938434943502678,2993891000,0.9943300198807157,0.004854323674802023,2747.552,1072.1747827782797,0.0,0.0,500
ego,equalize,45,0.024237725326986526,0.0009580184744553908,1000,503,2933,5.831013916500994,0.914938598887412,0.5934392960778048,909194253,0.9954433399602385,0.0036514997540821915,1761.834,663.8894341722955,0.516,0.5002444292323065,500
ego,equalize,46,0.09256526135710745,0.000938961325851661,1000,503,2933,5.831013916500994,0.9010281983516562,0.592539969365625,3694975400,0.994155069582505,0.00406304318090047,1883.138,690.5337157454098,0.7445129224652087,0.4348672813370586,500
ego,equalize,47,0.07545880173298863,0.0009911213754925713,1000,503,2933,5.831013916500994,0.9031850492679789,0.5935715916532709,1831061455,0.995558648111332,0.0033295621224288126,1701.118,606.1849854203734,0.504,0.5004847349718866,500
ego,equalize,48,0.07890946971508855,0.0003611599898151822,1000,503,2933,5.831013916500994,0.9012085007852645,0.593168308619431,3681920235,0.9815268389662029,0.010760836711091524,5720.774,2453.089061328516,0.508,0.500436683055404,500
ego,equalize,49,0.07407099278770927,0.0005329738049066232,1000,503,2933,5.831013916500994,0.9060346411134286,0.5933097673998459,4176004869,0.9898489065606362,0.04331149757526045,3663.304,1482.340143214226,0.0,0.0,500
ego,equalize,50,0.02625722605732458,0.0003254642056573279,1000,503,2933,5.831013916500994,0.9134514427244917,0.5933605083707207,869090937,0.9782147117296223,0.044133121208139815,5991.156,3106.625465554299,0.488,0.5003565862730838,500
ego,equalize,51,0.09249754117038876,0.0002718255757565773,1000,503,2933,5.831013916500994,0.9007733347612924,0.5934677429354318,3900570195,0.9710099403578529,0.04329011903948831,7248.486,3494.6830134553093,0.7468866799204772,0.43128017350275216,500
ego,equalize,52,0.08485269547150745,0.00011380730608960599,1000,503,2933,5.831013916500994,0.9052022674725597,0.5937614772294115,2327363201,0.9291650099403579,0.07647345130992851,18705.91,10889.207850579687,0.5084930417495029,0.4989663676243329,500
ego,equalize,53,0.08123909174875928,0.0005192796896681867,1000,503,2933,5.831013916500994,0.9036568180416309,0.5936478632395139,894555397,0.9862902584493042,0.00695588353228651,3522.83,1428.2936710359816,0.8824135188866798,0.3168502742187463,500
ego,equalize,54,0.06552298722834347,0.0009581992654257981,1000,503,2933,5.831013916500994,0.9093180433254547,0.5924550671563396,2403822974,0.9956023856858847,0.003843993353204313,1805.726,640.3953742765397,0.56,0.4968840786090358,500
ego,equalize,55,0.006347213847187661,0.0005607523425118473,1000,503,2933,5.831013916500994,0.9194353144684569,0.5907015988372984,2490798817,0.9886640159045725,0.041062144067846584,3211.882,1369.1813419596187,0.534,0.4993422527392825,500
ego,equalize,56,0.05098991966254915,0.0003550917937896021,1000,503,2933,5.831013916500994,0.9099389344126174,0.5931664003866696,71557576,0.9843817097415507,0.009439541499407738,5606.902,2444.4494936590745,0.0,0.0,500
ego,equalize,57,0.009313123421723834,0.0005997115234655654,1000,503,2933,5.831013916500994,0.9176865164281952,0.5928491487323124,2990268389,0.9911411530815109,0.005569354444767645,2928.064,1243.171764470201,0.496,0.5004847349718866,500
ego,equalize,58,0.09239055772473571,0.00039826358887775357,1000,503,2933,5.831013916500994,0.9008058705387857,0.589729241490694,1016914575,0.9863976143141153,0.009211439933326617,5088.95,2119.943845321057,0.0,0.0,500
ego,equalize,59,0.03288784534582128,0.000546268160956995,1000,503,2933,5.831013916500994,0.9135639622883226,0.5924572999368146,521168272,0.9902226640159045,0.006894720104794497,3510.66,1538.817000139991,0.518,0.5001763216160984,500
ego,equalize,60,0.04970486561746871,0.0001913357481072435,1000,503,2933,5.831013916500994,0.9104581511951136,0.5938275590625735,612514825,0.9515228628230615,0.10054021215999676,10480.93,5889.72338197069,0.462,0.4990532118085534,500
ego,equalize,61,0.07464218201851477,0.0008379668198708454,1000,503,2933,5.831013916500994,0.9070418945583234,0.5899080972306261,309320116,0.9951809145129225,0.003907939853258976,2155.03,793.7298326221519,0.476,0.4999238418953337,500
ego,equalize,62,0.09005714349884353,0.0003595980715225543,1000,503,2933,5.831013916500994,0.9049026671881429,0.5936752287716153,1476561109,0.9832405566600397,0.010265540887569223,5414.442,2524.0573832589407,0.0019880715705765406,0.0019900626292333654,500
ego,equalize,63,0.06434777334905839,0.0002657875874194049,1000,503,2933,5.831013916500994,0.906242056694948,0.5937981382734128,2620265336,0.9736978131212723,0.013769896076294398,7667.556,3746.3992619211645,0.488,0.5003565862730837,500
ego,equalize,64,0.0762824873871154,0.0009677389958291797,1000,503,2933,5.831013916500994,0.9004100185792847,0.5934795185428688,1802411569,0.9969980119284294,0.003331141338155616,1773.656,644.9556490507584,0.0,0.0,500
ego,equalize,65,0.044158196146975685,0.0008492124148097905,1000,503,2933,5.831013916500994,0.9103863013531494,0.5939681971153387,1396564438,0.9944333996023856,0.004369082680960285,2132.228,812.0414068931574,0.508,0.5004366830554045,500
ego,equalize,66,0.06467338053292274,0.0004618322385766876,1000,503,2933,5.831013916500994,0.9065335230349916,0.5938251588209593,252888128,0.9888190854870775,0.007959908218801662,4168.862,1820.2102135189757,0.0,0.0,500
ego,equalize,67,0.007863277095476118,0.0007954092189196459,1000,503,2933,5.831013916500994,0.917904777268879,0.5940085827755047,2142366056,0.9921113320079522,0.04266236538118065,2181.188,849.1250906050242,0.494,0.50046471390071,500
ego,equalize,68,0.007470531630498656,0.0009201241381227931,1000,503,2933,5.831013916500994,0.9185405805873929,0.5934369063505683,708863131,0.9930775347912525,0.04111768352878457,1846.618,730.0198751487693,0.476,0.49992384189533373,500
ego,equalize,69,0.03761787716607942,0.0002457542090600848,1000,503,2933,5.831013916500994,0.9116863767954835,0.5932407122708372,3383601195,0.9635864811133201,0.09180252186163952,7838.154,4262.887669273694,0.504,0.5004847349718866,500
ego,equalize,70,0.007157344974889868,0.0005344692313173052,1000,503,2933,5.831013916500994,0.9181474399426828,0.593572929263948,2483775072,0.9875228628230616,0.04280456903005327,3322.662,1442.4098085730473,0.488,0.5003565862730834,500
ego,equalize,71,0.09351909453782159,0.00026401585996286626,1000,503,2933,5.831013916500994,0.9038479657344036,0.5939538689310911,3555340141,0.9725447316103379,0.05979156002755831,7446.69,3415.4763637716737,0.002123260437375745,0.0019854562733172265,500
ego,equalize,72,0.008945389511901302,0.0007765306048783092,1000,503,2933,5.831013916500994,0.9186571671234103,0.5929795097443752,304581749,0.9918846918489065,0.042884223226213346,2203.944,821.9343312904678,0.486,0.5003045164881454,500
ego,equalize,73,0.04969252094016671,0.00039932088314381,1000,503,2933,5.831013916500994,0.9107699523960905,0.5929124770339119,3082596809,0.9809383697813121,0.060736315516952334,4671.712,2179.5069061059485,0.492,0.5004366830554042,500
ego,equalize,74,0.06917644168922053,0.00042248805022655685,1000,503,2933,5.831013916500994,0.9071313679464299,0.5941495769720689,3364533807,0.9850059642147118,0.008709164358786542,4624.686,2083.6060519598054,0.5504055666003976,0.4963133876495731,500
ego,equalize,75,0.009412864038171721,0.00045076876571553475,1000,503,2933,5.831013916500994,0.9188306912700408,0.5924273634351931,4134402197,0.9833320079522863,0.059555647235981134,4004.282,2047.0052798435613,0.498,0.5004967472301654,500
ego,equalize,76,0.0015164977708987172,0.0009275419220182769,1000,503,2933,5.831013916500994,0.9201714364342415,0.5951785616711819,3877195816,0.9951292246520875,0.0036192340632801036,1795.316,635.5850539980712,0.476,0.4999238418953341,500
ego,equalize,77,0.0692004032732471,0.0005880917163438961,1000,503,2933,5.831013916500994,0.9042993996471224,0.5937968910217257,177866405,0.9929184890656063,0.005310953332793783,3155.67,1191.3298917268228,0.0,0.0,500
ego,equalize,78,0.07668565143553475,0.0001055522194502337,1000,503,2933,5.831013916500994,0.9053812142487726,0.5926981619121303,39340368,0.9134234592445327,0.11219957742215637,19817.692,11221.175971238079,0.7643101391650099,0.4228637403053435,500
ego,equalize,79,0.0004912800440710962,0.0005709801787502889,1000,503,2933,5.831013916500994,0.9204547688299118,0.6002353120468414,815946395,0.9905367793240557,0.0060774831481135785,3097.904,1314.145358333567,0.528,0.49971534983600774,500
ego,equalize,80,0.08887219431876313,0.0006246627035861095,1000,503,2933,5.831013916500994,0.9032718113412942,0.589398400869697,1571295585,0.9915745526838966,0.005399401897255257,2991.39,1165.698962013812,0.498,0.5004967472301655,500
ego,equalize,81,0.016223222863224463,0.00016641132933710272,1000,503,2933,5.831013916500994,0.9177665002145329,0.5907421189432617,2947452214,0.9432882703777337,0.11022168653691715,12779.396,8143.573364652336,0.4805089463220676,0.4985138567608194,500
ego,equalize,82,0.017778974664734926,0.0006021542401563304,1000,503,2933,5.831013916500994,0.9168799002778419,0.5939882909372047,2549381324,0.9910457256461233,0.0056068876505552066,2955.452,1197.9192212404123,0.514,0.5003045164881453,500
ego,equalize,83,0.05961096240325331,0.0008948416676770987,1000,503,2933,5.831013916500994,0.9082023372889158,0.5938446838906484,2368581658,0.9948707753479125,0.0036017384778949803,1961.792,710.1308445411573,0.5056341948310139,0.4978808925510949,500
ego,equalize,84,0.05752169346002495,0.00036178608690635576,1000,503,2933,5.831013916500994,0.9078580003104456,0.5944358126115987,1385640986,0.9826003976143142,0.011258636818617324,5426.346,2430.501194073516,0.522,0.5000160318071095,500
ego,equalize,85,0.014187911283259148,0.000521886282792937,1000,503,2933,5.831013916500994,0.9161763140895507,0.5924830200791579,3319074141,0.9872683896620279,0.041543470611374415,3535.344,1606.3023526597722,0.508,0.5004366830554041,500
ego,equalize,86,0.0392197933694422,0.0007590399972372605,1000,503,2933,5.831013916500994,0.911276968262027,0.5912441117262538,1291949752,0.9939244532803181,0.004443174821547251,2424.228,942.437861219784,0.498,0.5004967472301652,500
ego,equalize,87,0.042474111620900146,0.000626705444277158,1000,503,2933,5.831013916500994,0.9099985833380216,0.5934759071052248,3702669107,0.9917733598409543,0.005730190357036034,2939.594,1199.8189647861545,0.52,0.5001001903626928,500
ego,equalize,88,0.09660589995510825,0.0002021017030567711,1000,503,2933,5.831013916500994,0.901337288237842,0.5869752504259624,3166552556,0.9647157057654075,0.04502085113633794,10231.55,5217.62245276709,0.0,0.0,500
ego,equalize,89,0.0542147763019757,0.0003991814390926249,1000,503,2933,5.831013916500994,0.909783033812129,0.5935232942767779,4141662023,0.980882703777336,0.06067624081799411,4919.998,2226.7669658580066,0.476,0.49992384189533406,500
ego,equalize,90,0.08733609048207974,0.0008975581452068234,1000,503,2933,5.831013916500994,0.8997403238258821,0.5941141151466653,3580970422,0.9959681908548708,0.003310459463692059,1990.922,710.2547229402404,0.51,0.5004006410899232,500
ego,equalize,91,0.06296535830500126,0.00030658385295987306,1000,503,2933,5.831013916500994,0.9079379840967832,0.5947789828292407,3996047941,0.9794035785288271,0.01135110511067727,6451.662,2960.812625371812,0.526,0.4998236161833382,500
ego,equalize,92,0.04147242009299773,0.0009040955787720717,1000,503,2933,5.831013916500994,0.9126272030279964,0.5926091724021849,2700891594,0.9968787276341948,0.003273093461177133,1940.372,658.5485296831932,0.0,0.0,500
ego,equalize,93,0.028063360904293656,0.0007926676255576711,1000,503,2933,5.831013916500994,0.9148152340644168,0.5933577987539634,4242940248,0.9939165009940358,0.004405371216394392,2213.122,865.5007650282752,0.492,0.5004366830554041,500
ego,equalize,94,0.0657051789067014,0.0007622476134755812,1000,503,2933,5.831013916500994,0.9082945219918132,0.5943471784875851,2252517979,0.9954353876739562,0.003980316299894248,2405.382,967.9069706762972,0.0,0.0,500
ego,equalize,95,0.04262776819300537,0.0008120152173854091,1000,503,2933,5.831013916500994,0.9134026390582519,0.5911942373782257,3709841224,0.996,0.003821674739049555,2247.142,864.1053024855058,0.0,0.0,500
ego,equalize,96,0.02839251806004537,0.0001549703324822976,1000,503,2933,5.831013916500994,0.9139449020164726,0.5947276383359814,3584696651,0.94210337972167,0.10374238890894293,12501.716,8337.597142556551,0.498,0.5004967472301652,500
ego,equalize,97,0.06818680595986837,0.0003392113664322841,1000,503,2933,5.831013916500994,0.9062745924724411,0.5774904910105528,799443548,0.9807157057654075,0.011162459795150395,5894.008,2792.754470231494,0.504,0.5004847349718868,500
ego,equalize,98,0.07381482283751015,0.00063361570090962,1000,503,2933,5.831013916500994,0.9061214031867438,0.5937471919737466,3090024214,0.9918330019880716,0.006243957789272426,2893.854,1093.7426894958667,0.528,0.4997153498360076,500
ego,equalize,99,0.05559779642345702,0.00041702687234341905,1000,503,2933,5.831013916500994,0.9098169252470177,0.5939688383140106,3645209679,0.9820556660039762,0.043992238419146866,4635.836,2090.6093571186702,0.504493041749503,0.4989389139411329,500
ego,equalize,100,0.0470341641708092,0.0001814073848712613,1000,503,2933,5.831013916500994,0.9105638924719667,0.5929490881441085,2919232236,0.9522465208747515,0.0931551611543989,10951.084,6693.605524586997,0.5,0.5005007512521914,500
ego,equalize,101,0.05077381774679133,0.0005757506730455275,1000,503,2933,5.831013916500994,0.9095417267957207,0.5930207526205937,495585313,0.9915944333996024,0.005641403201812102,3191.784,1306.9438725193336,0.464,0.49920176763471036,500
ego,equalize,102,0.029833050137986195,0.0003263775520635876,1000,503,2933,5.831013916500994,0.9152029520795446,0.5918587143024088,125539802,0.9757455268389662,0.07335728254872027,5904.602,2866.9990957840314,0.526,0.4998236161833383,500
ego,equalize,103,0.017181267151758464,0.0008443828843684769,1000,503,2933,5.831013916500994,0.9164393116242877,0.589624615388085,2066993632,0.9945924453280318,0.004226060939006418,2059.828,825.8055000202696,0.554,0.4975732692947174,500
ego,equalize,104,0.033633088824948344,0.0001888174914473798,1000,503,2933,5.831013916500994,0.9138825417762771,0.5912274567301204,300592,0.9480159045725647,0.11692145675733756,11000.794,6330.840548906232,0.516,0.5002444292323062,500
ego,equalize,105,0.09635572141489701,0.0009952112804315768,1000,503,2933,5.831013916500994,0.8991817929789149,0.5924477790650444,2724450490,0.9964135188866798,0.003202445487362241,1771.648,594.0650289431507,0.514,0.5003045164881453,500
ego,equalize,106,0.096734158138244,0.00034947789266702564,1000,503,2933,5.831013916500994,0.8981758951914154,0.5936193231977757,630421228,0.9789383697813121,0.013780255315545374,5681.698,2473.049086120355,0.5085168986083499,0.4969080199993805,500
ego,equalize,107,0.01201632406807548,0.000468445795812059,1000,503,2933,5.831013916500994,0.9185473588743706,0.5858796170598723,3415180388,0.9802942345924454,0.08386106578541634,4003.846,1849.1356769549311,0.472,0.49971534983600774,500
ego,equalize,108,0.017027437965680115,0.00018008683833481816,1000,503,2933,5.831013916500994,0.9173150663018141,0.5913821499740682,1539584066,0.9421669980119284,0.13620779955062964,11391.954,6811.240321506696,0.0,0.0,500
ego,equalize,109,0.05350189204420689,0.0003248227346771035,1000,503,2933,5.831013916500994,0.9070608737618612,0.5928211261400701,1438269599,0.9798250497017892,0.04450245027158605,5775.874,2548.47337581118,0.0,0.0,500
ego,equalize,110,0.006632555527037187,0.0006937744946923669,1000,503,2933,5.831013916500994,0.9186964811878813,0.5842950429113726,2107607095,0.9895745526838966,0.05797734075604766,2570.922,1067.8662109107165,0.548,0.49818910543039696,500
ego,equalize,111,0.08191549289887821,0.0002594785471204854,1000,503,2933,5.831013916500994,0.9027810633641045,0.5935495714032526,867013085,0.9713638170974156,0.061176376198882505,8051.192,4354.869865590527,0.002067594433399602,0.0019884699417999706,500
ego,equalize,112,0.056068629158747524,0.0003356857870686839,1000,503,2933,5.831013916500994,0.9107604627943217,0.5936380216410776,3845267344,0.9807713717693837,0.011026530281154719,5922.028,2832.0291774166935,0.486,0.5003045164881451,500
ego,equalize,113,0.05726229222297935,0.0009523463390871985,1000,503,2933,5.831013916500994,0.9085087158603103,0.5905011901016882,4211358360,0.9971133200795228,0.003166449178667677,1825.456,665.8568966960959,0.0,0.0,500
ego,equalize,114,0.07220926415911987,0.0005314843744390232,1000,503,2933,5.831013916500994,0.9066514652284046,0.5942633352953434,1247543176,0.9913479125248509,0.006916747744008448,3605.882,1392.7432525814736,0.0,0.0,500
ego,equalize,115,0.004638283421510692,0.0005231480764872647,1000,503,2933,5.831013916500994,0.919595282041132,0.593755167305037,2044833430,0.9853161033797216,0.05984277502525635,3433.234,1486.6380368297782,0.452,0.49818910543039696,500
ego,equalize,116,0.06025603595125184,0.0003152265482641961,1000,503,2933,5.831013916500994,0.9098996203481464,0.5905706412776834,1876474849,0.981013916500994,0.011997206076058501,6323.968,2969.819688287132,0.0,0.0,500
ego,equalize,117,0.07066475433368416,0.0001236292330489062,1000,503,2933,5.831013916500994,0.908289099362231,0.5938350608500337,308291064,0.9303339960238569,0.10939155852562564,15664.572,8954.754793719774,0.0,0.0,500
ego,equalize,118,0.0052957362172602945,0.00041407829692470923,1000,503,2933,5.831013916500994,0.9194868294494878,0.5927237899116533,3412796575,0.9765288270377733,0.09426354181351479,4451.076,2189.5434325699553,0.508,0.500436683055404,500
ego,equalize,119,0.06931329253285183,0.00011436197475829894,1000,503,2933,5.831013916500994,0.9038899911136657,0.5935667437296782,3667643371,0.935455268389662,0.053626218962343764,18023.032,10621.028304616788,0.47,0.4995990376259682,500
ego,equalize,120,0.03603502621629674,0.00020547166899971154,1000,503,2933,5.831013916500994,0.9120402033757224,0.5941643832893916,1211613118,0.9657574552683896,0.019416916145964382,9796.374,5457.800957960765,0.484,0.5002444292323063,500
ego,equalize,121,0.06590988552559318,0.00023825521548843085,1000,503,2933,5.831013916500994,0.9075082407023931,0.591424935876204,3528174350,0.9692564612326043,0.059982240776172834,8437.522,4579.057691731392,0.0,0.0,500
ego,equalize,122,0.09877860836617862,0.0009482363219921537,1000,503,2933,5.831013916500994,0.8995708666514382,0.5930000628358029,3006085753,0.9953876739562625,0.0032221811931826185,1803.572,648.1661419042359,0.5027673956262425,0.4988602067366218,500
ego,equalize,123,0.09289274605027276,0.0005733835970464077,1000,503,2933,5.831013916500994,0.8998487764175263,0.5935716230066953,2175930491,0.9924532803180914,0.006018544274301509,3330.822,1337.7840223657158,0.0,0.0,500
ego,equalize,124,0.04488383277173899,0.00044035883765074826,1000,503,2933,5.831013916500994,0.911569790259466,0.59173765122785,788848120,0.983117296222664,0.04221719518318117,4305.058,1854.0607739075563,0.4704652087475149,0.49813434633441955,500
ego,equalize,125,0.035443807093459005,0.0007598539135280214,1000,503,2933,5.831013916500994,0.9119507299876161,0.5923303165718078,3427953506,0.9935666003976142,0.0044357884429883495,2367.828,895.590009628677,0.518,0.5001763216160985,500
ego,equalize,126,0.0037596565641070502,0.0004357864641887204,1000,503,2933,5.831013916500994,0.9196034159855052,0.593860224754268,1285797594,0.9811968190854871,0.07281552508639114,4108.976,1963.3254332733216,0.504,0.5004847349718868,500
ego,equalize,127,0.02198268966683642,0.0004032391157099358,1000,503,2933,5.831013916500994,0.9161478452842441,0.5935414873935225,3044804236,0.982910536779324,0.04412901772882638,4693.844,2293.4620511410367,0.512,0.5003565862730835,500
ego,equalize,128,0.0432717465957824,0.0008273025577936211,1000,503,2933,5.831013916500994,0.9123980969281481,0.5981205739161956,3615301511,0.994131212723658,0.004528298197439165,2141.492,867.0302074884099,0.53,0.49959903762596813,500
ego,equalize,129,0.037751746485544704,0.0008557261556670346,1000,503,2933,5.831013916500994,0.9132643620039056,0.5928762501704218,1671920798,0.9926560636182902,0.04351172452753163,2092.444,761.7288892154021,0.51,0.5004006410899237,500
ego,equalize,130,0.05892714138040683,0.0005529936176208089,1000,503,2933,5.831013916500994,0.9089547271434468,0.5942516861222823,3200948977,0.9899642147117296,0.006727970584816953,3412.038,1439.283993304576,0.498,0.5004967472301654,500
ego,equalize,131,0.023903845765527454,0.000233652440769723,1000,503,2933,5.831013916500994,0.9153751205687796,0.5931758056272598,1318291366,0.9632564612326043,0.08082442028348649,8680.988,4920.103844792618,0.5105089463220676,0.49892791954455273,500
ego,equalize,132,0.051135476461764764,0.0006515531343337994,1000,503,2933,5.831013916500994,0.909979604134484,0.5930607036439572,2133513999,0.9912445328031809,0.005859301355213032,2835.286,1077.7703196543573,0.7744811133200795,0.4165252422291431,500
ego,equalize,133,0.0470734695607818,0.0006760416353599256,1000,503,2933,5.831013916500994,0.912422498761268,0.5947527482479639,694750487,0.9927037773359841,0.004731622390730688,2729.124,1131.912794243242,0.486,0.5003045164881456,500
ego,equalize,134,0.007449578366187148,0.0004361739533411265,1000,503,2933,5.831013916500994,0.9193363514785816,0.5880967360899925,1676630034,0.9844015904572565,0.0429511711154277,4342.914,2072.273532570347,0.52,0.5001001903626928,500
ego,equalize,135,0.012802108212737818,0.0007188730382048596,1000,503,2933,5.831013916500994,0.917052068767077,0.5922805952421095,4080958471,0.9910775347912525,0.0424861292811898,2445.172,957.9938155945656,0.524,0.49992384189533395,500
ego,equalize,136,0.011567098129746779,0.0006180958185217497,1000,503,2933,5.831013916500994,0.91833723197806,0.5927028680260544,898551719,0.9911729622266402,0.0062408059450592065,2922.858,1209.6927589177164,0.506,0.5004647139007098,500
ego,equalize,137,0.015541871043987366,0.0009726624735041043,1000,503,2933,5.831013916500994,0.9169571727493884,0.5909367158557854,3357225517,0.9953757455268389,0.0035907943635208025,1824.532,706.0310734871792,0.488,0.5003565862730837,500
ego,equalize,138,0.03095973224287282,0.0006734897125735029,1000,503,2933,5.831013916500994,0.9146674674083016,0.5935504298787271,806966516,0.9905168986083499,0.05935583563594395,2693.486,1164.0981758124437,0.0,0.0,500
ego,equalize,139,0.08665135110446158,0.0003045455615228768,1000,503,2933,5.831013916500994,0.903622926606742,0.5940176637439984,473847130,0.977324055666004,0.045100508150437965,6852.73,3113.183844297794,0.001900596421471173,0.001988135315336419,500
ego,equalize,140,0.036838745834127495,0.000507470442189429,1000,503,2933,5.831013916500994,0.9116768871937146,0.5936828685783145,1651932384,0.9890417495029822,0.0071392664043552585,3787.33,1667.9552147154884,0.534,0.4993422527392825,500
ego,equalize,141,0.037897940108651856,0.0007961945504502165,1000,503,2933,5.831013916500994,0.9117107786286034,0.5925463031407633,3570518035,0.9938528827037774,0.004532599077982811,2302.33,878.8719479547651,0.504,0.5004847349718868,500
ego,equalize,142,0.05535809623206398,0.000261775132442937,1000,503,2933,5.831013916500994,0.9090943598551887,0.5928577210542529,2035089795,0.9711133200795229,0.062217426378493104,7610.538,3776.036901556953,0.478,0.5000160318071094,500
ego,equalize,143,0.038820443554394984,0.0003843097547478986,1000,503,2933,5.831013916500994,0.9116565523327813,0.5932254272203304,4064800236,0.9814751491053678,0.043728558484860715,5128.076,2430.6306459225343,0.514,0.5003045164881453,500
ego,equalize,144,0.06144961104499167,0.0008522576696520467,1000,503,2933,5.831013916500994,0.908512782832497,0.5929708111093482,3540141575,0.9939005964214712,0.004158886190540055,2046.586,771.4411562258249,0.7886242544731611,0.40700881509068415,500
ego,equalize,145,0.05848969485053375,0.0004949352301856979,1000,503,2933,5.831013916500994,0.9101517726237189,0.5928165525385786,1719773305,0.9905129224652087,0.007100931646567054,3815.142,1623.2312951366553,0.0,0.0,500
ego,equalize,146,0.0928476239330685,0.0009798012835073608,1000,503,2933,5.831013916500994,0.9010431105830072,0.5923170521399542,4053744810,0.9962147117296222,0.0033387913613673716,1773.172,632.5453926506198,0.514,0.5003045164881452,500
ego,equalize,147,0.04520920259264382,0.0003503645931649511,1000,503,2933,5.831013916500994,0.9082755427882754,0.5932454241998849,1587233670,0.9798131212723659,0.042780435356494714,5635.04,2619.7650421654803,0.528,0.4997153498360075,500
ego,equalize,148,0.05672206806508256,0.0007086877251196871,1000,503,2933,5.831013916500994,0.9068195667454529,0.5931289451323616,2728364900,0.9929224652087476,0.005080860229360669,2593.436,946.0343036652653,0.004023856858846918,0.003979838679130895,500
ego,equalize,149,0.05252479299290678,0.0006093315806751044,1000,503,2933,5.831013916500994,0.9081142195582048,0.593666586273235,1252713321,0.9933996023856858,0.005193110279709019,3035.49,1203.08894763931,0.0,0.0,500
ego,equalize,150,0.08071425212372682,0.0009920922474581585,1000,503,2933,5.831013916500994,0.9039604852982345,0.5933005156467173,3751413897,0.9971769383697813,0.0031763793532649256,1768.704,608.8231990976683,0.0,0.0,500
ego,equalize,151,0.05900488985963917,0.0008652122735999397,1000,503,2933,5.831013916500994,0.9065891049882091,0.5931326416056111,1985494732,0.9946083499005964,0.004016307302638522,2053.206,801.5966579071642,0.478,0.5000160318071094,500
ego,equalize,152,0.07441357571784546,0.0001949897427358725,1000,503,2933,5.831013916500994,0.9039509956964656,0.5932358800727867,631223548,0.9617176938369781,0.060023880404581585,10263.944,5524.767473490287,0.0,0.0,500
ego,equalize,153,0.09789789873920653,0.0009292278570035494,1000,503,2933,5.831013916500994,0.900224293516094,0.5910696842060223,3053635640,0.9951968190854871,0.003866535491646853,1861.646,656.0530648749867,0.48,0.5001001903626929,500
ego,equalize,154,0.03705967704526414,0.0006412303019669035,1000,503,2933,5.831013916500994,0.914022174488019,0.5919552834917231,3004427127,0.9916858846918488,0.005254999939519113,2812.218,1144.0866921673328,0.494,0.5004647139007097,500
ego,equalize,155,0.02786582430141147,0.0009378909663712542,1000,503,2933,5.831013916500994,0.9137795118142154,0.5931296086222558,275456750,0.9941391650099404,0.0042240437636162365,1862.11,665.220503695635,0.5164095427435388,0.4988598778639625,500
ego,equalize,156,0.0755339526979601,0.0006711972801609844,1000,503,2933,5.831013916500994,0.9030250816953038,0.5940593474830248,1394274337,0.9933161033797216,0.004676840253129673,2725.498,1001.6930387517764,0.516,0.5002444292323063,500
ego,equalize,157,0.0645874072481668,0.0001888457028007515,1000,503,2933,5.831013916500994,0.9090835145960242,0.5881573483850134,1481827269,0.9562266401590457,0.0848417096008568,10832.158,6001.284979389303,0.0,0.0,500
ego,equalize,158,0.03678955402419062,0.0002599803067857648,1000,503,2933,5.831013916500994,0.9131477754678882,0.592017559936458,2292057762,0.9726799204771372,0.043093170916659866,8204.566,4268.844645434842,0.48,0.5001001903626928,500
ego,equalize,159,0.06010222349313991,0.0009637994603360102,1000,503,2933,5.831013916500994,0.9079162935784543,0.5941603742667905,1105345512,0.9943856858846918,0.0037806078291159964,1803.158,640.2263698452999,0.7665168986083498,0.42171825937531326,500
ego,equalize,160,0.02941193516145535,0.0007688647224656195,1000,503,2933,5.831013916500994,0.9131464198104926,0.5952808808820027,1792974745,0.9938568588469185,0.004065722790702421,2287.978,838.1913857313428,0.496,0.5004847349718867,500
ego,equalize,161,0.04992089455204653,0.000201056736992745,1000,503,2933,5.831013916500994,0.9093356668715968,0.5930105529463584,2777544142,0.9624055666003976,0.04658761267604102,10625.784,5613.003194285758,0.47,0.49959903762596786,500
ego,equalize,162,0.010876850931560622,0.0009276158988496222,1000,503,2933,5.831013916500994,0.9173814935141962,0.593760817255801,3411650411,0.9940437375745527,0.00412667402250018,1851.596,700.5484773534549,0.5333200795228628,0.49702089028048557,500
ego,equalize,163,0.028995279443553457,0.00036174057279555295,1000,503,2933,5.831013916500994,0.9149643563779275,0.5933652032904829,3638170844,0.9805009940357853,0.044406459957035946,5259.448,2550.5000349249767,0.49,0.5004006410899235,500
ego,equalize,164,0.07244006053482176,0.0007189363017475499,1000,503,2933,5.831013916500994,0.9046844063474591,0.5936951070505073,418868210,0.994286282306163,0.004353702181047205,2566.922,976.7053837926045,0.528,0.4997153498360076,500
ego,equalize,165,0.049120361111567326,0.00012656980119611297,1000,503,2933,5.831013916500994,0.9097708328955689,0.5931731568538682,621479,0.9370497017892644,0.07638821389455838,16884.986,10133.543449133427,0.516,0.5002444292323062,500
ego,equalize,166,0.0042727455373444915,0.00038910240206064015,1000,503,2933,5.831013916500994,0.9196549309665363,0.5923607773483046,3466514659,0.9827196819085487,0.060866680749436,4718.814,2323.1814072745624,0.0,0.0,500
ego,equalize,167,0.0850976064885654,0.0002568284221133847,1000,503,2933,5.831013916500994,0.8996915201596423,0.5926799664913522,2588768642,0.9752445328031809,0.015262586281935818,8092.08,3752.6150365879053,0.0,0.0,500
ego,equalize,168,0.03451460987267692,0.0009229043962183627,1000,503,2933,5.831013916500994,0.912304556567855,0.5926938916494225,557015793,0.9950735586481113,0.0037619637791657863,1920.798,719.7428295421598,0.498,0.5004967472301655,500
ego,equalize,169,0.06531817868851489,0.0004738755629253249,1000,503,2933,5.831013916500994,0.9067463612460932,0.5930369455492229,1064354272,0.9870337972166998,0.00760128798395582,4014.68,1835.1359037331092,0.5427316103379721,0.4957078875055605,500
ego,equalize,170,0.02853396545960002,0.0007368652847346329,1000,503,2933,5.831013916500994,0.9141672298293431,0.5935662344241858,1678902014,0.9950934393638171,0.004214507257060302,2423.18,932.1043636253291,0.0,0.0,500
ego,equalize,171,0.022357411257717688,0.0008232574407181833,1000,503,2933,5.831013916500994,0.91482336800879,0.5912815503108474,3198947218,0.9952246520874752,0.0035512420881271757,2125.77,767.8735995133965,0.52,0.5001001903626929,500
ego,equalize,172,0.021324753974766554,0.0001521606842481786,1000,503,2933,5.831013916500994,0.9150307835903094,0.5919222418980691,2321744700,0.933427435387674,0.13997837704096097,13286.694,8900.251570399387,0.51,0.5004006410899235,500
ego,equalize,173,0.09562354139144341,0.0006011544859376053,1000,503,2933,5.831013916500994,0.8998731782506462,0.5931846317074075,3942831515,0.989272365805169,0.006445832209862327,3116.442,1138.0433964398546,0.8771411530815109,0.3242361912660825,500
ego,equalize,174,0.09607948603002184,0.0006297133081983465,1000,503,2933,5.831013916500994,0.9015528377637346,0.5824997843435897,3804184436,0.9906401590457257,0.006225664041398606,2939.272,1103.7224835334805,0.0049025844930417495,0.0035869983214558837,500
ego,equalize,175,0.03592385149441566,0.0005141662072142754,1000,503,2933,5.831013916500994,0.9134649992984474,0.5925168661059589,1645908691,0.9891451292246521,0.007059647252634675,3744.65,1572.9456607280517,0.502,0.5004967472301652,500
ego,equalize,176,0.011648190875225528,0.0007599122873775126,1000,503,2933,5.831013916500994,0.9178193708529593,0.5936262821606996,1363100227,0.9944890656063619,0.004281186725564254,2336.494,932.6184043542567,0.516,0.5002444292323062,500
ego,equalize,177,0.0048418105101422195,0.00042030091429855036,1000,503,2933,5.831013916500994,0.9186002295127971,0.5927844388916015,250835089,0.9795268389662029,0.0715956166164688,4486.346,2104.366528734601,0.492,0.5004366830554042,500
ego,equalize,178,0.05105046744042886,0.0007263852164397751,1000,503,2933,5.831013916500994,0.9076953214229793,0.5927959714466919,3410918630,0.9939443339960238,0.004567566151106897,2526.79,950.2386736888517,0.508,0.500436683055404,500
ego,equalize,179,0.07864152613332827,0.00022840117419242235,1000,503,2933,5.831013916500994,0.9027878416510822,0.5940023816515587,4002988023,0.9713041749502983,0.015132544581320042,8956.43,4482.802436922349,0.0,0.0,500
ego,equalize,180,0.0519965173946059,0.0003784336643052951,1000,503,2933,5.831013916500994,0.9085683647857146,0.5907934210930949,2846674781,0.9829781312127236,0.009634484104726462,5226.156,2448.316287768783,0.496,0.5004847349718867,500
ego,equalize,181,0.06948719778113507,0.0006626315533447409,1000,503,2933,5.831013916500994,0.9059465233827177,0.5930125770189595,1011713069,0.9940198807157058,0.005143430727607636,2796.958,1100.615328094641,0.0,0.0,500
ego,equalize,182,0.08697185843986416,0.0005509799023665461,1000,503,2933,5.831013916500994,0.9040323351401987,0.5932209804413658,2298789072,0.9906520874751491,0.006814387089015157,3408.942,1309.9701348291455,0.538,0.4990532118085534,500
ego,equalize,183,0.010410376064418116,0.0009750680575477355,1000,503,2933,5.831013916500994,0.9181460842852872,0.5990191147978904,1982414341,0.9936500994035785,0.041566895228431794,1806.614,673.7472967245862,0.524,0.4999238418953341,500
ego,equalize,184,0.09671670930850808,0.0008896374265655919,1000,503,2933,5.831013916500994,0.9000833051469567,0.5928379277897544,2659375844,0.9948111332007952,0.003745285179167233,2037.37,714.1697402829886,0.774986083499006,0.4167951409247128,500
ego,equalize,185,0.04273129702733829,0.0002461129260500648,1000,503,2933,5.831013916500994,0.9120578269218647,0.5934916009501813,1423545301,0.9673876739562625,0.0619546093178085,8434.72,4430.074720097993,0.51,0.5004006410899234,500
ego,equalize,186,0.06012452534433147,0.00014407604626881358,1000,503,2933,5.831013916500994,0.9083175681675375,0.5912802791959878,939921045,0.9396222664015904,0.09538055038479593,14154.534,7891.579321607461,0.476,0.4999238418953339,500
ego,equalize,187,0.0440598046137496,0.0002864793935471333,1000,503,2933,5.831013916500994,0.9124265657334548,0.5943462709723346,1533755021,0.9771570576540756,0.012359859086549768,6938.19,3864.477957197237,0.5284612326043738,0.49824080972751333,500
ego,equalize,188,0.09624478827322128,0.00031573771849850615,1000,503,2933,5.831013916500994,0.9031525134904856,0.5931543789741097,2290768900,0.9784095427435388,0.044812940649968526,6515.378,2901.383572778473,0.496,0.5004847349718867,500
ego,equalize,189,0.004122589318592085,0.0008938450171690252,1000,503,2933,5.831013916500994,0.9194271805240836,0.6001237670642149,1808971039,0.9946481113320079,0.00429647838897305,1912.726,729.8162525244953,0.5,0.5005007512521914,500
ego,equalize,190,0.08396427731000092,0.00013765251999434925,1000,503,2933,5.831013916500994,0.9017331401973431,0.5938664235712056,1598076787,0.9413558648111332,0.06585291333730951,15200.05,8211.498954860275,0.502,0.5004967472301655,500
ego,equalize,191,0.049656004108693454,0.00021740133014565516,1000,503,2933,5.831013916500994,0.9081738684836091,0.592250174435817,444992713,0.9676978131212723,0.0451193543847844,9370.88,4585.702206538723,0.0,0.0,500
ego,equalize,192,0.023711839385737322,0.0003872221848971444,1000,503,2933,5.831013916500994,0.9169449718328284,0.5946668315629671,2903516636,0.977427435387674,0.08555706463996428,5007.104,2489.966309335781,0.534,0.49934225273928246,500
ego,equalize,193,0.04500823923015099,0.0002993005918943712,1000,503,2933,5.831013916500994,0.9104012135845005,0.5928812323897922,1875262937,0.9696421471172962,0.09487029730343806,6497.758,3231.1005215866007,0.482,0.5001763216160987,500
ego,equalize,194,0.018034735489132737,0.0003152479709646567,1000,503,2933,5.831013916500994,0.9172364381728721,0.5887736674864454,3834339964,0.9783817097415507,0.04402053280853097,6422.85,3240.73908161243,0.0,0.0,500
ego,equalize,195,0.013087340991489161,0.0006033493589199516,1000,503,2933,5.831013916500994,0.9179264677872079,0.5931333912017299,3465187510,0.9910735586481113,0.0058623813348443144,3065.844,1319.2503608843115,0.488,0.5003565862730837,500
ego,equalize,196,0.05345098366494288,0.0005795585024612323,1000,503,2933,5.831013916500994,0.9096447567577827,0.589888829345301,3089024904,0.9920437375745527,0.00563647992888066,3267.054,1223.569463310969,0.516,0.5002444292323063,500
ego,equalize,197,0.003298958914988859,0.00010945587642425117,1000,503,2933,5.831013916500994,0.9198460786593091,0.5932601305906564,1849850080,0.9035347912524851,0.17820214153015665,17436.702,13510.8811291851,0.488,0.5003565862730835,500
ego,equalize,198,0.04876283892422792,0.0007358145539610188,1000,503,2933,5.831013916500994,0.9094359855188677,0.593831646338241,3950542741,0.9951491053677932,0.0045408327903950834,2455.586,935.2342170201914,0.0,0.0,500
ego,equalize,199,0.044184783664926855,0.0007056711354079665,1000,503,2933,5.831013916500994,0.9123086235400416,0.590839945625401,452861038,0.992779324055666,0.005421076713324656,2625.612,1073.8229821763455,0.5,0.5005007512521912,500
ego,equalize,200,0.05470046404600931,0.0007383495250820468,1000,503,2933,5.831013916500994,0.9075190859615576,0.5926777779593306,4289008305,0.9932564612326044,0.004598007728504353,2432.756,991.2017849160894,0.484,0.5002444292323062,500
ego,equalize,201,0.07069191477349594,0.0005789609250546181,1000,503,2933,5.831013916500994,0.9052714059997329,0.5872632564457566,3570490890,0.9888707753479126,0.043202806571337356,3233.256,1373.1583704309446,0.5,0.5005007512521915,500
ego,equalize,202,0.06700974380243938,0.0008025823878187547,1000,503,2933,5.831013916500994,0.9069090401335594,0.594391062997699,2918825309,0.9947753479125248,0.004358925901531955,2261.112,870.419045106533,0.004198807157057654,0.003973879521558707,500
ego,equalize,203,0.026296083469122468,0.0008594199402273559,1000,503,2933,5.831013916500994,0.9149345319152253,0.5942442218304491,3588235483,0.9946481113320079,0.004014374145504632,2074.49,805.7920299252045,0.514,0.5003045164881452,500
ego,equalize,204,0.08722479118811742,0.00012340829577513055,1000,503,2933,5.831013916500994,0.9016070640595567,0.593652268764156,3073879624,0.9343339960238569,0.09875662688755829,15651.824,8571.255070758303,0.0,0.0,500
ego,equalize,205,0.04054945341890123,0.00087197102628001,1000,503,2933,5.831013916500994,0.910898739848668,0.5931360879437821,4001465189,0.9945685884691848,0.004297879245475392,2067.202,768.6397461194865,0.502,0.5004967472301655,500
ego,equalize,206,0.06949237140442964,0.0002736935741131711,1000,503,2933,5.831013916500994,0.9089086347919981,0.5936496471582626,2590811116,0.9754115308151093,0.015138161421402023,7453.656,3731.680995982315,0.548,0.49818910543039696,500
ego,equalize,207,0.054714330247599766,0.0004590615694912124,1000,503,2933,5.831013916500994,0.9089818402913579,0.5940781714121559,1981990509,0.9890775347912525,0.00868587997775659,4252.128,1894.1995278530292,0.0,0.0,500
ego,equalize,208,0.05752345658771246,0.0008921475763036638,1000,503,2933,5.831013916500994,0.9087825586542119,0.5941808105873829,3767878635,0.9965328031809144,0.0036295949179392514,1948.032,689.7983026745898,0.0,0.0,500
ego,equalize,209,0.06421690976866024,0.0006618344562988877,1000,503,2933,5.831013916500994,0.9048226834018053,0.5938157885939831,3109405972,0.9924731610337971,0.005274305752569484,2777.688,1037.1175730729635,0.536,0.49920176763471025,500
ego,equalize,210,0.048915796134967195,0.0004409416753490521,1000,503,2933,5.831013916500994,0.9105679594441534,0.5930626585246462,3084141469,0.9868230616302187,0.007950696462953785,4392.376,1875.7586955661386,0.524,0.49992384189533395,500
ego,equalize,211,0.08588949500350244,0.0006646928009950447,1000,503,2933,5.831013916500994,0.9040364021123853,0.5879980666659489,184050399,0.9941153081510935,0.0045842335626748035,2774.84,1007.7187010077369,0.0,0.0,500
ego,equalize,212,0.025932700040978397,0.00019023597598384417,1000,503,2933,5.831013916500994,0.914560370474053,0.5943700450819317,4039585502,0.9602743538767397,0.06027260984177922,10363.784,6096.2839048259975,0.554,0.49757326929471735,500
ego,equalize,213,0.05055905873841117,0.00017512366730066696,1000,503,2933,5.831013916500994,0.908458556536675,0.5943554231382335,1786052189,0.9534592445328032,0.08541097261129561,11938.598,6937.11043726663,0.0,0.0,500
ego,equalize,214,0.04640098132847839,0.00025154157438853433,1000,503,2933,5.831013916500994,0.9077441250892192,0.5939882785587941,443371943,0.9715268389662028,0.045114781955729266,7913.562,4071.0218294216074,0.476,0.49992384189533373,500
ego,equalize,215,0.06333673598875929,0.000529722526452128,1000,503,2933,5.831013916500994,0.9061403823902816,0.5920695287304852,3091902698,0.9916182902584493,0.006497895498481619,3534.462,1442.7452944040572,0.0,0.0,500
ego,equalize,216,0.041381315566196744,0.000664990447360777,1000,503,2933,5.831013916500994,0.9101924423455855,0.593332613878382,2836840761,0.9918091451292246,0.005929451632655784,2720.688,1088.0828512748817,0.484,0.5002444292323062,500
ego,equalize,217,0.09960214724600097,0.0009853266935753696,1000,503,2933,5.831013916500994,0.8978681609626251,0.5946119199070338,1624495974,0.9973240556660039,0.0032979150731735005,1812.424,680.5363823922414,0.0,0.0,500
ego,equalize,218,0.08148941147495181,0.0001734638977993552,1000,503,2933,5.831013916500994,0.9011217387119492,0.5938969474933554,3814057077,0.9599681908548707,0.02481740585092984,11951.978,6488.601160153633,0.0,0.0,500
ego,equalize,219,0.006366562689068778,0.0006481354450827781,1000,503,2933,5.831013916500994,0.9190191276480225,0.5911643853592404,3320849209,0.9897972166998013,0.04308394020860247,2810.034,1230.517222192451,0.52,0.5001001903626929,500
ego,equalize,220,0.05234323648085568,0.0008999525350618026,1000,503,2933,5.831013916500994,0.9094400524910544,0.5934011857938233,2489246248,0.9969145129224651,0.0032207649707772595,1883.998,680.9175334581578,0.0,0.0,500
ego,equalize,221,0.021555025193888078,0.0006013134902057596,1000,503,2933,5.831013916500994,0.9166602837797626,0.5931982982940187,1941453796,0.9903856858846919,0.006184295009135562,2992.94,1245.003711191964,0.4950775347912525,0.4984327539981997,500
ego,equalize,222,0.09587749338774643,0.00017987462062992905,1000,503,2933,5.831013916500994,0.902791908623269,0.591568471883887,5071248,0.9602067594433399,0.04794323746537205,11328.874,6057.930849926316,0.0,0.0,500
ego,equalize,223,0.04320513838799894,0.00023125332845272585,1000,503,2933,5.831013916500994,0.9113799982240888,0.5926670431848668,1283510222,0.967455268389662,0.061513640645408554,9324.936,4635.822602117189,0.0,0.0,500
ego,equalize,224,0.02800738183851237,0.0006006760966546341,1000,503,2933,5.831013916500994,0.9142729711061962,0.5939607879961725,1900754000,0.9915029821073558,0.005553281801375086,2988.798,1307.8993150976364,0.526,0.49982361618333837,500
ego,equalize,225,0.03386749495062307,0.000649660479736614,1000,503,2933,5.831013916500994,0.9140289527749967,0.593186618988014,462807001,0.9893638170974155,0.042974641050272246,2767.88,1187.019180413416,0.5084970178926441,0.49892251678672866,500
ego,equalize,226,0.013350351920191461,0.0002283898234554654,1000,503,2933,5.831013916500994,0.9181908209793405,0.5883576087303787,3179164344,0.9664095427435387,0.06199283650218665,8767.866,5057.405248518204,0.51,0.5004006410899234,500
ego,equalize,227,0.017534442975094322,0.000477593509525345,1000,503,2933,5.831013916500994,0.9171903458214233,0.5936775672835611,3568543347,0.9864970178926442,0.042302418989745114,3911.868,1825.8091281733266,0.496,0.5004847349718866,500
ego,equalize,228,0.08405497810035543,0.0004318759520449536,1000,503,2933,5.831013916500994,0.9039143929467858,0.5934224739970878,1202091859,0.9846600397614315,0.009631439314602199,4445.82,1914.651774719589,0.9016182902584493,0.2941120945817358,500
ego,equalize,229,0.05529814336116045,0.0007568153076408686,1000,503,2933,5.831013916500994,0.9087812029968163,0.5933852227814838,3781140679,0.9925009940357853,0.004742873307328445,2388.02,880.8511594646744,0.5404731610337972,0.49730766755559236,500
ego,equalize,230,0.029736788193589037,0.0007903106205293454,1000,503,2933,5.831013916500994,0.913380948539923,0.5928671953643335,1859247681,0.9939801192842942,0.004653180083027149,2255.654,827.4398344552229,0.522,0.5000160318071092,500
ego,equalize,231,0.03244183872408202,0.0006098393393127234,1000,503,2933,5.831013916500994,0.9155174645953126,0.5918637341669403,2438233131,0.9906918489065606,0.006554795048524768,2987.568,1257.2367325923783,0.506,0.5004647139007097,500
ego,equalize,232,0.018447865429547117,0.0006883959246490111,1000,503,2933,5.831013916500994,0.9162020715800662,0.5919543875806565,2830871128,0.9943658051689861,0.004792062546807129,2538.32,1022.1059194727533,0.0,0.0,500
ego,equalize,233,0.07586466769731082,0.0008411660676245227,1000,503,2933,5.831013916500994,0.9054761102664611,0.5867942969995612,2931766096,0.9952524850894632,0.0039328068617547505,2063.412,764.4035687304029,0.496,0.500484734971887,500
ego,equalize,234,0.07138985115716683,0.00025536658687681937,1000,503,2933,5.831013916500994,0.9067355159869287,0.5927264592869658,3148003484,0.9725447316103379,0.015099566594424069,7889.522,4014.815006022214,0.508,0.5004366830554041,500
ego,equalize,235,0.0730882334404241,0.0009600449211691003,1000,503,2933,5.831013916500994,0.9063694884901298,0.5886020407831855,3439413753,0.9951451292246521,0.003927355195647906,1786.092,618.5191957627947,0.518,0.5001763216160983,500
ego,equalize,236,0.07615012517967427,0.0009615025662615144,1000,503,2933,5.831013916500994,0.9044390323588641,0.5945403178765506,3177800715,0.9949184890656063,0.0038149370838057263,1855.84,698.5049927163723,0.5149502982107356,0.49827197330620576,500
ego,equalize,237,0.01963741450788069,0.00043682108942946687,1000,503,2933,5.831013916500994,0.9163796626988834,0.593497265429995,379925430,0.9858051689860835,0.008860674242624845,4310.48,2143.152401962136,0.522,0.5000160318071095,500
ego,equalize,238,0.03133182827715197,0.0008284234713873798,1000,503,2933,5.831013916500994,0.9123194687992061,0.5937683586290813,138906844,0.9944453280318092,0.004068480457012502,2097.626,804.5200352372808,0.506,0.5004647139007098,500
ego,equalize,239,0.04302766522268037,0.0005042626393952123,1000,503,2933,5.831013916500994,0.9129430712011599,0.5934946357911254,2793716817,0.9886878727634195,0.007715157384473093,3778.014,1616.495835868054,0.48,0.5001001903626927,500
ego,equalize,240,0.011866041850251363,0.0009215176225156377,1000,503,2933,5.831013916500994,0.9171632326735123,0.5922543743864066,2825989256,0.9957813121272365,0.003457853935814198,1829.868,701.2504938224085,0.522,0.5000160318071095,500
ego,equalize,241,0.05627160302618098,0.00028949217715614167,1000,503,2933,5.831013916500994,0.9077522590335926,0.5955372314039349,3016702671,0.9741431411530815,0.044090643224493485,7045.388,3461.0377585614965,0.003785288270377733,0.003975537510102059,500
ego,equalize,242,0.0037782836533135525,0.0007037812472312257,1000,503,2933,5.831013916500994,0.9198447230019136,0.5938691558804445,1110292984,0.9909145129224651,0.04281128909001566,2503.266,1003.6955897670547,0.49,0.5004006410899232,500
ego,equalize,243,0.05976122294824228,0.0009581755149693178,1000,503,2933,5.831013916500994,0.9096095096654983,0.5932508475811636,2258800391,0.9962504970178926,0.00294435398511162,1854.736,644.159829604542,0.004071570576540755,0.0039789788172809835,500
ego,equalize,244,0.0883471802064586,0.0005722461496627626,1000,503,2933,5.831013916500994,0.904131298130074,0.5933530593370229,1126830363,0.9923459244532803,0.0061529634185519795,3352.03,1298.3513660174117,0.0,0.0,500
ego,equalize,245,0.09689695783319625,0.0008051389370627565,1000,503,2933,5.831013916500994,0.9015758839394591,0.5938082772139852,1109372446,0.9959642147117296,0.0038860272509138333,2291.68,832.8322091376837,0.0,0.0,500
ego,equalize,246,0.019688989791666014,0.0006255371603057271,1000,503,2933,5.831013916500994,0.9160895520162353,0.5939147897759963,1228477478,0.9916580516898609,0.005782008389603941,2918.442,1179.4070937643385,0.532,0.49947467393232226,500
ego,equalize,247,0.01221205385018842,0.00015732732512505814,1000,503,2933,5.831013916500994,0.9181637078314294,0.5922394724627128,4032573629,0.9342465208747515,0.14160042418787291,12003.466,8334.435417008437,0.536,0.49920176763471036,500
ego,equalize,248,0.028943120434775284,0.0006223313430078935,1000,503,2933,5.831013916500994,0.9151365248671625,0.5935867529791689,3644713839,0.9915745526838966,0.005623593049953488,2933.982,1222.7681897103535,0.496,0.5004847349718868,500
ego,equalize,249,0.014607407402685013,0.0009309145410271971,1000,503,2933,5.831013916500994,0.9167239996773535,0.5838624989574419,3058620106,0.9951570576540755,0.0419453986157016,1862.148,696.4049841147031,0.0,0.0,500
ego,equalize,250,0.010828364653179923,0.00047975220853713245,1000,503,2933,5.831013916500994,0.9175767081791556,0.5936290792278468,2268055590,0.9868508946322068,0.04199253802741665,3903.71,1772.766158749431,0.488,0.5003565862730834,500
ego,equalize,251,0.06096074165715098,0.0008403776249825544,1000,503,2933,5.831013916500994,0.9081616675670491,0.5893049027490542,2723309342,0.9946600397614315,0.003967869494134436,2075.74,788.7938691038818,0.542,0.49873185875164217,500
ego,equalize,252,0.017117121889430233,0.00018200184462180264,1000,503,2933,5.831013916500994,0.917732608779644,0.5924032030277998,962118694,0.9430337972166998,0.1366074760591552,10310.026,6265.967651891695,0.0,0.0,500
ego,equalize,253,0.048561420291006276,0.0002525237111480138,1000,503,2933,5.831013916500994,0.9110031254681253,0.5937836606001785,379961085,0.9737216699801192,0.04453751609970086,7851.15,4055.497316046566,0.0,0.0,500
ego,equalize,254,0.09731228364290799,0.00026878351050357494,1000,503,2933,5.831013916500994,0.8973489441801289,0.593943095168197,1242507589,0.9759125248508946,0.012104840216107794,7541.4,3768.164483026489,0.472,0.4997153498360073,500
ego,equalize,255,0.022672036042985944,0.0005678263484274744,1000,503,2933,5.831013916500994,0.9139069436093972,0.5933239814489647,340783872,0.9903578528827038,0.006190182496918653,3381.58,1496.0323074485589,0.522,0.5000160318071094,500
ego,equalize,256,0.023550288558012767,0.0003759237305837769,1000,503,2933,5.831013916500994,0.9157831734448407,0.5943067456957093,2790576069,0.9858489065606363,0.009569713551932878,5124.654,2450.876838365745,0.0,0.0,500
ego,equalize,257,0.05741680761870164,0.0006173867265117016,1000,503,2933,5.831013916500994,0.9099918050510439,0.5799650728300049,3293213312,0.9909423459244533,0.006268812262426956,3001.478,1183.9386787778385,0.532,0.4994746739323222,500
ego,equalize,258,0.001236004955690817,0.0007832396084509801,1000,503,2933,5.831013916500994,0.9203205587477521,0.5876839048015728,2189781446,0.9899920477137177,0.06010084174908344,2218.974,878.760596348852,0.488,0.5003565862730837,500
ego,equalize,259,0.04617826136360327,0.0007253882933469602,1000,503,2933,5.831013916500994,0.9103849456957539,0.5923312710601187,3967105707,0.9930536779324055,0.004875435748278305,2473.518,963.0878517021134,0.514,0.5003045164881456,500
ego,equalize,260,0.03055796618192992,0.00039097545926963155,1000,503,2933,5.831013916500994,0.9133145213275411,0.5946638612257298,4246083663,0.9853320079522863,0.008924519232693566,5143.806,2495.3172746097694,0.52,0.5001001903626926,500
ego,equalize,261,0.029468500589010117,0.0007692003765187304,1000,503,2933,5.831013916500994,0.9159160278696047,0.5932492339679427,980287506,0.9929701789264413,0.0043694017392489825,2298.134,934.9976905890267,0.5284811133200795,0.49832339579140233,500
ego,equalize,262,0.05121157376778587,0.0005886036933072061,1000,503,2933,5.831013916500994,0.909444119463241,0.5938486577141323,655971796,0.9905646123260438,0.005568437054537062,3173.556,1329.0354643104104,0.4886401590457256,0.4987700133399798,500
ego,equalize,263,0.03925133209122594,0.00037548381838885643,1000,503,2933,5.831013916500994,0.9095593503418629,0.593028580026869,958809153,0.9816898608349901,0.04358963606642701,5299.748,2544.4533806908344,0.548,0.49818910543039663,500
ego,equalize,264,0.005402659988919068,0.00017059790604446453,1000,503,2933,5.831013916500994,0.9185934512258193,0.5952260274925456,3455342301,0.942131212723658,0.12647402013795947,11257.146,7439.297798593379,0.5,0.5005007512521912,500
ego,equalize,265,0.08284993565990802,0.0005451245561828409,1000,503,2933,5.831013916500994,0.9022482900076526,0.5935543824785224,1546648126,0.9916262425447315,0.0063442297714536855,3550.768,1462.9869568276042,0.0,0.0,500
ego,equalize,266,0.03791275084498699,0.0004927998846900579,1000,503,2933,5.831013916500994,0.9118639679143008,0.5935930784337008,1828511838,0.9865168986083499,0.04117624135060064,3958.684,1616.553632713396,0.51,0.5004006410899235,500
ego,equalize,267,0.029750631655032046,0.00037209042775333606,1000,503,2933,5.831013916500994,0.9136954610556911,0.5933165861305616,2940764598,0.9834671968190856,0.010456476121941193,5080.05,2480.3892971933387,0.514,0.5003045164881453,500
ego,equalize,268,0.02288761146567131,0.000712136795164327,1000,503,2933,5.831013916500994,0.9146647560935105,0.5930417322004372,2574239391,0.9927475149105368,0.005053386218699537,2514.958,986.0201070663205,0.5,0.5005007512521914,500
ego,equalize,269,0.06850821798122576,0.0006537939051419866,1000,503,2933,5.831013916500994,0.9077007440525615,0.575366015708148,139379279,0.9923777335984095,0.005097996694140809,2802.232,1096.015244880298,0.526,0.49982361618333826,500
ego,equalize,270,0.013830096549818283,0.0005315279002782747,1000,503,2933,5.831013916500994,0.9166074131413361,0.5926462794261366,3087414376,0.9896898608349901,0.006471653072675674,3513.038,1590.6562466938892,0.482,0.5001763216160985,500
ego,equalize,271,0.08434107042834257,0.00019293863703916087,1000,503,2933,5.831013916500994,0.9030047468343705,0.5939663169011538,27181708,0.9585526838966202,0.07558332521626925,10876.492,5405.90061181165,0.0019165009940357851,0.0019887726505610293,500
ego,equalize,272,0.015101169776219947,0.0001333819496247591,1000,503,2933,5.831013916500994,0.9172445721172454,0.5830569869681881,3463321151,0.9294433399602385,0.1246683926712345,14515.426,10084.757634848307,0.7384771371769383,0.43817204160277196,500
ego,equalize,273,0.06383052737420102,0.0005059337871638604,1000,503,2933,5.831013916500994,0.9029152734462641,0.5920172429317914,120908585,0.9907355864811133,0.007376773216369947,3849.794,1813.3008342232663,0.0,0.0,500
ego,equalize,274,0.06920201302011236,0.0006816928520974619,1000,503,2933,5.831013916500994,0.9064860750261473,0.5941928260738883,1560242320,0.992389662027833,0.04379921313174773,2761.05,1110.7514668647914,0.0,0.0,500
ego,equalize,275,0.0968002166039266,0.0003264333131240295,1000,503,2933,5.831013916500994,0.898177250848811,0.5931182548983739,2462248549,0.9804890656063618,0.012477455272054233,6323.26,2726.70737458445,0.0020278330019880713,0.001989664576898304,500
ego,equalize,276,0.08690490735284549,0.0007369748004065065,1000,503,2933,5.831013916500994,0.9064454053042807,0.5907139763382192,1445218671,0.9935029821073558,0.004840467259734702,2497.202,970.2266894152662,0.546,0.4983781310642011,500
ego,equalize,277,0.0788687110065664,0.00027599202655495314,1000,503,2933,5.831013916500994,0.9045298614043662,0.5935195875318354,255034668,0.9768349900596421,0.014137976377211583,7404.478,3400.259850013117,0.0,0.0,500
ego,equalize,278,0.018112268437238278,0.000826603206653404,1000,503,2933,5.831013916500994,0.9160109238872933,0.5931396931901306,789933398,0.9944294234592445,0.004433328941910279,2066.478,782.4362302608755,0.488,0.5003565862730832,500
ego,equalize,279,0.09281734595550128,0.00019092609226707604,1000,503,2933,5.831013916500994,0.9008885656399144,0.5933666862500584,344560061,0.9648151093439363,0.020034583868333906,11019.27,6145.78814155367,0.0,0.0,500
ego,equalize,280,0.0907745611191462,0.000697746462950893,1000,503,2933,5.831013916500994,0.9025804260695628,0.5889417053325058,732150052,0.9928429423459245,0.0047528762056484345,2687.854,998.0822114864943,0.492,0.5004366830554041,500
ego,equalize,281,0.09059997536133028,0.00015295073989302982,1000,503,2933,5.831013916500994,0.9020381631113422,0.5843481680838952,1592892439,0.9474910536779324,0.06581959554504083,13512.034,7048.375855844699,0.55,0.4979919597583562,500
ego,equalize,282,0.006323300173989854,0.0003283667894668218,1000,503,2933,5.831013916500994,0.9190787765734268,0.5990862258514327,139972921,0.976882703777336,0.06043966709035069,5732.782,3061.373583035206,0.494,0.5004647139007099,500
ego,equalize,283,0.014685460492155612,0.0003078448037376619,1000,503,2933,5.831013916500994,0.91719441279361,0.5941092828003691,337485748,0.9750854870775348,0.06161180471578413,6489.37,3354.663099346971,0.546,0.498378131064201,500
ego,equalize,284,0.08202835465246602,0.0006208483897578712,1000,503,2933,5.831013916500994,0.9019825811581246,0.584897846086955,3540954424,0.9912166998011929,0.005964638340526478,2961.548,1086.4281457730447,0.7569542743538767,0.4281325135058287,500
ego,equalize,285,0.046848150352046716,0.0007325509841603613,1000,503,2933,5.831013916500994,0.911854478312532,0.5847780829166691,529463639,0.9931133200795228,0.00479795144130042,2454.564,920.2057700440943,0.538,0.4990532118085535,500
ego,equalize,286,0.08715521377164326,0.000889902448086354,1000,503,2933,5.831013916500994,0.900774690418688,0.592579049253955,2065634373,0.9939562624254473,0.003939318795527203,1923.65,678.8681930589281,0.7485805168986084,0.43262830442213646,500
ego,equalize,287,0.0015778437417721003,0.00044638539761160845,1000,503,2933,5.831013916500994,0.9199762217692821,0.5933180437892626,2807099794,0.981455268389662,0.07312369747735827,4161.778,1849.5651205042689,0.514,0.5003045164881456,500
ego,equalize,288,0.05433861718853694,0.0008352559751735481,1000,503,2933,5.831013916500994,0.9102181998361011,0.5933531020523719,339969059,0.9942107355864811,0.004480185703853271,2076.956,775.6228798633618,0.488,0.5003565862730835,500
ego,equalize,289,0.08486250309367874,0.0009219580421040065,1000,503,2933,5.831013916500994,0.9049162237620983,0.5931297687844165,454374762,0.9955785288270378,0.003613936201053815,1936.998,669.149115723953,0.552,0.49778668440038903,500
ego,equalize,290,0.047095971306319255,0.0007272284043904445,1000,503,2933,5.831013916500994,0.9110044811255209,0.58438125351975,2915402217,0.9932604373757454,0.004857506037611587,2561.36,962.1199342783999,0.514,0.5003045164881451,500
ego,equalize,291,0.06748898730705054,0.0006125089252959189,1000,503,2933,5.831013916500994,0.9072140630475586,0.5932667183530507,818976708,0.9931809145129225,0.005386088972994535,3051.31,1229.4081448702652,0.0,0.0,500
ego,equalize,292,0.0154950676667997,0.00010875400603270774,1000,503,2933,5.831013916500994,0.9164094871615855,0.5935881981121307,3235415009,0.9067077534791252,0.1599332564810022,18355.884,12900.159878401531,0.502,0.5004967472301651,500
ego,equalize,293,0.02378712008069599,0.0009284271573466842,1000,503,2933,5.831013916500994,0.9150009591276074,0.5933983596713,334484246,0.9952683896620279,0.003779861904913342,1892.618,692.20620260863,0.506,0.5004647139007098,500
ego,equalize,294,0.09763110504306088,0.0002099411768354429,1000,503,2933,5.831013916500994,0.9000561919990455,0.5928372663011633,2872292262,0.9602425447316103,0.07359944691107449,10108.816,5033.421757345455,0.53,0.4995990376259684,500
ego,equalize,295,0.04257636977726523,0.0006340403714958013,1000,503,2933,5.831013916500994,0.9138594956005528,0.5934302621906995,641303597,0.9916779324055666,0.005830375438226607,2780.112,1091.2981768873965,0.498,0.5004967472301652,500
ego,equalize,296,0.01885995444041171,0.0005324931390981987,1000,503,2933,5.831013916500994,0.9155296655118724,0.5949236265543846,3930318202,0.9896779324055666,0.007269352027109649,3434.546,1494.0906242497279,0.496,0.5004847349718867,500
ego,equalize,297,0.029022797486426014,0.0007723210016500284,1000,503,2933,5.831013916500994,0.9126339813149741,0.5942984416817946,3743243572,0.9935188866799205,0.00455563544474845,2357.504,905.8621874154912,0.496,0.5004847349718868,500
ego,equalize,298,0.09351714453398313,0.0006827784023975087,1000,503,2933,5.831013916500994,0.8988320333708624,0.5931278103445787,1910629864,0.9924890656063619,0.005236820976850923,2683.528,970.3686143478792,0.52,0.5001001903626929,500
ego,equalize,299,0.05768567537405847,0.0008286128645714282,1000,503,2933,5.831013916500994,0.9055330478770744,0.5947704597547515,2924248842,0.9944850894632207,0.004401109778745608,2223.26,793.343145867025,0.518,0.5001763216160986,500
ego,equalize,300,0.09245214986573563,0.000731707515891286,1000,503,2933,5.831013916500994,0.9010919142492471,0.5930360666417863,2913753661,0.9934075546719682,0.004258986961588019,2455.048,911.34229532844,0.506,0.5004647139007099,500
ego,equalize,301,0.08154613393787623,0.0009465165634385205,1000,503,2933,5.831013916500994,0.9058977197164777,0.5935878795414485,1954369083,0.9951252485089463,0.0035642105025427955,1868.538,676.7692678008357,0.7670536779324055,0.42201194361331085,500
ego,equalize,302,0.0946637535166174,0.0009364215856834076,1000,503,2933,5.831013916500994,0.9037706932628572,0.5937419722236617,3774382097,0.9970337972166998,0.003045469507963908,1833.384,665.7098314606794,0.0,0.0,500
ego,equalize,303,0.005716409979096716,0.00020298207684016053,1000,503,2933,5.831013916500994,0.9190164163332314,0.5918832803769851,348339908,0.9507196819085487,0.12301303049005533,9178.842,5528.870305110934,0.5,0.5005007512521912,500
ego,equalize,304,0.012003761147045733,0.0004973278848369276,1000,503,2933,5.831013916500994,0.9170317339061438,0.5930047813557683,3068358191,0.9881709741550695,0.007570481783597841,3718.174,1663.4860562814729,0.508,0.5004366830554042,500
ego,equalize,305,0.07641358595168779,0.000338811934084412,1000,503,2933,5.831013916500994,0.9047684571059832,0.5911321550410814,3726000746,0.9827514910536779,0.010237324735234464,6112.02,2815.7980198475097,0.0,0.0,500
ego,equalize,306,0.07096031190077072,0.0006907480924348251,1000,503,2933,5.831013916500994,0.9070690077062344,0.5916575034550283,1068636528,0.993558648111332,0.0045669227480244655,2638.918,951.9934128933796,0.0018767395626242541,0.001986939760779353,500
ego,equalize,307,0.043058509435350494,0.0008324229628337658,1000,503,2933,5.831013916500994,0.9087595124784874,0.5924964394539738,3290830491,0.9965208747514911,0.003386324158476164,2116.406,824.9565004406223,0.0,0.0,500
ego,equalize,308,0.05016245730542338,0.00015740181067004993,1000,503,2933,5.831013916500994,0.9085236280916614,0.5927476715207832,4130151197,0.952258449304175,0.0621417825893954,12578.926,7467.862821367403,0.506,0.50046471390071,500
ego,equalize,309,0.055921942467768354,0.00014816823898671413,1000,503,2933,5.831013916500994,0.9089764176617757,0.5923244568552011,977424665,0.9494870775347913,0.06313956403332063,13462.576,7890.327430096436,0.492,0.5004366830554041,500
ego,equalize,310,0.09466862164267152,0.0004165968442134385,1000,503,2933,5.831013916500994,0.8990204697488441,0.5940395573796817,3297542733,0.9844811133200796,0.008923908597331724,4692.038,1995.9060605552354,0.5364095427435387,0.497654175852984,500
ego,equalize,311,0.08213930375338509,0.0004603467361899431,1000,503,2933,5.831013916500994,0.9009455032505276,0.5925419213955755,2221872463,0.988155069582505,0.007769974188371132,4270.8,1774.7334757139274,0.504,0.5004847349718868,500
ego,equalize,312,0.09351800416286421,0.0006933783664510125,1000,503,2933,5.831013916500994,0.9026861673464159,0.5934922512897316,3738858783,0.9935029821073558,0.005101775417690346,2665.908,997.0566601266983,0.518,0.5001763216160983,500
ego,equalize,313,0.02752613419429786,0.0009283810605266934,1000,503,2933,5.831013916500994,0.916356616523159,0.5929399183212392,2349803155,0.9941749502982108,0.004055579680644578,1797.2,655.3086256029134,0.7365685884691848,0.4393114615107807,500
ego,equalize,314,0.08468041693493183,0.0002615073022326704,1000,503,2933,5.831013916500994,0.9040553813159231,0.5869618558896591,18489122,0.9730337972166998,0.044155445039904186,7779.356,3897.5377018752597,0.478,0.5000160318071094,500
ego,equalize,315,0.037324498800829546,0.0008011279136348283,1000,503,2933,5.831013916500994,0.9137469760367221,0.5929543926898918,2408980521,0.9940159045725646,0.00477030091928794,2256.322,930.3393665700601,0.552,0.4977866844003893,500
ego,equalize,316,0.0793414523083595,0.0002523245935828815,1000,503,2933,5.831013916500994,0.9049650274283383,0.5916338786319704,3642439418,0.972910536779324,0.014127780204463923,8223.81,4151.5263197367485,0.484,0.5002444292323063,500
ego,equalize,317,0.012140863410520442,0.00010971695779846534,1000,503,2933,5.831013916500994,0.9178153038807727,0.5930487758832559,395096049,0.8980397614314115,0.18769306260682397,17259.968,13252.354391760944,0.514,0.5003045164881454,500
ego,equalize,318,0.02029188866413875,0.0006357422679410405,1000,503,2933,5.831013916500994,0.9139245671555394,0.5978264200469203,953251128,0.9923260437375745,0.005070717068553875,2746.21,1166.3073727261408,0.536,0.4992017676347102,500
ego,equalize,319,0.08663157694161719,0.0002769138415980083,1000,503,2933,5.831013916500994,0.9019608906397958,0.5889116406516831,677409823,0.9760079522862822,0.012373545629827433,7391.312,3278.4397406269095,0.526,0.49982361618333837,500
ego,equalize,320,0.029363592718261434,0.00026110179722944833,1000,503,2933,5.831013916500994,0.9121744134578821,0.5933530369076134,1784327450,0.9714075546719683,0.060716027311304294,7673.858,4192.944625331724,0.538,0.49905321180855333,500
ego,equalize,321,0.027073455819212913,0.000705751367140666,1000,503,2933,5.831013916500994,0.914076400783841,0.5940542832303558,3018217367,0.9928628230616302,0.005380497850211987,2574.852,981.3845920591284,0.514,0.5003045164881452,500
ego,equalize,322,0.0673276319546449,0.0005884643379797649,1000,503,2933,5.831013916500994,0.9066324860248669,0.5933274011497963,422845343,0.9910019880715706,0.006777127239273588,3197.626,1264.446186455114,0.5,0.5005007512521916,500
ego,equalize,323,0.07124205111390154,0.0002453991225944738,1000,503,2933,5.831013916500994,0.9059031423460601,0.5933637764107982,776962221,0.9703817097415507,0.04529688545274374,8356.702,4000.5804951021287,0.001964214711729622,0.001989919339565447,500
ego,equalize,324,0.06070029288838115,0.0003651696757783029,1000,503,2933,5.831013916500994,0.9078634229400278,0.5894026901334709,3758054507,0.9834234592445328,0.009859903017388164,5599.75,2461.495814090604,0.0018767395626242541,0.0019869397607793545,500
ego,equalize,325,0.03263111868978382,0.0002612002994827146,1000,503,2933,5.831013916500994,0.9128210620355602,0.592606600698919,3036157539,0.9753757455268389,0.014385964950375954,7739.668,4277.32688443713,0.518,0.5001763216160985,500
ego,equalize,326,0.05351777092449577,0.0008249950200442103,1000,503,2933,5.831013916500994,0.9087798473394207,0.5904339603262422,2956815758,0.994389662027833,0.004656200528852387,2182.894,857.6026815973503,0.568,0.4958505172639653,500
ego,equalize,327,0.09297119725561268,0.0009024928081730169,1000,503,2933,5.831013916500994,0.9005998106146619,0.5936855780861848,602690352,0.9944970178926442,0.0036141290663491096,1965.756,702.738194781534,0.792497017892644,0.4040719436016932,500
ego,equalize,328,0.08272014211536301,0.0009733914724088448,1000,503,2933,5.831013916500994,0.9018104126688895,0.5930415286366547,2862653594,0.9935705765407555,0.003779675400861257,1751.812,653.2146656765368,0.8890854870775349,0.30968225118797815,500
ego,equalize,329,0.0724451789778107,0.0006396714585552303,1000,503,2933,5.831013916500994,0.9061946086861036,0.59334611177694,438861922,0.9933439363817097,0.005376446543283732,2854.748,1169.3401015282438,0.0,0.0,500
ego,equalize,330,0.0637099858196247,0.00030786359621808783,1000,503,2933,5.831013916500994,0.9075909358035219,0.5934244787180712,2181527011,0.9748707753479126,0.06128211669125279,6577.212,3166.1506715894643,0.516,0.5002444292323063,500
ego,equalize,331,0.07321575218310633,0.0006547140729251904,1000,503,2933,5.831013916500994,0.9067246707277643,0.5912147461911409,2480808000,0.9924373757455269,0.004698227252490885,2851.864,1117.115207253287,0.488,0.5003565862730838,500
ego,equalize,332,0.06867877730477191,0.0005319267500461936,1000,503,2933,5.831013916500994,0.9059356781235532,0.5907921303301467,2456112150,0.9895188866799205,0.006457750472144616,3623.856,1519.6472428657582,0.492,0.5004366830554041,500
ego,equalize,333,0.03676337299603362,0.00035137627687259454,1000,503,2933,5.831013916500994,0.9120388477183269,0.59486114552382,955381467,0.9822147117296223,0.010589505285915771,5656.622,2551.1705363081173,0.488,0.5003565862730834,500
ego,equalize,334,0.05341347704102204,0.0009601927798460343,1000,503,2933,5.831013916500994,0.9085751430726924,0.5903588288008408,596405343,0.9950536779324055,0.003930993838013431,1840.516,654.0982853346699,0.5,0.5005007512521915,500
ego,equalize,335,0.09523932699580306,0.00016507123815034298,1000,503,2933,5.831013916500994,0.8996603400395445,0.5914094135712823,85080790,0.9568508946322067,0.02364713504966177,13000.118,7272.033951768055,0.492,0.5004366830554042,500
ego,equalize,336,0.06567584905633936,0.0007780807604871075,1000,503,2933,5.831013916500994,0.9046152678202859,0.592126651330029,536683807,0.9958290258449304,0.0039362996120451965,2366.484,848.1612185482769,0.0,0.0,500
ego,equalize,337,0.06612176712928557,0.000219375213496198,1000,503,2933,5.831013916500994,0.9061756294825659,0.5944961464073409,4144867608,0.9680357852882704,0.0436824828778313,9341.744,4892.650642246814,0.0,0.0,500
ego,equalize,338,0.027497746242736466,0.00031929653456735897,1000,503,2933,5.831013916500994,0.9152300652274556,0.5870346392954816,730463898,0.9746838966202783,0.06138442436951733,6162.442,3266.6479222487174,0.5144731610337971,0.4986970189946647,500
ego,equalize,339,0.011572738329898625,0.0004025919038594671,1000,503,2933,5.831013916500994,0.9187113934192322,0.5992272637523006,611593561,0.9828389662027833,0.042826803239093346,4910.974,2389.3989872695447,0.46,0.4988965780511852,500
ego,equalize,340,0.021946673992061627,0.0008570660215462372,1000,503,2933,5.831013916500994,0.9144681857711556,0.5929582000725439,1329264283,0.9944174950298211,0.0041339382796663215,2084.616,815.1760475633729,0.518,0.5001763216160988,500
ego,equalize,341,0.05810264465295657,0.00016876706269711137,1000,503,2933,5.831013916500994,0.9060292184838463,0.5933886299575591,1092975778,0.9563459244532803,0.04752527209733571,11912.372,6460.421882153428,0.494,0.5004647139007099,500
ego,equalize,342,0.09134799135995214,0.0009446486446399854,1000,503,2933,5.831013916500994,0.9031511578330901,0.5935988565018196,1521074688,0.9970457256461233,0.00345022226413991,1881.392,656.838997985465,0.0,0.0,500
ego,equalize,343,0.0705941714994807,0.00033296511440701897,1000,503,2933,5.831013916500994,0.9035497211073823,0.594487352573425,2090103395,0.9797733598409543,0.012065709512716264,5919.11,2739.9694258895706,0.442,0.49712197750757525,500
ego,equalize,344,0.0758981859786543,0.0003141877352953853,1000,503,2933,5.831013916500994,0.9064006686102275,0.5928468303509696,2147630504,0.9792246520874752,0.012785978164364333,6390.074,2969.5116756307616,0.522,0.5000160318071093,500
ego,equalize,345,0.08645223743574852,0.0007102247388255249,1000,503,2933,5.831013916500994,0.9032731669986898,0.5795009439037003,3465283538,0.9931252485089463,0.004792802979301401,2671.238,967.5604662592076,0.53,0.499599037625968,500
ego,equalize,346,0.07320235426853407,0.00024030294041878632,1000,503,2933,5.831013916500994,0.9042682195270246,0.5918971028298778,2802995280,0.9725288270377733,0.01709241100862574,8730.49,4318.227825045593,0.0,0.0,500
ego,equalize,347,0.013286136585908936,0.00022793979849243979,1000,503,2933,5.831013916500994,0.9173923387733606,0.5937010785382647,112542478,0.9608349900596421,0.09214849571538125,8294.428,4816.332636451294,0.534,0.4993422527392824,500
ego,equalize,348,0.004825292056174136,0.0009085013671679086,1000,503,2933,5.831013916500994,0.9189554117504316,0.5977845000581995,1002173419,0.9952246520874752,0.0036912287630493945,1835.07,685.3028155479851,0.536,0.4992017676347102,500
ego,equalize,349,0.05038771535025513,0.00035802632486895563,1000,503,2933,5.831013916500994,0.9089940412079178,0.5926013747607305,1709954439,0.9825288270377733,0.009793667377842647,5337.926,2525.2361235106246,0.538,0.4990532118085532,500
ego,equalize,350,0.043588043984909466,0.0009526270227083708,1000,503,2933,5.831013916500994,0.9097301631737024,0.5942458453383267,3940307979,0.994234592445328,0.04246077391647878,1887.118,738.0415182368018,0.51,0.5004006410899235,500
ego,equalize,351,0.07945264402748518,0.0008514492855749049,1000,503,2933,5.831013916500994,0.9037096886800573,0.5938449927317341,523876327,0.9948071570576541,0.004159876425128901,2112.796,749.278296974251,0.538,0.49905321180855344,500
ego,equalize,352,0.09853222376516009,0.0008410461878757007,1000,503,2933,5.831013916500994,0.9025248441163453,0.589200595255598,2251906740,0.9934831013916501,0.004314681583958508,2191.31,781.242719180502,0.7604095427435388,0.42539815325688607,500
ego,equalize,353,0.033924988516412735,0.0005489476650768194,1000,503,2933,5.831013916500994,0.9132033574211058,0.5946520813971923,1796557499,0.9885168986083499,0.006401021520668621,3416.81,1414.6013303215477,0.7584612326043738,0.4266475864154518,500
ego,equalize,354,0.024084046935933336,0.0004108847962527324,1000,503,2933,5.831013916500994,0.9146078184828973,0.5915156863031444,3800540193,0.9833558648111332,0.04346424421384785,4687.21,2209.3430098040326,0.502,0.500496747230165,500
ego,equalize,355,0.011019935769462598,0.0007045953457286994,1000,503,2933,5.831013916500994,0.9183358763206645,0.5931929761757777,510731802,0.9930815109343936,0.00484268564197543,2446.32,1018.5585858386207,0.522,0.5000160318071094,500
ego,equalize,356,0.0964318011620916,0.0008401445443021705,1000,503,2933,5.831013916500994,0.9032080954437032,0.5901507960810896,3665918586,0.9952524850894632,0.0037387001065872466,2102.852,741.8029423685333,0.002099403578528827,0.001986939760779353,500
ego,equalize,357,0.034049353437019196,0.0008546801929163202,1000,503,2933,5.831013916500994,0.9130325445892663,0.5935310981695402,2704393252,0.9946123260437375,0.004075451974468918,2019.328,784.7264029398667,0.542,0.49873185875164205,500
ego,equalize,358,0.014852690322833673,0.00044938666663043794,1000,503,2933,5.831013916500994,0.9183046962005669,0.5911898325193246,3523733570,0.9848588469184891,0.037615897450385835,4066.476,1960.4471233039008,0.49,0.5004006410899233,500
ego,equalize,359,0.052092181548641106,0.0005616014313443314,1000,503,2933,5.831013916500994,0.909444119463241,0.5893651714812836,58066570,0.9904333996023856,0.006295853672535453,3332.874,1271.3147164808092,0.502,0.5004967472301654,500
ego,equalize,360,0.05726869315823753,0.0002601383874179109,1000,503,2933,5.831013916500994,0.9083026559361865,0.5943534094560282,2473968126,0.9698489065606363,0.06072067028180498,7755.522,3801.1684040552545,0.502,0.5004967472301651,500
ego,equalize,361,0.010389869839970402,0.000530854195760577,1000,503,2933,5.831013916500994,0.9177176965482929,0.5938621148698391,3280711316,0.9895268389662029,0.006869659300299476,3420.77,1540.5515841629372,0.518,0.5001763216160986,500
ego,equalize,362,0.0736041832348752,0.0007706049796788336,1000,503,2933,5.831013916500994,0.9023431860253414,0.5935973866444431,2967614394,0.9936858846918488,0.004380409484643684,2411.502,886.1305732123025,0.502,0.5004967472301655,500
ego,equalize,363,0.035992660656880206,0.00031211942490830816,1000,503,2933,5.831013916500994,0.9117934737297321,0.5931284317721308,2986600266,0.9756222664015904,0.04321568228514734,6158.702,3265.572105397015,0.8841749502982108,0.31433146259784084,500
ego,equalize,364,0.07847501680416266,0.0009114999086977455,1000,503,2933,5.831013916500994,0.9040567369733187,0.5842651678054579,3878721852,0.9968548707753478,0.0035416831011558457,1972.724,708.105199650125,0.0,0.0,500
ego,equalize,365,0.082247313831358,0.0009647267160855512,1000,503,2933,5.831013916500994,0.9039049033450169,0.5932418648434225,24750162,0.9972365805168986,0.0031376794364618432,1838.16,632.9822552575561,0.0,0.0,500
ego,equalize,366,0.0806197718395581,0.0007095696432927056,1000,503,2933,5.831013916500994,0.9047833693373343,0.5931722712202144,827934965,0.9947037773359841,0.004546369398479538,2577.02,942.4548657351693,0.0,0.0,500
ego,equalize,367,0.06998265306800361,0.0006567841675893599,1000,503,2933,5.831013916500994,0.906768051764422,0.5858319901416469,314718822,0.9914990059642147,0.0051526191857169815,2918.17,1175.7946501062324,0.7464850894632207,0.43371805747282055,500
ego,equalize,368,0.0149375809283126,0.00018815777628674717,1000,503,2933,5.831013916500994,0.9164189767633544,0.5929470406229157,2698757810,0.946910536779324,0.12415012346012676,10324.428,6501.190035105968,0.474,0.49982361618333854,500
ego,equalize,369,0.05431910416281693,0.0002643055312069647,1000,503,2933,5.831013916500994,0.9102493799561987,0.5944528996407539,2169881560,0.9737614314115308,0.014272342369151564,7782.498,3790.386381867116,0.756441351888668,0.42784418392067736,500
ego,equalize,370,0.08172026744888092,0.0006821628386069296,1000,503,2933,5.831013916500994,0.905011119779787,0.5911496780342247,1831427747,0.9944850894632207,0.004967558283911105,2768.428,1023.8692618428847,0.0,0.0,500
ego,equalize,371,0.011192889137944629,0.0005060003889204066,1000,503,2933,5.831013916500994,0.9185324466430196,0.5894611006943223,689765694,0.988441351888668,0.006791744099173583,3760.342,1831.3410980674635,0.444,0.4973517039629699,500
ego,equalize,372,0.05363990275288967,0.0002630487725838566,1000,503,2933,5.831013916500994,0.9092733066314015,0.5926868416302994,4170322248,0.9697017892644135,0.043752892589450205,7541.962,3953.4995036304745,0.7420119284294234,0.43569452512383056,500
ego,equalize,373,0.09605779287390248,0.000640690457177833,1000,503,2933,5.831013916500994,0.9058190915875357,0.5821942719923545,2464019801,0.9941868787276341,0.004690060442490509,2926.72,1139.606359630298,0.0,0.0,500
ego,equalize,374,0.09795743271729354,0.0006511594906762499,1000,503,2933,5.831013916500994,0.9021100129533064,0.5880082056254607,1561577629,0.9934990059642147,0.006127680429608417,2861.588,1078.5338254692633,0.0,0.0,500
ego,equalize,375,0.033185171913625126,0.0004787216990516439,1000,503,2933,5.831013916500994,0.9135138029646872,0.5933105320040676,3072034952,0.9899920477137177,0.006523291736009385,3919.188,1863.0623401331595,0.0,0.0,500
ego,equalize,376,0.046768618124181795,0.00044834153397516215,1000,503,2933,5.831013916500994,0.9136059876675846,0.5874463935134892,2919657386,0.9829980119284294,0.06084631690141734,4102.276,1885.4701225397287,0.492,0.5004366830554042,500
ego,equalize,377,0.07553022375468638,0.0009477770886479923,1000,503,2933,5.831013916500994,0.9051399072323645,0.5901830085117925,2164291930,0.9954473161033798,0.003785253970036669,1821.842,636.5666054092414,0.53,0.4995990376259682,500
ego,equalize,378,0.09597919971095836,0.00016585118805075494,1000,503,2933,5.831013916500994,0.8980362624796736,0.5930920489104348,1592632715,0.9584333996023856,0.022190004678247267,12854.726,6583.105913918727,0.0,0.0,500
ego,equalize,379,0.004177925973644858,0.0007396543670037038,1000,503,2933,5.831013916500994,0.9197538939564115,0.5924770193215091,2692347237,0.9933558648111331,0.0047997389789557685,2373.108,964.1518022238321,0.506,0.5004647139007097,500
ego,equalize,380,0.09286468308729068,0.00026390682981146336,1000,503,2933,5.831013916500994,0.9002432727196318,0.5932961532848742,1841575983,0.9720039761431412,0.04267834308136183,7393.88,3387.364516306545,0.46666401590457257,0.4979021054475449,500
ego,equalize,381,0.015515461130727826,0.0008428815030083258,1000,503,2933,5.831013916500994,0.9166385932614338,0.592055249314401,2038450642,0.9932842942345925,0.0044761441385079755,2058.898,755.1203540457562,0.7384532803180914,0.43815789976595687,500
ego,equalize,382,0.022373517238022757,0.0008659587227336378,1000,503,2933,5.831013916500994,0.9148694603602389,0.5934303373054868,1352712469,0.9939443339960238,0.04273234398685672,2046.712,788.4987772339279,0.568,0.49585051726396545,500
ego,equalize,383,0.042666996779431636,0.0007361226585507783,1000,503,2933,5.831013916500994,0.9121256097916423,0.5936911643595613,834999240,0.9931769383697813,0.00491725750537029,2440.14,958.8419746050595,0.496,0.5004847349718871,500
ego,equalize,384,0.0058295851499054925,0.0001072814552026566,1000,503,2933,5.831013916500994,0.9184090818200242,0.5934875171228177,39789775,0.8826640159045726,0.2204699450021511,15558.632,12593.907454579972,0.528,0.4997153498360078,500
ego,equalize,385,0.09847084309749725,0.0007912453233339742,1000,503,2933,5.831013916500994,0.9000100996475968,0.5935754300725051,4281062221,0.9951292246520875,0.00400764225667337,2371.826,929.0064659363263,0.0020278330019880713,0.0019896645768983047,500
ego,equalize,386,0.04603575226157494,0.0005262083171151522,1000,503,2933,5.831013916500994,0.9109177190522056,0.5929660370488229,1734336038,0.9912166998011929,0.006905051621611181,3581.338,1487.639298055223,0.0,0.0,500
ego,equalize,387,0.06176503775514963,0.00041041174889354447,1000,503,2933,5.831013916500994,0.9084775357402127,0.5932607922923072,894029879,0.9833161033797216,0.05995984184700919,4772.252,2042.7648099165174,0.0,0.0,500
ego,equalize,388,0.028895595214827843,0.0008421384336137624,1000,503,2933,5.831013916500994,0.9153954554297129,0.5910997933482552,1224485510,0.994389662027833,0.00440623235695012,2042.112,834.7758746980868,0.492,0.500436683055404,500
ego,equalize,389,0.07444795521528687,0.0009439851462794433,1000,503,2933,5.831013916500994,0.9029627214551084,0.5738256796095066,4032936904,0.9952405566600397,0.003618831356632265,1855.624,713.1315557845627,0.546,0.49837813106420115,500
ego,equalize,390,0.05298729918488979,0.000335639997826208,1000,503,2933,5.831013916500994,0.9078769795139833,0.5944342860976198,307159717,0.9815109343936382,0.011185851544775686,5651.54,2529.6479680153443,0.512,0.5003565862730835,500
ego,equalize,391,0.008229391198034909,0.0005859697881292239,1000,503,2933,5.831013916500994,0.9181989549237138,0.5934633422968001,2398482459,0.9907753479125249,0.006271192260937337,3161.156,1352.9643945684377,0.504,0.5004847349718867,500
ego,equalize,392,0.09854594043656963,0.00015833818996255177,1000,503,2933,5.831013916500994,0.9043143118784734,0.5885263011765149,2676394796,0.9525248508946322,0.04837357195631193,13168.778,7284.889001504726,0.522,0.5000160318071096,500
ego,equalize,393,0.040144412984367356,0.0003088911720725584,1000,503,2933,5.831013916500994,0.9110329499308276,0.5896339533784994,3274777821,0.9796421471172961,0.010579649103802461,6388.448,3030.5183335588104,0.504,0.5004847349718868,500
ego,equalize,394,0.057462088889058086,0.0004392345709399499,1000,503,2933,5.831013916500994,0.9095823965175872,0.5921168186748823,3344932256,0.9854115308151093,0.04267298288874303,4499.974,1976.428158536432,0.486,0.5003045164881454,500
ego,equalize,395,0.09528083461110137,0.0001250020106046441,1000,503,2933,5.831013916500994,0.899447501828443,0.5935009115753158,2280705872,0.9399165009940358,0.05245333660178854,16948.536,9431.855950875208,0.488,0.5003565862730833,500
ego,equalize,396,0.07517116555984373,0.00022956269934298938,1000,503,2933,5.831013916500994,0.9031470908609035,0.587695483347795,3542714791,0.9688469184890656,0.016756882750220106,9138.336,4500.866661044851,0.7325685884691848,0.4414464997185031,500
ego,equalize,397,0.04274135492184109,0.0004638521936162495,1000,503,2933,5.831013916500994,0.9116199495831016,0.5937119836375335,1286378994,0.9834671968190856,0.060132440013701646,4079.884,1743.173869935425,0.55,0.49799195975835603,500
ego,equalize,398,0.002813896898914936,0.00041187146334248733,1000,503,2933,5.831013916500994,0.91992199547346,0.5928345375829469,4272243875,0.9838528827037774,0.04155997529018643,4458.74,2181.0450714295685,0.496,0.5004847349718866,500
ego,equalize,399,0.08765208495889251,0.00016503234601038074,1000,503,2933,5.831013916500994,0.9011542744894425,0.5921196064647771,759017878,0.9480318091451293,0.09485199666975512,12899.332,7091.102456026121,0.538,0.49905321180855344,500
ego,equalize,400,0.09317681724473026,0.0005614487644336318,1000,503,2933,5.831013916500994,0.8999965430736414,0.5927491931908473,4220362904,0.990155069582505,0.04217795356181611,3320.412,1360.5049495284388,0.0,0.0,500
ego,equalize,401,0.09020337083284226,0.00035662612211850517,1000,503,2933,5.831013916500994,0.9011610527764202,0.5848275283972523,3943256713,0.9830497017892644,0.009807056904756353,5635.49,2280.565440270178,0.0,0.0,500
ego,equalize,402,0.05716993551810326,0.00015050380198898343,1000,503,2933,5.831013916500994,0.9076790535342327,0.5931253673173086,267938996,0.9462664015904573,0.09324540789025235,13553.234,8316.368164417461,0.0,0.0,500
ego,equalize,403,0.04540919195090917,0.00010175814564646253,1000,503,2933,5.831013916500994,0.911530476194995,0.5923959957087218,4162711356,0.9080238568588469,0.1452082891450111,19319.024,12754.925057320399,0.484,0.500244429232306,500
ego,equalize,404,0.09692616704967219,0.00030270179992222183,1000,503,2933,5.831013916500994,0.8990109801470753,0.5923234177550266,2823533109,0.9777972166998012,0.044657279254477864,6460.142,3001.084612525791,0.0,0.0,500
ego,equalize,405,0.09340774917406014,0.0008504045732546379,1000,503,2933,5.831013916500994,0.9005076259117644,0.5914147586661017,4220142446,0.996131212723658,0.004288150454674138,2121.328,801.157709672406,0.0,0.0,500
ego,equalize,406,0.019234134306255812,0.00041862686198610723,1000,503,2933,5.831013916500994,0.917430297180436,0.586431207033713,3298374990,0.9816660039761431,0.05926741683593687,4433.736,2124.164645498643,0.526,0.49982361618333837,500
ego,equalize,407,0.07698949043716785,0.000440647629363017,1000,503,2933,5.831013916500994,0.9058746735407535,0.5920851338306279,1761513019,0.984831013916501,0.04404584986507363,4360.322,1910.7364354529736,0.492,0.5004366830554041,500
ego,equalize,408,0.009861994275578857,0.0009136416715834668,1000,503,2933,5.831013916500994,0.9187005481600679,0.591675491546761,3516963264,0.9954671968190856,0.0034820978331659602,1931.494,751.470615617319,0.546,0.4983781310642011,500
ego,equalize,409,0.07150005549392723,0.000575739373260908,1000,503,2933,5.831013916500994,0.9058082463283714,0.5929173488699623,1608168595,0.9915308151093439,0.005962355169872863,3210.476,1337.3904335561606,0.00431013916500994,0.003966058518899737,500
ego,equalize,410,0.08335380410407268,0.0005208426657552273,1000,503,2933,5.831013916500994,0.903738157485364,0.5925603033857334,1989193420,0.9910536779324055,0.007226421344719951,3683.106,1548.0061074108085,0.0,0.0,500
ego,equalize,411,0.02691930791868903,0.0005639816187636272,1000,503,2933,5.831013916500994,0.9151405918393491,0.5903594779543606,4237127302,0.9897733598409543,0.006456906556494213,3204.614,1511.3591996162031,0.506,0.5004647139007101,500
ego,equalize,412,0.04579311758481032,0.0007342325738179498,1000,503,2933,5.831013916500994,0.9122218614667263,0.5936308618394076,3747682942,0.9950815109343936,0.004110008854289685,2407.87,913.3397484464278,0.0,0.0,500
ego,equalize,413,0.06360323559923273,0.0006473617026325359,1000,503,2933,5.831013916500994,0.9050667017330046,0.5917716298148685,3065819105,0.9939005964214712,0.005167796842686221,2847.4,1188.7730661508162,0.0,0.0,500
ego,equalize,414,0.009891704191340812,0.0007377766812335689,1000,503,2933,5.831013916500994,0.9186842802713212,0.5926226501900872,2564732319,0.9934473161033798,0.004717910942546829,2380.154,942.2715221882997,0.494,0.5004647139007099,500
ego,equalize,415,0.014720094501124815,0.0003449474424804962,1000,503,2933,5.831013916500994,0.9172920201260897,0.5929434166615563,1372368579,0.9738568588469185,0.08266633688993971,5577.024,3011.7284299377657,0.552,0.49778668440038903,500
ego,equalize,416,0.08271478022159885,0.00021940664121939914,1000,503,2933,5.831013916500994,0.905089747908729,0.5937220372114036,2633290872,0.9661272365805169,0.04312923288292947,9903.764,5229.15047571777,0.466,0.49934225273928234,500
ego,equalize,417,0.0933841165292095,0.0001415210851421044,1000,503,2933,5.831013916500994,0.9016938261328721,0.5802735616149521,2768001867,0.942624254473161,0.08637927304943031,14952.176,8546.473873848603,0.476,0.49992384189533395,500
ego,equalize,418,0.09195323973526784,0.0003174632429988548,1000,503,2933,5.831013916500994,0.9014145607093884,0.5922601174837,3197246577,0.978333996023857,0.043763988297950494,6178.274,2848.935967553228,0.544,0.49855904589575817,500
ego,equalize,419,0.052438934120174224,0.0006387197420578952,1000,503,2933,5.831013916500994,0.9106194744251843,0.593684024170192,1578665417,0.9910735586481113,0.005222123038227718,2940.566,1208.0374425360899,0.7644294234592445,0.4229295311359417,500
ego,equalize,420,0.05261070754818992,0.0009335859113878136,1000,503,2933,5.831013916500994,0.9086930852661054,0.5927008925245887,1555258704,0.9953320079522863,0.0037689999932296087,1843.698,672.9978744945247,0.528,0.49971534983600746,500
ego,equalize,421,0.08987930401705234,0.0007664906740488902,1000,503,2933,5.831013916500994,0.8975197570119684,0.5942012078803096,477875130,0.9938767395626242,0.004320590504887397,2335.94,849.1405016739965,0.508,0.5004366830554041,500
ego,equalize,422,0.0927557335288878,0.000562141157871801,1000,503,2933,5.831013916500994,0.9034805825802092,0.5933588733857194,3129447514,0.9912087475149105,0.006416498914798409,3400.782,1346.142030846084,0.52,0.5001001903626927,500
ego,equalize,423,0.011009383296654851,0.000503695819916521,1000,503,2933,5.831013916500994,0.9184389062827264,0.593795000117531,1712792186,0.9867634194831014,0.04258050636297815,3603.062,1773.0483216364173,0.534,0.4993422527392824,500
ego,equalize,424,0.011887947325068295,0.000258062590556404,1000,503,2933,5.831013916500994,0.917759721927555,0.594553603540084,898601191,0.9547713717693836,0.13573282669733733,7665.438,4419.219425511436,0.512,0.5003565862730835,500
ego,equalize,425,0.013710533846860974,0.0009091024175279535,1000,503,2933,5.831013916500994,0.917693294715173,0.59250668507833,2172345954,0.9934075546719682,0.042534307600123805,1932.004,756.799489242584,0.484,0.5002444292323063,500
ego,equalize,426,0.06656553978531847,0.00033643757812311565,1000,503,2933,5.831013916500994,0.9076370281549706,0.5884935258925608,3850411033,0.9833797216699801,0.010144713905527515,5889.896,2764.1702609729555,0.0,0.0,500
ego,equalize,427,0.034116701329940206,0.0007958009360616144,1000,503,2933,5.831013916500994,0.912304556567855,0.5939137446252387,123601534,0.9946520874751491,0.004280207901503814,2258.332,870.5146784441798,0.0019483101391650098,0.001989664576898304,500
ego,equalize,428,0.018415431464737564,0.0008042205434731296,1000,503,2933,5.831013916500994,0.9170385121931216,0.5929365990868876,1236341926,0.9940834990059642,0.042829893965639285,2209.582,877.8690879323027,0.0,0.0,500
ego,equalize,429,0.0773443788607568,0.0008997448667900236,1000,503,2933,5.831013916500994,0.9043332910820112,0.5891015789395796,3906559380,0.9950775347912525,0.0038390283686535608,1938.096,717.8286974353443,0.536,0.49920176763471036,500
ego,equalize,430,0.024008878955888758,0.0006540578141006613,1000,503,2933,5.831013916500994,0.9143719340960713,0.5947503431394744,2605727904,0.9934393638170974,0.0055214824700574525,2804.51,1133.7441640683835,0.0,0.0,500
ego,equalize,431,0.08065909455348348,0.0007791776733209102,1000,503,2933,5.831013916500994,0.9009251683895942,0.5924890718912178,3660648409,0.9947435387673956,0.004125368630555115,2275.29,820.4496701336682,0.0032087475149105366,0.002976460507804493,500
ego,equalize,432,0.09248859202519677,0.0007269310392161457,1000,503,2933,5.831013916500994,0.9029342526498018,0.592696133605344,3781390007,0.9951530815109344,0.004282176424037368,2540.682,944.7961114761857,0.0,0.0,500
ego,equalize,433,0.06747012786797787,0.000326091380671828,1000,503,2933,5.831013916500994,0.906544368294156,0.592643855618751,1089504801,0.9819642147117296,0.01066770394787502,6270.974,2973.312252830108,0.47,0.49959903762596825,500
ego,equalize,434,0.03669572186835788,0.0003783787756760746,1000,503,2933,5.831013916500994,0.9109692340332367,0.5932618130694649,424896639,0.9857017892644135,0.009774254140649655,5050.622,2293.691623921423,0.0,0.0,500
ego,equalize,435,0.07603571107021821,0.00043969284130575894,1000,503,2933,5.831013916500994,0.9064765854243784,0.5892084477723545,3373433562,0.9873121272365806,0.007519191920704246,4333.226,1883.2483935869682,0.478,0.5000160318071093,500
ego,equalize,436,0.08971902449584736,0.0009265960198802771,1000,503,2933,5.831013916500994,0.903148446518299,0.5933693755110331,1927897276,0.9955029821073558,0.0037428819439323394,1906.34,694.4672590899412,0.558,0.49712197750757503,500
ego,equalize,437,0.07079939924767081,0.000134303207149947,1000,503,2933,5.831013916500994,0.9073387835279493,0.59326623167653,2931829561,0.9346958250497017,0.11012807538962893,15385.4,9274.336147993128,0.498,0.5004967472301652,500
ego,equalize,438,0.09880844398330178,0.0007726886247534537,1000,503,2933,5.831013916500994,0.9008587411772122,0.5833063364476818,1825387621,0.9952962226640159,0.00413437319278586,2330.92,864.030707629917,0.0,0.0,500
ego,equalize,439,0.09262425141472033,0.0006480957527101263,1000,503,2933,5.831013916500994,0.9031687813792323,0.5932975497164286,3587902453,0.9932365805168986,0.005513729162876972,2865.284,1141.5930732242844,0.0018846918489065605,0.0019873702432737107,500
ego,equalize,440,0.035034204868098905,0.0009267862444506163,1000,503,2933,5.831013916500994,0.914297372939316,0.5920645050906732,3983065043,0.9952683896620279,0.0037398354878024507,1860.014,709.5614537990593,0.52,0.5001001903626929,500
ego,equalize,441,0.007847905606787798,0.0005961928166654187,1000,503,2933,5.831013916500994,0.9183955252460687,0.5932035654403732,1147933311,0.9921272365805168,0.006144880313187936,3004.67,1319.3218141145078,0.492,0.5004366830554043,500
ego,equalize,442,0.032836515036321734,0.0007810296121234744,1000,503,2933,5.831013916500994,0.9125485748990544,0.5925647124948896,1682888233,0.9946520874751491,0.004218698090250565,2289.914,919.6631204491288,0.518,0.5001763216160986,500
ego,equalize,443,0.01839209286763396,0.0009685378708066951,1000,503,2933,5.831013916500994,0.9159228061565825,0.5937937927507757,2810620554,0.9951133200795228,0.003909972227261224,1786.902,651.1109639460401,0.486,0.5003045164881454,500
ego,equalize,444,0.01794015696484671,0.00028264962121427213,1000,503,2933,5.831013916500994,0.9175536620034311,0.592842397062334,1034273919,0.9702266401590457,0.07404989146452295,7129.484,3939.7107018882944,0.49,0.5004006410899233,500
ego,equalize,445,0.04366566634853533,0.0002784693205907072,1000,503,2933,5.831013916500994,0.9111522477816361,0.5902910564703705,479133286,0.9753956262425447,0.0142061236539215,7262.958,3664.980858561643,0.484,0.5002444292323063,500
ego,equalize,446,0.05017019212746265,0.0004215532280431521,1000,503,2933,5.831013916500994,0.910859425784197,0.5796641880408735,1186778954,0.9835904572564612,0.04254870641352798,4524.958,2045.4680430812232,0.5184890656063618,0.4987392828882804,500
ego,equalize,447,0.01955325244948394,0.0004795182415414111,1000,503,2933,5.831013916500994,0.9149819799240696,0.5943228122915327,489289500,0.9885129224652087,0.007501431730921334,3979.158,1837.9745411359017,0.49,0.5004006410899234,500
ego,equalize,448,0.04591813409088598,0.0008877779082626609,1000,503,2933,5.831013916500994,0.9119439517006384,0.5878288789524793,3097102881,0.9943817097415507,0.004506393013408481,1990.896,742.639287545989,0.502,0.5004967472301652,500
ego,equalize,449,0.0052744371038982996,0.0008820144436280942,1000,503,2933,5.831013916500994,0.9195302104861455,0.5929480107620982,1419423746,0.9909980119284294,0.05940132658319704,1906.59,750.5496408811705,0.504,0.500484734971887,500
ego,equalize,450,0.07536509265328828,0.00021809070354372043,1000,503,2933,5.831013916500994,0.9042682195270246,0.5951730637363588,3707612483,0.966027833001988,0.043744829379984064,9280.674,4644.667530476355,0.49,0.5004006410899234,500
ego,equalize,451,0.08386075445671004,0.0007771096776004884,1000,503,2933,5.831013916500994,0.9012545931367133,0.5943493708958862,1865408170,0.9920914512922464,0.04351068472570519,2351.826,896.8387163198188,0.512,0.5003565862730833,500
ego,equalize,452,0.09107067538749102,0.00036902422422277866,1000,503,2933,5.831013916500994,0.9024313037560522,0.5891123900951956,800580158,0.9838886679920477,0.010813419479978244,5217.588,2221.8121659712174,0.52,0.5001001903626926,500
ego,equalize,453,0.046932418430560056,0.00043228432943029143,1000,503,2933,5.831013916500994,0.9112335872253692,0.5912732824224922,982050719,0.986155069582505,0.008842398053700982,4500.036,2000.122026012884,0.53,0.49959903762596825,500
ego,equalize,454,0.07128449582319517,0.0009474741197876281,1000,503,2933,5.831013916500994,0.9068683704116929,0.5946141934666895,360493799,0.9951650099403578,0.003845188280147183,1817.546,683.2308164750491,0.532,0.4994746739323221,500
ego,equalize,455,0.0945223273745318,0.00020981061382576498,1000,503,2933,5.831013916500994,0.9031294673147612,0.5883372460071901,2634066513,0.9653836978131213,0.04452149754127429,10035.918,5425.173368606287,0.524,0.49992384189533373,500
ego,equalize,456,0.0055004259423874,0.0001726633417553837,1000,503,2933,5.831013916500994,0.9195641019210343,0.5937416818798664,2261872211,0.9426520874751491,0.12351820787538276,11252.546,6992.619866765688,0.512,0.5003565862730834,500
ego,equalize,457,0.04632890584958055,0.0008395794522076843,1000,503,2933,5.831013916500994,0.9118626122569052,0.5842132217057013,2944534542,0.9937256461232604,0.004041181721352836,2123.444,810.7603663273227,0.5166003976143142,0.4985670010370591,500
ego,equalize,458,0.012814301030263953,0.00019227448648844863,1000,503,2933,5.831013916500994,0.9173150663018141,0.5938823429876587,1949050338,0.9470337972166998,0.12378358861571097,9869.396,6261.272532531806,0.456,0.49855904589575845,500
ego,equalize,459,0.033704971514403506,0.0009512387982027285,1000,503,2933,5.831013916500994,0.9136385234450779,0.5928092948390029,785947473,0.9952922465208748,0.003992333480146902,1859.332,716.1331798195617,0.522,0.5000160318071093,500
ego,equalize,460,0.029606623651346878,0.0007714122779697119,1000,503,2933,5.831013916500994,0.9115819911760259,0.5933552760440856,3489318417,0.9939642147117296,0.004443994772441235,2309.006,887.3489201978855,0.496,0.5004847349718871,500
ego,equalize,461,0.022124066174430426,0.0004256063015638391,1000,503,2933,5.831013916500994,0.9146322203160173,0.5933931807849046,4246610295,0.986469184890656,0.0087978694958624,4425.91,2135.506858097619,0.002019880715705765,0.001989807884912143,500
ego,equalize,462,0.06233049464231671,0.0007308871609995917,1000,503,2933,5.831013916500994,0.9071869498996474,0.5921320303171096,2207227498,0.9932962226640158,0.005082113453431155,2573.83,980.0297453156237,0.508,0.5004366830554041,500
ego,equalize,463,0.04754904019265885,0.0005105141429936538,1000,503,2933,5.831013916500994,0.9096366228134094,0.5936664836328319,3988549878,0.9908111332007952,0.00674837133213382,3660.054,1455.9456619754908,0.0,0.0,500
ego,equalize,464,0.025796563763028746,0.000608137000524593,1000,503,2933,5.831013916500994,0.9139069436093972,0.5923735554172708,428232919,0.9913399602385685,0.005646051433747465,3010.77,1234.6214599620396,0.496,0.5004847349718866,500
ego,equalize,465,0.04109833669976453,0.0006482618776667671,1000,503,2933,5.831013916500994,0.91177585018359,0.5877553380230232,2759479046,0.9899005964214712,0.04284145890894057,2805.028,1167.7531031154108,0.506,0.5004647139007098,500
ego,equalize,466,0.011735998913392498,0.0007417800645478277,1000,503,2933,5.831013916500994,0.9180267864344787,0.5942480462558906,4172288638,0.9935069582504971,0.004345106590990635,2308.718,880.4026329288984,0.54,0.49889657805118537,500
ego,equalize,467,0.09304117686607204,0.0002503212068478377,1000,503,2933,5.831013916500994,0.9046816950326679,0.5780282985906886,2034479566,0.9699005964214712,0.060988598451606084,8106.074,3932.918195894138,0.53,0.49959903762596825,500
ego,equalize,468,0.06017859445342016,0.0008875819648691853,1000,503,2933,5.831013916500994,0.9070202040399946,0.5890090025472127,1703247757,0.9967037773359841,0.003221834571282718,2050.714,731.0985997312933,0.0,0.0,500
ego,equalize,469,0.06060117248711997,0.0007190463148160985,1000,503,2933,5.831013916500994,0.908524983749057,0.5929691583001666,2015697022,0.9925248508946322,0.004489962351201593,2549.912,983.7511295168362,0.7804532803180914,0.412486024987118,500
ego,equalize,470,0.026259082978768635,0.0008711077025677695,1000,503,2933,5.831013916500994,0.9139272784703305,0.5935255041231065,3106598018,0.9966799204771373,0.003490901134864378,2075.452,791.8429327564354,0.0,0.0,500
ego,equalize,471,0.01051261393660935,0.0001952388565808351,1000,503,2933,5.831013916500994,0.9186991925026724,0.5941317659870468,3278906554,0.9581988071570576,0.07301000687048101,10372.792,6373.613913107911,0.46,0.49889657805118537,500
ego,equalize,472,0.08832337878865246,0.0005796901061832973,1000,503,2933,5.831013916500994,0.9019893594451024,0.5934467182794518,3238165569,0.9895546719681909,0.006001114288649733,3287.14,1238.7040420567032,0.7245407554671969,0.44556036079324574,500
ego,equalize,473,0.07111727138049896,0.00029254869352799204,1000,503,2933,5.831013916500994,0.9047874363095211,0.5931927211072258,402954666,0.9796540755467197,0.014059372626611255,6725.3,3313.7831316014885,0.0,0.0,500
ego,equalize,474,0.03007078723956365,0.00037264618199145557,1000,503,2933,5.831013916500994,0.9134677106132385,0.5918552096621362,4174881664,0.9821789264413519,0.04420084126361064,5217.574,2450.810448859004,0.506,0.5004647139007098,500
ego,equalize,475,0.07818055135934587,0.0005443054140504981,1000,503,2933,5.831013916500994,0.9057852001526471,0.5932060838888707,2620067890,0.9905367793240557,0.0061936683114437166,3462.35,1415.3720994352404,0.432,0.4958505172639653,500
ego,equalize,476,0.014233042109690008,0.000138388155221051,1000,503,2933,5.831013916500994,0.917484523476258,0.5929685964393819,1449274697,0.9250735586481114,0.14936008893710656,13799.076,10085.268211406974,0.51,0.5004006410899237,500
ego,equalize,477,0.09709548468476328,0.00028978746785425437,1000,503,2933,5.831013916500994,0.8997498134276509,0.5934794716274079,4113325305,0.9740238568588468,0.043741632906207195,7193.01,3571.640227364376,0.005157057654075547,0.0035427385351492536,500
ego,equalize,478,0.06096136288840426,0.0008207430053006851,1000,503,2933,5.831013916500994,0.9089343922825136,0.5930386183278624,2350443095,0.9920636182902585,0.04207031634445121,2218.614,833.734871933131,0.006894632206759444,0.0053580291896662535,500
ego,equalize,479,0.023817018628502773,0.0006387799952490372,1000,503,2933,5.831013916500994,0.9143529548925337,0.5930366090051776,1487878918,0.9920039761431412,0.005905329698446168,2810.708,1170.434752455476,0.52,0.5001001903626927,500
ego,equalize,480,0.04585801689846051,0.0008369101165318016,1000,503,2933,5.831013916500994,0.908419242472204,0.5940862015031141,1089376841,0.9942465208747515,0.0038705382880734477,2079.088,793.8741213170973,0.47,0.49959903762596797,500
ego,equalize,481,0.09280719217604046,0.0004936448031301547,1000,503,2933,5.831013916500994,0.8981691169044377,0.5933208983449595,1403181078,0.9891968190854871,0.007285272198691741,3867.602,1606.1706559229306,0.476,0.49992384189533384,500
ego,equalize,482,0.010938887240027463,0.0005088605355112284,1000,503,2933,5.831013916500994,0.9185500701891617,0.5915258344412485,3237631386,0.9886083499005964,0.0416520203380359,3673.2,1758.3831273203477,0.0,0.0,500
ego,equalize,483,0.01737093696073173,0.000898428489451416,1000,503,2933,5.831013916500994,0.9172310155432899,0.59193824163812,3076310712,0.9966719681908548,0.003281928846471176,1880.922,710.2482164524934,0.0,0.0,500
ego,equalize,484,0.05054420277463587,0.0007185212943183211,1000,503,2933,5.831013916500994,0.9115779242038393,0.5932746849778365,2433574015,0.993117296222664,0.0046486414748699275,2524.24,983.769804607213,0.522,0.5000160318071093,500
ego,equalize,485,0.08388181927645404,0.00020307597260722866,1000,503,2933,5.831013916500994,0.9051914222133954,0.5941513653223869,641630386,0.9649980119284294,0.019105302310257387,10319.672,5380.002394790536,0.518,0.5001763216160983,500
ego,equalize,486,0.06436239108328952,0.0006479878341166303,1000,503,2933,5.831013916500994,0.9051073714548712,0.5936891398044599,3182817857,0.9936580516898609,0.0053287248210596985,2823.07,1071.6617614536426,0.0,0.0,500
ego,equalize,487,0.03575770123033375,0.0007588316204202437,1000,503,2933,5.831013916500994,0.9134094173452296,0.5925715022631401,4294939643,0.9932166998011929,0.004645957098541782,2285.328,911.8191865023173,0.7650059642147118,0.42324703834825417,500
ego,equalize,488,0.07037222830326299,0.0009101581307702827,1000,503,2933,5.831013916500994,0.904460722877193,0.5928950198136873,296869098,0.9948349900596422,0.0039181477846208625,1906.81,667.7167222275359,0.488,0.5003565862730837,500
ego,equalize,489,0.005188143792373212,0.0006130965044949781,1000,503,2933,5.831013916500994,0.9197471156694338,0.5932522151138864,3873964331,0.9893717693836979,0.042869768416420505,2821.976,1272.4207246130707,0.514,0.5003045164881453,500
ego,equalize,490,0.0942342076440949,0.0003313020328540331,1000,503,2933,5.831013916500994,0.9025777147547718,0.5941925759706506,2649492599,0.9829423459244533,0.010735202819089398,6221.544,2780.567384910506,0.0,0.0,500
ego,equalize,491,0.034813730753683346,0.00017042921769884652,1000,503,2933,5.831013916500994,0.9124089421873125,0.594388705863068,2660253202,0.9490337972166998,0.10193899391637921,11908.938,7184.39687092479,0.522,0.5000160318071095,500
ego,equalize,492,0.04597047829621551,0.000545504822927877,1000,503,2933,5.831013916500994,0.9092461934834906,0.5935571222465897,801244484,0.9900318091451292,0.006920671052868765,3419.198,1464.5419245940989,0.488,0.5003565862730834,500
ego,equalize,493,0.007463098798238044,0.0006581529247125539,1000,503,2933,5.831013916500994,0.9188144233812943,0.5936848433884168,1278634987,0.9925049701789265,0.005479398127321166,2716.204,1201.1935807441039,0.508,0.500436683055404,500
ego,equalize,494,0.08644077319893734,0.00015295736726081427,1000,503,2933,5.831013916500994,0.9017128053364099,0.5943018638336509,1822547474,0.9503459244532803,0.06284135763651079,13809.448,7765.159882920035,0.0,0.0,500
ego,equalize,495,0.04336521849106169,0.0009365831611361497,1000,503,2933,5.831013916500994,0.9105001765743758,0.5938497353508725,2809185988,0.9950258449304176,0.004156323816403367,1919.316,658.0640765165676,0.504,0.5004847349718868,500
ego,equalize,496,0.004799426457744571,0.0006799730937878242,1000,503,2933,5.831013916500994,0.9188428921866009,0.5930348018832522,4000753185,0.9925208747514911,0.005792879183480462,2613.282,1050.4818373762182,0.51,0.5004006410899238,500
ego,equalize,497,0.07692544722397694,0.000770379829291868,1000,503,2933,5.831013916500994,0.9044254757849086,0.5941565314781162,88367262,0.9954115308151094,0.004418268908838542,2346.492,885.2019447006451,0.0,0.0,500
ego,equalize,498,0.06844968775168181,0.0005636034047323247,1000,503,2933,5.831013916500994,0.9080084782813517,0.5935285223966215,3330516367,0.9922823061630218,0.006071509859632335,3418.49,1355.6830274225917,0.0,0.0,500
ego,equalize,499,0.05284332845427786,0.0003649025202510723,1000,503,2933,5.831013916500994,0.9080627045771739,0.5836311028556603,1144489073,0.9827077534791252,0.009918180657930086,5524.448,2533.425840294629,0.488,0.5003565862730835,500
