n_agents,shape,conclusion,steps
5,cycle,1.0,224
5,cycle,1.0,1092
5,cycle,1.0,438
5,cycle,1.0,268
5,cycle,0.0,93
5,cycle,1.0,455
5,cycle,0.0,20
5,cycle,1.0,371
5,cycle,1.0,705
5,cycle,1.0,1167
5,cycle,1.0,631
5,cycle,1.0,737
5,cycle,0.0,18
5,cycle,1.0,551
5,cycle,0.0,551
5,cycle,1.0,399
5,cycle,0.0,43
5,cycle,1.0,238
5,cycle,1.0,194
5,cycle,1.0,982
5,cycle,1.0,221
5,cycle,1.0,333
5,cycle,0.0,11
5,cycle,0.0,1
5,cycle,1.0,192
5,cycle,1.0,209
5,cycle,0.0,25
5,cycle,1.0,566
5,cycle,1.0,278
5,cycle,1.0,345
5,cycle,1.0,135
5,cycle,1.0,1539
5,cycle,1.0,295
5,cycle,1.0,601
5,cycle,0.0,1
5,cycle,1.0,524
5,cycle,1.0,1071
5,cycle,0.0,25
5,cycle,1.0,94
5,cycle,1.0,367
5,cycle,0.0,23
5,cycle,1.0,508
5,cycle,1.0,598
5,cycle,1.0,622
5,cycle,0.0,90
5,cycle,1.0,344
5,cycle,1.0,346
5,cycle,0.0,162
5,cycle,1.0,765
5,cycle,1.0,445
5,cycle,1.0,918
5,cycle,0.0,1
5,cycle,1.0,266
5,cycle,1.0,142
5,cycle,1.0,489
5,cycle,1.0,267
5,cycle,1.0,814
5,cycle,1.0,776
5,cycle,1.0,698
5,cycle,0.0,5
5,cycle,1.0,1051
5,cycle,1.0,367
5,cycle,1.0,316
5,cycle,1.0,216
5,cycle,1.0,199
5,cycle,1.0,360
5,cycle,1.0,338
5,cycle,1.0,1024
5,cycle,0.0,8
5,cycle,1.0,1025
5,cycle,1.0,248
5,cycle,1.0,574
5,cycle,0.0,8
5,cycle,1.0,271
5,cycle,1.0,149
5,cycle,1.0,790
5,cycle,1.0,465
5,cycle,1.0,260
5,cycle,1.0,498
5,cycle,1.0,352
5,cycle,1.0,287
5,cycle,1.0,341
5,cycle,1.0,463
5,cycle,1.0,490
5,cycle,1.0,751
5,cycle,1.0,336
5,cycle,0.0,4
5,cycle,1.0,516
5,cycle,1.0,237
5,cycle,1.0,205
5,cycle,1.0,361
5,cycle,1.0,561
5,cycle,1.0,956
5,cycle,1.0,149
5,cycle,1.0,314
5,cycle,1.0,225
5,cycle,1.0,1027
5,cycle,1.0,264
5,cycle,0.0,117
5,cycle,1.0,261
5,cycle,1.0,911
5,cycle,1.0,161
5,cycle,1.0,374
5,cycle,1.0,510
5,cycle,1.0,482
5,cycle,0.0,1
5,cycle,1.0,670
5,cycle,0.0,210
5,cycle,1.0,494
5,cycle,0.0,469
5,cycle,1.0,687
5,cycle,1.0,237
5,cycle,1.0,86
5,cycle,1.0,392
5,cycle,1.0,822
5,cycle,0.0,10
5,cycle,1.0,1151
5,cycle,1.0,302
5,cycle,0.0,201
5,cycle,0.0,4
5,cycle,0.0,1
5,cycle,1.0,949
5,cycle,1.0,284
5,cycle,1.0,469
5,cycle,1.0,308
5,cycle,0.0,12
5,cycle,0.0,2
5,cycle,1.0,631
5,cycle,1.0,214
5,cycle,1.0,304
5,cycle,1.0,394
5,cycle,1.0,812
5,cycle,1.0,206
5,cycle,1.0,428
5,cycle,1.0,240
5,cycle,1.0,375
5,cycle,1.0,398
5,cycle,1.0,512
5,cycle,1.0,990
5,cycle,1.0,807
5,cycle,1.0,747
5,cycle,1.0,694
5,cycle,1.0,1029
5,cycle,1.0,386
5,cycle,1.0,573
5,cycle,1.0,284
5,cycle,0.0,36
5,cycle,1.0,711
5,cycle,1.0,1172
5,cycle,0.0,56
5,cycle,1.0,829
5,cycle,1.0,642
5,cycle,1.0,456
5,cycle,0.0,12
5,cycle,1.0,267
5,cycle,0.0,1
5,cycle,1.0,413
5,cycle,1.0,367
5,cycle,1.0,254
5,cycle,1.0,325
5,cycle,1.0,386
5,cycle,1.0,225
5,cycle,1.0,172
5,cycle,1.0,672
5,cycle,1.0,493
5,cycle,0.0,366
5,cycle,1.0,640
5,cycle,1.0,383
5,cycle,0.0,14
5,cycle,1.0,817
5,cycle,1.0,452
5,cycle,1.0,327
5,cycle,1.0,494
5,cycle,1.0,369
5,cycle,1.0,540
5,cycle,0.0,22
5,cycle,1.0,126
5,cycle,1.0,756
5,cycle,1.0,245
5,cycle,1.0,184
5,cycle,1.0,690
5,cycle,0.0,1
5,cycle,1.0,468
5,cycle,1.0,404
5,cycle,1.0,1004
5,cycle,1.0,765
5,cycle,1.0,477
5,cycle,0.0,46
5,cycle,1.0,114
5,cycle,0.0,18
5,cycle,0.0,30
5,cycle,1.0,307
5,cycle,1.0,396
5,cycle,1.0,668
5,cycle,1.0,426
5,cycle,1.0,331
5,cycle,0.0,36
5,cycle,1.0,449
5,cycle,0.0,9
5,cycle,1.0,66
5,cycle,1.0,545
5,cycle,1.0,208
5,cycle,1.0,232
5,cycle,1.0,1049
5,cycle,1.0,376
5,cycle,1.0,649
5,cycle,1.0,236
5,cycle,1.0,474
5,cycle,1.0,571
5,cycle,1.0,171
5,cycle,1.0,158
5,cycle,1.0,303
5,cycle,1.0,676
5,cycle,1.0,367
5,cycle,1.0,621
5,cycle,1.0,1019
5,cycle,1.0,665
5,cycle,0.0,1
5,cycle,0.0,30
5,cycle,1.0,270
5,cycle,0.0,51
5,cycle,1.0,594
5,cycle,1.0,235
5,cycle,1.0,623
5,cycle,1.0,401
5,cycle,1.0,509
5,cycle,1.0,97
5,cycle,1.0,905
5,cycle,1.0,548
5,cycle,1.0,172
5,cycle,1.0,194
5,cycle,1.0,338
5,cycle,0.0,17
5,cycle,1.0,184
5,cycle,0.0,4
5,cycle,1.0,179
5,cycle,0.0,239
5,cycle,1.0,188
5,cycle,1.0,744
5,cycle,1.0,404
5,cycle,1.0,210
5,cycle,0.0,31
5,cycle,1.0,686
5,cycle,1.0,187
5,cycle,1.0,477
5,cycle,1.0,650
5,cycle,1.0,208
5,cycle,1.0,394
5,cycle,1.0,777
5,cycle,1.0,402
5,cycle,0.0,1
5,cycle,1.0,351
5,cycle,0.0,63
5,cycle,1.0,766
5,cycle,1.0,631
5,cycle,1.0,241
5,cycle,1.0,497
5,cycle,0.0,242
5,cycle,1.0,280
5,cycle,0.0,1
5,cycle,1.0,447
5,cycle,0.0,24
5,cycle,1.0,287
5,cycle,1.0,191
5,cycle,0.0,10
5,cycle,1.0,158
5,cycle,1.0,725
5,cycle,1.0,204
5,cycle,1.0,417
5,cycle,1.0,1358
5,cycle,1.0,353
5,cycle,1.0,1475
5,cycle,1.0,572
5,cycle,1.0,525
5,cycle,1.0,571
5,cycle,1.0,842
5,cycle,1.0,446
5,cycle,1.0,491
5,cycle,1.0,508
5,cycle,1.0,1365
5,cycle,1.0,619
5,cycle,1.0,336
5,cycle,1.0,449
5,cycle,0.0,26
5,cycle,1.0,109
5,cycle,1.0,1445
5,cycle,1.0,1120
5,cycle,1.0,836
5,cycle,1.0,421
5,cycle,0.0,1
5,cycle,0.0,206
5,cycle,1.0,219
5,cycle,1.0,449
5,cycle,0.0,10
5,cycle,1.0,463
5,cycle,1.0,276
5,cycle,1.0,130
5,cycle,1.0,504
5,cycle,1.0,282
5,cycle,1.0,171
5,cycle,1.0,644
5,cycle,0.0,1
5,cycle,1.0,228
5,cycle,1.0,521
5,cycle,1.0,632
5,cycle,1.0,407
5,cycle,0.0,86
5,cycle,1.0,201
5,cycle,1.0,549
5,cycle,0.0,477
5,cycle,1.0,916
5,cycle,1.0,716
5,cycle,1.0,141
5,cycle,1.0,192
5,cycle,1.0,330
5,cycle,1.0,615
5,cycle,1.0,345
5,cycle,1.0,375
5,cycle,1.0,755
5,cycle,1.0,630
5,cycle,1.0,679
5,cycle,1.0,180
5,cycle,1.0,965
5,cycle,1.0,300
5,cycle,1.0,714
5,cycle,1.0,569
5,cycle,1.0,483
5,cycle,1.0,286
5,cycle,1.0,114
5,cycle,1.0,1052
5,cycle,1.0,310
5,cycle,1.0,367
5,cycle,1.0,428
5,cycle,0.0,12
5,cycle,1.0,626
5,cycle,1.0,600
5,cycle,1.0,402
5,cycle,1.0,231
5,cycle,0.0,12
5,cycle,1.0,136
5,cycle,1.0,646
5,cycle,1.0,123
5,cycle,1.0,129
5,cycle,1.0,153
5,cycle,1.0,249
5,cycle,0.0,1
5,cycle,1.0,558
5,cycle,0.0,118
5,cycle,1.0,747
5,cycle,1.0,621
5,cycle,1.0,910
5,cycle,0.0,1
5,cycle,1.0,809
5,cycle,1.0,564
5,cycle,0.0,1
5,cycle,0.0,9
5,cycle,1.0,284
5,cycle,0.0,30
5,cycle,1.0,218
5,cycle,1.0,199
5,cycle,1.0,454
5,cycle,1.0,250
5,cycle,0.0,58
5,cycle,1.0,421
5,cycle,1.0,656
5,cycle,1.0,184
5,cycle,1.0,654
5,cycle,1.0,450
5,cycle,1.0,608
5,cycle,1.0,1472
5,cycle,1.0,320
5,cycle,1.0,350
5,cycle,0.0,46
5,cycle,1.0,1484
5,cycle,1.0,407
5,cycle,0.0,1
5,cycle,1.0,1119
5,cycle,0.0,652
5,cycle,1.0,462
5,cycle,1.0,650
5,cycle,1.0,486
5,cycle,1.0,442
5,cycle,1.0,509
5,cycle,1.0,556
5,cycle,1.0,305
5,cycle,1.0,187
5,cycle,1.0,436
5,cycle,1.0,265
5,cycle,1.0,135
5,cycle,1.0,897
5,cycle,1.0,319
5,cycle,0.0,86
5,cycle,1.0,712
5,cycle,1.0,729
5,cycle,1.0,511
5,cycle,1.0,453
5,cycle,1.0,452
5,cycle,1.0,565
5,cycle,1.0,1075
5,cycle,1.0,122
5,cycle,1.0,1199
5,cycle,1.0,1004
5,cycle,1.0,689
5,cycle,1.0,411
5,cycle,0.0,1
5,cycle,1.0,732
5,cycle,1.0,739
5,cycle,1.0,694
5,cycle,1.0,102
5,cycle,1.0,475
5,cycle,1.0,88
5,cycle,1.0,275
5,cycle,1.0,655
5,cycle,1.0,196
5,cycle,1.0,206
5,cycle,1.0,355
5,cycle,0.0,28
5,cycle,1.0,213
5,cycle,1.0,420
5,cycle,1.0,345
5,cycle,1.0,1178
5,cycle,1.0,179
5,cycle,1.0,473
5,cycle,1.0,808
5,cycle,0.0,8
5,cycle,1.0,415
5,cycle,0.0,24
5,cycle,1.0,542
5,cycle,1.0,132
5,cycle,1.0,845
5,cycle,1.0,311
5,cycle,1.0,389
5,cycle,0.0,1
5,cycle,1.0,307
5,cycle,1.0,601
5,cycle,1.0,192
5,cycle,0.0,140
5,cycle,1.0,688
5,cycle,1.0,151
5,cycle,1.0,191
5,cycle,1.0,916
5,cycle,1.0,299
5,cycle,1.0,401
5,cycle,1.0,298
5,cycle,1.0,221
5,cycle,1.0,616
5,cycle,1.0,381
5,cycle,1.0,380
5,cycle,1.0,91
5,cycle,1.0,293
5,cycle,1.0,375
5,cycle,1.0,656
5,cycle,1.0,239
5,cycle,0.0,1
5,cycle,1.0,221
5,cycle,1.0,484
5,cycle,1.0,513
5,cycle,1.0,1030
5,cycle,1.0,489
5,cycle,1.0,358
5,cycle,1.0,214
5,cycle,1.0,137
5,cycle,0.0,43
5,cycle,1.0,748
5,cycle,1.0,176
5,cycle,1.0,873
5,cycle,0.0,1
5,cycle,1.0,140
5,cycle,1.0,213
5,cycle,1.0,609
5,cycle,1.0,374
5,cycle,1.0,447
5,cycle,1.0,359
5,cycle,1.0,465
5,cycle,1.0,185
5,cycle,1.0,926
5,cycle,1.0,437
5,cycle,1.0,499
5,cycle,1.0,292
5,cycle,1.0,714
5,cycle,0.0,127
5,cycle,1.0,287
5,cycle,1.0,533
5,cycle,0.0,25
5,cycle,1.0,423
5,cycle,1.0,440
5,cycle,0.0,12
5,cycle,1.0,270
5,cycle,1.0,404
5,cycle,1.0,219
5,cycle,1.0,598
5,cycle,1.0,564
5,cycle,1.0,225
5,cycle,1.0,637
5,cycle,1.0,491
5,cycle,1.0,748
5,cycle,1.0,225
5,cycle,1.0,303
5,cycle,1.0,431
5,cycle,1.0,507
5,cycle,1.0,498
5,cycle,1.0,572
5,cycle,1.0,802
5,cycle,1.0,895
5,cycle,1.0,438
5,cycle,1.0,646
5,cycle,1.0,533
5,cycle,1.0,223
5,cycle,1.0,389
5,cycle,1.0,1276
5,cycle,1.0,683
5,cycle,1.0,455
5,cycle,0.0,1
5,cycle,1.0,642
5,cycle,1.0,284
5,cycle,0.0,1
5,cycle,0.0,65
5,cycle,1.0,863
5,cycle,1.0,641
5,cycle,1.0,352
5,cycle,1.0,435
5,cycle,1.0,635
5,cycle,1.0,989
5,cycle,1.0,244
5,cycle,1.0,343
5,cycle,1.0,891
5,cycle,1.0,380
5,cycle,1.0,146
5,cycle,1.0,1955
5,cycle,1.0,117
5,cycle,1.0,675
5,cycle,1.0,1174
5,cycle,1.0,886
5,cycle,0.0,32
5,cycle,0.0,22
5,cycle,1.0,456
5,cycle,0.0,1
5,cycle,0.0,62
5,cycle,1.0,212
5,cycle,1.0,499
5,cycle,1.0,211
5,cycle,0.0,3
5,cycle,1.0,519
5,cycle,1.0,845
5,cycle,0.0,37
5,cycle,0.0,27
5,cycle,1.0,991
5,cycle,1.0,521
5,cycle,1.0,646
5,cycle,1.0,438
5,cycle,1.0,698
5,cycle,1.0,109
5,cycle,1.0,993
5,cycle,1.0,695
5,cycle,1.0,1339
5,cycle,1.0,174
5,cycle,0.0,31
5,cycle,1.0,582
5,cycle,1.0,403
5,cycle,1.0,231
5,cycle,1.0,248
5,cycle,0.0,18
5,cycle,1.0,782
5,cycle,1.0,219
5,cycle,1.0,302
5,cycle,0.0,74
5,cycle,1.0,764
5,cycle,0.0,10
5,cycle,1.0,1048
5,cycle,1.0,231
5,cycle,1.0,382
5,cycle,1.0,327
5,cycle,0.0,1
5,cycle,1.0,311
5,cycle,1.0,383
5,cycle,1.0,463
5,cycle,1.0,240
5,cycle,1.0,621
5,cycle,1.0,699
5,cycle,1.0,377
5,cycle,1.0,1591
5,cycle,1.0,214
5,cycle,1.0,660
5,cycle,1.0,933
5,cycle,1.0,262
5,cycle,1.0,903
5,cycle,1.0,639
5,cycle,1.0,270
5,cycle,1.0,549
5,cycle,0.0,145
5,cycle,1.0,909
5,cycle,1.0,81
5,cycle,1.0,473
5,cycle,0.0,86
5,cycle,1.0,296
5,cycle,1.0,527
5,cycle,1.0,109
5,cycle,1.0,558
5,cycle,0.0,83
5,cycle,1.0,412
5,cycle,1.0,155
5,cycle,0.0,54
5,cycle,1.0,204
5,cycle,1.0,1136
5,cycle,1.0,645
5,cycle,1.0,525
5,cycle,1.0,569
5,cycle,1.0,1038
5,cycle,1.0,252
5,cycle,0.0,274
5,cycle,0.0,21
5,cycle,1.0,1019
5,cycle,1.0,294
5,cycle,0.0,242
5,cycle,1.0,353
5,cycle,1.0,503
5,cycle,1.0,288
5,cycle,1.0,574
5,cycle,0.0,73
5,cycle,1.0,356
5,cycle,1.0,462
5,cycle,0.0,636
5,cycle,1.0,332
5,cycle,1.0,354
5,cycle,1.0,344
5,cycle,0.0,66
5,cycle,1.0,397
5,cycle,0.0,1
5,cycle,1.0,154
5,cycle,1.0,535
5,cycle,1.0,855
5,cycle,1.0,1827
5,cycle,1.0,493
5,cycle,1.0,319
5,cycle,0.0,15
5,cycle,0.0,207
5,cycle,1.0,1486
5,cycle,1.0,108
5,cycle,0.0,56
5,cycle,1.0,528
5,cycle,1.0,229
5,cycle,1.0,303
5,cycle,0.0,164
5,cycle,1.0,686
5,cycle,1.0,1465
5,cycle,1.0,680
5,cycle,1.0,565
5,cycle,1.0,1508
5,cycle,1.0,466
5,cycle,1.0,126
5,cycle,1.0,253
5,cycle,1.0,181
5,cycle,1.0,271
5,cycle,1.0,811
5,cycle,1.0,511
5,cycle,1.0,56
5,cycle,1.0,320
5,cycle,1.0,1023
5,cycle,0.0,1
5,cycle,1.0,395
5,cycle,0.0,58
5,cycle,1.0,705
5,cycle,1.0,378
5,cycle,1.0,424
5,cycle,1.0,650
5,cycle,1.0,168
5,cycle,0.0,304
5,cycle,1.0,1140
5,cycle,0.0,28
5,cycle,1.0,416
5,cycle,0.0,22
5,cycle,1.0,608
5,cycle,1.0,380
5,cycle,1.0,621
5,cycle,1.0,398
5,cycle,1.0,442
5,cycle,0.0,223
5,cycle,0.0,17
5,cycle,1.0,353
5,cycle,1.0,221
5,cycle,1.0,353
5,cycle,1.0,321
5,cycle,1.0,886
5,cycle,1.0,150
5,cycle,1.0,518
5,cycle,1.0,239
5,cycle,1.0,559
5,cycle,1.0,898
5,cycle,1.0,501
5,cycle,1.0,629
5,cycle,1.0,521
5,cycle,0.0,1
5,cycle,0.0,1
5,cycle,1.0,361
5,cycle,1.0,143
5,cycle,1.0,664
5,cycle,1.0,847
5,cycle,1.0,1058
5,cycle,1.0,507
5,cycle,0.0,1
5,cycle,1.0,540
5,cycle,1.0,868
5,cycle,1.0,114
5,cycle,0.0,54
5,cycle,1.0,129
5,cycle,0.0,123
5,cycle,1.0,574
5,cycle,1.0,408
5,cycle,1.0,179
5,cycle,1.0,993
5,cycle,1.0,265
5,cycle,1.0,444
5,cycle,1.0,1398
5,cycle,0.0,4
5,cycle,1.0,328
5,cycle,1.0,828
5,cycle,1.0,129
5,cycle,1.0,573
5,cycle,1.0,370
5,cycle,1.0,209
5,cycle,1.0,220
5,cycle,1.0,561
5,cycle,1.0,759
5,cycle,1.0,427
5,cycle,1.0,1031
5,cycle,1.0,337
5,cycle,0.0,324
5,cycle,1.0,424
5,cycle,1.0,641
5,cycle,0.0,28
5,cycle,1.0,516
5,cycle,0.0,233
5,cycle,1.0,469
5,cycle,1.0,565
5,cycle,1.0,674
5,cycle,1.0,488
5,cycle,1.0,569
5,cycle,1.0,484
5,cycle,1.0,460
5,cycle,1.0,1098
5,cycle,1.0,686
5,cycle,1.0,648
5,cycle,1.0,134
5,cycle,0.0,31
5,cycle,1.0,465
5,cycle,1.0,686
5,cycle,1.0,289
5,cycle,1.0,412
5,cycle,1.0,263
5,cycle,1.0,888
5,cycle,1.0,842
5,cycle,0.0,93
5,cycle,1.0,1124
5,cycle,1.0,286
5,cycle,1.0,544
5,cycle,1.0,2352
5,cycle,1.0,472
5,cycle,1.0,770
5,cycle,1.0,163
5,cycle,0.0,543
5,cycle,1.0,439
5,cycle,0.0,33
5,cycle,1.0,542
5,cycle,0.0,1
5,cycle,1.0,705
5,cycle,1.0,896
5,cycle,0.0,48
5,cycle,0.0,80
5,cycle,1.0,249
5,cycle,1.0,130
5,cycle,1.0,429
5,cycle,1.0,225
5,cycle,1.0,363
5,cycle,1.0,414
5,cycle,1.0,383
5,cycle,1.0,579
5,cycle,1.0,411
5,cycle,0.0,5
5,cycle,1.0,778
5,cycle,1.0,853
5,cycle,1.0,415
5,cycle,0.0,21
5,cycle,1.0,795
5,cycle,1.0,1220
5,cycle,1.0,603
5,cycle,1.0,206
5,cycle,1.0,132
5,cycle,1.0,1064
5,cycle,1.0,84
5,cycle,1.0,233
5,cycle,1.0,1227
5,cycle,1.0,252
5,cycle,1.0,721
5,cycle,1.0,344
5,cycle,1.0,358
5,cycle,1.0,892
5,cycle,1.0,640
5,cycle,0.0,18
5,cycle,1.0,317
5,cycle,0.0,9
5,cycle,1.0,433
5,cycle,1.0,1368
5,cycle,1.0,305
5,cycle,1.0,348
5,cycle,1.0,149
5,cycle,1.0,268
5,cycle,1.0,362
5,cycle,1.0,204
5,cycle,1.0,289
5,cycle,1.0,132
5,cycle,0.0,8
5,cycle,1.0,668
5,cycle,1.0,540
5,cycle,1.0,921
5,cycle,1.0,690
5,cycle,1.0,1266
5,cycle,1.0,200
5,cycle,1.0,1146
5,cycle,1.0,722
5,cycle,0.0,310
5,cycle,0.0,64
5,cycle,1.0,206
5,cycle,1.0,479
5,cycle,1.0,277
5,cycle,1.0,175
5,cycle,1.0,139
5,cycle,1.0,232
5,cycle,1.0,106
5,cycle,1.0,2772
5,cycle,1.0,570
5,cycle,1.0,655
5,cycle,1.0,404
5,cycle,1.0,289
5,cycle,1.0,493
5,cycle,1.0,973
5,cycle,1.0,472
5,cycle,1.0,662
5,cycle,1.0,379
5,cycle,1.0,465
5,cycle,1.0,445
5,cycle,1.0,556
5,cycle,1.0,197
5,cycle,1.0,156
5,cycle,1.0,227
5,cycle,1.0,916
5,cycle,1.0,1224
5,cycle,1.0,862
5,cycle,0.0,13
5,cycle,1.0,517
5,cycle,1.0,378
5,cycle,1.0,215
5,cycle,1.0,484
5,cycle,0.0,1
5,cycle,1.0,200
5,cycle,0.0,1
5,cycle,1.0,129
5,cycle,1.0,309
5,cycle,0.0,25
5,cycle,1.0,422
5,cycle,1.0,1110
5,cycle,1.0,183
5,cycle,1.0,467
5,cycle,0.0,23
5,cycle,1.0,248
5,cycle,1.0,268
5,cycle,1.0,460
5,cycle,1.0,586
5,cycle,1.0,649
5,cycle,1.0,317
5,cycle,1.0,552
5,cycle,1.0,705
5,cycle,1.0,645
5,cycle,1.0,1339
5,cycle,1.0,501
5,cycle,0.0,67
5,cycle,0.0,1
5,cycle,1.0,222
5,cycle,1.0,90
5,cycle,1.0,272
5,cycle,1.0,358
5,cycle,1.0,1016
5,cycle,1.0,219
5,cycle,1.0,225
5,cycle,1.0,272
5,cycle,1.0,362
5,cycle,1.0,614
5,cycle,1.0,157
5,cycle,1.0,799
5,cycle,1.0,313
5,cycle,1.0,171
5,cycle,1.0,280
5,cycle,1.0,1015
5,cycle,1.0,583
5,cycle,0.0,251
5,cycle,1.0,962
5,cycle,1.0,720
5,cycle,1.0,412
5,cycle,1.0,557
5,cycle,0.0,49
5,cycle,1.0,577
5,cycle,1.0,467
5,cycle,1.0,486
5,cycle,1.0,499
5,cycle,0.0,1
5,cycle,1.0,216
5,cycle,1.0,1039
5,cycle,1.0,240
5,cycle,0.0,1
5,cycle,1.0,534
5,cycle,1.0,309
5,cycle,0.0,14
5,cycle,1.0,675
5,cycle,0.0,1
5,cycle,1.0,558
5,cycle,0.0,1
5,cycle,1.0,246
5,cycle,1.0,763
5,cycle,1.0,869
5,cycle,1.0,365
5,cycle,0.0,72
5,cycle,1.0,835
5,cycle,1.0,255
5,cycle,1.0,129
5,cycle,0.0,1
5,cycle,1.0,722
5,cycle,1.0,174
5,cycle,1.0,262
5,cycle,1.0,294
5,cycle,1.0,628
5,cycle,1.0,824
5,cycle,1.0,952
5,cycle,1.0,610
5,cycle,1.0,1317
5,cycle,1.0,440
5,cycle,1.0,631
5,cycle,1.0,172
5,cycle,1.0,895
5,cycle,1.0,930
5,cycle,1.0,765
5,cycle,1.0,507
5,cycle,1.0,422
5,cycle,1.0,456
5,cycle,1.0,371
5,cycle,1.0,383
5,cycle,0.0,69
5,cycle,1.0,339
5,cycle,1.0,858
5,cycle,1.0,127
5,cycle,1.0,255
5,cycle,1.0,260
5,cycle,1.0,658
5,cycle,1.0,909
5,cycle,1.0,203
5,cycle,1.0,251
5,cycle,1.0,574
5,cycle,1.0,388
5,cycle,1.0,1133
5,cycle,1.0,624
5,cycle,1.0,132
5,cycle,1.0,339
5,cycle,0.0,66
5,cycle,0.0,77
5,cycle,1.0,254
5,cycle,1.0,201
5,cycle,1.0,441
5,cycle,1.0,265
5,cycle,1.0,867
5,cycle,1.0,726
5,cycle,1.0,598
5,cycle,1.0,360
5,cycle,1.0,675
5,cycle,0.0,79
5,cycle,1.0,150
5,cycle,0.0,33
5,cycle,1.0,451
5,cycle,1.0,1014
5,cycle,1.0,269
5,cycle,1.0,733
5,cycle,1.0,215
5,cycle,1.0,136
5,cycle,1.0,441
5,cycle,0.0,370
5,cycle,0.0,71
5,cycle,1.0,734
5,cycle,1.0,277
5,cycle,1.0,1082
5,cycle,1.0,472
5,cycle,1.0,867
5,cycle,1.0,812
5,cycle,1.0,123
5,cycle,0.0,55
5,cycle,1.0,633
5,cycle,1.0,328
5,cycle,1.0,610
5,cycle,1.0,443
5,cycle,0.0,10
5,cycle,1.0,323
5,cycle,1.0,1532
5,cycle,1.0,299
5,cycle,1.0,630
5,wheel,1.0,306
5,wheel,0.0,27
5,wheel,1.0,196
5,wheel,1.0,527
5,wheel,0.0,1
5,wheel,1.0,209
5,wheel,1.0,483
5,wheel,0.0,44
5,wheel,0.0,1
5,wheel,1.0,492
5,wheel,1.0,186
5,wheel,1.0,213
5,wheel,1.0,121
5,wheel,1.0,261
5,wheel,1.0,192
5,wheel,1.0,185
5,wheel,1.0,391
5,wheel,0.0,24
5,wheel,0.0,294
5,wheel,1.0,440
5,wheel,1.0,195
5,wheel,1.0,254
5,wheel,1.0,378
5,wheel,1.0,231
5,wheel,1.0,366
5,wheel,0.0,100
5,wheel,1.0,259
5,wheel,1.0,98
5,wheel,1.0,329
5,wheel,0.0,15
5,wheel,1.0,224
5,wheel,1.0,319
5,wheel,1.0,169
5,wheel,1.0,569
5,wheel,1.0,375
5,wheel,1.0,282
5,wheel,1.0,215
5,wheel,0.0,127
5,wheel,1.0,414
5,wheel,1.0,102
5,wheel,1.0,381
5,wheel,1.0,53
5,wheel,1.0,517
5,wheel,1.0,227
5,wheel,1.0,391
5,wheel,1.0,210
5,wheel,0.0,45
5,wheel,1.0,297
5,wheel,1.0,270
5,wheel,0.0,2
5,wheel,1.0,152
5,wheel,1.0,207
5,wheel,0.0,55
5,wheel,1.0,226
5,wheel,1.0,180
5,wheel,1.0,287
5,wheel,1.0,461
5,wheel,1.0,284
5,wheel,1.0,74
5,wheel,1.0,162
5,wheel,1.0,185
5,wheel,1.0,110
5,wheel,1.0,100
5,wheel,0.0,247
5,wheel,0.0,1
5,wheel,1.0,223
5,wheel,1.0,170
5,wheel,0.0,94
5,wheel,1.0,240
5,wheel,1.0,257
5,wheel,1.0,86
5,wheel,1.0,238
5,wheel,0.0,39
5,wheel,1.0,200
5,wheel,0.0,2
5,wheel,1.0,90
5,wheel,1.0,235
5,wheel,1.0,343
5,wheel,0.0,1
5,wheel,1.0,588
5,wheel,0.0,1
5,wheel,0.0,1
5,wheel,1.0,284
5,wheel,0.0,140
5,wheel,1.0,473
5,wheel,1.0,129
5,wheel,1.0,446
5,wheel,1.0,495
5,wheel,1.0,705
5,wheel,0.0,97
5,wheel,1.0,269
5,wheel,0.0,338
5,wheel,1.0,112
5,wheel,1.0,101
5,wheel,0.0,63
5,wheel,1.0,419
5,wheel,1.0,248
5,wheel,1.0,427
5,wheel,1.0,187
5,wheel,1.0,137
5,wheel,0.0,381
5,wheel,0.0,16
5,wheel,1.0,175
5,wheel,1.0,219
5,wheel,1.0,62
5,wheel,1.0,591
5,wheel,1.0,251
5,wheel,1.0,476
5,wheel,1.0,95
5,wheel,0.0,23
5,wheel,1.0,230
5,wheel,1.0,59
5,wheel,1.0,126
5,wheel,1.0,442
5,wheel,1.0,108
5,wheel,1.0,487
5,wheel,1.0,177
5,wheel,1.0,366
5,wheel,0.0,1
5,wheel,0.0,1
5,wheel,0.0,23
5,wheel,1.0,314
5,wheel,1.0,139
5,wheel,1.0,1543
5,wheel,1.0,169
5,wheel,1.0,121
5,wheel,1.0,93
5,wheel,0.0,4
5,wheel,1.0,70
5,wheel,1.0,264
5,wheel,0.0,33
5,wheel,1.0,167
5,wheel,1.0,143
5,wheel,0.0,22
5,wheel,1.0,366
5,wheel,1.0,207
5,wheel,1.0,437
5,wheel,1.0,198
5,wheel,0.0,12
5,wheel,1.0,205
5,wheel,1.0,337
5,wheel,1.0,376
5,wheel,1.0,612
5,wheel,1.0,404
5,wheel,1.0,515
5,wheel,0.0,1
5,wheel,1.0,57
5,wheel,1.0,339
5,wheel,1.0,149
5,wheel,1.0,121
5,wheel,1.0,226
5,wheel,1.0,223
5,wheel,1.0,91
5,wheel,1.0,128
5,wheel,1.0,1336
5,wheel,1.0,62
5,wheel,0.0,1
5,wheel,1.0,578
5,wheel,0.0,1
5,wheel,1.0,143
5,wheel,1.0,739
5,wheel,0.0,115
5,wheel,1.0,241
5,wheel,1.0,310
5,wheel,1.0,113
5,wheel,1.0,334
5,wheel,1.0,125
5,wheel,1.0,509
5,wheel,1.0,393
5,wheel,1.0,187
5,wheel,0.0,7
5,wheel,0.0,111
5,wheel,1.0,120
5,wheel,1.0,230
5,wheel,1.0,60
5,wheel,1.0,176
5,wheel,1.0,99
5,wheel,1.0,195
5,wheel,1.0,422
5,wheel,1.0,563
5,wheel,0.0,17
5,wheel,0.0,70
5,wheel,1.0,116
5,wheel,1.0,140
5,wheel,1.0,149
5,wheel,1.0,170
5,wheel,1.0,571
5,wheel,1.0,316
5,wheel,1.0,243
5,wheel,1.0,414
5,wheel,1.0,179
5,wheel,1.0,148
5,wheel,1.0,103
5,wheel,1.0,106
5,wheel,1.0,62
5,wheel,1.0,256
5,wheel,1.0,163
5,wheel,1.0,450
5,wheel,1.0,136
5,wheel,0.0,57
5,wheel,0.0,49
5,wheel,0.0,1
5,wheel,1.0,221
5,wheel,1.0,172
5,wheel,1.0,783
5,wheel,1.0,191
5,wheel,0.0,1
5,wheel,1.0,249
5,wheel,1.0,391
5,wheel,1.0,149
5,wheel,1.0,256
5,wheel,1.0,255
5,wheel,1.0,280
5,wheel,0.0,49
5,wheel,0.0,18
5,wheel,0.0,106
5,wheel,1.0,451
5,wheel,1.0,516
5,wheel,1.0,421
5,wheel,1.0,153
5,wheel,0.0,72
5,wheel,1.0,51
5,wheel,1.0,207
5,wheel,0.0,173
5,wheel,1.0,395
5,wheel,1.0,79
5,wheel,1.0,146
5,wheel,1.0,224
5,wheel,0.0,11
5,wheel,0.0,45
5,wheel,1.0,201
5,wheel,1.0,355
5,wheel,0.0,40
5,wheel,1.0,410
5,wheel,1.0,198
5,wheel,1.0,188
5,wheel,1.0,483
5,wheel,0.0,116
5,wheel,1.0,193
5,wheel,1.0,348
5,wheel,1.0,72
5,wheel,1.0,54
5,wheel,1.0,135
5,wheel,0.0,31
5,wheel,0.0,82
5,wheel,1.0,482
5,wheel,1.0,449
5,wheel,0.0,17
5,wheel,1.0,615
5,wheel,1.0,377
5,wheel,1.0,79
5,wheel,0.0,29
5,wheel,1.0,447
5,wheel,1.0,142
5,wheel,0.0,183
5,wheel,1.0,389
5,wheel,1.0,96
5,wheel,1.0,586
5,wheel,1.0,146
5,wheel,0.0,98
5,wheel,1.0,241
5,wheel,1.0,278
5,wheel,0.0,20
5,wheel,0.0,84
5,wheel,0.0,38
5,wheel,1.0,200
5,wheel,1.0,195
5,wheel,1.0,101
5,wheel,1.0,57
5,wheel,1.0,150
5,wheel,1.0,191
5,wheel,0.0,1
5,wheel,1.0,637
5,wheel,0.0,13
5,wheel,1.0,554
5,wheel,1.0,66
5,wheel,1.0,344
5,wheel,1.0,565
5,wheel,0.0,1
5,wheel,1.0,379
5,wheel,1.0,225
5,wheel,1.0,485
5,wheel,1.0,971
5,wheel,1.0,222
5,wheel,0.0,1
5,wheel,0.0,53
5,wheel,1.0,164
5,wheel,0.0,50
5,wheel,0.0,1
5,wheel,1.0,177
5,wheel,1.0,494
5,wheel,1.0,328
5,wheel,1.0,180
5,wheel,1.0,491
5,wheel,1.0,83
5,wheel,0.0,6
5,wheel,0.0,31
5,wheel,1.0,335
5,wheel,1.0,462
5,wheel,0.0,20
5,wheel,1.0,285
5,wheel,1.0,231
5,wheel,0.0,4
5,wheel,1.0,85
5,wheel,1.0,287
5,wheel,1.0,212
5,wheel,1.0,871
5,wheel,1.0,333
5,wheel,1.0,104
5,wheel,1.0,39
5,wheel,1.0,804
5,wheel,1.0,210
5,wheel,0.0,20
5,wheel,1.0,143
5,wheel,1.0,125
5,wheel,1.0,263
5,wheel,1.0,86
5,wheel,0.0,72
5,wheel,1.0,408
5,wheel,1.0,247
5,wheel,1.0,156
5,wheel,0.0,70
5,wheel,1.0,522
5,wheel,1.0,169
5,wheel,0.0,185
5,wheel,1.0,463
5,wheel,1.0,164
5,wheel,1.0,141
5,wheel,1.0,648
5,wheel,1.0,81
5,wheel,1.0,358
5,wheel,0.0,106
5,wheel,1.0,553
5,wheel,1.0,185
5,wheel,1.0,139
5,wheel,1.0,408
5,wheel,1.0,59
5,wheel,1.0,415
5,wheel,0.0,83
5,wheel,1.0,137
5,wheel,0.0,11
5,wheel,1.0,134
5,wheel,0.0,8
5,wheel,1.0,327
5,wheel,1.0,198
5,wheel,0.0,75
5,wheel,1.0,545
5,wheel,0.0,117
5,wheel,1.0,147
5,wheel,1.0,125
5,wheel,1.0,248
5,wheel,1.0,242
5,wheel,1.0,231
5,wheel,1.0,594
5,wheel,1.0,148
5,wheel,1.0,416
5,wheel,1.0,363
5,wheel,1.0,168
5,wheel,0.0,27
5,wheel,0.0,6
5,wheel,1.0,274
5,wheel,1.0,308
5,wheel,1.0,107
5,wheel,1.0,100
5,wheel,0.0,65
5,wheel,0.0,197
5,wheel,1.0,533
5,wheel,0.0,1
5,wheel,1.0,181
5,wheel,1.0,201
5,wheel,1.0,397
5,wheel,1.0,402
5,wheel,1.0,316
5,wheel,1.0,450
5,wheel,1.0,291
5,wheel,1.0,787
5,wheel,1.0,119
5,wheel,1.0,290
5,wheel,1.0,214
5,wheel,1.0,219
5,wheel,0.0,6
5,wheel,1.0,282
5,wheel,1.0,156
5,wheel,1.0,219
5,wheel,1.0,94
5,wheel,1.0,198
5,wheel,1.0,175
5,wheel,0.0,4
5,wheel,1.0,202
5,wheel,1.0,554
5,wheel,1.0,473
5,wheel,1.0,125
5,wheel,1.0,181
5,wheel,1.0,355
5,wheel,1.0,160
5,wheel,1.0,281
5,wheel,1.0,310
5,wheel,1.0,250
5,wheel,1.0,240
5,wheel,0.0,1
5,wheel,0.0,1
5,wheel,1.0,706
5,wheel,1.0,251
5,wheel,1.0,119
5,wheel,1.0,220
5,wheel,1.0,78
5,wheel,1.0,284
5,wheel,1.0,405
5,wheel,1.0,103
5,wheel,0.0,10
5,wheel,1.0,1123
5,wheel,1.0,358
5,wheel,0.0,118
5,wheel,1.0,194
5,wheel,1.0,189
5,wheel,1.0,351
5,wheel,1.0,268
5,wheel,1.0,61
5,wheel,1.0,275
5,wheel,1.0,291
5,wheel,1.0,515
5,wheel,1.0,80
5,wheel,1.0,135
5,wheel,0.0,66
5,wheel,1.0,76
5,wheel,1.0,138
5,wheel,1.0,437
5,wheel,0.0,66
5,wheel,1.0,331
5,wheel,0.0,181
5,wheel,0.0,12
5,wheel,1.0,298
5,wheel,1.0,671
5,wheel,1.0,130
5,wheel,1.0,414
5,wheel,1.0,326
5,wheel,0.0,12
5,wheel,1.0,326
5,wheel,1.0,425
5,wheel,1.0,493
5,wheel,1.0,325
5,wheel,1.0,146
5,wheel,1.0,120
5,wheel,1.0,99
5,wheel,1.0,112
5,wheel,1.0,450
5,wheel,1.0,306
5,wheel,0.0,63
5,wheel,1.0,323
5,wheel,1.0,1574
5,wheel,0.0,19
5,wheel,1.0,269
5,wheel,1.0,419
5,wheel,1.0,166
5,wheel,1.0,100
5,wheel,1.0,270
5,wheel,1.0,105
5,wheel,1.0,123
5,wheel,1.0,328
5,wheel,1.0,293
5,wheel,1.0,43
5,wheel,1.0,397
5,wheel,1.0,238
5,wheel,1.0,159
5,wheel,1.0,414
5,wheel,1.0,349
5,wheel,1.0,411
5,wheel,1.0,362
5,wheel,1.0,635
5,wheel,1.0,455
5,wheel,1.0,663
5,wheel,1.0,356
5,wheel,1.0,235
5,wheel,1.0,246
5,wheel,0.0,38
5,wheel,1.0,279
5,wheel,1.0,84
5,wheel,1.0,418
5,wheel,1.0,166
5,wheel,1.0,222
5,wheel,0.0,8
5,wheel,1.0,365
5,wheel,1.0,280
5,wheel,0.0,37
5,wheel,1.0,242
5,wheel,0.0,99
5,wheel,1.0,138
5,wheel,1.0,198
5,wheel,1.0,151
5,wheel,0.0,21
5,wheel,0.0,64
5,wheel,1.0,850
5,wheel,0.0,1
5,wheel,1.0,179
5,wheel,1.0,135
5,wheel,1.0,192
5,wheel,1.0,200
5,wheel,1.0,63
5,wheel,1.0,82
5,wheel,1.0,185
5,wheel,1.0,838
5,wheel,1.0,274
5,wheel,1.0,147
5,wheel,1.0,207
5,wheel,1.0,161
5,wheel,1.0,36
5,wheel,1.0,428
5,wheel,1.0,405
5,wheel,1.0,185
5,wheel,1.0,214
5,wheel,1.0,134
5,wheel,1.0,562
5,wheel,0.0,19
5,wheel,1.0,121
5,wheel,1.0,65
5,wheel,1.0,191
5,wheel,1.0,924
5,wheel,1.0,47
5,wheel,1.0,126
5,wheel,0.0,1
5,wheel,1.0,554
5,wheel,1.0,125
5,wheel,0.0,87
5,wheel,1.0,68
5,wheel,1.0,469
5,wheel,1.0,709
5,wheel,1.0,184
5,wheel,1.0,142
5,wheel,0.0,5
5,wheel,1.0,351
5,wheel,1.0,100
5,wheel,1.0,114
5,wheel,1.0,522
5,wheel,1.0,113
5,wheel,1.0,494
5,wheel,0.0,3
5,wheel,1.0,51
5,wheel,0.0,140
5,wheel,1.0,283
5,wheel,1.0,220
5,wheel,1.0,78
5,wheel,1.0,325
5,wheel,1.0,115
5,wheel,1.0,213
5,wheel,1.0,161
5,wheel,1.0,214
5,wheel,1.0,363
5,wheel,1.0,746
5,wheel,1.0,296
5,wheel,1.0,735
5,wheel,0.0,293
5,wheel,1.0,399
5,wheel,1.0,674
5,wheel,0.0,11
5,wheel,0.0,6
5,wheel,1.0,557
5,wheel,0.0,116
5,wheel,1.0,977
5,wheel,1.0,264
5,wheel,1.0,255
5,wheel,1.0,168
5,wheel,1.0,109
5,wheel,1.0,241
5,wheel,1.0,175
5,wheel,1.0,125
5,wheel,1.0,742
5,wheel,0.0,96
5,wheel,1.0,680
5,wheel,0.0,10
5,wheel,1.0,208
5,wheel,1.0,173
5,wheel,0.0,1
5,wheel,1.0,227
5,wheel,0.0,52
5,wheel,1.0,208
5,wheel,1.0,348
5,wheel,1.0,160
5,wheel,0.0,1
5,wheel,1.0,587
5,wheel,0.0,47
5,wheel,1.0,208
5,wheel,0.0,73
5,wheel,1.0,103
5,wheel,1.0,110
5,wheel,1.0,383
5,wheel,0.0,88
5,wheel,1.0,125
5,wheel,1.0,106
5,wheel,0.0,31
5,wheel,1.0,109
5,wheel,1.0,190
5,wheel,0.0,81
5,wheel,1.0,199
5,wheel,1.0,440
5,wheel,0.0,40
5,wheel,1.0,382
5,wheel,1.0,40
5,wheel,1.0,332
5,wheel,1.0,71
5,wheel,1.0,161
5,wheel,1.0,234
5,wheel,0.0,180
5,wheel,0.0,119
5,wheel,1.0,323
5,wheel,0.0,71
5,wheel,0.0,410
5,wheel,1.0,190
5,wheel,1.0,361
5,wheel,1.0,178
5,wheel,1.0,287
5,wheel,1.0,465
5,wheel,1.0,214
5,wheel,0.0,321
5,wheel,1.0,230
5,wheel,0.0,560
5,wheel,1.0,649
5,wheel,0.0,1
5,wheel,1.0,433
5,wheel,1.0,223
5,wheel,1.0,653
5,wheel,1.0,70
5,wheel,1.0,293
5,wheel,1.0,627
5,wheel,1.0,538
5,wheel,1.0,343
5,wheel,0.0,76
5,wheel,1.0,229
5,wheel,1.0,163
5,wheel,1.0,219
5,wheel,0.0,23
5,wheel,1.0,396
5,wheel,0.0,1
5,wheel,1.0,229
5,wheel,1.0,346
5,wheel,1.0,260
5,wheel,1.0,301
5,wheel,1.0,301
5,wheel,1.0,269
5,wheel,1.0,231
5,wheel,1.0,202
5,wheel,0.0,125
5,wheel,0.0,6
5,wheel,1.0,392
5,wheel,1.0,339
5,wheel,1.0,196
5,wheel,1.0,221
5,wheel,1.0,256
5,wheel,1.0,340
5,wheel,0.0,1
5,wheel,1.0,935
5,wheel,0.0,170
5,wheel,0.0,61
5,wheel,1.0,211
5,wheel,1.0,240
5,wheel,1.0,164
5,wheel,1.0,185
5,wheel,1.0,323
5,wheel,1.0,261
5,wheel,1.0,192
5,wheel,1.0,249
5,wheel,1.0,192
5,wheel,1.0,144
5,wheel,1.0,367
5,wheel,1.0,520
5,wheel,1.0,218
5,wheel,1.0,286
5,wheel,1.0,223
5,wheel,1.0,270
5,wheel,1.0,145
5,wheel,0.0,6
5,wheel,1.0,74
5,wheel,0.0,1
5,wheel,1.0,132
5,wheel,0.0,124
5,wheel,1.0,235
5,wheel,0.0,15
5,wheel,1.0,308
5,wheel,1.0,157
5,wheel,1.0,137
5,wheel,1.0,260
5,wheel,1.0,368
5,wheel,1.0,136
5,wheel,1.0,75
5,wheel,1.0,154
5,wheel,1.0,178
5,wheel,0.0,9
5,wheel,1.0,586
5,wheel,1.0,242
5,wheel,1.0,129
5,wheel,1.0,251
5,wheel,0.0,3
5,wheel,1.0,316
5,wheel,1.0,178
5,wheel,1.0,286
5,wheel,1.0,184
5,wheel,1.0,275
5,wheel,1.0,329
5,wheel,0.0,11
5,wheel,1.0,178
5,wheel,1.0,323
5,wheel,0.0,63
5,wheel,1.0,159
5,wheel,1.0,155
5,wheel,1.0,311
5,wheel,0.0,114
5,wheel,1.0,304
5,wheel,1.0,707
5,wheel,1.0,139
5,wheel,1.0,324
5,wheel,1.0,534
5,wheel,1.0,257
5,wheel,1.0,55
5,wheel,0.0,1
5,wheel,1.0,137
5,wheel,1.0,119
5,wheel,1.0,199
5,wheel,1.0,273
5,wheel,1.0,228
5,wheel,1.0,202
5,wheel,1.0,174
5,wheel,1.0,168
5,wheel,1.0,666
5,wheel,0.0,1
5,wheel,0.0,22
5,wheel,1.0,274
5,wheel,0.0,126
5,wheel,1.0,118
5,wheel,1.0,350
5,wheel,1.0,133
5,wheel,1.0,419
5,wheel,1.0,100
5,wheel,1.0,339
5,wheel,1.0,125
5,wheel,1.0,224
5,wheel,1.0,237
5,wheel,1.0,309
5,wheel,1.0,293
5,wheel,1.0,230
5,wheel,1.0,245
5,wheel,1.0,140
5,wheel,1.0,479
5,wheel,1.0,194
5,wheel,1.0,182
5,wheel,1.0,188
5,wheel,1.0,116
5,wheel,1.0,212
5,wheel,1.0,162
5,wheel,1.0,585
5,wheel,1.0,185
5,wheel,1.0,176
5,wheel,1.0,330
5,wheel,0.0,12
5,wheel,1.0,342
5,wheel,1.0,246
5,wheel,0.0,32
5,wheel,0.0,7
5,wheel,0.0,53
5,wheel,1.0,140
5,wheel,0.0,97
5,wheel,1.0,193
5,wheel,1.0,229
5,wheel,1.0,260
5,wheel,0.0,1
5,wheel,1.0,571
5,wheel,1.0,417
5,wheel,1.0,171
5,wheel,1.0,328
5,wheel,0.0,6
5,wheel,1.0,689
5,wheel,1.0,331
5,wheel,1.0,70
5,wheel,1.0,94
5,wheel,1.0,320
5,wheel,0.0,1
5,wheel,1.0,230
5,wheel,1.0,1014
5,wheel,1.0,180
5,wheel,1.0,708
5,wheel,0.0,89
5,wheel,1.0,334
5,wheel,1.0,147
5,wheel,1.0,148
5,wheel,0.0,37
5,wheel,1.0,111
5,wheel,1.0,244
5,wheel,0.0,24
5,wheel,1.0,130
5,wheel,1.0,152
5,wheel,1.0,165
5,wheel,1.0,241
5,wheel,1.0,245
5,wheel,1.0,423
5,wheel,0.0,25
5,wheel,0.0,182
5,wheel,0.0,309
5,wheel,1.0,284
5,wheel,1.0,201
5,wheel,1.0,518
5,wheel,1.0,128
5,wheel,0.0,32
5,wheel,1.0,233
5,wheel,1.0,85
5,wheel,1.0,330
5,wheel,1.0,100
5,wheel,1.0,313
5,wheel,1.0,184
5,wheel,0.0,12
5,wheel,1.0,560
5,wheel,1.0,120
5,wheel,0.0,1
5,wheel,0.0,17
5,wheel,0.0,184
5,wheel,1.0,132
5,wheel,1.0,190
5,wheel,1.0,282
5,wheel,1.0,183
5,wheel,1.0,420
5,wheel,1.0,201
5,wheel,1.0,120
5,wheel,1.0,133
5,wheel,1.0,476
5,wheel,1.0,242
5,wheel,0.0,40
5,wheel,1.0,192
5,wheel,1.0,110
5,wheel,1.0,338
5,wheel,1.0,133
5,wheel,1.0,516
5,wheel,0.0,59
5,wheel,1.0,158
5,wheel,0.0,129
5,wheel,1.0,223
5,wheel,1.0,225
5,wheel,1.0,171
5,wheel,1.0,321
5,wheel,1.0,153
5,wheel,1.0,359
5,wheel,1.0,231
5,wheel,1.0,385
5,wheel,1.0,120
5,wheel,0.0,29
5,wheel,1.0,339
5,wheel,1.0,379
5,wheel,1.0,295
5,wheel,1.0,468
5,wheel,0.0,24
5,wheel,0.0,1
5,wheel,1.0,114
5,wheel,0.0,113
5,wheel,1.0,167
5,wheel,0.0,1
5,wheel,1.0,118
5,wheel,0.0,67
5,wheel,1.0,125
5,wheel,1.0,132
5,wheel,1.0,152
5,wheel,1.0,142
5,wheel,1.0,166
5,wheel,1.0,117
5,wheel,0.0,30
5,wheel,1.0,914
5,wheel,0.0,297
5,wheel,1.0,70
5,wheel,1.0,365
5,wheel,1.0,145
5,wheel,1.0,618
5,wheel,0.0,1
5,wheel,1.0,218
5,wheel,1.0,365
5,wheel,1.0,398
5,wheel,1.0,183
5,wheel,1.0,84
5,wheel,0.0,82
5,wheel,1.0,151
5,wheel,1.0,292
5,wheel,1.0,148
5,wheel,1.0,187
5,wheel,1.0,128
5,wheel,1.0,200
5,wheel,0.0,361
5,wheel,0.0,42
5,wheel,1.0,77
5,wheel,1.0,456
5,wheel,1.0,157
5,wheel,0.0,81
5,wheel,1.0,218
5,wheel,1.0,426
5,wheel,1.0,656
5,wheel,1.0,482
5,wheel,1.0,340
5,wheel,1.0,66
5,wheel,0.0,33
5,wheel,1.0,147
5,wheel,1.0,677
5,wheel,1.0,611
5,wheel,1.0,132
5,wheel,1.0,386
5,wheel,1.0,130
5,wheel,1.0,516
5,wheel,1.0,222
5,wheel,1.0,102
5,wheel,1.0,179
5,wheel,0.0,3
5,wheel,1.0,118
5,wheel,0.0,265
5,wheel,0.0,1
5,wheel,1.0,229
5,wheel,1.0,251
5,wheel,1.0,1003
5,wheel,0.0,105
5,wheel,1.0,633
5,wheel,1.0,169
5,wheel,1.0,104
5,wheel,1.0,68
5,wheel,1.0,345
5,wheel,1.0,420
5,wheel,0.0,1
5,wheel,1.0,283
5,wheel,1.0,180
5,wheel,1.0,485
5,wheel,1.0,98
5,wheel,1.0,1054
5,wheel,1.0,314
5,wheel,1.0,58
5,wheel,0.0,5
5,wheel,1.0,99
5,wheel,1.0,211
5,wheel,1.0,335
5,wheel,0.0,1
5,wheel,0.0,1
5,wheel,1.0,124
5,wheel,1.0,445
5,wheel,1.0,134
5,wheel,0.0,2
5,wheel,1.0,71
5,wheel,1.0,110
5,wheel,1.0,89
5,wheel,1.0,199
5,wheel,0.0,14
5,wheel,0.0,1
5,wheel,1.0,772
5,wheel,1.0,311
5,wheel,0.0,62
5,wheel,1.0,348
5,wheel,1.0,228
5,wheel,1.0,210
5,wheel,1.0,136
5,wheel,1.0,242
5,wheel,1.0,177
5,wheel,1.0,150
5,wheel,1.0,710
5,wheel,1.0,95
5,wheel,1.0,417
5,wheel,1.0,174
5,wheel,1.0,585
5,wheel,0.0,12
5,wheel,0.0,1
5,wheel,1.0,92
5,wheel,1.0,249
5,wheel,1.0,272
5,wheel,0.0,71
5,wheel,1.0,386
5,wheel,1.0,134
5,wheel,0.0,40
5,wheel,1.0,147
5,wheel,1.0,829
5,wheel,1.0,110
5,wheel,1.0,131
5,wheel,1.0,528
5,wheel,0.0,1
5,wheel,1.0,125
5,wheel,0.0,13
5,wheel,1.0,389
5,wheel,1.0,181
5,wheel,0.0,479
5,wheel,1.0,505
5,wheel,0.0,15
5,wheel,1.0,230
5,wheel,1.0,768
5,wheel,1.0,534
5,wheel,1.0,299
5,wheel,1.0,126
5,wheel,1.0,527
5,wheel,1.0,241
5,wheel,1.0,630
5,wheel,1.0,491
5,wheel,1.0,146
5,wheel,1.0,437
5,wheel,1.0,212
5,wheel,1.0,238
5,wheel,1.0,245
5,wheel,1.0,153
5,wheel,1.0,228
5,wheel,1.0,132
5,wheel,1.0,749
5,wheel,1.0,227
5,wheel,1.0,177
5,wheel,1.0,535
5,wheel,1.0,994
5,wheel,1.0,116
5,complete,1.0,149
5,complete,1.0,192
5,complete,1.0,391
5,complete,1.0,82
5,complete,0.0,1
5,complete,1.0,77
5,complete,1.0,211
5,complete,1.0,57
5,complete,1.0,76
5,complete,1.0,234
5,complete,1.0,216
5,complete,1.0,215
5,complete,1.0,103
5,complete,0.0,14
5,complete,1.0,165
5,complete,0.0,164
5,complete,1.0,82
5,complete,1.0,904
5,complete,1.0,478
5,complete,0.0,3
5,complete,0.0,7
5,complete,1.0,157
5,complete,1.0,163
5,complete,1.0,82
5,complete,1.0,126
5,complete,0.0,108
5,complete,1.0,182
5,complete,1.0,237
5,complete,1.0,144
5,complete,0.0,101
5,complete,0.0,35
5,complete,1.0,156
5,complete,0.0,1
5,complete,1.0,309
5,complete,1.0,56
5,complete,1.0,134
5,complete,1.0,130
5,complete,1.0,319
5,complete,0.0,481
5,complete,0.0,18
5,complete,1.0,297
5,complete,0.0,13
5,complete,1.0,63
5,complete,0.0,89
5,complete,1.0,336
5,complete,0.0,51
5,complete,1.0,84
5,complete,0.0,7
5,complete,1.0,140
5,complete,1.0,223
5,complete,1.0,91
5,complete,0.0,49
5,complete,1.0,166
5,complete,1.0,235
5,complete,0.0,106
5,complete,1.0,89
5,complete,0.0,45
5,complete,1.0,337
5,complete,1.0,572
5,complete,1.0,75
5,complete,1.0,77
5,complete,1.0,198
5,complete,1.0,98
5,complete,1.0,122
5,complete,1.0,162
5,complete,1.0,107
5,complete,0.0,129
5,complete,1.0,32
5,complete,0.0,206
5,complete,1.0,599
5,complete,1.0,151
5,complete,0.0,128
5,complete,0.0,39
5,complete,0.0,36
5,complete,0.0,1
5,complete,0.0,87
5,complete,0.0,82
5,complete,1.0,143
5,complete,1.0,77
5,complete,1.0,208
5,complete,1.0,484
5,complete,1.0,126
5,complete,1.0,261
5,complete,0.0,8
5,complete,1.0,844
5,complete,0.0,57
5,complete,1.0,328
5,complete,1.0,329
5,complete,1.0,153
5,complete,1.0,186
5,complete,1.0,176
5,complete,1.0,71
5,complete,0.0,20
5,complete,0.0,122
5,complete,1.0,91
5,complete,0.0,1
5,complete,1.0,360
5,complete,0.0,19
5,complete,1.0,242
5,complete,0.0,1
5,complete,1.0,161
5,complete,0.0,10
5,complete,1.0,557
5,complete,1.0,76
5,complete,1.0,189
5,complete,1.0,245
5,complete,1.0,79
5,complete,0.0,1
5,complete,1.0,156
5,complete,1.0,249
5,complete,0.0,24
5,complete,1.0,456
5,complete,1.0,104
5,complete,1.0,43
5,complete,1.0,97
5,complete,1.0,151
5,complete,1.0,250
5,complete,1.0,98
5,complete,0.0,4
5,complete,1.0,119
5,complete,1.0,167
5,complete,1.0,306
5,complete,1.0,116
5,complete,1.0,169
5,complete,1.0,176
5,complete,0.0,40
5,complete,0.0,60
5,complete,1.0,277
5,complete,1.0,574
5,complete,1.0,118
5,complete,1.0,202
5,complete,1.0,101
5,complete,1.0,276
5,complete,1.0,159
5,complete,1.0,74
5,complete,1.0,826
5,complete,1.0,106
5,complete,1.0,345
5,complete,1.0,182
5,complete,1.0,213
5,complete,1.0,137
5,complete,0.0,32
5,complete,0.0,19
5,complete,1.0,89
5,complete,1.0,89
5,complete,1.0,292
5,complete,1.0,135
5,complete,1.0,226
5,complete,1.0,61
5,complete,1.0,70
5,complete,1.0,76
5,complete,1.0,442
5,complete,1.0,214
5,complete,0.0,18
5,complete,1.0,68
5,complete,1.0,208
5,complete,1.0,111
5,complete,1.0,89
5,complete,1.0,546
5,complete,1.0,626
5,complete,1.0,145
5,complete,1.0,393
5,complete,1.0,101
5,complete,1.0,210
5,complete,1.0,273
5,complete,1.0,168
5,complete,1.0,79
5,complete,1.0,664
5,complete,1.0,280
5,complete,1.0,49
5,complete,0.0,34
5,complete,1.0,72
5,complete,1.0,450
5,complete,1.0,91
5,complete,1.0,112
5,complete,1.0,168
5,complete,1.0,176
5,complete,1.0,98
5,complete,1.0,49
5,complete,0.0,33
5,complete,1.0,140
5,complete,1.0,95
5,complete,1.0,100
5,complete,1.0,72
5,complete,1.0,347
5,complete,0.0,39
5,complete,1.0,122
5,complete,1.0,164
5,complete,0.0,1
5,complete,1.0,178
5,complete,1.0,187
5,complete,0.0,53
5,complete,1.0,132
5,complete,1.0,345
5,complete,1.0,520
5,complete,1.0,333
5,complete,1.0,49
5,complete,1.0,169
5,complete,0.0,105
5,complete,1.0,238
5,complete,0.0,1
5,complete,1.0,737
5,complete,1.0,245
5,complete,1.0,818
5,complete,1.0,128
5,complete,1.0,231
5,complete,1.0,262
5,complete,1.0,321
5,complete,1.0,343
5,complete,1.0,94
5,complete,0.0,1
5,complete,0.0,6
5,complete,0.0,180
5,complete,1.0,69
5,complete,1.0,184
5,complete,0.0,416
5,complete,1.0,327
5,complete,1.0,193
5,complete,0.0,55
5,complete,1.0,115
5,complete,1.0,141
5,complete,1.0,584
5,complete,1.0,91
5,complete,1.0,126
5,complete,1.0,234
5,complete,1.0,170
5,complete,1.0,74
5,complete,1.0,405
5,complete,1.0,179
5,complete,1.0,205
5,complete,1.0,455
5,complete,1.0,177
5,complete,0.0,10
5,complete,1.0,91
5,complete,1.0,267
5,complete,0.0,78
5,complete,1.0,179
5,complete,1.0,390
5,complete,1.0,174
5,complete,1.0,362
5,complete,1.0,214
5,complete,1.0,97
5,complete,1.0,91
5,complete,1.0,197
5,complete,1.0,79
5,complete,1.0,145
5,complete,1.0,317
5,complete,1.0,247
5,complete,1.0,104
5,complete,1.0,315
5,complete,1.0,156
5,complete,1.0,285
5,complete,1.0,101
5,complete,1.0,354
5,complete,1.0,71
5,complete,1.0,229
5,complete,1.0,201
5,complete,1.0,239
5,complete,1.0,98
5,complete,1.0,363
5,complete,0.0,44
5,complete,1.0,241
5,complete,0.0,34
5,complete,0.0,37
5,complete,1.0,145
5,complete,1.0,216
5,complete,1.0,219
5,complete,1.0,122
5,complete,1.0,182
5,complete,1.0,481
5,complete,1.0,65
5,complete,1.0,253
5,complete,1.0,228
5,complete,1.0,145
5,complete,1.0,350
5,complete,1.0,514
5,complete,1.0,247
5,complete,1.0,240
5,complete,1.0,176
5,complete,1.0,68
5,complete,0.0,4
5,complete,1.0,217
5,complete,1.0,125
5,complete,0.0,22
5,complete,0.0,22
5,complete,1.0,167
5,complete,1.0,155
5,complete,1.0,395
5,complete,1.0,213
5,complete,1.0,220
5,complete,1.0,409
5,complete,0.0,55
5,complete,1.0,75
5,complete,1.0,154
5,complete,1.0,155
5,complete,1.0,84
5,complete,1.0,360
5,complete,0.0,43
5,complete,1.0,85
5,complete,1.0,150
5,complete,0.0,75
5,complete,1.0,204
5,complete,1.0,64
5,complete,1.0,203
5,complete,0.0,100
5,complete,1.0,48
5,complete,1.0,71
5,complete,1.0,212
5,complete,1.0,783
5,complete,1.0,203
5,complete,1.0,115
5,complete,1.0,152
5,complete,1.0,515
5,complete,0.0,67
5,complete,1.0,1247
5,complete,1.0,67
5,complete,1.0,139
5,complete,1.0,133
5,complete,1.0,272
5,complete,1.0,111
5,complete,0.0,1
5,complete,1.0,224
5,complete,1.0,155
5,complete,0.0,61
5,complete,1.0,267
5,complete,1.0,163
5,complete,1.0,264
5,complete,1.0,87
5,complete,1.0,78
5,complete,1.0,70
5,complete,0.0,353
5,complete,1.0,254
5,complete,1.0,129
5,complete,1.0,113
5,complete,1.0,293
5,complete,0.0,3
5,complete,1.0,168
5,complete,1.0,242
5,complete,1.0,228
5,complete,1.0,47
5,complete,0.0,11
5,complete,1.0,507
5,complete,1.0,206
5,complete,1.0,363
5,complete,0.0,18
5,complete,0.0,39
5,complete,1.0,96
5,complete,1.0,221
5,complete,1.0,347
5,complete,1.0,152
5,complete,1.0,212
5,complete,1.0,180
5,complete,1.0,71
5,complete,1.0,127
5,complete,0.0,15
5,complete,1.0,199
5,complete,1.0,139
5,complete,1.0,361
5,complete,0.0,27
5,complete,1.0,103
5,complete,1.0,77
5,complete,1.0,185
5,complete,1.0,233
5,complete,1.0,70
5,complete,1.0,117
5,complete,1.0,77
5,complete,1.0,88
5,complete,0.0,276
5,complete,1.0,137
5,complete,1.0,262
5,complete,1.0,170
5,complete,0.0,67
5,complete,1.0,71
5,complete,0.0,45
5,complete,1.0,163
5,complete,1.0,376
5,complete,1.0,190
5,complete,1.0,321
5,complete,1.0,113
5,complete,0.0,91
5,complete,1.0,190
5,complete,1.0,59
5,complete,0.0,11
5,complete,0.0,44
5,complete,1.0,530
5,complete,1.0,104
5,complete,1.0,56
5,complete,0.0,16
5,complete,0.0,1
5,complete,1.0,713
5,complete,1.0,56
5,complete,1.0,318
5,complete,0.0,1
5,complete,0.0,2
5,complete,1.0,713
5,complete,1.0,309
5,complete,0.0,7
5,complete,1.0,226
5,complete,1.0,170
5,complete,1.0,394
5,complete,1.0,512
5,complete,1.0,319
5,complete,0.0,16
5,complete,1.0,176
5,complete,1.0,82
5,complete,1.0,63
5,complete,1.0,83
5,complete,0.0,59
5,complete,1.0,69
5,complete,1.0,70
5,complete,1.0,222
5,complete,1.0,184
5,complete,1.0,526
5,complete,1.0,104
5,complete,1.0,171
5,complete,1.0,63
5,complete,1.0,733
5,complete,0.0,1
5,complete,1.0,239
5,complete,1.0,65
5,complete,1.0,111
5,complete,1.0,161
5,complete,1.0,181
5,complete,1.0,351
5,complete,1.0,109
5,complete,1.0,223
5,complete,1.0,267
5,complete,1.0,351
5,complete,1.0,472
5,complete,1.0,88
5,complete,0.0,122
5,complete,1.0,206
5,complete,1.0,168
5,complete,0.0,7
5,complete,1.0,101
5,complete,1.0,310
5,complete,1.0,106
5,complete,1.0,417
5,complete,1.0,73
5,complete,1.0,209
5,complete,1.0,413
5,complete,0.0,12
5,complete,1.0,186
5,complete,0.0,46
5,complete,0.0,1
5,complete,0.0,11
5,complete,1.0,189
5,complete,1.0,192
5,complete,1.0,203
5,complete,1.0,178
5,complete,1.0,495
5,complete,1.0,297
5,complete,1.0,188
5,complete,1.0,311
5,complete,1.0,139
5,complete,0.0,2
5,complete,1.0,105
5,complete,0.0,410
5,complete,1.0,96
5,complete,1.0,158
5,complete,0.0,59
5,complete,1.0,334
5,complete,1.0,246
5,complete,1.0,150
5,complete,1.0,177
5,complete,1.0,150
5,complete,1.0,141
5,complete,1.0,347
5,complete,1.0,506
5,complete,0.0,1
5,complete,1.0,283
5,complete,1.0,146
5,complete,1.0,150
5,complete,1.0,186
5,complete,1.0,287
5,complete,0.0,17
5,complete,1.0,76
5,complete,1.0,117
5,complete,1.0,282
5,complete,1.0,58
5,complete,0.0,36
5,complete,0.0,8
5,complete,1.0,141
5,complete,1.0,202
5,complete,0.0,3
5,complete,1.0,157
5,complete,0.0,28
5,complete,1.0,104
5,complete,1.0,157
5,complete,1.0,65
5,complete,1.0,186
5,complete,0.0,28
5,complete,1.0,327
5,complete,1.0,300
5,complete,1.0,91
5,complete,0.0,28
5,complete,0.0,104
5,complete,1.0,183
5,complete,1.0,566
5,complete,1.0,127
5,complete,1.0,158
5,complete,1.0,221
5,complete,1.0,139
5,complete,1.0,266
5,complete,1.0,118
5,complete,1.0,257
5,complete,1.0,200
5,complete,0.0,118
5,complete,1.0,230
5,complete,1.0,107
5,complete,1.0,293
5,complete,1.0,209
5,complete,1.0,286
5,complete,1.0,547
5,complete,1.0,336
5,complete,1.0,97
5,complete,1.0,252
5,complete,1.0,63
5,complete,1.0,107
5,complete,0.0,75
5,complete,1.0,89
5,complete,1.0,135
5,complete,1.0,106
5,complete,1.0,260
5,complete,1.0,120
5,complete,1.0,94
5,complete,1.0,53
5,complete,1.0,196
5,complete,1.0,124
5,complete,1.0,202
5,complete,0.0,94
5,complete,1.0,173
5,complete,1.0,462
5,complete,0.0,18
5,complete,1.0,153
5,complete,1.0,134
5,complete,0.0,71
5,complete,1.0,329
5,complete,1.0,187
5,complete,1.0,189
5,complete,1.0,299
5,complete,0.0,155
5,complete,1.0,82
5,complete,1.0,172
5,complete,1.0,162
5,complete,0.0,73
5,complete,1.0,39
5,complete,1.0,165
5,complete,1.0,177
5,complete,1.0,96
5,complete,1.0,79
5,complete,1.0,388
5,complete,0.0,344
5,complete,1.0,311
5,complete,0.0,167
5,complete,0.0,15
5,complete,0.0,1
5,complete,1.0,223
5,complete,1.0,231
5,complete,1.0,130
5,complete,1.0,107
5,complete,1.0,569
5,complete,0.0,7
5,complete,1.0,129
5,complete,1.0,394
5,complete,1.0,172
5,complete,1.0,581
5,complete,1.0,155
5,complete,1.0,66
5,complete,1.0,49
5,complete,0.0,102
5,complete,1.0,121
5,complete,1.0,583
5,complete,1.0,262
5,complete,1.0,247
5,complete,1.0,181
5,complete,1.0,583
5,complete,1.0,197
5,complete,1.0,96
5,complete,1.0,100
5,complete,0.0,1
5,complete,1.0,290
5,complete,1.0,511
5,complete,0.0,1
5,complete,1.0,245
5,complete,0.0,1
5,complete,1.0,47
5,complete,1.0,407
5,complete,1.0,73
5,complete,1.0,173
5,complete,1.0,139
5,complete,1.0,271
5,complete,1.0,246
5,complete,1.0,360
5,complete,1.0,158
5,complete,1.0,154
5,complete,1.0,88
5,complete,1.0,413
5,complete,1.0,252
5,complete,0.0,48
5,complete,0.0,65
5,complete,1.0,173
5,complete,1.0,79
5,complete,1.0,168
5,complete,1.0,252
5,complete,0.0,80
5,complete,1.0,260
5,complete,1.0,215
5,complete,1.0,137
5,complete,1.0,233
5,complete,1.0,64
5,complete,0.0,62
5,complete,1.0,168
5,complete,1.0,118
5,complete,0.0,56
5,complete,0.0,18
5,complete,1.0,188
5,complete,1.0,156
5,complete,1.0,117
5,complete,0.0,93
5,complete,1.0,640
5,complete,0.0,22
5,complete,1.0,137
5,complete,1.0,129
5,complete,1.0,149
5,complete,1.0,530
5,complete,0.0,3
5,complete,0.0,7
5,complete,1.0,541
5,complete,1.0,159
5,complete,1.0,116
5,complete,1.0,171
5,complete,1.0,144
5,complete,1.0,103
5,complete,1.0,121
5,complete,0.0,3
5,complete,1.0,148
5,complete,1.0,50
5,complete,1.0,138
5,complete,1.0,134
5,complete,1.0,271
5,complete,0.0,1
5,complete,1.0,270
5,complete,1.0,334
5,complete,1.0,197
5,complete,1.0,64
5,complete,0.0,51
5,complete,1.0,153
5,complete,1.0,212
5,complete,1.0,30
5,complete,1.0,163
5,complete,1.0,224
5,complete,1.0,70
5,complete,1.0,267
5,complete,1.0,138
5,complete,1.0,101
5,complete,1.0,223
5,complete,1.0,299
5,complete,0.0,19
5,complete,0.0,31
5,complete,1.0,286
5,complete,1.0,202
5,complete,1.0,109
5,complete,1.0,334
5,complete,1.0,98
5,complete,1.0,151
5,complete,1.0,419
5,complete,1.0,260
5,complete,1.0,291
5,complete,1.0,136
5,complete,1.0,325
5,complete,1.0,81
5,complete,1.0,346
5,complete,1.0,503
5,complete,1.0,358
5,complete,1.0,243
5,complete,1.0,209
5,complete,0.0,57
5,complete,0.0,1
5,complete,1.0,256
5,complete,0.0,26
5,complete,1.0,168
5,complete,1.0,46
5,complete,0.0,43
5,complete,0.0,35
5,complete,1.0,165
5,complete,0.0,55
5,complete,0.0,14
5,complete,1.0,190
5,complete,1.0,95
5,complete,1.0,154
5,complete,1.0,115
5,complete,0.0,94
5,complete,1.0,414
5,complete,1.0,475
5,complete,1.0,270
5,complete,1.0,48
5,complete,1.0,291
5,complete,1.0,90
5,complete,1.0,434
5,complete,1.0,128
5,complete,1.0,80
5,complete,1.0,234
5,complete,1.0,123
5,complete,1.0,273
5,complete,1.0,56
5,complete,1.0,79
5,complete,1.0,91
5,complete,1.0,154
5,complete,1.0,212
5,complete,1.0,131
5,complete,1.0,70
5,complete,1.0,343
5,complete,1.0,197
5,complete,1.0,515
5,complete,1.0,139
5,complete,0.0,33
5,complete,0.0,137
5,complete,1.0,68
5,complete,0.0,86
5,complete,1.0,43
5,complete,1.0,144
5,complete,1.0,75
5,complete,1.0,69
5,complete,1.0,83
5,complete,1.0,249
5,complete,1.0,130
5,complete,0.0,14
5,complete,1.0,264
5,complete,1.0,103
5,complete,1.0,130
5,complete,1.0,103
5,complete,1.0,130
5,complete,0.0,1
5,complete,0.0,65
5,complete,1.0,130
5,complete,1.0,54
5,complete,1.0,133
5,complete,0.0,86
5,complete,1.0,115
5,complete,1.0,545
5,complete,1.0,459
5,complete,0.0,23
5,complete,1.0,179
5,complete,1.0,145
5,complete,1.0,187
5,complete,1.0,164
5,complete,1.0,92
5,complete,1.0,90
5,complete,1.0,259
5,complete,1.0,111
5,complete,0.0,87
5,complete,0.0,93
5,complete,1.0,64
5,complete,1.0,150
5,complete,1.0,325
5,complete,1.0,64
5,complete,1.0,99
5,complete,1.0,258
5,complete,1.0,187
5,complete,1.0,155
5,complete,1.0,138
5,complete,1.0,51
5,complete,1.0,197
5,complete,1.0,228
5,complete,0.0,8
5,complete,1.0,112
5,complete,1.0,86
5,complete,1.0,180
5,complete,1.0,389
5,complete,1.0,425
5,complete,1.0,564
5,complete,1.0,168
5,complete,0.0,57
5,complete,1.0,268
5,complete,1.0,81
5,complete,1.0,252
5,complete,1.0,92
5,complete,1.0,470
5,complete,0.0,1
5,complete,1.0,162
5,complete,1.0,215
5,complete,1.0,224
5,complete,1.0,102
5,complete,1.0,256
5,complete,1.0,118
5,complete,1.0,215
5,complete,1.0,122
5,complete,0.0,178
5,complete,1.0,99
5,complete,0.0,35
5,complete,1.0,287
5,complete,1.0,150
5,complete,1.0,403
5,complete,1.0,114
5,complete,1.0,46
5,complete,0.0,86
5,complete,1.0,238
5,complete,1.0,277
5,complete,0.0,1
5,complete,1.0,195
5,complete,1.0,224
5,complete,1.0,145
5,complete,1.0,133
5,complete,1.0,124
5,complete,1.0,78
5,complete,1.0,103
5,complete,1.0,337
5,complete,1.0,204
5,complete,1.0,222
5,complete,1.0,191
5,complete,1.0,365
5,complete,1.0,431
5,complete,1.0,104
5,complete,1.0,136
5,complete,1.0,310
5,complete,1.0,208
5,complete,1.0,350
5,complete,1.0,114
5,complete,1.0,89
5,complete,1.0,374
5,complete,1.0,213
5,complete,1.0,361
5,complete,0.0,61
5,complete,1.0,173
5,complete,0.0,1
5,complete,0.0,3
5,complete,0.0,51
5,complete,1.0,190
5,complete,1.0,161
5,complete,1.0,216
5,complete,0.0,44
5,complete,1.0,432
5,complete,1.0,169
5,complete,1.0,604
5,complete,1.0,61
5,complete,1.0,135
5,complete,1.0,204
5,complete,1.0,105
5,complete,1.0,311
5,complete,1.0,129
5,complete,1.0,208
5,complete,1.0,295
5,complete,0.0,5
5,complete,1.0,402
5,complete,0.0,278
5,complete,1.0,222
5,complete,1.0,161
5,complete,1.0,210
5,complete,1.0,451
5,complete,1.0,327
5,complete,1.0,159
5,complete,1.0,175
5,complete,1.0,201
5,complete,0.0,11
5,complete,1.0,348
5,complete,1.0,569
5,complete,0.0,6
5,complete,1.0,155
5,complete,1.0,152
5,complete,1.0,249
5,complete,0.0,67
5,complete,1.0,79
5,complete,1.0,60
5,complete,1.0,171
5,complete,0.0,1
5,complete,1.0,222
5,complete,1.0,116
5,complete,1.0,130
5,complete,1.0,189
5,complete,1.0,144
5,complete,1.0,221
5,complete,1.0,346
5,complete,1.0,148
5,complete,1.0,279
5,complete,1.0,77
5,complete,1.0,134
5,complete,1.0,614
5,complete,1.0,127
5,complete,1.0,108
5,complete,1.0,109
5,complete,1.0,266
5,complete,1.0,160
5,complete,1.0,821
5,complete,1.0,116
5,complete,1.0,146
5,complete,1.0,352
5,complete,1.0,278
5,complete,1.0,232
5,complete,0.0,3
5,complete,0.0,21
5,complete,0.0,179
5,complete,1.0,153
5,complete,0.0,393
5,complete,1.0,82
5,complete,1.0,80
5,complete,1.0,85
5,complete,1.0,329
5,complete,1.0,129
5,complete,0.0,8
5,complete,1.0,424
5,complete,1.0,262
5,complete,1.0,187
5,complete,1.0,270
5,complete,1.0,70
5,complete,1.0,155
5,complete,1.0,131
5,complete,1.0,730
5,complete,0.0,1
5,complete,0.0,66
5,complete,1.0,263
5,complete,1.0,495
5,complete,0.0,21
5,complete,1.0,154
5,complete,1.0,147
5,complete,0.0,409
5,complete,1.0,188
5,complete,0.0,1
5,complete,1.0,190
5,complete,1.0,95
5,complete,1.0,91
5,complete,1.0,156
5,complete,1.0,95
5,complete,0.0,5
5,complete,1.0,352
5,complete,1.0,311
5,complete,1.0,115
5,complete,1.0,126
5,complete,1.0,221
5,complete,1.0,73
5,complete,1.0,188
5,complete,1.0,124
5,complete,1.0,254
5,complete,0.0,69
5,complete,1.0,125
5,complete,0.0,156
5,complete,1.0,312
5,complete,1.0,152
5,complete,1.0,131
5,complete,1.0,171
5,complete,1.0,215
5,complete,1.0,233
5,complete,0.0,44
5,complete,1.0,143
5,complete,1.0,77
5,complete,1.0,77
5,complete,1.0,335
5,complete,1.0,1051
5,complete,0.0,95
5,complete,1.0,1174
5,complete,1.0,143
5,complete,1.0,208
5,complete,1.0,248
5,complete,1.0,264
5,complete,0.0,74
5,complete,1.0,292
5,complete,0.0,13
5,complete,1.0,298
5,complete,1.0,61
5,complete,1.0,221
5,complete,1.0,152
5,complete,0.0,180
5,complete,1.0,382
5,complete,0.0,47
5,complete,1.0,472
5,complete,1.0,149
5,complete,1.0,123
5,complete,0.0,253
5,complete,1.0,80
5,complete,0.0,222
5,complete,1.0,117
5,complete,0.0,1
5,complete,1.0,362
5,complete,0.0,7
5,complete,1.0,123
5,complete,0.0,5
5,complete,1.0,210
5,complete,1.0,373
5,complete,1.0,87
5,complete,1.0,265
5,complete,1.0,424
5,complete,1.0,374
5,complete,1.0,135
5,complete,0.0,1
5,complete,1.0,253
5,complete,1.0,562
5,complete,1.0,161
5,complete,1.0,292
5,complete,0.0,1
5,complete,1.0,421
5,complete,1.0,259
5,complete,1.0,81
5,complete,0.0,33
5,complete,1.0,139
5,complete,1.0,158
5,complete,0.0,31
5,complete,1.0,87
5,complete,1.0,117
5,complete,0.0,46
5,complete,1.0,175
6,cycle,1.0,623
6,cycle,0.0,10
6,cycle,1.0,130
6,cycle,1.0,363
6,cycle,1.0,704
6,cycle,1.0,934
6,cycle,1.0,158
6,cycle,1.0,251
6,cycle,1.0,176
6,cycle,1.0,704
6,cycle,0.0,315
6,cycle,1.0,81
6,cycle,1.0,713
6,cycle,1.0,685
6,cycle,1.0,422
6,cycle,1.0,649
6,cycle,0.0,40
6,cycle,1.0,339
6,cycle,1.0,417
6,cycle,1.0,285
6,cycle,1.0,1266
6,cycle,1.0,906
6,cycle,1.0,507
6,cycle,1.0,417
6,cycle,1.0,897
6,cycle,1.0,997
6,cycle,1.0,835
6,cycle,1.0,468
6,cycle,1.0,774
6,cycle,1.0,908
6,cycle,1.0,965
6,cycle,1.0,608
6,cycle,1.0,465
6,cycle,1.0,459
6,cycle,0.0,9
6,cycle,1.0,619
6,cycle,1.0,616
6,cycle,1.0,481
6,cycle,1.0,568
6,cycle,1.0,309
6,cycle,1.0,621
6,cycle,1.0,304
6,cycle,1.0,1286
6,cycle,1.0,384
6,cycle,1.0,2076
6,cycle,1.0,323
6,cycle,0.0,24
6,cycle,1.0,908
6,cycle,1.0,739
6,cycle,1.0,219
6,cycle,1.0,451
6,cycle,1.0,1486
6,cycle,1.0,486
6,cycle,0.0,22
6,cycle,0.0,17
6,cycle,0.0,53
6,cycle,1.0,422
6,cycle,1.0,835
6,cycle,1.0,818
6,cycle,1.0,341
6,cycle,0.0,165
6,cycle,1.0,221
6,cycle,0.0,127
6,cycle,1.0,1412
6,cycle,1.0,612
6,cycle,1.0,614
6,cycle,1.0,1085
6,cycle,1.0,364
6,cycle,1.0,174
6,cycle,1.0,284
6,cycle,1.0,447
6,cycle,0.0,133
6,cycle,1.0,861
6,cycle,1.0,94
6,cycle,1.0,195
6,cycle,1.0,836
6,cycle,1.0,131
6,cycle,1.0,288
6,cycle,1.0,983
6,cycle,0.0,51
6,cycle,1.0,662
6,cycle,1.0,186
6,cycle,1.0,2120
6,cycle,1.0,417
6,cycle,0.0,45
6,cycle,0.0,28
6,cycle,1.0,1195
6,cycle,1.0,1229
6,cycle,1.0,347
6,cycle,1.0,528
6,cycle,1.0,1590
6,cycle,1.0,461
6,cycle,1.0,469
6,cycle,1.0,935
6,cycle,1.0,284
6,cycle,1.0,821
6,cycle,1.0,555
6,cycle,1.0,1172
6,cycle,1.0,434
6,cycle,1.0,1525
6,cycle,1.0,630
6,cycle,0.0,514
6,cycle,1.0,276
6,cycle,1.0,610
6,cycle,0.0,34
6,cycle,1.0,927
6,cycle,1.0,896
6,cycle,1.0,567
6,cycle,1.0,293
6,cycle,0.0,40
6,cycle,1.0,456
6,cycle,0.0,15
6,cycle,1.0,466
6,cycle,1.0,1551
6,cycle,1.0,297
6,cycle,1.0,510
6,cycle,1.0,396
6,cycle,1.0,362
6,cycle,1.0,1160
6,cycle,1.0,1337
6,cycle,1.0,1242
6,cycle,1.0,366
6,cycle,0.0,60
6,cycle,1.0,240
6,cycle,1.0,688
6,cycle,1.0,489
6,cycle,1.0,333
6,cycle,1.0,1138
6,cycle,1.0,142
6,cycle,1.0,769
6,cycle,1.0,959
6,cycle,1.0,1051
6,cycle,1.0,799
6,cycle,1.0,462
6,cycle,1.0,505
6,cycle,1.0,417
6,cycle,1.0,438
6,cycle,1.0,368
6,cycle,1.0,687
6,cycle,0.0,8
6,cycle,1.0,442
6,cycle,1.0,748
6,cycle,1.0,134
6,cycle,0.0,103
6,cycle,1.0,475
6,cycle,1.0,943
6,cycle,1.0,287
6,cycle,0.0,158
6,cycle,0.0,169
6,cycle,1.0,657
6,cycle,1.0,774
6,cycle,1.0,775
6,cycle,1.0,207
6,cycle,1.0,299
6,cycle,1.0,453
6,cycle,1.0,191
6,cycle,1.0,1584
6,cycle,1.0,710
6,cycle,0.0,1
6,cycle,1.0,1459
6,cycle,1.0,401
6,cycle,1.0,703
6,cycle,1.0,743
6,cycle,1.0,592
6,cycle,1.0,414
6,cycle,1.0,382
6,cycle,1.0,305
6,cycle,1.0,212
6,cycle,1.0,309
6,cycle,1.0,844
6,cycle,1.0,738
6,cycle,1.0,204
6,cycle,1.0,1001
6,cycle,1.0,454
6,cycle,0.0,8
6,cycle,1.0,1098
6,cycle,1.0,396
6,cycle,1.0,701
6,cycle,1.0,484
6,cycle,1.0,392
6,cycle,1.0,344
6,cycle,1.0,155
6,cycle,0.0,23
6,cycle,1.0,406
6,cycle,1.0,609
6,cycle,1.0,205
6,cycle,1.0,1204
6,cycle,1.0,412
6,cycle,0.0,123
6,cycle,1.0,399
6,cycle,1.0,151
6,cycle,0.0,81
6,cycle,1.0,325
6,cycle,1.0,1030
6,cycle,0.0,344
6,cycle,1.0,832
6,cycle,0.0,3
6,cycle,1.0,1572
6,cycle,1.0,1138
6,cycle,1.0,460
6,cycle,1.0,393
6,cycle,1.0,701
6,cycle,1.0,687
6,cycle,1.0,772
6,cycle,1.0,547
6,cycle,1.0,429
6,cycle,1.0,381
6,cycle,1.0,295
6,cycle,1.0,317
6,cycle,1.0,97
6,cycle,1.0,773
6,cycle,1.0,879
6,cycle,1.0,204
6,cycle,1.0,266
6,cycle,1.0,583
6,cycle,1.0,465
6,cycle,1.0,201
6,cycle,1.0,727
6,cycle,1.0,488
6,cycle,1.0,455
6,cycle,0.0,486
6,cycle,1.0,610
6,cycle,1.0,159
6,cycle,1.0,1066
6,cycle,1.0,276
6,cycle,1.0,1058
6,cycle,1.0,487
6,cycle,1.0,285
6,cycle,1.0,651
6,cycle,1.0,347
6,cycle,1.0,563
6,cycle,1.0,376
6,cycle,1.0,525
6,cycle,1.0,584
6,cycle,0.0,45
6,cycle,1.0,238
6,cycle,1.0,807
6,cycle,1.0,454
6,cycle,1.0,786
6,cycle,1.0,374
6,cycle,1.0,665
6,cycle,1.0,653
6,cycle,1.0,713
6,cycle,1.0,640
6,cycle,0.0,1
6,cycle,1.0,319
6,cycle,1.0,659
6,cycle,1.0,472
6,cycle,1.0,1279
6,cycle,1.0,1145
6,cycle,1.0,383
6,cycle,1.0,668
6,cycle,0.0,19
6,cycle,1.0,752
6,cycle,1.0,302
6,cycle,1.0,385
6,cycle,1.0,455
6,cycle,1.0,421
6,cycle,1.0,469
6,cycle,0.0,15
6,cycle,1.0,357
6,cycle,1.0,408
6,cycle,1.0,441
6,cycle,1.0,1787
6,cycle,1.0,222
6,cycle,1.0,416
6,cycle,1.0,191
6,cycle,1.0,477
6,cycle,1.0,750
6,cycle,1.0,602
6,cycle,1.0,1352
6,cycle,1.0,620
6,cycle,0.0,21
6,cycle,1.0,1006
6,cycle,1.0,662
6,cycle,0.0,50
6,cycle,1.0,114
6,cycle,1.0,286
6,cycle,0.0,11
6,cycle,1.0,503
6,cycle,1.0,379
6,cycle,1.0,243
6,cycle,1.0,906
6,cycle,1.0,614
6,cycle,1.0,467
6,cycle,1.0,391
6,cycle,0.0,1
6,cycle,1.0,661
6,cycle,1.0,1086
6,cycle,1.0,1076
6,cycle,1.0,331
6,cycle,0.0,6
6,cycle,1.0,197
6,cycle,1.0,504
6,cycle,1.0,694
6,cycle,1.0,397
6,cycle,1.0,748
6,cycle,1.0,150
6,cycle,1.0,423
6,cycle,1.0,296
6,cycle,1.0,1133
6,cycle,1.0,977
6,cycle,1.0,603
6,cycle,1.0,811
6,cycle,1.0,215
6,cycle,1.0,1034
6,cycle,1.0,187
6,cycle,1.0,1081
6,cycle,1.0,1328
6,cycle,1.0,490
6,cycle,1.0,610
6,cycle,1.0,339
6,cycle,1.0,546
6,cycle,1.0,1079
6,cycle,1.0,509
6,cycle,1.0,174
6,cycle,1.0,398
6,cycle,1.0,378
6,cycle,1.0,420
6,cycle,1.0,521
6,cycle,1.0,754
6,cycle,1.0,771
6,cycle,1.0,270
6,cycle,0.0,1
6,cycle,1.0,560
6,cycle,1.0,788
6,cycle,1.0,1480
6,cycle,1.0,1006
6,cycle,1.0,1341
6,cycle,0.0,58
6,cycle,1.0,753
6,cycle,1.0,932
6,cycle,1.0,575
6,cycle,1.0,80
6,cycle,1.0,1060
6,cycle,1.0,308
6,cycle,0.0,179
6,cycle,0.0,1
6,cycle,1.0,1073
6,cycle,1.0,991
6,cycle,0.0,72
6,cycle,1.0,519
6,cycle,1.0,322
6,cycle,1.0,854
6,cycle,1.0,524
6,cycle,1.0,412
6,cycle,1.0,178
6,cycle,1.0,398
6,cycle,0.0,112
6,cycle,1.0,522
6,cycle,1.0,303
6,cycle,1.0,665
6,cycle,1.0,769
6,cycle,1.0,220
6,cycle,1.0,410
6,cycle,1.0,1265
6,cycle,1.0,986
6,cycle,1.0,362
6,cycle,1.0,879
6,cycle,1.0,628
6,cycle,1.0,293
6,cycle,0.0,22
6,cycle,1.0,153
6,cycle,1.0,486
6,cycle,1.0,760
6,cycle,1.0,405
6,cycle,1.0,318
6,cycle,1.0,1717
6,cycle,0.0,649
6,cycle,1.0,757
6,cycle,1.0,174
6,cycle,1.0,432
6,cycle,1.0,313
6,cycle,1.0,636
6,cycle,1.0,704
6,cycle,1.0,544
6,cycle,1.0,592
6,cycle,1.0,374
6,cycle,1.0,288
6,cycle,1.0,363
6,cycle,1.0,180
6,cycle,1.0,341
6,cycle,0.0,1
6,cycle,1.0,1131
6,cycle,1.0,735
6,cycle,1.0,739
6,cycle,0.0,4
6,cycle,1.0,604
6,cycle,1.0,356
6,cycle,1.0,194
6,cycle,1.0,352
6,cycle,1.0,446
6,cycle,1.0,2296
6,cycle,1.0,241
6,cycle,1.0,491
6,cycle,1.0,372
6,cycle,1.0,1842
6,cycle,1.0,745
6,cycle,1.0,325
6,cycle,1.0,143
6,cycle,1.0,965
6,cycle,1.0,450
6,cycle,0.0,1
6,cycle,1.0,1392
6,cycle,1.0,490
6,cycle,1.0,2353
6,cycle,1.0,311
6,cycle,1.0,459
6,cycle,1.0,949
6,cycle,1.0,399
6,cycle,1.0,235
6,cycle,1.0,597
6,cycle,1.0,565
6,cycle,1.0,248
6,cycle,1.0,294
6,cycle,1.0,242
6,cycle,1.0,267
6,cycle,1.0,467
6,cycle,1.0,280
6,cycle,1.0,960
6,cycle,0.0,35
6,cycle,1.0,962
6,cycle,1.0,141
6,cycle,1.0,407
6,cycle,1.0,1132
6,cycle,1.0,534
6,cycle,1.0,508
6,cycle,0.0,175
6,cycle,0.0,68
6,cycle,1.0,408
6,cycle,1.0,1023
6,cycle,1.0,480
6,cycle,1.0,391
6,cycle,1.0,727
6,cycle,1.0,1131
6,cycle,1.0,411
6,cycle,1.0,264
6,cycle,1.0,546
6,cycle,1.0,1393
6,cycle,1.0,603
6,cycle,1.0,513
6,cycle,1.0,979
6,cycle,0.0,81
6,cycle,1.0,766
6,cycle,0.0,13
6,cycle,1.0,555
6,cycle,1.0,565
6,cycle,1.0,364
6,cycle,1.0,296
6,cycle,1.0,2471
6,cycle,0.0,24
6,cycle,1.0,524
6,cycle,1.0,1303
6,cycle,1.0,239
6,cycle,1.0,349
6,cycle,1.0,384
6,cycle,1.0,491
6,cycle,1.0,703
6,cycle,1.0,1400
6,cycle,1.0,525
6,cycle,1.0,234
6,cycle,1.0,551
6,cycle,1.0,204
6,cycle,1.0,330
6,cycle,1.0,428
6,cycle,1.0,738
6,cycle,0.0,35
6,cycle,1.0,140
6,cycle,1.0,250
6,cycle,1.0,756
6,cycle,1.0,1037
6,cycle,1.0,153
6,cycle,1.0,1698
6,cycle,1.0,539
6,cycle,1.0,556
6,cycle,1.0,540
6,cycle,1.0,1023
6,cycle,0.0,18
6,cycle,1.0,451
6,cycle,1.0,773
6,cycle,1.0,925
6,cycle,1.0,521
6,cycle,1.0,457
6,cycle,1.0,840
6,cycle,0.0,8
6,cycle,1.0,184
6,cycle,1.0,267
6,cycle,1.0,506
6,cycle,1.0,397
6,cycle,1.0,666
6,cycle,0.0,1
6,cycle,1.0,1075
6,cycle,1.0,673
6,cycle,1.0,1119
6,cycle,1.0,328
6,cycle,0.0,28
6,cycle,1.0,1215
6,cycle,1.0,192
6,cycle,1.0,964
6,cycle,0.0,24
6,cycle,1.0,206
6,cycle,1.0,352
6,cycle,0.0,55
6,cycle,1.0,784
6,cycle,1.0,210
6,cycle,1.0,709
6,cycle,1.0,558
6,cycle,1.0,405
6,cycle,1.0,215
6,cycle,1.0,1353
6,cycle,0.0,27
6,cycle,1.0,266
6,cycle,1.0,1514
6,cycle,1.0,498
6,cycle,1.0,785
6,cycle,1.0,935
6,cycle,1.0,834
6,cycle,1.0,1363
6,cycle,1.0,323
6,cycle,1.0,646
6,cycle,1.0,138
6,cycle,1.0,377
6,cycle,1.0,414
6,cycle,1.0,374
6,cycle,1.0,556
6,cycle,1.0,174
6,cycle,1.0,719
6,cycle,1.0,197
6,cycle,1.0,735
6,cycle,1.0,370
6,cycle,1.0,290
6,cycle,1.0,888
6,cycle,0.0,52
6,cycle,1.0,206
6,cycle,1.0,959
6,cycle,0.0,54
6,cycle,1.0,1032
6,cycle,1.0,1151
6,cycle,0.0,11
6,cycle,1.0,942
6,cycle,1.0,682
6,cycle,1.0,292
6,cycle,1.0,238
6,cycle,1.0,1222
6,cycle,0.0,27
6,cycle,1.0,1005
6,cycle,1.0,574
6,cycle,1.0,1357
6,cycle,1.0,410
6,cycle,1.0,371
6,cycle,0.0,79
6,cycle,1.0,282
6,cycle,1.0,239
6,cycle,1.0,340
6,cycle,1.0,857
6,cycle,1.0,403
6,cycle,1.0,275
6,cycle,1.0,438
6,cycle,1.0,213
6,cycle,1.0,300
6,cycle,1.0,680
6,cycle,1.0,483
6,cycle,1.0,349
6,cycle,1.0,537
6,cycle,1.0,618
6,cycle,1.0,157
6,cycle,0.0,39
6,cycle,1.0,308
6,cycle,1.0,324
6,cycle,1.0,393
6,cycle,1.0,437
6,cycle,1.0,387
6,cycle,1.0,633
6,cycle,1.0,832
6,cycle,0.0,1
6,cycle,1.0,1200
6,cycle,1.0,263
6,cycle,1.0,1334
6,cycle,1.0,307
6,cycle,0.0,302
6,cycle,1.0,499
6,cycle,0.0,30
6,cycle,1.0,587
6,cycle,1.0,332
6,cycle,1.0,134
6,cycle,1.0,450
6,cycle,1.0,291
6,cycle,1.0,169
6,cycle,1.0,427
6,cycle,1.0,1119
6,cycle,1.0,764
6,cycle,1.0,469
6,cycle,1.0,459
6,cycle,1.0,2051
6,cycle,1.0,749
6,cycle,1.0,472
6,cycle,1.0,300
6,cycle,0.0,704
6,cycle,1.0,799
6,cycle,1.0,735
6,cycle,1.0,321
6,cycle,1.0,482
6,cycle,1.0,1367
6,cycle,0.0,1
6,cycle,1.0,148
6,cycle,1.0,692
6,cycle,1.0,480
6,cycle,1.0,679
6,cycle,1.0,726
6,cycle,1.0,470
6,cycle,1.0,549
6,cycle,0.0,78
6,cycle,1.0,340
6,cycle,0.0,36
6,cycle,0.0,1
6,cycle,1.0,894
6,cycle,1.0,232
6,cycle,1.0,471
6,cycle,1.0,429
6,cycle,1.0,485
6,cycle,1.0,868
6,cycle,1.0,803
6,cycle,1.0,744
6,cycle,0.0,55
6,cycle,1.0,411
6,cycle,1.0,683
6,cycle,0.0,35
6,cycle,1.0,838
6,cycle,1.0,866
6,cycle,0.0,26
6,cycle,1.0,330
6,cycle,1.0,246
6,cycle,1.0,672
6,cycle,1.0,336
6,cycle,1.0,989
6,cycle,1.0,446
6,cycle,0.0,24
6,cycle,1.0,279
6,cycle,1.0,179
6,cycle,1.0,445
6,cycle,0.0,51
6,cycle,1.0,1127
6,cycle,1.0,312
6,cycle,1.0,223
6,cycle,1.0,598
6,cycle,1.0,952
6,cycle,1.0,1473
6,cycle,1.0,680
6,cycle,1.0,260
6,cycle,1.0,416
6,cycle,1.0,394
6,cycle,1.0,180
6,cycle,0.0,357
6,cycle,1.0,292
6,cycle,1.0,395
6,cycle,1.0,754
6,cycle,1.0,634
6,cycle,1.0,450
6,cycle,1.0,319
6,cycle,1.0,1143
6,cycle,1.0,781
6,cycle,1.0,384
6,cycle,1.0,1218
6,cycle,1.0,301
6,cycle,0.0,20
6,cycle,1.0,366
6,cycle,1.0,259
6,cycle,1.0,352
6,cycle,1.0,513
6,cycle,1.0,416
6,cycle,1.0,279
6,cycle,0.0,20
6,cycle,1.0,116
6,cycle,1.0,1381
6,cycle,1.0,1121
6,cycle,1.0,495
6,cycle,0.0,68
6,cycle,1.0,685
6,cycle,1.0,451
6,cycle,1.0,577
6,cycle,1.0,1499
6,cycle,0.0,490
6,cycle,1.0,409
6,cycle,1.0,176
6,cycle,1.0,606
6,cycle,1.0,377
6,cycle,0.0,6
6,cycle,1.0,725
6,cycle,1.0,660
6,cycle,1.0,517
6,cycle,1.0,142
6,cycle,1.0,517
6,cycle,1.0,375
6,cycle,1.0,310
6,cycle,1.0,515
6,cycle,1.0,635
6,cycle,1.0,507
6,cycle,1.0,542
6,cycle,1.0,244
6,cycle,1.0,306
6,cycle,1.0,703
6,cycle,0.0,152
6,cycle,1.0,1198
6,cycle,1.0,680
6,cycle,1.0,492
6,cycle,1.0,841
6,cycle,1.0,411
6,cycle,1.0,275
6,cycle,1.0,1760
6,cycle,1.0,797
6,cycle,0.0,1
6,cycle,1.0,738
6,cycle,1.0,450
6,cycle,1.0,890
6,cycle,0.0,1
6,cycle,1.0,339
6,cycle,1.0,803
6,cycle,1.0,483
6,cycle,0.0,1
6,cycle,1.0,1428
6,cycle,1.0,307
6,cycle,1.0,657
6,cycle,1.0,348
6,cycle,1.0,802
6,cycle,1.0,394
6,cycle,1.0,564
6,cycle,0.0,1
6,cycle,1.0,608
6,cycle,1.0,443
6,cycle,1.0,606
6,cycle,0.0,18
6,cycle,1.0,1341
6,cycle,1.0,984
6,cycle,1.0,320
6,cycle,1.0,429
6,cycle,0.0,28
6,cycle,1.0,2503
6,cycle,1.0,982
6,cycle,1.0,662
6,cycle,1.0,506
6,cycle,1.0,300
6,cycle,1.0,757
6,cycle,1.0,1199
6,cycle,1.0,1147
6,cycle,1.0,645
6,cycle,1.0,688
6,cycle,1.0,585
6,cycle,1.0,1853
6,cycle,1.0,296
6,cycle,0.0,1
6,cycle,1.0,426
6,cycle,0.0,88
6,cycle,0.0,43
6,cycle,1.0,1123
6,cycle,1.0,549
6,cycle,1.0,283
6,cycle,1.0,326
6,cycle,1.0,885
6,cycle,1.0,348
6,cycle,1.0,393
6,cycle,1.0,860
6,cycle,1.0,246
6,cycle,1.0,185
6,cycle,1.0,1480
6,cycle,1.0,145
6,cycle,1.0,335
6,cycle,1.0,1068
6,cycle,1.0,808
6,cycle,1.0,563
6,cycle,1.0,217
6,cycle,1.0,995
6,cycle,1.0,911
6,cycle,1.0,349
6,cycle,1.0,322
6,cycle,1.0,1099
6,cycle,1.0,410
6,cycle,1.0,1226
6,cycle,1.0,600
6,cycle,1.0,514
6,cycle,1.0,866
6,cycle,1.0,547
6,cycle,1.0,1099
6,cycle,0.0,1
6,cycle,1.0,499
6,cycle,1.0,774
6,cycle,1.0,975
6,cycle,1.0,273
6,cycle,0.0,109
6,cycle,1.0,398
6,cycle,1.0,684
6,cycle,1.0,242
6,cycle,1.0,269
6,cycle,1.0,663
6,cycle,1.0,349
6,cycle,1.0,659
6,cycle,1.0,414
6,cycle,1.0,641
6,cycle,1.0,301
6,cycle,1.0,358
6,cycle,1.0,1580
6,cycle,1.0,809
6,cycle,1.0,1280
6,cycle,1.0,798
6,cycle,1.0,542
6,cycle,1.0,768
6,cycle,1.0,191
6,cycle,1.0,538
6,cycle,1.0,580
6,cycle,1.0,430
6,cycle,1.0,680
6,cycle,1.0,234
6,cycle,1.0,270
6,cycle,1.0,1135
6,cycle,1.0,532
6,cycle,1.0,561
6,cycle,1.0,208
6,cycle,1.0,343
6,cycle,1.0,847
6,cycle,0.0,239
6,cycle,1.0,926
6,cycle,1.0,179
6,cycle,1.0,294
6,cycle,1.0,282
6,cycle,1.0,892
6,cycle,1.0,713
6,cycle,1.0,1016
6,cycle,1.0,669
6,cycle,0.0,13
6,cycle,1.0,281
6,cycle,1.0,366
6,cycle,1.0,524
6,cycle,1.0,973
6,cycle,1.0,103
6,cycle,1.0,62
6,cycle,1.0,610
6,cycle,1.0,534
6,cycle,1.0,236
6,cycle,1.0,199
6,cycle,1.0,267
6,cycle,1.0,357
6,cycle,1.0,175
6,cycle,1.0,392
6,cycle,1.0,364
6,cycle,1.0,456
6,cycle,1.0,1556
6,cycle,1.0,318
6,cycle,1.0,511
6,cycle,1.0,286
6,cycle,1.0,546
6,cycle,1.0,970
6,cycle,1.0,333
6,cycle,0.0,19
6,cycle,1.0,845
6,cycle,1.0,454
6,cycle,0.0,1
6,cycle,1.0,338
6,cycle,1.0,197
6,cycle,1.0,571
6,cycle,1.0,1001
6,cycle,1.0,505
6,cycle,1.0,1023
6,cycle,1.0,785
6,cycle,1.0,808
6,cycle,1.0,231
6,cycle,1.0,593
6,cycle,1.0,462
6,cycle,1.0,585
6,cycle,1.0,580
6,cycle,1.0,290
6,cycle,1.0,585
6,cycle,0.0,9
6,cycle,1.0,648
6,cycle,0.0,6
6,cycle,1.0,910
6,cycle,1.0,375
6,cycle,1.0,216
6,cycle,0.0,1
6,cycle,1.0,1114
6,cycle,1.0,429
6,cycle,1.0,406
6,cycle,1.0,660
6,cycle,1.0,1179
6,cycle,1.0,806
6,cycle,1.0,449
6,cycle,1.0,507
6,cycle,1.0,534
6,cycle,1.0,158
6,cycle,1.0,237
6,cycle,1.0,555
6,cycle,1.0,794
6,cycle,1.0,964
6,cycle,1.0,101
6,cycle,1.0,271
6,cycle,1.0,685
6,cycle,1.0,345
6,cycle,0.0,3
6,cycle,1.0,757
6,cycle,1.0,238
6,cycle,1.0,388
6,cycle,1.0,264
6,cycle,1.0,600
6,cycle,1.0,288
6,cycle,1.0,585
6,cycle,1.0,1099
6,cycle,1.0,472
6,cycle,1.0,569
6,cycle,1.0,1346
6,cycle,0.0,303
6,cycle,1.0,553
6,cycle,1.0,506
6,cycle,1.0,552
6,cycle,1.0,584
6,cycle,0.0,1
6,cycle,1.0,463
6,cycle,1.0,885
6,cycle,1.0,300
6,cycle,1.0,383
6,cycle,1.0,902
6,cycle,1.0,1394
6,cycle,1.0,532
6,cycle,1.0,356
6,cycle,0.0,89
6,cycle,1.0,284
6,cycle,1.0,946
6,cycle,1.0,584
6,cycle,1.0,333
6,cycle,1.0,359
6,cycle,1.0,168
6,cycle,1.0,676
6,cycle,0.0,1
6,cycle,1.0,354
6,cycle,1.0,927
6,cycle,1.0,752
6,cycle,1.0,983
6,cycle,1.0,453
6,cycle,1.0,333
6,cycle,1.0,394
6,cycle,1.0,783
6,cycle,0.0,1
6,cycle,1.0,703
6,cycle,1.0,449
6,cycle,1.0,235
6,cycle,1.0,1387
6,cycle,0.0,12
6,cycle,1.0,525
6,cycle,1.0,803
6,cycle,0.0,2
6,cycle,1.0,1008
6,cycle,1.0,172
6,cycle,1.0,251
6,cycle,1.0,229
6,cycle,1.0,273
6,cycle,1.0,238
6,cycle,1.0,495
6,cycle,0.0,10
6,cycle,0.0,91
6,cycle,1.0,608
6,cycle,1.0,118
6,cycle,0.0,226
6,cycle,1.0,673
6,cycle,1.0,582
6,cycle,1.0,186
6,cycle,1.0,286
6,cycle,1.0,279
6,cycle,1.0,387
6,cycle,1.0,456
6,cycle,1.0,410
6,cycle,1.0,1145
6,cycle,1.0,214
6,cycle,1.0,395
6,cycle,1.0,582
6,cycle,1.0,357
6,cycle,1.0,197
6,cycle,1.0,173
6,cycle,0.0,137
6,cycle,1.0,281
6,cycle,0.0,66
6,cycle,1.0,860
6,cycle,1.0,1626
6,cycle,1.0,1553
6,cycle,1.0,481
6,cycle,0.0,93
6,cycle,1.0,521
6,cycle,0.0,119
6,cycle,1.0,272
6,cycle,1.0,590
6,cycle,0.0,62
6,cycle,1.0,257
6,cycle,1.0,536
6,cycle,1.0,1560
6,cycle,1.0,200
6,cycle,0.0,55
6,cycle,1.0,1166
6,cycle,0.0,2
6,cycle,1.0,287
6,cycle,1.0,186
6,cycle,1.0,445
6,cycle,0.0,11
6,cycle,0.0,774
6,cycle,1.0,1017
6,wheel,1.0,526
6,wheel,0.0,47
6,wheel,1.0,325
6,wheel,1.0,414
6,wheel,1.0,332
6,wheel,1.0,246
6,wheel,1.0,383
6,wheel,0.0,2
6,wheel,1.0,165
6,wheel,1.0,267
6,wheel,1.0,198
6,wheel,0.0,2
6,wheel,1.0,419
6,wheel,1.0,802
6,wheel,1.0,323
6,wheel,1.0,697
6,wheel,1.0,214
6,wheel,1.0,141
6,wheel,1.0,201
6,wheel,1.0,156
6,wheel,1.0,417
6,wheel,0.0,115
6,wheel,0.0,39
6,wheel,1.0,176
6,wheel,1.0,166
6,wheel,0.0,60
6,wheel,0.0,13
6,wheel,1.0,656
6,wheel,1.0,250
6,wheel,1.0,282
6,wheel,1.0,267
6,wheel,1.0,175
6,wheel,1.0,195
6,wheel,1.0,933
6,wheel,1.0,238
6,wheel,1.0,335
6,wheel,1.0,193
6,wheel,1.0,166
6,wheel,1.0,763
6,wheel,1.0,202
6,wheel,0.0,159
6,wheel,1.0,171
6,wheel,1.0,318
6,wheel,1.0,539
6,wheel,1.0,232
6,wheel,1.0,227
6,wheel,1.0,325
6,wheel,0.0,112
6,wheel,1.0,665
6,wheel,1.0,188
6,wheel,1.0,810
6,wheel,1.0,211
6,wheel,1.0,405
6,wheel,1.0,501
6,wheel,1.0,314
6,wheel,1.0,203
6,wheel,1.0,143
6,wheel,1.0,211
6,wheel,1.0,190
6,wheel,0.0,11
6,wheel,1.0,247
6,wheel,1.0,299
6,wheel,1.0,210
6,wheel,1.0,371
6,wheel,1.0,553
6,wheel,1.0,282
6,wheel,1.0,105
6,wheel,1.0,557
6,wheel,1.0,368
6,wheel,1.0,556
6,wheel,1.0,201
6,wheel,1.0,163
6,wheel,0.0,1
6,wheel,1.0,382
6,wheel,1.0,172
6,wheel,1.0,365
6,wheel,1.0,977
6,wheel,1.0,407
6,wheel,0.0,36
6,wheel,1.0,917
6,wheel,1.0,547
6,wheel,1.0,341
6,wheel,0.0,1
6,wheel,1.0,177
6,wheel,1.0,285
6,wheel,0.0,32
6,wheel,1.0,197
6,wheel,1.0,421
6,wheel,1.0,266
6,wheel,1.0,409
6,wheel,1.0,156
6,wheel,1.0,182
6,wheel,1.0,517
6,wheel,1.0,439
6,wheel,0.0,28
6,wheel,1.0,796
6,wheel,1.0,303
6,wheel,1.0,384
6,wheel,1.0,751
6,wheel,1.0,409
6,wheel,1.0,341
6,wheel,1.0,160
6,wheel,1.0,278
6,wheel,1.0,226
6,wheel,1.0,1504
6,wheel,0.0,4
6,wheel,1.0,276
6,wheel,1.0,347
6,wheel,1.0,368
6,wheel,1.0,133
6,wheel,0.0,22
6,wheel,1.0,327
6,wheel,1.0,371
6,wheel,1.0,978
6,wheel,1.0,586
6,wheel,1.0,264
6,wheel,1.0,460
6,wheel,1.0,386
6,wheel,1.0,154
6,wheel,1.0,272
6,wheel,1.0,455
6,wheel,1.0,356
6,wheel,1.0,136
6,wheel,0.0,42
6,wheel,1.0,388
6,wheel,1.0,479
6,wheel,1.0,209
6,wheel,1.0,183
6,wheel,1.0,205
6,wheel,1.0,573
6,wheel,1.0,287
6,wheel,1.0,149
6,wheel,1.0,212
6,wheel,1.0,632
6,wheel,1.0,185
6,wheel,1.0,344
6,wheel,1.0,342
6,wheel,1.0,170
6,wheel,0.0,15
6,wheel,1.0,137
6,wheel,1.0,652
6,wheel,1.0,446
6,wheel,1.0,170
6,wheel,1.0,260
6,wheel,1.0,149
6,wheel,1.0,208
6,wheel,0.0,19
6,wheel,1.0,317
6,wheel,1.0,168
6,wheel,1.0,285
6,wheel,1.0,244
6,wheel,1.0,487
6,wheel,1.0,256
6,wheel,0.0,10
6,wheel,1.0,91
6,wheel,1.0,410
6,wheel,1.0,435
6,wheel,1.0,107
6,wheel,1.0,465
6,wheel,1.0,291
6,wheel,1.0,251
6,wheel,1.0,149
6,wheel,1.0,282
6,wheel,1.0,127
6,wheel,1.0,613
6,wheel,1.0,576
6,wheel,0.0,62
6,wheel,1.0,900
6,wheel,1.0,106
6,wheel,1.0,115
6,wheel,1.0,131
6,wheel,1.0,683
6,wheel,0.0,67
6,wheel,1.0,180
6,wheel,1.0,752
6,wheel,0.0,9
6,wheel,1.0,547
6,wheel,1.0,540
6,wheel,1.0,443
6,wheel,1.0,245
6,wheel,0.0,46
6,wheel,1.0,220
6,wheel,1.0,212
6,wheel,1.0,169
6,wheel,1.0,91
6,wheel,1.0,248
6,wheel,0.0,33
6,wheel,1.0,137
6,wheel,1.0,235
6,wheel,1.0,300
6,wheel,0.0,13
6,wheel,1.0,290
6,wheel,1.0,419
6,wheel,1.0,115
6,wheel,1.0,135
6,wheel,1.0,472
6,wheel,1.0,288
6,wheel,1.0,291
6,wheel,1.0,160
6,wheel,1.0,237
6,wheel,0.0,1
6,wheel,1.0,409
6,wheel,1.0,595
6,wheel,1.0,223
6,wheel,0.0,126
6,wheel,0.0,33
6,wheel,1.0,225
6,wheel,1.0,706
6,wheel,1.0,200
6,wheel,0.0,20
6,wheel,1.0,591
6,wheel,1.0,240
6,wheel,1.0,218
6,wheel,1.0,155
6,wheel,1.0,494
6,wheel,1.0,393
6,wheel,1.0,372
6,wheel,1.0,450
6,wheel,1.0,387
6,wheel,1.0,275
6,wheel,1.0,322
6,wheel,1.0,208
6,wheel,0.0,257
6,wheel,1.0,101
6,wheel,1.0,520
6,wheel,1.0,285
6,wheel,1.0,210
6,wheel,1.0,243
6,wheel,1.0,270
6,wheel,1.0,657
6,wheel,1.0,541
6,wheel,1.0,283
6,wheel,1.0,238
6,wheel,1.0,294
6,wheel,1.0,262
6,wheel,1.0,198
6,wheel,1.0,353
6,wheel,1.0,744
6,wheel,1.0,103
6,wheel,1.0,211
6,wheel,1.0,397
6,wheel,1.0,300
6,wheel,1.0,457
6,wheel,1.0,286
6,wheel,1.0,172
6,wheel,1.0,937
6,wheel,1.0,547
6,wheel,1.0,372
6,wheel,0.0,219
6,wheel,1.0,1147
6,wheel,1.0,350
6,wheel,1.0,48
6,wheel,1.0,267
6,wheel,1.0,191
6,wheel,1.0,163
6,wheel,1.0,288
6,wheel,1.0,380
6,wheel,1.0,293
6,wheel,1.0,292
6,wheel,1.0,93
6,wheel,1.0,301
6,wheel,1.0,344
6,wheel,1.0,389
6,wheel,1.0,805
6,wheel,1.0,84
6,wheel,0.0,65
6,wheel,1.0,265
6,wheel,1.0,56
6,wheel,1.0,348
6,wheel,1.0,357
6,wheel,1.0,953
6,wheel,1.0,127
6,wheel,1.0,159
6,wheel,1.0,217
6,wheel,1.0,156
6,wheel,1.0,127
6,wheel,1.0,133
6,wheel,0.0,19
6,wheel,1.0,393
6,wheel,1.0,193
6,wheel,0.0,75
6,wheel,0.0,63
6,wheel,1.0,223
6,wheel,1.0,1471
6,wheel,1.0,183
6,wheel,1.0,395
6,wheel,0.0,296
6,wheel,1.0,106
6,wheel,1.0,588
6,wheel,1.0,191
6,wheel,1.0,335
6,wheel,1.0,442
6,wheel,1.0,156
6,wheel,1.0,221
6,wheel,1.0,190
6,wheel,1.0,231
6,wheel,1.0,252
6,wheel,1.0,238
6,wheel,0.0,74
6,wheel,1.0,325
6,wheel,1.0,138
6,wheel,1.0,165
6,wheel,1.0,97
6,wheel,1.0,80
6,wheel,1.0,145
6,wheel,1.0,239
6,wheel,1.0,214
6,wheel,1.0,619
6,wheel,1.0,466
6,wheel,1.0,281
6,wheel,1.0,243
6,wheel,1.0,441
6,wheel,1.0,225
6,wheel,0.0,8
6,wheel,0.0,235
6,wheel,1.0,791
6,wheel,1.0,543
6,wheel,1.0,396
6,wheel,1.0,294
6,wheel,1.0,452
6,wheel,1.0,400
6,wheel,1.0,459
6,wheel,1.0,346
6,wheel,1.0,223
6,wheel,1.0,353
6,wheel,1.0,202
6,wheel,1.0,178
6,wheel,1.0,478
6,wheel,1.0,508
6,wheel,1.0,303
6,wheel,1.0,501
6,wheel,1.0,496
6,wheel,1.0,715
6,wheel,0.0,3
6,wheel,1.0,543
6,wheel,1.0,237
6,wheel,1.0,700
6,wheel,1.0,494
6,wheel,1.0,735
6,wheel,1.0,580
6,wheel,1.0,89
6,wheel,1.0,536
6,wheel,0.0,93
6,wheel,1.0,353
6,wheel,1.0,806
6,wheel,1.0,310
6,wheel,1.0,501
6,wheel,1.0,837
6,wheel,1.0,563
6,wheel,1.0,529
6,wheel,1.0,122
6,wheel,0.0,63
6,wheel,1.0,173
6,wheel,0.0,1
6,wheel,1.0,252
6,wheel,0.0,1
6,wheel,1.0,118
6,wheel,1.0,370
6,wheel,1.0,109
6,wheel,1.0,257
6,wheel,1.0,147
6,wheel,0.0,1
6,wheel,1.0,986
6,wheel,1.0,318
6,wheel,1.0,209
6,wheel,1.0,99
6,wheel,1.0,317
6,wheel,0.0,27
6,wheel,1.0,293
6,wheel,0.0,246
6,wheel,1.0,468
6,wheel,1.0,426
6,wheel,1.0,605
6,wheel,1.0,214
6,wheel,1.0,67
6,wheel,1.0,298
6,wheel,1.0,322
6,wheel,1.0,700
6,wheel,1.0,831
6,wheel,1.0,210
6,wheel,1.0,284
6,wheel,1.0,75
6,wheel,1.0,103
6,wheel,1.0,132
6,wheel,1.0,207
6,wheel,1.0,65
6,wheel,1.0,112
6,wheel,1.0,666
6,wheel,1.0,131
6,wheel,1.0,423
6,wheel,1.0,773
6,wheel,1.0,343
6,wheel,1.0,374
6,wheel,1.0,121
6,wheel,0.0,117
6,wheel,1.0,244
6,wheel,0.0,63
6,wheel,1.0,219
6,wheel,1.0,213
6,wheel,1.0,262
6,wheel,1.0,215
6,wheel,1.0,120
6,wheel,0.0,131
6,wheel,1.0,122
6,wheel,1.0,676
6,wheel,1.0,305
6,wheel,1.0,227
6,wheel,1.0,391
6,wheel,1.0,156
6,wheel,1.0,175
6,wheel,1.0,403
6,wheel,1.0,155
6,wheel,1.0,468
6,wheel,1.0,199
6,wheel,0.0,21
6,wheel,1.0,402
6,wheel,1.0,470
6,wheel,1.0,360
6,wheel,0.0,135
6,wheel,1.0,483
6,wheel,1.0,364
6,wheel,1.0,241
6,wheel,1.0,501
6,wheel,1.0,718
6,wheel,1.0,85
6,wheel,1.0,268
6,wheel,1.0,434
6,wheel,1.0,183
6,wheel,1.0,160
6,wheel,1.0,693
6,wheel,1.0,466
6,wheel,1.0,311
6,wheel,1.0,651
6,wheel,1.0,60
6,wheel,1.0,370
6,wheel,1.0,124
6,wheel,1.0,579
6,wheel,0.0,86
6,wheel,0.0,19
6,wheel,1.0,261
6,wheel,1.0,273
6,wheel,1.0,113
6,wheel,1.0,183
6,wheel,1.0,308
6,wheel,1.0,366
6,wheel,1.0,170
6,wheel,1.0,204
6,wheel,1.0,169
6,wheel,1.0,678
6,wheel,1.0,254
6,wheel,1.0,458
6,wheel,1.0,551
6,wheel,1.0,498
6,wheel,1.0,509
6,wheel,1.0,233
6,wheel,0.0,36
6,wheel,1.0,240
6,wheel,1.0,165
6,wheel,0.0,15
6,wheel,1.0,586
6,wheel,1.0,443
6,wheel,1.0,162
6,wheel,1.0,348
6,wheel,1.0,293
6,wheel,1.0,304
6,wheel,1.0,109
6,wheel,1.0,476
6,wheel,1.0,110
6,wheel,0.0,1
6,wheel,1.0,448
6,wheel,1.0,143
6,wheel,1.0,570
6,wheel,1.0,360
6,wheel,1.0,220
6,wheel,1.0,300
6,wheel,1.0,84
6,wheel,1.0,200
6,wheel,1.0,344
6,wheel,1.0,277
6,wheel,1.0,215
6,wheel,0.0,49
6,wheel,1.0,193
6,wheel,1.0,313
6,wheel,1.0,249
6,wheel,1.0,988
6,wheel,1.0,360
6,wheel,1.0,468
6,wheel,0.0,82
6,wheel,1.0,247
6,wheel,1.0,292
6,wheel,1.0,287
6,wheel,1.0,349
6,wheel,0.0,206
6,wheel,1.0,934
6,wheel,1.0,678
6,wheel,1.0,247
6,wheel,1.0,184
6,wheel,1.0,166
6,wheel,1.0,108
6,wheel,1.0,172
6,wheel,1.0,193
6,wheel,1.0,267
6,wheel,1.0,236
6,wheel,1.0,642
6,wheel,1.0,307
6,wheel,1.0,402
6,wheel,1.0,603
6,wheel,1.0,346
6,wheel,1.0,573
6,wheel,1.0,424
6,wheel,1.0,264
6,wheel,1.0,152
6,wheel,1.0,271
6,wheel,1.0,136
6,wheel,1.0,498
6,wheel,0.0,1
6,wheel,1.0,408
6,wheel,1.0,616
6,wheel,1.0,855
6,wheel,1.0,265
6,wheel,1.0,421
6,wheel,1.0,108
6,wheel,1.0,205
6,wheel,1.0,192
6,wheel,1.0,282
6,wheel,1.0,861
6,wheel,1.0,206
6,wheel,1.0,696
6,wheel,1.0,128
6,wheel,1.0,384
6,wheel,1.0,217
6,wheel,1.0,723
6,wheel,1.0,534
6,wheel,1.0,297
6,wheel,1.0,211
6,wheel,1.0,582
6,wheel,1.0,355
6,wheel,1.0,401
6,wheel,1.0,579
6,wheel,1.0,286
6,wheel,1.0,343
6,wheel,1.0,370
6,wheel,1.0,206
6,wheel,1.0,435
6,wheel,1.0,614
6,wheel,1.0,279
6,wheel,1.0,1291
6,wheel,1.0,308
6,wheel,1.0,844
6,wheel,1.0,651
6,wheel,1.0,839
6,wheel,1.0,547
6,wheel,1.0,1335
6,wheel,1.0,77
6,wheel,1.0,957
6,wheel,1.0,572
6,wheel,1.0,489
6,wheel,1.0,1097
6,wheel,1.0,708
6,wheel,1.0,116
6,wheel,0.0,1
6,wheel,1.0,56
6,wheel,1.0,214
6,wheel,1.0,348
6,wheel,1.0,305
6,wheel,1.0,242
6,wheel,1.0,169
6,wheel,1.0,338
6,wheel,1.0,182
6,wheel,1.0,81
6,wheel,1.0,128
6,wheel,0.0,574
6,wheel,1.0,151
6,wheel,0.0,9
6,wheel,1.0,365
6,wheel,1.0,190
6,wheel,1.0,298
6,wheel,1.0,398
6,wheel,1.0,854
6,wheel,0.0,3
6,wheel,1.0,203
6,wheel,1.0,325
6,wheel,1.0,163
6,wheel,1.0,449
6,wheel,1.0,324
6,wheel,1.0,358
6,wheel,1.0,229
6,wheel,1.0,224
6,wheel,1.0,224
6,wheel,1.0,217
6,wheel,1.0,143
6,wheel,1.0,395
6,wheel,1.0,517
6,wheel,1.0,374
6,wheel,1.0,323
6,wheel,1.0,756
6,wheel,1.0,212
6,wheel,0.0,1
6,wheel,1.0,261
6,wheel,1.0,153
6,wheel,1.0,330
6,wheel,1.0,163
6,wheel,1.0,103
6,wheel,1.0,754
6,wheel,1.0,197
6,wheel,1.0,109
6,wheel,0.0,10
6,wheel,1.0,253
6,wheel,1.0,284
6,wheel,1.0,217
6,wheel,1.0,866
6,wheel,1.0,205
6,wheel,1.0,200
6,wheel,1.0,314
6,wheel,1.0,103
6,wheel,1.0,192
6,wheel,1.0,253
6,wheel,1.0,144
6,wheel,1.0,141
6,wheel,1.0,166
6,wheel,1.0,291
6,wheel,1.0,321
6,wheel,1.0,240
6,wheel,1.0,140
6,wheel,0.0,133
6,wheel,1.0,73
6,wheel,1.0,826
6,wheel,1.0,237
6,wheel,1.0,164
6,wheel,0.0,42
6,wheel,1.0,636
6,wheel,1.0,268
6,wheel,1.0,492
6,wheel,1.0,284
6,wheel,1.0,233
6,wheel,1.0,144
6,wheel,1.0,479
6,wheel,0.0,53
6,wheel,0.0,5
6,wheel,1.0,189
6,wheel,1.0,389
6,wheel,0.0,74
6,wheel,1.0,757
6,wheel,1.0,617
6,wheel,1.0,443
6,wheel,1.0,716
6,wheel,1.0,104
6,wheel,1.0,157
6,wheel,0.0,70
6,wheel,1.0,247
6,wheel,1.0,518
6,wheel,1.0,288
6,wheel,1.0,171
6,wheel,1.0,322
6,wheel,1.0,289
6,wheel,1.0,235
6,wheel,1.0,258
6,wheel,1.0,562
6,wheel,1.0,195
6,wheel,0.0,198
6,wheel,1.0,526
6,wheel,1.0,285
6,wheel,1.0,229
6,wheel,1.0,714
6,wheel,1.0,388
6,wheel,0.0,232
6,wheel,1.0,132
6,wheel,1.0,510
6,wheel,1.0,345
6,wheel,1.0,138
6,wheel,1.0,84
6,wheel,1.0,251
6,wheel,1.0,187
6,wheel,1.0,208
6,wheel,1.0,177
6,wheel,1.0,508
6,wheel,1.0,399
6,wheel,1.0,415
6,wheel,1.0,96
6,wheel,0.0,27
6,wheel,1.0,139
6,wheel,1.0,259
6,wheel,1.0,192
6,wheel,1.0,255
6,wheel,1.0,142
6,wheel,1.0,421
6,wheel,1.0,197
6,wheel,1.0,240
6,wheel,0.0,10
6,wheel,1.0,101
6,wheel,1.0,332
6,wheel,1.0,149
6,wheel,1.0,360
6,wheel,1.0,387
6,wheel,1.0,212
6,wheel,1.0,169
6,wheel,1.0,72
6,wheel,0.0,62
6,wheel,0.0,108
6,wheel,1.0,101
6,wheel,1.0,235
6,wheel,0.0,90
6,wheel,1.0,645
6,wheel,1.0,134
6,wheel,1.0,215
6,wheel,1.0,430
6,wheel,1.0,161
6,wheel,1.0,141
6,wheel,1.0,207
6,wheel,0.0,28
6,wheel,1.0,240
6,wheel,1.0,286
6,wheel,0.0,229
6,wheel,1.0,164
6,wheel,1.0,120
6,wheel,1.0,138
6,wheel,1.0,430
6,wheel,1.0,208
6,wheel,1.0,519
6,wheel,1.0,459
6,wheel,0.0,1
6,wheel,1.0,233
6,wheel,1.0,452
6,wheel,1.0,109
6,wheel,1.0,237
6,wheel,1.0,535
6,wheel,1.0,384
6,wheel,1.0,360
6,wheel,1.0,516
6,wheel,0.0,6
6,wheel,1.0,1087
6,wheel,1.0,344
6,wheel,0.0,1
6,wheel,1.0,339
6,wheel,1.0,145
6,wheel,1.0,221
6,wheel,0.0,82
6,wheel,1.0,466
6,wheel,1.0,252
6,wheel,1.0,310
6,wheel,1.0,95
6,wheel,1.0,279
6,wheel,0.0,1
6,wheel,1.0,339
6,wheel,1.0,459
6,wheel,1.0,1027
6,wheel,1.0,220
6,wheel,1.0,268
6,wheel,1.0,742
6,wheel,1.0,777
6,wheel,1.0,636
6,wheel,1.0,205
6,wheel,1.0,92
6,wheel,1.0,141
6,wheel,1.0,204
6,wheel,1.0,188
6,wheel,1.0,203
6,wheel,1.0,75
6,wheel,1.0,282
6,wheel,1.0,734
6,wheel,1.0,72
6,wheel,1.0,292
6,wheel,1.0,319
6,wheel,0.0,498
6,wheel,1.0,390
6,wheel,1.0,305
6,wheel,1.0,231
6,wheel,1.0,204
6,wheel,1.0,194
6,wheel,1.0,89
6,wheel,1.0,274
6,wheel,1.0,382
6,wheel,1.0,795
6,wheel,1.0,105
6,wheel,1.0,286
6,wheel,1.0,436
6,wheel,1.0,112
6,wheel,1.0,98
6,wheel,1.0,178
6,wheel,1.0,276
6,wheel,1.0,622
6,wheel,0.0,106
6,wheel,0.0,104
6,wheel,0.0,84
6,wheel,1.0,154
6,wheel,1.0,337
6,wheel,1.0,383
6,wheel,1.0,109
6,wheel,1.0,506
6,wheel,1.0,578
6,wheel,0.0,114
6,wheel,1.0,369
6,wheel,1.0,580
6,wheel,1.0,333
6,wheel,1.0,547
6,wheel,1.0,647
6,wheel,0.0,1
6,wheel,1.0,324
6,wheel,1.0,312
6,wheel,1.0,656
6,wheel,1.0,381
6,wheel,0.0,19
6,wheel,1.0,203
6,wheel,1.0,248
6,wheel,1.0,243
6,wheel,1.0,399
6,wheel,1.0,622
6,wheel,1.0,173
6,wheel,1.0,291
6,wheel,1.0,97
6,wheel,1.0,235
6,wheel,0.0,57
6,wheel,1.0,278
6,wheel,0.0,13
6,wheel,1.0,394
6,wheel,1.0,235
6,wheel,1.0,331
6,wheel,1.0,328
6,wheel,1.0,484
6,wheel,1.0,53
6,wheel,0.0,281
6,wheel,1.0,228
6,wheel,1.0,202
6,wheel,1.0,67
6,wheel,1.0,324
6,wheel,1.0,377
6,wheel,1.0,141
6,wheel,1.0,286
6,wheel,1.0,144
6,wheel,1.0,586
6,wheel,1.0,79
6,wheel,0.0,144
6,wheel,1.0,542
6,wheel,1.0,246
6,wheel,1.0,71
6,wheel,1.0,334
6,wheel,1.0,491
6,wheel,0.0,2
6,wheel,1.0,320
6,wheel,1.0,155
6,wheel,1.0,290
6,wheel,0.0,348
6,wheel,1.0,301
6,wheel,1.0,510
6,wheel,0.0,105
6,wheel,1.0,150
6,wheel,1.0,397
6,wheel,1.0,110
6,wheel,1.0,167
6,wheel,1.0,198
6,wheel,1.0,618
6,wheel,1.0,278
6,wheel,0.0,113
6,wheel,0.0,9
6,wheel,1.0,238
6,wheel,1.0,214
6,wheel,0.0,6
6,wheel,1.0,105
6,wheel,0.0,22
6,wheel,1.0,633
6,wheel,1.0,449
6,wheel,1.0,270
6,wheel,0.0,76
6,wheel,1.0,358
6,wheel,1.0,266
6,wheel,1.0,101
6,wheel,1.0,366
6,wheel,1.0,520
6,wheel,1.0,299
6,wheel,1.0,249
6,wheel,0.0,36
6,wheel,1.0,257
6,wheel,1.0,265
6,wheel,1.0,153
6,wheel,1.0,511
6,wheel,1.0,629
6,wheel,1.0,286
6,wheel,1.0,215
6,wheel,1.0,929
6,wheel,0.0,71
6,wheel,1.0,341
6,wheel,1.0,532
6,wheel,1.0,116
6,wheel,1.0,203
6,wheel,1.0,287
6,wheel,1.0,292
6,wheel,1.0,131
6,wheel,1.0,223
6,wheel,1.0,396
6,wheel,1.0,216
6,wheel,1.0,346
6,wheel,1.0,287
6,wheel,1.0,231
6,wheel,1.0,207
6,wheel,1.0,683
6,wheel,1.0,177
6,wheel,1.0,264
6,wheel,1.0,126
6,wheel,1.0,208
6,wheel,1.0,552
6,wheel,1.0,179
6,wheel,1.0,93
6,wheel,1.0,379
6,wheel,0.0,31
6,wheel,1.0,323
6,wheel,1.0,547
6,wheel,0.0,54
6,wheel,1.0,287
6,wheel,1.0,336
6,wheel,0.0,43
6,wheel,1.0,319
6,wheel,1.0,707
6,wheel,1.0,72
6,wheel,0.0,9
6,wheel,1.0,305
6,wheel,1.0,636
6,wheel,1.0,170
6,wheel,1.0,562
6,wheel,1.0,598
6,wheel,1.0,175
6,wheel,1.0,394
6,wheel,1.0,439
6,wheel,1.0,225
6,wheel,1.0,125
6,wheel,1.0,133
6,wheel,1.0,1035
6,wheel,1.0,61
6,wheel,1.0,291
6,wheel,1.0,476
6,wheel,1.0,218
6,wheel,1.0,259
6,wheel,1.0,636
6,wheel,1.0,238
6,wheel,1.0,978
6,wheel,1.0,568
6,wheel,0.0,141
6,wheel,1.0,241
6,wheel,1.0,106
6,wheel,1.0,138
6,wheel,1.0,162
6,wheel,1.0,256
6,wheel,1.0,515
6,wheel,1.0,138
6,wheel,1.0,708
6,wheel,1.0,177
6,wheel,1.0,365
6,wheel,1.0,158
6,wheel,1.0,310
6,wheel,1.0,581
6,wheel,1.0,131
6,wheel,1.0,270
6,wheel,1.0,582
6,wheel,1.0,132
6,wheel,0.0,44
6,wheel,1.0,172
6,wheel,1.0,245
6,wheel,1.0,234
6,wheel,0.0,59
6,wheel,1.0,353
6,wheel,1.0,282
6,wheel,0.0,311
6,wheel,1.0,327
6,wheel,1.0,489
6,wheel,0.0,60
6,wheel,1.0,304
6,wheel,1.0,209
6,wheel,1.0,189
6,wheel,1.0,185
6,wheel,0.0,75
6,wheel,1.0,204
6,wheel,1.0,432
6,wheel,1.0,202
6,wheel,1.0,316
6,wheel,1.0,460
6,wheel,1.0,192
6,wheel,1.0,251
6,wheel,1.0,199
6,wheel,1.0,207
6,wheel,1.0,346
6,wheel,1.0,230
6,wheel,1.0,422
6,wheel,1.0,549
6,wheel,0.0,21
6,wheel,1.0,575
6,wheel,1.0,314
6,wheel,1.0,315
6,wheel,1.0,348
6,wheel,1.0,142
6,wheel,1.0,171
6,wheel,1.0,386
6,wheel,1.0,153
6,wheel,1.0,141
6,wheel,1.0,219
6,wheel,0.0,91
6,wheel,1.0,285
6,wheel,1.0,216
6,wheel,0.0,51
6,wheel,1.0,329
6,wheel,1.0,353
6,wheel,0.0,79
6,complete,1.0,116
6,complete,0.0,61
6,complete,1.0,286
6,complete,1.0,94
6,complete,1.0,327
6,complete,1.0,165
6,complete,1.0,42
6,complete,1.0,306
6,complete,1.0,199
6,complete,1.0,178
6,complete,1.0,67
6,complete,0.0,32
6,complete,1.0,168
6,complete,1.0,269
6,complete,1.0,104
6,complete,1.0,116
6,complete,1.0,69
6,complete,1.0,420
6,complete,1.0,78
6,complete,1.0,103
6,complete,1.0,183
6,complete,1.0,97
6,complete,0.0,39
6,complete,0.0,196
6,complete,1.0,118
6,complete,1.0,304
6,complete,1.0,493
6,complete,1.0,431
6,complete,1.0,137
6,complete,1.0,126
6,complete,1.0,88
6,complete,1.0,214
6,complete,1.0,163
6,complete,1.0,273
6,complete,1.0,91
6,complete,1.0,119
6,complete,1.0,78
6,complete,1.0,157
6,complete,1.0,269
6,complete,1.0,199
6,complete,0.0,122
6,complete,1.0,106
6,complete,1.0,195
6,complete,1.0,85
6,complete,1.0,225
6,complete,1.0,197
6,complete,1.0,67
6,complete,0.0,1
6,complete,1.0,195
6,complete,1.0,743
6,complete,1.0,387
6,complete,1.0,290
6,complete,1.0,130
6,complete,1.0,155
6,complete,1.0,67
6,complete,1.0,275
6,complete,1.0,70
6,complete,0.0,126
6,complete,1.0,366
6,complete,1.0,338
6,complete,1.0,112
6,complete,1.0,289
6,complete,1.0,49
6,complete,1.0,38
6,complete,1.0,151
6,complete,1.0,122
6,complete,0.0,205
6,complete,1.0,131
6,complete,1.0,54
6,complete,1.0,210
6,complete,1.0,87
6,complete,0.0,54
6,complete,1.0,103
6,complete,1.0,166
6,complete,1.0,174
6,complete,0.0,251
6,complete,1.0,161
6,complete,1.0,242
6,complete,1.0,213
6,complete,1.0,229
6,complete,1.0,56
6,complete,0.0,1
6,complete,1.0,206
6,complete,1.0,217
6,complete,1.0,104
6,complete,1.0,192
6,complete,0.0,198
6,complete,1.0,302
6,complete,1.0,232
6,complete,1.0,181
6,complete,1.0,244
6,complete,1.0,367
6,complete,1.0,150
6,complete,0.0,7
6,complete,1.0,365
6,complete,1.0,241
6,complete,1.0,159
6,complete,1.0,100
6,complete,1.0,171
6,complete,1.0,202
6,complete,0.0,16
6,complete,1.0,369
6,complete,1.0,149
6,complete,1.0,159
6,complete,1.0,354
6,complete,1.0,304
6,complete,1.0,90
6,complete,1.0,181
6,complete,0.0,34
6,complete,1.0,155
6,complete,1.0,59
6,complete,1.0,133
6,complete,1.0,102
6,complete,0.0,33
6,complete,1.0,50
6,complete,1.0,198
6,complete,1.0,91
6,complete,1.0,144
6,complete,1.0,97
6,complete,1.0,72
6,complete,1.0,436
6,complete,1.0,67
6,complete,1.0,119
6,complete,1.0,152
6,complete,1.0,330
6,complete,0.0,2
6,complete,1.0,218
6,complete,1.0,58
6,complete,1.0,286
6,complete,1.0,431
6,complete,1.0,100
6,complete,1.0,41
6,complete,1.0,589
6,complete,0.0,54
6,complete,1.0,73
6,complete,1.0,71
6,complete,1.0,60
6,complete,0.0,198
6,complete,0.0,28
6,complete,1.0,251
6,complete,1.0,288
6,complete,1.0,57
6,complete,0.0,28
6,complete,1.0,234
6,complete,1.0,131
6,complete,0.0,13
6,complete,1.0,230
6,complete,1.0,86
6,complete,1.0,79
6,complete,1.0,216
6,complete,0.0,168
6,complete,1.0,36
6,complete,1.0,100
6,complete,1.0,199
6,complete,1.0,155
6,complete,0.0,34
6,complete,1.0,379
6,complete,1.0,91
6,complete,0.0,46
6,complete,1.0,250
6,complete,1.0,87
6,complete,1.0,137
6,complete,0.0,102
6,complete,0.0,54
6,complete,0.0,58
6,complete,1.0,267
6,complete,1.0,182
6,complete,0.0,36
6,complete,0.0,4
6,complete,1.0,250
6,complete,1.0,474
6,complete,1.0,138
6,complete,1.0,182
6,complete,1.0,161
6,complete,0.0,42
6,complete,1.0,327
6,complete,1.0,45
6,complete,1.0,278
6,complete,1.0,95
6,complete,1.0,81
6,complete,0.0,50
6,complete,1.0,110
6,complete,1.0,93
6,complete,0.0,63
6,complete,1.0,82
6,complete,1.0,45
6,complete,1.0,113
6,complete,1.0,127
6,complete,0.0,133
6,complete,1.0,150
6,complete,1.0,189
6,complete,1.0,153
6,complete,1.0,223
6,complete,1.0,124
6,complete,1.0,123
6,complete,0.0,412
6,complete,1.0,130
6,complete,1.0,244
6,complete,1.0,73
6,complete,1.0,92
6,complete,1.0,516
6,complete,1.0,296
6,complete,1.0,105
6,complete,0.0,85
6,complete,1.0,468
6,complete,0.0,133
6,complete,1.0,147
6,complete,1.0,83
6,complete,1.0,157
6,complete,0.0,38
6,complete,1.0,91
6,complete,1.0,122
6,complete,1.0,47
6,complete,1.0,264
6,complete,0.0,29
6,complete,1.0,108
6,complete,1.0,212
6,complete,1.0,127
6,complete,1.0,221
6,complete,0.0,10
6,complete,1.0,252
6,complete,1.0,267
6,complete,1.0,198
6,complete,1.0,127
6,complete,0.0,15
6,complete,1.0,183
6,complete,1.0,101
6,complete,1.0,139
6,complete,1.0,82
6,complete,0.0,24
6,complete,1.0,187
6,complete,1.0,62
6,complete,0.0,338
6,complete,0.0,3
6,complete,1.0,212
6,complete,1.0,167
6,complete,1.0,217
6,complete,1.0,165
6,complete,1.0,307
6,complete,1.0,283
6,complete,1.0,189
6,complete,1.0,52
6,complete,1.0,70
6,complete,1.0,54
6,complete,0.0,28
6,complete,0.0,19
6,complete,1.0,301
6,complete,1.0,497
6,complete,1.0,167
6,complete,1.0,97
6,complete,0.0,14
6,complete,1.0,483
6,complete,1.0,224
6,complete,1.0,377
6,complete,1.0,121
6,complete,1.0,66
6,complete,1.0,198
6,complete,1.0,59
6,complete,0.0,1
6,complete,1.0,172
6,complete,1.0,686
6,complete,1.0,205
6,complete,1.0,123
6,complete,1.0,190
6,complete,0.0,6
6,complete,1.0,124
6,complete,1.0,72
6,complete,1.0,96
6,complete,1.0,159
6,complete,1.0,351
6,complete,1.0,220
6,complete,1.0,197
6,complete,1.0,135
6,complete,1.0,145
6,complete,1.0,238
6,complete,1.0,31
6,complete,0.0,1
6,complete,1.0,36
6,complete,1.0,662
6,complete,1.0,121
6,complete,1.0,39
6,complete,1.0,89
6,complete,1.0,127
6,complete,1.0,41
6,complete,1.0,304
6,complete,1.0,200
6,complete,1.0,124
6,complete,1.0,351
6,complete,1.0,96
6,complete,1.0,196
6,complete,0.0,240
6,complete,1.0,149
6,complete,1.0,273
6,complete,1.0,631
6,complete,1.0,83
6,complete,1.0,384
6,complete,1.0,132
6,complete,0.0,49
6,complete,1.0,200
6,complete,1.0,216
6,complete,0.0,41
6,complete,1.0,304
6,complete,1.0,90
6,complete,1.0,191
6,complete,1.0,113
6,complete,1.0,210
6,complete,1.0,89
6,complete,1.0,328
6,complete,1.0,198
6,complete,1.0,501
6,complete,1.0,298
6,complete,0.0,372
6,complete,1.0,49
6,complete,0.0,35
6,complete,1.0,133
6,complete,1.0,65
6,complete,0.0,1
6,complete,0.0,60
6,complete,1.0,165
6,complete,1.0,70
6,complete,1.0,110
6,complete,1.0,145
6,complete,1.0,754
6,complete,1.0,445
6,complete,1.0,266
6,complete,1.0,133
6,complete,1.0,295
6,complete,1.0,90
6,complete,1.0,65
6,complete,1.0,182
6,complete,1.0,242
6,complete,1.0,97
6,complete,1.0,122
6,complete,1.0,165
6,complete,1.0,61
6,complete,1.0,223
6,complete,1.0,129
6,complete,1.0,90
6,complete,1.0,325
6,complete,1.0,178
6,complete,1.0,128
6,complete,1.0,202
6,complete,1.0,214
6,complete,1.0,123
6,complete,1.0,849
6,complete,1.0,405
6,complete,1.0,427
6,complete,1.0,40
6,complete,1.0,201
6,complete,1.0,527
6,complete,1.0,241
6,complete,1.0,89
6,complete,1.0,70
6,complete,1.0,355
6,complete,0.0,127
6,complete,1.0,115
6,complete,1.0,320
6,complete,1.0,225
6,complete,1.0,181
6,complete,1.0,93
6,complete,1.0,170
6,complete,1.0,115
6,complete,1.0,62
6,complete,1.0,183
6,complete,1.0,143
6,complete,1.0,153
6,complete,1.0,141
6,complete,1.0,200
6,complete,0.0,21
6,complete,1.0,33
6,complete,1.0,315
6,complete,1.0,143
6,complete,0.0,48
6,complete,1.0,475
6,complete,1.0,152
6,complete,1.0,123
6,complete,1.0,233
6,complete,1.0,115
6,complete,1.0,226
6,complete,0.0,24
6,complete,1.0,51
6,complete,1.0,84
6,complete,0.0,385
6,complete,1.0,117
6,complete,1.0,94
6,complete,1.0,219
6,complete,1.0,231
6,complete,1.0,57
6,complete,0.0,72
6,complete,1.0,415
6,complete,1.0,162
6,complete,0.0,1
6,complete,1.0,237
6,complete,1.0,132
6,complete,1.0,166
6,complete,1.0,184
6,complete,0.0,13
6,complete,1.0,59
6,complete,1.0,336
6,complete,1.0,80
6,complete,0.0,3
6,complete,1.0,57
6,complete,1.0,83
6,complete,1.0,100
6,complete,1.0,144
6,complete,1.0,126
6,complete,1.0,96
6,complete,1.0,108
6,complete,1.0,138
6,complete,1.0,163
6,complete,1.0,160
6,complete,0.0,13
6,complete,0.0,6
6,complete,1.0,114
6,complete,1.0,127
6,complete,1.0,217
6,complete,1.0,164
6,complete,1.0,270
6,complete,1.0,65
6,complete,1.0,117
6,complete,1.0,172
6,complete,1.0,191
6,complete,1.0,120
6,complete,1.0,286
6,complete,1.0,74
6,complete,0.0,11
6,complete,0.0,162
6,complete,1.0,131
6,complete,1.0,35
6,complete,1.0,173
6,complete,1.0,163
6,complete,1.0,167
6,complete,1.0,62
6,complete,1.0,377
6,complete,0.0,20
6,complete,1.0,135
6,complete,1.0,167
6,complete,1.0,312
6,complete,1.0,147
6,complete,0.0,245
6,complete,1.0,193
6,complete,1.0,124
6,complete,1.0,140
6,complete,1.0,66
6,complete,0.0,84
6,complete,0.0,490
6,complete,0.0,207
6,complete,1.0,125
6,complete,1.0,171
6,complete,0.0,28
6,complete,1.0,206
6,complete,1.0,311
6,complete,1.0,185
6,complete,0.0,134
6,complete,0.0,1
6,complete,1.0,113
6,complete,1.0,396
6,complete,1.0,195
6,complete,0.0,67
6,complete,1.0,113
6,complete,0.0,10
6,complete,0.0,211
6,complete,1.0,255
6,complete,1.0,266
6,complete,1.0,79
6,complete,0.0,225
6,complete,1.0,146
6,complete,1.0,231
6,complete,1.0,215
6,complete,1.0,217
6,complete,1.0,497
6,complete,1.0,106
6,complete,0.0,1
6,complete,1.0,119
6,complete,1.0,56
6,complete,1.0,70
6,complete,1.0,154
6,complete,1.0,77
6,complete,0.0,209
6,complete,1.0,260
6,complete,1.0,135
6,complete,1.0,264
6,complete,1.0,129
6,complete,1.0,885
6,complete,1.0,73
6,complete,1.0,346
6,complete,0.0,92
6,complete,1.0,113
6,complete,1.0,102
6,complete,1.0,224
6,complete,1.0,99
6,complete,1.0,74
6,complete,1.0,281
6,complete,1.0,193
6,complete,1.0,87
6,complete,0.0,23
6,complete,1.0,85
6,complete,1.0,153
6,complete,1.0,325
6,complete,1.0,185
6,complete,1.0,114
6,complete,1.0,64
6,complete,1.0,111
6,complete,1.0,71
6,complete,1.0,1404
6,complete,1.0,194
6,complete,1.0,139
6,complete,1.0,181
6,complete,1.0,227
6,complete,1.0,129
6,complete,1.0,171
6,complete,0.0,43
6,complete,1.0,42
6,complete,1.0,562
6,complete,1.0,258
6,complete,1.0,276
6,complete,1.0,221
6,complete,0.0,103
6,complete,0.0,10
6,complete,1.0,79
6,complete,1.0,118
6,complete,1.0,238
6,complete,1.0,305
6,complete,1.0,138
6,complete,1.0,398
6,complete,1.0,210
6,complete,1.0,118
6,complete,1.0,147
6,complete,1.0,82
6,complete,1.0,44
6,complete,1.0,116
6,complete,1.0,359
6,complete,1.0,116
6,complete,0.0,54
6,complete,1.0,90
6,complete,1.0,179
6,complete,1.0,152
6,complete,1.0,518
6,complete,1.0,266
6,complete,1.0,185
6,complete,1.0,197
6,complete,1.0,91
6,complete,1.0,184
6,complete,1.0,89
6,complete,1.0,127
6,complete,1.0,213
6,complete,1.0,112
6,complete,1.0,285
6,complete,1.0,41
6,complete,1.0,130
6,complete,1.0,266
6,complete,1.0,80
6,complete,1.0,180
6,complete,1.0,155
6,complete,1.0,190
6,complete,1.0,380
6,complete,1.0,94
6,complete,1.0,367
6,complete,1.0,113
6,complete,1.0,161
6,complete,1.0,87
6,complete,1.0,185
6,complete,1.0,48
6,complete,1.0,137
6,complete,0.0,4
6,complete,1.0,55
6,complete,1.0,91
6,complete,1.0,120
6,complete,0.0,365
6,complete,1.0,133
6,complete,1.0,175
6,complete,1.0,179
6,complete,1.0,187
6,complete,1.0,87
6,complete,1.0,283
6,complete,1.0,146
6,complete,0.0,142
6,complete,1.0,155
6,complete,1.0,114
6,complete,1.0,186
6,complete,0.0,1
6,complete,0.0,160
6,complete,1.0,129
6,complete,1.0,117
6,complete,0.0,42
6,complete,0.0,267
6,complete,1.0,138
6,complete,1.0,72
6,complete,1.0,347
6,complete,1.0,218
6,complete,0.0,1
6,complete,1.0,414
6,complete,1.0,247
6,complete,1.0,102
6,complete,1.0,495
6,complete,1.0,281
6,complete,0.0,40
6,complete,1.0,140
6,complete,0.0,21
6,complete,1.0,176
6,complete,1.0,137
6,complete,1.0,78
6,complete,1.0,120
6,complete,1.0,149
6,complete,1.0,145
6,complete,1.0,252
6,complete,1.0,155
6,complete,1.0,69
6,complete,1.0,60
6,complete,1.0,108
6,complete,1.0,114
6,complete,1.0,180
6,complete,1.0,281
6,complete,0.0,16
6,complete,1.0,80
6,complete,1.0,189
6,complete,1.0,286
6,complete,1.0,222
6,complete,0.0,11
6,complete,1.0,184
6,complete,1.0,263
6,complete,1.0,74
6,complete,1.0,58
6,complete,1.0,62
6,complete,1.0,179
6,complete,1.0,178
6,complete,1.0,165
6,complete,1.0,197
6,complete,1.0,65
6,complete,1.0,160
6,complete,1.0,377
6,complete,0.0,48
6,complete,1.0,43
6,complete,1.0,114
6,complete,1.0,77
6,complete,1.0,104
6,complete,1.0,178
6,complete,1.0,209
6,complete,1.0,142
6,complete,1.0,379
6,complete,1.0,217
6,complete,1.0,123
6,complete,1.0,79
6,complete,1.0,271
6,complete,1.0,232
6,complete,1.0,307
6,complete,0.0,471
6,complete,1.0,170
6,complete,1.0,154
6,complete,1.0,158
6,complete,1.0,292
6,complete,1.0,102
6,complete,1.0,168
6,complete,1.0,78
6,complete,1.0,257
6,complete,0.0,39
6,complete,1.0,165
6,complete,0.0,33
6,complete,1.0,111
6,complete,1.0,109
6,complete,1.0,208
6,complete,1.0,104
6,complete,1.0,77
6,complete,1.0,200
6,complete,1.0,99
6,complete,1.0,103
6,complete,1.0,84
6,complete,1.0,70
6,complete,1.0,125
6,complete,0.0,9
6,complete,1.0,205
6,complete,1.0,69
6,complete,1.0,54
6,complete,1.0,46
6,complete,1.0,202
6,complete,1.0,155
6,complete,1.0,298
6,complete,1.0,79
6,complete,1.0,53
6,complete,1.0,248
6,complete,0.0,25
6,complete,1.0,143
6,complete,1.0,115
6,complete,1.0,156
6,complete,1.0,63
6,complete,1.0,403
6,complete,1.0,478
6,complete,1.0,150
6,complete,1.0,149
6,complete,1.0,203
6,complete,1.0,267
6,complete,1.0,42
6,complete,0.0,71
6,complete,1.0,105
6,complete,1.0,93
6,complete,1.0,110
6,complete,1.0,283
6,complete,1.0,181
6,complete,1.0,270
6,complete,0.0,56
6,complete,0.0,44
6,complete,1.0,88
6,complete,1.0,295
6,complete,1.0,127
6,complete,1.0,355
6,complete,1.0,234
6,complete,1.0,32
6,complete,1.0,182
6,complete,1.0,208
6,complete,1.0,206
6,complete,1.0,160
6,complete,1.0,84
6,complete,1.0,165
6,complete,1.0,273
6,complete,1.0,224
6,complete,1.0,152
6,complete,1.0,182
6,complete,1.0,237
6,complete,1.0,268
6,complete,0.0,102
6,complete,1.0,131
6,complete,1.0,203
6,complete,1.0,413
6,complete,1.0,75
6,complete,1.0,307
6,complete,1.0,104
6,complete,1.0,299
6,complete,1.0,130
6,complete,1.0,196
6,complete,1.0,188
6,complete,0.0,2
6,complete,1.0,411
6,complete,1.0,96
6,complete,1.0,158
6,complete,1.0,60
6,complete,1.0,136
6,complete,1.0,89
6,complete,1.0,168
6,complete,1.0,82
6,complete,0.0,306
6,complete,1.0,80
6,complete,1.0,183
6,complete,0.0,115
6,complete,0.0,44
6,complete,1.0,702
6,complete,1.0,214
6,complete,1.0,141
6,complete,1.0,41
6,complete,1.0,121
6,complete,1.0,110
6,complete,0.0,125
6,complete,1.0,153
6,complete,1.0,164
6,complete,1.0,303
6,complete,0.0,1
6,complete,0.0,287
6,complete,1.0,245
6,complete,0.0,250
6,complete,1.0,334
6,complete,1.0,214
6,complete,1.0,98
6,complete,1.0,116
6,complete,1.0,24
6,complete,1.0,108
6,complete,1.0,268
6,complete,0.0,267
6,complete,1.0,55
6,complete,1.0,106
6,complete,0.0,74
6,complete,1.0,91
6,complete,1.0,384
6,complete,1.0,119
6,complete,1.0,112
6,complete,1.0,115
6,complete,0.0,19
6,complete,1.0,472
6,complete,1.0,71
6,complete,1.0,280
6,complete,1.0,127
6,complete,0.0,99
6,complete,1.0,141
6,complete,1.0,181
6,complete,0.0,86
6,complete,1.0,187
6,complete,0.0,1
6,complete,1.0,161
6,complete,1.0,206
6,complete,1.0,112
6,complete,1.0,66
6,complete,0.0,5
6,complete,1.0,130
6,complete,0.0,7
6,complete,1.0,300
6,complete,1.0,168
6,complete,1.0,586
6,complete,1.0,91
6,complete,0.0,5
6,complete,1.0,107
6,complete,1.0,170
6,complete,1.0,133
6,complete,1.0,170
6,complete,1.0,239
6,complete,1.0,68
6,complete,1.0,176
6,complete,1.0,232
6,complete,1.0,154
6,complete,0.0,17
6,complete,1.0,63
6,complete,1.0,115
6,complete,1.0,165
6,complete,1.0,76
6,complete,1.0,359
6,complete,1.0,166
6,complete,1.0,85
6,complete,1.0,314
6,complete,1.0,78
6,complete,0.0,48
6,complete,1.0,105
6,complete,1.0,67
6,complete,1.0,204
6,complete,1.0,68
6,complete,1.0,121
6,complete,1.0,204
6,complete,1.0,122
6,complete,1.0,96
6,complete,1.0,44
6,complete,1.0,475
6,complete,0.0,107
6,complete,0.0,23
6,complete,1.0,134
6,complete,1.0,196
6,complete,1.0,102
6,complete,1.0,52
6,complete,1.0,69
6,complete,1.0,87
6,complete,0.0,140
6,complete,0.0,209
6,complete,1.0,181
6,complete,1.0,203
6,complete,0.0,52
6,complete,1.0,607
6,complete,1.0,119
6,complete,1.0,191
6,complete,1.0,145
6,complete,1.0,112
6,complete,1.0,95
6,complete,1.0,118
6,complete,1.0,571
6,complete,1.0,204
6,complete,1.0,104
6,complete,0.0,16
6,complete,0.0,35
6,complete,1.0,44
6,complete,1.0,554
6,complete,1.0,143
6,complete,1.0,248
6,complete,1.0,107
6,complete,1.0,400
6,complete,1.0,335
6,complete,0.0,38
6,complete,1.0,97
6,complete,1.0,479
6,complete,1.0,102
6,complete,1.0,109
6,complete,1.0,92
6,complete,0.0,92
6,complete,1.0,57
6,complete,1.0,62
6,complete,1.0,69
6,complete,1.0,123
6,complete,1.0,414
6,complete,0.0,34
6,complete,0.0,1
6,complete,1.0,103
6,complete,0.0,29
6,complete,1.0,190
6,complete,0.0,41
6,complete,1.0,757
6,complete,1.0,53
6,complete,0.0,10
6,complete,1.0,144
6,complete,1.0,63
6,complete,0.0,62
6,complete,1.0,436
6,complete,1.0,448
6,complete,0.0,45
6,complete,1.0,231
6,complete,0.0,4
6,complete,1.0,79
6,complete,1.0,96
6,complete,1.0,105
6,complete,1.0,84
6,complete,1.0,201
6,complete,0.0,1
6,complete,1.0,448
6,complete,1.0,194
6,complete,0.0,90
6,complete,1.0,310
6,complete,0.0,108
6,complete,1.0,591
6,complete,1.0,298
6,complete,0.0,91
6,complete,1.0,96
6,complete,1.0,50
6,complete,1.0,41
6,complete,0.0,69
6,complete,1.0,59
6,complete,1.0,125
6,complete,1.0,71
6,complete,1.0,107
6,complete,0.0,1
6,complete,1.0,172
6,complete,1.0,274
6,complete,1.0,250
6,complete,1.0,160
6,complete,1.0,103
6,complete,0.0,72
6,complete,1.0,211
6,complete,0.0,29
6,complete,1.0,384
6,complete,1.0,161
6,complete,1.0,72
6,complete,1.0,66
6,complete,1.0,159
6,complete,1.0,210
6,complete,1.0,199
6,complete,1.0,223
6,complete,0.0,1
6,complete,0.0,71
6,complete,1.0,221
6,complete,0.0,96
6,complete,1.0,162
6,complete,1.0,291
6,complete,1.0,318
6,complete,1.0,46
6,complete,1.0,128
6,complete,0.0,20
6,complete,1.0,124
6,complete,1.0,176
6,complete,1.0,90
6,complete,0.0,67
6,complete,1.0,306
6,complete,1.0,41
6,complete,1.0,306
6,complete,1.0,133
6,complete,1.0,116
6,complete,1.0,199
6,complete,1.0,65
6,complete,1.0,74
6,complete,1.0,76
6,complete,1.0,220
6,complete,1.0,73
6,complete,1.0,196
6,complete,1.0,523
6,complete,1.0,79
6,complete,1.0,197
6,complete,0.0,112
6,complete,1.0,175
6,complete,1.0,295
6,complete,1.0,139
6,complete,1.0,78
6,complete,1.0,619
6,complete,0.0,2
6,complete,1.0,211
6,complete,0.0,5
6,complete,0.0,13
6,complete,1.0,97
6,complete,1.0,148
6,complete,1.0,313
6,complete,1.0,236
6,complete,1.0,88
6,complete,1.0,202
6,complete,1.0,93
6,complete,0.0,32
6,complete,1.0,95
6,complete,1.0,171
6,complete,1.0,181
6,complete,1.0,115
6,complete,1.0,116
6,complete,0.0,178
6,complete,1.0,132
6,complete,1.0,70
6,complete,1.0,264
6,complete,1.0,226
6,complete,1.0,96
6,complete,1.0,38
6,complete,1.0,61
6,complete,1.0,141
6,complete,1.0,137
6,complete,1.0,116
6,complete,1.0,322
6,complete,1.0,64
6,complete,1.0,191
6,complete,1.0,207
6,complete,0.0,52
6,complete,1.0,397
6,complete,1.0,611
6,complete,1.0,226
6,complete,1.0,88
6,complete,1.0,116
7,cycle,1.0,1096
7,cycle,1.0,584
7,cycle,1.0,196
7,cycle,1.0,734
7,cycle,1.0,776
7,cycle,1.0,696
7,cycle,1.0,1227
7,cycle,1.0,364
7,cycle,1.0,838
7,cycle,1.0,1222
7,cycle,1.0,682
7,cycle,1.0,303
7,cycle,1.0,1379
7,cycle,1.0,543
7,cycle,1.0,479
7,cycle,1.0,613
7,cycle,1.0,792
7,cycle,1.0,541
7,cycle,1.0,679
7,cycle,1.0,402
7,cycle,1.0,527
7,cycle,1.0,286
7,cycle,1.0,341
7,cycle,1.0,237
7,cycle,1.0,937
7,cycle,1.0,1280
7,cycle,1.0,603
7,cycle,1.0,538
7,cycle,1.0,450
7,cycle,1.0,699
7,cycle,1.0,1332
7,cycle,1.0,386
7,cycle,1.0,502
7,cycle,1.0,1189
7,cycle,1.0,940
7,cycle,1.0,894
7,cycle,1.0,615
7,cycle,1.0,2062
7,cycle,1.0,551
7,cycle,1.0,599
7,cycle,1.0,1187
7,cycle,1.0,553
7,cycle,1.0,343
7,cycle,1.0,1176
7,cycle,1.0,386
7,cycle,1.0,272
7,cycle,1.0,292
7,cycle,1.0,856
7,cycle,1.0,583
7,cycle,1.0,647
7,cycle,1.0,379
7,cycle,0.0,347
7,cycle,0.0,405
7,cycle,1.0,620
7,cycle,1.0,290
7,cycle,1.0,744
7,cycle,1.0,615
7,cycle,1.0,503
7,cycle,0.0,3
7,cycle,1.0,941
7,cycle,1.0,643
7,cycle,1.0,1630
7,cycle,0.0,41
7,cycle,1.0,405
7,cycle,1.0,632
7,cycle,1.0,422
7,cycle,1.0,416
7,cycle,1.0,222
7,cycle,1.0,352
7,cycle,1.0,838
7,cycle,1.0,210
7,cycle,1.0,1856
7,cycle,1.0,1087
7,cycle,1.0,414
7,cycle,1.0,287
7,cycle,1.0,1457
7,cycle,1.0,430
7,cycle,1.0,265
7,cycle,1.0,977
7,cycle,0.0,21
7,cycle,1.0,785
7,cycle,1.0,600
7,cycle,1.0,396
7,cycle,1.0,652
7,cycle,1.0,300
7,cycle,1.0,353
7,cycle,1.0,1000
7,cycle,1.0,525
7,cycle,1.0,564
7,cycle,1.0,237
7,cycle,1.0,382
7,cycle,1.0,993
7,cycle,1.0,495
7,cycle,1.0,748
7,cycle,1.0,521
7,cycle,1.0,732
7,cycle,1.0,435
7,cycle,1.0,335
7,cycle,1.0,458
7,cycle,1.0,457
7,cycle,1.0,370
7,cycle,1.0,396
7,cycle,1.0,885
7,cycle,1.0,818
7,cycle,1.0,265
7,cycle,1.0,628
7,cycle,1.0,470
7,cycle,1.0,339
7,cycle,1.0,899
7,cycle,1.0,524
7,cycle,1.0,763
7,cycle,0.0,62
7,cycle,1.0,1228
7,cycle,1.0,688
7,cycle,1.0,630
7,cycle,1.0,543
7,cycle,1.0,343
7,cycle,1.0,524
7,cycle,1.0,228
7,cycle,1.0,599
7,cycle,1.0,499
7,cycle,1.0,453
7,cycle,1.0,789
7,cycle,1.0,1398
7,cycle,1.0,1101
7,cycle,1.0,900
7,cycle,1.0,943
7,cycle,1.0,410
7,cycle,1.0,539
7,cycle,1.0,1038
7,cycle,1.0,323
7,cycle,1.0,560
7,cycle,1.0,377
7,cycle,1.0,957
7,cycle,1.0,309
7,cycle,1.0,1530
7,cycle,1.0,692
7,cycle,1.0,269
7,cycle,1.0,271
7,cycle,1.0,1005
7,cycle,1.0,233
7,cycle,1.0,862
7,cycle,1.0,292
7,cycle,0.0,62
7,cycle,1.0,1254
7,cycle,1.0,1344
7,cycle,1.0,163
7,cycle,0.0,465
7,cycle,1.0,311
7,cycle,1.0,312
7,cycle,1.0,702
7,cycle,1.0,373
7,cycle,1.0,1043
7,cycle,1.0,1036
7,cycle,1.0,660
7,cycle,1.0,1172
7,cycle,1.0,1500
7,cycle,1.0,1289
7,cycle,1.0,304
7,cycle,1.0,649
7,cycle,1.0,482
7,cycle,0.0,22
7,cycle,1.0,392
7,cycle,1.0,755
7,cycle,1.0,382
7,cycle,0.0,56
7,cycle,1.0,1329
7,cycle,1.0,945
7,cycle,1.0,443
7,cycle,1.0,680
7,cycle,1.0,650
7,cycle,1.0,654
7,cycle,1.0,892
7,cycle,1.0,611
7,cycle,1.0,147
7,cycle,1.0,928
7,cycle,1.0,400
7,cycle,1.0,1047
7,cycle,1.0,275
7,cycle,1.0,774
7,cycle,1.0,1495
7,cycle,0.0,47
7,cycle,1.0,453
7,cycle,1.0,792
7,cycle,1.0,456
7,cycle,1.0,435
7,cycle,1.0,293
7,cycle,1.0,515
7,cycle,1.0,241
7,cycle,1.0,307
7,cycle,1.0,734
7,cycle,0.0,16
7,cycle,1.0,881
7,cycle,1.0,574
7,cycle,1.0,972
7,cycle,1.0,687
7,cycle,1.0,765
7,cycle,1.0,257
7,cycle,1.0,502
7,cycle,1.0,966
7,cycle,1.0,1139
7,cycle,1.0,649
7,cycle,1.0,599
7,cycle,1.0,234
7,cycle,1.0,276
7,cycle,1.0,416
7,cycle,1.0,1071
7,cycle,1.0,965
7,cycle,1.0,992
7,cycle,1.0,638
7,cycle,1.0,710
7,cycle,1.0,757
7,cycle,1.0,460
7,cycle,1.0,1119
7,cycle,1.0,851
7,cycle,1.0,482
7,cycle,1.0,537
7,cycle,1.0,646
7,cycle,0.0,43
7,cycle,0.0,14
7,cycle,1.0,108
7,cycle,1.0,350
7,cycle,1.0,666
7,cycle,1.0,534
7,cycle,1.0,327
7,cycle,1.0,288
7,cycle,1.0,289
7,cycle,1.0,530
7,cycle,1.0,1741
7,cycle,1.0,1413
7,cycle,1.0,437
7,cycle,1.0,846
7,cycle,1.0,1006
7,cycle,1.0,309
7,cycle,1.0,716
7,cycle,1.0,476
7,cycle,1.0,851
7,cycle,1.0,845
7,cycle,1.0,362
7,cycle,1.0,960
7,cycle,1.0,601
7,cycle,1.0,526
7,cycle,1.0,672
7,cycle,1.0,290
7,cycle,1.0,330
7,cycle,0.0,65
7,cycle,1.0,297
7,cycle,1.0,1087
7,cycle,1.0,270
7,cycle,1.0,607
7,cycle,1.0,389
7,cycle,1.0,1021
7,cycle,1.0,447
7,cycle,1.0,691
7,cycle,0.0,207
7,cycle,1.0,546
7,cycle,1.0,782
7,cycle,1.0,251
7,cycle,1.0,601
7,cycle,1.0,592
7,cycle,1.0,1390
7,cycle,1.0,1393
7,cycle,1.0,1141
7,cycle,1.0,297
7,cycle,1.0,756
7,cycle,1.0,252
7,cycle,1.0,719
7,cycle,0.0,172
7,cycle,1.0,1192
7,cycle,1.0,380
7,cycle,1.0,1211
7,cycle,1.0,977
7,cycle,1.0,867
7,cycle,1.0,364
7,cycle,1.0,546
7,cycle,1.0,788
7,cycle,1.0,454
7,cycle,1.0,1152
7,cycle,1.0,492
7,cycle,1.0,480
7,cycle,1.0,636
7,cycle,1.0,475
7,cycle,1.0,543
7,cycle,1.0,665
7,cycle,1.0,366
7,cycle,1.0,422
7,cycle,1.0,578
7,cycle,1.0,246
7,cycle,1.0,907
7,cycle,1.0,604
7,cycle,1.0,594
7,cycle,1.0,510
7,cycle,0.0,1
7,cycle,1.0,745
7,cycle,1.0,546
7,cycle,1.0,789
7,cycle,1.0,363
7,cycle,1.0,661
7,cycle,1.0,868
7,cycle,1.0,678
7,cycle,1.0,106
7,cycle,1.0,1052
7,cycle,1.0,202
7,cycle,1.0,733
7,cycle,1.0,332
7,cycle,1.0,346
7,cycle,1.0,457
7,cycle,1.0,617
7,cycle,1.0,310
7,cycle,1.0,445
7,cycle,1.0,345
7,cycle,0.0,71
7,cycle,1.0,1236
7,cycle,1.0,1352
7,cycle,1.0,871
7,cycle,1.0,308
7,cycle,0.0,112
7,cycle,1.0,762
7,cycle,0.0,206
7,cycle,0.0,46
7,cycle,1.0,487
7,cycle,1.0,696
7,cycle,1.0,129
7,cycle,1.0,345
7,cycle,1.0,359
7,cycle,1.0,274
7,cycle,1.0,565
7,cycle,1.0,796
7,cycle,1.0,306
7,cycle,1.0,440
7,cycle,1.0,276
7,cycle,1.0,528
7,cycle,1.0,785
7,cycle,1.0,459
7,cycle,1.0,238
7,cycle,1.0,480
7,cycle,1.0,716
7,cycle,1.0,432
7,cycle,1.0,239
7,cycle,1.0,370
7,cycle,1.0,981
7,cycle,1.0,892
7,cycle,1.0,755
7,cycle,0.0,31
7,cycle,1.0,526
7,cycle,1.0,247
7,cycle,1.0,469
7,cycle,0.0,71
7,cycle,1.0,415
7,cycle,1.0,1457
7,cycle,1.0,1729
7,cycle,1.0,991
7,cycle,1.0,671
7,cycle,1.0,968
7,cycle,1.0,591
7,cycle,1.0,694
7,cycle,0.0,103
7,cycle,1.0,2441
7,cycle,1.0,716
7,cycle,1.0,1471
7,cycle,1.0,666
7,cycle,1.0,379
7,cycle,1.0,819
7,cycle,1.0,483
7,cycle,1.0,538
7,cycle,1.0,405
7,cycle,1.0,350
7,cycle,1.0,928
7,cycle,1.0,295
7,cycle,1.0,481
7,cycle,1.0,394
7,cycle,1.0,654
7,cycle,1.0,499
7,cycle,1.0,983
7,cycle,1.0,541
7,cycle,1.0,455
7,cycle,1.0,178
7,cycle,1.0,424
7,cycle,1.0,901
7,cycle,1.0,270
7,cycle,1.0,552
7,cycle,1.0,320
7,cycle,1.0,599
7,cycle,1.0,350
7,cycle,1.0,473
7,cycle,1.0,932
7,cycle,1.0,292
7,cycle,1.0,1041
7,cycle,1.0,142
7,cycle,1.0,612
7,cycle,1.0,406
7,cycle,1.0,420
7,cycle,1.0,1321
7,cycle,1.0,1341
7,cycle,0.0,1
7,cycle,1.0,273
7,cycle,1.0,1178
7,cycle,1.0,620
7,cycle,1.0,390
7,cycle,1.0,1080
7,cycle,1.0,455
7,cycle,1.0,607
7,cycle,1.0,628
7,cycle,1.0,280
7,cycle,1.0,913
7,cycle,1.0,222
7,cycle,1.0,453
7,cycle,1.0,517
7,cycle,1.0,1505
7,cycle,1.0,547
7,cycle,1.0,509
7,cycle,1.0,298
7,cycle,1.0,1210
7,cycle,1.0,1902
7,cycle,1.0,700
7,cycle,1.0,379
7,cycle,0.0,128
7,cycle,1.0,829
7,cycle,1.0,377
7,cycle,1.0,1808
7,cycle,1.0,1327
7,cycle,1.0,998
7,cycle,1.0,1548
7,cycle,1.0,888
7,cycle,1.0,761
7,cycle,1.0,173
7,cycle,1.0,521
7,cycle,1.0,188
7,cycle,1.0,395
7,cycle,0.0,181
7,cycle,0.0,832
7,cycle,1.0,2072
7,cycle,1.0,428
7,cycle,1.0,317
7,cycle,1.0,380
7,cycle,1.0,552
7,cycle,1.0,255
7,cycle,1.0,283
7,cycle,1.0,458
7,cycle,1.0,384
7,cycle,1.0,512
7,cycle,1.0,929
7,cycle,1.0,250
7,cycle,1.0,361
7,cycle,1.0,478
7,cycle,1.0,807
7,cycle,1.0,346
7,cycle,0.0,52
7,cycle,1.0,1112
7,cycle,1.0,368
7,cycle,1.0,466
7,cycle,1.0,722
7,cycle,1.0,639
7,cycle,1.0,748
7,cycle,1.0,844
7,cycle,1.0,666
7,cycle,1.0,502
7,cycle,1.0,925
7,cycle,1.0,469
7,cycle,1.0,670
7,cycle,1.0,260
7,cycle,1.0,523
7,cycle,1.0,916
7,cycle,1.0,1377
7,cycle,1.0,1408
7,cycle,1.0,561
7,cycle,1.0,287
7,cycle,1.0,1048
7,cycle,1.0,1263
7,cycle,1.0,835
7,cycle,1.0,727
7,cycle,1.0,256
7,cycle,1.0,485
7,cycle,1.0,631
7,cycle,1.0,825
7,cycle,1.0,503
7,cycle,1.0,221
7,cycle,1.0,649
7,cycle,0.0,1
7,cycle,1.0,158
7,cycle,1.0,996
7,cycle,1.0,1538
7,cycle,1.0,907
7,cycle,1.0,539
7,cycle,1.0,432
7,cycle,1.0,942
7,cycle,1.0,365
7,cycle,1.0,937
7,cycle,1.0,982
7,cycle,1.0,3095
7,cycle,1.0,326
7,cycle,1.0,240
7,cycle,1.0,1268
7,cycle,1.0,1117
7,cycle,1.0,171
7,cycle,1.0,419
7,cycle,1.0,451
7,cycle,0.0,290
7,cycle,1.0,489
7,cycle,1.0,288
7,cycle,1.0,448
7,cycle,1.0,1309
7,cycle,1.0,708
7,cycle,1.0,873
7,cycle,0.0,224
7,cycle,1.0,645
7,cycle,1.0,1095
7,cycle,1.0,274
7,cycle,1.0,546
7,cycle,1.0,250
7,cycle,1.0,405
7,cycle,1.0,360
7,cycle,1.0,123
7,cycle,1.0,516
7,cycle,1.0,290
7,cycle,1.0,1255
7,cycle,1.0,522
7,cycle,1.0,1426
7,cycle,1.0,529
7,cycle,1.0,272
7,cycle,1.0,956
7,cycle,0.0,1
7,cycle,1.0,357
7,cycle,1.0,209
7,cycle,1.0,484
7,cycle,1.0,283
7,cycle,1.0,1470
7,cycle,1.0,363
7,cycle,1.0,205
7,cycle,1.0,374
7,cycle,1.0,450
7,cycle,1.0,1007
7,cycle,1.0,524
7,cycle,1.0,971
7,cycle,1.0,793
7,cycle,1.0,313
7,cycle,1.0,1271
7,cycle,1.0,1178
7,cycle,1.0,236
7,cycle,1.0,243
7,cycle,1.0,521
7,cycle,1.0,844
7,cycle,1.0,463
7,cycle,1.0,1062
7,cycle,1.0,375
7,cycle,1.0,333
7,cycle,1.0,976
7,cycle,0.0,181
7,cycle,1.0,711
7,cycle,1.0,302
7,cycle,1.0,828
7,cycle,1.0,277
7,cycle,1.0,266
7,cycle,0.0,6
7,cycle,1.0,878
7,cycle,0.0,131
7,cycle,0.0,37
7,cycle,1.0,661
7,cycle,1.0,404
7,cycle,1.0,754
7,cycle,0.0,1
7,cycle,1.0,444
7,cycle,1.0,260
7,cycle,1.0,312
7,cycle,1.0,316
7,cycle,1.0,418
7,cycle,0.0,152
7,cycle,1.0,277
7,cycle,1.0,1645
7,cycle,1.0,659
7,cycle,1.0,585
7,cycle,1.0,524
7,cycle,1.0,889
7,cycle,1.0,1474
7,cycle,1.0,494
7,cycle,1.0,627
7,cycle,1.0,206
7,cycle,1.0,308
7,cycle,1.0,948
7,cycle,1.0,818
7,cycle,1.0,589
7,cycle,1.0,352
7,cycle,0.0,518
7,cycle,1.0,742
7,cycle,1.0,1091
7,cycle,1.0,1338
7,cycle,0.0,1
7,cycle,0.0,122
7,cycle,1.0,884
7,cycle,1.0,78
7,cycle,1.0,563
7,cycle,1.0,854
7,cycle,1.0,740
7,cycle,1.0,726
7,cycle,1.0,572
7,cycle,1.0,883
7,cycle,1.0,718
7,cycle,1.0,363
7,cycle,1.0,351
7,cycle,1.0,870
7,cycle,1.0,396
7,cycle,1.0,232
7,cycle,1.0,663
7,cycle,1.0,2458
7,cycle,1.0,478
7,cycle,1.0,549
7,cycle,1.0,411
7,cycle,1.0,293
7,cycle,1.0,482
7,cycle,1.0,318
7,cycle,1.0,546
7,cycle,1.0,209
7,cycle,1.0,591
7,cycle,1.0,673
7,cycle,1.0,1168
7,cycle,1.0,688
7,cycle,1.0,1241
7,cycle,1.0,361
7,cycle,1.0,333
7,cycle,1.0,666
7,cycle,1.0,1103
7,cycle,1.0,624
7,cycle,0.0,38
7,cycle,1.0,770
7,cycle,0.0,276
7,cycle,1.0,254
7,cycle,1.0,555
7,cycle,1.0,516
7,cycle,1.0,91
7,cycle,0.0,1
7,cycle,1.0,1504
7,cycle,1.0,667
7,cycle,0.0,19
7,cycle,1.0,323
7,cycle,1.0,747
7,cycle,1.0,199
7,cycle,1.0,537
7,cycle,1.0,1068
7,cycle,1.0,546
7,cycle,1.0,493
7,cycle,1.0,1328
7,cycle,1.0,1193
7,cycle,1.0,1785
7,cycle,1.0,385
7,cycle,1.0,595
7,cycle,1.0,425
7,cycle,1.0,188
7,cycle,1.0,1558
7,cycle,1.0,737
7,cycle,1.0,562
7,cycle,1.0,823
7,cycle,1.0,367
7,cycle,1.0,853
7,cycle,1.0,1103
7,cycle,1.0,398
7,cycle,1.0,768
7,cycle,1.0,580
7,cycle,1.0,356
7,cycle,1.0,384
7,cycle,1.0,516
7,cycle,1.0,739
7,cycle,1.0,516
7,cycle,1.0,576
7,cycle,1.0,965
7,cycle,1.0,609
7,cycle,1.0,320
7,cycle,1.0,1541
7,cycle,1.0,878
7,cycle,1.0,297
7,cycle,1.0,328
7,cycle,1.0,776
7,cycle,1.0,821
7,cycle,1.0,1093
7,cycle,1.0,271
7,cycle,1.0,315
7,cycle,1.0,584
7,cycle,1.0,186
7,cycle,1.0,276
7,cycle,1.0,1164
7,cycle,1.0,559
7,cycle,1.0,308
7,cycle,1.0,1328
7,cycle,1.0,601
7,cycle,1.0,543
7,cycle,1.0,347
7,cycle,1.0,644
7,cycle,1.0,743
7,cycle,1.0,303
7,cycle,1.0,391
7,cycle,1.0,366
7,cycle,1.0,944
7,cycle,0.0,14
7,cycle,0.0,1
7,cycle,1.0,321
7,cycle,1.0,439
7,cycle,1.0,879
7,cycle,1.0,1193
7,cycle,1.0,516
7,cycle,1.0,528
7,cycle,1.0,1000
7,cycle,1.0,732
7,cycle,1.0,238
7,cycle,1.0,542
7,cycle,0.0,43
7,cycle,1.0,162
7,cycle,1.0,707
7,cycle,1.0,898
7,cycle,1.0,283
7,cycle,1.0,647
7,cycle,0.0,32
7,cycle,1.0,446
7,cycle,1.0,274
7,cycle,1.0,280
7,cycle,1.0,865
7,cycle,1.0,334
7,cycle,1.0,557
7,cycle,1.0,669
7,cycle,1.0,1139
7,cycle,1.0,394
7,cycle,1.0,480
7,cycle,1.0,341
7,cycle,1.0,766
7,cycle,1.0,1660
7,cycle,1.0,2377
7,cycle,1.0,951
7,cycle,0.0,23
7,cycle,1.0,862
7,cycle,0.0,16
7,cycle,1.0,798
7,cycle,1.0,1222
7,cycle,1.0,711
7,cycle,0.0,67
7,cycle,1.0,498
7,cycle,1.0,1240
7,cycle,0.0,47
7,cycle,1.0,609
7,cycle,1.0,1360
7,cycle,1.0,211
7,cycle,1.0,1087
7,cycle,0.0,48
7,cycle,1.0,324
7,cycle,1.0,474
7,cycle,1.0,482
7,cycle,1.0,409
7,cycle,1.0,1470
7,cycle,1.0,377
7,cycle,1.0,802
7,cycle,1.0,250
7,cycle,1.0,1309
7,cycle,1.0,239
7,cycle,1.0,713
7,cycle,1.0,1238
7,cycle,1.0,737
7,cycle,1.0,1003
7,cycle,1.0,331
7,cycle,1.0,507
7,cycle,1.0,880
7,cycle,1.0,388
7,cycle,1.0,1191
7,cycle,1.0,323
7,cycle,0.0,285
7,cycle,1.0,685
7,cycle,1.0,1513
7,cycle,1.0,412
7,cycle,1.0,432
7,cycle,1.0,475
7,cycle,1.0,327
7,cycle,1.0,926
7,cycle,1.0,1272
7,cycle,1.0,1390
7,cycle,1.0,580
7,cycle,1.0,241
7,cycle,1.0,671
7,cycle,1.0,395
7,cycle,1.0,366
7,cycle,1.0,492
7,cycle,1.0,715
7,cycle,1.0,1037
7,cycle,0.0,11
7,cycle,1.0,236
7,cycle,1.0,1491
7,cycle,1.0,1013
7,cycle,1.0,587
7,cycle,1.0,944
7,cycle,1.0,290
7,cycle,1.0,254
7,cycle,1.0,545
7,cycle,1.0,655
7,cycle,1.0,1224
7,cycle,1.0,1723
7,cycle,1.0,520
7,cycle,1.0,532
7,cycle,1.0,516
7,cycle,1.0,447
7,cycle,1.0,435
7,cycle,1.0,1020
7,cycle,0.0,312
7,cycle,1.0,637
7,cycle,1.0,205
7,cycle,0.0,198
7,cycle,0.0,11
7,cycle,1.0,1119
7,cycle,1.0,1534
7,cycle,1.0,380
7,cycle,0.0,1
7,cycle,1.0,1048
7,cycle,1.0,1182
7,cycle,1.0,420
7,cycle,1.0,987
7,cycle,0.0,66
7,cycle,1.0,808
7,cycle,1.0,1696
7,cycle,1.0,1077
7,cycle,1.0,367
7,cycle,1.0,741
7,cycle,1.0,674
7,cycle,1.0,959
7,cycle,1.0,379
7,cycle,1.0,453
7,cycle,0.0,1
7,cycle,1.0,466
7,cycle,1.0,476
7,cycle,1.0,442
7,cycle,1.0,561
7,cycle,1.0,595
7,cycle,1.0,417
7,cycle,1.0,621
7,cycle,1.0,1334
7,cycle,1.0,811
7,cycle,1.0,1573
7,cycle,0.0,118
7,cycle,1.0,526
7,cycle,1.0,383
7,cycle,1.0,553
7,cycle,1.0,770
7,cycle,1.0,544
7,cycle,1.0,618
7,cycle,1.0,475
7,cycle,0.0,8
7,cycle,0.0,95
7,cycle,1.0,734
7,cycle,1.0,1019
7,cycle,1.0,264
7,cycle,0.0,64
7,cycle,1.0,418
7,cycle,1.0,756
7,cycle,1.0,785
7,cycle,1.0,677
7,cycle,1.0,489
7,cycle,0.0,108
7,cycle,1.0,879
7,cycle,1.0,717
7,cycle,1.0,657
7,cycle,1.0,326
7,cycle,1.0,225
7,cycle,1.0,411
7,cycle,1.0,304
7,cycle,1.0,415
7,cycle,1.0,171
7,cycle,1.0,810
7,cycle,1.0,433
7,cycle,1.0,2201
7,cycle,1.0,797
7,cycle,1.0,522
7,cycle,1.0,288
7,cycle,1.0,851
7,cycle,1.0,840
7,cycle,1.0,960
7,cycle,1.0,524
7,cycle,1.0,504
7,cycle,1.0,1154
7,cycle,1.0,374
7,cycle,1.0,336
7,cycle,1.0,368
7,cycle,1.0,849
7,cycle,0.0,210
7,cycle,1.0,563
7,cycle,1.0,627
7,cycle,1.0,675
7,cycle,1.0,806
7,cycle,1.0,881
7,cycle,0.0,83
7,cycle,1.0,378
7,cycle,1.0,679
7,cycle,1.0,130
7,cycle,1.0,845
7,cycle,1.0,583
7,cycle,1.0,311
7,cycle,1.0,967
7,cycle,1.0,873
7,cycle,1.0,392
7,cycle,1.0,532
7,cycle,1.0,370
7,cycle,1.0,1386
7,cycle,1.0,1606
7,cycle,1.0,674
7,cycle,0.0,141
7,cycle,1.0,334
7,cycle,1.0,1244
7,cycle,1.0,361
7,cycle,1.0,865
7,cycle,1.0,683
7,cycle,1.0,381
7,cycle,1.0,620
7,cycle,1.0,399
7,cycle,1.0,392
7,cycle,1.0,1200
7,cycle,1.0,624
7,cycle,1.0,864
7,cycle,1.0,510
7,cycle,1.0,908
7,cycle,1.0,1313
7,cycle,1.0,521
7,cycle,1.0,761
7,cycle,1.0,924
7,cycle,1.0,483
7,cycle,1.0,927
7,cycle,1.0,437
7,cycle,0.0,1
7,cycle,1.0,370
7,cycle,1.0,1219
7,cycle,1.0,363
7,cycle,0.0,10
7,cycle,1.0,322
7,cycle,1.0,148
7,cycle,1.0,303
7,cycle,1.0,185
7,cycle,1.0,525
7,cycle,1.0,235
7,cycle,1.0,598
7,cycle,1.0,489
7,cycle,0.0,7
7,cycle,1.0,1231
7,cycle,1.0,649
7,cycle,1.0,842
7,cycle,1.0,1050
7,cycle,1.0,898
7,cycle,1.0,446
7,cycle,0.0,12
7,cycle,1.0,309
7,cycle,0.0,19
7,cycle,1.0,636
7,cycle,1.0,186
7,cycle,0.0,178
7,cycle,1.0,659
7,cycle,1.0,164
7,cycle,1.0,1193
7,cycle,1.0,722
7,cycle,1.0,736
7,cycle,1.0,609
7,cycle,1.0,411
7,cycle,1.0,1085
7,cycle,1.0,1036
7,cycle,1.0,219
7,cycle,1.0,783
7,cycle,1.0,224
7,cycle,1.0,2024
7,cycle,0.0,1
7,cycle,1.0,570
7,cycle,1.0,427
7,cycle,1.0,890
7,cycle,1.0,382
7,cycle,1.0,260
7,cycle,1.0,271
7,cycle,1.0,1124
7,cycle,0.0,577
7,cycle,1.0,862
7,cycle,1.0,304
7,cycle,1.0,573
7,cycle,1.0,599
7,cycle,1.0,283
7,cycle,1.0,934
7,cycle,1.0,675
7,cycle,1.0,1329
7,cycle,1.0,625
7,cycle,1.0,854
7,cycle,1.0,1944
7,cycle,1.0,727
7,cycle,1.0,422
7,cycle,1.0,265
7,cycle,1.0,673
7,cycle,1.0,1717
7,cycle,1.0,319
7,cycle,1.0,316
7,cycle,1.0,802
7,cycle,1.0,1243
7,cycle,1.0,891
7,cycle,1.0,187
7,cycle,1.0,1090
7,cycle,1.0,1202
7,cycle,1.0,901
7,cycle,1.0,249
7,cycle,1.0,480
7,cycle,1.0,508
7,cycle,1.0,601
7,cycle,1.0,964
7,cycle,0.0,174
7,cycle,1.0,370
7,cycle,1.0,1080
7,cycle,1.0,1614
7,wheel,1.0,118
7,wheel,0.0,73
7,wheel,1.0,424
7,wheel,1.0,327
7,wheel,1.0,540
7,wheel,1.0,262
7,wheel,1.0,1284
7,wheel,1.0,760
7,wheel,1.0,235
7,wheel,1.0,118
7,wheel,1.0,446
7,wheel,1.0,590
7,wheel,1.0,283
7,wheel,1.0,116
7,wheel,1.0,158
7,wheel,1.0,495
7,wheel,1.0,409
7,wheel,0.0,69
7,wheel,1.0,179
7,wheel,1.0,371
7,wheel,1.0,255
7,wheel,1.0,387
7,wheel,1.0,100
7,wheel,1.0,353
7,wheel,1.0,210
7,wheel,1.0,209
7,wheel,1.0,348
7,wheel,1.0,289
7,wheel,1.0,608
7,wheel,1.0,107
7,wheel,1.0,416
7,wheel,1.0,507
7,wheel,1.0,663
7,wheel,1.0,671
7,wheel,1.0,107
7,wheel,1.0,247
7,wheel,1.0,233
7,wheel,1.0,528
7,wheel,1.0,562
7,wheel,1.0,400
7,wheel,0.0,45
7,wheel,1.0,666
7,wheel,1.0,547
7,wheel,1.0,427
7,wheel,1.0,363
7,wheel,1.0,585
7,wheel,1.0,85
7,wheel,1.0,520
7,wheel,1.0,331
7,wheel,1.0,159
7,wheel,1.0,323
7,wheel,1.0,437
7,wheel,1.0,840
7,wheel,1.0,204
7,wheel,1.0,122
7,wheel,1.0,209
7,wheel,1.0,284
7,wheel,1.0,268
7,wheel,1.0,175
7,wheel,1.0,716
7,wheel,1.0,175
7,wheel,1.0,300
7,wheel,1.0,758
7,wheel,1.0,614
7,wheel,1.0,100
7,wheel,1.0,513
7,wheel,1.0,129
7,wheel,1.0,487
7,wheel,1.0,264
7,wheel,1.0,399
7,wheel,1.0,250
7,wheel,1.0,217
7,wheel,1.0,312
7,wheel,1.0,481
7,wheel,1.0,218
7,wheel,1.0,345
7,wheel,1.0,322
7,wheel,1.0,283
7,wheel,0.0,74
7,wheel,0.0,10
7,wheel,0.0,76
7,wheel,1.0,424
7,wheel,1.0,410
7,wheel,1.0,320
7,wheel,1.0,419
7,wheel,0.0,105
7,wheel,0.0,10
7,wheel,1.0,521
7,wheel,1.0,295
7,wheel,1.0,505
7,wheel,1.0,618
7,wheel,1.0,334
7,wheel,1.0,692
7,wheel,1.0,543
7,wheel,1.0,550
7,wheel,1.0,417
7,wheel,1.0,224
7,wheel,1.0,798
7,wheel,1.0,214
7,wheel,0.0,74
7,wheel,0.0,1
7,wheel,1.0,450
7,wheel,1.0,1159
7,wheel,1.0,85
7,wheel,1.0,177
7,wheel,1.0,593
7,wheel,1.0,187
7,wheel,1.0,385
7,wheel,0.0,345
7,wheel,1.0,260
7,wheel,1.0,251
7,wheel,1.0,398
7,wheel,0.0,21
7,wheel,0.0,29
7,wheel,1.0,330
7,wheel,1.0,260
7,wheel,1.0,229
7,wheel,1.0,160
7,wheel,1.0,168
7,wheel,1.0,259
7,wheel,1.0,215
7,wheel,1.0,292
7,wheel,1.0,180
7,wheel,1.0,281
7,wheel,0.0,69
7,wheel,1.0,264
7,wheel,1.0,361
7,wheel,1.0,570
7,wheel,1.0,245
7,wheel,1.0,125
7,wheel,1.0,226
7,wheel,0.0,59
7,wheel,1.0,399
7,wheel,1.0,220
7,wheel,1.0,90
7,wheel,1.0,772
7,wheel,1.0,313
7,wheel,1.0,373
7,wheel,1.0,480
7,wheel,1.0,677
7,wheel,1.0,171
7,wheel,1.0,435
7,wheel,1.0,623
7,wheel,1.0,1368
7,wheel,1.0,387
7,wheel,1.0,160
7,wheel,1.0,309
7,wheel,1.0,202
7,wheel,0.0,39
7,wheel,1.0,203
7,wheel,1.0,264
7,wheel,1.0,195
7,wheel,1.0,63
7,wheel,1.0,322
7,wheel,1.0,488
7,wheel,1.0,208
7,wheel,1.0,588
7,wheel,0.0,76
7,wheel,0.0,34
7,wheel,1.0,435
7,wheel,1.0,160
7,wheel,1.0,677
7,wheel,1.0,357
7,wheel,1.0,995
7,wheel,1.0,352
7,wheel,1.0,304
7,wheel,1.0,303
7,wheel,1.0,411
7,wheel,1.0,163
7,wheel,1.0,498
7,wheel,1.0,393
7,wheel,1.0,338
7,wheel,1.0,401
7,wheel,1.0,611
7,wheel,1.0,542
7,wheel,1.0,384
7,wheel,1.0,361
7,wheel,0.0,58
7,wheel,1.0,215
7,wheel,1.0,229
7,wheel,1.0,407
7,wheel,1.0,75
7,wheel,1.0,230
7,wheel,0.0,15
7,wheel,1.0,379
7,wheel,1.0,383
7,wheel,1.0,351
7,wheel,1.0,438
7,wheel,0.0,1
7,wheel,1.0,181
7,wheel,1.0,246
7,wheel,1.0,436
7,wheel,0.0,148
7,wheel,1.0,299
7,wheel,1.0,286
7,wheel,1.0,550
7,wheel,1.0,563
7,wheel,1.0,363
7,wheel,1.0,431
7,wheel,1.0,197
7,wheel,1.0,91
7,wheel,1.0,151
7,wheel,1.0,302
7,wheel,1.0,127
7,wheel,1.0,214
7,wheel,1.0,181
7,wheel,1.0,251
7,wheel,1.0,451
7,wheel,1.0,103
7,wheel,1.0,263
7,wheel,1.0,140
7,wheel,1.0,328
7,wheel,1.0,155
7,wheel,1.0,520
7,wheel,1.0,395
7,wheel,1.0,813
7,wheel,1.0,454
7,wheel,1.0,287
7,wheel,1.0,326
7,wheel,1.0,371
7,wheel,1.0,183
7,wheel,1.0,622
7,wheel,1.0,970
7,wheel,1.0,205
7,wheel,1.0,250
7,wheel,1.0,169
7,wheel,1.0,303
7,wheel,1.0,187
7,wheel,1.0,156
7,wheel,1.0,176
7,wheel,1.0,408
7,wheel,1.0,480
7,wheel,1.0,284
7,wheel,1.0,174
7,wheel,1.0,427
7,wheel,0.0,15
7,wheel,0.0,139
7,wheel,1.0,161
7,wheel,1.0,40
7,wheel,1.0,197
7,wheel,1.0,175
7,wheel,1.0,402
7,wheel,1.0,496
7,wheel,1.0,810
7,wheel,1.0,622
7,wheel,1.0,432
7,wheel,1.0,217
7,wheel,1.0,1010
7,wheel,1.0,561
7,wheel,1.0,89
7,wheel,1.0,378
7,wheel,1.0,679
7,wheel,1.0,312
7,wheel,1.0,434
7,wheel,1.0,702
7,wheel,1.0,750
7,wheel,1.0,916
7,wheel,1.0,279
7,wheel,1.0,73
7,wheel,1.0,297
7,wheel,1.0,614
7,wheel,1.0,1148
7,wheel,0.0,56
7,wheel,1.0,163
7,wheel,1.0,745
7,wheel,1.0,251
7,wheel,1.0,212
7,wheel,1.0,638
7,wheel,1.0,204
7,wheel,1.0,234
7,wheel,1.0,188
7,wheel,1.0,213
7,wheel,0.0,23
7,wheel,1.0,266
7,wheel,1.0,299
7,wheel,1.0,405
7,wheel,0.0,184
7,wheel,0.0,148
7,wheel,1.0,102
7,wheel,1.0,146
7,wheel,1.0,412
7,wheel,1.0,394
7,wheel,1.0,739
7,wheel,1.0,383
7,wheel,1.0,766
7,wheel,0.0,5
7,wheel,0.0,217
7,wheel,1.0,381
7,wheel,1.0,267
7,wheel,1.0,384
7,wheel,1.0,203
7,wheel,1.0,886
7,wheel,1.0,468
7,wheel,1.0,406
7,wheel,1.0,478
7,wheel,1.0,63
7,wheel,1.0,330
7,wheel,1.0,572
7,wheel,0.0,2
7,wheel,1.0,373
7,wheel,1.0,325
7,wheel,1.0,267
7,wheel,1.0,182
7,wheel,1.0,133
7,wheel,1.0,247
7,wheel,1.0,561
7,wheel,1.0,443
7,wheel,1.0,233
7,wheel,1.0,778
7,wheel,1.0,255
7,wheel,1.0,767
7,wheel,1.0,361
7,wheel,0.0,14
7,wheel,1.0,476
7,wheel,1.0,65
7,wheel,1.0,206
7,wheel,1.0,574
7,wheel,1.0,602
7,wheel,1.0,235
7,wheel,1.0,109
7,wheel,1.0,298
7,wheel,0.0,13
7,wheel,1.0,682
7,wheel,1.0,215
7,wheel,1.0,300
7,wheel,1.0,254
7,wheel,1.0,325
7,wheel,1.0,207
7,wheel,1.0,599
7,wheel,0.0,63
7,wheel,1.0,368
7,wheel,1.0,147
7,wheel,0.0,24
7,wheel,1.0,391
7,wheel,1.0,427
7,wheel,0.0,1
7,wheel,1.0,485
7,wheel,1.0,326
7,wheel,1.0,203
7,wheel,1.0,355
7,wheel,1.0,705
7,wheel,1.0,197
7,wheel,1.0,275
7,wheel,1.0,761
7,wheel,1.0,90
7,wheel,1.0,260
7,wheel,1.0,291
7,wheel,1.0,357
7,wheel,1.0,506
7,wheel,1.0,302
7,wheel,1.0,212
7,wheel,1.0,539
7,wheel,0.0,14
7,wheel,1.0,646
7,wheel,1.0,239
7,wheel,1.0,195
7,wheel,1.0,216
7,wheel,1.0,580
7,wheel,1.0,121
7,wheel,1.0,150
7,wheel,1.0,693
7,wheel,1.0,285
7,wheel,1.0,876
7,wheel,1.0,93
7,wheel,1.0,342
7,wheel,1.0,219
7,wheel,1.0,385
7,wheel,1.0,329
7,wheel,1.0,405
7,wheel,1.0,249
7,wheel,1.0,293
7,wheel,1.0,579
7,wheel,0.0,56
7,wheel,1.0,348
7,wheel,1.0,891
7,wheel,1.0,224
7,wheel,1.0,367
7,wheel,1.0,233
7,wheel,1.0,178
7,wheel,1.0,117
7,wheel,0.0,1
7,wheel,1.0,398
7,wheel,1.0,362
7,wheel,0.0,33
7,wheel,1.0,437
7,wheel,0.0,181
7,wheel,1.0,207
7,wheel,1.0,486
7,wheel,1.0,203
7,wheel,1.0,193
7,wheel,1.0,296
7,wheel,1.0,207
7,wheel,1.0,363
7,wheel,0.0,52
7,wheel,1.0,330
7,wheel,1.0,204
7,wheel,1.0,230
7,wheel,1.0,519
7,wheel,1.0,564
7,wheel,1.0,530
7,wheel,1.0,327
7,wheel,1.0,169
7,wheel,1.0,341
7,wheel,0.0,113
7,wheel,1.0,97
7,wheel,1.0,204
7,wheel,0.0,7
7,wheel,1.0,488
7,wheel,1.0,561
7,wheel,1.0,278
7,wheel,0.0,186
7,wheel,0.0,7
7,wheel,1.0,282
7,wheel,0.0,93
7,wheel,1.0,398
7,wheel,1.0,811
7,wheel,1.0,328
7,wheel,1.0,719
7,wheel,1.0,272
7,wheel,1.0,334
7,wheel,1.0,648
7,wheel,1.0,286
7,wheel,1.0,477
7,wheel,1.0,653
7,wheel,1.0,113
7,wheel,1.0,204
7,wheel,1.0,276
7,wheel,1.0,146
7,wheel,1.0,220
7,wheel,1.0,253
7,wheel,1.0,240
7,wheel,1.0,518
7,wheel,1.0,253
7,wheel,1.0,475
7,wheel,1.0,804
7,wheel,1.0,276
7,wheel,1.0,410
7,wheel,1.0,260
7,wheel,1.0,827
7,wheel,1.0,844
7,wheel,1.0,180
7,wheel,1.0,113
7,wheel,1.0,891
7,wheel,1.0,253
7,wheel,1.0,264
7,wheel,1.0,188
7,wheel,1.0,320
7,wheel,1.0,443
7,wheel,1.0,402
7,wheel,1.0,478
7,wheel,0.0,13
7,wheel,1.0,140
7,wheel,1.0,222
7,wheel,1.0,302
7,wheel,1.0,204
7,wheel,1.0,397
7,wheel,0.0,5
7,wheel,1.0,162
7,wheel,1.0,303
7,wheel,1.0,476
7,wheel,1.0,384
7,wheel,1.0,692
7,wheel,1.0,344
7,wheel,0.0,159
7,wheel,1.0,56
7,wheel,1.0,282
7,wheel,1.0,309
7,wheel,1.0,197
7,wheel,1.0,177
7,wheel,1.0,675
7,wheel,1.0,76
7,wheel,1.0,398
7,wheel,1.0,376
7,wheel,1.0,60
7,wheel,1.0,159
7,wheel,1.0,303
7,wheel,1.0,356
7,wheel,1.0,490
7,wheel,1.0,566
7,wheel,1.0,138
7,wheel,1.0,149
7,wheel,1.0,236
7,wheel,1.0,869
7,wheel,1.0,880
7,wheel,1.0,176
7,wheel,1.0,240
7,wheel,1.0,58
7,wheel,0.0,9
7,wheel,1.0,272
7,wheel,1.0,200
7,wheel,1.0,81
7,wheel,1.0,543
7,wheel,1.0,98
7,wheel,1.0,733
7,wheel,1.0,424
7,wheel,1.0,406
7,wheel,1.0,903
7,wheel,1.0,529
7,wheel,0.0,86
7,wheel,1.0,263
7,wheel,1.0,94
7,wheel,0.0,112
7,wheel,0.0,9
7,wheel,1.0,244
7,wheel,1.0,423
7,wheel,1.0,110
7,wheel,0.0,1
7,wheel,1.0,545
7,wheel,0.0,56
7,wheel,1.0,323
7,wheel,1.0,296
7,wheel,0.0,174
7,wheel,1.0,516
7,wheel,1.0,79
7,wheel,1.0,1100
7,wheel,1.0,974
7,wheel,1.0,344
7,wheel,1.0,156
7,wheel,1.0,509
7,wheel,0.0,71
7,wheel,1.0,263
7,wheel,1.0,323
7,wheel,0.0,43
7,wheel,0.0,77
7,wheel,0.0,83
7,wheel,1.0,226
7,wheel,1.0,307
7,wheel,1.0,715
7,wheel,1.0,378
7,wheel,0.0,1
7,wheel,1.0,242
7,wheel,1.0,237
7,wheel,1.0,184
7,wheel,1.0,569
7,wheel,1.0,174
7,wheel,1.0,391
7,wheel,1.0,690
7,wheel,1.0,486
7,wheel,1.0,374
7,wheel,1.0,481
7,wheel,1.0,668
7,wheel,1.0,614
7,wheel,1.0,509
7,wheel,1.0,246
7,wheel,1.0,810
7,wheel,1.0,222
7,wheel,0.0,25
7,wheel,1.0,510
7,wheel,1.0,223
7,wheel,0.0,30
7,wheel,1.0,370
7,wheel,1.0,143
7,wheel,1.0,290
7,wheel,1.0,169
7,wheel,1.0,755
7,wheel,1.0,1179
7,wheel,1.0,397
7,wheel,1.0,445
7,wheel,1.0,500
7,wheel,1.0,748
7,wheel,1.0,114
7,wheel,1.0,695
7,wheel,1.0,813
7,wheel,0.0,40
7,wheel,1.0,86
7,wheel,1.0,714
7,wheel,1.0,383
7,wheel,1.0,408
7,wheel,1.0,281
7,wheel,1.0,478
7,wheel,1.0,280
7,wheel,1.0,199
7,wheel,1.0,518
7,wheel,1.0,1116
7,wheel,1.0,367
7,wheel,1.0,255
7,wheel,1.0,319
7,wheel,1.0,214
7,wheel,1.0,829
7,wheel,1.0,194
7,wheel,1.0,232
7,wheel,1.0,523
7,wheel,1.0,576
7,wheel,0.0,4
7,wheel,1.0,445
7,wheel,1.0,385
7,wheel,1.0,486
7,wheel,1.0,273
7,wheel,1.0,383
7,wheel,1.0,526
7,wheel,1.0,410
7,wheel,1.0,138
7,wheel,1.0,295
7,wheel,1.0,269
7,wheel,0.0,579
7,wheel,1.0,388
7,wheel,1.0,204
7,wheel,1.0,468
7,wheel,1.0,431
7,wheel,1.0,200
7,wheel,1.0,166
7,wheel,1.0,296
7,wheel,1.0,327
7,wheel,1.0,240
7,wheel,1.0,242
7,wheel,1.0,525
7,wheel,1.0,466
7,wheel,1.0,261
7,wheel,1.0,629
7,wheel,1.0,228
7,wheel,1.0,454
7,wheel,1.0,483
7,wheel,1.0,233
7,wheel,1.0,218
7,wheel,1.0,231
7,wheel,1.0,418
7,wheel,1.0,400
7,wheel,1.0,192
7,wheel,1.0,461
7,wheel,1.0,511
7,wheel,0.0,127
7,wheel,1.0,305
7,wheel,1.0,274
7,wheel,1.0,334
7,wheel,1.0,195
7,wheel,1.0,859
7,wheel,1.0,169
7,wheel,1.0,390
7,wheel,0.0,41
7,wheel,1.0,569
7,wheel,1.0,269
7,wheel,1.0,135
7,wheel,1.0,297
7,wheel,1.0,408
7,wheel,1.0,562
7,wheel,1.0,424
7,wheel,1.0,244
7,wheel,1.0,293
7,wheel,1.0,219
7,wheel,1.0,494
7,wheel,1.0,252
7,wheel,0.0,12
7,wheel,1.0,280
7,wheel,1.0,465
7,wheel,0.0,22
7,wheel,0.0,1
7,wheel,1.0,147
7,wheel,1.0,315
7,wheel,1.0,340
7,wheel,1.0,339
7,wheel,1.0,389
7,wheel,1.0,166
7,wheel,1.0,436
7,wheel,1.0,423
7,wheel,1.0,467
7,wheel,1.0,226
7,wheel,1.0,403
7,wheel,1.0,678
7,wheel,1.0,318
7,wheel,1.0,125
7,wheel,1.0,177
7,wheel,0.0,20
7,wheel,1.0,503
7,wheel,1.0,449
7,wheel,1.0,392
7,wheel,1.0,396
7,wheel,1.0,224
7,wheel,1.0,254
7,wheel,1.0,405
7,wheel,1.0,319
7,wheel,1.0,653
7,wheel,1.0,288
7,wheel,1.0,404
7,wheel,1.0,213
7,wheel,1.0,305
7,wheel,1.0,364
7,wheel,1.0,342
7,wheel,1.0,203
7,wheel,1.0,396
7,wheel,1.0,524
7,wheel,1.0,528
7,wheel,1.0,164
7,wheel,1.0,150
7,wheel,1.0,137
7,wheel,1.0,307
7,wheel,1.0,294
7,wheel,1.0,429
7,wheel,1.0,749
7,wheel,0.0,148
7,wheel,1.0,136
7,wheel,1.0,343
7,wheel,1.0,213
7,wheel,1.0,684
7,wheel,1.0,354
7,wheel,1.0,175
7,wheel,1.0,251
7,wheel,0.0,24
7,wheel,1.0,263
7,wheel,1.0,135
7,wheel,1.0,766
7,wheel,1.0,155
7,wheel,0.0,185
7,wheel,1.0,183
7,wheel,1.0,763
7,wheel,1.0,286
7,wheel,1.0,549
7,wheel,0.0,27
7,wheel,1.0,429
7,wheel,1.0,501
7,wheel,1.0,315
7,wheel,1.0,893
7,wheel,1.0,349
7,wheel,1.0,246
7,wheel,1.0,479
7,wheel,1.0,289
7,wheel,1.0,111
7,wheel,0.0,65
7,wheel,1.0,280
7,wheel,0.0,12
7,wheel,1.0,90
7,wheel,1.0,234
7,wheel,1.0,363
7,wheel,0.0,1
7,wheel,1.0,313
7,wheel,1.0,325
7,wheel,1.0,258
7,wheel,1.0,156
7,wheel,1.0,195
7,wheel,1.0,362
7,wheel,0.0,92
7,wheel,1.0,185
7,wheel,1.0,451
7,wheel,1.0,256
7,wheel,1.0,167
7,wheel,0.0,81
7,wheel,1.0,482
7,wheel,1.0,436
7,wheel,1.0,95
7,wheel,1.0,296
7,wheel,1.0,435
7,wheel,1.0,129
7,wheel,1.0,241
7,wheel,1.0,130
7,wheel,1.0,239
7,wheel,1.0,396
7,wheel,1.0,160
7,wheel,0.0,104
7,wheel,0.0,451
7,wheel,1.0,270
7,wheel,1.0,758
7,wheel,1.0,406
7,wheel,1.0,635
7,wheel,0.0,63
7,wheel,0.0,264
7,wheel,1.0,78
7,wheel,1.0,249
7,wheel,0.0,1
7,wheel,1.0,516
7,wheel,1.0,574
7,wheel,1.0,353
7,wheel,1.0,582
7,wheel,1.0,181
7,wheel,0.0,58
7,wheel,1.0,604
7,wheel,1.0,635
7,wheel,1.0,323
7,wheel,1.0,227
7,wheel,1.0,279
7,wheel,1.0,361
7,wheel,1.0,156
7,wheel,1.0,586
7,wheel,1.0,537
7,wheel,1.0,156
7,wheel,0.0,16
7,wheel,1.0,196
7,wheel,1.0,121
7,wheel,1.0,182
7,wheel,1.0,358
7,wheel,1.0,456
7,wheel,1.0,300
7,wheel,1.0,97
7,wheel,1.0,158
7,wheel,1.0,483
7,wheel,1.0,1232
7,wheel,1.0,86
7,wheel,1.0,449
7,wheel,1.0,198
7,wheel,0.0,33
7,wheel,1.0,133
7,wheel,1.0,152
7,wheel,1.0,705
7,wheel,1.0,207
7,wheel,1.0,154
7,wheel,1.0,518
7,wheel,1.0,276
7,wheel,1.0,181
7,wheel,1.0,523
7,wheel,1.0,239
7,wheel,1.0,231
7,wheel,1.0,1034
7,wheel,1.0,588
7,wheel,1.0,160
7,wheel,1.0,618
7,wheel,1.0,751
7,wheel,1.0,279
7,wheel,1.0,495
7,wheel,1.0,1954
7,wheel,1.0,238
7,wheel,1.0,182
7,wheel,1.0,867
7,wheel,1.0,255
7,wheel,1.0,304
7,wheel,1.0,239
7,wheel,1.0,476
7,wheel,1.0,268
7,wheel,1.0,489
7,wheel,1.0,252
7,wheel,1.0,358
7,wheel,1.0,465
7,wheel,1.0,138
7,wheel,1.0,303
7,wheel,0.0,25
7,wheel,1.0,378
7,wheel,1.0,872
7,wheel,1.0,212
7,wheel,1.0,355
7,wheel,1.0,390
7,wheel,1.0,362
7,wheel,1.0,762
7,wheel,1.0,153
7,wheel,1.0,152
7,wheel,1.0,186
7,wheel,1.0,513
7,wheel,1.0,398
7,wheel,1.0,276
7,wheel,1.0,154
7,wheel,1.0,326
7,wheel,1.0,193
7,wheel,1.0,502
7,wheel,1.0,853
7,wheel,0.0,118
7,wheel,1.0,455
7,wheel,1.0,430
7,wheel,1.0,438
7,wheel,1.0,398
7,wheel,1.0,305
7,wheel,1.0,602
7,wheel,1.0,438
7,wheel,1.0,281
7,wheel,0.0,115
7,wheel,1.0,230
7,wheel,1.0,801
7,wheel,1.0,580
7,wheel,1.0,216
7,wheel,1.0,139
7,wheel,1.0,261
7,wheel,0.0,6
7,wheel,1.0,186
7,wheel,1.0,403
7,wheel,1.0,426
7,wheel,1.0,667
7,wheel,1.0,132
7,wheel,1.0,817
7,wheel,1.0,1955
7,wheel,1.0,197
7,wheel,1.0,542
7,wheel,1.0,261
7,wheel,1.0,159
7,wheel,1.0,854
7,wheel,0.0,18
7,wheel,1.0,496
7,wheel,1.0,774
7,wheel,1.0,410
7,wheel,0.0,58
7,wheel,1.0,343
7,wheel,0.0,139
7,wheel,1.0,605
7,wheel,1.0,80
7,wheel,1.0,378
7,wheel,1.0,96
7,wheel,1.0,413
7,wheel,1.0,458
7,wheel,1.0,132
7,wheel,1.0,352
7,wheel,1.0,357
7,wheel,0.0,59
7,wheel,1.0,232
7,wheel,0.0,150
7,wheel,1.0,96
7,wheel,1.0,335
7,wheel,1.0,309
7,wheel,1.0,245
7,wheel,1.0,491
7,wheel,1.0,299
7,wheel,1.0,630
7,wheel,1.0,135
7,wheel,1.0,692
7,wheel,1.0,703
7,wheel,1.0,767
7,wheel,0.0,139
7,wheel,1.0,304
7,wheel,1.0,231
7,wheel,1.0,230
7,wheel,1.0,317
7,wheel,1.0,1028
7,wheel,0.0,12
7,wheel,1.0,215
7,wheel,1.0,312
7,wheel,0.0,1
7,wheel,1.0,374
7,wheel,1.0,343
7,wheel,1.0,622
7,wheel,1.0,175
7,wheel,1.0,414
7,wheel,1.0,503
7,wheel,1.0,147
7,wheel,1.0,273
7,wheel,1.0,540
7,wheel,1.0,570
7,wheel,1.0,227
7,wheel,1.0,249
7,wheel,1.0,91
7,wheel,1.0,641
7,wheel,1.0,306
7,wheel,1.0,148
7,wheel,1.0,197
7,wheel,1.0,195
7,wheel,1.0,367
7,wheel,0.0,9
7,wheel,1.0,202
7,wheel,0.0,6
7,wheel,1.0,267
7,wheel,1.0,263
7,wheel,1.0,848
7,wheel,1.0,479
7,wheel,1.0,279
7,wheel,1.0,824
7,wheel,1.0,459
7,wheel,1.0,311
7,wheel,1.0,147
7,wheel,0.0,79
7,wheel,1.0,83
7,wheel,1.0,230
7,wheel,1.0,116
7,wheel,1.0,248
7,wheel,1.0,252
7,wheel,1.0,483
7,wheel,1.0,317
7,wheel,1.0,197
7,wheel,0.0,1
7,wheel,1.0,198
7,wheel,1.0,169
7,wheel,1.0,336
7,wheel,1.0,130
7,wheel,1.0,259
7,wheel,1.0,363
7,wheel,1.0,374
7,wheel,1.0,117
7,wheel,1.0,474
7,wheel,1.0,526
7,wheel,1.0,374
7,wheel,1.0,735
7,wheel,1.0,144
7,wheel,1.0,511
7,wheel,1.0,424
7,wheel,1.0,352
7,wheel,1.0,309
7,wheel,1.0,149
7,wheel,1.0,76
7,wheel,1.0,307
7,wheel,1.0,131
7,wheel,1.0,592
7,wheel,1.0,160
7,wheel,1.0,467
7,wheel,1.0,156
7,wheel,1.0,636
7,wheel,1.0,147
7,wheel,1.0,125
7,wheel,1.0,490
7,wheel,1.0,115
7,wheel,1.0,837
7,wheel,1.0,240
7,wheel,1.0,368
7,wheel,1.0,122
7,wheel,1.0,123
7,wheel,1.0,215
7,wheel,1.0,170
7,wheel,1.0,189
7,wheel,1.0,268
7,wheel,1.0,337
7,wheel,1.0,292
7,wheel,1.0,327
7,wheel,1.0,1197
7,wheel,1.0,410
7,wheel,1.0,542
7,wheel,1.0,293
7,wheel,1.0,292
7,wheel,1.0,154
7,wheel,1.0,349
7,wheel,1.0,465
7,complete,1.0,195
7,complete,1.0,526
7,complete,1.0,270
7,complete,1.0,117
7,complete,1.0,347
7,complete,1.0,55
7,complete,1.0,356
7,complete,1.0,326
7,complete,1.0,229
7,complete,1.0,82
7,complete,1.0,125
7,complete,1.0,62
7,complete,1.0,211
7,complete,1.0,116
7,complete,0.0,50
7,complete,1.0,202
7,complete,1.0,368
7,complete,0.0,110
7,complete,1.0,145
7,complete,1.0,227
7,complete,1.0,104
7,complete,1.0,183
7,complete,1.0,108
7,complete,1.0,115
7,complete,1.0,173
7,complete,1.0,172
7,complete,1.0,113
7,complete,1.0,296
7,complete,1.0,102
7,complete,0.0,53
7,complete,1.0,77
7,complete,1.0,163
7,complete,1.0,50
7,complete,0.0,2
7,complete,1.0,86
7,complete,0.0,290
7,complete,1.0,61
7,complete,1.0,156
7,complete,1.0,36
7,complete,1.0,293
7,complete,0.0,210
7,complete,1.0,90
7,complete,1.0,82
7,complete,1.0,141
7,complete,0.0,153
7,complete,1.0,165
7,complete,1.0,138
7,complete,1.0,267
7,complete,1.0,113
7,complete,0.0,40
7,complete,0.0,148
7,complete,1.0,82
7,complete,1.0,129
7,complete,1.0,344
7,complete,1.0,113
7,complete,1.0,238
7,complete,1.0,168
7,complete,1.0,711
7,complete,1.0,289
7,complete,1.0,103
7,complete,0.0,54
7,complete,0.0,164
7,complete,1.0,157
7,complete,1.0,329
7,complete,1.0,410
7,complete,1.0,157
7,complete,1.0,120
7,complete,1.0,109
7,complete,1.0,201
7,complete,1.0,103
7,complete,1.0,318
7,complete,1.0,202
7,complete,1.0,169
7,complete,1.0,240
7,complete,0.0,73
7,complete,1.0,74
7,complete,1.0,71
7,complete,1.0,149
7,complete,1.0,154
7,complete,1.0,45
7,complete,1.0,157
7,complete,1.0,74
7,complete,1.0,329
7,complete,0.0,15
7,complete,1.0,169
7,complete,1.0,59
7,complete,1.0,215
7,complete,1.0,85
7,complete,1.0,74
7,complete,1.0,150
7,complete,1.0,219
7,complete,1.0,422
7,complete,1.0,386
7,complete,1.0,420
7,complete,1.0,209
7,complete,1.0,57
7,complete,1.0,180
7,complete,1.0,142
7,complete,1.0,118
7,complete,1.0,103
7,complete,1.0,188
7,complete,1.0,113
7,complete,1.0,83
7,complete,1.0,81
7,complete,0.0,26
7,complete,1.0,81
7,complete,0.0,1
7,complete,1.0,50
7,complete,1.0,274
7,complete,0.0,11
7,complete,0.0,59
7,complete,1.0,154
7,complete,1.0,93
7,complete,1.0,93
7,complete,1.0,42
7,complete,1.0,264
7,complete,1.0,131
7,complete,1.0,107
7,complete,0.0,89
7,complete,1.0,63
7,complete,1.0,138
7,complete,1.0,137
7,complete,1.0,98
7,complete,1.0,61
7,complete,0.0,11
7,complete,1.0,101
7,complete,1.0,159
7,complete,0.0,12
7,complete,1.0,58
7,complete,1.0,169
7,complete,1.0,368
7,complete,1.0,92
7,complete,1.0,86
7,complete,1.0,70
7,complete,1.0,54
7,complete,0.0,196
7,complete,0.0,59
7,complete,1.0,108
7,complete,1.0,67
7,complete,1.0,90
7,complete,1.0,160
7,complete,0.0,28
7,complete,1.0,116
7,complete,1.0,167
7,complete,1.0,152
7,complete,1.0,126
7,complete,1.0,107
7,complete,0.0,100
7,complete,0.0,52
7,complete,1.0,268
7,complete,1.0,117
7,complete,1.0,186
7,complete,1.0,87
7,complete,1.0,218
7,complete,1.0,146
7,complete,1.0,43
7,complete,0.0,8
7,complete,1.0,62
7,complete,1.0,83
7,complete,1.0,91
7,complete,1.0,236
7,complete,1.0,268
7,complete,1.0,314
7,complete,1.0,194
7,complete,0.0,9
7,complete,1.0,70
7,complete,1.0,206
7,complete,1.0,136
7,complete,1.0,56
7,complete,1.0,101
7,complete,1.0,77
7,complete,1.0,737
7,complete,0.0,35
7,complete,1.0,75
7,complete,0.0,1
7,complete,1.0,144
7,complete,1.0,327
7,complete,1.0,127
7,complete,1.0,263
7,complete,1.0,636
7,complete,0.0,228
7,complete,1.0,244
7,complete,1.0,37
7,complete,1.0,91
7,complete,1.0,98
7,complete,1.0,286
7,complete,1.0,121
7,complete,1.0,65
7,complete,0.0,1
7,complete,1.0,49
7,complete,1.0,86
7,complete,1.0,120
7,complete,1.0,102
7,complete,1.0,134
7,complete,0.0,57
7,complete,1.0,214
7,complete,1.0,85
7,complete,1.0,57
7,complete,0.0,12
7,complete,1.0,227
7,complete,1.0,84
7,complete,1.0,107
7,complete,1.0,64
7,complete,1.0,90
7,complete,0.0,59
7,complete,1.0,225
7,complete,1.0,223
7,complete,1.0,182
7,complete,1.0,263
7,complete,1.0,219
7,complete,1.0,108
7,complete,1.0,345
7,complete,1.0,181
7,complete,1.0,82
7,complete,1.0,89
7,complete,1.0,121
7,complete,1.0,24
7,complete,1.0,142
7,complete,0.0,24
7,complete,0.0,10
7,complete,1.0,64
7,complete,1.0,176
7,complete,1.0,257
7,complete,0.0,42
7,complete,1.0,144
7,complete,0.0,11
7,complete,1.0,325
7,complete,0.0,52
7,complete,1.0,161
7,complete,1.0,63
7,complete,1.0,320
7,complete,1.0,127
7,complete,1.0,93
7,complete,0.0,96
7,complete,1.0,49
7,complete,1.0,96
7,complete,1.0,163
7,complete,1.0,54
7,complete,1.0,321
7,complete,1.0,98
7,complete,1.0,432
7,complete,1.0,99
7,complete,1.0,169
7,complete,1.0,130
7,complete,1.0,112
7,complete,1.0,163
7,complete,1.0,133
7,complete,1.0,98
7,complete,1.0,189
7,complete,1.0,60
7,complete,1.0,75
7,complete,1.0,120
7,complete,1.0,137
7,complete,0.0,153
7,complete,0.0,11
7,complete,1.0,50
7,complete,1.0,182
7,complete,1.0,101
7,complete,1.0,142
7,complete,1.0,159
7,complete,1.0,144
7,complete,1.0,155
7,complete,1.0,509
7,complete,1.0,569
7,complete,0.0,48
7,complete,1.0,391
7,complete,0.0,290
7,complete,1.0,237
7,complete,0.0,44
7,complete,1.0,150
7,complete,1.0,160
7,complete,1.0,132
7,complete,0.0,22
7,complete,1.0,69
7,complete,1.0,98
7,complete,1.0,55
7,complete,0.0,36
7,complete,1.0,48
7,complete,0.0,47
7,complete,1.0,138
7,complete,1.0,288
7,complete,1.0,305
7,complete,0.0,172
7,complete,1.0,261
7,complete,1.0,114
7,complete,1.0,112
7,complete,1.0,116
7,complete,1.0,218
7,complete,1.0,63
7,complete,1.0,134
7,complete,1.0,90
7,complete,1.0,69
7,complete,1.0,114
7,complete,0.0,57
7,complete,1.0,88
7,complete,1.0,98
7,complete,1.0,281
7,complete,1.0,235
7,complete,1.0,57
7,complete,1.0,49
7,complete,1.0,54
7,complete,1.0,208
7,complete,1.0,183
7,complete,0.0,187
7,complete,1.0,171
7,complete,1.0,39
7,complete,1.0,88
7,complete,1.0,137
7,complete,1.0,159
7,complete,1.0,68
7,complete,0.0,585
7,complete,1.0,226
7,complete,1.0,80
7,complete,1.0,78
7,complete,1.0,62
7,complete,0.0,28
7,complete,1.0,114
7,complete,1.0,61
7,complete,0.0,133
7,complete,1.0,192
7,complete,0.0,33
7,complete,1.0,194
7,complete,1.0,108
7,complete,1.0,97
7,complete,1.0,45
7,complete,1.0,90
7,complete,0.0,60
7,complete,1.0,240
7,complete,1.0,343
7,complete,1.0,140
7,complete,1.0,65
7,complete,1.0,114
7,complete,1.0,87
7,complete,0.0,64
7,complete,1.0,149
7,complete,1.0,50
7,complete,1.0,292
7,complete,1.0,202
7,complete,0.0,16
7,complete,0.0,40
7,complete,1.0,67
7,complete,0.0,1
7,complete,1.0,145
7,complete,1.0,147
7,complete,1.0,200
7,complete,1.0,136
7,complete,1.0,222
7,complete,1.0,208
7,complete,1.0,330
7,complete,1.0,46
7,complete,0.0,79
7,complete,0.0,53
7,complete,1.0,190
7,complete,0.0,82
7,complete,1.0,156
7,complete,1.0,144
7,complete,1.0,426
7,complete,1.0,50
7,complete,1.0,42
7,complete,1.0,59
7,complete,1.0,129
7,complete,1.0,28
7,complete,1.0,107
7,complete,0.0,5
7,complete,1.0,150
7,complete,1.0,116
7,complete,1.0,158
7,complete,1.0,185
7,complete,1.0,250
7,complete,1.0,162
7,complete,1.0,282
7,complete,0.0,168
7,complete,1.0,211
7,complete,0.0,26
7,complete,1.0,171
7,complete,1.0,278
7,complete,0.0,94
7,complete,0.0,11
7,complete,1.0,202
7,complete,0.0,146
7,complete,1.0,123
7,complete,1.0,244
7,complete,1.0,199
7,complete,0.0,62
7,complete,1.0,613
7,complete,1.0,187
7,complete,1.0,117
7,complete,1.0,109
7,complete,1.0,157
7,complete,1.0,108
7,complete,1.0,57
7,complete,1.0,45
7,complete,1.0,90
7,complete,1.0,130
7,complete,1.0,125
7,complete,1.0,271
7,complete,1.0,228
7,complete,0.0,1
7,complete,1.0,94
7,complete,1.0,181
7,complete,1.0,106
7,complete,1.0,260
7,complete,1.0,39
7,complete,1.0,141
7,complete,0.0,8
7,complete,1.0,92
7,complete,1.0,218
7,complete,1.0,49
7,complete,0.0,1
7,complete,1.0,234
7,complete,1.0,113
7,complete,1.0,176
7,complete,1.0,174
7,complete,1.0,221
7,complete,1.0,421
7,complete,1.0,39
7,complete,1.0,49
7,complete,1.0,174
7,complete,1.0,159
7,complete,0.0,38
7,complete,1.0,208
7,complete,1.0,104
7,complete,1.0,83
7,complete,1.0,270
7,complete,1.0,97
7,complete,1.0,410
7,complete,1.0,227
7,complete,1.0,90
7,complete,1.0,116
7,complete,1.0,313
7,complete,0.0,31
7,complete,1.0,67
7,complete,1.0,347
7,complete,1.0,237
7,complete,1.0,182
7,complete,0.0,29
7,complete,1.0,133
7,complete,0.0,15
7,complete,1.0,77
7,complete,1.0,322
7,complete,1.0,85
7,complete,1.0,123
7,complete,0.0,267
7,complete,1.0,326
7,complete,1.0,165
7,complete,1.0,308
7,complete,1.0,68
7,complete,1.0,157
7,complete,1.0,125
7,complete,1.0,59
7,complete,1.0,502
7,complete,1.0,68
7,complete,1.0,135
7,complete,1.0,167
7,complete,1.0,178
7,complete,1.0,54
7,complete,1.0,267
7,complete,0.0,35
7,complete,1.0,149
7,complete,1.0,134
7,complete,1.0,137
7,complete,1.0,148
7,complete,1.0,259
7,complete,1.0,277
7,complete,1.0,115
7,complete,1.0,68
7,complete,1.0,192
7,complete,1.0,108
7,complete,1.0,252
7,complete,1.0,76
7,complete,1.0,140
7,complete,1.0,72
7,complete,1.0,46
7,complete,1.0,110
7,complete,1.0,182
7,complete,1.0,177
7,complete,1.0,64
7,complete,1.0,175
7,complete,1.0,262
7,complete,1.0,140
7,complete,0.0,25
7,complete,1.0,89
7,complete,1.0,60
7,complete,0.0,14
7,complete,1.0,132
7,complete,1.0,176
7,complete,1.0,139
7,complete,1.0,61
7,complete,1.0,213
7,complete,1.0,238
7,complete,1.0,128
7,complete,1.0,313
7,complete,1.0,156
7,complete,1.0,300
7,complete,1.0,242
7,complete,1.0,91
7,complete,0.0,11
7,complete,1.0,89
7,complete,1.0,147
7,complete,1.0,65
7,complete,1.0,141
7,complete,1.0,202
7,complete,1.0,148
7,complete,1.0,127
7,complete,1.0,107
7,complete,1.0,85
7,complete,1.0,87
7,complete,1.0,238
7,complete,1.0,72
7,complete,1.0,266
7,complete,0.0,31
7,complete,1.0,137
7,complete,0.0,22
7,complete,1.0,152
7,complete,1.0,52
7,complete,1.0,290
7,complete,1.0,285
7,complete,1.0,225
7,complete,0.0,168
7,complete,1.0,23
7,complete,1.0,149
7,complete,0.0,159
7,complete,1.0,117
7,complete,0.0,144
7,complete,1.0,64
7,complete,1.0,167
7,complete,1.0,20
7,complete,1.0,139
7,complete,1.0,166
7,complete,1.0,134
7,complete,1.0,125
7,complete,1.0,822
7,complete,1.0,253
7,complete,1.0,160
7,complete,1.0,60
7,complete,1.0,154
7,complete,0.0,36
7,complete,1.0,84
7,complete,1.0,212
7,complete,1.0,79
7,complete,1.0,272
7,complete,1.0,104
7,complete,1.0,232
7,complete,1.0,164
7,complete,0.0,86
7,complete,0.0,33
7,complete,1.0,230
7,complete,1.0,75
7,complete,0.0,57
7,complete,1.0,195
7,complete,1.0,107
7,complete,1.0,80
7,complete,1.0,56
7,complete,1.0,158
7,complete,1.0,90
7,complete,1.0,333
7,complete,0.0,47
7,complete,1.0,468
7,complete,1.0,148
7,complete,1.0,117
7,complete,1.0,90
7,complete,1.0,304
7,complete,1.0,365
7,complete,1.0,113
7,complete,1.0,43
7,complete,1.0,206
7,complete,1.0,48
7,complete,1.0,75
7,complete,1.0,235
7,complete,1.0,62
7,complete,1.0,56
7,complete,1.0,180
7,complete,1.0,160
7,complete,0.0,17
7,complete,1.0,219
7,complete,1.0,227
7,complete,0.0,80
7,complete,1.0,28
7,complete,1.0,138
7,complete,0.0,106
7,complete,1.0,131
7,complete,1.0,85
7,complete,1.0,160
7,complete,1.0,181
7,complete,0.0,1
7,complete,1.0,83
7,complete,1.0,152
7,complete,1.0,35
7,complete,1.0,129
7,complete,1.0,125
7,complete,1.0,141
7,complete,1.0,184
7,complete,1.0,466
7,complete,1.0,205
7,complete,1.0,199
7,complete,1.0,200
7,complete,0.0,121
7,complete,1.0,105
7,complete,1.0,166
7,complete,1.0,97
7,complete,1.0,128
7,complete,1.0,146
7,complete,1.0,368
7,complete,1.0,79
7,complete,1.0,266
7,complete,0.0,232
7,complete,1.0,103
7,complete,1.0,168
7,complete,0.0,116
7,complete,1.0,163
7,complete,1.0,276
7,complete,1.0,98
7,complete,1.0,122
7,complete,1.0,108
7,complete,1.0,125
7,complete,1.0,140
7,complete,1.0,54
7,complete,1.0,121
7,complete,1.0,81
7,complete,1.0,96
7,complete,1.0,88
7,complete,1.0,233
7,complete,1.0,144
7,complete,1.0,248
7,complete,1.0,33
7,complete,1.0,107
7,complete,1.0,92
7,complete,1.0,109
7,complete,1.0,185
7,complete,1.0,149
7,complete,1.0,100
7,complete,1.0,72
7,complete,0.0,141
7,complete,1.0,338
7,complete,1.0,131
7,complete,1.0,188
7,complete,1.0,156
7,complete,1.0,209
7,complete,1.0,69
7,complete,1.0,131
7,complete,1.0,81
7,complete,1.0,322
7,complete,1.0,45
7,complete,1.0,109
7,complete,1.0,62
7,complete,1.0,178
7,complete,1.0,279
7,complete,1.0,378
7,complete,1.0,133
7,complete,1.0,119
7,complete,1.0,38
7,complete,1.0,278
7,complete,1.0,103
7,complete,1.0,58
7,complete,0.0,1
7,complete,1.0,204
7,complete,1.0,213
7,complete,1.0,206
7,complete,1.0,144
7,complete,1.0,221
7,complete,1.0,234
7,complete,1.0,156
7,complete,1.0,211
7,complete,1.0,487
7,complete,1.0,151
7,complete,0.0,157
7,complete,1.0,175
7,complete,1.0,462
7,complete,1.0,207
7,complete,0.0,37
7,complete,1.0,172
7,complete,1.0,27
7,complete,1.0,161
7,complete,1.0,77
7,complete,1.0,55
7,complete,1.0,255
7,complete,0.0,1
7,complete,1.0,224
7,complete,0.0,1
7,complete,1.0,111
7,complete,0.0,49
7,complete,1.0,266
7,complete,1.0,166
7,complete,1.0,68
7,complete,1.0,108
7,complete,1.0,81
7,complete,1.0,104
7,complete,1.0,82
7,complete,0.0,1
7,complete,1.0,90
7,complete,1.0,54
7,complete,1.0,354
7,complete,1.0,167
7,complete,0.0,49
7,complete,1.0,127
7,complete,1.0,55
7,complete,1.0,114
7,complete,1.0,86
7,complete,1.0,579
7,complete,1.0,67
7,complete,1.0,65
7,complete,1.0,203
7,complete,1.0,161
7,complete,1.0,156
7,complete,1.0,133
7,complete,1.0,163
7,complete,1.0,69
7,complete,1.0,173
7,complete,1.0,64
7,complete,1.0,258
7,complete,1.0,162
7,complete,1.0,119
7,complete,1.0,184
7,complete,1.0,80
7,complete,1.0,347
7,complete,1.0,260
7,complete,1.0,148
7,complete,1.0,157
7,complete,1.0,83
7,complete,1.0,77
7,complete,1.0,116
7,complete,1.0,175
7,complete,1.0,263
7,complete,1.0,367
7,complete,0.0,46
7,complete,1.0,156
7,complete,1.0,125
7,complete,1.0,161
7,complete,1.0,100
7,complete,1.0,75
7,complete,1.0,81
7,complete,1.0,65
7,complete,1.0,229
7,complete,0.0,3
7,complete,0.0,30
7,complete,1.0,78
7,complete,1.0,72
7,complete,0.0,106
7,complete,1.0,430
7,complete,1.0,93
7,complete,1.0,400
7,complete,1.0,145
7,complete,1.0,418
7,complete,1.0,90
7,complete,1.0,136
7,complete,0.0,1
7,complete,1.0,57
7,complete,1.0,121
7,complete,1.0,191
7,complete,1.0,214
7,complete,1.0,122
7,complete,0.0,182
7,complete,0.0,37
7,complete,1.0,85
7,complete,1.0,386
7,complete,0.0,236
7,complete,1.0,307
7,complete,1.0,154
7,complete,1.0,273
7,complete,1.0,53
7,complete,1.0,263
7,complete,1.0,271
7,complete,1.0,163
7,complete,1.0,65
7,complete,0.0,8
7,complete,1.0,161
7,complete,1.0,192
7,complete,1.0,389
7,complete,1.0,125
7,complete,1.0,58
7,complete,0.0,51
7,complete,1.0,127
7,complete,1.0,108
7,complete,0.0,6
7,complete,1.0,231
7,complete,1.0,151
7,complete,1.0,156
7,complete,1.0,61
7,complete,1.0,134
7,complete,1.0,181
7,complete,1.0,184
7,complete,1.0,224
7,complete,1.0,172
7,complete,1.0,165
7,complete,0.0,27
7,complete,1.0,48
7,complete,1.0,199
7,complete,1.0,371
7,complete,1.0,358
7,complete,1.0,95
7,complete,0.0,8
7,complete,0.0,15
7,complete,0.0,146
7,complete,1.0,157
7,complete,1.0,237
7,complete,1.0,82
7,complete,1.0,87
7,complete,1.0,161
7,complete,1.0,111
7,complete,1.0,98
7,complete,1.0,190
7,complete,1.0,122
7,complete,0.0,195
7,complete,1.0,172
7,complete,1.0,253
7,complete,1.0,278
7,complete,0.0,70
7,complete,1.0,164
7,complete,0.0,26
7,complete,1.0,59
7,complete,1.0,53
7,complete,1.0,90
7,complete,1.0,405
7,complete,1.0,257
7,complete,1.0,119
7,complete,1.0,127
7,complete,0.0,44
7,complete,1.0,105
7,complete,1.0,82
7,complete,1.0,98
7,complete,1.0,114
7,complete,0.0,13
7,complete,0.0,76
7,complete,0.0,9
7,complete,1.0,102
7,complete,1.0,188
7,complete,1.0,76
7,complete,1.0,195
7,complete,1.0,170
7,complete,1.0,237
7,complete,1.0,46
7,complete,1.0,166
7,complete,1.0,219
7,complete,1.0,59
7,complete,1.0,98
7,complete,1.0,65
7,complete,1.0,35
7,complete,1.0,62
7,complete,1.0,280
7,complete,1.0,54
7,complete,1.0,243
7,complete,1.0,93
7,complete,1.0,101
7,complete,1.0,101
7,complete,1.0,140
7,complete,0.0,9
7,complete,1.0,360
7,complete,1.0,65
7,complete,1.0,90
7,complete,1.0,76
7,complete,0.0,1
7,complete,1.0,202
7,complete,0.0,1
7,complete,1.0,102
7,complete,1.0,123
7,complete,1.0,150
7,complete,1.0,288
7,complete,1.0,269
7,complete,1.0,276
7,complete,1.0,93
7,complete,1.0,135
7,complete,0.0,54
7,complete,1.0,63
7,complete,0.0,88
7,complete,1.0,109
7,complete,1.0,79
7,complete,1.0,258
7,complete,1.0,161
7,complete,1.0,184
7,complete,1.0,101
7,complete,1.0,217
7,complete,1.0,286
7,complete,1.0,127
7,complete,1.0,91
7,complete,1.0,78
7,complete,1.0,108
7,complete,1.0,55
7,complete,1.0,199
7,complete,1.0,327
7,complete,1.0,141
7,complete,0.0,3
7,complete,1.0,149
7,complete,0.0,138
7,complete,1.0,327
7,complete,1.0,250
7,complete,0.0,52
7,complete,0.0,356
7,complete,0.0,72
7,complete,1.0,85
7,complete,0.0,7
7,complete,1.0,163
7,complete,1.0,52
7,complete,1.0,144
7,complete,1.0,158
7,complete,1.0,138
7,complete,1.0,69
7,complete,0.0,64
7,complete,1.0,64
7,complete,1.0,47
7,complete,1.0,242
7,complete,1.0,127
7,complete,1.0,60
7,complete,1.0,210
7,complete,0.0,63
7,complete,1.0,305
7,complete,1.0,66
7,complete,1.0,154
7,complete,1.0,33
7,complete,1.0,110
7,complete,1.0,206
7,complete,1.0,56
7,complete,1.0,185
7,complete,1.0,53
7,complete,1.0,97
7,complete,1.0,103
7,complete,1.0,73
7,complete,1.0,340
7,complete,1.0,237
7,complete,1.0,242
7,complete,0.0,15
7,complete,1.0,45
7,complete,1.0,134
7,complete,1.0,104
7,complete,1.0,79
7,complete,1.0,133
7,complete,1.0,42
7,complete,1.0,193
7,complete,1.0,265
7,complete,0.0,56
7,complete,0.0,22
7,complete,1.0,140
7,complete,1.0,120
7,complete,1.0,907
7,complete,1.0,129
7,complete,1.0,112
7,complete,1.0,207
7,complete,1.0,355
7,complete,1.0,200
7,complete,0.0,1
7,complete,1.0,104
7,complete,1.0,59
7,complete,1.0,59
7,complete,1.0,240
7,complete,1.0,62
7,complete,1.0,74
7,complete,1.0,321
7,complete,1.0,46
7,complete,1.0,50
7,complete,0.0,103
7,complete,1.0,499
7,complete,1.0,188
7,complete,1.0,84
7,complete,1.0,100
7,complete,1.0,152
7,complete,1.0,100
7,complete,1.0,136
7,complete,1.0,306
7,complete,1.0,174
7,complete,1.0,112
7,complete,1.0,44
7,complete,1.0,159
7,complete,0.0,40
7,complete,1.0,120
7,complete,1.0,63
7,complete,1.0,177
7,complete,1.0,672
7,complete,1.0,126
7,complete,1.0,48
7,complete,1.0,327
7,complete,1.0,167
7,complete,1.0,166
7,complete,1.0,59
7,complete,1.0,193
7,complete,0.0,67
7,complete,1.0,293
7,complete,0.0,29
7,complete,1.0,140
7,complete,1.0,248
7,complete,1.0,88
7,complete,1.0,198
7,complete,1.0,225
7,complete,1.0,212
7,complete,1.0,108
7,complete,1.0,89
7,complete,1.0,314
7,complete,1.0,244
7,complete,1.0,138
7,complete,1.0,177
7,complete,0.0,26
7,complete,1.0,110
7,complete,1.0,154
7,complete,1.0,157
7,complete,1.0,298
7,complete,1.0,233
7,complete,1.0,51
7,complete,1.0,58
7,complete,1.0,202
7,complete,0.0,27
7,complete,1.0,82
7,complete,1.0,106
8,cycle,1.0,834
8,cycle,1.0,519
8,cycle,1.0,581
8,cycle,0.0,779
8,cycle,1.0,604
8,cycle,1.0,560
8,cycle,1.0,465
8,cycle,1.0,1184
8,cycle,1.0,838
8,cycle,1.0,624
8,cycle,1.0,781
8,cycle,1.0,582
8,cycle,1.0,1014
8,cycle,1.0,1052
8,cycle,1.0,471
8,cycle,1.0,551
8,cycle,1.0,656
8,cycle,1.0,211
8,cycle,1.0,315
8,cycle,1.0,783
8,cycle,1.0,877
8,cycle,1.0,715
8,cycle,1.0,1425
8,cycle,1.0,508
8,cycle,1.0,915
8,cycle,1.0,383
8,cycle,1.0,376
8,cycle,1.0,1108
8,cycle,1.0,1072
8,cycle,1.0,938
8,cycle,0.0,24
8,cycle,1.0,1449
8,cycle,1.0,502
8,cycle,1.0,1197
8,cycle,1.0,1907
8,cycle,1.0,1001
8,cycle,1.0,253
8,cycle,1.0,1062
8,cycle,1.0,497
8,cycle,1.0,377
8,cycle,1.0,299
8,cycle,1.0,513
8,cycle,1.0,824
8,cycle,1.0,389
8,cycle,1.0,831
8,cycle,1.0,605
8,cycle,1.0,238
8,cycle,1.0,656
8,cycle,1.0,555
8,cycle,1.0,657
8,cycle,1.0,682
8,cycle,0.0,63
8,cycle,1.0,940
8,cycle,1.0,1644
8,cycle,1.0,875
8,cycle,1.0,1111
8,cycle,1.0,418
8,cycle,1.0,910
8,cycle,1.0,578
8,cycle,1.0,346
8,cycle,1.0,208
8,cycle,1.0,185
8,cycle,1.0,563
8,cycle,1.0,151
8,cycle,1.0,585
8,cycle,1.0,1296
8,cycle,1.0,2157
8,cycle,1.0,1684
8,cycle,1.0,561
8,cycle,0.0,14
8,cycle,1.0,562
8,cycle,1.0,583
8,cycle,1.0,415
8,cycle,1.0,680
8,cycle,1.0,288
8,cycle,1.0,423
8,cycle,1.0,590
8,cycle,1.0,529
8,cycle,1.0,822
8,cycle,1.0,1858
8,cycle,1.0,295
8,cycle,1.0,695
8,cycle,1.0,1742
8,cycle,1.0,257
8,cycle,1.0,867
8,cycle,1.0,346
8,cycle,1.0,616
8,cycle,1.0,532
8,cycle,1.0,1267
8,cycle,1.0,682
8,cycle,1.0,1804
8,cycle,1.0,931
8,cycle,1.0,1258
8,cycle,1.0,786
8,cycle,1.0,742
8,cycle,1.0,608
8,cycle,1.0,751
8,cycle,1.0,545
8,cycle,1.0,543
8,cycle,1.0,1030
8,cycle,1.0,213
8,cycle,1.0,731
8,cycle,1.0,1175
8,cycle,1.0,495
8,cycle,1.0,420
8,cycle,1.0,386
8,cycle,1.0,1648
8,cycle,1.0,526
8,cycle,1.0,881
8,cycle,1.0,1021
8,cycle,1.0,870
8,cycle,1.0,602
8,cycle,1.0,383
8,cycle,1.0,586
8,cycle,1.0,410
8,cycle,1.0,670
8,cycle,1.0,649
8,cycle,1.0,782
8,cycle,1.0,509
8,cycle,0.0,162
8,cycle,1.0,867
8,cycle,1.0,771
8,cycle,1.0,871
8,cycle,1.0,383
8,cycle,1.0,346
8,cycle,1.0,658
8,cycle,1.0,634
8,cycle,1.0,779
8,cycle,1.0,453
8,cycle,1.0,684
8,cycle,0.0,21
8,cycle,1.0,223
8,cycle,1.0,294
8,cycle,1.0,841
8,cycle,1.0,872
8,cycle,1.0,466
8,cycle,1.0,936
8,cycle,1.0,1555
8,cycle,1.0,786
8,cycle,1.0,587
8,cycle,1.0,324
8,cycle,1.0,967
8,cycle,1.0,1115
8,cycle,1.0,306
8,cycle,1.0,519
8,cycle,1.0,693
8,cycle,0.0,64
8,cycle,1.0,1920
8,cycle,1.0,1151
8,cycle,1.0,488
8,cycle,1.0,651
8,cycle,1.0,1073
8,cycle,1.0,972
8,cycle,1.0,1257
8,cycle,1.0,351
8,cycle,1.0,1946
8,cycle,1.0,610
8,cycle,1.0,663
8,cycle,1.0,1145
8,cycle,1.0,1495
8,cycle,1.0,435
8,cycle,1.0,1060
8,cycle,1.0,965
8,cycle,1.0,913
8,cycle,1.0,396
8,cycle,1.0,889
8,cycle,1.0,402
8,cycle,1.0,394
8,cycle,1.0,1325
8,cycle,1.0,430
8,cycle,0.0,23
8,cycle,1.0,814
8,cycle,1.0,349
8,cycle,1.0,316
8,cycle,1.0,1751
8,cycle,1.0,830
8,cycle,1.0,556
8,cycle,1.0,980
8,cycle,1.0,490
8,cycle,1.0,1087
8,cycle,1.0,311
8,cycle,1.0,308
8,cycle,1.0,753
8,cycle,1.0,379
8,cycle,1.0,485
8,cycle,1.0,808
8,cycle,1.0,512
8,cycle,1.0,613
8,cycle,1.0,671
8,cycle,1.0,976
8,cycle,1.0,1720
8,cycle,1.0,1252
8,cycle,1.0,1006
8,cycle,1.0,1215
8,cycle,1.0,911
8,cycle,1.0,325
8,cycle,1.0,1078
8,cycle,1.0,868
8,cycle,1.0,1099
8,cycle,1.0,328
8,cycle,1.0,575
8,cycle,1.0,1256
8,cycle,1.0,437
8,cycle,1.0,572
8,cycle,1.0,750
8,cycle,1.0,782
8,cycle,1.0,581
8,cycle,0.0,88
8,cycle,1.0,828
8,cycle,1.0,735
8,cycle,1.0,1526
8,cycle,1.0,1760
8,cycle,1.0,264
8,cycle,1.0,1355
8,cycle,1.0,980
8,cycle,1.0,259
8,cycle,1.0,1313
8,cycle,1.0,925
8,cycle,1.0,933
8,cycle,1.0,729
8,cycle,1.0,292
8,cycle,1.0,1051
8,cycle,1.0,1265
8,cycle,1.0,1089
8,cycle,1.0,328
8,cycle,1.0,1000
8,cycle,1.0,360
8,cycle,1.0,537
8,cycle,1.0,720
8,cycle,1.0,687
8,cycle,1.0,242
8,cycle,1.0,399
8,cycle,1.0,1218
8,cycle,1.0,726
8,cycle,1.0,896
8,cycle,1.0,689
8,cycle,1.0,491
8,cycle,1.0,569
8,cycle,1.0,598
8,cycle,0.0,1
8,cycle,1.0,958
8,cycle,1.0,482
8,cycle,1.0,806
8,cycle,1.0,991
8,cycle,1.0,2599
8,cycle,1.0,1201
8,cycle,1.0,1714
8,cycle,1.0,437
8,cycle,1.0,507
8,cycle,1.0,1005
8,cycle,1.0,1389
8,cycle,1.0,996
8,cycle,1.0,246
8,cycle,1.0,727
8,cycle,1.0,218
8,cycle,1.0,244
8,cycle,1.0,741
8,cycle,0.0,181
8,cycle,1.0,640
8,cycle,1.0,604
8,cycle,1.0,2359
8,cycle,1.0,604
8,cycle,1.0,1468
8,cycle,1.0,1741
8,cycle,1.0,560
8,cycle,1.0,1200
8,cycle,1.0,892
8,cycle,1.0,1215
8,cycle,1.0,248
8,cycle,1.0,1088
8,cycle,1.0,973
8,cycle,1.0,987
8,cycle,1.0,1243
8,cycle,1.0,399
8,cycle,1.0,238
8,cycle,1.0,279
8,cycle,1.0,1123
8,cycle,1.0,820
8,cycle,1.0,1270
8,cycle,1.0,415
8,cycle,1.0,401
8,cycle,1.0,572
8,cycle,1.0,348
8,cycle,1.0,447
8,cycle,1.0,642
8,cycle,1.0,404
8,cycle,0.0,32
8,cycle,0.0,16
8,cycle,1.0,917
8,cycle,1.0,235
8,cycle,1.0,193
8,cycle,1.0,796
8,cycle,1.0,690
8,cycle,1.0,364
8,cycle,1.0,884
8,cycle,1.0,580
8,cycle,1.0,766
8,cycle,1.0,771
8,cycle,1.0,504
8,cycle,1.0,952
8,cycle,1.0,834
8,cycle,1.0,995
8,cycle,1.0,889
8,cycle,1.0,748
8,cycle,1.0,1854
8,cycle,1.0,305
8,cycle,1.0,569
8,cycle,1.0,531
8,cycle,1.0,659
8,cycle,0.0,906
8,cycle,1.0,1017
8,cycle,1.0,796
8,cycle,1.0,115
8,cycle,1.0,967
8,cycle,1.0,796
8,cycle,1.0,978
8,cycle,1.0,256
8,cycle,1.0,548
8,cycle,1.0,440
8,cycle,0.0,294
8,cycle,1.0,736
8,cycle,1.0,778
8,cycle,1.0,751
8,cycle,1.0,1116
8,cycle,1.0,432
8,cycle,1.0,443
8,cycle,1.0,1174
8,cycle,1.0,694
8,cycle,1.0,477
8,cycle,1.0,364
8,cycle,1.0,792
8,cycle,1.0,303
8,cycle,1.0,1343
8,cycle,1.0,510
8,cycle,1.0,591
8,cycle,1.0,350
8,cycle,1.0,247
8,cycle,1.0,470
8,cycle,0.0,336
8,cycle,1.0,924
8,cycle,1.0,505
8,cycle,1.0,755
8,cycle,1.0,866
8,cycle,1.0,1841
8,cycle,1.0,968
8,cycle,1.0,827
8,cycle,1.0,566
8,cycle,1.0,622
8,cycle,1.0,791
8,cycle,1.0,157
8,cycle,1.0,1023
8,cycle,1.0,802
8,cycle,0.0,82
8,cycle,1.0,1469
8,cycle,1.0,1052
8,cycle,1.0,1405
8,cycle,1.0,227
8,cycle,1.0,555
8,cycle,1.0,736
8,cycle,1.0,748
8,cycle,1.0,590
8,cycle,1.0,1249
8,cycle,1.0,458
8,cycle,1.0,443
8,cycle,1.0,481
8,cycle,1.0,1736
8,cycle,1.0,524
8,cycle,1.0,564
8,cycle,1.0,612
8,cycle,1.0,898
8,cycle,1.0,1280
8,cycle,0.0,68
8,cycle,1.0,766
8,cycle,1.0,1529
8,cycle,1.0,605
8,cycle,1.0,448
8,cycle,1.0,1122
8,cycle,1.0,337
8,cycle,1.0,917
8,cycle,1.0,797
8,cycle,1.0,354
8,cycle,1.0,1350
8,cycle,1.0,869
8,cycle,1.0,987
8,cycle,0.0,86
8,cycle,1.0,243
8,cycle,1.0,1291
8,cycle,1.0,1373
8,cycle,1.0,358
8,cycle,1.0,676
8,cycle,1.0,1265
8,cycle,1.0,711
8,cycle,1.0,981
8,cycle,1.0,335
8,cycle,1.0,1450
8,cycle,1.0,747
8,cycle,1.0,297
8,cycle,1.0,1247
8,cycle,1.0,327
8,cycle,1.0,528
8,cycle,1.0,807
8,cycle,0.0,19
8,cycle,1.0,308
8,cycle,1.0,1308
8,cycle,1.0,781
8,cycle,1.0,561
8,cycle,1.0,168
8,cycle,1.0,945
8,cycle,1.0,878
8,cycle,1.0,606
8,cycle,1.0,540
8,cycle,1.0,966
8,cycle,1.0,953
8,cycle,1.0,730
8,cycle,1.0,298
8,cycle,1.0,864
8,cycle,1.0,711
8,cycle,1.0,508
8,cycle,1.0,455
8,cycle,1.0,648
8,cycle,1.0,1347
8,cycle,1.0,547
8,cycle,1.0,689
8,cycle,1.0,1091
8,cycle,1.0,603
8,cycle,1.0,527
8,cycle,1.0,1300
8,cycle,1.0,681
8,cycle,1.0,885
8,cycle,1.0,512
8,cycle,1.0,913
8,cycle,0.0,76
8,cycle,1.0,813
8,cycle,1.0,853
8,cycle,1.0,1123
8,cycle,1.0,1119
8,cycle,1.0,426
8,cycle,1.0,650
8,cycle,1.0,643
8,cycle,1.0,451
8,cycle,0.0,138
8,cycle,1.0,326
8,cycle,1.0,320
8,cycle,1.0,882
8,cycle,1.0,180
8,cycle,1.0,1568
8,cycle,1.0,721
8,cycle,1.0,909
8,cycle,1.0,276
8,cycle,1.0,721
8,cycle,0.0,157
8,cycle,1.0,1399
8,cycle,1.0,685
8,cycle,1.0,1169
8,cycle,1.0,1317
8,cycle,1.0,879
8,cycle,1.0,1278
8,cycle,1.0,825
8,cycle,1.0,384
8,cycle,1.0,267
8,cycle,1.0,691
8,cycle,1.0,2266
8,cycle,1.0,400
8,cycle,1.0,1130
8,cycle,1.0,558
8,cycle,1.0,667
8,cycle,1.0,233
8,cycle,1.0,745
8,cycle,1.0,322
8,cycle,1.0,850
8,cycle,1.0,732
8,cycle,1.0,682
8,cycle,1.0,539
8,cycle,0.0,260
8,cycle,1.0,605
8,cycle,1.0,539
8,cycle,1.0,704
8,cycle,1.0,316
8,cycle,0.0,12
8,cycle,1.0,1344
8,cycle,0.0,1
8,cycle,1.0,942
8,cycle,1.0,883
8,cycle,1.0,167
8,cycle,1.0,768
8,cycle,1.0,569
8,cycle,1.0,595
8,cycle,1.0,550
8,cycle,1.0,636
8,cycle,1.0,355
8,cycle,1.0,528
8,cycle,1.0,549
8,cycle,1.0,477
8,cycle,1.0,522
8,cycle,1.0,216
8,cycle,1.0,809
8,cycle,1.0,568
8,cycle,1.0,622
8,cycle,1.0,673
8,cycle,1.0,479
8,cycle,1.0,1001
8,cycle,1.0,831
8,cycle,1.0,532
8,cycle,1.0,275
8,cycle,1.0,449
8,cycle,1.0,455
8,cycle,1.0,1338
8,cycle,1.0,1116
8,cycle,1.0,1576
8,cycle,1.0,503
8,cycle,1.0,228
8,cycle,1.0,577
8,cycle,1.0,918
8,cycle,1.0,512
8,cycle,1.0,266
8,cycle,1.0,571
8,cycle,1.0,704
8,cycle,1.0,842
8,cycle,1.0,578
8,cycle,1.0,215
8,cycle,0.0,56
8,cycle,1.0,198
8,cycle,1.0,364
8,cycle,0.0,353
8,cycle,1.0,1265
8,cycle,1.0,912
8,cycle,0.0,57
8,cycle,1.0,983
8,cycle,1.0,363
8,cycle,1.0,289
8,cycle,1.0,1712
8,cycle,1.0,373
8,cycle,1.0,523
8,cycle,1.0,243
8,cycle,1.0,444
8,cycle,1.0,408
8,cycle,0.0,77
8,cycle,1.0,229
8,cycle,1.0,282
8,cycle,1.0,855
8,cycle,1.0,648
8,cycle,1.0,395
8,cycle,1.0,1757
8,cycle,1.0,444
8,cycle,1.0,672
8,cycle,1.0,188
8,cycle,0.0,31
8,cycle,0.0,69
8,cycle,1.0,697
8,cycle,0.0,4
8,cycle,1.0,675
8,cycle,1.0,1223
8,cycle,1.0,139
8,cycle,1.0,967
8,cycle,1.0,594
8,cycle,1.0,991
8,cycle,1.0,449
8,cycle,1.0,305
8,cycle,1.0,629
8,cycle,1.0,1038
8,cycle,1.0,2416
8,cycle,1.0,272
8,cycle,1.0,914
8,cycle,1.0,977
8,cycle,1.0,1022
8,cycle,1.0,437
8,cycle,1.0,403
8,cycle,1.0,495
8,cycle,1.0,426
8,cycle,1.0,345
8,cycle,1.0,598
8,cycle,1.0,366
8,cycle,1.0,524
8,cycle,1.0,2969
8,cycle,1.0,1055
8,cycle,0.0,69
8,cycle,0.0,5
8,cycle,1.0,374
8,cycle,1.0,951
8,cycle,1.0,403
8,cycle,1.0,591
8,cycle,1.0,936
8,cycle,1.0,641
8,cycle,0.0,398
8,cycle,1.0,349
8,cycle,1.0,680
8,cycle,1.0,607
8,cycle,1.0,442
8,cycle,1.0,1262
8,cycle,1.0,291
8,cycle,1.0,651
8,cycle,1.0,945
8,cycle,1.0,301
8,cycle,1.0,1190
8,cycle,1.0,990
8,cycle,1.0,420
8,cycle,1.0,653
8,cycle,1.0,435
8,cycle,1.0,2038
8,cycle,1.0,1306
8,cycle,1.0,817
8,cycle,1.0,442
8,cycle,1.0,547
8,cycle,1.0,276
8,cycle,1.0,751
8,cycle,1.0,256
8,cycle,1.0,482
8,cycle,1.0,774
8,cycle,1.0,396
8,cycle,1.0,964
8,cycle,1.0,2065
8,cycle,1.0,679
8,cycle,1.0,848
8,cycle,1.0,730
8,cycle,1.0,1313
8,cycle,1.0,759
8,cycle,1.0,699
8,cycle,1.0,1724
8,cycle,1.0,355
8,cycle,1.0,525
8,cycle,0.0,176
8,cycle,1.0,341
8,cycle,1.0,652
8,cycle,1.0,350
8,cycle,1.0,1224
8,cycle,1.0,499
8,cycle,1.0,1091
8,cycle,0.0,15
8,cycle,1.0,172
8,cycle,0.0,21
8,cycle,1.0,430
8,cycle,1.0,1093
8,cycle,1.0,871
8,cycle,1.0,611
8,cycle,1.0,1109
8,cycle,1.0,1051
8,cycle,1.0,992
8,cycle,1.0,885
8,cycle,1.0,839
8,cycle,1.0,596
8,cycle,1.0,791
8,cycle,1.0,343
8,cycle,1.0,472
8,cycle,1.0,1198
8,cycle,1.0,906
8,cycle,1.0,974
8,cycle,1.0,439
8,cycle,1.0,2419
8,cycle,1.0,637
8,cycle,1.0,436
8,cycle,1.0,581
8,cycle,1.0,1940
8,cycle,0.0,5
8,cycle,0.0,65
8,cycle,1.0,413
8,cycle,1.0,609
8,cycle,1.0,668
8,cycle,1.0,716
8,cycle,1.0,1526
8,cycle,1.0,1611
8,cycle,1.0,1656
8,cycle,1.0,902
8,cycle,1.0,310
8,cycle,1.0,478
8,cycle,1.0,967
8,cycle,1.0,249
8,cycle,1.0,626
8,cycle,1.0,1322
8,cycle,1.0,384
8,cycle,1.0,2466
8,cycle,1.0,790
8,cycle,1.0,621
8,cycle,1.0,499
8,cycle,1.0,551
8,cycle,0.0,1
8,cycle,1.0,440
8,cycle,1.0,343
8,cycle,1.0,629
8,cycle,1.0,1450
8,cycle,1.0,2019
8,cycle,1.0,703
8,cycle,1.0,949
8,cycle,1.0,1053
8,cycle,1.0,1879
8,cycle,1.0,385
8,cycle,1.0,2472
8,cycle,1.0,800
8,cycle,1.0,605
8,cycle,1.0,496
8,cycle,1.0,399
8,cycle,1.0,1474
8,cycle,1.0,995
8,cycle,1.0,482
8,cycle,0.0,1
8,cycle,1.0,175
8,cycle,1.0,802
8,cycle,1.0,161
8,cycle,1.0,804
8,cycle,0.0,97
8,cycle,1.0,293
8,cycle,1.0,493
8,cycle,1.0,398
8,cycle,1.0,508
8,cycle,1.0,1581
8,cycle,1.0,492
8,cycle,1.0,603
8,cycle,1.0,457
8,cycle,1.0,436
8,cycle,1.0,878
8,cycle,1.0,321
8,cycle,1.0,904
8,cycle,1.0,490
8,cycle,1.0,129
8,cycle,1.0,1303
8,cycle,1.0,840
8,cycle,1.0,283
8,cycle,1.0,994
8,cycle,1.0,652
8,cycle,1.0,349
8,cycle,1.0,1043
8,cycle,1.0,621
8,cycle,1.0,621
8,cycle,1.0,211
8,cycle,1.0,1675
8,cycle,0.0,61
8,cycle,1.0,1058
8,cycle,1.0,916
8,cycle,1.0,1034
8,cycle,1.0,360
8,cycle,1.0,693
8,cycle,1.0,908
8,cycle,1.0,1569
8,cycle,1.0,1191
8,cycle,1.0,399
8,cycle,1.0,640
8,cycle,1.0,816
8,cycle,1.0,474
8,cycle,1.0,865
8,cycle,1.0,427
8,cycle,1.0,441
8,cycle,1.0,1023
8,cycle,1.0,915
8,cycle,0.0,273
8,cycle,1.0,828
8,cycle,1.0,509
8,cycle,1.0,610
8,cycle,1.0,553
8,cycle,1.0,735
8,cycle,1.0,770
8,cycle,1.0,1826
8,cycle,1.0,286
8,cycle,1.0,385
8,cycle,1.0,532
8,cycle,1.0,896
8,cycle,1.0,141
8,cycle,1.0,321
8,cycle,1.0,179
8,cycle,1.0,237
8,cycle,1.0,381
8,cycle,1.0,463
8,cycle,1.0,619
8,cycle,1.0,623
8,cycle,1.0,1479
8,cycle,1.0,1179
8,cycle,1.0,945
8,cycle,1.0,561
8,cycle,1.0,692
8,cycle,1.0,1003
8,cycle,1.0,489
8,cycle,1.0,111
8,cycle,1.0,1686
8,cycle,1.0,166
8,cycle,1.0,990
8,cycle,1.0,954
8,cycle,1.0,942
8,cycle,1.0,561
8,cycle,1.0,1430
8,cycle,0.0,38
8,cycle,1.0,737
8,cycle,1.0,249
8,cycle,1.0,760
8,cycle,1.0,1815
8,cycle,1.0,1012
8,cycle,1.0,1208
8,cycle,1.0,509
8,cycle,1.0,316
8,cycle,1.0,828
8,cycle,1.0,486
8,cycle,1.0,476
8,cycle,1.0,570
8,cycle,1.0,1633
8,cycle,1.0,378
8,cycle,1.0,376
8,cycle,1.0,763
8,cycle,1.0,524
8,cycle,1.0,1012
8,cycle,1.0,260
8,cycle,0.0,32
8,cycle,1.0,1034
8,cycle,1.0,526
8,cycle,1.0,1265
8,cycle,1.0,332
8,cycle,1.0,341
8,cycle,1.0,510
8,cycle,0.0,15
8,cycle,1.0,360
8,cycle,1.0,224
8,cycle,1.0,707
8,cycle,1.0,672
8,cycle,1.0,835
8,cycle,1.0,987
8,cycle,0.0,1
8,cycle,1.0,738
8,cycle,1.0,740
8,cycle,1.0,668
8,cycle,1.0,480
8,cycle,1.0,261
8,cycle,1.0,362
8,cycle,1.0,557
8,cycle,1.0,2059
8,cycle,1.0,895
8,cycle,1.0,607
8,cycle,1.0,1008
8,cycle,1.0,1042
8,cycle,1.0,601
8,cycle,1.0,1534
8,cycle,1.0,923
8,cycle,1.0,1255
8,cycle,1.0,266
8,cycle,1.0,1517
8,cycle,1.0,786
8,cycle,1.0,853
8,cycle,1.0,1430
8,cycle,1.0,191
8,cycle,1.0,922
8,cycle,1.0,902
8,cycle,1.0,665
8,cycle,1.0,2066
8,cycle,1.0,810
8,cycle,1.0,723
8,cycle,1.0,520
8,cycle,1.0,634
8,cycle,1.0,915
8,cycle,1.0,980
8,cycle,1.0,788
8,cycle,1.0,844
8,cycle,1.0,1581
8,cycle,1.0,938
8,cycle,0.0,2
8,cycle,1.0,2475
8,cycle,1.0,1041
8,cycle,1.0,305
8,cycle,1.0,180
8,cycle,1.0,347
8,cycle,1.0,547
8,cycle,1.0,488
8,cycle,1.0,301
8,cycle,1.0,1165
8,cycle,1.0,741
8,cycle,1.0,580
8,cycle,1.0,126
8,cycle,1.0,314
8,cycle,1.0,420
8,cycle,1.0,767
8,cycle,1.0,805
8,cycle,1.0,672
8,cycle,1.0,639
8,cycle,0.0,156
8,cycle,1.0,833
8,cycle,1.0,728
8,cycle,1.0,676
8,cycle,1.0,310
8,cycle,1.0,1012
8,cycle,1.0,737
8,cycle,1.0,514
8,cycle,1.0,1915
8,cycle,1.0,1101
8,cycle,1.0,431
8,cycle,1.0,337
8,cycle,1.0,448
8,cycle,1.0,973
8,cycle,1.0,496
8,cycle,1.0,330
8,cycle,1.0,784
8,cycle,1.0,653
8,cycle,1.0,835
8,cycle,1.0,525
8,cycle,1.0,311
8,cycle,1.0,1124
8,cycle,0.0,297
8,cycle,1.0,1885
8,cycle,1.0,1627
8,cycle,1.0,758
8,cycle,1.0,909
8,cycle,1.0,341
8,cycle,0.0,99
8,cycle,1.0,405
8,cycle,1.0,1319
8,cycle,1.0,422
8,cycle,1.0,726
8,cycle,0.0,74
8,cycle,1.0,344
8,cycle,1.0,1360
8,cycle,1.0,427
8,cycle,1.0,916
8,cycle,1.0,448
8,cycle,1.0,1131
8,cycle,1.0,983
8,cycle,1.0,747
8,cycle,1.0,255
8,cycle,1.0,480
8,cycle,1.0,534
8,cycle,1.0,326
8,cycle,1.0,356
8,cycle,1.0,516
8,cycle,1.0,496
8,cycle,1.0,1167
8,cycle,1.0,1266
8,cycle,1.0,473
8,cycle,1.0,277
8,cycle,1.0,887
8,cycle,1.0,984
8,cycle,1.0,785
8,cycle,1.0,395
8,cycle,1.0,1040
8,cycle,1.0,517
8,cycle,1.0,534
8,cycle,1.0,1296
8,cycle,1.0,1036
8,cycle,0.0,57
8,cycle,1.0,493
8,cycle,1.0,817
8,cycle,1.0,1198
8,cycle,1.0,1032
8,cycle,1.0,1634
8,cycle,1.0,355
8,cycle,1.0,415
8,cycle,1.0,1047
8,cycle,1.0,508
8,cycle,1.0,453
8,cycle,1.0,914
8,cycle,1.0,736
8,cycle,1.0,867
8,cycle,1.0,508
8,cycle,1.0,605
8,cycle,1.0,355
8,cycle,1.0,874
8,cycle,1.0,1063
8,cycle,1.0,1317
8,cycle,1.0,1312
8,cycle,1.0,732
8,cycle,1.0,390
8,cycle,1.0,486
8,cycle,1.0,371
8,cycle,1.0,697
8,cycle,1.0,1690
8,cycle,1.0,263
8,cycle,1.0,515
8,cycle,1.0,1054
8,cycle,1.0,592
8,cycle,1.0,558
8,cycle,1.0,507
8,cycle,1.0,332
8,cycle,1.0,717
8,cycle,1.0,200
8,cycle,1.0,377
8,cycle,1.0,476
8,cycle,1.0,512
8,cycle,1.0,566
8,cycle,1.0,1138
8,cycle,1.0,958
8,cycle,1.0,478
8,cycle,1.0,833
8,cycle,1.0,1223
8,cycle,1.0,563
8,cycle,1.0,260
8,cycle,1.0,1726
8,cycle,1.0,334
8,cycle,1.0,896
8,cycle,1.0,954
8,cycle,1.0,186
8,cycle,1.0,1752
8,cycle,1.0,641
8,cycle,1.0,806
8,cycle,1.0,1291
8,cycle,1.0,363
8,cycle,1.0,1721
8,cycle,1.0,985
8,cycle,1.0,391
8,cycle,1.0,1196
8,cycle,1.0,968
8,cycle,1.0,1238
8,cycle,1.0,580
8,cycle,1.0,881
8,cycle,1.0,320
8,cycle,1.0,538
8,cycle,1.0,157
8,cycle,1.0,340
8,cycle,1.0,917
8,cycle,1.0,505
8,wheel,1.0,501
8,wheel,1.0,373
8,wheel,1.0,310
8,wheel,1.0,155
8,wheel,1.0,354
8,wheel,1.0,904
8,wheel,1.0,539
8,wheel,1.0,270
8,wheel,1.0,494
8,wheel,1.0,289
8,wheel,1.0,293
8,wheel,1.0,250
8,wheel,1.0,923
8,wheel,1.0,337
8,wheel,1.0,863
8,wheel,1.0,244
8,wheel,1.0,253
8,wheel,1.0,540
8,wheel,1.0,471
8,wheel,1.0,736
8,wheel,1.0,396
8,wheel,1.0,427
8,wheel,1.0,1544
8,wheel,1.0,423
8,wheel,1.0,399
8,wheel,1.0,345
8,wheel,1.0,229
8,wheel,1.0,500
8,wheel,1.0,614
8,wheel,1.0,332
8,wheel,0.0,78
8,wheel,1.0,120
8,wheel,1.0,325
8,wheel,1.0,564
8,wheel,1.0,363
8,wheel,1.0,290
8,wheel,1.0,294
8,wheel,1.0,558
8,wheel,0.0,9
8,wheel,1.0,432
8,wheel,1.0,237
8,wheel,1.0,101
8,wheel,1.0,293
8,wheel,1.0,305
8,wheel,1.0,174
8,wheel,1.0,810
8,wheel,1.0,224
8,wheel,1.0,219
8,wheel,0.0,66
8,wheel,1.0,242
8,wheel,1.0,835
8,wheel,1.0,349
8,wheel,1.0,428
8,wheel,1.0,64
8,wheel,1.0,838
8,wheel,1.0,513
8,wheel,1.0,77
8,wheel,1.0,121
8,wheel,1.0,251
8,wheel,1.0,464
8,wheel,1.0,848
8,wheel,1.0,301
8,wheel,1.0,228
8,wheel,1.0,510
8,wheel,1.0,187
8,wheel,1.0,413
8,wheel,1.0,497
8,wheel,1.0,356
8,wheel,1.0,995
8,wheel,1.0,1263
8,wheel,1.0,189
8,wheel,1.0,135
8,wheel,1.0,212
8,wheel,1.0,360
8,wheel,1.0,730
8,wheel,1.0,161
8,wheel,1.0,415
8,wheel,1.0,95
8,wheel,1.0,287
8,wheel,1.0,207
8,wheel,1.0,630
8,wheel,1.0,345
8,wheel,1.0,287
8,wheel,1.0,187
8,wheel,1.0,394
8,wheel,1.0,199
8,wheel,0.0,98
8,wheel,1.0,675
8,wheel,1.0,164
8,wheel,1.0,240
8,wheel,1.0,392
8,wheel,1.0,339
8,wheel,1.0,239
8,wheel,1.0,100
8,wheel,1.0,152
8,wheel,1.0,125
8,wheel,1.0,743
8,wheel,0.0,178
8,wheel,1.0,295
8,wheel,1.0,227
8,wheel,1.0,94
8,wheel,1.0,436
8,wheel,1.0,293
8,wheel,1.0,425
8,wheel,1.0,150
8,wheel,1.0,620
8,wheel,1.0,408
8,wheel,1.0,662
8,wheel,0.0,47
8,wheel,1.0,389
8,wheel,1.0,254
8,wheel,1.0,418
8,wheel,1.0,205
8,wheel,1.0,311
8,wheel,1.0,430
8,wheel,1.0,331
8,wheel,1.0,383
8,wheel,1.0,207
8,wheel,1.0,425
8,wheel,1.0,417
8,wheel,1.0,181
8,wheel,1.0,389
8,wheel,1.0,672
8,wheel,1.0,172
8,wheel,1.0,633
8,wheel,1.0,328
8,wheel,0.0,57
8,wheel,1.0,263
8,wheel,1.0,194
8,wheel,1.0,157
8,wheel,1.0,139
8,wheel,1.0,275
8,wheel,1.0,275
8,wheel,1.0,167
8,wheel,1.0,613
8,wheel,1.0,332
8,wheel,1.0,282
8,wheel,1.0,304
8,wheel,1.0,281
8,wheel,1.0,341
8,wheel,1.0,570
8,wheel,1.0,282
8,wheel,1.0,433
8,wheel,1.0,480
8,wheel,1.0,343
8,wheel,1.0,233
8,wheel,1.0,713
8,wheel,1.0,899
8,wheel,1.0,128
8,wheel,1.0,1174
8,wheel,1.0,305
8,wheel,1.0,698
8,wheel,1.0,80
8,wheel,1.0,259
8,wheel,1.0,160
8,wheel,1.0,528
8,wheel,1.0,264
8,wheel,1.0,156
8,wheel,1.0,358
8,wheel,1.0,210
8,wheel,1.0,539
8,wheel,1.0,199
8,wheel,0.0,1
8,wheel,1.0,120
8,wheel,1.0,354
8,wheel,1.0,302
8,wheel,1.0,124
8,wheel,1.0,501
8,wheel,1.0,262
8,wheel,1.0,436
8,wheel,1.0,389
8,wheel,1.0,349
8,wheel,1.0,422
8,wheel,1.0,195
8,wheel,0.0,4
8,wheel,1.0,1014
8,wheel,1.0,441
8,wheel,1.0,605
8,wheel,0.0,53
8,wheel,0.0,41
8,wheel,1.0,338
8,wheel,1.0,595
8,wheel,1.0,405
8,wheel,1.0,915
8,wheel,1.0,269
8,wheel,1.0,250
8,wheel,1.0,102
8,wheel,1.0,382
8,wheel,1.0,400
8,wheel,1.0,546
8,wheel,1.0,385
8,wheel,1.0,220
8,wheel,1.0,432
8,wheel,1.0,95
8,wheel,1.0,866
8,wheel,1.0,493
8,wheel,1.0,86
8,wheel,1.0,802
8,wheel,1.0,233
8,wheel,1.0,608
8,wheel,1.0,201
8,wheel,1.0,281
8,wheel,1.0,634
8,wheel,1.0,646
8,wheel,0.0,29
8,wheel,1.0,331
8,wheel,1.0,583
8,wheel,0.0,41
8,wheel,1.0,273
8,wheel,1.0,246
8,wheel,1.0,215
8,wheel,1.0,261
8,wheel,1.0,316
8,wheel,1.0,429
8,wheel,1.0,472
8,wheel,1.0,121
8,wheel,1.0,287
8,wheel,1.0,156
8,wheel,1.0,459
8,wheel,0.0,157
8,wheel,1.0,475
8,wheel,1.0,400
8,wheel,0.0,38
8,wheel,1.0,226
8,wheel,1.0,662
8,wheel,1.0,672
8,wheel,1.0,392
8,wheel,1.0,561
8,wheel,0.0,803
8,wheel,1.0,600
8,wheel,1.0,744
8,wheel,1.0,368
8,wheel,1.0,199
8,wheel,1.0,307
8,wheel,1.0,170
8,wheel,0.0,34
8,wheel,1.0,1233
8,wheel,1.0,522
8,wheel,1.0,377
8,wheel,1.0,329
8,wheel,1.0,359
8,wheel,1.0,310
8,wheel,1.0,115
8,wheel,1.0,878
8,wheel,1.0,226
8,wheel,1.0,862
8,wheel,1.0,116
8,wheel,1.0,396
8,wheel,1.0,273
8,wheel,1.0,105
8,wheel,1.0,470
8,wheel,1.0,216
8,wheel,1.0,286
8,wheel,0.0,5
8,wheel,1.0,272
8,wheel,1.0,385
8,wheel,1.0,167
8,wheel,1.0,631
8,wheel,1.0,194
8,wheel,1.0,111
8,wheel,1.0,415
8,wheel,1.0,108
8,wheel,1.0,647
8,wheel,1.0,258
8,wheel,1.0,637
8,wheel,1.0,267
8,wheel,1.0,477
8,wheel,1.0,589
8,wheel,1.0,147
8,wheel,1.0,287
8,wheel,1.0,228
8,wheel,1.0,561
8,wheel,1.0,1330
8,wheel,1.0,236
8,wheel,1.0,227
8,wheel,1.0,502
8,wheel,1.0,217
8,wheel,1.0,290
8,wheel,1.0,362
8,wheel,0.0,192
8,wheel,0.0,43
8,wheel,1.0,220
8,wheel,1.0,278
8,wheel,1.0,125
8,wheel,1.0,392
8,wheel,1.0,138
8,wheel,1.0,458
8,wheel,1.0,781
8,wheel,1.0,83
8,wheel,1.0,322
8,wheel,1.0,269
8,wheel,1.0,416
8,wheel,1.0,157
8,wheel,1.0,349
8,wheel,1.0,212
8,wheel,1.0,295
8,wheel,1.0,527
8,wheel,1.0,252
8,wheel,1.0,89
8,wheel,1.0,214
8,wheel,0.0,92
8,wheel,1.0,476
8,wheel,1.0,849
8,wheel,1.0,240
8,wheel,1.0,116
8,wheel,1.0,257
8,wheel,0.0,125
8,wheel,1.0,407
8,wheel,1.0,92
8,wheel,1.0,340
8,wheel,1.0,326
8,wheel,1.0,435
8,wheel,1.0,339
8,wheel,0.0,31
8,wheel,1.0,394
8,wheel,1.0,470
8,wheel,1.0,138
8,wheel,0.0,80
8,wheel,1.0,418
8,wheel,1.0,449
8,wheel,1.0,378
8,wheel,1.0,292
8,wheel,1.0,366
8,wheel,1.0,404
8,wheel,1.0,215
8,wheel,1.0,429
8,wheel,1.0,166
8,wheel,1.0,290
8,wheel,1.0,354
8,wheel,1.0,214
8,wheel,1.0,820
8,wheel,1.0,310
8,wheel,1.0,323
8,wheel,1.0,381
8,wheel,1.0,196
8,wheel,1.0,226
8,wheel,1.0,781
8,wheel,1.0,689
8,wheel,1.0,308
8,wheel,1.0,553
8,wheel,1.0,391
8,wheel,1.0,795
8,wheel,1.0,207
8,wheel,1.0,215
8,wheel,1.0,806
8,wheel,1.0,525
8,wheel,1.0,222
8,wheel,1.0,183
8,wheel,1.0,306
8,wheel,1.0,448
8,wheel,1.0,319
8,wheel,1.0,163
8,wheel,1.0,488
8,wheel,1.0,559
8,wheel,1.0,148
8,wheel,1.0,987
8,wheel,1.0,128
8,wheel,1.0,290
8,wheel,1.0,128
8,wheel,1.0,784
8,wheel,1.0,139
8,wheel,1.0,604
8,wheel,1.0,370
8,wheel,1.0,354
8,wheel,1.0,359
8,wheel,1.0,259
8,wheel,1.0,75
8,wheel,0.0,31
8,wheel,1.0,1109
8,wheel,1.0,623
8,wheel,1.0,263
8,wheel,1.0,521
8,wheel,1.0,128
8,wheel,1.0,559
8,wheel,1.0,350
8,wheel,1.0,152
8,wheel,1.0,306
8,wheel,1.0,1112
8,wheel,1.0,197
8,wheel,1.0,177
8,wheel,1.0,357
8,wheel,1.0,309
8,wheel,1.0,884
8,wheel,1.0,1371
8,wheel,1.0,251
8,wheel,1.0,807
8,wheel,1.0,391
8,wheel,1.0,374
8,wheel,1.0,316
8,wheel,1.0,416
8,wheel,1.0,278
8,wheel,1.0,933
8,wheel,1.0,671
8,wheel,1.0,359
8,wheel,1.0,223
8,wheel,1.0,216
8,wheel,1.0,502
8,wheel,0.0,4
8,wheel,1.0,486
8,wheel,0.0,15
8,wheel,1.0,297
8,wheel,0.0,13
8,wheel,0.0,1
8,wheel,1.0,252
8,wheel,1.0,257
8,wheel,1.0,749
8,wheel,1.0,627
8,wheel,1.0,268
8,wheel,1.0,407
8,wheel,1.0,790
8,wheel,1.0,460
8,wheel,1.0,414
8,wheel,1.0,211
8,wheel,1.0,323
8,wheel,1.0,428
8,wheel,1.0,219
8,wheel,1.0,227
8,wheel,0.0,72
8,wheel,1.0,497
8,wheel,1.0,222
8,wheel,1.0,474
8,wheel,1.0,658
8,wheel,1.0,196
8,wheel,1.0,315
8,wheel,1.0,303
8,wheel,1.0,310
8,wheel,1.0,410
8,wheel,1.0,239
8,wheel,1.0,303
8,wheel,1.0,443
8,wheel,1.0,575
8,wheel,1.0,180
8,wheel,1.0,240
8,wheel,1.0,462
8,wheel,1.0,159
8,wheel,1.0,272
8,wheel,1.0,176
8,wheel,1.0,448
8,wheel,1.0,461
8,wheel,1.0,299
8,wheel,1.0,309
8,wheel,1.0,188
8,wheel,1.0,220
8,wheel,1.0,213
8,wheel,1.0,510
8,wheel,1.0,289
8,wheel,0.0,27
8,wheel,1.0,147
8,wheel,1.0,804
8,wheel,1.0,253
8,wheel,1.0,603
8,wheel,1.0,126
8,wheel,1.0,213
8,wheel,1.0,411
8,wheel,1.0,447
8,wheel,0.0,60
8,wheel,1.0,567
8,wheel,1.0,673
8,wheel,1.0,404
8,wheel,1.0,240
8,wheel,1.0,488
8,wheel,1.0,69
8,wheel,1.0,412
8,wheel,1.0,826
8,wheel,1.0,267
8,wheel,1.0,292
8,wheel,1.0,312
8,wheel,1.0,1143
8,wheel,1.0,217
8,wheel,1.0,467
8,wheel,1.0,536
8,wheel,1.0,300
8,wheel,1.0,447
8,wheel,1.0,362
8,wheel,1.0,448
8,wheel,1.0,381
8,wheel,1.0,167
8,wheel,1.0,223
8,wheel,1.0,317
8,wheel,1.0,403
8,wheel,1.0,287
8,wheel,1.0,109
8,wheel,1.0,275
8,wheel,1.0,346
8,wheel,1.0,159
8,wheel,1.0,253
8,wheel,1.0,671
8,wheel,1.0,157
8,wheel,1.0,128
8,wheel,1.0,404
8,wheel,1.0,491
8,wheel,0.0,63
8,wheel,1.0,561
8,wheel,1.0,576
8,wheel,1.0,293
8,wheel,1.0,405
8,wheel,1.0,187
8,wheel,1.0,542
8,wheel,1.0,770
8,wheel,1.0,80
8,wheel,1.0,127
8,wheel,1.0,650
8,wheel,1.0,383
8,wheel,1.0,299
8,wheel,1.0,263
8,wheel,1.0,204
8,wheel,0.0,101
8,wheel,1.0,250
8,wheel,1.0,245
8,wheel,1.0,1250
8,wheel,0.0,42
8,wheel,1.0,758
8,wheel,1.0,456
8,wheel,1.0,198
8,wheel,1.0,153
8,wheel,1.0,205
8,wheel,1.0,303
8,wheel,1.0,347
8,wheel,1.0,366
8,wheel,1.0,286
8,wheel,1.0,833
8,wheel,1.0,369
8,wheel,1.0,217
8,wheel,1.0,210
8,wheel,1.0,814
8,wheel,1.0,404
8,wheel,1.0,500
8,wheel,1.0,438
8,wheel,1.0,447
8,wheel,1.0,299
8,wheel,1.0,485
8,wheel,1.0,420
8,wheel,1.0,648
8,wheel,1.0,189
8,wheel,1.0,288
8,wheel,1.0,245
8,wheel,0.0,57
8,wheel,0.0,399
8,wheel,1.0,1100
8,wheel,1.0,473
8,wheel,1.0,506
8,wheel,1.0,300
8,wheel,1.0,486
8,wheel,1.0,590
8,wheel,1.0,647
8,wheel,1.0,415
8,wheel,1.0,193
8,wheel,1.0,457
8,wheel,1.0,242
8,wheel,1.0,245
8,wheel,1.0,190
8,wheel,1.0,115
8,wheel,1.0,105
8,wheel,1.0,234
8,wheel,1.0,303
8,wheel,1.0,977
8,wheel,1.0,690
8,wheel,1.0,348
8,wheel,1.0,291
8,wheel,0.0,248
8,wheel,1.0,305
8,wheel,1.0,239
8,wheel,1.0,171
8,wheel,1.0,996
8,wheel,1.0,242
8,wheel,1.0,438
8,wheel,1.0,380
8,wheel,1.0,475
8,wheel,1.0,153
8,wheel,1.0,324
8,wheel,1.0,236
8,wheel,1.0,376
8,wheel,0.0,18
8,wheel,1.0,479
8,wheel,1.0,276
8,wheel,1.0,823
8,wheel,1.0,253
8,wheel,1.0,276
8,wheel,1.0,356
8,wheel,1.0,452
8,wheel,1.0,387
8,wheel,0.0,152
8,wheel,1.0,722
8,wheel,0.0,26
8,wheel,0.0,131
8,wheel,1.0,240
8,wheel,1.0,435
8,wheel,1.0,410
8,wheel,1.0,549
8,wheel,1.0,760
8,wheel,1.0,349
8,wheel,0.0,64
8,wheel,1.0,155
8,wheel,1.0,281
8,wheel,1.0,779
8,wheel,1.0,431
8,wheel,1.0,657
8,wheel,1.0,157
8,wheel,1.0,185
8,wheel,1.0,496
8,wheel,1.0,553
8,wheel,1.0,207
8,wheel,1.0,418
8,wheel,1.0,522
8,wheel,0.0,105
8,wheel,1.0,339
8,wheel,0.0,76
8,wheel,1.0,246
8,wheel,0.0,261
8,wheel,1.0,338
8,wheel,1.0,188
8,wheel,1.0,237
8,wheel,1.0,350
8,wheel,0.0,85
8,wheel,1.0,173
8,wheel,1.0,377
8,wheel,1.0,285
8,wheel,1.0,237
8,wheel,1.0,286
8,wheel,1.0,280
8,wheel,1.0,210
8,wheel,0.0,257
8,wheel,1.0,231
8,wheel,1.0,563
8,wheel,0.0,33
8,wheel,1.0,494
8,wheel,1.0,197
8,wheel,1.0,354
8,wheel,1.0,426
8,wheel,1.0,282
8,wheel,1.0,234
8,wheel,1.0,318
8,wheel,1.0,387
8,wheel,1.0,676
8,wheel,1.0,325
8,wheel,1.0,466
8,wheel,1.0,243
8,wheel,1.0,84
8,wheel,1.0,368
8,wheel,1.0,354
8,wheel,1.0,423
8,wheel,1.0,235
8,wheel,1.0,567
8,wheel,1.0,226
8,wheel,1.0,285
8,wheel,1.0,329
8,wheel,1.0,402
8,wheel,1.0,609
8,wheel,1.0,141
8,wheel,1.0,274
8,wheel,1.0,137
8,wheel,1.0,214
8,wheel,1.0,271
8,wheel,1.0,257
8,wheel,1.0,452
8,wheel,1.0,284
8,wheel,1.0,697
8,wheel,1.0,546
8,wheel,1.0,371
8,wheel,1.0,614
8,wheel,1.0,544
8,wheel,1.0,241
8,wheel,1.0,342
8,wheel,1.0,280
8,wheel,1.0,327
8,wheel,0.0,40
8,wheel,1.0,488
8,wheel,1.0,329
8,wheel,1.0,449
8,wheel,1.0,822
8,wheel,1.0,102
8,wheel,1.0,526
8,wheel,1.0,375
8,wheel,1.0,295
8,wheel,1.0,121
8,wheel,1.0,1207
8,wheel,1.0,218
8,wheel,1.0,165
8,wheel,1.0,201
8,wheel,1.0,641
8,wheel,1.0,462
8,wheel,1.0,302
8,wheel,1.0,167
8,wheel,1.0,620
8,wheel,1.0,267
8,wheel,1.0,263
8,wheel,1.0,91
8,wheel,1.0,435
8,wheel,1.0,292
8,wheel,1.0,290
8,wheel,1.0,424
8,wheel,1.0,344
8,wheel,0.0,94
8,wheel,1.0,120
8,wheel,1.0,841
8,wheel,0.0,25
8,wheel,1.0,253
8,wheel,1.0,403
8,wheel,1.0,1351
8,wheel,1.0,365
8,wheel,0.0,3
8,wheel,1.0,340
8,wheel,1.0,828
8,wheel,0.0,172
8,wheel,1.0,462
8,wheel,1.0,117
8,wheel,1.0,170
8,wheel,1.0,452
8,wheel,1.0,148
8,wheel,1.0,1686
8,wheel,1.0,427
8,wheel,1.0,276
8,wheel,1.0,754
8,wheel,1.0,165
8,wheel,0.0,109
8,wheel,1.0,457
8,wheel,1.0,312
8,wheel,1.0,182
8,wheel,1.0,669
8,wheel,1.0,577
8,wheel,1.0,267
8,wheel,1.0,1448
8,wheel,1.0,1031
8,wheel,1.0,159
8,wheel,1.0,201
8,wheel,1.0,166
8,wheel,1.0,291
8,wheel,1.0,341
8,wheel,1.0,175
8,wheel,1.0,207
8,wheel,1.0,704
8,wheel,1.0,388
8,wheel,1.0,315
8,wheel,1.0,173
8,wheel,1.0,529
8,wheel,1.0,434
8,wheel,1.0,1298
8,wheel,1.0,158
8,wheel,1.0,485
8,wheel,1.0,383
8,wheel,1.0,738
8,wheel,1.0,158
8,wheel,1.0,480
8,wheel,1.0,320
8,wheel,1.0,194
8,wheel,1.0,299
8,wheel,1.0,436
8,wheel,1.0,607
8,wheel,1.0,399
8,wheel,1.0,237
8,wheel,1.0,200
8,wheel,1.0,774
8,wheel,1.0,482
8,wheel,1.0,589
8,wheel,0.0,76
8,wheel,0.0,97
8,wheel,1.0,504
8,wheel,1.0,140
8,wheel,1.0,592
8,wheel,1.0,482
8,wheel,0.0,98
8,wheel,1.0,59
8,wheel,1.0,360
8,wheel,1.0,215
8,wheel,1.0,183
8,wheel,1.0,841
8,wheel,1.0,309
8,wheel,1.0,348
8,wheel,1.0,916
8,wheel,1.0,725
8,wheel,1.0,389
8,wheel,1.0,274
8,wheel,1.0,148
8,wheel,0.0,28
8,wheel,1.0,202
8,wheel,1.0,1191
8,wheel,1.0,297
8,wheel,1.0,156
8,wheel,1.0,412
8,wheel,1.0,655
8,wheel,1.0,252
8,wheel,1.0,335
8,wheel,1.0,187
8,wheel,1.0,1070
8,wheel,1.0,237
8,wheel,1.0,165
8,wheel,1.0,115
8,wheel,1.0,267
8,wheel,1.0,242
8,wheel,1.0,230
8,wheel,1.0,404
8,wheel,1.0,223
8,wheel,1.0,169
8,wheel,0.0,6
8,wheel,1.0,289
8,wheel,1.0,389
8,wheel,1.0,419
8,wheel,1.0,951
8,wheel,0.0,29
8,wheel,1.0,585
8,wheel,1.0,188
8,wheel,0.0,76
8,wheel,1.0,456
8,wheel,1.0,574
8,wheel,1.0,206
8,wheel,1.0,282
8,wheel,1.0,328
8,wheel,1.0,672
8,wheel,1.0,1047
8,wheel,1.0,367
8,wheel,1.0,246
8,wheel,1.0,191
8,wheel,1.0,337
8,wheel,1.0,429
8,wheel,1.0,1271
8,wheel,1.0,363
8,wheel,0.0,273
8,wheel,1.0,224
8,wheel,1.0,225
8,wheel,1.0,277
8,wheel,1.0,389
8,wheel,1.0,205
8,wheel,1.0,625
8,wheel,1.0,486
8,wheel,1.0,277
8,wheel,1.0,307
8,wheel,1.0,278
8,wheel,1.0,300
8,wheel,1.0,348
8,wheel,1.0,190
8,wheel,1.0,354
8,wheel,0.0,252
8,wheel,1.0,474
8,wheel,1.0,339
8,wheel,1.0,678
8,wheel,1.0,370
8,wheel,1.0,305
8,wheel,1.0,158
8,wheel,1.0,297
8,wheel,1.0,1052
8,wheel,1.0,185
8,wheel,1.0,477
8,wheel,1.0,533
8,wheel,1.0,454
8,wheel,1.0,230
8,wheel,1.0,564
8,wheel,1.0,281
8,wheel,1.0,197
8,wheel,1.0,416
8,wheel,1.0,307
8,wheel,1.0,151
8,wheel,1.0,455
8,wheel,1.0,426
8,wheel,0.0,130
8,wheel,1.0,251
8,wheel,1.0,421
8,wheel,1.0,671
8,wheel,1.0,346
8,wheel,1.0,1185
8,wheel,1.0,726
8,wheel,1.0,327
8,wheel,1.0,192
8,wheel,1.0,304
8,wheel,1.0,437
8,wheel,1.0,259
8,wheel,1.0,313
8,wheel,1.0,307
8,wheel,1.0,527
8,wheel,1.0,329
8,wheel,1.0,831
8,wheel,1.0,547
8,wheel,1.0,163
8,wheel,1.0,582
8,wheel,1.0,473
8,wheel,1.0,544
8,wheel,1.0,482
8,wheel,1.0,372
8,wheel,0.0,135
8,wheel,1.0,370
8,wheel,1.0,334
8,wheel,1.0,197
8,wheel,1.0,156
8,wheel,1.0,218
8,wheel,1.0,211
8,wheel,1.0,324
8,wheel,0.0,43
8,wheel,1.0,278
8,wheel,1.0,589
8,wheel,0.0,46
8,wheel,1.0,185
8,wheel,0.0,77
8,wheel,1.0,185
8,wheel,1.0,383
8,wheel,0.0,258
8,wheel,1.0,226
8,wheel,1.0,296
8,wheel,1.0,264
8,wheel,1.0,347
8,wheel,0.0,136
8,wheel,1.0,221
8,wheel,1.0,263
8,wheel,1.0,84
8,wheel,1.0,129
8,wheel,1.0,177
8,wheel,1.0,639
8,wheel,1.0,117
8,wheel,1.0,501
8,wheel,1.0,252
8,wheel,1.0,429
8,wheel,1.0,599
8,wheel,1.0,229
8,wheel,1.0,48
8,wheel,1.0,382
8,wheel,1.0,780
8,wheel,0.0,50
8,wheel,1.0,173
8,wheel,1.0,460
8,wheel,1.0,376
8,wheel,1.0,177
8,wheel,1.0,280
8,wheel,1.0,704
8,wheel,1.0,928
8,wheel,1.0,149
8,wheel,1.0,263
8,wheel,1.0,695
8,wheel,1.0,246
8,wheel,1.0,223
8,wheel,1.0,1051
8,wheel,1.0,492
8,wheel,1.0,912
8,wheel,1.0,442
8,wheel,1.0,502
8,wheel,1.0,193
8,wheel,1.0,334
8,wheel,1.0,416
8,wheel,1.0,669
8,wheel,1.0,405
8,wheel,1.0,240
8,wheel,1.0,558
8,wheel,1.0,261
8,wheel,1.0,226
8,wheel,1.0,432
8,wheel,1.0,240
8,wheel,1.0,149
8,wheel,1.0,370
8,wheel,1.0,192
8,wheel,1.0,241
8,wheel,1.0,125
8,wheel,1.0,372
8,wheel,0.0,21
8,wheel,1.0,304
8,wheel,1.0,470
8,wheel,1.0,206
8,wheel,1.0,302
8,wheel,1.0,1214
8,wheel,1.0,174
8,wheel,1.0,413
8,wheel,1.0,438
8,wheel,0.0,10
8,wheel,0.0,22
8,wheel,1.0,257
8,wheel,1.0,217
8,wheel,1.0,266
8,wheel,1.0,278
8,wheel,1.0,450
8,wheel,1.0,435
8,wheel,1.0,538
8,wheel,0.0,8
8,wheel,1.0,306
8,wheel,1.0,176
8,wheel,1.0,477
8,wheel,1.0,206
8,wheel,1.0,392
8,wheel,1.0,220
8,wheel,0.0,7
8,wheel,1.0,569
8,wheel,1.0,166
8,wheel,1.0,220
8,wheel,1.0,344
8,wheel,1.0,256
8,wheel,1.0,1110
8,wheel,1.0,516
8,wheel,1.0,74
8,wheel,1.0,537
8,wheel,1.0,335
8,wheel,1.0,666
8,wheel,1.0,422
8,wheel,1.0,244
8,wheel,1.0,232
8,wheel,1.0,124
8,wheel,1.0,272
8,wheel,1.0,177
8,wheel,1.0,333
8,wheel,1.0,320
8,wheel,0.0,28
8,wheel,1.0,869
8,wheel,1.0,729
8,wheel,1.0,278
8,wheel,1.0,231
8,wheel,1.0,115
8,complete,1.0,69
8,complete,1.0,60
8,complete,1.0,228
8,complete,1.0,306
8,complete,1.0,75
8,complete,1.0,121
8,complete,0.0,165
8,complete,1.0,380
8,complete,1.0,263
8,complete,0.0,32
8,complete,1.0,193
8,complete,1.0,104
8,complete,1.0,142
8,complete,1.0,248
8,complete,0.0,82
8,complete,1.0,171
8,complete,1.0,214
8,complete,1.0,75
8,complete,1.0,64
8,complete,1.0,149
8,complete,1.0,118
8,complete,1.0,142
8,complete,1.0,146
8,complete,1.0,182
8,complete,1.0,206
8,complete,1.0,69
8,complete,1.0,77
8,complete,1.0,186
8,complete,1.0,59
8,complete,1.0,180
8,complete,1.0,134
8,complete,1.0,83
8,complete,0.0,27
8,complete,1.0,169
8,complete,1.0,115
8,complete,1.0,146
8,complete,1.0,99
8,complete,1.0,67
8,complete,1.0,151
8,complete,1.0,289
8,complete,1.0,97
8,complete,1.0,113
8,complete,1.0,209
8,complete,1.0,72
8,complete,1.0,106
8,complete,1.0,98
8,complete,1.0,119
8,complete,1.0,109
8,complete,1.0,134
8,complete,1.0,153
8,complete,1.0,72
8,complete,1.0,92
8,complete,1.0,172
8,complete,1.0,124
8,complete,0.0,1
8,complete,1.0,165
8,complete,1.0,98
8,complete,1.0,66
8,complete,1.0,108
8,complete,1.0,118
8,complete,1.0,109
8,complete,1.0,45
8,complete,1.0,127
8,complete,1.0,258
8,complete,1.0,135
8,complete,1.0,126
8,complete,1.0,121
8,complete,1.0,196
8,complete,1.0,67
8,complete,1.0,70
8,complete,1.0,116
8,complete,1.0,190
8,complete,0.0,21
8,complete,1.0,112
8,complete,0.0,313
8,complete,1.0,104
8,complete,1.0,112
8,complete,1.0,101
8,complete,1.0,91
8,complete,1.0,675
8,complete,1.0,141
8,complete,1.0,89
8,complete,1.0,271
8,complete,1.0,179
8,complete,1.0,108
8,complete,1.0,63
8,complete,0.0,13
8,complete,1.0,218
8,complete,1.0,68
8,complete,1.0,62
8,complete,1.0,46
8,complete,1.0,410
8,complete,1.0,134
8,complete,1.0,64
8,complete,1.0,177
8,complete,1.0,137
8,complete,1.0,167
8,complete,1.0,144
8,complete,1.0,133
8,complete,1.0,144
8,complete,1.0,351
8,complete,0.0,50
8,complete,1.0,284
8,complete,1.0,228
8,complete,1.0,139
8,complete,1.0,156
8,complete,1.0,228
8,complete,1.0,50
8,complete,0.0,62
8,complete,0.0,79
8,complete,1.0,121
8,complete,1.0,157
8,complete,1.0,95
8,complete,1.0,227
8,complete,1.0,78
8,complete,1.0,160
8,complete,1.0,210
8,complete,1.0,57
8,complete,1.0,75
8,complete,1.0,170
8,complete,1.0,100
8,complete,1.0,214
8,complete,1.0,121
8,complete,1.0,180
8,complete,0.0,15
8,complete,1.0,98
8,complete,1.0,164
8,complete,1.0,178
8,complete,1.0,87
8,complete,1.0,485
8,complete,1.0,54
8,complete,1.0,123
8,complete,1.0,110
8,complete,1.0,76
8,complete,1.0,172
8,complete,1.0,99
8,complete,1.0,111
8,complete,1.0,88
8,complete,1.0,96
8,complete,0.0,1029
8,complete,1.0,137
8,complete,1.0,140
8,complete,0.0,25
8,complete,1.0,90
8,complete,1.0,67
8,complete,1.0,233
8,complete,1.0,290
8,complete,1.0,106
8,complete,1.0,63
8,complete,1.0,176
8,complete,1.0,89
8,complete,1.0,89
8,complete,1.0,113
8,complete,1.0,125
8,complete,1.0,99
8,complete,1.0,107
8,complete,1.0,115
8,complete,1.0,115
8,complete,0.0,25
8,complete,0.0,180
8,complete,1.0,170
8,complete,0.0,103
8,complete,1.0,66
8,complete,1.0,147
8,complete,1.0,61
8,complete,1.0,132
8,complete,1.0,145
8,complete,1.0,575
8,complete,1.0,70
8,complete,1.0,142
8,complete,0.0,39
8,complete,1.0,61
8,complete,1.0,103
8,complete,1.0,93
8,complete,1.0,74
8,complete,1.0,154
8,complete,1.0,477
8,complete,1.0,144
8,complete,1.0,72
8,complete,1.0,92
8,complete,0.0,42
8,complete,1.0,179
8,complete,1.0,75
8,complete,1.0,78
8,complete,0.0,1
8,complete,1.0,180
8,complete,1.0,72
8,complete,1.0,154
8,complete,1.0,222
8,complete,0.0,99
8,complete,1.0,78
8,complete,1.0,160
8,complete,1.0,169
8,complete,1.0,85
8,complete,1.0,73
8,complete,1.0,136
8,complete,1.0,156
8,complete,1.0,180
8,complete,1.0,105
8,complete,1.0,217
8,complete,1.0,152
8,complete,0.0,51
8,complete,1.0,94
8,complete,1.0,181
8,complete,1.0,138
8,complete,1.0,247
8,complete,1.0,85
8,complete,1.0,296
8,complete,1.0,323
8,complete,1.0,171
8,complete,1.0,380
8,complete,1.0,100
8,complete,1.0,122
8,complete,1.0,240
8,complete,1.0,71
8,complete,0.0,107
8,complete,1.0,150
8,complete,1.0,51
8,complete,1.0,88
8,complete,0.0,21
8,complete,1.0,151
8,complete,1.0,142
8,complete,1.0,134
8,complete,1.0,103
8,complete,1.0,65
8,complete,1.0,197
8,complete,1.0,46
8,complete,1.0,108
8,complete,1.0,202
8,complete,1.0,225
8,complete,1.0,190
8,complete,1.0,99
8,complete,1.0,228
8,complete,1.0,238
8,complete,1.0,80
8,complete,1.0,146
8,complete,1.0,116
8,complete,1.0,177
8,complete,1.0,210
8,complete,1.0,383
8,complete,1.0,214
8,complete,1.0,224
8,complete,0.0,38
8,complete,1.0,380
8,complete,1.0,229
8,complete,1.0,94
8,complete,1.0,110
8,complete,1.0,94
8,complete,1.0,87
8,complete,1.0,107
8,complete,1.0,162
8,complete,1.0,127
8,complete,1.0,378
8,complete,1.0,77
8,complete,0.0,59
8,complete,1.0,276
8,complete,1.0,79
8,complete,0.0,338
8,complete,1.0,763
8,complete,1.0,195
8,complete,1.0,88
8,complete,0.0,433
8,complete,1.0,80
8,complete,1.0,61
8,complete,0.0,32
8,complete,1.0,163
8,complete,1.0,82
8,complete,1.0,96
8,complete,1.0,171
8,complete,1.0,110
8,complete,1.0,133
8,complete,1.0,42
8,complete,1.0,70
8,complete,1.0,349
8,complete,1.0,72
8,complete,1.0,145
8,complete,1.0,164
8,complete,1.0,216
8,complete,1.0,52
8,complete,1.0,58
8,complete,1.0,175
8,complete,1.0,197
8,complete,1.0,170
8,complete,0.0,272
8,complete,1.0,74
8,complete,1.0,65
8,complete,1.0,84
8,complete,1.0,139
8,complete,1.0,131
8,complete,1.0,64
8,complete,1.0,99
8,complete,1.0,48
8,complete,0.0,54
8,complete,1.0,217
8,complete,1.0,268
8,complete,1.0,409
8,complete,1.0,65
8,complete,1.0,157
8,complete,1.0,125
8,complete,1.0,413
8,complete,1.0,68
8,complete,1.0,88
8,complete,1.0,175
8,complete,1.0,169
8,complete,1.0,48
8,complete,1.0,143
8,complete,1.0,96
8,complete,1.0,360
8,complete,1.0,89
8,complete,1.0,90
8,complete,1.0,129
8,complete,1.0,34
8,complete,1.0,83
8,complete,1.0,172
8,complete,1.0,108
8,complete,1.0,103
8,complete,1.0,209
8,complete,1.0,95
8,complete,1.0,169
8,complete,0.0,240
8,complete,1.0,169
8,complete,1.0,167
8,complete,1.0,283
8,complete,1.0,221
8,complete,1.0,90
8,complete,1.0,128
8,complete,1.0,58
8,complete,1.0,137
8,complete,1.0,230
8,complete,1.0,103
8,complete,1.0,364
8,complete,1.0,30
8,complete,1.0,130
8,complete,1.0,63
8,complete,1.0,62
8,complete,1.0,77
8,complete,1.0,51
8,complete,1.0,135
8,complete,1.0,27
8,complete,1.0,125
8,complete,0.0,24
8,complete,1.0,224
8,complete,1.0,99
8,complete,1.0,134
8,complete,1.0,206
8,complete,1.0,99
8,complete,1.0,201
8,complete,1.0,85
8,complete,1.0,52
8,complete,1.0,158
8,complete,1.0,100
8,complete,0.0,73
8,complete,1.0,56
8,complete,1.0,230
8,complete,1.0,128
8,complete,1.0,63
8,complete,1.0,119
8,complete,1.0,158
8,complete,1.0,116
8,complete,1.0,139
8,complete,1.0,114
8,complete,1.0,110
8,complete,1.0,39
8,complete,1.0,74
8,complete,1.0,107
8,complete,1.0,121
8,complete,1.0,77
8,complete,1.0,104
8,complete,1.0,254
8,complete,0.0,121
8,complete,1.0,193
8,complete,1.0,81
8,complete,1.0,166
8,complete,1.0,55
8,complete,1.0,56
8,complete,1.0,221
8,complete,0.0,42
8,complete,1.0,120
8,complete,0.0,21
8,complete,1.0,87
8,complete,1.0,166
8,complete,1.0,99
8,complete,1.0,94
8,complete,1.0,55
8,complete,1.0,141
8,complete,1.0,287
8,complete,1.0,198
8,complete,1.0,235
8,complete,1.0,322
8,complete,1.0,79
8,complete,1.0,260
8,complete,1.0,132
8,complete,1.0,142
8,complete,1.0,91
8,complete,1.0,138
8,complete,1.0,379
8,complete,1.0,124
8,complete,0.0,245
8,complete,1.0,44
8,complete,1.0,99
8,complete,1.0,301
8,complete,1.0,290
8,complete,0.0,61
8,complete,1.0,263
8,complete,0.0,26
8,complete,1.0,101
8,complete,1.0,315
8,complete,1.0,168
8,complete,1.0,28
8,complete,1.0,44
8,complete,1.0,119
8,complete,1.0,62
8,complete,1.0,254
8,complete,1.0,199
8,complete,1.0,134
8,complete,1.0,100
8,complete,1.0,180
8,complete,1.0,171
8,complete,1.0,43
8,complete,1.0,81
8,complete,1.0,144
8,complete,1.0,53
8,complete,1.0,104
8,complete,1.0,69
8,complete,1.0,101
8,complete,1.0,161
8,complete,1.0,31
8,complete,1.0,158
8,complete,1.0,330
8,complete,1.0,93
8,complete,1.0,293
8,complete,1.0,177
8,complete,0.0,90
8,complete,1.0,93
8,complete,1.0,244
8,complete,1.0,122
8,complete,0.0,11
8,complete,1.0,138
8,complete,1.0,126
8,complete,1.0,151
8,complete,1.0,241
8,complete,1.0,231
8,complete,1.0,157
8,complete,1.0,128
8,complete,1.0,100
8,complete,1.0,77
8,complete,1.0,131
8,complete,1.0,83
8,complete,1.0,253
8,complete,1.0,205
8,complete,1.0,242
8,complete,1.0,196
8,complete,1.0,162
8,complete,1.0,127
8,complete,1.0,151
8,complete,1.0,142
8,complete,1.0,287
8,complete,1.0,168
8,complete,0.0,16
8,complete,1.0,105
8,complete,0.0,75
8,complete,1.0,307
8,complete,1.0,82
8,complete,1.0,160
8,complete,1.0,302
8,complete,1.0,159
8,complete,1.0,327
8,complete,1.0,100
8,complete,1.0,192
8,complete,1.0,63
8,complete,1.0,234
8,complete,1.0,144
8,complete,1.0,132
8,complete,1.0,210
8,complete,1.0,180
8,complete,1.0,83
8,complete,0.0,6
8,complete,1.0,217
8,complete,0.0,1
8,complete,1.0,126
8,complete,0.0,60
8,complete,1.0,93
8,complete,1.0,91
8,complete,1.0,142
8,complete,1.0,157
8,complete,1.0,248
8,complete,1.0,94
8,complete,1.0,101
8,complete,1.0,70
8,complete,1.0,276
8,complete,1.0,75
8,complete,1.0,62
8,complete,1.0,124
8,complete,1.0,39
8,complete,1.0,184
8,complete,1.0,174
8,complete,0.0,304
8,complete,1.0,117
8,complete,0.0,15
8,complete,1.0,72
8,complete,1.0,111
8,complete,1.0,173
8,complete,1.0,516
8,complete,1.0,58
8,complete,0.0,204
8,complete,0.0,6
8,complete,1.0,108
8,complete,1.0,49
8,complete,1.0,207
8,complete,1.0,104
8,complete,1.0,45
8,complete,1.0,95
8,complete,1.0,98
8,complete,1.0,107
8,complete,1.0,322
8,complete,1.0,129
8,complete,1.0,94
8,complete,1.0,108
8,complete,1.0,100
8,complete,1.0,138
8,complete,1.0,163
8,complete,0.0,140
8,complete,1.0,131
8,complete,0.0,6
8,complete,1.0,226
8,complete,1.0,138
8,complete,1.0,87
8,complete,1.0,87
8,complete,1.0,67
8,complete,1.0,123
8,complete,1.0,55
8,complete,1.0,255
8,complete,1.0,157
8,complete,0.0,53
8,complete,1.0,88
8,complete,1.0,132
8,complete,1.0,69
8,complete,1.0,67
8,complete,1.0,204
8,complete,1.0,283
8,complete,1.0,158
8,complete,0.0,134
8,complete,1.0,444
8,complete,1.0,169
8,complete,1.0,67
8,complete,1.0,125
8,complete,1.0,79
8,complete,1.0,87
8,complete,1.0,129
8,complete,0.0,56
8,complete,1.0,159
8,complete,1.0,56
8,complete,1.0,189
8,complete,1.0,109
8,complete,1.0,60
8,complete,1.0,144
8,complete,1.0,152
8,complete,1.0,262
8,complete,1.0,51
8,complete,1.0,72
8,complete,1.0,356
8,complete,1.0,125
8,complete,1.0,154
8,complete,1.0,124
8,complete,1.0,62
8,complete,0.0,11
8,complete,0.0,35
8,complete,1.0,183
8,complete,1.0,242
8,complete,1.0,71
8,complete,1.0,98
8,complete,1.0,93
8,complete,0.0,248
8,complete,1.0,96
8,complete,0.0,23
8,complete,1.0,181
8,complete,0.0,13
8,complete,1.0,330
8,complete,1.0,200
8,complete,1.0,182
8,complete,1.0,95
8,complete,1.0,157
8,complete,1.0,160
8,complete,1.0,139
8,complete,1.0,76
8,complete,1.0,179
8,complete,1.0,180
8,complete,1.0,83
8,complete,1.0,110
8,complete,1.0,113
8,complete,1.0,124
8,complete,1.0,108
8,complete,1.0,84
8,complete,1.0,46
8,complete,1.0,96
8,complete,1.0,45
8,complete,0.0,23
8,complete,1.0,69
8,complete,1.0,84
8,complete,1.0,182
8,complete,1.0,117
8,complete,1.0,307
8,complete,1.0,182
8,complete,0.0,94
8,complete,1.0,91
8,complete,1.0,40
8,complete,1.0,97
8,complete,1.0,149
8,complete,0.0,89
8,complete,1.0,167
8,complete,1.0,143
8,complete,1.0,107
8,complete,1.0,414
8,complete,1.0,258
8,complete,1.0,264
8,complete,1.0,53
8,complete,1.0,300
8,complete,1.0,220
8,complete,1.0,71
8,complete,1.0,270
8,complete,1.0,107
8,complete,1.0,132
8,complete,1.0,86
8,complete,0.0,12
8,complete,1.0,36
8,complete,1.0,214
8,complete,1.0,62
8,complete,0.0,19
8,complete,1.0,123
8,complete,1.0,73
8,complete,1.0,96
8,complete,0.0,100
8,complete,1.0,368
8,complete,1.0,112
8,complete,1.0,162
8,complete,1.0,130
8,complete,1.0,143
8,complete,1.0,78
8,complete,1.0,95
8,complete,1.0,247
8,complete,1.0,157
8,complete,1.0,71
8,complete,0.0,934
8,complete,1.0,86
8,complete,1.0,230
8,complete,1.0,76
8,complete,1.0,95
8,complete,1.0,154
8,complete,1.0,158
8,complete,1.0,364
8,complete,1.0,133
8,complete,1.0,63
8,complete,1.0,77
8,complete,1.0,55
8,complete,1.0,105
8,complete,1.0,94
8,complete,1.0,144
8,complete,1.0,123
8,complete,1.0,77
8,complete,0.0,97
8,complete,1.0,130
8,complete,1.0,359
8,complete,1.0,68
8,complete,0.0,85
8,complete,1.0,109
8,complete,1.0,286
8,complete,1.0,106
8,complete,1.0,232
8,complete,1.0,89
8,complete,1.0,132
8,complete,1.0,153
8,complete,1.0,69
8,complete,1.0,111
8,complete,1.0,116
8,complete,1.0,265
8,complete,0.0,63
8,complete,1.0,117
8,complete,1.0,204
8,complete,0.0,28
8,complete,1.0,44
8,complete,1.0,77
8,complete,0.0,60
8,complete,1.0,290
8,complete,1.0,267
8,complete,1.0,45
8,complete,1.0,115
8,complete,1.0,199
8,complete,1.0,182
8,complete,1.0,771
8,complete,1.0,55
8,complete,1.0,215
8,complete,1.0,192
8,complete,1.0,103
8,complete,1.0,309
8,complete,0.0,20
8,complete,1.0,267
8,complete,1.0,102
8,complete,1.0,132
8,complete,1.0,199
8,complete,1.0,60
8,complete,0.0,47
8,complete,1.0,148
8,complete,1.0,37
8,complete,1.0,43
8,complete,1.0,156
8,complete,1.0,113
8,complete,1.0,128
8,complete,1.0,62
8,complete,1.0,224
8,complete,1.0,130
8,complete,1.0,84
8,complete,1.0,48
8,complete,1.0,57
8,complete,1.0,68
8,complete,1.0,145
8,complete,1.0,129
8,complete,1.0,196
8,complete,1.0,73
8,complete,1.0,125
8,complete,1.0,146
8,complete,1.0,265
8,complete,1.0,60
8,complete,1.0,227
8,complete,1.0,78
8,complete,1.0,191
8,complete,0.0,135
8,complete,1.0,615
8,complete,1.0,108
8,complete,1.0,393
8,complete,1.0,181
8,complete,1.0,29
8,complete,1.0,103
8,complete,1.0,117
8,complete,1.0,132
8,complete,1.0,117
8,complete,1.0,110
8,complete,1.0,87
8,complete,1.0,62
8,complete,1.0,200
8,complete,1.0,57
8,complete,1.0,98
8,complete,1.0,433
8,complete,1.0,109
8,complete,0.0,68
8,complete,1.0,71
8,complete,1.0,82
8,complete,1.0,52
8,complete,1.0,190
8,complete,1.0,128
8,complete,1.0,119
8,complete,1.0,58
8,complete,1.0,73
8,complete,1.0,24
8,complete,1.0,177
8,complete,1.0,181
8,complete,0.0,21
8,complete,0.0,6
8,complete,1.0,366
8,complete,1.0,78
8,complete,1.0,161
8,complete,1.0,124
8,complete,1.0,148
8,complete,1.0,167
8,complete,1.0,82
8,complete,1.0,92
8,complete,1.0,129
8,complete,1.0,501
8,complete,1.0,80
8,complete,1.0,280
8,complete,1.0,49
8,complete,1.0,215
8,complete,1.0,219
8,complete,1.0,61
8,complete,0.0,82
8,complete,1.0,46
8,complete,1.0,256
8,complete,1.0,369
8,complete,1.0,360
8,complete,1.0,125
8,complete,1.0,69
8,complete,1.0,100
8,complete,1.0,93
8,complete,1.0,211
8,complete,1.0,40
8,complete,1.0,127
8,complete,1.0,120
8,complete,1.0,150
8,complete,1.0,130
8,complete,1.0,158
8,complete,0.0,141
8,complete,1.0,99
8,complete,1.0,304
8,complete,1.0,59
8,complete,1.0,289
8,complete,1.0,469
8,complete,1.0,108
8,complete,1.0,203
8,complete,1.0,330
8,complete,1.0,179
8,complete,0.0,86
8,complete,1.0,560
8,complete,1.0,73
8,complete,1.0,143
8,complete,1.0,231
8,complete,1.0,97
8,complete,1.0,104
8,complete,1.0,46
8,complete,1.0,100
8,complete,1.0,193
8,complete,1.0,41
8,complete,0.0,11
8,complete,1.0,115
8,complete,1.0,116
8,complete,1.0,105
8,complete,1.0,112
8,complete,1.0,164
8,complete,1.0,67
8,complete,1.0,169
8,complete,1.0,73
8,complete,1.0,161
8,complete,1.0,143
8,complete,1.0,333
8,complete,1.0,254
8,complete,0.0,1
8,complete,0.0,41
8,complete,1.0,98
8,complete,0.0,26
8,complete,1.0,134
8,complete,1.0,126
8,complete,1.0,82
8,complete,1.0,237
8,complete,1.0,121
8,complete,1.0,122
8,complete,1.0,153
8,complete,1.0,170
8,complete,1.0,98
8,complete,1.0,51
8,complete,1.0,98
8,complete,1.0,124
8,complete,1.0,152
8,complete,1.0,37
8,complete,1.0,108
8,complete,0.0,29
8,complete,1.0,161
8,complete,1.0,91
8,complete,0.0,213
8,complete,1.0,72
8,complete,1.0,189
8,complete,1.0,84
8,complete,1.0,148
8,complete,1.0,164
8,complete,1.0,21
8,complete,1.0,81
8,complete,1.0,254
8,complete,1.0,217
8,complete,1.0,75
8,complete,1.0,70
8,complete,1.0,197
8,complete,1.0,82
8,complete,1.0,86
8,complete,1.0,241
8,complete,1.0,106
8,complete,1.0,176
8,complete,1.0,105
8,complete,0.0,72
8,complete,1.0,63
8,complete,1.0,169
8,complete,0.0,229
8,complete,1.0,116
8,complete,1.0,54
8,complete,1.0,84
8,complete,0.0,16
8,complete,1.0,160
8,complete,1.0,168
8,complete,0.0,47
8,complete,1.0,63
8,complete,1.0,80
8,complete,1.0,73
8,complete,1.0,130
8,complete,1.0,67
8,complete,1.0,81
8,complete,1.0,87
8,complete,1.0,169
8,complete,1.0,175
8,complete,1.0,183
8,complete,1.0,40
8,complete,1.0,32
8,complete,1.0,306
8,complete,1.0,124
8,complete,1.0,184
8,complete,1.0,121
8,complete,1.0,125
8,complete,1.0,211
8,complete,0.0,49
8,complete,1.0,99
8,complete,1.0,97
8,complete,1.0,184
8,complete,1.0,79
8,complete,1.0,115
8,complete,1.0,66
8,complete,1.0,92
8,complete,1.0,147
8,complete,1.0,334
8,complete,1.0,99
8,complete,1.0,61
8,complete,1.0,253
8,complete,1.0,209
8,complete,1.0,112
8,complete,0.0,21
8,complete,1.0,222
8,complete,1.0,136
8,complete,1.0,140
8,complete,1.0,114
8,complete,1.0,153
8,complete,1.0,63
8,complete,1.0,134
8,complete,1.0,101
8,complete,1.0,103
8,complete,1.0,262
8,complete,1.0,60
8,complete,1.0,53
8,complete,1.0,149
8,complete,0.0,34
8,complete,1.0,276
8,complete,1.0,68
8,complete,0.0,90
8,complete,1.0,221
8,complete,1.0,106
8,complete,1.0,82
8,complete,1.0,123
8,complete,1.0,147
8,complete,1.0,53
8,complete,1.0,195
8,complete,1.0,185
8,complete,1.0,137
8,complete,1.0,275
8,complete,1.0,88
8,complete,0.0,128
8,complete,1.0,235
8,complete,1.0,182
8,complete,1.0,109
8,complete,1.0,90
8,complete,1.0,120
8,complete,1.0,134
8,complete,1.0,245
8,complete,1.0,132
8,complete,1.0,230
8,complete,0.0,1
8,complete,1.0,196
8,complete,1.0,384
8,complete,1.0,461
8,complete,1.0,167
8,complete,1.0,126
8,complete,1.0,128
8,complete,0.0,22
8,complete,1.0,150
8,complete,1.0,115
8,complete,1.0,64
8,complete,1.0,137
8,complete,1.0,150
8,complete,1.0,138
8,complete,1.0,97
8,complete,1.0,232
8,complete,1.0,213
8,complete,1.0,313
8,complete,1.0,118
8,complete,1.0,82
8,complete,1.0,104
8,complete,1.0,431
8,complete,1.0,66
8,complete,1.0,99
8,complete,1.0,107
8,complete,1.0,36
8,complete,1.0,114
8,complete,0.0,31
8,complete,1.0,29
8,complete,1.0,160
8,complete,0.0,101
8,complete,1.0,129
8,complete,1.0,58
8,complete,1.0,61
8,complete,1.0,42
8,complete,1.0,104
8,complete,1.0,151
8,complete,0.0,3
8,complete,1.0,98
8,complete,0.0,36
8,complete,1.0,39
8,complete,1.0,102
8,complete,1.0,185
8,complete,1.0,94
8,complete,0.0,71
8,complete,1.0,393
8,complete,1.0,75
8,complete,0.0,174
8,complete,1.0,173
8,complete,1.0,161
8,complete,1.0,336
8,complete,1.0,149
8,complete,1.0,141
9,cycle,1.0,1289
9,cycle,0.0,20
9,cycle,1.0,1634
9,cycle,1.0,1068
9,cycle,1.0,906
9,cycle,1.0,1620
9,cycle,1.0,1032
9,cycle,1.0,555
9,cycle,0.0,29
9,cycle,1.0,1205
9,cycle,1.0,718
9,cycle,1.0,582
9,cycle,1.0,681
9,cycle,1.0,1489
9,cycle,0.0,22
9,cycle,1.0,410
9,cycle,1.0,359
9,cycle,0.0,11
9,cycle,1.0,651
9,cycle,1.0,1108
9,cycle,1.0,460
9,cycle,1.0,1021
9,cycle,1.0,276
9,cycle,1.0,745
9,cycle,1.0,717
9,cycle,1.0,471
9,cycle,1.0,297
9,cycle,1.0,457
9,cycle,1.0,763
9,cycle,1.0,907
9,cycle,1.0,1175
9,cycle,0.0,239
9,cycle,1.0,939
9,cycle,1.0,2140
9,cycle,1.0,406
9,cycle,1.0,741
9,cycle,1.0,451
9,cycle,1.0,1006
9,cycle,1.0,989
9,cycle,1.0,495
9,cycle,1.0,769
9,cycle,1.0,901
9,cycle,1.0,273
9,cycle,1.0,505
9,cycle,1.0,1035
9,cycle,1.0,368
9,cycle,1.0,515
9,cycle,1.0,641
9,cycle,1.0,367
9,cycle,1.0,1537
9,cycle,1.0,1293
9,cycle,1.0,119
9,cycle,1.0,352
9,cycle,1.0,1590
9,cycle,1.0,383
9,cycle,1.0,723
9,cycle,1.0,1443
9,cycle,1.0,527
9,cycle,1.0,898
9,cycle,1.0,814
9,cycle,0.0,16
9,cycle,1.0,644
9,cycle,1.0,586
9,cycle,1.0,1107
9,cycle,1.0,734
9,cycle,1.0,469
9,cycle,1.0,511
9,cycle,1.0,724
9,cycle,1.0,938
9,cycle,1.0,965
9,cycle,1.0,941
9,cycle,1.0,832
9,cycle,1.0,492
9,cycle,1.0,640
9,cycle,1.0,531
9,cycle,1.0,349
9,cycle,1.0,982
9,cycle,1.0,810
9,cycle,1.0,948
9,cycle,1.0,407
9,cycle,1.0,931
9,cycle,1.0,992
9,cycle,1.0,752
9,cycle,1.0,901
9,cycle,1.0,737
9,cycle,0.0,188
9,cycle,1.0,494
9,cycle,1.0,931
9,cycle,1.0,419
9,cycle,0.0,89
9,cycle,1.0,564
9,cycle,1.0,742
9,cycle,1.0,1424
9,cycle,1.0,996
9,cycle,1.0,179
9,cycle,1.0,1484
9,cycle,1.0,317
9,cycle,1.0,669
9,cycle,1.0,592
9,cycle,1.0,512
9,cycle,1.0,568
9,cycle,1.0,1636
9,cycle,1.0,125
9,cycle,1.0,807
9,cycle,1.0,1028
9,cycle,0.0,118
9,cycle,1.0,590
9,cycle,1.0,433
9,cycle,1.0,1080
9,cycle,1.0,890
9,cycle,1.0,451
9,cycle,1.0,925
9,cycle,1.0,556
9,cycle,1.0,1258
9,cycle,1.0,926
9,cycle,1.0,1066
9,cycle,1.0,1303
9,cycle,1.0,535
9,cycle,1.0,786
9,cycle,1.0,563
9,cycle,0.0,158
9,cycle,1.0,517
9,cycle,1.0,613
9,cycle,1.0,589
9,cycle,1.0,1115
9,cycle,1.0,384
9,cycle,1.0,691
9,cycle,1.0,594
9,cycle,1.0,674
9,cycle,0.0,120
9,cycle,1.0,459
9,cycle,1.0,653
9,cycle,1.0,773
9,cycle,1.0,548
9,cycle,1.0,430
9,cycle,1.0,274
9,cycle,0.0,160
9,cycle,1.0,614
9,cycle,1.0,826
9,cycle,1.0,231
9,cycle,1.0,432
9,cycle,1.0,296
9,cycle,1.0,2287
9,cycle,1.0,377
9,cycle,1.0,769
9,cycle,1.0,1405
9,cycle,1.0,1020
9,cycle,1.0,471
9,cycle,1.0,1618
9,cycle,1.0,903
9,cycle,1.0,856
9,cycle,1.0,266
9,cycle,1.0,339
9,cycle,1.0,2127
9,cycle,1.0,2150
9,cycle,1.0,1169
9,cycle,1.0,1383
9,cycle,1.0,471
9,cycle,1.0,1370
9,cycle,1.0,616
9,cycle,1.0,1045
9,cycle,1.0,315
9,cycle,1.0,255
9,cycle,1.0,931
9,cycle,1.0,793
9,cycle,1.0,563
9,cycle,1.0,2052
9,cycle,1.0,1101
9,cycle,1.0,345
9,cycle,1.0,1033
9,cycle,1.0,1097
9,cycle,1.0,625
9,cycle,1.0,1117
9,cycle,1.0,1570
9,cycle,1.0,841
9,cycle,1.0,770
9,cycle,1.0,698
9,cycle,1.0,572
9,cycle,1.0,1204
9,cycle,1.0,327
9,cycle,1.0,883
9,cycle,1.0,375
9,cycle,1.0,1870
9,cycle,1.0,1363
9,cycle,1.0,742
9,cycle,1.0,1111
9,cycle,0.0,43
9,cycle,1.0,1297
9,cycle,1.0,737
9,cycle,1.0,889
9,cycle,1.0,507
9,cycle,1.0,622
9,cycle,1.0,472
9,cycle,1.0,276
9,cycle,1.0,840
9,cycle,1.0,889
9,cycle,1.0,943
9,cycle,1.0,1801
9,cycle,1.0,703
9,cycle,1.0,383
9,cycle,1.0,498
9,cycle,1.0,384
9,cycle,1.0,517
9,cycle,1.0,1223
9,cycle,1.0,564
9,cycle,1.0,309
9,cycle,1.0,535
9,cycle,1.0,873
9,cycle,1.0,1303
9,cycle,1.0,864
9,cycle,1.0,547
9,cycle,1.0,771
9,cycle,1.0,257
9,cycle,1.0,971
9,cycle,1.0,639
9,cycle,1.0,524
9,cycle,1.0,230
9,cycle,1.0,562
9,cycle,1.0,261
9,cycle,1.0,1184
9,cycle,1.0,713
9,cycle,1.0,469
9,cycle,1.0,642
9,cycle,1.0,836
9,cycle,1.0,377
9,cycle,1.0,1230
9,cycle,1.0,595
9,cycle,1.0,1267
9,cycle,1.0,501
9,cycle,1.0,349
9,cycle,0.0,43
9,cycle,1.0,655
9,cycle,1.0,1185
9,cycle,1.0,852
9,cycle,1.0,340
9,cycle,1.0,652
9,cycle,0.0,152
9,cycle,1.0,1362
9,cycle,1.0,390
9,cycle,1.0,1979
9,cycle,1.0,828
9,cycle,1.0,618
9,cycle,1.0,609
9,cycle,1.0,818
9,cycle,1.0,306
9,cycle,1.0,687
9,cycle,1.0,1128
9,cycle,1.0,320
9,cycle,1.0,617
9,cycle,1.0,1387
9,cycle,1.0,874
9,cycle,1.0,360
9,cycle,1.0,458
9,cycle,1.0,1417
9,cycle,1.0,297
9,cycle,1.0,375
9,cycle,1.0,1559
9,cycle,1.0,1519
9,cycle,1.0,285
9,cycle,1.0,680
9,cycle,1.0,310
9,cycle,1.0,987
9,cycle,1.0,1165
9,cycle,1.0,1075
9,cycle,1.0,1208
9,cycle,1.0,910
9,cycle,0.0,42
9,cycle,1.0,976
9,cycle,1.0,1287
9,cycle,1.0,402
9,cycle,1.0,353
9,cycle,1.0,932
9,cycle,1.0,524
9,cycle,1.0,603
9,cycle,1.0,1184
9,cycle,1.0,577
9,cycle,1.0,1423
9,cycle,1.0,1291
9,cycle,1.0,1459
9,cycle,1.0,748
9,cycle,1.0,1176
9,cycle,1.0,326
9,cycle,0.0,604
9,cycle,1.0,1593
9,cycle,1.0,328
9,cycle,1.0,520
9,cycle,1.0,787
9,cycle,0.0,42
9,cycle,1.0,935
9,cycle,1.0,2092
9,cycle,1.0,1056
9,cycle,1.0,750
9,cycle,1.0,668
9,cycle,1.0,906
9,cycle,1.0,1471
9,cycle,1.0,475
9,cycle,1.0,453
9,cycle,1.0,404
9,cycle,1.0,833
9,cycle,1.0,1252
9,cycle,1.0,720
9,cycle,1.0,1135
9,cycle,1.0,2147
9,cycle,1.0,246
9,cycle,1.0,383
9,cycle,1.0,1054
9,cycle,1.0,352
9,cycle,1.0,783
9,cycle,1.0,205
9,cycle,1.0,1705
9,cycle,1.0,568
9,cycle,1.0,434
9,cycle,1.0,809
9,cycle,1.0,1005
9,cycle,1.0,865
9,cycle,1.0,1396
9,cycle,1.0,754
9,cycle,1.0,501
9,cycle,1.0,506
9,cycle,1.0,727
9,cycle,1.0,651
9,cycle,1.0,824
9,cycle,1.0,930
9,cycle,1.0,1515
9,cycle,1.0,362
9,cycle,1.0,551
9,cycle,1.0,270
9,cycle,1.0,1066
9,cycle,1.0,587
9,cycle,1.0,1443
9,cycle,1.0,291
9,cycle,1.0,1743
9,cycle,1.0,423
9,cycle,1.0,480
9,cycle,1.0,786
9,cycle,1.0,673
9,cycle,1.0,299
9,cycle,1.0,158
9,cycle,1.0,318
9,cycle,1.0,782
9,cycle,1.0,970
9,cycle,1.0,481
9,cycle,1.0,642
9,cycle,1.0,1900
9,cycle,1.0,1723
9,cycle,1.0,567
9,cycle,1.0,1188
9,cycle,1.0,1167
9,cycle,1.0,407
9,cycle,1.0,912
9,cycle,1.0,742
9,cycle,1.0,970
9,cycle,1.0,441
9,cycle,1.0,417
9,cycle,1.0,747
9,cycle,1.0,667
9,cycle,1.0,248
9,cycle,1.0,538
9,cycle,1.0,411
9,cycle,1.0,1422
9,cycle,1.0,1232
9,cycle,1.0,270
9,cycle,1.0,357
9,cycle,1.0,1183
9,cycle,0.0,4
9,cycle,1.0,752
9,cycle,1.0,545
9,cycle,1.0,420
9,cycle,1.0,1502
9,cycle,1.0,470
9,cycle,1.0,311
9,cycle,1.0,406
9,cycle,1.0,297
9,cycle,1.0,827
9,cycle,1.0,482
9,cycle,1.0,946
9,cycle,1.0,801
9,cycle,1.0,667
9,cycle,1.0,356
9,cycle,1.0,388
9,cycle,1.0,1792
9,cycle,1.0,745
9,cycle,1.0,602
9,cycle,1.0,682
9,cycle,1.0,1092
9,cycle,1.0,735
9,cycle,1.0,1222
9,cycle,1.0,1909
9,cycle,1.0,932
9,cycle,1.0,765
9,cycle,1.0,1742
9,cycle,1.0,1547
9,cycle,1.0,467
9,cycle,1.0,367
9,cycle,1.0,595
9,cycle,1.0,419
9,cycle,1.0,873
9,cycle,1.0,898
9,cycle,1.0,830
9,cycle,1.0,502
9,cycle,1.0,759
9,cycle,1.0,1632
9,cycle,1.0,263
9,cycle,1.0,1643
9,cycle,1.0,775
9,cycle,1.0,1691
9,cycle,1.0,949
9,cycle,1.0,431
9,cycle,1.0,884
9,cycle,1.0,677
9,cycle,1.0,740
9,cycle,1.0,1610
9,cycle,1.0,1044
9,cycle,1.0,599
9,cycle,1.0,919
9,cycle,1.0,1190
9,cycle,1.0,1665
9,cycle,1.0,1050
9,cycle,1.0,809
9,cycle,0.0,50
9,cycle,1.0,1104
9,cycle,1.0,550
9,cycle,1.0,311
9,cycle,1.0,568
9,cycle,0.0,13
9,cycle,1.0,1331
9,cycle,1.0,1094
9,cycle,1.0,480
9,cycle,1.0,315
9,cycle,1.0,809
9,cycle,1.0,1202
9,cycle,1.0,1261
9,cycle,1.0,657
9,cycle,1.0,827
9,cycle,1.0,758
9,cycle,1.0,1423
9,cycle,1.0,539
9,cycle,0.0,40
9,cycle,1.0,699
9,cycle,1.0,479
9,cycle,1.0,582
9,cycle,0.0,43
9,cycle,1.0,560
9,cycle,1.0,930
9,cycle,1.0,476
9,cycle,1.0,597
9,cycle,1.0,681
9,cycle,1.0,561
9,cycle,1.0,332
9,cycle,1.0,1118
9,cycle,1.0,648
9,cycle,1.0,798
9,cycle,1.0,763
9,cycle,1.0,800
9,cycle,0.0,23
9,cycle,1.0,1485
9,cycle,1.0,1374
9,cycle,1.0,826
9,cycle,1.0,790
9,cycle,1.0,2336
9,cycle,1.0,248
9,cycle,1.0,1212
9,cycle,1.0,2654
9,cycle,1.0,645
9,cycle,1.0,906
9,cycle,1.0,1421
9,cycle,1.0,874
9,cycle,1.0,1872
9,cycle,1.0,657
9,cycle,1.0,562
9,cycle,1.0,609
9,cycle,1.0,803
9,cycle,1.0,468
9,cycle,1.0,412
9,cycle,1.0,320
9,cycle,1.0,431
9,cycle,1.0,378
9,cycle,1.0,1533
9,cycle,1.0,874
9,cycle,1.0,1351
9,cycle,1.0,1454
9,cycle,1.0,1031
9,cycle,1.0,1151
9,cycle,1.0,1329
9,cycle,1.0,1361
9,cycle,0.0,165
9,cycle,1.0,1427
9,cycle,0.0,16
9,cycle,1.0,435
9,cycle,1.0,529
9,cycle,1.0,376
9,cycle,1.0,290
9,cycle,1.0,2138
9,cycle,1.0,622
9,cycle,1.0,742
9,cycle,1.0,425
9,cycle,1.0,681
9,cycle,1.0,564
9,cycle,1.0,458
9,cycle,1.0,457
9,cycle,1.0,321
9,cycle,1.0,896
9,cycle,1.0,421
9,cycle,1.0,606
9,cycle,1.0,1416
9,cycle,1.0,436
9,cycle,1.0,993
9,cycle,1.0,1147
9,cycle,1.0,1380
9,cycle,1.0,537
9,cycle,1.0,469
9,cycle,1.0,932
9,cycle,1.0,2204
9,cycle,1.0,859
9,cycle,1.0,1248
9,cycle,1.0,1212
9,cycle,1.0,364
9,cycle,1.0,783
9,cycle,1.0,725
9,cycle,1.0,663
9,cycle,1.0,1628
9,cycle,1.0,957
9,cycle,0.0,262
9,cycle,1.0,1080
9,cycle,1.0,716
9,cycle,1.0,410
9,cycle,1.0,444
9,cycle,1.0,723
9,cycle,1.0,338
9,cycle,1.0,526
9,cycle,1.0,310
9,cycle,1.0,738
9,cycle,1.0,727
9,cycle,1.0,758
9,cycle,1.0,1286
9,cycle,1.0,888
9,cycle,1.0,2012
9,cycle,1.0,527
9,cycle,1.0,454
9,cycle,1.0,755
9,cycle,1.0,1235
9,cycle,1.0,617
9,cycle,1.0,294
9,cycle,1.0,1611
9,cycle,1.0,981
9,cycle,1.0,602
9,cycle,1.0,422
9,cycle,1.0,377
9,cycle,1.0,504
9,cycle,1.0,534
9,cycle,1.0,1287
9,cycle,1.0,1461
9,cycle,1.0,896
9,cycle,1.0,938
9,cycle,1.0,972
9,cycle,1.0,863
9,cycle,1.0,364
9,cycle,1.0,1201
9,cycle,1.0,520
9,cycle,1.0,886
9,cycle,1.0,495
9,cycle,1.0,1295
9,cycle,1.0,649
9,cycle,1.0,264
9,cycle,1.0,748
9,cycle,1.0,233
9,cycle,1.0,672
9,cycle,1.0,743
9,cycle,1.0,1071
9,cycle,1.0,467
9,cycle,1.0,1357
9,cycle,1.0,1524
9,cycle,1.0,802
9,cycle,1.0,398
9,cycle,0.0,61
9,cycle,1.0,305
9,cycle,1.0,523
9,cycle,1.0,676
9,cycle,1.0,540
9,cycle,1.0,892
9,cycle,1.0,443
9,cycle,1.0,581
9,cycle,1.0,562
9,cycle,1.0,752
9,cycle,1.0,977
9,cycle,1.0,1233
9,cycle,1.0,539
9,cycle,1.0,342
9,cycle,1.0,1356
9,cycle,1.0,817
9,cycle,1.0,586
9,cycle,1.0,1002
9,cycle,1.0,429
9,cycle,1.0,712
9,cycle,1.0,292
9,cycle,1.0,351
9,cycle,1.0,1236
9,cycle,1.0,1070
9,cycle,1.0,713
9,cycle,1.0,560
9,cycle,1.0,625
9,cycle,1.0,343
9,cycle,1.0,592
9,cycle,1.0,1015
9,cycle,1.0,578
9,cycle,1.0,878
9,cycle,1.0,685
9,cycle,1.0,456
9,cycle,1.0,955
9,cycle,1.0,714
9,cycle,1.0,1364
9,cycle,1.0,823
9,cycle,1.0,2535
9,cycle,1.0,1360
9,cycle,1.0,732
9,cycle,1.0,678
9,cycle,1.0,242
9,cycle,1.0,1441
9,cycle,1.0,1067
9,cycle,1.0,987
9,cycle,1.0,332
9,cycle,1.0,577
9,cycle,1.0,399
9,cycle,1.0,750
9,cycle,1.0,333
9,cycle,1.0,775
9,cycle,1.0,811
9,cycle,1.0,839
9,cycle,1.0,1228
9,cycle,1.0,790
9,cycle,1.0,1283
9,cycle,1.0,1339
9,cycle,1.0,261
9,cycle,1.0,642
9,cycle,1.0,676
9,cycle,1.0,572
9,cycle,1.0,543
9,cycle,0.0,314
9,cycle,1.0,283
9,cycle,1.0,461
9,cycle,1.0,1937
9,cycle,1.0,212
9,cycle,1.0,1241
9,cycle,1.0,307
9,cycle,1.0,786
9,cycle,1.0,532
9,cycle,1.0,608
9,cycle,1.0,2488
9,cycle,1.0,807
9,cycle,1.0,1886
9,cycle,1.0,908
9,cycle,1.0,725
9,cycle,1.0,437
9,cycle,1.0,520
9,cycle,1.0,936
9,cycle,1.0,1788
9,cycle,0.0,40
9,cycle,1.0,1805
9,cycle,1.0,1015
9,cycle,1.0,443
9,cycle,1.0,490
9,cycle,1.0,896
9,cycle,1.0,382
9,cycle,1.0,997
9,cycle,1.0,1074
9,cycle,1.0,1178
9,cycle,0.0,147
9,cycle,1.0,247
9,cycle,1.0,502
9,cycle,1.0,242
9,cycle,1.0,309
9,cycle,0.0,480
9,cycle,1.0,709
9,cycle,1.0,178
9,cycle,1.0,543
9,cycle,1.0,430
9,cycle,1.0,186
9,cycle,0.0,78
9,cycle,1.0,617
9,cycle,1.0,360
9,cycle,1.0,356
9,cycle,1.0,916
9,cycle,1.0,2269
9,cycle,1.0,482
9,cycle,1.0,351
9,cycle,1.0,1220
9,cycle,1.0,2318
9,cycle,1.0,1656
9,cycle,1.0,470
9,cycle,1.0,410
9,cycle,1.0,621
9,cycle,1.0,387
9,cycle,1.0,303
9,cycle,1.0,783
9,cycle,1.0,641
9,cycle,1.0,675
9,cycle,1.0,464
9,cycle,1.0,924
9,cycle,0.0,20
9,cycle,1.0,1482
9,cycle,1.0,1060
9,cycle,1.0,526
9,cycle,1.0,1245
9,cycle,1.0,1290
9,cycle,1.0,1212
9,cycle,1.0,973
9,cycle,1.0,451
9,cycle,1.0,385
9,cycle,1.0,1085
9,cycle,1.0,539
9,cycle,1.0,1544
9,cycle,1.0,254
9,cycle,1.0,606
9,cycle,1.0,1302
9,cycle,1.0,506
9,cycle,1.0,1876
9,cycle,1.0,618
9,cycle,1.0,1155
9,cycle,1.0,927
9,cycle,1.0,1147
9,cycle,1.0,850
9,cycle,1.0,528
9,cycle,1.0,941
9,cycle,1.0,851
9,cycle,1.0,545
9,cycle,1.0,990
9,cycle,1.0,541
9,cycle,1.0,414
9,cycle,1.0,1495
9,cycle,1.0,584
9,cycle,1.0,1001
9,cycle,1.0,2177
9,cycle,1.0,1694
9,cycle,1.0,363
9,cycle,0.0,70
9,cycle,1.0,467
9,cycle,1.0,577
9,cycle,1.0,561
9,cycle,1.0,1255
9,cycle,1.0,1672
9,cycle,1.0,638
9,cycle,1.0,855
9,cycle,0.0,195
9,cycle,1.0,418
9,cycle,0.0,32
9,cycle,0.0,70
9,cycle,1.0,939
9,cycle,1.0,492
9,cycle,1.0,340
9,cycle,1.0,1693
9,cycle,1.0,498
9,cycle,1.0,521
9,cycle,1.0,839
9,cycle,1.0,371
9,cycle,1.0,1196
9,cycle,1.0,949
9,cycle,1.0,626
9,cycle,1.0,787
9,cycle,1.0,1032
9,cycle,1.0,776
9,cycle,1.0,518
9,cycle,1.0,770
9,cycle,1.0,419
9,cycle,1.0,1064
9,cycle,1.0,135
9,cycle,1.0,971
9,cycle,1.0,309
9,cycle,1.0,969
9,cycle,1.0,303
9,cycle,1.0,382
9,cycle,1.0,277
9,cycle,1.0,1310
9,cycle,1.0,282
9,cycle,1.0,888
9,cycle,1.0,658
9,cycle,1.0,1163
9,cycle,1.0,485
9,cycle,1.0,730
9,cycle,1.0,1629
9,cycle,1.0,500
9,cycle,1.0,574
9,cycle,1.0,216
9,cycle,1.0,703
9,cycle,1.0,702
9,cycle,1.0,483
9,cycle,1.0,564
9,cycle,1.0,674
9,cycle,1.0,1086
9,cycle,1.0,1438
9,cycle,1.0,773
9,cycle,1.0,1593
9,cycle,0.0,26
9,cycle,1.0,392
9,cycle,1.0,570
9,cycle,1.0,394
9,cycle,1.0,254
9,cycle,1.0,767
9,cycle,1.0,338
9,cycle,1.0,1229
9,cycle,1.0,700
9,cycle,1.0,867
9,cycle,1.0,1052
9,cycle,1.0,1424
9,cycle,1.0,808
9,cycle,1.0,821
9,cycle,0.0,3
9,cycle,1.0,433
9,cycle,1.0,1359
9,cycle,1.0,1363
9,cycle,1.0,1749
9,cycle,1.0,282
9,cycle,1.0,466
9,cycle,1.0,365
9,cycle,0.0,307
9,cycle,1.0,385
9,cycle,1.0,710
9,cycle,1.0,1072
9,cycle,1.0,951
9,cycle,1.0,928
9,cycle,1.0,617
9,cycle,1.0,311
9,cycle,1.0,397
9,cycle,1.0,765
9,cycle,1.0,418
9,cycle,1.0,717
9,cycle,1.0,1283
9,cycle,1.0,577
9,cycle,1.0,736
9,cycle,1.0,857
9,cycle,1.0,1660
9,cycle,1.0,754
9,cycle,1.0,575
9,cycle,1.0,1853
9,cycle,1.0,215
9,cycle,1.0,386
9,cycle,1.0,984
9,cycle,1.0,1157
9,cycle,1.0,315
9,cycle,1.0,1728
9,cycle,1.0,589
9,cycle,1.0,757
9,cycle,1.0,1179
9,cycle,1.0,468
9,cycle,1.0,600
9,cycle,1.0,379
9,cycle,1.0,850
9,cycle,1.0,657
9,cycle,1.0,681
9,cycle,1.0,602
9,cycle,1.0,346
9,cycle,1.0,903
9,cycle,1.0,636
9,cycle,1.0,293
9,cycle,1.0,572
9,cycle,1.0,1215
9,cycle,1.0,1430
9,cycle,1.0,253
9,cycle,1.0,858
9,cycle,1.0,953
9,cycle,1.0,1645
9,cycle,1.0,1240
9,cycle,1.0,251
9,cycle,1.0,1612
9,cycle,1.0,1255
9,cycle,1.0,1721
9,cycle,1.0,1946
9,cycle,1.0,270
9,cycle,1.0,350
9,cycle,1.0,438
9,cycle,1.0,285
9,cycle,1.0,1074
9,cycle,1.0,542
9,cycle,1.0,755
9,cycle,1.0,1411
9,cycle,1.0,538
9,cycle,1.0,1318
9,cycle,0.0,92
9,cycle,1.0,1221
9,cycle,1.0,1127
9,cycle,1.0,570
9,cycle,1.0,444
9,cycle,1.0,1169
9,cycle,1.0,738
9,cycle,1.0,109
9,cycle,1.0,831
9,cycle,1.0,257
9,cycle,1.0,349
9,cycle,1.0,350
9,cycle,1.0,702
9,cycle,1.0,677
9,cycle,1.0,334
9,cycle,1.0,1062
9,cycle,1.0,423
9,cycle,1.0,970
9,cycle,1.0,331
9,cycle,1.0,1541
9,cycle,1.0,579
9,cycle,1.0,1748
9,cycle,1.0,943
9,cycle,1.0,697
9,cycle,1.0,446
9,cycle,1.0,714
9,cycle,1.0,1729
9,cycle,1.0,470
9,cycle,1.0,308
9,cycle,1.0,759
9,cycle,1.0,1783
9,cycle,1.0,1394
9,cycle,1.0,675
9,cycle,1.0,1337
9,cycle,1.0,423
9,cycle,1.0,728
9,cycle,1.0,1113
9,cycle,1.0,541
9,cycle,1.0,472
9,cycle,1.0,624
9,cycle,1.0,1019
9,cycle,1.0,445
9,cycle,1.0,1737
9,cycle,1.0,551
9,cycle,1.0,816
9,cycle,1.0,1555
9,cycle,1.0,722
9,cycle,1.0,274
9,cycle,1.0,719
9,cycle,1.0,1333
9,cycle,1.0,933
9,cycle,1.0,1657
9,cycle,1.0,1047
9,cycle,1.0,473
9,cycle,1.0,1067
9,cycle,1.0,1365
9,cycle,1.0,2033
9,cycle,1.0,538
9,cycle,1.0,620
9,cycle,1.0,811
9,cycle,1.0,439
9,cycle,1.0,658
9,cycle,1.0,613
9,cycle,1.0,295
9,cycle,1.0,203
9,cycle,1.0,473
9,cycle,1.0,461
9,cycle,1.0,798
9,cycle,1.0,425
9,cycle,1.0,397
9,cycle,1.0,448
9,cycle,1.0,539
9,cycle,1.0,872
9,cycle,1.0,1434
9,cycle,1.0,1238
9,cycle,1.0,417
9,cycle,1.0,505
9,cycle,1.0,1290
9,cycle,1.0,502
9,cycle,1.0,768
9,cycle,1.0,1829
9,cycle,1.0,464
9,cycle,1.0,1893
9,cycle,1.0,893
9,cycle,1.0,884
9,cycle,1.0,412
9,cycle,1.0,1817
9,cycle,1.0,606
9,cycle,1.0,689
9,cycle,1.0,717
9,cycle,1.0,558
9,cycle,1.0,337
9,cycle,1.0,1692
9,cycle,1.0,1003
9,cycle,1.0,1130
9,cycle,1.0,1126
9,cycle,1.0,807
9,cycle,1.0,468
9,cycle,1.0,1525
9,cycle,0.0,1
9,cycle,1.0,671
9,cycle,1.0,782
9,cycle,0.0,2
9,cycle,1.0,423
9,cycle,1.0,629
9,cycle,1.0,424
9,cycle,1.0,1389
9,cycle,1.0,314
9,cycle,1.0,635
9,cycle,1.0,712
9,cycle,0.0,84
9,cycle,1.0,1384
9,cycle,1.0,320
9,cycle,1.0,505
9,cycle,1.0,222
9,cycle,1.0,747
9,cycle,1.0,472
9,cycle,1.0,330
9,cycle,1.0,282
9,cycle,1.0,1106
9,cycle,1.0,303
9,cycle,1.0,1001
9,cycle,1.0,592
9,cycle,1.0,860
9,wheel,1.0,330
9,wheel,1.0,324
9,wheel,1.0,1284
9,wheel,1.0,302
9,wheel,1.0,247
9,wheel,1.0,216
9,wheel,1.0,337
9,wheel,1.0,348
9,wheel,1.0,445
9,wheel,1.0,167
9,wheel,1.0,421
9,wheel,1.0,170
9,wheel,1.0,216
9,wheel,0.0,1
9,wheel,1.0,473
9,wheel,1.0,345
9,wheel,1.0,449
9,wheel,1.0,172
9,wheel,1.0,226
9,wheel,1.0,166
9,wheel,1.0,180
9,wheel,1.0,229
9,wheel,1.0,253
9,wheel,1.0,420
9,wheel,1.0,299
9,wheel,1.0,565
9,wheel,1.0,572
9,wheel,1.0,528
9,wheel,1.0,313
9,wheel,1.0,1566
9,wheel,0.0,125
9,wheel,1.0,567
9,wheel,1.0,354
9,wheel,1.0,458
9,wheel,1.0,608
9,wheel,1.0,574
9,wheel,1.0,311
9,wheel,1.0,363
9,wheel,0.0,54
9,wheel,1.0,191
9,wheel,1.0,416
9,wheel,1.0,204
9,wheel,1.0,452
9,wheel,1.0,365
9,wheel,1.0,346
9,wheel,0.0,2
9,wheel,1.0,246
9,wheel,1.0,310
9,wheel,1.0,532
9,wheel,1.0,482
9,wheel,1.0,587
9,wheel,1.0,167
9,wheel,1.0,371
9,wheel,1.0,112
9,wheel,1.0,158
9,wheel,1.0,276
9,wheel,0.0,174
9,wheel,1.0,475
9,wheel,1.0,891
9,wheel,1.0,543
9,wheel,1.0,766
9,wheel,1.0,385
9,wheel,1.0,361
9,wheel,1.0,506
9,wheel,1.0,668
9,wheel,1.0,288
9,wheel,1.0,213
9,wheel,1.0,317
9,wheel,1.0,150
9,wheel,1.0,249
9,wheel,1.0,235
9,wheel,1.0,496
9,wheel,1.0,97
9,wheel,1.0,1252
9,wheel,1.0,238
9,wheel,1.0,286
9,wheel,1.0,786
9,wheel,1.0,97
9,wheel,1.0,684
9,wheel,1.0,1181
9,wheel,1.0,191
9,wheel,1.0,247
9,wheel,1.0,747
9,wheel,1.0,486
9,wheel,1.0,193
9,wheel,1.0,124
9,wheel,1.0,224
9,wheel,1.0,527
9,wheel,1.0,879
9,wheel,1.0,535
9,wheel,1.0,177
9,wheel,0.0,48
9,wheel,1.0,232
9,wheel,1.0,345
9,wheel,1.0,396
9,wheel,1.0,424
9,wheel,1.0,1201
9,wheel,1.0,284
9,wheel,1.0,583
9,wheel,0.0,54
9,wheel,1.0,529
9,wheel,1.0,583
9,wheel,1.0,381
9,wheel,1.0,265
9,wheel,0.0,25
9,wheel,1.0,389
9,wheel,1.0,723
9,wheel,1.0,946
9,wheel,1.0,123
9,wheel,1.0,285
9,wheel,0.0,38
9,wheel,1.0,564
9,wheel,1.0,526
9,wheel,1.0,197
9,wheel,1.0,332
9,wheel,1.0,276
9,wheel,1.0,174
9,wheel,1.0,183
9,wheel,1.0,664
9,wheel,1.0,339
9,wheel,1.0,651
9,wheel,1.0,532
9,wheel,1.0,309
9,wheel,1.0,468
9,wheel,1.0,702
9,wheel,1.0,825
9,wheel,1.0,239
9,wheel,1.0,585
9,wheel,1.0,224
9,wheel,1.0,171
9,wheel,1.0,716
9,wheel,1.0,389
9,wheel,1.0,687
9,wheel,0.0,48
9,wheel,1.0,241
9,wheel,1.0,164
9,wheel,1.0,280
9,wheel,1.0,342
9,wheel,1.0,528
9,wheel,1.0,576
9,wheel,1.0,153
9,wheel,0.0,329
9,wheel,1.0,768
9,wheel,1.0,188
9,wheel,1.0,278
9,wheel,0.0,8
9,wheel,1.0,736
9,wheel,1.0,510
9,wheel,1.0,151
9,wheel,1.0,189
9,wheel,1.0,458
9,wheel,1.0,579
9,wheel,1.0,448
9,wheel,1.0,282
9,wheel,1.0,278
9,wheel,1.0,245
9,wheel,1.0,378
9,wheel,1.0,236
9,wheel,1.0,431
9,wheel,1.0,180
9,wheel,1.0,352
9,wheel,0.0,1
9,wheel,1.0,576
9,wheel,1.0,144
9,wheel,1.0,139
9,wheel,1.0,340
9,wheel,1.0,341
9,wheel,1.0,201
9,wheel,1.0,673
9,wheel,1.0,196
9,wheel,1.0,302
9,wheel,1.0,216
9,wheel,1.0,257
9,wheel,1.0,503
9,wheel,1.0,513
9,wheel,1.0,388
9,wheel,1.0,640
9,wheel,1.0,159
9,wheel,1.0,364
9,wheel,1.0,473
9,wheel,1.0,338
9,wheel,1.0,477
9,wheel,1.0,608
9,wheel,1.0,627
9,wheel,1.0,209
9,wheel,1.0,521
9,wheel,1.0,381
9,wheel,1.0,506
9,wheel,1.0,313
9,wheel,1.0,365
9,wheel,1.0,356
9,wheel,1.0,591
9,wheel,1.0,258
9,wheel,1.0,318
9,wheel,1.0,453
9,wheel,1.0,359
9,wheel,1.0,165
9,wheel,1.0,305
9,wheel,0.0,26
9,wheel,1.0,427
9,wheel,1.0,495
9,wheel,1.0,351
9,wheel,1.0,240
9,wheel,1.0,303
9,wheel,1.0,1189
9,wheel,1.0,472
9,wheel,1.0,633
9,wheel,1.0,432
9,wheel,1.0,456
9,wheel,1.0,315
9,wheel,1.0,426
9,wheel,1.0,351
9,wheel,1.0,163
9,wheel,1.0,411
9,wheel,1.0,373
9,wheel,1.0,580
9,wheel,1.0,282
9,wheel,1.0,321
9,wheel,1.0,423
9,wheel,1.0,802
9,wheel,1.0,247
9,wheel,1.0,324
9,wheel,1.0,739
9,wheel,1.0,390
9,wheel,1.0,397
9,wheel,1.0,536
9,wheel,1.0,255
9,wheel,1.0,970
9,wheel,1.0,205
9,wheel,1.0,84
9,wheel,1.0,229
9,wheel,1.0,465
9,wheel,1.0,380
9,wheel,1.0,439
9,wheel,1.0,316
9,wheel,1.0,441
9,wheel,1.0,713
9,wheel,1.0,387
9,wheel,1.0,257
9,wheel,1.0,100
9,wheel,1.0,161
9,wheel,1.0,226
9,wheel,1.0,190
9,wheel,1.0,313
9,wheel,1.0,350
9,wheel,1.0,222
9,wheel,1.0,966
9,wheel,1.0,759
9,wheel,1.0,479
9,wheel,1.0,161
9,wheel,1.0,299
9,wheel,1.0,528
9,wheel,1.0,325
9,wheel,1.0,118
9,wheel,1.0,172
9,wheel,1.0,1021
9,wheel,1.0,269
9,wheel,1.0,342
9,wheel,1.0,383
9,wheel,1.0,374
9,wheel,1.0,579
9,wheel,1.0,325
9,wheel,1.0,321
9,wheel,1.0,153
9,wheel,1.0,300
9,wheel,1.0,133
9,wheel,1.0,361
9,wheel,1.0,768
9,wheel,1.0,284
9,wheel,1.0,127
9,wheel,1.0,354
9,wheel,1.0,233
9,wheel,1.0,617
9,wheel,1.0,347
9,wheel,1.0,126
9,wheel,1.0,244
9,wheel,1.0,975
9,wheel,1.0,505
9,wheel,1.0,284
9,wheel,1.0,280
9,wheel,1.0,286
9,wheel,1.0,473
9,wheel,1.0,187
9,wheel,1.0,579
9,wheel,1.0,286
9,wheel,1.0,273
9,wheel,1.0,107
9,wheel,1.0,145
9,wheel,1.0,494
9,wheel,1.0,195
9,wheel,1.0,274
9,wheel,1.0,396
9,wheel,1.0,1916
9,wheel,1.0,764
9,wheel,1.0,132
9,wheel,1.0,910
9,wheel,1.0,602
9,wheel,1.0,134
9,wheel,0.0,21
9,wheel,1.0,396
9,wheel,1.0,336
9,wheel,0.0,18
9,wheel,1.0,154
9,wheel,1.0,147
9,wheel,1.0,460
9,wheel,1.0,342
9,wheel,1.0,160
9,wheel,1.0,310
9,wheel,1.0,267
9,wheel,1.0,228
9,wheel,1.0,346
9,wheel,1.0,536
9,wheel,1.0,502
9,wheel,0.0,134
9,wheel,1.0,598
9,wheel,1.0,336
9,wheel,1.0,572
9,wheel,1.0,1168
9,wheel,1.0,236
9,wheel,1.0,128
9,wheel,1.0,303
9,wheel,1.0,398
9,wheel,1.0,451
9,wheel,1.0,1121
9,wheel,0.0,167
9,wheel,1.0,327
9,wheel,1.0,137
9,wheel,1.0,508
9,wheel,1.0,389
9,wheel,1.0,220
9,wheel,1.0,377
9,wheel,0.0,73
9,wheel,1.0,745
9,wheel,1.0,243
9,wheel,1.0,880
9,wheel,1.0,264
9,wheel,1.0,158
9,wheel,1.0,389
9,wheel,1.0,441
9,wheel,1.0,150
9,wheel,1.0,597
9,wheel,1.0,455
9,wheel,1.0,325
9,wheel,1.0,401
9,wheel,1.0,233
9,wheel,1.0,458
9,wheel,0.0,59
9,wheel,1.0,421
9,wheel,1.0,245
9,wheel,1.0,401
9,wheel,1.0,347
9,wheel,1.0,220
9,wheel,1.0,331
9,wheel,1.0,313
9,wheel,1.0,474
9,wheel,1.0,263
9,wheel,1.0,229
9,wheel,1.0,378
9,wheel,1.0,265
9,wheel,1.0,197
9,wheel,1.0,107
9,wheel,1.0,340
9,wheel,1.0,487
9,wheel,1.0,219
9,wheel,0.0,111
9,wheel,1.0,414
9,wheel,1.0,716
9,wheel,1.0,294
9,wheel,1.0,71
9,wheel,0.0,191
9,wheel,1.0,260
9,wheel,1.0,267
9,wheel,1.0,673
9,wheel,1.0,856
9,wheel,1.0,337
9,wheel,1.0,386
9,wheel,1.0,636
9,wheel,1.0,176
9,wheel,1.0,322
9,wheel,1.0,1090
9,wheel,0.0,183
9,wheel,1.0,1050
9,wheel,1.0,499
9,wheel,1.0,169
9,wheel,1.0,272
9,wheel,1.0,386
9,wheel,1.0,519
9,wheel,1.0,922
9,wheel,1.0,393
9,wheel,1.0,520
9,wheel,1.0,327
9,wheel,0.0,15
9,wheel,1.0,288
9,wheel,1.0,186
9,wheel,1.0,415
9,wheel,1.0,258
9,wheel,1.0,184
9,wheel,1.0,606
9,wheel,1.0,698
9,wheel,1.0,598
9,wheel,1.0,406
9,wheel,1.0,108
9,wheel,1.0,181
9,wheel,1.0,212
9,wheel,1.0,300
9,wheel,1.0,414
9,wheel,1.0,551
9,wheel,1.0,601
9,wheel,1.0,634
9,wheel,1.0,696
9,wheel,1.0,577
9,wheel,1.0,415
9,wheel,1.0,314
9,wheel,1.0,828
9,wheel,1.0,139
9,wheel,0.0,209
9,wheel,1.0,301
9,wheel,1.0,493
9,wheel,1.0,286
9,wheel,0.0,1
9,wheel,1.0,206
9,wheel,1.0,405
9,wheel,1.0,550
9,wheel,0.0,1
9,wheel,1.0,298
9,wheel,1.0,389
9,wheel,1.0,520
9,wheel,1.0,587
9,wheel,1.0,504
9,wheel,1.0,537
9,wheel,1.0,275
9,wheel,1.0,234
9,wheel,1.0,887
9,wheel,1.0,796
9,wheel,1.0,936
9,wheel,1.0,520
9,wheel,0.0,157
9,wheel,1.0,188
9,wheel,1.0,271
9,wheel,1.0,567
9,wheel,1.0,214
9,wheel,1.0,498
9,wheel,1.0,177
9,wheel,1.0,146
9,wheel,1.0,168
9,wheel,1.0,273
9,wheel,1.0,300
9,wheel,1.0,341
9,wheel,1.0,382
9,wheel,1.0,407
9,wheel,1.0,357
9,wheel,1.0,468
9,wheel,1.0,229
9,wheel,0.0,8
9,wheel,1.0,334
9,wheel,1.0,411
9,wheel,1.0,854
9,wheel,1.0,1408
9,wheel,1.0,399
9,wheel,0.0,4
9,wheel,1.0,670
9,wheel,1.0,421
9,wheel,1.0,340
9,wheel,1.0,289
9,wheel,1.0,441
9,wheel,1.0,529
9,wheel,1.0,566
9,wheel,1.0,235
9,wheel,1.0,353
9,wheel,1.0,342
9,wheel,1.0,429
9,wheel,1.0,659
9,wheel,1.0,405
9,wheel,1.0,249
9,wheel,0.0,232
9,wheel,1.0,211
9,wheel,1.0,715
9,wheel,1.0,436
9,wheel,1.0,178
9,wheel,1.0,241
9,wheel,1.0,1539
9,wheel,1.0,215
9,wheel,1.0,388
9,wheel,1.0,432
9,wheel,1.0,152
9,wheel,1.0,521
9,wheel,1.0,294
9,wheel,1.0,224
9,wheel,1.0,546
9,wheel,1.0,404
9,wheel,1.0,756
9,wheel,1.0,677
9,wheel,1.0,109
9,wheel,1.0,260
9,wheel,1.0,444
9,wheel,1.0,573
9,wheel,1.0,787
9,wheel,0.0,1
9,wheel,1.0,474
9,wheel,1.0,801
9,wheel,1.0,518
9,wheel,1.0,442
9,wheel,1.0,231
9,wheel,1.0,713
9,wheel,1.0,790
9,wheel,1.0,675
9,wheel,1.0,405
9,wheel,1.0,232
9,wheel,1.0,227
9,wheel,1.0,262
9,wheel,1.0,287
9,wheel,1.0,699
9,wheel,1.0,1008
9,wheel,1.0,425
9,wheel,1.0,205
9,wheel,1.0,285
9,wheel,1.0,430
9,wheel,1.0,860
9,wheel,1.0,302
9,wheel,1.0,491
9,wheel,1.0,498
9,wheel,1.0,1302
9,wheel,1.0,301
9,wheel,1.0,227
9,wheel,1.0,229
9,wheel,1.0,583
9,wheel,1.0,272
9,wheel,1.0,442
9,wheel,1.0,278
9,wheel,1.0,794
9,wheel,1.0,690
9,wheel,1.0,385
9,wheel,1.0,675
9,wheel,1.0,542
9,wheel,1.0,746
9,wheel,1.0,614
9,wheel,1.0,494
9,wheel,0.0,1
9,wheel,1.0,595
9,wheel,1.0,885
9,wheel,1.0,458
9,wheel,1.0,209
9,wheel,1.0,248
9,wheel,1.0,390
9,wheel,0.0,51
9,wheel,1.0,344
9,wheel,1.0,566
9,wheel,1.0,672
9,wheel,1.0,505
9,wheel,1.0,111
9,wheel,0.0,613
9,wheel,1.0,497
9,wheel,0.0,381
9,wheel,1.0,625
9,wheel,1.0,477
9,wheel,1.0,170
9,wheel,1.0,302
9,wheel,0.0,10
9,wheel,1.0,496
9,wheel,1.0,61
9,wheel,1.0,501
9,wheel,1.0,1005
9,wheel,1.0,573
9,wheel,1.0,284
9,wheel,1.0,225
9,wheel,1.0,423
9,wheel,1.0,406
9,wheel,1.0,190
9,wheel,1.0,187
9,wheel,1.0,986
9,wheel,1.0,458
9,wheel,1.0,787
9,wheel,1.0,181
9,wheel,1.0,554
9,wheel,1.0,131
9,wheel,0.0,329
9,wheel,1.0,380
9,wheel,1.0,193
9,wheel,0.0,152
9,wheel,1.0,780
9,wheel,1.0,220
9,wheel,1.0,249
9,wheel,1.0,1505
9,wheel,1.0,249
9,wheel,1.0,340
9,wheel,1.0,83
9,wheel,1.0,292
9,wheel,1.0,806
9,wheel,1.0,157
9,wheel,1.0,473
9,wheel,1.0,122
9,wheel,1.0,481
9,wheel,1.0,227
9,wheel,1.0,688
9,wheel,1.0,342
9,wheel,1.0,234
9,wheel,1.0,569
9,wheel,1.0,82
9,wheel,1.0,357
9,wheel,1.0,143
9,wheel,1.0,345
9,wheel,1.0,200
9,wheel,1.0,217
9,wheel,1.0,349
9,wheel,1.0,171
9,wheel,1.0,753
9,wheel,1.0,219
9,wheel,1.0,587
9,wheel,1.0,474
9,wheel,1.0,357
9,wheel,1.0,335
9,wheel,1.0,465
9,wheel,1.0,1151
9,wheel,1.0,837
9,wheel,1.0,252
9,wheel,1.0,463
9,wheel,1.0,119
9,wheel,1.0,251
9,wheel,1.0,232
9,wheel,1.0,239
9,wheel,1.0,415
9,wheel,1.0,334
9,wheel,1.0,275
9,wheel,1.0,534
9,wheel,1.0,270
9,wheel,1.0,398
9,wheel,1.0,151
9,wheel,1.0,324
9,wheel,1.0,502
9,wheel,1.0,880
9,wheel,1.0,322
9,wheel,1.0,419
9,wheel,0.0,38
9,wheel,1.0,656
9,wheel,1.0,948
9,wheel,1.0,352
9,wheel,1.0,651
9,wheel,1.0,234
9,wheel,1.0,404
9,wheel,1.0,300
9,wheel,1.0,395
9,wheel,1.0,1349
9,wheel,1.0,131
9,wheel,1.0,335
9,wheel,1.0,411
9,wheel,1.0,395
9,wheel,1.0,407
9,wheel,1.0,291
9,wheel,1.0,382
9,wheel,1.0,387
9,wheel,1.0,427
9,wheel,1.0,138
9,wheel,1.0,133
9,wheel,1.0,1460
9,wheel,1.0,302
9,wheel,1.0,651
9,wheel,1.0,393
9,wheel,1.0,566
9,wheel,1.0,372
9,wheel,1.0,388
9,wheel,1.0,248
9,wheel,1.0,271
9,wheel,1.0,676
9,wheel,1.0,317
9,wheel,1.0,378
9,wheel,1.0,480
9,wheel,1.0,246
9,wheel,1.0,404
9,wheel,1.0,102
9,wheel,1.0,159
9,wheel,1.0,297
9,wheel,1.0,377
9,wheel,1.0,197
9,wheel,1.0,326
9,wheel,1.0,468
9,wheel,1.0,757
9,wheel,1.0,660
9,wheel,0.0,79
9,wheel,1.0,440
9,wheel,1.0,1089
9,wheel,1.0,235
9,wheel,1.0,318
9,wheel,1.0,169
9,wheel,1.0,465
9,wheel,1.0,486
9,wheel,1.0,254
9,wheel,1.0,361
9,wheel,1.0,265
9,wheel,1.0,163
9,wheel,1.0,602
9,wheel,1.0,266
9,wheel,1.0,100
9,wheel,1.0,654
9,wheel,1.0,293
9,wheel,0.0,5
9,wheel,1.0,277
9,wheel,1.0,698
9,wheel,1.0,341
9,wheel,1.0,263
9,wheel,1.0,582
9,wheel,1.0,255
9,wheel,1.0,693
9,wheel,1.0,393
9,wheel,1.0,524
9,wheel,1.0,832
9,wheel,1.0,430
9,wheel,1.0,568
9,wheel,1.0,113
9,wheel,1.0,558
9,wheel,1.0,245
9,wheel,1.0,1059
9,wheel,1.0,243
9,wheel,1.0,561
9,wheel,1.0,223
9,wheel,0.0,28
9,wheel,1.0,151
9,wheel,1.0,144
9,wheel,1.0,192
9,wheel,1.0,227
9,wheel,1.0,258
9,wheel,1.0,486
9,wheel,1.0,158
9,wheel,1.0,207
9,wheel,1.0,906
9,wheel,1.0,386
9,wheel,1.0,747
9,wheel,1.0,1092
9,wheel,1.0,360
9,wheel,1.0,165
9,wheel,1.0,268
9,wheel,1.0,420
9,wheel,1.0,855
9,wheel,0.0,64
9,wheel,1.0,347
9,wheel,1.0,313
9,wheel,1.0,1233
9,wheel,1.0,782
9,wheel,1.0,335
9,wheel,1.0,209
9,wheel,1.0,456
9,wheel,1.0,245
9,wheel,1.0,297
9,wheel,1.0,291
9,wheel,1.0,731
9,wheel,1.0,197
9,wheel,1.0,154
9,wheel,1.0,278
9,wheel,1.0,150
9,wheel,1.0,273
9,wheel,1.0,765
9,wheel,1.0,176
9,wheel,1.0,119
9,wheel,1.0,85
9,wheel,1.0,542
9,wheel,1.0,385
9,wheel,1.0,194
9,wheel,1.0,456
9,wheel,1.0,1197
9,wheel,1.0,211
9,wheel,1.0,283
9,wheel,1.0,263
9,wheel,1.0,396
9,wheel,1.0,260
9,wheel,1.0,119
9,wheel,1.0,433
9,wheel,1.0,428
9,wheel,1.0,381
9,wheel,0.0,482
9,wheel,1.0,248
9,wheel,1.0,332
9,wheel,1.0,91
9,wheel,1.0,266
9,wheel,1.0,475
9,wheel,1.0,413
9,wheel,1.0,333
9,wheel,1.0,462
9,wheel,1.0,1178
9,wheel,1.0,264
9,wheel,1.0,185
9,wheel,1.0,176
9,wheel,1.0,390
9,wheel,1.0,144
9,wheel,0.0,86
9,wheel,1.0,409
9,wheel,1.0,331
9,wheel,1.0,395
9,wheel,1.0,282
9,wheel,1.0,408
9,wheel,0.0,1
9,wheel,1.0,139
9,wheel,1.0,333
9,wheel,1.0,166
9,wheel,1.0,198
9,wheel,1.0,425
9,wheel,1.0,408
9,wheel,1.0,456
9,wheel,0.0,27
9,wheel,1.0,280
9,wheel,1.0,225
9,wheel,1.0,336
9,wheel,1.0,414
9,wheel,1.0,303
9,wheel,1.0,610
9,wheel,1.0,313
9,wheel,1.0,473
9,wheel,1.0,992
9,wheel,1.0,277
9,wheel,1.0,707
9,wheel,1.0,294
9,wheel,1.0,246
9,wheel,1.0,539
9,wheel,1.0,359
9,wheel,1.0,367
9,wheel,1.0,964
9,wheel,1.0,213
9,wheel,1.0,1067
9,wheel,0.0,16
9,wheel,1.0,153
9,wheel,1.0,359
9,wheel,1.0,602
9,wheel,1.0,365
9,wheel,1.0,446
9,wheel,1.0,209
9,wheel,1.0,781
9,wheel,1.0,488
9,wheel,1.0,723
9,wheel,1.0,314
9,wheel,1.0,250
9,wheel,1.0,654
9,wheel,1.0,646
9,wheel,1.0,348
9,wheel,1.0,215
9,wheel,1.0,515
9,wheel,1.0,150
9,wheel,1.0,355
9,wheel,1.0,382
9,wheel,1.0,578
9,wheel,1.0,384
9,wheel,1.0,149
9,wheel,1.0,353
9,wheel,0.0,1
9,wheel,1.0,214
9,wheel,1.0,571
9,wheel,1.0,334
9,wheel,1.0,539
9,wheel,1.0,158
9,wheel,1.0,1129
9,wheel,1.0,204
9,wheel,1.0,325
9,wheel,1.0,1127
9,wheel,1.0,438
9,wheel,1.0,514
9,wheel,1.0,629
9,wheel,1.0,311
9,wheel,1.0,418
9,wheel,1.0,545
9,wheel,1.0,977
9,wheel,1.0,163
9,wheel,1.0,512
9,wheel,1.0,316
9,wheel,1.0,1021
9,wheel,0.0,144
9,wheel,1.0,373
9,wheel,1.0,459
9,wheel,1.0,527
9,wheel,1.0,1154
9,wheel,0.0,14
9,wheel,1.0,491
9,wheel,1.0,380
9,wheel,1.0,429
9,wheel,1.0,508
9,wheel,1.0,409
9,wheel,1.0,169
9,wheel,1.0,826
9,wheel,0.0,41
9,wheel,1.0,296
9,wheel,1.0,332
9,wheel,1.0,433
9,wheel,1.0,268
9,wheel,1.0,368
9,wheel,1.0,149
9,wheel,1.0,672
9,wheel,1.0,404
9,wheel,1.0,347
9,wheel,1.0,210
9,wheel,1.0,370
9,wheel,1.0,271
9,wheel,1.0,257
9,wheel,1.0,303
9,wheel,1.0,257
9,wheel,1.0,135
9,wheel,1.0,532
9,wheel,1.0,363
9,wheel,1.0,168
9,wheel,1.0,347
9,wheel,1.0,229
9,wheel,1.0,484
9,wheel,1.0,543
9,wheel,1.0,417
9,wheel,1.0,498
9,wheel,1.0,872
9,wheel,1.0,179
9,wheel,1.0,152
9,wheel,1.0,231
9,wheel,1.0,876
9,wheel,1.0,210
9,wheel,1.0,528
9,wheel,1.0,817
9,wheel,1.0,141
9,wheel,1.0,504
9,wheel,1.0,229
9,wheel,1.0,660
9,wheel,1.0,996
9,wheel,1.0,306
9,wheel,1.0,700
9,wheel,1.0,197
9,wheel,1.0,513
9,wheel,1.0,627
9,wheel,1.0,580
9,wheel,1.0,586
9,wheel,1.0,314
9,wheel,1.0,302
9,wheel,1.0,516
9,wheel,1.0,146
9,wheel,1.0,1023
9,wheel,1.0,205
9,wheel,0.0,131
9,wheel,1.0,406
9,wheel,1.0,140
9,wheel,1.0,622
9,wheel,1.0,254
9,wheel,1.0,296
9,wheel,1.0,254
9,wheel,1.0,602
9,wheel,1.0,367
9,wheel,1.0,280
9,wheel,1.0,320
9,wheel,1.0,208
9,wheel,1.0,293
9,wheel,1.0,292
9,wheel,1.0,293
9,wheel,1.0,419
9,wheel,1.0,402
9,wheel,1.0,341
9,wheel,1.0,584
9,wheel,1.0,756
9,wheel,1.0,778
9,wheel,0.0,16
9,wheel,1.0,684
9,wheel,1.0,387
9,wheel,0.0,147
9,wheel,1.0,340
9,wheel,1.0,676
9,wheel,1.0,333
9,wheel,1.0,491
9,wheel,1.0,340
9,wheel,1.0,366
9,wheel,1.0,222
9,wheel,1.0,113
9,wheel,1.0,267
9,wheel,1.0,372
9,wheel,1.0,513
9,wheel,1.0,183
9,wheel,1.0,877
9,wheel,1.0,996
9,wheel,1.0,158
9,wheel,1.0,252
9,wheel,1.0,234
9,wheel,1.0,523
9,wheel,1.0,461
9,wheel,1.0,695
9,wheel,1.0,294
9,wheel,1.0,185
9,wheel,1.0,593
9,wheel,1.0,410
9,wheel,1.0,655
9,wheel,1.0,256
9,wheel,0.0,1
9,wheel,1.0,128
9,wheel,1.0,406
9,wheel,1.0,401
9,wheel,1.0,186
9,wheel,1.0,398
9,wheel,1.0,1345
9,wheel,0.0,156
9,wheel,1.0,314
9,wheel,1.0,183
9,wheel,1.0,295
9,wheel,1.0,449
9,wheel,1.0,251
9,wheel,1.0,176
9,wheel,1.0,626
9,wheel,1.0,331
9,wheel,1.0,154
9,wheel,1.0,360
9,wheel,1.0,615
9,wheel,1.0,314
9,wheel,1.0,499
9,wheel,1.0,374
9,wheel,1.0,599
9,complete,1.0,85
9,complete,0.0,253
9,complete,1.0,126
9,complete,1.0,52
9,complete,1.0,59
9,complete,1.0,233
9,complete,1.0,69
9,complete,0.0,1
9,complete,1.0,93
9,complete,1.0,191
9,complete,0.0,2
9,complete,1.0,87
9,complete,1.0,33
9,complete,1.0,137
9,complete,1.0,192
9,complete,1.0,34
9,complete,1.0,51
9,complete,0.0,148
9,complete,1.0,48
9,complete,1.0,114
9,complete,1.0,166
9,complete,1.0,127
9,complete,1.0,61
9,complete,1.0,190
9,complete,1.0,180
9,complete,1.0,64
9,complete,1.0,164
9,complete,1.0,65
9,complete,1.0,177
9,complete,1.0,102
9,complete,1.0,138
9,complete,1.0,137
9,complete,1.0,54
9,complete,1.0,91
9,complete,1.0,86
9,complete,1.0,180
9,complete,1.0,261
9,complete,1.0,75
9,complete,1.0,75
9,complete,1.0,122
9,complete,1.0,62
9,complete,1.0,193
9,complete,0.0,186
9,complete,1.0,106
9,complete,1.0,214
9,complete,1.0,118
9,complete,1.0,83
9,complete,0.0,12
9,complete,1.0,122
9,complete,1.0,225
9,complete,1.0,55
9,complete,1.0,76
9,complete,1.0,20
9,complete,1.0,611
9,complete,1.0,64
9,complete,1.0,86
9,complete,1.0,51
9,complete,1.0,307
9,complete,1.0,21
9,complete,1.0,161
9,complete,0.0,117
9,complete,1.0,51
9,complete,1.0,120
9,complete,1.0,70
9,complete,1.0,123
9,complete,1.0,83
9,complete,1.0,99
9,complete,1.0,133
9,complete,1.0,123
9,complete,0.0,143
9,complete,1.0,98
9,complete,1.0,159
9,complete,1.0,146
9,complete,1.0,119
9,complete,1.0,90
9,complete,1.0,207
9,complete,1.0,81
9,complete,1.0,138
9,complete,1.0,28
9,complete,1.0,169
9,complete,1.0,108
9,complete,1.0,165
9,complete,1.0,92
9,complete,1.0,158
9,complete,1.0,122
9,complete,1.0,91
9,complete,1.0,61
9,complete,1.0,90
9,complete,1.0,133
9,complete,1.0,115
9,complete,1.0,108
9,complete,1.0,89
9,complete,1.0,83
9,complete,1.0,561
9,complete,1.0,76
9,complete,1.0,99
9,complete,1.0,168
9,complete,1.0,106
9,complete,1.0,97
9,complete,1.0,39
9,complete,1.0,280
9,complete,1.0,74
9,complete,0.0,64
9,complete,1.0,78
9,complete,0.0,98
9,complete,1.0,113
9,complete,1.0,189
9,complete,1.0,18
9,complete,1.0,75
9,complete,1.0,86
9,complete,1.0,162
9,complete,1.0,135
9,complete,1.0,176
9,complete,1.0,41
9,complete,0.0,162
9,complete,1.0,71
9,complete,1.0,134
9,complete,1.0,57
9,complete,0.0,33
9,complete,0.0,27
9,complete,1.0,158
9,complete,1.0,279
9,complete,1.0,77
9,complete,1.0,66
9,complete,1.0,43
9,complete,1.0,163
9,complete,1.0,66
9,complete,0.0,15
9,complete,1.0,137
9,complete,1.0,70
9,complete,1.0,94
9,complete,1.0,117
9,complete,1.0,45
9,complete,1.0,86
9,complete,1.0,87
9,complete,1.0,120
9,complete,1.0,120
9,complete,1.0,80
9,complete,1.0,96
9,complete,1.0,103
9,complete,1.0,250
9,complete,1.0,88
9,complete,0.0,34
9,complete,1.0,365
9,complete,1.0,164
9,complete,1.0,192
9,complete,1.0,56
9,complete,1.0,62
9,complete,1.0,166
9,complete,1.0,95
9,complete,1.0,74
9,complete,1.0,246
9,complete,1.0,81
9,complete,1.0,76
9,complete,0.0,3
9,complete,1.0,86
9,complete,1.0,93
9,complete,1.0,204
9,complete,1.0,46
9,complete,1.0,116
9,complete,1.0,329
9,complete,1.0,493
9,complete,1.0,113
9,complete,1.0,66
9,complete,1.0,160
9,complete,1.0,231
9,complete,1.0,136
9,complete,1.0,52
9,complete,1.0,116
9,complete,1.0,104
9,complete,1.0,70
9,complete,1.0,137
9,complete,1.0,76
9,complete,1.0,198
9,complete,1.0,251
9,complete,1.0,51
9,complete,0.0,2
9,complete,1.0,105
9,complete,1.0,130
9,complete,1.0,143
9,complete,0.0,479
9,complete,0.0,115
9,complete,0.0,109
9,complete,1.0,577
9,complete,1.0,58
9,complete,1.0,127
9,complete,1.0,65
9,complete,0.0,61
9,complete,1.0,47
9,complete,1.0,48
9,complete,1.0,95
9,complete,1.0,79
9,complete,1.0,155
9,complete,1.0,76
9,complete,0.0,2
9,complete,1.0,428
9,complete,1.0,62
9,complete,1.0,46
9,complete,1.0,88
9,complete,1.0,141
9,complete,1.0,61
9,complete,1.0,73
9,complete,1.0,101
9,complete,1.0,123
9,complete,1.0,74
9,complete,1.0,72
9,complete,1.0,121
9,complete,1.0,227
9,complete,1.0,113
9,complete,1.0,64
9,complete,1.0,83
9,complete,1.0,109
9,complete,1.0,73
9,complete,1.0,74
9,complete,1.0,141
9,complete,1.0,48
9,complete,1.0,113
9,complete,1.0,236
9,complete,0.0,14
9,complete,1.0,105
9,complete,1.0,64
9,complete,1.0,373
9,complete,1.0,166
9,complete,1.0,56
9,complete,1.0,65
9,complete,1.0,78
9,complete,1.0,60
9,complete,1.0,530
9,complete,1.0,138
9,complete,0.0,21
9,complete,1.0,125
9,complete,1.0,84
9,complete,1.0,78
9,complete,1.0,62
9,complete,1.0,146
9,complete,1.0,69
9,complete,1.0,17
9,complete,1.0,52
9,complete,1.0,111
9,complete,1.0,68
9,complete,1.0,70
9,complete,1.0,123
9,complete,1.0,174
9,complete,1.0,191
9,complete,1.0,240
9,complete,1.0,31
9,complete,1.0,110
9,complete,1.0,85
9,complete,1.0,163
9,complete,1.0,78
9,complete,1.0,100
9,complete,1.0,104
9,complete,1.0,200
9,complete,1.0,69
9,complete,1.0,578
9,complete,1.0,83
9,complete,1.0,180
9,complete,1.0,50
9,complete,1.0,254
9,complete,1.0,92
9,complete,1.0,135
9,complete,1.0,74
9,complete,1.0,199
9,complete,1.0,45
9,complete,1.0,69
9,complete,1.0,107
9,complete,1.0,112
9,complete,1.0,188
9,complete,1.0,81
9,complete,0.0,83
9,complete,1.0,356
9,complete,0.0,74
9,complete,1.0,79
9,complete,1.0,58
9,complete,1.0,101
9,complete,1.0,132
9,complete,1.0,78
9,complete,1.0,54
9,complete,1.0,71
9,complete,1.0,117
9,complete,1.0,193
9,complete,1.0,31
9,complete,1.0,587
9,complete,1.0,115
9,complete,1.0,398
9,complete,1.0,55
9,complete,0.0,131
9,complete,0.0,66
9,complete,1.0,144
9,complete,0.0,46
9,complete,1.0,110
9,complete,1.0,150
9,complete,1.0,82
9,complete,1.0,258
9,complete,1.0,246
9,complete,1.0,113
9,complete,1.0,152
9,complete,1.0,625
9,complete,1.0,120
9,complete,1.0,75
9,complete,1.0,109
9,complete,1.0,74
9,complete,1.0,87
9,complete,1.0,211
9,complete,1.0,62
9,complete,1.0,152
9,complete,1.0,73
9,complete,1.0,102
9,complete,1.0,165
9,complete,1.0,170
9,complete,1.0,103
9,complete,1.0,129
9,complete,1.0,95
9,complete,1.0,79
9,complete,1.0,149
9,complete,1.0,200
9,complete,1.0,141
9,complete,1.0,116
9,complete,1.0,47
9,complete,1.0,127
9,complete,1.0,217
9,complete,1.0,116
9,complete,1.0,57
9,complete,1.0,36
9,complete,1.0,81
9,complete,1.0,117
9,complete,1.0,135
9,complete,1.0,197
9,complete,1.0,82
9,complete,1.0,60
9,complete,1.0,98
9,complete,1.0,205
9,complete,1.0,29
9,complete,1.0,157
9,complete,1.0,215
9,complete,1.0,312
9,complete,1.0,95
9,complete,1.0,59
9,complete,1.0,96
9,complete,1.0,131
9,complete,1.0,74
9,complete,1.0,86
9,complete,1.0,59
9,complete,1.0,89
9,complete,1.0,101
9,complete,1.0,74
9,complete,1.0,91
9,complete,1.0,181
9,complete,1.0,97
9,complete,1.0,152
9,complete,1.0,37
9,complete,1.0,110
9,complete,0.0,92
9,complete,1.0,42
9,complete,0.0,73
9,complete,1.0,102
9,complete,0.0,1
9,complete,1.0,126
9,complete,1.0,37
9,complete,1.0,208
9,complete,1.0,162
9,complete,1.0,154
9,complete,1.0,70
9,complete,0.0,73
9,complete,1.0,160
9,complete,0.0,94
9,complete,1.0,77
9,complete,1.0,87
9,complete,1.0,38
9,complete,0.0,19
9,complete,1.0,61
9,complete,1.0,90
9,complete,1.0,185
9,complete,1.0,376
9,complete,1.0,40
9,complete,1.0,81
9,complete,1.0,118
9,complete,1.0,128
9,complete,1.0,38
9,complete,1.0,83
9,complete,1.0,53
9,complete,1.0,97
9,complete,1.0,206
9,complete,0.0,1
9,complete,1.0,213
9,complete,1.0,108
9,complete,1.0,95
9,complete,1.0,41
9,complete,1.0,111
9,complete,1.0,338
9,complete,1.0,37
9,complete,0.0,80
9,complete,1.0,105
9,complete,1.0,30
9,complete,1.0,117
9,complete,1.0,69
9,complete,1.0,65
9,complete,1.0,73
9,complete,1.0,182
9,complete,1.0,170
9,complete,1.0,77
9,complete,1.0,164
9,complete,1.0,160
9,complete,1.0,119
9,complete,1.0,71
9,complete,1.0,217
9,complete,1.0,187
9,complete,1.0,364
9,complete,1.0,130
9,complete,1.0,194
9,complete,1.0,216
9,complete,1.0,118
9,complete,1.0,54
9,complete,1.0,121
9,complete,1.0,185
9,complete,1.0,203
9,complete,1.0,60
9,complete,1.0,81
9,complete,1.0,84
9,complete,1.0,198
9,complete,0.0,67
9,complete,1.0,88
9,complete,1.0,227
9,complete,1.0,134
9,complete,1.0,97
9,complete,1.0,76
9,complete,0.0,47
9,complete,1.0,144
9,complete,0.0,94
9,complete,1.0,163
9,complete,1.0,55
9,complete,1.0,121
9,complete,0.0,32
9,complete,1.0,136
9,complete,1.0,170
9,complete,1.0,83
9,complete,1.0,302
9,complete,1.0,34
9,complete,1.0,146
9,complete,0.0,101
9,complete,1.0,76
9,complete,0.0,74
9,complete,1.0,120
9,complete,1.0,55
9,complete,1.0,141
9,complete,1.0,68
9,complete,1.0,275
9,complete,1.0,171
9,complete,1.0,52
9,complete,1.0,101
9,complete,0.0,23
9,complete,1.0,80
9,complete,1.0,135
9,complete,0.0,38
9,complete,1.0,191
9,complete,1.0,109
9,complete,1.0,90
9,complete,1.0,152
9,complete,1.0,88
9,complete,1.0,18
9,complete,1.0,100
9,complete,1.0,38
9,complete,1.0,116
9,complete,1.0,210
9,complete,0.0,27
9,complete,0.0,15
9,complete,1.0,147
9,complete,0.0,33
9,complete,1.0,107
9,complete,1.0,100
9,complete,0.0,18
9,complete,1.0,93
9,complete,1.0,80
9,complete,1.0,73
9,complete,1.0,69
9,complete,1.0,43
9,complete,1.0,139
9,complete,1.0,126
9,complete,1.0,44
9,complete,1.0,161
9,complete,1.0,69
9,complete,1.0,107
9,complete,1.0,335
9,complete,0.0,124
9,complete,1.0,86
9,complete,1.0,184
9,complete,1.0,108
9,complete,1.0,104
9,complete,1.0,86
9,complete,1.0,129
9,complete,1.0,110
9,complete,1.0,102
9,complete,1.0,113
9,complete,1.0,145
9,complete,1.0,134
9,complete,1.0,110
9,complete,1.0,172
9,complete,0.0,21
9,complete,1.0,111
9,complete,0.0,6
9,complete,1.0,96
9,complete,1.0,120
9,complete,1.0,127
9,complete,1.0,127
9,complete,1.0,225
9,complete,1.0,64
9,complete,1.0,123
9,complete,1.0,141
9,complete,0.0,234
9,complete,1.0,221
9,complete,1.0,195
9,complete,1.0,61
9,complete,1.0,124
9,complete,0.0,8
9,complete,1.0,137
9,complete,1.0,124
9,complete,1.0,331
9,complete,1.0,103
9,complete,1.0,97
9,complete,1.0,142
9,complete,1.0,189
9,complete,1.0,232
9,complete,1.0,234
9,complete,1.0,45
9,complete,1.0,81
9,complete,1.0,216
9,complete,1.0,65
9,complete,1.0,206
9,complete,1.0,65
9,complete,0.0,50
9,complete,1.0,64
9,complete,1.0,90
9,complete,1.0,82
9,complete,1.0,64
9,complete,1.0,207
9,complete,1.0,86
9,complete,1.0,241
9,complete,1.0,227
9,complete,1.0,44
9,complete,1.0,179
9,complete,1.0,211
9,complete,1.0,173
9,complete,1.0,207
9,complete,1.0,74
9,complete,1.0,813
9,complete,1.0,143
9,complete,0.0,35
9,complete,1.0,190
9,complete,1.0,84
9,complete,1.0,639
9,complete,1.0,112
9,complete,1.0,81
9,complete,1.0,109
9,complete,1.0,238
9,complete,1.0,181
9,complete,1.0,73
9,complete,0.0,91
9,complete,1.0,318
9,complete,1.0,90
9,complete,1.0,155
9,complete,1.0,168
9,complete,1.0,145
9,complete,1.0,246
9,complete,1.0,67
9,complete,1.0,116
9,complete,1.0,104
9,complete,1.0,115
9,complete,0.0,3
9,complete,1.0,84
9,complete,1.0,116
9,complete,1.0,220
9,complete,1.0,75
9,complete,1.0,117
9,complete,1.0,66
9,complete,1.0,187
9,complete,0.0,79
9,complete,0.0,129
9,complete,0.0,28
9,complete,1.0,170
9,complete,1.0,85
9,complete,1.0,90
9,complete,1.0,79
9,complete,0.0,20
9,complete,1.0,140
9,complete,0.0,24
9,complete,1.0,36
9,complete,1.0,201
9,complete,1.0,93
9,complete,1.0,66
9,complete,1.0,120
9,complete,1.0,95
9,complete,1.0,85
9,complete,1.0,275
9,complete,1.0,103
9,complete,1.0,144
9,complete,1.0,76
9,complete,1.0,90
9,complete,1.0,108
9,complete,1.0,183
9,complete,1.0,69
9,complete,1.0,60
9,complete,1.0,114
9,complete,1.0,83
9,complete,1.0,124
9,complete,1.0,196
9,complete,1.0,186
9,complete,1.0,91
9,complete,1.0,133
9,complete,1.0,70
9,complete,1.0,59
9,complete,1.0,94
9,complete,1.0,75
9,complete,1.0,93
9,complete,1.0,37
9,complete,1.0,632
9,complete,1.0,42
9,complete,1.0,217
9,complete,1.0,69
9,complete,1.0,217
9,complete,1.0,149
9,complete,1.0,75
9,complete,1.0,220
9,complete,1.0,171
9,complete,1.0,112
9,complete,1.0,79
9,complete,1.0,115
9,complete,1.0,231
9,complete,1.0,279
9,complete,1.0,95
9,complete,1.0,153
9,complete,0.0,12
9,complete,1.0,216
9,complete,1.0,75
9,complete,1.0,63
9,complete,1.0,188
9,complete,1.0,92
9,complete,1.0,201
9,complete,1.0,139
9,complete,1.0,170
9,complete,1.0,231
9,complete,1.0,221
9,complete,1.0,183
9,complete,1.0,50
9,complete,0.0,16
9,complete,1.0,243
9,complete,1.0,156
9,complete,1.0,98
9,complete,0.0,171
9,complete,1.0,73
9,complete,1.0,421
9,complete,1.0,111
9,complete,1.0,182
9,complete,1.0,54
9,complete,1.0,101
9,complete,1.0,65
9,complete,0.0,35
9,complete,1.0,44
9,complete,1.0,158
9,complete,1.0,61
9,complete,1.0,274
9,complete,1.0,167
9,complete,1.0,196
9,complete,1.0,98
9,complete,1.0,151
9,complete,1.0,70
9,complete,1.0,47
9,complete,1.0,132
9,complete,1.0,35
9,complete,0.0,5
9,complete,1.0,331
9,complete,1.0,374
9,complete,1.0,80
9,complete,0.0,35
9,complete,1.0,164
9,complete,1.0,103
9,complete,1.0,491
9,complete,1.0,328
9,complete,1.0,148
9,complete,1.0,47
9,complete,1.0,95
9,complete,1.0,57
9,complete,0.0,59
9,complete,1.0,73
9,complete,1.0,76
9,complete,1.0,176
9,complete,1.0,84
9,complete,1.0,68
9,complete,1.0,60
9,complete,1.0,207
9,complete,1.0,125
9,complete,1.0,194
9,complete,1.0,52
9,complete,1.0,155
9,complete,1.0,96
9,complete,1.0,38
9,complete,1.0,51
9,complete,0.0,47
9,complete,1.0,99
9,complete,1.0,49
9,complete,1.0,126
9,complete,1.0,90
9,complete,1.0,70
9,complete,1.0,87
9,complete,1.0,164
9,complete,1.0,92
9,complete,1.0,77
9,complete,1.0,87
9,complete,1.0,88
9,complete,0.0,17
9,complete,1.0,183
9,complete,1.0,67
9,complete,1.0,74
9,complete,1.0,116
9,complete,1.0,115
9,complete,1.0,97
9,complete,1.0,72
9,complete,1.0,869
9,complete,1.0,32
9,complete,1.0,92
9,complete,1.0,137
9,complete,1.0,96
9,complete,1.0,128
9,complete,1.0,170
9,complete,0.0,58
9,complete,1.0,270
9,complete,1.0,231
9,complete,1.0,78
9,complete,0.0,40
9,complete,1.0,114
9,complete,1.0,51
9,complete,1.0,121
9,complete,1.0,191
9,complete,1.0,46
9,complete,1.0,63
9,complete,1.0,248
9,complete,1.0,221
9,complete,1.0,114
9,complete,0.0,12
9,complete,1.0,70
9,complete,1.0,110
9,complete,1.0,133
9,complete,1.0,42
9,complete,1.0,46
9,complete,1.0,152
9,complete,1.0,62
9,complete,1.0,56
9,complete,1.0,124
9,complete,1.0,400
9,complete,1.0,215
9,complete,1.0,548
9,complete,1.0,49
9,complete,0.0,22
9,complete,1.0,235
9,complete,0.0,50
9,complete,1.0,50
9,complete,1.0,124
9,complete,1.0,103
9,complete,1.0,167
9,complete,1.0,143
9,complete,0.0,12
9,complete,1.0,105
9,complete,1.0,144
9,complete,1.0,162
9,complete,1.0,240
9,complete,1.0,210
9,complete,1.0,43
9,complete,1.0,84
9,complete,1.0,167
9,complete,1.0,65
9,complete,1.0,129
9,complete,1.0,60
9,complete,1.0,30
9,complete,1.0,154
9,complete,1.0,177
9,complete,1.0,422
9,complete,1.0,140
9,complete,1.0,297
9,complete,1.0,55
9,complete,0.0,41
9,complete,1.0,666
9,complete,1.0,113
9,complete,0.0,8
9,complete,1.0,117
9,complete,0.0,168
9,complete,1.0,165
9,complete,1.0,52
9,complete,1.0,186
9,complete,1.0,227
9,complete,1.0,205
9,complete,1.0,259
9,complete,1.0,396
9,complete,1.0,81
9,complete,1.0,138
9,complete,1.0,119
9,complete,1.0,93
9,complete,1.0,126
9,complete,1.0,68
9,complete,1.0,276
9,complete,1.0,42
9,complete,1.0,118
9,complete,1.0,111
9,complete,1.0,169
9,complete,0.0,85
9,complete,1.0,134
9,complete,0.0,183
9,complete,0.0,86
9,complete,1.0,216
9,complete,0.0,15
9,complete,1.0,329
9,complete,1.0,77
9,complete,1.0,89
9,complete,1.0,338
9,complete,1.0,39
9,complete,1.0,85
9,complete,1.0,88
9,complete,1.0,122
9,complete,1.0,126
9,complete,1.0,73
9,complete,1.0,72
9,complete,1.0,27
9,complete,1.0,147
9,complete,1.0,65
9,complete,1.0,51
9,complete,1.0,56
9,complete,1.0,385
9,complete,1.0,96
9,complete,0.0,102
9,complete,1.0,107
9,complete,1.0,150
9,complete,1.0,24
9,complete,1.0,56
9,complete,1.0,114
9,complete,1.0,100
9,complete,1.0,79
9,complete,1.0,189
9,complete,1.0,49
9,complete,1.0,99
9,complete,1.0,48
9,complete,1.0,130
9,complete,1.0,70
9,complete,1.0,171
9,complete,1.0,176
9,complete,0.0,14
9,complete,0.0,89
9,complete,1.0,112
9,complete,1.0,84
9,complete,1.0,84
9,complete,1.0,80
9,complete,1.0,135
9,complete,1.0,122
9,complete,1.0,78
9,complete,1.0,121
9,complete,1.0,148
9,complete,1.0,42
9,complete,1.0,168
9,complete,1.0,171
9,complete,1.0,117
9,complete,1.0,129
9,complete,1.0,121
9,complete,1.0,169
9,complete,0.0,109
9,complete,1.0,36
9,complete,1.0,102
9,complete,1.0,69
9,complete,0.0,46
9,complete,1.0,131
9,complete,1.0,29
9,complete,1.0,99
9,complete,1.0,147
9,complete,1.0,285
9,complete,1.0,82
9,complete,1.0,121
9,complete,1.0,145
9,complete,1.0,178
9,complete,1.0,325
9,complete,1.0,188
9,complete,1.0,148
9,complete,1.0,61
9,complete,1.0,102
9,complete,1.0,201
9,complete,1.0,272
9,complete,1.0,150
9,complete,1.0,118
9,complete,1.0,57
9,complete,1.0,63
9,complete,1.0,299
9,complete,1.0,117
9,complete,1.0,346
9,complete,1.0,98
9,complete,1.0,31
9,complete,1.0,115
9,complete,1.0,70
9,complete,1.0,125
9,complete,1.0,120
9,complete,1.0,86
9,complete,1.0,111
9,complete,1.0,71
9,complete,1.0,124
9,complete,1.0,43
9,complete,1.0,72
9,complete,0.0,143
9,complete,1.0,164
9,complete,1.0,59
9,complete,1.0,146
9,complete,1.0,92
9,complete,1.0,75
9,complete,1.0,57
9,complete,1.0,259
9,complete,0.0,174
9,complete,1.0,268
9,complete,1.0,104
9,complete,1.0,86
9,complete,1.0,76
9,complete,1.0,323
9,complete,0.0,5
9,complete,1.0,79
9,complete,1.0,509
9,complete,1.0,228
9,complete,1.0,98
9,complete,1.0,95
9,complete,1.0,137
9,complete,1.0,122
9,complete,1.0,159
9,complete,1.0,89
9,complete,1.0,119
9,complete,0.0,26
9,complete,1.0,175
9,complete,1.0,155
9,complete,1.0,210
9,complete,0.0,1
9,complete,1.0,114
9,complete,1.0,187
9,complete,1.0,182
9,complete,0.0,49
9,complete,1.0,175
9,complete,1.0,76
9,complete,1.0,472
9,complete,1.0,168
9,complete,1.0,86
9,complete,1.0,139
9,complete,1.0,61
9,complete,1.0,159
9,complete,1.0,86
9,complete,1.0,196
9,complete,0.0,23
9,complete,1.0,63
9,complete,1.0,142
9,complete,1.0,151
9,complete,1.0,149
9,complete,1.0,90
9,complete,0.0,1
9,complete,1.0,100
9,complete,1.0,114
9,complete,0.0,18
9,complete,1.0,157
9,complete,0.0,16
9,complete,0.0,61
9,complete,1.0,183
9,complete,1.0,60
9,complete,1.0,95
9,complete,1.0,56
9,complete,0.0,22
9,complete,1.0,145
9,complete,0.0,224
9,complete,1.0,67
9,complete,1.0,127
9,complete,1.0,65
9,complete,1.0,127
9,complete,1.0,114
9,complete,1.0,78
9,complete,1.0,69
9,complete,1.0,142
9,complete,1.0,48
9,complete,1.0,80
9,complete,1.0,85
9,complete,1.0,144
9,complete,1.0,39
9,complete,1.0,136
9,complete,1.0,99
9,complete,1.0,77
9,complete,1.0,153
9,complete,0.0,21
9,complete,1.0,149
9,complete,1.0,53
9,complete,1.0,137
9,complete,1.0,67
9,complete,0.0,19
9,complete,0.0,300
9,complete,1.0,72
9,complete,1.0,380
9,complete,0.0,59
9,complete,1.0,282
9,complete,1.0,99
9,complete,1.0,338
9,complete,1.0,56
9,complete,0.0,122
9,complete,1.0,150
9,complete,1.0,139
9,complete,1.0,99
9,complete,1.0,82
10,cycle,1.0,606
10,cycle,1.0,307
10,cycle,1.0,1184
10,cycle,1.0,1148
10,cycle,1.0,327
10,cycle,1.0,461
10,cycle,1.0,821
10,cycle,1.0,407
10,cycle,1.0,421
10,cycle,1.0,908
10,cycle,1.0,748
10,cycle,1.0,567
10,cycle,0.0,68
10,cycle,1.0,998
10,cycle,1.0,247
10,cycle,1.0,507
10,cycle,1.0,820
10,cycle,1.0,931
10,cycle,1.0,241
10,cycle,1.0,1112
10,cycle,1.0,1106
10,cycle,1.0,980
10,cycle,1.0,1409
10,cycle,1.0,712
10,cycle,1.0,737
10,cycle,1.0,1236
10,cycle,1.0,471
10,cycle,1.0,821
10,cycle,1.0,1337
10,cycle,1.0,812
10,cycle,1.0,705
10,cycle,1.0,818
10,cycle,1.0,589
10,cycle,1.0,526
10,cycle,1.0,775
10,cycle,1.0,418
10,cycle,1.0,1153
10,cycle,1.0,2107
10,cycle,1.0,948
10,cycle,1.0,790
10,cycle,1.0,688
10,cycle,1.0,782
10,cycle,1.0,736
10,cycle,1.0,532
10,cycle,1.0,1317
10,cycle,1.0,417
10,cycle,1.0,335
10,cycle,1.0,703
10,cycle,1.0,559
10,cycle,1.0,1041
10,cycle,1.0,652
10,cycle,1.0,1092
10,cycle,1.0,601
10,cycle,1.0,1324
10,cycle,1.0,778
10,cycle,1.0,603
10,cycle,1.0,519
10,cycle,1.0,1002
10,cycle,1.0,465
10,cycle,1.0,600
10,cycle,1.0,497
10,cycle,1.0,2045
10,cycle,1.0,906
10,cycle,1.0,570
10,cycle,1.0,963
10,cycle,0.0,22
10,cycle,1.0,529
10,cycle,1.0,363
10,cycle,1.0,442
10,cycle,1.0,1428
10,cycle,1.0,1073
10,cycle,1.0,1363
10,cycle,1.0,1210
10,cycle,1.0,765
10,cycle,1.0,1001
10,cycle,1.0,885
10,cycle,1.0,1728
10,cycle,1.0,652
10,cycle,1.0,401
10,cycle,1.0,558
10,cycle,1.0,1854
10,cycle,1.0,598
10,cycle,1.0,854
10,cycle,1.0,832
10,cycle,1.0,764
10,cycle,1.0,1285
10,cycle,1.0,603
10,cycle,1.0,2017
10,cycle,1.0,843
10,cycle,1.0,448
10,cycle,1.0,1193
10,cycle,0.0,271
10,cycle,1.0,1262
10,cycle,1.0,1001
10,cycle,1.0,1267
10,cycle,1.0,956
10,cycle,1.0,1319
10,cycle,1.0,1025
10,cycle,1.0,420
10,cycle,1.0,1215
10,cycle,1.0,760
10,cycle,1.0,735
10,cycle,1.0,859
10,cycle,1.0,875
10,cycle,1.0,1577
10,cycle,1.0,574
10,cycle,1.0,526
10,cycle,1.0,569
10,cycle,1.0,1983
10,cycle,1.0,556
10,cycle,1.0,1958
10,cycle,1.0,339
10,cycle,1.0,1359
10,cycle,1.0,623
10,cycle,1.0,886
10,cycle,1.0,365
10,cycle,1.0,494
10,cycle,1.0,745
10,cycle,1.0,398
10,cycle,1.0,607
10,cycle,1.0,1095
10,cycle,1.0,327
10,cycle,1.0,802
10,cycle,1.0,620
10,cycle,1.0,1374
10,cycle,1.0,434
10,cycle,1.0,654
10,cycle,1.0,1124
10,cycle,1.0,670
10,cycle,1.0,343
10,cycle,1.0,359
10,cycle,1.0,1367
10,cycle,1.0,853
10,cycle,1.0,979
10,cycle,1.0,928
10,cycle,1.0,1086
10,cycle,1.0,766
10,cycle,1.0,687
10,cycle,1.0,343
10,cycle,1.0,319
10,cycle,1.0,1622
10,cycle,1.0,460
10,cycle,1.0,388
10,cycle,1.0,503
10,cycle,1.0,892
10,cycle,1.0,745
10,cycle,1.0,263
10,cycle,1.0,707
10,cycle,1.0,846
10,cycle,1.0,589
10,cycle,1.0,363
10,cycle,1.0,2205
10,cycle,1.0,776
10,cycle,1.0,521
10,cycle,1.0,456
10,cycle,1.0,325
10,cycle,1.0,573
10,cycle,1.0,897
10,cycle,1.0,938
10,cycle,1.0,513
10,cycle,1.0,958
10,cycle,1.0,607
10,cycle,1.0,718
10,cycle,1.0,667
10,cycle,0.0,194
10,cycle,1.0,1464
10,cycle,1.0,753
10,cycle,1.0,597
10,cycle,1.0,1191
10,cycle,1.0,245
10,cycle,1.0,1188
10,cycle,1.0,1038
10,cycle,1.0,207
10,cycle,1.0,708
10,cycle,1.0,341
10,cycle,1.0,226
10,cycle,1.0,863
10,cycle,1.0,224
10,cycle,1.0,946
10,cycle,1.0,548
10,cycle,1.0,1685
10,cycle,0.0,51
10,cycle,1.0,1078
10,cycle,1.0,940
10,cycle,1.0,1070
10,cycle,1.0,1600
10,cycle,1.0,1354
10,cycle,1.0,727
10,cycle,1.0,336
10,cycle,1.0,1131
10,cycle,1.0,793
10,cycle,1.0,719
10,cycle,1.0,953
10,cycle,1.0,995
10,cycle,1.0,798
10,cycle,1.0,278
10,cycle,1.0,744
10,cycle,1.0,379
10,cycle,1.0,510
10,cycle,1.0,511
10,cycle,1.0,720
10,cycle,1.0,250
10,cycle,1.0,209
10,cycle,1.0,577
10,cycle,0.0,3
10,cycle,1.0,864
10,cycle,1.0,489
10,cycle,1.0,1050
10,cycle,1.0,529
10,cycle,1.0,1049
10,cycle,0.0,1
10,cycle,1.0,1468
10,cycle,1.0,631
10,cycle,1.0,2086
10,cycle,1.0,348
10,cycle,1.0,274
10,cycle,1.0,1404
10,cycle,1.0,1073
10,cycle,1.0,756
10,cycle,1.0,1015
10,cycle,1.0,859
10,cycle,1.0,1443
10,cycle,1.0,1409
10,cycle,1.0,505
10,cycle,1.0,1693
10,cycle,1.0,1355
10,cycle,1.0,1360
10,cycle,1.0,209
10,cycle,0.0,140
10,cycle,1.0,896
10,cycle,1.0,415
10,cycle,1.0,363
10,cycle,1.0,1656
10,cycle,1.0,682
10,cycle,0.0,72
10,cycle,1.0,490
10,cycle,1.0,1516
10,cycle,1.0,2707
10,cycle,1.0,656
10,cycle,1.0,743
10,cycle,1.0,318
10,cycle,1.0,747
10,cycle,1.0,631
10,cycle,1.0,448
10,cycle,1.0,480
10,cycle,1.0,766
10,cycle,1.0,287
10,cycle,1.0,845
10,cycle,1.0,407
10,cycle,1.0,834
10,cycle,1.0,983
10,cycle,1.0,743
10,cycle,1.0,574
10,cycle,0.0,1
10,cycle,1.0,1466
10,cycle,0.0,224
10,cycle,1.0,688
10,cycle,1.0,2294
10,cycle,1.0,711
10,cycle,1.0,554
10,cycle,1.0,868
10,cycle,1.0,887
10,cycle,1.0,671
10,cycle,1.0,885
10,cycle,1.0,1446
10,cycle,1.0,562
10,cycle,1.0,1428
10,cycle,1.0,934
10,cycle,1.0,535
10,cycle,1.0,702
10,cycle,1.0,532
10,cycle,1.0,495
10,cycle,1.0,940
10,cycle,1.0,1891
10,cycle,1.0,910
10,cycle,1.0,1296
10,cycle,1.0,668
10,cycle,1.0,1119
10,cycle,1.0,934
10,cycle,1.0,630
10,cycle,1.0,633
10,cycle,1.0,987
10,cycle,1.0,1062
10,cycle,1.0,930
10,cycle,1.0,1215
10,cycle,1.0,545
10,cycle,1.0,524
10,cycle,1.0,733
10,cycle,1.0,1491
10,cycle,1.0,381
10,cycle,0.0,37
10,cycle,1.0,1789
10,cycle,1.0,585
10,cycle,1.0,998
10,cycle,1.0,942
10,cycle,1.0,1670
10,cycle,1.0,1407
10,cycle,1.0,540
10,cycle,1.0,2043
10,cycle,0.0,31
10,cycle,1.0,766
10,cycle,1.0,881
10,cycle,1.0,594
10,cycle,1.0,886
10,cycle,1.0,198
10,cycle,1.0,381
10,cycle,1.0,2044
10,cycle,1.0,963
10,cycle,1.0,306
10,cycle,1.0,830
10,cycle,1.0,478
10,cycle,1.0,997
10,cycle,1.0,566
10,cycle,1.0,783
10,cycle,1.0,849
10,cycle,1.0,1224
10,cycle,1.0,476
10,cycle,1.0,392
10,cycle,1.0,286
10,cycle,1.0,635
10,cycle,1.0,1738
10,cycle,1.0,1601
10,cycle,1.0,667
10,cycle,1.0,1708
10,cycle,1.0,755
10,cycle,1.0,595
10,cycle,1.0,1264
10,cycle,1.0,384
10,cycle,1.0,631
10,cycle,1.0,822
10,cycle,1.0,803
10,cycle,1.0,490
10,cycle,1.0,616
10,cycle,1.0,925
10,cycle,1.0,2438
10,cycle,1.0,859
10,cycle,1.0,198
10,cycle,1.0,1012
10,cycle,1.0,774
10,cycle,1.0,349
10,cycle,1.0,1926
10,cycle,1.0,811
10,cycle,1.0,2145
10,cycle,1.0,1083
10,cycle,1.0,460
10,cycle,1.0,882
10,cycle,1.0,979
10,cycle,1.0,362
10,cycle,1.0,1137
10,cycle,1.0,445
10,cycle,1.0,350
10,cycle,1.0,1070
10,cycle,1.0,468
10,cycle,1.0,766
10,cycle,1.0,272
10,cycle,1.0,767
10,cycle,1.0,301
10,cycle,1.0,496
10,cycle,1.0,224
10,cycle,1.0,641
10,cycle,1.0,628
10,cycle,1.0,856
10,cycle,1.0,1739
10,cycle,1.0,588
10,cycle,1.0,1269
10,cycle,1.0,1587
10,cycle,1.0,1108
10,cycle,1.0,2474
10,cycle,1.0,1508
10,cycle,1.0,1281
10,cycle,1.0,262
10,cycle,1.0,1716
10,cycle,1.0,595
10,cycle,1.0,1176
10,cycle,1.0,927
10,cycle,1.0,610
10,cycle,1.0,1374
10,cycle,1.0,1402
10,cycle,1.0,1155
10,cycle,1.0,526
10,cycle,1.0,1251
10,cycle,1.0,711
10,cycle,1.0,2226
10,cycle,1.0,554
10,cycle,1.0,623
10,cycle,1.0,410
10,cycle,1.0,492
10,cycle,1.0,977
10,cycle,1.0,809
10,cycle,1.0,675
10,cycle,1.0,894
10,cycle,1.0,452
10,cycle,1.0,1245
10,cycle,1.0,1889
10,cycle,1.0,508
10,cycle,1.0,902
10,cycle,1.0,526
10,cycle,1.0,1063
10,cycle,1.0,1291
10,cycle,1.0,1164
10,cycle,1.0,400
10,cycle,1.0,541
10,cycle,1.0,1018
10,cycle,1.0,286
10,cycle,1.0,1028
10,cycle,1.0,137
10,cycle,1.0,467
10,cycle,1.0,1640
10,cycle,1.0,940
10,cycle,1.0,1734
10,cycle,1.0,1251
10,cycle,1.0,849
10,cycle,1.0,756
10,cycle,1.0,407
10,cycle,1.0,1453
10,cycle,1.0,280
10,cycle,1.0,950
10,cycle,1.0,409
10,cycle,1.0,415
10,cycle,0.0,129
10,cycle,1.0,657
10,cycle,1.0,1361
10,cycle,1.0,257
10,cycle,1.0,1073
10,cycle,1.0,1810
10,cycle,1.0,1336
10,cycle,1.0,518
10,cycle,1.0,2109
10,cycle,1.0,1168
10,cycle,1.0,826
10,cycle,1.0,1643
10,cycle,1.0,699
10,cycle,1.0,532
10,cycle,1.0,431
10,cycle,1.0,439
10,cycle,1.0,1228
10,cycle,1.0,421
10,cycle,1.0,575
10,cycle,1.0,1486
10,cycle,1.0,1504
10,cycle,1.0,911
10,cycle,1.0,1679
10,cycle,1.0,1097
10,cycle,1.0,1367
10,cycle,1.0,743
10,cycle,1.0,668
10,cycle,0.0,16
10,cycle,1.0,360
10,cycle,1.0,1758
10,cycle,1.0,1012
10,cycle,1.0,1534
10,cycle,1.0,1122
10,cycle,1.0,559
10,cycle,1.0,662
10,cycle,0.0,71
10,cycle,1.0,822
10,cycle,1.0,1234
10,cycle,1.0,471
10,cycle,1.0,453
10,cycle,1.0,634
10,cycle,1.0,2633
10,cycle,1.0,429
10,cycle,1.0,1314
10,cycle,1.0,779
10,cycle,1.0,505
10,cycle,1.0,1044
10,cycle,1.0,1077
10,cycle,1.0,1577
10,cycle,1.0,1241
10,cycle,1.0,464
10,cycle,1.0,378
10,cycle,1.0,1018
10,cycle,1.0,345
10,cycle,1.0,403
10,cycle,1.0,309
10,cycle,1.0,607
10,cycle,1.0,208
10,cycle,1.0,525
10,cycle,1.0,1093
10,cycle,1.0,650
10,cycle,1.0,386
10,cycle,1.0,434
10,cycle,1.0,1113
10,cycle,1.0,1149
10,cycle,0.0,200
10,cycle,1.0,834
10,cycle,1.0,2804
10,cycle,1.0,2089
10,cycle,1.0,1028
10,cycle,1.0,664
10,cycle,1.0,664
10,cycle,1.0,1684
10,cycle,1.0,638
10,cycle,1.0,235
10,cycle,1.0,787
10,cycle,1.0,592
10,cycle,0.0,83
10,cycle,1.0,659
10,cycle,1.0,737
10,cycle,1.0,1323
10,cycle,1.0,1299
10,cycle,1.0,301
10,cycle,1.0,347
10,cycle,1.0,523
10,cycle,1.0,473
10,cycle,1.0,356
10,cycle,1.0,963
10,cycle,1.0,921
10,cycle,1.0,229
10,cycle,0.0,77
10,cycle,0.0,84
10,cycle,1.0,1576
10,cycle,1.0,903
10,cycle,1.0,1294
10,cycle,1.0,863
10,cycle,1.0,502
10,cycle,1.0,1675
10,cycle,1.0,1301
10,cycle,1.0,886
10,cycle,1.0,354
10,cycle,1.0,518
10,cycle,1.0,528
10,cycle,1.0,376
10,cycle,1.0,478
10,cycle,1.0,1492
10,cycle,1.0,521
10,cycle,1.0,448
10,cycle,1.0,284
10,cycle,1.0,771
10,cycle,1.0,583
10,cycle,1.0,414
10,cycle,1.0,651
10,cycle,1.0,666
10,cycle,1.0,1388
10,cycle,1.0,973
10,cycle,1.0,656
10,cycle,1.0,1486
10,cycle,1.0,1143
10,cycle,1.0,1096
10,cycle,1.0,707
10,cycle,1.0,1207
10,cycle,1.0,2153
10,cycle,1.0,1070
10,cycle,1.0,447
10,cycle,1.0,780
10,cycle,1.0,866
10,cycle,1.0,271
10,cycle,1.0,961
10,cycle,1.0,848
10,cycle,1.0,702
10,cycle,1.0,452
10,cycle,1.0,601
10,cycle,1.0,360
10,cycle,1.0,1305
10,cycle,1.0,445
10,cycle,1.0,630
10,cycle,1.0,307
10,cycle,1.0,847
10,cycle,1.0,340
10,cycle,1.0,677
10,cycle,1.0,1232
10,cycle,0.0,216
10,cycle,1.0,234
10,cycle,1.0,525
10,cycle,1.0,1482
10,cycle,1.0,519
10,cycle,1.0,1028
10,cycle,1.0,1470
10,cycle,1.0,431
10,cycle,1.0,927
10,cycle,1.0,2660
10,cycle,1.0,866
10,cycle,1.0,1802
10,cycle,1.0,1807
10,cycle,1.0,787
10,cycle,1.0,590
10,cycle,1.0,1307
10,cycle,1.0,1159
10,cycle,1.0,511
10,cycle,1.0,2212
10,cycle,1.0,872
10,cycle,1.0,991
10,cycle,1.0,722
10,cycle,1.0,559
10,cycle,1.0,1220
10,cycle,1.0,728
10,cycle,1.0,314
10,cycle,1.0,775
10,cycle,1.0,310
10,cycle,1.0,656
10,cycle,1.0,912
10,cycle,1.0,1596
10,cycle,1.0,858
10,cycle,1.0,521
10,cycle,1.0,1217
10,cycle,1.0,261
10,cycle,1.0,679
10,cycle,1.0,665
10,cycle,1.0,222
10,cycle,1.0,1190
10,cycle,1.0,556
10,cycle,1.0,341
10,cycle,1.0,755
10,cycle,1.0,646
10,cycle,1.0,798
10,cycle,1.0,531
10,cycle,1.0,951
10,cycle,1.0,615
10,cycle,1.0,850
10,cycle,1.0,1045
10,cycle,1.0,939
10,cycle,1.0,1431
10,cycle,1.0,1631
10,cycle,1.0,432
10,cycle,1.0,623
10,cycle,1.0,1387
10,cycle,1.0,1058
10,cycle,1.0,571
10,cycle,1.0,736
10,cycle,1.0,309
10,cycle,1.0,265
10,cycle,1.0,297
10,cycle,1.0,134
10,cycle,1.0,364
10,cycle,1.0,1025
10,cycle,1.0,904
10,cycle,1.0,1121
10,cycle,1.0,1227
10,cycle,0.0,206
10,cycle,1.0,316
10,cycle,1.0,912
10,cycle,1.0,1011
10,cycle,1.0,1621
10,cycle,1.0,1655
10,cycle,1.0,661
10,cycle,1.0,471
10,cycle,1.0,768
10,cycle,1.0,612
10,cycle,1.0,869
10,cycle,1.0,561
10,cycle,1.0,301
10,cycle,1.0,720
10,cycle,1.0,1805
10,cycle,1.0,462
10,cycle,1.0,576
10,cycle,1.0,1527
10,cycle,1.0,948
10,cycle,1.0,1153
10,cycle,1.0,569
10,cycle,1.0,1759
10,cycle,1.0,1324
10,cycle,1.0,437
10,cycle,1.0,1123
10,cycle,1.0,661
10,cycle,1.0,458
10,cycle,1.0,715
10,cycle,1.0,577
10,cycle,1.0,538
10,cycle,1.0,1432
10,cycle,1.0,605
10,cycle,1.0,1279
10,cycle,1.0,477
10,cycle,1.0,1055
10,cycle,1.0,412
10,cycle,1.0,1988
10,cycle,1.0,705
10,cycle,1.0,1222
10,cycle,1.0,687
10,cycle,1.0,201
10,cycle,1.0,651
10,cycle,1.0,1034
10,cycle,1.0,1068
10,cycle,1.0,436
10,cycle,1.0,556
10,cycle,1.0,1556
10,cycle,1.0,536
10,cycle,1.0,381
10,cycle,1.0,566
10,cycle,1.0,654
10,cycle,1.0,713
10,cycle,1.0,263
10,cycle,1.0,554
10,cycle,1.0,684
10,cycle,1.0,658
10,cycle,1.0,1098
10,cycle,1.0,876
10,cycle,1.0,475
10,cycle,1.0,493
10,cycle,1.0,548
10,cycle,0.0,203
10,cycle,1.0,448
10,cycle,1.0,1159
10,cycle,1.0,2149
10,cycle,1.0,690
10,cycle,1.0,1414
10,cycle,1.0,306
10,cycle,1.0,1019
10,cycle,1.0,743
10,cycle,1.0,670
10,cycle,1.0,1092
10,cycle,1.0,417
10,cycle,1.0,2322
10,cycle,1.0,599
10,cycle,1.0,1929
10,cycle,1.0,272
10,cycle,1.0,979
10,cycle,1.0,399
10,cycle,1.0,1611
10,cycle,1.0,1361
10,cycle,1.0,2165
10,cycle,1.0,855
10,cycle,1.0,466
10,cycle,1.0,779
10,cycle,1.0,821
10,cycle,1.0,1586
10,cycle,1.0,297
10,cycle,1.0,324
10,cycle,1.0,1453
10,cycle,1.0,1428
10,cycle,1.0,566
10,cycle,1.0,686
10,cycle,1.0,674
10,cycle,1.0,775
10,cycle,1.0,1352
10,cycle,0.0,30
10,cycle,1.0,1336
10,cycle,1.0,890
10,cycle,1.0,443
10,cycle,1.0,1352
10,cycle,1.0,1124
10,cycle,1.0,1619
10,cycle,1.0,898
10,cycle,1.0,964
10,cycle,1.0,398
10,cycle,1.0,758
10,cycle,1.0,388
10,cycle,1.0,955
10,cycle,1.0,888
10,cycle,1.0,1097
10,cycle,1.0,317
10,cycle,0.0,362
10,cycle,1.0,552
10,cycle,1.0,589
10,cycle,1.0,993
10,cycle,1.0,571
10,cycle,1.0,160
10,cycle,1.0,674
10,cycle,1.0,696
10,cycle,1.0,1501
10,cycle,1.0,980
10,cycle,1.0,1190
10,cycle,1.0,900
10,cycle,1.0,294
10,cycle,1.0,238
10,cycle,1.0,469
10,cycle,1.0,423
10,cycle,1.0,538
10,cycle,1.0,508
10,cycle,1.0,187
10,cycle,1.0,604
10,cycle,1.0,1383
10,cycle,1.0,864
10,cycle,1.0,841
10,cycle,1.0,660
10,cycle,1.0,1293
10,cycle,0.0,418
10,cycle,1.0,586
10,cycle,1.0,658
10,cycle,1.0,669
10,cycle,1.0,366
10,cycle,1.0,1473
10,cycle,1.0,424
10,cycle,1.0,875
10,cycle,1.0,1013
10,cycle,1.0,613
10,cycle,1.0,1058
10,cycle,1.0,477
10,cycle,1.0,391
10,cycle,1.0,553
10,cycle,1.0,655
10,cycle,1.0,1016
10,cycle,1.0,1592
10,cycle,1.0,668
10,cycle,1.0,364
10,cycle,1.0,685
10,cycle,1.0,310
10,cycle,1.0,542
10,cycle,1.0,1450
10,cycle,1.0,987
10,cycle,1.0,975
10,cycle,1.0,1237
10,cycle,1.0,1796
10,cycle,1.0,451
10,cycle,1.0,617
10,cycle,1.0,1757
10,cycle,1.0,1071
10,cycle,1.0,785
10,cycle,1.0,2464
10,cycle,1.0,994
10,cycle,1.0,545
10,cycle,1.0,1847
10,cycle,1.0,725
10,cycle,1.0,542
10,cycle,0.0,213
10,cycle,1.0,2300
10,cycle,1.0,190
10,cycle,1.0,778
10,cycle,1.0,726
10,cycle,1.0,662
10,cycle,1.0,497
10,cycle,1.0,1907
10,cycle,1.0,1348
10,cycle,1.0,562
10,cycle,1.0,1279
10,cycle,1.0,865
10,cycle,1.0,341
10,cycle,1.0,930
10,cycle,1.0,1245
10,cycle,1.0,714
10,cycle,1.0,916
10,cycle,1.0,846
10,cycle,1.0,847
10,cycle,1.0,628
10,cycle,1.0,356
10,cycle,1.0,1345
10,cycle,1.0,534
10,cycle,1.0,962
10,cycle,0.0,334
10,cycle,1.0,906
10,cycle,1.0,791
10,cycle,1.0,1291
10,cycle,1.0,435
10,cycle,1.0,986
10,cycle,1.0,981
10,cycle,1.0,1915
10,cycle,1.0,524
10,cycle,1.0,348
10,cycle,1.0,2289
10,cycle,1.0,486
10,cycle,1.0,357
10,cycle,1.0,675
10,cycle,1.0,582
10,cycle,1.0,2466
10,cycle,1.0,1238
10,cycle,1.0,893
10,cycle,1.0,917
10,cycle,1.0,667
10,cycle,1.0,318
10,cycle,1.0,874
10,cycle,1.0,721
10,cycle,1.0,435
10,cycle,1.0,1680
10,cycle,1.0,865
10,cycle,1.0,2093
10,cycle,1.0,1259
10,cycle,1.0,437
10,cycle,1.0,299
10,cycle,1.0,452
10,cycle,1.0,514
10,cycle,1.0,1054
10,cycle,1.0,506
10,cycle,1.0,1193
10,cycle,1.0,912
10,cycle,1.0,412
10,cycle,1.0,1700
10,cycle,1.0,565
10,cycle,1.0,455
10,cycle,1.0,657
10,cycle,1.0,891
10,cycle,1.0,614
10,cycle,1.0,1537
10,cycle,1.0,390
10,cycle,1.0,856
10,cycle,1.0,824
10,cycle,1.0,504
10,cycle,1.0,291
10,cycle,1.0,663
10,cycle,1.0,1298
10,cycle,1.0,654
10,cycle,1.0,390
10,cycle,1.0,766
10,cycle,1.0,495
10,cycle,1.0,558
10,cycle,1.0,1481
10,cycle,1.0,1544
10,cycle,1.0,326
10,cycle,1.0,930
10,cycle,1.0,1116
10,cycle,1.0,935
10,cycle,1.0,1084
10,cycle,1.0,218
10,cycle,1.0,420
10,cycle,1.0,1370
10,cycle,1.0,526
10,cycle,1.0,1077
10,cycle,1.0,330
10,cycle,1.0,1464
10,cycle,1.0,1207
10,cycle,1.0,389
10,cycle,1.0,719
10,cycle,1.0,366
10,cycle,1.0,717
10,cycle,1.0,950
10,cycle,1.0,668
10,cycle,1.0,804
10,cycle,1.0,349
10,cycle,1.0,1153
10,cycle,1.0,467
10,cycle,1.0,560
10,cycle,1.0,2346
10,cycle,1.0,1259
10,cycle,1.0,1619
10,cycle,0.0,4
10,cycle,1.0,452
10,cycle,0.0,148
10,cycle,1.0,446
10,cycle,1.0,768
10,cycle,1.0,914
10,cycle,1.0,914
10,cycle,1.0,684
10,cycle,1.0,396
10,cycle,1.0,416
10,cycle,1.0,346
10,cycle,1.0,426
10,cycle,0.0,64
10,cycle,1.0,436
10,cycle,1.0,151
10,cycle,1.0,804
10,cycle,1.0,505
10,cycle,1.0,1100
10,cycle,1.0,755
10,cycle,1.0,903
10,cycle,1.0,1442
10,cycle,1.0,1670
10,cycle,1.0,396
10,cycle,1.0,145
10,cycle,1.0,778
10,cycle,1.0,297
10,cycle,1.0,618
10,cycle,1.0,530
10,cycle,1.0,1071
10,cycle,1.0,1597
10,cycle,1.0,836
10,cycle,1.0,1338
10,cycle,1.0,573
10,cycle,1.0,636
10,cycle,1.0,317
10,cycle,1.0,953
10,cycle,1.0,891
10,cycle,1.0,468
10,cycle,1.0,866
10,cycle,1.0,810
10,cycle,1.0,1294
10,cycle,1.0,1467
10,cycle,1.0,755
10,cycle,1.0,846
10,cycle,1.0,629
10,cycle,1.0,512
10,cycle,1.0,626
10,cycle,1.0,2348
10,cycle,1.0,370
10,cycle,1.0,737
10,cycle,1.0,745
10,cycle,1.0,737
10,cycle,1.0,478
10,cycle,1.0,1034
10,cycle,1.0,555
10,cycle,1.0,243
10,cycle,1.0,592
10,cycle,1.0,761
10,cycle,1.0,824
10,cycle,1.0,1441
10,cycle,1.0,918
10,cycle,1.0,301
10,cycle,1.0,971
10,cycle,1.0,903
10,cycle,1.0,1414
10,cycle,1.0,354
10,cycle,1.0,291
10,cycle,1.0,810
10,cycle,1.0,1121
10,cycle,1.0,421
10,cycle,1.0,1366
10,cycle,1.0,1815
10,cycle,1.0,452
10,cycle,0.0,37
10,cycle,1.0,1565
10,cycle,1.0,1419
10,cycle,1.0,1543
10,cycle,1.0,662
10,cycle,1.0,1312
10,cycle,1.0,1301
10,cycle,1.0,564
10,cycle,1.0,727
10,cycle,1.0,586
10,cycle,1.0,1045
10,cycle,1.0,1045
10,cycle,1.0,492
10,cycle,1.0,344
10,cycle,1.0,962
10,wheel,1.0,437
10,wheel,1.0,541
10,wheel,1.0,412
10,wheel,1.0,305
10,wheel,1.0,179
10,wheel,1.0,256
10,wheel,1.0,151
10,wheel,1.0,120
10,wheel,1.0,655
10,wheel,1.0,376
10,wheel,1.0,358
10,wheel,1.0,1163
10,wheel,1.0,188
10,wheel,1.0,1025
10,wheel,1.0,708
10,wheel,1.0,556
10,wheel,1.0,468
10,wheel,1.0,380
10,wheel,1.0,332
10,wheel,1.0,646
10,wheel,1.0,305
10,wheel,1.0,281
10,wheel,1.0,733
10,wheel,1.0,340
10,wheel,1.0,818
10,wheel,1.0,113
10,wheel,1.0,505
10,wheel,1.0,1120
10,wheel,1.0,510
10,wheel,1.0,520
10,wheel,1.0,943
10,wheel,1.0,272
10,wheel,1.0,343
10,wheel,1.0,605
10,wheel,1.0,770
10,wheel,0.0,87
10,wheel,1.0,615
10,wheel,1.0,225
10,wheel,1.0,580
10,wheel,1.0,486
10,wheel,1.0,242
10,wheel,0.0,387
10,wheel,1.0,581
10,wheel,1.0,1582
10,wheel,1.0,447
10,wheel,1.0,623
10,wheel,1.0,634
10,wheel,1.0,184
10,wheel,1.0,370
10,wheel,1.0,557
10,wheel,1.0,382
10,wheel,1.0,1039
10,wheel,1.0,162
10,wheel,1.0,830
10,wheel,1.0,168
10,wheel,1.0,410
10,wheel,1.0,222
10,wheel,1.0,241
10,wheel,1.0,505
10,wheel,1.0,637
10,wheel,0.0,67
10,wheel,1.0,280
10,wheel,1.0,231
10,wheel,1.0,697
10,wheel,1.0,230
10,wheel,1.0,617
10,wheel,1.0,305
10,wheel,1.0,468
10,wheel,1.0,183
10,wheel,1.0,333
10,wheel,1.0,145
10,wheel,1.0,125
10,wheel,1.0,260
10,wheel,1.0,871
10,wheel,1.0,248
10,wheel,1.0,287
10,wheel,1.0,328
10,wheel,1.0,203
10,wheel,1.0,357
10,wheel,1.0,298
10,wheel,0.0,70
10,wheel,1.0,273
10,wheel,1.0,565
10,wheel,1.0,153
10,wheel,1.0,732
10,wheel,1.0,584
10,wheel,1.0,367
10,wheel,1.0,326
10,wheel,1.0,136
10,wheel,1.0,187
10,wheel,1.0,360
10,wheel,1.0,377
10,wheel,1.0,173
10,wheel,1.0,345
10,wheel,1.0,230
10,wheel,1.0,359
10,wheel,1.0,345
10,wheel,1.0,837
10,wheel,1.0,567
10,wheel,1.0,247
10,wheel,1.0,346
10,wheel,1.0,324
10,wheel,1.0,698
10,wheel,1.0,174
10,wheel,1.0,568
10,wheel,1.0,1464
10,wheel,0.0,222
10,wheel,1.0,197
10,wheel,1.0,179
10,wheel,1.0,172
10,wheel,1.0,470
10,wheel,1.0,577
10,wheel,1.0,136
10,wheel,1.0,526
10,wheel,1.0,202
10,wheel,1.0,468
10,wheel,1.0,158
10,wheel,1.0,184
10,wheel,1.0,486
10,wheel,1.0,120
10,wheel,1.0,935
10,wheel,1.0,412
10,wheel,1.0,428
10,wheel,1.0,202
10,wheel,1.0,309
10,wheel,1.0,352
10,wheel,1.0,167
10,wheel,1.0,545
10,wheel,1.0,117
10,wheel,1.0,409
10,wheel,1.0,655
10,wheel,1.0,643
10,wheel,1.0,1283
10,wheel,1.0,209
10,wheel,1.0,308
10,wheel,1.0,323
10,wheel,1.0,308
10,wheel,1.0,449
10,wheel,1.0,653
10,wheel,1.0,197
10,wheel,1.0,301
10,wheel,1.0,207
10,wheel,1.0,501
10,wheel,1.0,251
10,wheel,0.0,8
10,wheel,1.0,563
10,wheel,1.0,235
10,wheel,1.0,869
10,wheel,1.0,79
10,wheel,1.0,327
10,wheel,0.0,89
10,wheel,1.0,243
10,wheel,1.0,380
10,wheel,1.0,275
10,wheel,1.0,119
10,wheel,1.0,260
10,wheel,1.0,413
10,wheel,1.0,238
10,wheel,1.0,256
10,wheel,1.0,725
10,wheel,1.0,191
10,wheel,1.0,324
10,wheel,1.0,216
10,wheel,1.0,527
10,wheel,1.0,293
10,wheel,1.0,287
10,wheel,1.0,444
10,wheel,1.0,294
10,wheel,1.0,277
10,wheel,1.0,316
10,wheel,1.0,376
10,wheel,1.0,317
10,wheel,1.0,284
10,wheel,1.0,148
10,wheel,1.0,168
10,wheel,1.0,328
10,wheel,1.0,599
10,wheel,0.0,39
10,wheel,1.0,241
10,wheel,1.0,328
10,wheel,1.0,482
10,wheel,1.0,219
10,wheel,1.0,633
10,wheel,1.0,158
10,wheel,1.0,385
10,wheel,1.0,378
10,wheel,1.0,163
10,wheel,1.0,361
10,wheel,1.0,816
10,wheel,1.0,249
10,wheel,1.0,580
10,wheel,1.0,246
10,wheel,1.0,388
10,wheel,1.0,186
10,wheel,1.0,552
10,wheel,1.0,801
10,wheel,1.0,641
10,wheel,1.0,321
10,wheel,1.0,977
10,wheel,1.0,645
10,wheel,1.0,427
10,wheel,1.0,473
10,wheel,1.0,230
10,wheel,1.0,595
10,wheel,1.0,394
10,wheel,1.0,272
10,wheel,1.0,412
10,wheel,0.0,46
10,wheel,1.0,342
10,wheel,1.0,547
10,wheel,1.0,649
10,wheel,1.0,337
10,wheel,1.0,307
10,wheel,1.0,197
10,wheel,1.0,379
10,wheel,1.0,127
10,wheel,1.0,318
10,wheel,1.0,397
10,wheel,1.0,146
10,wheel,1.0,420
10,wheel,1.0,677
10,wheel,1.0,322
10,wheel,1.0,464
10,wheel,1.0,339
10,wheel,1.0,650
10,wheel,1.0,484
10,wheel,1.0,295
10,wheel,1.0,654
10,wheel,1.0,299
10,wheel,1.0,1158
10,wheel,1.0,575
10,wheel,1.0,555
10,wheel,1.0,241
10,wheel,1.0,259
10,wheel,1.0,276
10,wheel,1.0,809
10,wheel,1.0,371
10,wheel,1.0,218
10,wheel,1.0,342
10,wheel,1.0,204
10,wheel,1.0,538
10,wheel,1.0,140
10,wheel,1.0,276
10,wheel,1.0,332
10,wheel,1.0,422
10,wheel,1.0,525
10,wheel,1.0,546
10,wheel,1.0,328
10,wheel,1.0,253
10,wheel,1.0,425
10,wheel,1.0,445
10,wheel,1.0,458
10,wheel,1.0,443
10,wheel,1.0,637
10,wheel,1.0,180
10,wheel,1.0,266
10,wheel,1.0,593
10,wheel,1.0,480
10,wheel,1.0,176
10,wheel,1.0,265
10,wheel,1.0,296
10,wheel,0.0,84
10,wheel,1.0,844
10,wheel,1.0,874
10,wheel,1.0,489
10,wheel,1.0,310
10,wheel,1.0,530
10,wheel,1.0,670
10,wheel,1.0,320
10,wheel,0.0,83
10,wheel,1.0,283
10,wheel,0.0,52
10,wheel,1.0,108
10,wheel,1.0,477
10,wheel,1.0,587
10,wheel,1.0,144
10,wheel,1.0,214
10,wheel,1.0,689
10,wheel,1.0,363
10,wheel,1.0,818
10,wheel,1.0,267
10,wheel,1.0,354
10,wheel,1.0,612
10,wheel,1.0,195
10,wheel,1.0,253
10,wheel,1.0,715
10,wheel,1.0,416
10,wheel,1.0,974
10,wheel,1.0,267
10,wheel,1.0,481
10,wheel,1.0,498
10,wheel,1.0,170
10,wheel,1.0,518
10,wheel,1.0,219
10,wheel,1.0,396
10,wheel,1.0,675
10,wheel,1.0,243
10,wheel,1.0,365
10,wheel,1.0,239
10,wheel,1.0,369
10,wheel,1.0,388
10,wheel,1.0,343
10,wheel,1.0,228
10,wheel,1.0,167
10,wheel,1.0,519
10,wheel,1.0,352
10,wheel,1.0,328
10,wheel,1.0,725
10,wheel,1.0,601
10,wheel,1.0,430
10,wheel,0.0,191
10,wheel,1.0,541
10,wheel,1.0,538
10,wheel,1.0,281
10,wheel,1.0,241
10,wheel,1.0,342
10,wheel,1.0,111
10,wheel,1.0,313
10,wheel,1.0,394
10,wheel,0.0,12
10,wheel,1.0,205
10,wheel,1.0,326
10,wheel,1.0,372
10,wheel,1.0,188
10,wheel,1.0,433
10,wheel,1.0,642
10,wheel,1.0,604
10,wheel,1.0,468
10,wheel,1.0,262
10,wheel,1.0,199
10,wheel,1.0,440
10,wheel,1.0,265
10,wheel,1.0,348
10,wheel,1.0,883
10,wheel,1.0,654
10,wheel,1.0,357
10,wheel,1.0,341
10,wheel,0.0,482
10,wheel,1.0,330
10,wheel,1.0,438
10,wheel,1.0,193
10,wheel,1.0,277
10,wheel,1.0,431
10,wheel,1.0,344
10,wheel,1.0,177
10,wheel,1.0,399
10,wheel,1.0,898
10,wheel,1.0,309
10,wheel,1.0,379
10,wheel,1.0,422
10,wheel,0.0,43
10,wheel,1.0,419
10,wheel,1.0,450
10,wheel,1.0,178
10,wheel,1.0,482
10,wheel,1.0,435
10,wheel,1.0,1080
10,wheel,1.0,322
10,wheel,0.0,17
10,wheel,1.0,315
10,wheel,1.0,230
10,wheel,1.0,522
10,wheel,1.0,537
10,wheel,1.0,673
10,wheel,0.0,23
10,wheel,1.0,374
10,wheel,1.0,194
10,wheel,1.0,326
10,wheel,1.0,303
10,wheel,1.0,234
10,wheel,1.0,671
10,wheel,1.0,414
10,wheel,1.0,547
10,wheel,1.0,251
10,wheel,1.0,410
10,wheel,1.0,264
10,wheel,1.0,516
10,wheel,1.0,513
10,wheel,1.0,588
10,wheel,1.0,439
10,wheel,1.0,416
10,wheel,1.0,216
10,wheel,1.0,960
10,wheel,1.0,200
10,wheel,1.0,431
10,wheel,1.0,615
10,wheel,1.0,571
10,wheel,1.0,326
10,wheel,1.0,273
10,wheel,1.0,163
10,wheel,1.0,479
10,wheel,1.0,544
10,wheel,1.0,355
10,wheel,1.0,322
10,wheel,1.0,467
10,wheel,1.0,88
10,wheel,1.0,809
10,wheel,1.0,199
10,wheel,1.0,486
10,wheel,1.0,175
10,wheel,1.0,159
10,wheel,1.0,468
10,wheel,1.0,824
10,wheel,1.0,350
10,wheel,1.0,803
10,wheel,1.0,1138
10,wheel,1.0,314
10,wheel,1.0,347
10,wheel,1.0,270
10,wheel,1.0,236
10,wheel,1.0,495
10,wheel,1.0,377
10,wheel,1.0,1008
10,wheel,1.0,695
10,wheel,1.0,375
10,wheel,1.0,1045
10,wheel,1.0,679
10,wheel,1.0,335
10,wheel,0.0,84
10,wheel,1.0,350
10,wheel,1.0,555
10,wheel,1.0,377
10,wheel,1.0,331
10,wheel,1.0,286
10,wheel,1.0,232
10,wheel,1.0,487
10,wheel,1.0,244
10,wheel,1.0,141
10,wheel,1.0,278
10,wheel,1.0,581
10,wheel,1.0,597
10,wheel,1.0,626
10,wheel,1.0,197
10,wheel,1.0,564
10,wheel,1.0,440
10,wheel,1.0,341
10,wheel,1.0,569
10,wheel,1.0,344
10,wheel,1.0,917
10,wheel,1.0,276
10,wheel,1.0,440
10,wheel,0.0,21
10,wheel,1.0,300
10,wheel,1.0,357
10,wheel,1.0,1163
10,wheel,1.0,118
10,wheel,1.0,1092
10,wheel,1.0,110
10,wheel,1.0,198
10,wheel,1.0,377
10,wheel,1.0,729
10,wheel,1.0,875
10,wheel,1.0,201
10,wheel,1.0,333
10,wheel,1.0,280
10,wheel,1.0,264
10,wheel,1.0,358
10,wheel,1.0,355
10,wheel,0.0,56
10,wheel,1.0,655
10,wheel,1.0,208
10,wheel,1.0,757
10,wheel,1.0,378
10,wheel,1.0,669
10,wheel,1.0,339
10,wheel,1.0,543
10,wheel,1.0,388
10,wheel,1.0,342
10,wheel,1.0,287
10,wheel,1.0,229
10,wheel,1.0,198
10,wheel,1.0,584
10,wheel,1.0,233
10,wheel,1.0,767
10,wheel,1.0,799
10,wheel,1.0,482
10,wheel,1.0,617
10,wheel,1.0,308
10,wheel,1.0,184
10,wheel,1.0,508
10,wheel,1.0,150
10,wheel,1.0,137
10,wheel,1.0,390
10,wheel,1.0,1457
10,wheel,1.0,347
10,wheel,1.0,446
10,wheel,1.0,205
10,wheel,1.0,331
10,wheel,1.0,440
10,wheel,1.0,263
10,wheel,1.0,309
10,wheel,1.0,546
10,wheel,0.0,184
10,wheel,1.0,322
10,wheel,1.0,478
10,wheel,1.0,521
10,wheel,1.0,296
10,wheel,1.0,413
10,wheel,1.0,475
10,wheel,1.0,315
10,wheel,1.0,602
10,wheel,1.0,519
10,wheel,1.0,758
10,wheel,1.0,293
10,wheel,1.0,237
10,wheel,1.0,346
10,wheel,1.0,774
10,wheel,1.0,422
10,wheel,1.0,617
10,wheel,1.0,283
10,wheel,1.0,602
10,wheel,1.0,235
10,wheel,1.0,214
10,wheel,1.0,367
10,wheel,1.0,751
10,wheel,1.0,236
10,wheel,1.0,566
10,wheel,1.0,335
10,wheel,1.0,362
10,wheel,1.0,662
10,wheel,1.0,443
10,wheel,1.0,192
10,wheel,1.0,648
10,wheel,1.0,303
10,wheel,1.0,171
10,wheel,1.0,84
10,wheel,1.0,579
10,wheel,1.0,284
10,wheel,1.0,530
10,wheel,1.0,582
10,wheel,1.0,750
10,wheel,1.0,192
10,wheel,1.0,232
10,wheel,1.0,137
10,wheel,1.0,316
10,wheel,1.0,197
10,wheel,1.0,316
10,wheel,1.0,210
10,wheel,1.0,239
10,wheel,0.0,49
10,wheel,1.0,274
10,wheel,1.0,766
10,wheel,1.0,627
10,wheel,1.0,157
10,wheel,1.0,462
10,wheel,1.0,620
10,wheel,1.0,285
10,wheel,1.0,286
10,wheel,1.0,837
10,wheel,1.0,518
10,wheel,1.0,305
10,wheel,1.0,112
10,wheel,1.0,442
10,wheel,1.0,260
10,wheel,1.0,235
10,wheel,1.0,478
10,wheel,1.0,326
10,wheel,1.0,398
10,wheel,1.0,344
10,wheel,0.0,44
10,wheel,1.0,431
10,wheel,1.0,385
10,wheel,1.0,385
10,wheel,1.0,201
10,wheel,1.0,542
10,wheel,1.0,238
10,wheel,1.0,500
10,wheel,1.0,1064
10,wheel,1.0,377
10,wheel,0.0,264
10,wheel,1.0,179
10,wheel,1.0,332
10,wheel,1.0,497
10,wheel,1.0,301
10,wheel,1.0,287
10,wheel,1.0,432
10,wheel,1.0,521
10,wheel,1.0,954
10,wheel,1.0,466
10,wheel,1.0,179
10,wheel,1.0,191
10,wheel,1.0,557
10,wheel,1.0,119
10,wheel,1.0,417
10,wheel,1.0,200
10,wheel,1.0,322
10,wheel,1.0,281
10,wheel,1.0,274
10,wheel,1.0,843
10,wheel,1.0,182
10,wheel,1.0,720
10,wheel,1.0,503
10,wheel,1.0,755
10,wheel,1.0,400
10,wheel,1.0,366
10,wheel,1.0,340
10,wheel,1.0,381
10,wheel,1.0,540
10,wheel,1.0,283
10,wheel,1.0,266
10,wheel,1.0,294
10,wheel,1.0,543
10,wheel,1.0,173
10,wheel,1.0,167
10,wheel,1.0,568
10,wheel,1.0,641
10,wheel,1.0,528
10,wheel,1.0,364
10,wheel,1.0,501
10,wheel,1.0,852
10,wheel,1.0,290
10,wheel,1.0,130
10,wheel,1.0,589
10,wheel,1.0,451
10,wheel,1.0,210
10,wheel,1.0,534
10,wheel,1.0,499
10,wheel,1.0,336
10,wheel,1.0,218
10,wheel,1.0,139
10,wheel,1.0,357
10,wheel,1.0,727
10,wheel,1.0,276
10,wheel,1.0,384
10,wheel,1.0,405
10,wheel,1.0,181
10,wheel,1.0,722
10,wheel,1.0,277
10,wheel,1.0,551
10,wheel,1.0,313
10,wheel,1.0,370
10,wheel,1.0,1141
10,wheel,1.0,258
10,wheel,1.0,388
10,wheel,1.0,338
10,wheel,1.0,206
10,wheel,1.0,216
10,wheel,1.0,277
10,wheel,1.0,225
10,wheel,1.0,373
10,wheel,0.0,191
10,wheel,1.0,479
10,wheel,1.0,251
10,wheel,1.0,403
10,wheel,1.0,452
10,wheel,1.0,581
10,wheel,1.0,369
10,wheel,1.0,195
10,wheel,1.0,343
10,wheel,1.0,200
10,wheel,1.0,425
10,wheel,1.0,316
10,wheel,1.0,572
10,wheel,1.0,759
10,wheel,1.0,276
10,wheel,1.0,175
10,wheel,1.0,710
10,wheel,1.0,251
10,wheel,1.0,474
10,wheel,1.0,390
10,wheel,1.0,238
10,wheel,1.0,429
10,wheel,1.0,871
10,wheel,1.0,1124
10,wheel,1.0,1297
10,wheel,1.0,718
10,wheel,1.0,235
10,wheel,1.0,762
10,wheel,1.0,293
10,wheel,1.0,280
10,wheel,1.0,229
10,wheel,1.0,588
10,wheel,1.0,251
10,wheel,1.0,327
10,wheel,1.0,618
10,wheel,1.0,341
10,wheel,1.0,156
10,wheel,1.0,479
10,wheel,1.0,878
10,wheel,1.0,223
10,wheel,1.0,310
10,wheel,1.0,134
10,wheel,1.0,400
10,wheel,1.0,187
10,wheel,1.0,252
10,wheel,1.0,443
10,wheel,1.0,321
10,wheel,1.0,313
10,wheel,1.0,482
10,wheel,1.0,564
10,wheel,1.0,400
10,wheel,1.0,668
10,wheel,1.0,778
10,wheel,1.0,419
10,wheel,1.0,510
10,wheel,1.0,253
10,wheel,1.0,804
10,wheel,1.0,473
10,wheel,1.0,233
10,wheel,1.0,681
10,wheel,1.0,452
10,wheel,1.0,682
10,wheel,1.0,851
10,wheel,1.0,1357
10,wheel,1.0,260
10,wheel,1.0,184
10,wheel,1.0,342
10,wheel,1.0,294
10,wheel,1.0,281
10,wheel,1.0,349
10,wheel,1.0,533
10,wheel,1.0,364
10,wheel,1.0,267
10,wheel,1.0,177
10,wheel,1.0,312
10,wheel,1.0,670
10,wheel,1.0,382
10,wheel,1.0,141
10,wheel,1.0,226
10,wheel,0.0,163
10,wheel,1.0,751
10,wheel,1.0,266
10,wheel,0.0,7
10,wheel,1.0,436
10,wheel,1.0,409
10,wheel,1.0,873
10,wheel,1.0,241
10,wheel,1.0,244
10,wheel,1.0,514
10,wheel,1.0,337
10,wheel,1.0,350
10,wheel,1.0,426
10,wheel,1.0,229
10,wheel,1.0,925
10,wheel,1.0,705
10,wheel,1.0,840
10,wheel,1.0,335
10,wheel,1.0,177
10,wheel,1.0,365
10,wheel,1.0,298
10,wheel,1.0,211
10,wheel,1.0,606
10,wheel,1.0,351
10,wheel,1.0,703
10,wheel,1.0,255
10,wheel,1.0,401
10,wheel,1.0,788
10,wheel,1.0,878
10,wheel,1.0,464
10,wheel,0.0,111
10,wheel,1.0,213
10,wheel,1.0,567
10,wheel,1.0,584
10,wheel,1.0,329
10,wheel,1.0,500
10,wheel,1.0,370
10,wheel,1.0,289
10,wheel,1.0,263
10,wheel,1.0,641
10,wheel,1.0,485
10,wheel,1.0,533
10,wheel,1.0,381
10,wheel,0.0,264
10,wheel,1.0,409
10,wheel,1.0,722
10,wheel,1.0,1022
10,wheel,1.0,282
10,wheel,1.0,490
10,wheel,1.0,300
10,wheel,1.0,422
10,wheel,1.0,334
10,wheel,1.0,132
10,wheel,1.0,1231
10,wheel,1.0,365
10,wheel,1.0,201
10,wheel,1.0,508
10,wheel,1.0,373
10,wheel,1.0,207
10,wheel,1.0,482
10,wheel,1.0,600
10,wheel,1.0,217
10,wheel,1.0,584
10,wheel,1.0,272
10,wheel,1.0,477
10,wheel,1.0,370
10,wheel,1.0,471
10,wheel,1.0,313
10,wheel,1.0,360
10,wheel,1.0,506
10,wheel,1.0,662
10,wheel,1.0,367
10,wheel,1.0,466
10,wheel,1.0,517
10,wheel,1.0,240
10,wheel,1.0,463
10,wheel,1.0,489
10,wheel,1.0,392
10,wheel,1.0,587
10,wheel,1.0,898
10,wheel,1.0,184
10,wheel,0.0,103
10,wheel,1.0,65
10,wheel,1.0,385
10,wheel,1.0,763
10,wheel,1.0,235
10,wheel,1.0,473
10,wheel,1.0,368
10,wheel,1.0,488
10,wheel,1.0,210
10,wheel,1.0,513
10,wheel,1.0,430
10,wheel,1.0,265
10,wheel,1.0,308
10,wheel,1.0,220
10,wheel,1.0,375
10,wheel,1.0,573
10,wheel,1.0,1292
10,wheel,1.0,290
10,wheel,1.0,570
10,wheel,1.0,697
10,wheel,1.0,364
10,wheel,1.0,1143
10,wheel,1.0,401
10,wheel,1.0,1394
10,wheel,1.0,1151
10,wheel,0.0,356
10,wheel,1.0,334
10,wheel,1.0,184
10,wheel,1.0,336
10,wheel,1.0,388
10,wheel,1.0,524
10,wheel,1.0,443
10,wheel,1.0,474
10,wheel,1.0,140
10,wheel,1.0,639
10,wheel,1.0,350
10,wheel,1.0,228
10,wheel,1.0,460
10,wheel,1.0,174
10,wheel,1.0,301
10,wheel,1.0,818
10,wheel,1.0,295
10,wheel,1.0,600
10,wheel,1.0,450
10,wheel,1.0,205
10,wheel,1.0,222
10,wheel,1.0,437
10,wheel,1.0,353
10,wheel,1.0,280
10,wheel,1.0,350
10,wheel,1.0,492
10,wheel,1.0,296
10,wheel,1.0,258
10,wheel,1.0,217
10,wheel,1.0,254
10,wheel,1.0,384
10,wheel,1.0,525
10,wheel,0.0,223
10,wheel,1.0,700
10,wheel,1.0,933
10,wheel,1.0,150
10,wheel,1.0,639
10,wheel,1.0,616
10,wheel,1.0,115
10,wheel,1.0,457
10,wheel,1.0,881
10,wheel,1.0,482
10,wheel,0.0,196
10,wheel,1.0,578
10,wheel,0.0,31
10,wheel,1.0,130
10,wheel,1.0,257
10,wheel,1.0,816
10,wheel,0.0,287
10,wheel,1.0,291
10,wheel,1.0,239
10,wheel,1.0,1110
10,wheel,1.0,178
10,wheel,0.0,19
10,wheel,1.0,491
10,wheel,1.0,364
10,wheel,1.0,237
10,wheel,1.0,334
10,wheel,1.0,472
10,wheel,1.0,190
10,wheel,1.0,682
10,wheel,1.0,287
10,wheel,1.0,333
10,wheel,1.0,430
10,wheel,1.0,301
10,wheel,1.0,622
10,wheel,1.0,189
10,wheel,1.0,202
10,wheel,1.0,207
10,wheel,1.0,484
10,wheel,1.0,250
10,wheel,1.0,425
10,wheel,1.0,354
10,wheel,1.0,224
10,wheel,1.0,605
10,wheel,1.0,358
10,wheel,1.0,181
10,wheel,1.0,292
10,wheel,0.0,33
10,wheel,1.0,80
10,wheel,1.0,1013
10,wheel,1.0,407
10,wheel,1.0,324
10,wheel,1.0,437
10,wheel,1.0,324
10,wheel,1.0,232
10,wheel,1.0,217
10,wheel,1.0,459
10,wheel,1.0,343
10,wheel,1.0,350
10,wheel,1.0,914
10,wheel,1.0,271
10,wheel,1.0,262
10,wheel,1.0,522
10,wheel,1.0,728
10,wheel,1.0,403
10,wheel,1.0,207
10,wheel,1.0,193
10,wheel,1.0,771
10,wheel,1.0,295
10,wheel,1.0,738
10,wheel,1.0,549
10,wheel,1.0,351
10,wheel,1.0,600
10,wheel,1.0,379
10,wheel,1.0,180
10,wheel,0.0,3
10,wheel,1.0,232
10,wheel,1.0,249
10,wheel,1.0,226
10,wheel,1.0,441
10,wheel,1.0,255
10,wheel,1.0,512
10,wheel,1.0,290
10,wheel,1.0,206
10,wheel,1.0,89
10,wheel,1.0,363
10,wheel,1.0,245
10,wheel,0.0,16
10,wheel,1.0,212
10,wheel,1.0,511
10,wheel,1.0,427
10,wheel,1.0,258
10,wheel,1.0,393
10,wheel,1.0,257
10,wheel,1.0,185
10,wheel,1.0,430
10,wheel,0.0,43
10,wheel,1.0,149
10,wheel,1.0,437
10,wheel,1.0,217
10,wheel,1.0,454
10,wheel,1.0,313
10,wheel,1.0,131
10,wheel,1.0,528
10,wheel,1.0,841
10,wheel,1.0,322
10,wheel,1.0,485
10,wheel,1.0,372
10,wheel,1.0,394
10,wheel,1.0,551
10,wheel,1.0,172
10,wheel,1.0,289
10,wheel,1.0,211
10,wheel,1.0,285
10,wheel,1.0,499
10,wheel,1.0,259
10,wheel,1.0,384
10,wheel,0.0,71
10,wheel,1.0,566
10,wheel,1.0,316
10,wheel,1.0,119
10,wheel,1.0,435
10,wheel,1.0,500
10,wheel,1.0,157
10,wheel,1.0,429
10,wheel,1.0,239
10,wheel,1.0,305
10,wheel,0.0,170
10,wheel,1.0,291
10,wheel,1.0,180
10,wheel,1.0,815
10,wheel,1.0,367
10,wheel,1.0,236
10,wheel,1.0,1095
10,wheel,1.0,427
10,wheel,1.0,408
10,wheel,1.0,289
10,wheel,1.0,456
10,wheel,1.0,215
10,wheel,1.0,406
10,wheel,1.0,127
10,wheel,1.0,440
10,wheel,1.0,330
10,wheel,1.0,381
10,complete,1.0,95
10,complete,1.0,46
10,complete,1.0,81
10,complete,1.0,187
10,complete,1.0,57
10,complete,1.0,71
10,complete,1.0,91
10,complete,1.0,177
10,complete,1.0,60
10,complete,1.0,140
10,complete,1.0,102
10,complete,1.0,241
10,complete,1.0,87
10,complete,0.0,89
10,complete,1.0,87
10,complete,1.0,215
10,complete,1.0,78
10,complete,0.0,89
10,complete,1.0,24
10,complete,1.0,35
10,complete,1.0,316
10,complete,1.0,44
10,complete,1.0,89
10,complete,1.0,95
10,complete,1.0,86
10,complete,1.0,116
10,complete,1.0,27
10,complete,1.0,101
10,complete,1.0,59
10,complete,1.0,59
10,complete,1.0,78
10,complete,1.0,64
10,complete,1.0,100
10,complete,1.0,130
10,complete,1.0,63
10,complete,1.0,35
10,complete,0.0,15
10,complete,1.0,38
10,complete,1.0,164
10,complete,1.0,369
10,complete,1.0,141
10,complete,1.0,94
10,complete,1.0,135
10,complete,1.0,151
10,complete,1.0,732
10,complete,1.0,26
10,complete,1.0,125
10,complete,1.0,119
10,complete,1.0,199
10,complete,1.0,106
10,complete,1.0,29
10,complete,1.0,94
10,complete,1.0,32
10,complete,1.0,57
10,complete,1.0,60
10,complete,1.0,47
10,complete,1.0,86
10,complete,0.0,16
10,complete,1.0,76
10,complete,1.0,61
10,complete,1.0,72
10,complete,1.0,120
10,complete,1.0,74
10,complete,1.0,200
10,complete,1.0,72
10,complete,1.0,87
10,complete,1.0,156
10,complete,1.0,117
10,complete,1.0,99
10,complete,1.0,122
10,complete,1.0,119
10,complete,1.0,58
10,complete,1.0,109
10,complete,1.0,107
10,complete,1.0,73
10,complete,1.0,160
10,complete,1.0,71
10,complete,1.0,162
10,complete,1.0,39
10,complete,1.0,46
10,complete,1.0,117
10,complete,1.0,28
10,complete,1.0,93
10,complete,1.0,46
10,complete,1.0,124
10,complete,1.0,79
10,complete,1.0,65
10,complete,1.0,65
10,complete,1.0,155
10,complete,1.0,123
10,complete,1.0,179
10,complete,1.0,84
10,complete,1.0,101
10,complete,1.0,284
10,complete,0.0,8
10,complete,1.0,117
10,complete,1.0,207
10,complete,1.0,168
10,complete,1.0,278
10,complete,1.0,101
10,complete,0.0,26
10,complete,1.0,92
10,complete,1.0,146
10,complete,1.0,149
10,complete,1.0,144
10,complete,1.0,209
10,complete,1.0,130
10,complete,1.0,76
10,complete,1.0,650
10,complete,1.0,142
10,complete,1.0,138
10,complete,1.0,232
10,complete,1.0,76
10,complete,1.0,112
10,complete,1.0,102
10,complete,1.0,83
10,complete,1.0,105
10,complete,1.0,74
10,complete,1.0,265
10,complete,1.0,141
10,complete,1.0,98
10,complete,1.0,62
10,complete,1.0,72
10,complete,1.0,119
10,complete,1.0,131
10,complete,1.0,47
10,complete,1.0,48
10,complete,1.0,60
10,complete,1.0,46
10,complete,1.0,130
10,complete,1.0,93
10,complete,1.0,130
10,complete,1.0,45
10,complete,1.0,68
10,complete,1.0,306
10,complete,1.0,232
10,complete,1.0,65
10,complete,1.0,158
10,complete,1.0,68
10,complete,0.0,87
10,complete,1.0,741
10,complete,1.0,48
10,complete,1.0,228
10,complete,1.0,63
10,complete,1.0,170
10,complete,1.0,160
10,complete,1.0,152
10,complete,1.0,146
10,complete,0.0,58
10,complete,1.0,425
10,complete,1.0,62
10,complete,1.0,74
10,complete,1.0,30
10,complete,1.0,108
10,complete,0.0,158
10,complete,1.0,100
10,complete,1.0,122
10,complete,1.0,117
10,complete,1.0,123
10,complete,1.0,117
10,complete,1.0,112
10,complete,1.0,85
10,complete,1.0,71
10,complete,1.0,256
10,complete,1.0,24
10,complete,1.0,49
10,complete,1.0,118
10,complete,1.0,120
10,complete,1.0,86
10,complete,1.0,159
10,complete,1.0,149
10,complete,1.0,135
10,complete,1.0,102
10,complete,1.0,28
10,complete,1.0,123
10,complete,1.0,92
10,complete,1.0,40
10,complete,1.0,161
10,complete,1.0,115
10,complete,1.0,342
10,complete,1.0,43
10,complete,1.0,254
10,complete,1.0,181
10,complete,1.0,169
10,complete,0.0,45
10,complete,1.0,116
10,complete,1.0,60
10,complete,1.0,147
10,complete,1.0,73
10,complete,1.0,120
10,complete,1.0,55
10,complete,1.0,153
10,complete,1.0,48
10,complete,1.0,188
10,complete,1.0,133
10,complete,1.0,50
10,complete,1.0,234
10,complete,1.0,102
10,complete,1.0,211
10,complete,1.0,122
10,complete,1.0,88
10,complete,0.0,13
10,complete,0.0,266
10,complete,1.0,135
10,complete,1.0,137
10,complete,1.0,56
10,complete,1.0,116
10,complete,1.0,87
10,complete,1.0,107
10,complete,1.0,131
10,complete,1.0,77
10,complete,1.0,110
10,complete,1.0,223
10,complete,1.0,127
10,complete,1.0,49
10,complete,1.0,282
10,complete,1.0,72
10,complete,1.0,65
10,complete,1.0,53
10,complete,0.0,16
10,complete,1.0,174
10,complete,1.0,105
10,complete,1.0,37
10,complete,1.0,52
10,complete,1.0,81
10,complete,1.0,48
10,complete,1.0,107
10,complete,1.0,87
10,complete,1.0,90
10,complete,1.0,219
10,complete,1.0,124
10,complete,1.0,73
10,complete,1.0,122
10,complete,1.0,368
10,complete,1.0,225
10,complete,1.0,237
10,complete,1.0,65
10,complete,1.0,57
10,complete,1.0,123
10,complete,1.0,111
10,complete,1.0,212
10,complete,1.0,82
10,complete,1.0,84
10,complete,1.0,104
10,complete,1.0,21
10,complete,1.0,219
10,complete,1.0,153
10,complete,1.0,268
10,complete,1.0,132
10,complete,1.0,159
10,complete,1.0,103
10,complete,1.0,71
10,complete,1.0,111
10,complete,1.0,67
10,complete,1.0,125
10,complete,1.0,121
10,complete,1.0,43
10,complete,1.0,156
10,complete,1.0,82
10,complete,0.0,26
10,complete,1.0,200
10,complete,1.0,83
10,complete,1.0,94
10,complete,1.0,172
10,complete,1.0,188
10,complete,1.0,58
10,complete,1.0,95
10,complete,0.0,117
10,complete,1.0,123
10,complete,1.0,90
10,complete,1.0,119
10,complete,1.0,75
10,complete,1.0,108
10,complete,1.0,46
10,complete,1.0,305
10,complete,1.0,250
10,complete,1.0,75
10,complete,1.0,211
10,complete,1.0,159
10,complete,1.0,78
10,complete,1.0,62
10,complete,1.0,70
10,complete,1.0,88
10,complete,1.0,43
10,complete,1.0,50
10,complete,1.0,109
10,complete,1.0,60
10,complete,1.0,62
10,complete,0.0,25
10,complete,1.0,105
10,complete,1.0,92
10,complete,1.0,74
10,complete,1.0,64
10,complete,0.0,157
10,complete,1.0,337
10,complete,1.0,67
10,complete,0.0,111
10,complete,1.0,208
10,complete,1.0,79
10,complete,0.0,42
10,complete,1.0,108
10,complete,1.0,329
10,complete,1.0,30
10,complete,0.0,151
10,complete,1.0,54
10,complete,1.0,68
10,complete,1.0,41
10,complete,1.0,27
10,complete,1.0,103
10,complete,1.0,166
10,complete,1.0,120
10,complete,1.0,66
10,complete,1.0,59
10,complete,1.0,167
10,complete,1.0,156
10,complete,1.0,54
10,complete,0.0,72
10,complete,1.0,128
10,complete,1.0,191
10,complete,1.0,146
10,complete,1.0,79
10,complete,1.0,78
10,complete,1.0,68
10,complete,1.0,91
10,complete,1.0,200
10,complete,1.0,283
10,complete,0.0,26
10,complete,1.0,209
10,complete,0.0,37
10,complete,0.0,135
10,complete,1.0,189
10,complete,1.0,76
10,complete,1.0,41
10,complete,1.0,64
10,complete,1.0,294
10,complete,1.0,79
10,complete,1.0,42
10,complete,1.0,81
10,complete,1.0,82
10,complete,1.0,177
10,complete,0.0,44
10,complete,1.0,99
10,complete,1.0,31
10,complete,1.0,71
10,complete,1.0,47
10,complete,1.0,774
10,complete,1.0,156
10,complete,1.0,339
10,complete,1.0,246
10,complete,1.0,96
10,complete,1.0,345
10,complete,1.0,368
10,complete,1.0,35
10,complete,1.0,61
10,complete,1.0,51
10,complete,0.0,3
10,complete,1.0,55
10,complete,0.0,140
10,complete,1.0,130
10,complete,1.0,149
10,complete,1.0,142
10,complete,1.0,74
10,complete,1.0,102
10,complete,1.0,183
10,complete,1.0,202
10,complete,1.0,211
10,complete,0.0,103
10,complete,1.0,67
10,complete,1.0,149
10,complete,1.0,98
10,complete,1.0,86
10,complete,1.0,66
10,complete,1.0,64
10,complete,1.0,125
10,complete,1.0,116
10,complete,1.0,105
10,complete,1.0,68
10,complete,1.0,74
10,complete,1.0,376
10,complete,1.0,51
10,complete,0.0,21
10,complete,1.0,69
10,complete,1.0,138
10,complete,1.0,166
10,complete,1.0,225
10,complete,1.0,89
10,complete,1.0,49
10,complete,1.0,184
10,complete,0.0,32
10,complete,1.0,58
10,complete,1.0,17
10,complete,1.0,128
10,complete,1.0,78
10,complete,1.0,53
10,complete,0.0,88
10,complete,1.0,149
10,complete,1.0,48
10,complete,1.0,106
10,complete,1.0,59
10,complete,1.0,310
10,complete,1.0,90
10,complete,1.0,93
10,complete,1.0,28
10,complete,1.0,214
10,complete,1.0,53
10,complete,1.0,48
10,complete,1.0,153
10,complete,1.0,59
10,complete,1.0,217
10,complete,1.0,268
10,complete,1.0,92
10,complete,1.0,177
10,complete,1.0,101
10,complete,1.0,54
10,complete,1.0,404
10,complete,1.0,87
10,complete,0.0,5
10,complete,1.0,74
10,complete,1.0,36
10,complete,1.0,261
10,complete,0.0,103
10,complete,1.0,50
10,complete,1.0,154
10,complete,1.0,53
10,complete,1.0,71
10,complete,1.0,189
10,complete,1.0,75
10,complete,1.0,44
10,complete,1.0,97
10,complete,1.0,31
10,complete,1.0,127
10,complete,1.0,214
10,complete,1.0,114
10,complete,1.0,113
10,complete,1.0,252
10,complete,1.0,146
10,complete,1.0,83
10,complete,1.0,100
10,complete,1.0,332
10,complete,1.0,69
10,complete,1.0,59
10,complete,1.0,79
10,complete,1.0,115
10,complete,1.0,177
10,complete,1.0,111
10,complete,1.0,175
10,complete,1.0,528
10,complete,1.0,145
10,complete,1.0,473
10,complete,1.0,110
10,complete,1.0,140
10,complete,1.0,92
10,complete,1.0,224
10,complete,1.0,61
10,complete,1.0,47
10,complete,0.0,22
10,complete,1.0,146
10,complete,1.0,145
10,complete,1.0,76
10,complete,1.0,130
10,complete,1.0,91
10,complete,1.0,47
10,complete,1.0,109
10,complete,1.0,144
10,complete,1.0,187
10,complete,1.0,46
10,complete,1.0,27
10,complete,1.0,61
10,complete,1.0,114
10,complete,1.0,351
10,complete,1.0,162
10,complete,1.0,88
10,complete,1.0,533
10,complete,1.0,182
10,complete,1.0,122
10,complete,1.0,76
10,complete,1.0,158
10,complete,1.0,126
10,complete,1.0,109
10,complete,1.0,150
10,complete,1.0,114
10,complete,1.0,68
10,complete,0.0,23
10,complete,1.0,73
10,complete,1.0,136
10,complete,0.0,44
10,complete,1.0,39
10,complete,1.0,271
10,complete,1.0,104
10,complete,0.0,36
10,complete,1.0,91
10,complete,1.0,65
10,complete,1.0,176
10,complete,1.0,64
10,complete,1.0,57
10,complete,0.0,300
10,complete,1.0,44
10,complete,1.0,32
10,complete,1.0,276
10,complete,1.0,57
10,complete,1.0,107
10,complete,1.0,74
10,complete,1.0,68
10,complete,0.0,30
10,complete,0.0,87
10,complete,1.0,437
10,complete,1.0,144
10,complete,1.0,207
10,complete,1.0,85
10,complete,1.0,115
10,complete,1.0,126
10,complete,0.0,20
10,complete,0.0,289
10,complete,0.0,65
10,complete,1.0,40
10,complete,1.0,435
10,complete,1.0,127
10,complete,1.0,42
10,complete,1.0,85
10,complete,1.0,236
10,complete,1.0,21
10,complete,1.0,149
10,complete,1.0,153
10,complete,1.0,121
10,complete,1.0,156
10,complete,1.0,48
10,complete,1.0,72
10,complete,1.0,106
10,complete,1.0,55
10,complete,1.0,99
10,complete,1.0,128
10,complete,1.0,62
10,complete,1.0,41
10,complete,1.0,156
10,complete,0.0,75
10,complete,0.0,408
10,complete,1.0,67
10,complete,1.0,82
10,complete,1.0,46
10,complete,1.0,69
10,complete,1.0,102
10,complete,1.0,253
10,complete,1.0,103
10,complete,1.0,102
10,complete,1.0,60
10,complete,1.0,148
10,complete,1.0,42
10,complete,1.0,52
10,complete,1.0,79
10,complete,1.0,95
10,complete,1.0,192
10,complete,0.0,10
10,complete,1.0,64
10,complete,1.0,81
10,complete,1.0,160
10,complete,1.0,91
10,complete,1.0,73
10,complete,1.0,343
10,complete,1.0,143
10,complete,1.0,147
10,complete,1.0,59
10,complete,1.0,105
10,complete,0.0,49
10,complete,1.0,47
10,complete,1.0,409
10,complete,1.0,130
10,complete,1.0,107
10,complete,1.0,71
10,complete,1.0,44
10,complete,1.0,74
10,complete,1.0,206
10,complete,0.0,5
10,complete,1.0,218
10,complete,0.0,16
10,complete,1.0,246
10,complete,1.0,85
10,complete,1.0,94
10,complete,1.0,44
10,complete,1.0,190
10,complete,1.0,173
10,complete,1.0,71
10,complete,1.0,102
10,complete,1.0,263
10,complete,1.0,290
10,complete,1.0,150
10,complete,1.0,65
10,complete,0.0,17
10,complete,1.0,297
10,complete,1.0,60
10,complete,1.0,54
10,complete,1.0,136
10,complete,1.0,120
10,complete,1.0,74
10,complete,1.0,52
10,complete,1.0,72
10,complete,1.0,62
10,complete,1.0,94
10,complete,1.0,223
10,complete,1.0,87
10,complete,0.0,177
10,complete,0.0,13
10,complete,1.0,111
10,complete,0.0,20
10,complete,1.0,64
10,complete,1.0,175
10,complete,1.0,51
10,complete,1.0,28
10,complete,1.0,86
10,complete,1.0,121
10,complete,1.0,76
10,complete,1.0,159
10,complete,1.0,89
10,complete,0.0,48
10,complete,1.0,153
10,complete,1.0,342
10,complete,1.0,141
10,complete,1.0,136
10,complete,1.0,73
10,complete,1.0,105
10,complete,1.0,320
10,complete,1.0,172
10,complete,1.0,176
10,complete,1.0,159
10,complete,1.0,84
10,complete,1.0,125
10,complete,1.0,216
10,complete,1.0,62
10,complete,1.0,58
10,complete,1.0,107
10,complete,1.0,57
10,complete,1.0,100
10,complete,0.0,113
10,complete,1.0,197
10,complete,1.0,114
10,complete,1.0,47
10,complete,1.0,82
10,complete,1.0,99
10,complete,1.0,26
10,complete,1.0,166
10,complete,1.0,132
10,complete,1.0,161
10,complete,1.0,137
10,complete,1.0,126
10,complete,0.0,33
10,complete,0.0,5
10,complete,1.0,344
10,complete,1.0,69
10,complete,1.0,538
10,complete,1.0,183
10,complete,1.0,99
10,complete,1.0,125
10,complete,1.0,53
10,complete,1.0,65
10,complete,1.0,77
10,complete,1.0,73
10,complete,1.0,85
10,complete,0.0,54
10,complete,1.0,127
10,complete,1.0,63
10,complete,1.0,74
10,complete,1.0,118
10,complete,0.0,97
10,complete,1.0,182
10,complete,1.0,135
10,complete,1.0,66
10,complete,1.0,113
10,complete,1.0,91
10,complete,1.0,68
10,complete,1.0,350
10,complete,1.0,75
10,complete,1.0,40
10,complete,1.0,40
10,complete,1.0,39
10,complete,1.0,82
10,complete,1.0,155
10,complete,1.0,84
10,complete,1.0,114
10,complete,1.0,141
10,complete,1.0,121
10,complete,1.0,174
10,complete,1.0,79
10,complete,1.0,344
10,complete,1.0,43
10,complete,1.0,61
10,complete,1.0,39
10,complete,1.0,102
10,complete,1.0,368
10,complete,0.0,18
10,complete,1.0,150
10,complete,1.0,39
10,complete,1.0,119
10,complete,1.0,110
10,complete,1.0,150
10,complete,1.0,102
10,complete,1.0,116
10,complete,1.0,185
10,complete,1.0,252
10,complete,1.0,78
10,complete,1.0,55
10,complete,1.0,73
10,complete,1.0,495
10,complete,1.0,85
10,complete,1.0,126
10,complete,1.0,66
10,complete,0.0,43
10,complete,1.0,72
10,complete,1.0,60
10,complete,1.0,50
10,complete,1.0,119
10,complete,0.0,35
10,complete,1.0,65
10,complete,1.0,101
10,complete,1.0,138
10,complete,0.0,23
10,complete,1.0,174
10,complete,1.0,64
10,complete,0.0,18
10,complete,1.0,108
10,complete,0.0,57
10,complete,1.0,53
10,complete,1.0,336
10,complete,1.0,87
10,complete,1.0,410
10,complete,1.0,161
10,complete,0.0,7
10,complete,1.0,187
10,complete,1.0,115
10,complete,1.0,186
10,complete,1.0,215
10,complete,0.0,9
10,complete,1.0,74
10,complete,1.0,200
10,complete,0.0,163
10,complete,1.0,93
10,complete,1.0,306
10,complete,1.0,64
10,complete,1.0,68
10,complete,1.0,120
10,complete,1.0,127
10,complete,1.0,62
10,complete,1.0,146
10,complete,1.0,55
10,complete,1.0,130
10,complete,1.0,120
10,complete,1.0,49
10,complete,1.0,34
10,complete,1.0,86
10,complete,1.0,75
10,complete,1.0,46
10,complete,0.0,80
10,complete,1.0,80
10,complete,1.0,45
10,complete,1.0,100
10,complete,1.0,84
10,complete,1.0,57
10,complete,0.0,42
10,complete,1.0,56
10,complete,1.0,89
10,complete,0.0,129
10,complete,1.0,137
10,complete,1.0,62
10,complete,1.0,43
10,complete,1.0,42
10,complete,1.0,38
10,complete,1.0,202
10,complete,1.0,28
10,complete,1.0,77
10,complete,1.0,158
10,complete,1.0,49
10,complete,1.0,57
10,complete,1.0,72
10,complete,1.0,51
10,complete,1.0,574
10,complete,1.0,86
10,complete,1.0,33
10,complete,1.0,148
10,complete,1.0,101
10,complete,1.0,94
10,complete,1.0,33
10,complete,1.0,120
10,complete,1.0,155
10,complete,1.0,134
10,complete,1.0,100
10,complete,1.0,69
10,complete,1.0,80
10,complete,1.0,84
10,complete,1.0,74
10,complete,1.0,76
10,complete,1.0,91
10,complete,1.0,48
10,complete,1.0,98
10,complete,1.0,94
10,complete,1.0,73
10,complete,1.0,104
10,complete,1.0,88
10,complete,1.0,93
10,complete,0.0,8
10,complete,1.0,127
10,complete,0.0,157
10,complete,1.0,114
10,complete,1.0,266
10,complete,1.0,81
10,complete,1.0,68
10,complete,1.0,641
10,complete,1.0,76
10,complete,1.0,163
10,complete,1.0,128
10,complete,0.0,121
10,complete,1.0,175
10,complete,1.0,75
10,complete,1.0,113
10,complete,1.0,250
10,complete,1.0,98
10,complete,1.0,45
10,complete,1.0,547
10,complete,0.0,68
10,complete,1.0,122
10,complete,1.0,181
10,complete,0.0,103
10,complete,1.0,74
10,complete,1.0,109
10,complete,1.0,79
10,complete,1.0,103
10,complete,1.0,93
10,complete,1.0,149
10,complete,1.0,89
10,complete,1.0,75
10,complete,1.0,39
10,complete,0.0,190
10,complete,1.0,71
10,complete,1.0,33
10,complete,1.0,58
10,complete,1.0,140
10,complete,1.0,160
10,complete,1.0,70
10,complete,0.0,221
10,complete,0.0,7
10,complete,1.0,179
10,complete,1.0,36
10,complete,0.0,54
10,complete,1.0,50
10,complete,1.0,220
10,complete,1.0,232
10,complete,1.0,387
10,complete,1.0,248
10,complete,1.0,78
10,complete,1.0,91
10,complete,1.0,116
10,complete,1.0,101
10,complete,1.0,104
10,complete,1.0,77
10,complete,1.0,43
10,complete,0.0,76
10,complete,1.0,50
10,complete,1.0,43
10,complete,1.0,69
10,complete,1.0,63
10,complete,1.0,82
10,complete,1.0,134
10,complete,1.0,49
10,complete,1.0,63
10,complete,1.0,81
10,complete,1.0,106
10,complete,1.0,173
10,complete,0.0,267
10,complete,1.0,73
10,complete,1.0,144
10,complete,1.0,136
10,complete,1.0,88
10,complete,1.0,96
10,complete,1.0,121
10,complete,1.0,46
10,complete,1.0,318
10,complete,1.0,167
10,complete,1.0,128
10,complete,1.0,174
10,complete,1.0,92
10,complete,1.0,89
10,complete,0.0,102
10,complete,1.0,129
10,complete,1.0,49
10,complete,1.0,110
10,complete,1.0,106
10,complete,1.0,62
10,complete,0.0,124
10,complete,0.0,209
10,complete,1.0,62
10,complete,1.0,93
10,complete,1.0,117
10,complete,1.0,81
10,complete,1.0,105
10,complete,1.0,118
10,complete,1.0,192
10,complete,1.0,52
10,complete,1.0,86
10,complete,1.0,198
10,complete,1.0,104
10,complete,1.0,91
10,complete,1.0,106
10,complete,1.0,73
10,complete,0.0,62
10,complete,1.0,95
10,complete,1.0,86
10,complete,1.0,38
10,complete,1.0,119
10,complete,1.0,122
10,complete,1.0,112
10,complete,1.0,123
10,complete,1.0,128
10,complete,1.0,296
10,complete,1.0,112
10,complete,1.0,62
10,complete,1.0,40
10,complete,0.0,18
10,complete,1.0,102
10,complete,1.0,98
10,complete,1.0,200
10,complete,1.0,39
10,complete,1.0,58
10,complete,1.0,180
10,complete,1.0,262
10,complete,1.0,76
10,complete,1.0,185
10,complete,1.0,104
10,complete,1.0,182
10,complete,1.0,74
10,complete,1.0,70
10,complete,1.0,80
10,complete,1.0,55
10,complete,1.0,67
10,complete,1.0,160
10,complete,1.0,76
10,complete,1.0,36
10,complete,1.0,72
10,complete,1.0,128
10,complete,1.0,128
10,complete,1.0,51
10,complete,1.0,59
10,complete,1.0,61
10,complete,1.0,152
10,complete,1.0,222
10,complete,1.0,148
10,complete,0.0,294
10,complete,1.0,28
10,complete,1.0,153
10,complete,1.0,65
10,complete,1.0,78
10,complete,1.0,74
10,complete,1.0,787
10,complete,1.0,61
10,complete,1.0,72
10,complete,1.0,67
10,complete,1.0,234
10,complete,0.0,91
10,complete,0.0,32
10,complete,1.0,29
10,complete,1.0,171
10,complete,1.0,122
10,complete,1.0,72
10,complete,1.0,67
10,complete,1.0,166
10,complete,1.0,103
10,complete,1.0,45
10,complete,1.0,266
10,complete,1.0,54
10,complete,1.0,132
10,complete,1.0,134
10,complete,1.0,270
10,complete,1.0,41
10,complete,0.0,45
10,complete,1.0,136
10,complete,1.0,66
10,complete,1.0,156
10,complete,1.0,83
10,complete,1.0,74
10,complete,1.0,116
10,complete,1.0,66
10,complete,1.0,121
10,complete,1.0,163
10,complete,1.0,300
10,complete,0.0,379
10,complete,1.0,120
10,complete,1.0,99
10,complete,1.0,94
10,complete,1.0,131
10,complete,1.0,47
10,complete,1.0,269
10,complete,1.0,127
10,complete,1.0,53
10,complete,1.0,103
10,complete,1.0,214
10,complete,1.0,55
10,complete,1.0,70
10,complete,1.0,134
10,complete,1.0,96
10,complete,1.0,74
10,complete,1.0,42
10,complete,1.0,69
10,complete,1.0,44
10,complete,1.0,265
