network,method,variant_index,n_runs,build_sec,run_sec,sec_per_run,total_steps,num_cores
pud,equalize,0,1000,0.0005638599395751953,8.69960618019104,0.00869960618019104,2848979,60
pud,equalize,1,1000,0.0005407333374023438,9.600218772888184,0.009600218772888183,3139289,60
pud,equalize,2,1000,0.0005495548248291016,8.781319618225098,0.008781319618225097,2826234,60
pud,equalize,3,1000,0.0005686283111572266,9.434788465499878,0.009434788465499878,2947306,60
pud,equalize,4,1000,0.0005528926849365234,9.806781530380249,0.009806781530380249,3096493,60
pud,equalize,5,1000,0.0004994869232177734,8.66966724395752,0.00866966724395752,2847516,60
pud,equalize,6,1000,0.0005350112915039062,9.989107847213745,0.009989107847213746,3244409,60
pud,equalize,7,1000,0.0005249977111816406,9.299605131149292,0.009299605131149292,2928082,60
pud,equalize,8,1000,0.0005259513854980469,9.788886070251465,0.009788886070251464,3246843,60
pud,equalize,9,1000,0.0005514621734619141,8.823522329330444,0.008823522329330445,2861577,60
pud,equalize,10,1000,0.0005619525909423828,9.034843683242798,0.009034843683242798,2963149,60
pud,equalize,11,1000,0.0005521774291992188,8.857628345489502,0.008857628345489503,2867344,60
pud,equalize,12,1000,0.00054931640625,9.732754230499268,0.009732754230499267,3177396,60
pud,equalize,13,1000,0.0005104541778564453,10.459251165390015,0.010459251165390015,3416811,60
pud,equalize,14,1000,0.0005469322204589844,9.01758885383606,0.00901758885383606,2958381,60
pud,equalize,15,1000,0.0005671977996826172,8.997867822647095,0.008997867822647094,3014661,60
pud,equalize,16,1000,0.0005717277526855469,9.37070107460022,0.00937070107460022,2969422,60
pud,equalize,17,1000,0.0005319118499755859,9.501257419586182,0.00950125741958618,3059482,60
pud,equalize,18,1000,0.0005970001220703125,9.33620834350586,0.00933620834350586,3051034,60
pud,equalize,19,1000,0.0005605220794677734,9.905492544174194,0.009905492544174194,3183397,60
pud,equalize,20,1000,0.0005660057067871094,9.092683792114258,0.009092683792114259,2944682,60
pud,equalize,21,1000,0.0005359649658203125,9.604677438735962,0.009604677438735961,3086479,60
pud,equalize,22,1000,0.000579833984375,9.233349323272705,0.009233349323272706,3054829,60
pud,equalize,23,1000,0.0005691051483154297,10.246347904205322,0.010246347904205323,3470007,60
pud,equalize,24,1000,0.000537872314453125,10.10655403137207,0.01010655403137207,3357409,60
pud,equalize,25,1000,0.0005388259887695312,8.656174421310425,0.008656174421310425,2814474,60
pud,equalize,26,1000,0.0005881786346435547,9.967960357666016,0.009967960357666016,2954909,60
pud,equalize,27,1000,0.0005860328674316406,10.709582090377808,0.010709582090377808,3438119,60
pud,equalize,28,1000,0.0005333423614501953,9.80031681060791,0.00980031681060791,3163835,60
pud,equalize,29,1000,0.000507354736328125,9.557679653167725,0.009557679653167724,3094584,60
pud,equalize,30,1000,0.0005471706390380859,10.58579969406128,0.010585799694061279,3436788,60
pud,equalize,31,1000,0.0005595684051513672,9.532562494277954,0.009532562494277953,3037684,60
pud,equalize,32,1000,0.0005731582641601562,9.327616691589355,0.009327616691589356,3032321,60
pud,equalize,33,1000,0.0005462169647216797,9.687848329544067,0.009687848329544068,3182467,60
pud,equalize,34,1000,0.0005636215209960938,10.242906332015991,0.01024290633201599,3424182,60
pud,equalize,35,1000,0.0005385875701904297,11.033982992172241,0.011033982992172241,3706578,60
pud,equalize,36,1000,0.0005366802215576172,9.362204313278198,0.009362204313278197,2932183,60
pud,equalize,37,1000,0.0005245208740234375,10.447276592254639,0.010447276592254638,3328698,60
pud,equalize,38,1000,0.0005924701690673828,10.902424097061157,0.010902424097061157,3640120,60
pud,equalize,39,1000,0.00057220458984375,10.711950540542603,0.010711950540542603,3526357,60
pud,equalize,40,1000,0.0005183219909667969,10.080382108688354,0.010080382108688354,3103948,60
pud,equalize,41,1000,0.0005514621734619141,8.864212036132812,0.008864212036132812,2853444,60
pud,equalize,42,1000,0.0005776882171630859,8.924939393997192,0.008924939393997192,2923975,60
pud,equalize,43,1000,0.0005660057067871094,9.617641687393188,0.009617641687393189,3006017,60
pud,equalize,44,1000,0.0005769729614257812,10.239500045776367,0.010239500045776367,3400777,60
pud,equalize,45,1000,0.0005190372467041016,9.350538730621338,0.009350538730621338,2980815,60
pud,equalize,46,1000,0.0005555152893066406,9.05352783203125,0.00905352783203125,2942507,60
pud,equalize,47,1000,0.0005612373352050781,10.115993022918701,0.010115993022918702,3363806,60
pud,equalize,48,1000,0.0005364418029785156,9.490758895874023,0.009490758895874023,3181267,60
pud,equalize,49,1000,0.0005216598510742188,8.659908294677734,0.008659908294677734,2846598,60
pud,equalize,50,1000,0.0005655288696289062,10.154212951660156,0.010154212951660156,3190036,60
pud,equalize,51,1000,0.0005815029144287109,11.030963897705078,0.011030963897705078,3470472,60
pud,equalize,52,1000,0.0005471706390380859,9.741599082946777,0.009741599082946778,3243817,60
pud,equalize,53,1000,0.0005245208740234375,8.760809898376465,0.008760809898376465,2801649,60
pud,equalize,54,1000,0.0005736351013183594,9.866226434707642,0.009866226434707642,3189691,60
pud,equalize,55,1000,0.0005943775177001953,9.321293830871582,0.009321293830871581,3028599,60
pud,equalize,56,1000,0.0005698204040527344,9.194990634918213,0.009194990634918214,2961851,60
pud,equalize,57,1000,0.0005297660827636719,9.751375913619995,0.009751375913619995,3213490,60
pud,equalize,58,1000,0.0005993843078613281,9.550461292266846,0.009550461292266846,3193064,60
pud,equalize,59,1000,0.0005953311920166016,9.347237825393677,0.009347237825393677,3072660,60
pud,equalize,60,1000,0.0005598068237304688,9.517988204956055,0.009517988204956055,3093078,60
pud,equalize,61,1000,0.0004978179931640625,9.306735038757324,0.009306735038757324,3081506,60
pud,equalize,62,1000,0.0005328655242919922,9.655632734298706,0.009655632734298706,3156188,60
pud,equalize,63,1000,0.0005600452423095703,9.90763521194458,0.00990763521194458,3303162,60
pud,equalize,64,1000,0.0005388259887695312,11.105356693267822,0.011105356693267822,3673578,60
pud,equalize,65,1000,0.0005173683166503906,11.219834089279175,0.011219834089279174,3851079,60
pud,equalize,66,1000,0.0005855560302734375,10.40091872215271,0.01040091872215271,3311443,60
pud,equalize,67,1000,0.0005657672882080078,8.950091361999512,0.008950091361999512,2972658,60
pud,equalize,68,1000,0.0005738735198974609,10.0666344165802,0.0100666344165802,3131924,60
pud,equalize,69,1000,0.0004961490631103516,8.934152364730835,0.008934152364730835,2963178,60
pud,equalize,70,1000,0.0005726814270019531,8.559130907058716,0.008559130907058716,2774540,60
pud,equalize,71,1000,0.0005698204040527344,11.467395305633545,0.011467395305633545,3785304,60
pud,equalize,72,1000,0.0005581378936767578,10.428236722946167,0.010428236722946167,3389401,60
pud,equalize,73,1000,0.0005242824554443359,9.932463884353638,0.009932463884353638,3376861,60
pud,equalize,74,1000,0.0005774497985839844,10.176864862442017,0.010176864862442016,3315211,60
pud,equalize,75,1000,0.0005776882171630859,8.959092140197754,0.008959092140197755,2981831,60
pud,equalize,76,1000,0.0005450248718261719,10.39926815032959,0.01039926815032959,3145195,60
pud,equalize,77,1000,0.0005383491516113281,10.314411878585815,0.010314411878585816,3251883,60
pud,equalize,78,1000,0.0005931854248046875,9.40625286102295,0.00940625286102295,3123815,60
pud,equalize,79,1000,0.0006015300750732422,9.08966851234436,0.00908966851234436,2939474,60
pud,equalize,80,1000,0.0005400180816650391,9.013899326324463,0.009013899326324463,2918925,60
pud,equalize,81,1000,0.0005407333374023438,9.31221055984497,0.00931221055984497,3072434,60
pud,equalize,82,1000,0.0005815029144287109,9.508347272872925,0.009508347272872924,3066671,60
pud,equalize,83,1000,0.0005571842193603516,9.670153379440308,0.009670153379440308,3175431,60
pud,equalize,84,1000,0.0005748271942138672,9.276201009750366,0.009276201009750367,2920320,60
pud,equalize,85,1000,0.0005054473876953125,9.12057089805603,0.00912057089805603,2991089,60
pud,equalize,86,1000,0.0005595684051513672,9.025668382644653,0.009025668382644653,2915059,60
pud,equalize,87,1000,0.0006277561187744141,10.344505071640015,0.010344505071640015,3483186,60
pud,equalize,88,1000,0.0005578994750976562,9.776759386062622,0.009776759386062622,3185988,60
pud,equalize,89,1000,0.0005388259887695312,8.692492485046387,0.008692492485046386,2844394,60
pud,equalize,90,1000,0.0005924701690673828,9.562732934951782,0.009562732934951782,3099959,60
pud,equalize,91,1000,0.0006039142608642578,9.149338483810425,0.009149338483810426,2841431,60
pud,equalize,92,1000,0.0005280971527099609,9.089111328125,0.009089111328125,2975682,60
pud,equalize,93,1000,0.0005345344543457031,9.682838201522827,0.009682838201522827,3248648,60
pud,equalize,94,1000,0.0006005764007568359,10.00241470336914,0.01000241470336914,3258489,60
pud,equalize,95,1000,0.0006184577941894531,9.949928522109985,0.009949928522109986,3234649,60
pud,equalize,96,1000,0.0005369186401367188,8.816105842590332,0.008816105842590332,2799303,60
pud,equalize,97,1000,0.0005373954772949219,9.480689287185669,0.009480689287185668,2974722,60
pud,equalize,98,1000,0.0005528926849365234,10.227890014648438,0.010227890014648437,3117938,60
pud,equalize,99,1000,0.0005979537963867188,8.768826723098755,0.008768826723098755,2838300,60
pud,equalize,100,1000,0.000537872314453125,9.665281295776367,0.009665281295776366,3206319,60
pud,equalize,101,1000,0.0005230903625488281,9.604270696640015,0.009604270696640015,3015336,60
pud,equalize,102,1000,0.0005905628204345703,9.289838075637817,0.009289838075637817,3030139,60
pud,equalize,103,1000,0.0006105899810791016,9.73302435874939,0.00973302435874939,3137018,60
pud,equalize,104,1000,0.0005917549133300781,9.373740434646606,0.009373740434646607,3070339,60
pud,equalize,105,1000,0.0005412101745605469,9.81275749206543,0.00981275749206543,3287734,60
pud,equalize,106,1000,0.0005974769592285156,9.220086574554443,0.009220086574554443,2893550,60
pud,equalize,107,1000,0.0006220340728759766,9.218714237213135,0.009218714237213134,3005140,60
pud,equalize,108,1000,0.0005064010620117188,9.766044616699219,0.00976604461669922,3042656,60
pud,equalize,109,1000,0.0005238056182861328,9.558171510696411,0.009558171510696411,3089295,60
pud,equalize,110,1000,0.0005435943603515625,9.765039920806885,0.009765039920806885,3119866,60
pud,equalize,111,1000,0.0006103515625,9.58801555633545,0.00958801555633545,3101618,60
pud,equalize,112,1000,0.0005605220794677734,9.696775913238525,0.009696775913238526,3083505,60
pud,equalize,113,1000,0.0005774497985839844,9.280579566955566,0.009280579566955566,3087741,60
pud,equalize,114,1000,0.0005800724029541016,8.810588836669922,0.008810588836669922,2906856,60
pud,equalize,115,1000,0.0006020069122314453,11.519200801849365,0.011519200801849365,3756575,60
pud,equalize,116,1000,0.0005509853363037109,11.218718767166138,0.011218718767166137,3827701,60
pud,equalize,117,1000,0.0005514621734619141,10.198752403259277,0.010198752403259277,3267714,60
pud,equalize,118,1000,0.0006055831909179688,9.792411804199219,0.009792411804199219,3144614,60
pud,equalize,119,1000,0.0005998611450195312,9.050001382827759,0.00905000138282776,2838867,60
pud,equalize,120,1000,0.0005929470062255859,9.476247549057007,0.009476247549057007,3119121,60
pud,equalize,121,1000,0.0005278587341308594,10.187768459320068,0.010187768459320068,3178788,60
pud,equalize,122,1000,0.0005991458892822266,10.264905452728271,0.010264905452728271,3456222,60
pud,equalize,123,1000,0.0006144046783447266,9.044458389282227,0.009044458389282226,2958170,60
pud,equalize,124,1000,0.0005826950073242188,10.10163164138794,0.010101631641387939,3318395,60
pud,equalize,125,1000,0.0005257129669189453,8.515841484069824,0.008515841484069824,2755096,60
pud,equalize,126,1000,0.0005753040313720703,9.74831485748291,0.00974831485748291,3212496,60
pud,equalize,127,1000,0.0006253719329833984,9.891109466552734,0.009891109466552734,3204790,60
pud,equalize,128,1000,0.0005846023559570312,8.852764129638672,0.008852764129638672,2896379,60
pud,equalize,129,1000,0.0005342960357666016,10.423471927642822,0.010423471927642822,3424355,60
pud,equalize,130,1000,0.0005552768707275391,8.964442729949951,0.00896444272994995,2869606,60
pud,equalize,131,1000,0.0005948543548583984,9.282398700714111,0.00928239870071411,3028073,60
pud,equalize,132,1000,0.0005512237548828125,8.815035581588745,0.008815035581588745,2909998,60
pud,equalize,133,1000,0.0005679130554199219,9.17484974861145,0.00917484974861145,2866325,60
pud,equalize,134,1000,0.0005803108215332031,9.754729747772217,0.009754729747772218,3162002,60
pud,equalize,135,1000,0.0006277561187744141,9.529122114181519,0.00952912211418152,3145698,60
pud,equalize,136,1000,0.000537872314453125,9.112255811691284,0.009112255811691285,2964393,60
pud,equalize,137,1000,0.0005593299865722656,8.771862030029297,0.008771862030029297,2865555,60
pud,equalize,138,1000,0.0005848407745361328,11.372578382492065,0.011372578382492065,3260330,60
pud,equalize,139,1000,0.0005993843078613281,9.980579376220703,0.009980579376220704,3296867,60
pud,equalize,140,1000,0.0005705356597900391,9.77915072441101,0.00977915072441101,3073287,60
pud,equalize,141,1000,0.0005147457122802734,9.47061824798584,0.00947061824798584,3133086,60
pud,equalize,142,1000,0.0005776882171630859,8.99210262298584,0.00899210262298584,2899091,60
pud,equalize,143,1000,0.0006434917449951172,9.88801908493042,0.00988801908493042,3281386,60
pud,equalize,144,1000,0.0005676746368408203,8.764652729034424,0.008764652729034424,2879864,60
pud,equalize,145,1000,0.0005447864532470703,11.12831425666809,0.011128314256668092,3701263,60
pud,equalize,146,1000,0.00055694580078125,9.357352018356323,0.009357352018356323,3032290,60
pud,equalize,147,1000,0.0006458759307861328,11.315512418746948,0.011315512418746948,3480213,60
pud,equalize,148,1000,0.0005474090576171875,9.883546352386475,0.009883546352386474,3283815,60
pud,equalize,149,1000,0.0005278587341308594,10.461817026138306,0.010461817026138305,3399294,60
pud,equalize,150,1000,0.0005686283111572266,8.508383750915527,0.008508383750915527,2797292,60
pud,equalize,151,1000,0.0006449222564697266,10.013617038726807,0.010013617038726807,3276567,60
pud,equalize,152,1000,0.0005452632904052734,9.646671533584595,0.009646671533584594,3056561,60
pud,equalize,153,1000,0.0005369186401367188,10.575615644454956,0.010575615644454956,3315019,60
pud,equalize,154,1000,0.0005841255187988281,9.428301334381104,0.009428301334381103,2935535,60
pud,equalize,155,1000,0.000637054443359375,9.278400659561157,0.009278400659561157,3014641,60
pud,equalize,156,1000,0.0005519390106201172,9.007950782775879,0.00900795078277588,2907464,60
pud,equalize,157,1000,0.0005497932434082031,9.634216070175171,0.00963421607017517,3141131,60
pud,equalize,158,1000,0.0005743503570556641,9.150609970092773,0.009150609970092774,2967954,60
pud,equalize,159,1000,0.0006299018859863281,9.256009578704834,0.009256009578704833,3022175,60
pud,equalize,160,1000,0.0005602836608886719,9.968507289886475,0.009968507289886474,3154526,60
pud,equalize,161,1000,0.0005328655242919922,8.915440320968628,0.008915440320968629,2824665,60
pud,equalize,162,1000,0.0005483627319335938,8.546337842941284,0.008546337842941284,2782182,60
pud,equalize,163,1000,0.0005979537963867188,8.759921550750732,0.008759921550750732,2890810,60
pud,equalize,164,1000,0.0005695819854736328,8.915799379348755,0.008915799379348754,2850267,60
pud,equalize,165,1000,0.0005385875701904297,8.640770196914673,0.008640770196914673,2784387,60
pud,equalize,166,1000,0.0006220340728759766,9.739671468734741,0.00973967146873474,3074329,60
pud,equalize,167,1000,0.0006282329559326172,9.390872955322266,0.009390872955322266,3098805,60
pud,equalize,168,1000,0.0005819797515869141,9.960965871810913,0.009960965871810914,3217140,60
pud,equalize,169,1000,0.000518798828125,9.594068050384521,0.009594068050384522,3098506,60
pud,equalize,170,1000,0.0005667209625244141,9.950135469436646,0.009950135469436645,3351612,60
pud,equalize,171,1000,0.00057220458984375,10.237637042999268,0.010237637042999268,3390465,60
pud,equalize,172,1000,0.0005526542663574219,8.62918734550476,0.00862918734550476,2816497,60
pud,equalize,173,1000,0.0005095005035400391,9.471871376037598,0.009471871376037598,2947994,60
pud,equalize,174,1000,0.0006067752838134766,8.918167352676392,0.008918167352676391,2926280,60
pud,equalize,175,1000,0.0006153583526611328,9.073279619216919,0.009073279619216919,2917402,60
pud,equalize,176,1000,0.0005984306335449219,9.332280397415161,0.009332280397415162,2911586,60
pud,equalize,177,1000,0.0005478858947753906,9.718499183654785,0.009718499183654784,3134038,60
pud,equalize,178,1000,0.0005877017974853516,9.311818361282349,0.009311818361282349,2934641,60
pud,equalize,179,1000,0.0006103515625,8.541093826293945,0.008541093826293946,2824911,60
pud,equalize,180,1000,0.0005369186401367188,9.438365936279297,0.009438365936279296,3009815,60
pud,equalize,181,1000,0.0005471706390380859,9.26079773902893,0.009260797739028931,3070975,60
pud,equalize,182,1000,0.0005927085876464844,9.611176252365112,0.009611176252365112,3181771,60
pud,equalize,183,1000,0.000652313232421875,9.77881383895874,0.00977881383895874,3123131,60
pud,equalize,184,1000,0.0005843639373779297,9.234513759613037,0.009234513759613037,3039674,60
pud,equalize,185,1000,0.0005371570587158203,9.101396322250366,0.009101396322250366,2945389,60
pud,equalize,186,1000,0.000576019287109375,8.938727617263794,0.008938727617263794,2932246,60
pud,equalize,187,1000,0.00060272216796875,9.018880844116211,0.009018880844116211,2918954,60
pud,equalize,188,1000,0.0005600452423095703,9.333236694335938,0.009333236694335938,3025446,60
pud,equalize,189,1000,0.0005152225494384766,9.01117992401123,0.00901117992401123,2975506,60
pud,equalize,190,1000,0.0005960464477539062,9.433522939682007,0.009433522939682007,3082743,60
pud,equalize,191,1000,0.0006244182586669922,10.295645713806152,0.010295645713806152,3233204,60
pud,equalize,192,1000,0.0005738735198974609,9.86156439781189,0.009861564397811889,3302262,60
pud,equalize,193,1000,0.0005249977111816406,8.740633726119995,0.008740633726119995,2867712,60
pud,equalize,194,1000,0.0006134510040283203,9.05338978767395,0.00905338978767395,2928660,60
pud,equalize,195,1000,0.0006837844848632812,10.550035953521729,0.010550035953521728,3451524,60
pud,equalize,196,1000,0.00060272216796875,10.506004095077515,0.010506004095077515,3520549,60
pud,equalize,197,1000,0.0005483627319335938,9.097725629806519,0.009097725629806519,2999355,60
pud,equalize,198,1000,0.0005958080291748047,10.532350540161133,0.010532350540161132,3566520,60
pud,equalize,199,1000,0.0006358623504638672,11.07013201713562,0.011070132017135621,3721964,60
pud,equalize,200,1000,0.0005548000335693359,8.492263793945312,0.008492263793945312,2745107,60
pud,equalize,201,1000,0.0005514621734619141,9.919783353805542,0.009919783353805542,3218760,60
pud,equalize,202,1000,0.0006008148193359375,9.00045132637024,0.00900045132637024,2931686,60
pud,equalize,203,1000,0.0006251335144042969,9.156722784042358,0.009156722784042358,2824683,60
pud,equalize,204,1000,0.0005209445953369141,8.766987800598145,0.008766987800598144,2926506,60
pud,equalize,205,1000,0.0005211830139160156,8.921194314956665,0.008921194314956665,2767065,60
pud,equalize,206,1000,0.0006020069122314453,9.291513681411743,0.009291513681411743,2936605,60
pud,equalize,207,1000,0.0006411075592041016,8.866312503814697,0.008866312503814698,2873605,60
pud,equalize,208,1000,0.0005505084991455078,8.803604364395142,0.008803604364395142,2905932,60
pud,equalize,209,1000,0.0005252361297607422,9.62725305557251,0.009627253055572509,3135296,60
pud,equalize,210,1000,0.0006082057952880859,8.657220363616943,0.008657220363616944,2827293,60
pud,equalize,211,1000,0.0006902217864990234,10.91427755355835,0.01091427755355835,3621834,60
pud,equalize,212,1000,0.0005319118499755859,9.367565155029297,0.009367565155029296,3094747,60
pud,equalize,213,1000,0.0005424022674560547,9.86049485206604,0.00986049485206604,3240507,60
pud,equalize,214,1000,0.0005404949188232422,9.69782567024231,0.00969782567024231,3028374,60
pud,equalize,215,1000,0.0006365776062011719,9.115159749984741,0.00911515974998474,2893588,60
pud,equalize,216,1000,0.0005781650543212891,9.464588403701782,0.009464588403701782,3174544,60
pud,equalize,217,1000,0.0005166530609130859,10.380897045135498,0.010380897045135498,3382893,60
pud,equalize,218,1000,0.0005319118499755859,9.700006484985352,0.009700006484985351,3175351,60
pud,equalize,219,1000,0.0005476474761962891,9.659377574920654,0.009659377574920655,3224422,60
pud,equalize,220,1000,0.0005400180816650391,8.713862180709839,0.008713862180709839,2867395,60
pud,equalize,221,1000,0.0005822181701660156,11.212143659591675,0.011212143659591675,3333509,60
pud,equalize,222,1000,0.0005543231964111328,9.626166343688965,0.009626166343688965,3189448,60
pud,equalize,223,1000,0.0005662441253662109,9.227501153945923,0.009227501153945923,3018746,60
pud,equalize,224,1000,0.0005555152893066406,9.126943111419678,0.009126943111419678,3008919,60
pud,equalize,225,1000,0.0006041526794433594,9.864642858505249,0.00986464285850525,2992923,60
pud,equalize,226,1000,0.0005681514739990234,9.895897388458252,0.009895897388458252,3259280,60
pud,equalize,227,1000,0.0005826950073242188,9.175657510757446,0.009175657510757447,2932380,60
pud,equalize,228,1000,0.0005629062652587891,10.97405457496643,0.01097405457496643,3685902,60
pud,equalize,229,1000,0.0005509853363037109,9.81525731086731,0.00981525731086731,3244247,60
pud,equalize,230,1000,0.0005891323089599609,9.39914059638977,0.009399140596389771,2883342,60
pud,equalize,231,1000,0.0005495548248291016,10.245644807815552,0.010245644807815552,3371314,60
pud,equalize,232,1000,0.0005495548248291016,9.490015029907227,0.009490015029907227,3047916,60
pud,equalize,233,1000,0.0006003379821777344,10.22374677658081,0.01022374677658081,3310914,60
pud,equalize,234,1000,0.0006127357482910156,9.191604852676392,0.009191604852676392,2925339,60
pud,equalize,235,1000,0.000568389892578125,10.287382364273071,0.010287382364273071,3414411,60
pud,equalize,236,1000,0.0005626678466796875,9.244061708450317,0.009244061708450317,3023970,60
pud,equalize,237,1000,0.0005691051483154297,9.20664381980896,0.00920664381980896,2890107,60
pud,equalize,238,1000,0.0005779266357421875,10.058065176010132,0.010058065176010132,3347006,60
pud,equalize,239,1000,0.000598907470703125,10.398231267929077,0.010398231267929077,3420986,60
pud,equalize,240,1000,0.0005583763122558594,9.81138563156128,0.00981138563156128,3202118,60
pud,equalize,241,1000,0.0006225109100341797,8.654804468154907,0.008654804468154908,2770298,60
pud,equalize,242,1000,0.0005595684051513672,9.91603970527649,0.00991603970527649,3195294,60
pud,equalize,243,1000,0.0005879402160644531,8.925833225250244,0.008925833225250245,2820921,60
pud,equalize,244,1000,0.0005240440368652344,9.626518487930298,0.009626518487930297,3191180,60
pud,equalize,245,1000,0.0005600452423095703,10.291833877563477,0.010291833877563477,3505975,60
pud,equalize,246,1000,0.0005948543548583984,8.848849058151245,0.008848849058151245,2856178,60
pud,equalize,247,1000,0.0005731582641601562,8.711439847946167,0.008711439847946168,2816873,60
pud,equalize,248,1000,0.0005364418029785156,8.68234133720398,0.00868234133720398,2738463,60
pud,equalize,249,1000,0.0005621910095214844,10.199269771575928,0.010199269771575929,3299493,60
pud,equalize,250,1000,0.0005619525909423828,10.144172668457031,0.010144172668457031,3270631,60
pud,equalize,251,1000,0.0005578994750976562,9.656036853790283,0.009656036853790283,3125742,60
pud,equalize,252,1000,0.0005593299865722656,10.003921747207642,0.010003921747207642,3391361,60
pud,equalize,253,1000,0.0006153583526611328,10.20903491973877,0.01020903491973877,3091405,60
pud,equalize,254,1000,0.0005593299865722656,8.532785415649414,0.008532785415649414,2791154,60
pud,equalize,255,1000,0.0005695819854736328,8.77075481414795,0.008770754814147949,2851440,60
pud,equalize,256,1000,0.0005817413330078125,10.991578817367554,0.010991578817367554,3407138,60
pud,equalize,257,1000,0.0005681514739990234,9.37391996383667,0.00937391996383667,3149557,60
pud,equalize,258,1000,0.0005950927734375,9.534512281417847,0.009534512281417846,3148688,60
pud,equalize,259,1000,0.0006067752838134766,9.521747827529907,0.009521747827529908,3088256,60
pud,equalize,260,1000,0.0005276203155517578,9.068470239639282,0.009068470239639283,2887730,60
pud,equalize,261,1000,0.0005888938903808594,9.814980506896973,0.009814980506896973,3160245,60
pud,equalize,262,1000,0.0005807876586914062,8.586296319961548,0.008586296319961547,2805075,60
pud,equalize,263,1000,0.0005619525909423828,9.511522769927979,0.009511522769927979,3165491,60
pud,equalize,264,1000,0.0005891323089599609,8.61967420578003,0.00861967420578003,2829121,60
pud,equalize,265,1000,0.0005731582641601562,9.772874355316162,0.009772874355316163,3272032,60
pud,equalize,266,1000,0.0005900859832763672,10.372671842575073,0.010372671842575074,3345184,60
pud,equalize,267,1000,0.000579833984375,9.106916666030884,0.009106916666030885,2960786,60
pud,equalize,268,1000,0.0005705356597900391,10.213305234909058,0.010213305234909058,3467127,60
pud,equalize,269,1000,0.0005888938903808594,9.840161323547363,0.009840161323547363,3056697,60
pud,equalize,270,1000,0.0005671977996826172,9.677544355392456,0.009677544355392457,3072812,60
pud,equalize,271,1000,0.0005931854248046875,9.949602842330933,0.009949602842330933,3190790,60
pud,equalize,272,1000,0.0005469322204589844,9.09971570968628,0.00909971570968628,2934578,60
pud,equalize,273,1000,0.0005960464477539062,9.08903169631958,0.00908903169631958,2845271,60
pud,equalize,274,1000,0.0005803108215332031,10.735214710235596,0.010735214710235596,3421161,60
pud,equalize,275,1000,0.0005974769592285156,9.764776706695557,0.009764776706695557,3199190,60
pud,equalize,276,1000,0.0005631446838378906,10.24685287475586,0.010246852874755859,3080131,60
pud,equalize,277,1000,0.0005826950073242188,9.461517810821533,0.009461517810821534,3129538,60
pud,equalize,278,1000,0.0005559921264648438,11.311887741088867,0.011311887741088867,3696130,60
pud,equalize,279,1000,0.0005724430084228516,9.564775228500366,0.009564775228500366,3153623,60
pud,equalize,280,1000,0.0005412101745605469,8.76600456237793,0.00876600456237793,2931151,60
pud,equalize,281,1000,0.0005648136138916016,9.058682918548584,0.009058682918548585,2921271,60
pud,equalize,282,1000,0.0005841255187988281,8.994890689849854,0.008994890689849853,2876055,60
pud,equalize,283,1000,0.0005855560302734375,9.543771028518677,0.009543771028518677,3047691,60
pud,equalize,284,1000,0.0005514621734619141,8.739675998687744,0.008739675998687744,2855895,60
pud,equalize,285,1000,0.0005948543548583984,10.302985191345215,0.010302985191345215,3381948,60
pud,equalize,286,1000,0.0005536079406738281,9.341333866119385,0.009341333866119385,3028132,60
pud,equalize,287,1000,0.0006034374237060547,8.375048160552979,0.008375048160552978,2767565,60
pud,equalize,288,1000,0.0005514621734619141,9.545576333999634,0.009545576333999634,3087815,60
pud,equalize,289,1000,0.0005977153778076172,9.198162317276001,0.009198162317276002,2931740,60
pud,equalize,290,1000,0.0005464553833007812,9.203919410705566,0.009203919410705566,2973891,60
pud,equalize,291,1000,0.0005896091461181641,8.870565176010132,0.008870565176010132,2821119,60
pud,equalize,292,1000,0.0005526542663574219,9.748987436294556,0.009748987436294555,3167373,60
pud,equalize,293,1000,0.0005970001220703125,8.955366373062134,0.008955366373062134,2990273,60
pud,equalize,294,1000,0.0005550384521484375,9.70795488357544,0.00970795488357544,3146530,60
pud,equalize,295,1000,0.0005950927734375,9.126009464263916,0.009126009464263916,2859291,60
pud,equalize,296,1000,0.0005583763122558594,9.217758655548096,0.009217758655548096,2953625,60
pud,equalize,297,1000,0.0006129741668701172,8.871836423873901,0.0088718364238739,2898548,60
pud,equalize,298,1000,0.0005526542663574219,9.34182596206665,0.00934182596206665,3129138,60
pud,equalize,299,1000,0.0006251335144042969,10.905009508132935,0.010905009508132935,3662636,60
pud,equalize,300,1000,0.000553131103515625,9.814600706100464,0.009814600706100464,3167695,60
pud,equalize,301,1000,0.0006220340728759766,10.645517349243164,0.010645517349243164,3487005,60
pud,equalize,302,1000,0.0005517005920410156,9.52344012260437,0.00952344012260437,3121888,60
pud,equalize,303,1000,0.0006172657012939453,9.205568313598633,0.009205568313598632,3001813,60
pud,equalize,304,1000,0.0005445480346679688,9.178847312927246,0.009178847312927245,3086700,60
pud,equalize,305,1000,0.0006077289581298828,10.16504955291748,0.01016504955291748,3349292,60
pud,equalize,306,1000,0.0005567073822021484,9.343836784362793,0.009343836784362793,3059266,60
pud,equalize,307,1000,0.0006196498870849609,8.905097007751465,0.008905097007751465,2833101,60
pud,equalize,308,1000,0.0005650520324707031,10.654175281524658,0.010654175281524658,3317019,60
pud,equalize,309,1000,0.0006568431854248047,9.241927862167358,0.009241927862167359,2952546,60
pud,equalize,310,1000,0.0005357265472412109,9.233243227005005,0.009233243227005005,3029200,60
pud,equalize,311,1000,0.0006165504455566406,9.77934980392456,0.00977934980392456,3164759,60
pud,equalize,312,1000,0.0005660057067871094,8.822098016738892,0.008822098016738892,2736396,60
pud,equalize,313,1000,0.0006194114685058594,9.222942590713501,0.0092229425907135,2931890,60
pud,equalize,314,1000,0.000553131103515625,9.012317895889282,0.009012317895889282,2917072,60
pud,equalize,315,1000,0.0006330013275146484,10.52488923072815,0.01052488923072815,3489489,60
pud,equalize,316,1000,0.0005712509155273438,10.127458572387695,0.010127458572387695,3314736,60
pud,equalize,317,1000,0.0006339550018310547,10.91428542137146,0.01091428542137146,3597606,60
pud,equalize,318,1000,0.0005433559417724609,9.830514669418335,0.009830514669418335,3206231,60
pud,equalize,319,1000,0.0005891323089599609,9.080596685409546,0.009080596685409547,2985280,60
pud,equalize,320,1000,0.0005714893341064453,8.724696397781372,0.008724696397781373,2843102,60
pud,equalize,321,1000,0.0006096363067626953,8.780717134475708,0.008780717134475709,2970318,60
pud,equalize,322,1000,0.0006034374237060547,9.4571373462677,0.0094571373462677,3140351,60
pud,equalize,323,1000,0.0006244182586669922,9.440475225448608,0.009440475225448608,3138284,60
pud,equalize,324,1000,0.0005695819854736328,8.675989627838135,0.008675989627838134,2797394,60
pud,equalize,325,1000,0.0006282329559326172,10.444310903549194,0.010444310903549194,3459144,60
pud,equalize,326,1000,0.0005898475646972656,9.833740472793579,0.009833740472793579,3118354,60
pud,equalize,327,1000,0.0006287097930908203,8.991842269897461,0.00899184226989746,2909043,60
pud,equalize,328,1000,0.0005521774291992188,10.032416343688965,0.010032416343688965,3103379,60
pud,equalize,329,1000,0.0006525516510009766,9.535396814346313,0.009535396814346314,3097827,60
pud,equalize,330,1000,0.0005819797515869141,10.527215719223022,0.010527215719223023,3381189,60
pud,equalize,331,1000,0.00061798095703125,8.978857040405273,0.008978857040405273,2957247,60
pud,equalize,332,1000,0.0005614757537841797,9.225016593933105,0.009225016593933105,3008788,60
pud,equalize,333,1000,0.0006401538848876953,9.630275011062622,0.009630275011062622,3092412,60
pud,equalize,334,1000,0.0006012916564941406,9.67685055732727,0.00967685055732727,3047803,60
pud,equalize,335,1000,0.0006082057952880859,10.858332872390747,0.010858332872390747,3573095,60
pud,equalize,336,1000,0.0005605220794677734,9.964449882507324,0.009964449882507324,3185719,60
pud,equalize,337,1000,0.0006392002105712891,9.661683559417725,0.009661683559417725,3178736,60
pud,equalize,338,1000,0.0005917549133300781,9.715620517730713,0.009715620517730714,2898092,60
pud,equalize,339,1000,0.0006015300750732422,9.526981592178345,0.009526981592178345,3093418,60
pud,equalize,340,1000,0.0005674362182617188,9.045258045196533,0.009045258045196533,2998164,60
pud,equalize,341,1000,0.0006392002105712891,8.96434235572815,0.00896434235572815,2853598,60
pud,equalize,342,1000,0.0006101131439208984,8.88878345489502,0.00888878345489502,2901939,60
pud,equalize,343,1000,0.0005991458892822266,9.399359226226807,0.009399359226226806,3047750,60
pud,equalize,344,1000,0.0005564689636230469,10.892919063568115,0.010892919063568115,3578713,60
pud,equalize,345,1000,0.0006515979766845703,9.667641162872314,0.009667641162872314,3109080,60
pud,equalize,346,1000,0.0006148815155029297,9.843101739883423,0.009843101739883424,3269284,60
pud,equalize,347,1000,0.0005986690521240234,9.684444189071655,0.009684444189071655,2990814,60
pud,equalize,348,1000,0.0005404949188232422,10.2067711353302,0.0102067711353302,3381718,60
pud,equalize,349,1000,0.0006399154663085938,10.023335456848145,0.010023335456848144,3306054,60
pud,equalize,350,1000,0.0005981922149658203,9.039514303207397,0.009039514303207397,2978600,60
pud,equalize,351,1000,0.0006241798400878906,10.46034026145935,0.010460340261459351,3414758,60
pud,equalize,352,1000,0.0005464553833007812,9.700099229812622,0.009700099229812622,3090748,60
pud,equalize,353,1000,0.0006134510040283203,8.960784673690796,0.008960784673690795,2939758,60
pud,equalize,354,1000,0.0006241798400878906,9.300333738327026,0.009300333738327027,3003715,60
pud,equalize,355,1000,0.0006608963012695312,10.24244499206543,0.01024244499206543,3473659,60
pud,equalize,356,1000,0.0005462169647216797,9.789448261260986,0.009789448261260986,2970865,60
pud,equalize,357,1000,0.0006759166717529297,10.528501033782959,0.010528501033782958,3307282,60
pud,equalize,358,1000,0.0006899833679199219,9.246748924255371,0.009246748924255371,3016274,60
pud,equalize,359,1000,0.000705718994140625,10.768986225128174,0.010768986225128174,3366281,60
pud,equalize,360,1000,0.0006210803985595703,9.16711139678955,0.009167111396789551,3004088,60
pud,equalize,361,1000,0.0006253719329833984,9.407064199447632,0.009407064199447632,2992400,60
pud,equalize,362,1000,0.0006859302520751953,10.235652208328247,0.010235652208328247,3207357,60
pud,equalize,363,1000,0.0006749629974365234,9.762699604034424,0.009762699604034425,3112204,60
pud,equalize,364,1000,0.0006463527679443359,9.356816530227661,0.00935681653022766,2921877,60
pud,equalize,365,1000,0.0006773471832275391,9.37951374053955,0.00937951374053955,3038069,60
pud,equalize,366,1000,0.0006177425384521484,9.844038963317871,0.009844038963317871,3185699,60
pud,equalize,367,1000,0.0006253719329833984,9.71747612953186,0.00971747612953186,3058335,60
pud,equalize,368,1000,0.0006690025329589844,9.366678714752197,0.009366678714752196,2974685,60
pud,equalize,369,1000,0.0006365776062011719,9.768389463424683,0.009768389463424683,3263781,60
pud,equalize,370,1000,0.0006518363952636719,10.197596788406372,0.010197596788406373,3312174,60
pud,equalize,371,1000,0.0007195472717285156,9.304595708847046,0.009304595708847046,2843740,60
pud,equalize,372,1000,0.0006601810455322266,9.74761152267456,0.009747611522674561,3018247,60
pud,equalize,373,1000,0.0006086826324462891,9.079861402511597,0.009079861402511597,2865877,60
pud,equalize,374,1000,0.0007469654083251953,9.830164432525635,0.009830164432525634,3132898,60
pud,equalize,375,1000,0.0006864070892333984,8.709039688110352,0.008709039688110352,2784384,60
pud,equalize,376,1000,0.0005834102630615234,10.781601428985596,0.010781601428985595,3476775,60
pud,equalize,377,1000,0.0006749629974365234,10.038177251815796,0.010038177251815796,3172822,60
pud,equalize,378,1000,0.0006387233734130859,9.37263011932373,0.009372630119323731,3143902,60
pud,equalize,379,1000,0.0006515979766845703,9.181893825531006,0.009181893825531006,2837985,60
pud,equalize,380,1000,0.0005741119384765625,11.67923355102539,0.011679233551025391,3951296,60
pud,equalize,381,1000,0.0006301403045654297,9.184557676315308,0.009184557676315307,2931521,60
pud,equalize,382,1000,0.0006048679351806641,9.194764852523804,0.009194764852523804,2963890,60
pud,equalize,383,1000,0.0006413459777832031,11.266214370727539,0.011266214370727539,3417826,60
pud,equalize,384,1000,0.0005512237548828125,10.08158278465271,0.01008158278465271,3122290,60
pud,equalize,385,1000,0.0006301403045654297,9.625654935836792,0.009625654935836793,3134854,60
pud,equalize,386,1000,0.0006551742553710938,9.13745379447937,0.00913745379447937,2987436,60
pud,equalize,387,1000,0.0006165504455566406,10.275147676467896,0.010275147676467896,3439093,60
pud,equalize,388,1000,0.0005197525024414062,10.619312286376953,0.010619312286376954,3441145,60
pud,equalize,389,1000,0.0006060600280761719,10.162457466125488,0.010162457466125489,3371624,60
pud,equalize,390,1000,0.0006263256072998047,9.191060066223145,0.009191060066223144,2931641,60
pud,equalize,391,1000,0.0006227493286132812,9.995594501495361,0.009995594501495361,3279561,60
pud,equalize,392,1000,0.00057220458984375,9.934997797012329,0.009934997797012329,3199138,60
pud,equalize,393,1000,0.0006105899810791016,9.677534103393555,0.009677534103393554,3083882,60
pud,equalize,394,1000,0.0006241798400878906,9.297345638275146,0.009297345638275147,3067906,60
pud,equalize,395,1000,0.0006015300750732422,8.875571966171265,0.008875571966171265,2940516,60
pud,equalize,396,1000,0.0005524158477783203,9.718530416488647,0.009718530416488647,3120079,60
pud,equalize,397,1000,0.0005462169647216797,11.150152206420898,0.011150152206420898,3648582,60
pud,equalize,398,1000,0.0006608963012695312,8.534700393676758,0.008534700393676757,2771861,60
pud,equalize,399,1000,0.0006580352783203125,10.673060894012451,0.01067306089401245,3498842,60
pud,equalize,400,1000,0.0005738735198974609,9.037170886993408,0.009037170886993408,2834105,60
pud,equalize,401,1000,0.0005946159362792969,10.449442863464355,0.010449442863464355,3423183,60
pud,equalize,402,1000,0.0006706714630126953,8.439679145812988,0.008439679145812989,2811304,60
pud,equalize,403,1000,0.0006420612335205078,9.762425184249878,0.009762425184249877,3190463,60
pud,equalize,404,1000,0.0005528926849365234,9.437187433242798,0.009437187433242797,2891171,60
pud,equalize,405,1000,0.0006284713745117188,9.678800821304321,0.009678800821304321,3107649,60
pud,equalize,406,1000,0.0006449222564697266,8.944191694259644,0.008944191694259643,2860491,60
pud,equalize,407,1000,0.0005958080291748047,9.576045513153076,0.009576045513153076,3153083,60
pud,equalize,408,1000,0.0005736351013183594,10.321741342544556,0.010321741342544556,3428578,60
pud,equalize,409,1000,0.000621795654296875,11.107295751571655,0.011107295751571655,3677006,60
pud,equalize,410,1000,0.0006690025329589844,9.174349069595337,0.009174349069595336,3032670,60
pud,equalize,411,1000,0.0006198883056640625,10.102876424789429,0.01010287642478943,3288494,60
pud,equalize,412,1000,0.0005550384521484375,10.130483865737915,0.010130483865737915,3318282,60
pud,equalize,413,1000,0.0005867481231689453,9.344518899917603,0.009344518899917602,3050185,60
pud,equalize,414,1000,0.0006663799285888672,9.909774780273438,0.009909774780273438,3192401,60
pud,equalize,415,1000,0.0006532669067382812,10.289382457733154,0.010289382457733155,3411032,60
pud,equalize,416,1000,0.000553131103515625,8.941612243652344,0.008941612243652343,2897818,60
pud,equalize,417,1000,0.0006260871887207031,9.320763349533081,0.00932076334953308,3011711,60
pud,equalize,418,1000,0.0006704330444335938,10.576800346374512,0.010576800346374511,3458193,60
pud,equalize,419,1000,0.0005924701690673828,8.673534631729126,0.008673534631729126,2879854,60
pud,equalize,420,1000,0.0005609989166259766,9.970238447189331,0.009970238447189332,3306051,60
pud,equalize,421,1000,0.0005767345428466797,9.891005277633667,0.009891005277633667,3052259,60
pud,equalize,422,1000,0.0006711483001708984,9.898415565490723,0.009898415565490723,3338522,60
pud,equalize,423,1000,0.0006382465362548828,8.668517827987671,0.00866851782798767,2853650,60
pud,equalize,424,1000,0.0005843639373779297,10.468327045440674,0.010468327045440673,3458091,60
pud,equalize,425,1000,0.0006635189056396484,10.34538984298706,0.01034538984298706,3398400,60
pud,equalize,426,1000,0.0006718635559082031,9.072800636291504,0.009072800636291505,2895544,60
pud,equalize,427,1000,0.0006196498870849609,9.045002937316895,0.009045002937316894,2974240,60
pud,equalize,428,1000,0.0005829334259033203,8.827764511108398,0.008827764511108399,2782774,60
pud,equalize,429,1000,0.0005779266357421875,9.007957935333252,0.009007957935333252,2914811,60
pud,equalize,430,1000,0.0006539821624755859,8.567514181137085,0.008567514181137085,2818124,60
pud,equalize,431,1000,0.0005931854248046875,9.993816375732422,0.009993816375732422,3336095,60
pud,equalize,432,1000,0.0005538463592529297,9.421877384185791,0.009421877384185791,3150936,60
pud,equalize,433,1000,0.0005986690521240234,9.131427764892578,0.009131427764892577,2970664,60
pud,equalize,434,1000,0.0006253719329833984,9.043802738189697,0.009043802738189697,2831582,60
pud,equalize,435,1000,0.0005812644958496094,9.448604583740234,0.009448604583740234,3095493,60
pud,equalize,436,1000,0.0005173683166503906,10.204288005828857,0.010204288005828857,3394992,60
pud,equalize,437,1000,0.0005476474761962891,9.607516050338745,0.009607516050338745,3189177,60
pud,equalize,438,1000,0.0006439685821533203,9.339038372039795,0.009339038372039796,2937544,60
pud,equalize,439,1000,0.0006642341613769531,9.767740726470947,0.009767740726470948,3312464,60
pud,equalize,440,1000,0.0005843639373779297,10.127430200576782,0.010127430200576782,3317415,60
pud,equalize,441,1000,0.0006513595581054688,10.753842115402222,0.010753842115402222,3633098,60
pud,equalize,442,1000,0.0006814002990722656,10.654854536056519,0.010654854536056519,3431614,60
pud,equalize,443,1000,0.0005846023559570312,10.439143419265747,0.010439143419265747,3539418,60
pud,equalize,444,1000,0.0005702972412109375,9.469313383102417,0.009469313383102416,3025380,60
pud,equalize,445,1000,0.0005431175231933594,10.355327606201172,0.010355327606201172,3373825,60
pud,equalize,446,1000,0.0006604194641113281,9.048802375793457,0.009048802375793457,2896054,60
pud,equalize,447,1000,0.000629425048828125,9.25822401046753,0.009258224010467529,2884966,60
pud,equalize,448,1000,0.0005137920379638672,9.154067039489746,0.009154067039489747,3006350,60
pud,equalize,449,1000,0.0006098747253417969,10.551376104354858,0.010551376104354858,3421907,60
pud,equalize,450,1000,0.0006499290466308594,9.299205303192139,0.00929920530319214,2921405,60
pud,equalize,451,1000,0.0005972385406494141,9.368303060531616,0.009368303060531616,3016486,60
pud,equalize,452,1000,0.0005519390106201172,9.06818151473999,0.00906818151473999,2894290,60
pud,equalize,453,1000,0.0006103515625,9.256584644317627,0.009256584644317627,2943146,60
pud,equalize,454,1000,0.000606536865234375,9.538877964019775,0.009538877964019775,3082596,60
pud,equalize,455,1000,0.0006463527679443359,8.776873350143433,0.008776873350143433,2927437,60
pud,equalize,456,1000,0.0005419254302978516,10.590391397476196,0.010590391397476197,3325766,60
pud,equalize,457,1000,0.0006492137908935547,8.77207064628601,0.00877207064628601,2804258,60
pud,equalize,458,1000,0.0006337165832519531,11.763181209564209,0.011763181209564209,3804057,60
pud,equalize,459,1000,0.0005731582641601562,8.49516248703003,0.00849516248703003,2792982,60
pud,equalize,460,1000,0.0005097389221191406,9.971484899520874,0.009971484899520874,3262875,60
pud,equalize,461,1000,0.0005409717559814453,10.960884809494019,0.01096088480949402,3296104,60
pud,equalize,462,1000,0.0006318092346191406,9.631309270858765,0.009631309270858765,3124482,60
pud,equalize,463,1000,0.0006961822509765625,8.679330825805664,0.008679330825805664,2817242,60
pud,equalize,464,1000,0.0005884170532226562,9.875457525253296,0.009875457525253296,3041882,60
pud,equalize,465,1000,0.0006184577941894531,9.309914112091064,0.009309914112091065,3045129,60
pud,equalize,466,1000,0.0006184577941894531,10.028818368911743,0.010028818368911743,3136774,60
pud,equalize,467,1000,0.000568389892578125,10.763145446777344,0.010763145446777344,3598210,60
pud,equalize,468,1000,0.0005376338958740234,9.73478889465332,0.00973478889465332,3170508,60
pud,equalize,469,1000,0.00055694580078125,9.621227025985718,0.009621227025985718,3068511,60
pud,equalize,470,1000,0.0006449222564697266,9.256875276565552,0.009256875276565551,3062840,60
pud,equalize,471,1000,0.0006818771362304688,9.82869839668274,0.009828698396682739,3115267,60
pud,equalize,472,1000,0.000545501708984375,9.022355794906616,0.009022355794906615,2982205,60
pud,equalize,473,1000,0.0006425380706787109,8.960132360458374,0.008960132360458374,2957182,60
pud,equalize,474,1000,0.0006687641143798828,8.90323281288147,0.00890323281288147,2919234,60
pud,equalize,475,1000,0.0005404949188232422,9.584739208221436,0.009584739208221435,2984417,60
pud,equalize,476,1000,0.0005269050598144531,9.259505271911621,0.009259505271911621,3065051,60
pud,equalize,477,1000,0.0005800724029541016,9.376025676727295,0.009376025676727295,3094228,60
pud,equalize,478,1000,0.0006287097930908203,8.753629446029663,0.008753629446029663,2840178,60
pud,equalize,479,1000,0.0006160736083984375,9.941473722457886,0.009941473722457886,3298090,60
pud,equalize,480,1000,0.0005800724029541016,9.685070514678955,0.009685070514678954,3082450,60
pud,equalize,481,1000,0.0006358623504638672,9.04303526878357,0.00904303526878357,2919248,60
pud,equalize,482,1000,0.0006728172302246094,9.910154104232788,0.009910154104232788,3327053,60
pud,equalize,483,1000,0.0005733966827392578,10.067185878753662,0.010067185878753663,3294695,60
pud,equalize,484,1000,0.0005793571472167969,10.050360441207886,0.010050360441207886,3320066,60
pud,equalize,485,1000,0.0005598068237304688,10.24732255935669,0.010247322559356689,3387398,60
pud,equalize,486,1000,0.0006825923919677734,9.957310676574707,0.009957310676574706,3325456,60
pud,equalize,487,1000,0.0006952285766601562,9.64601445198059,0.009646014451980591,3043970,60
pud,equalize,488,1000,0.0005419254302978516,9.275957345962524,0.009275957345962524,3065598,60
pud,equalize,489,1000,0.0006704330444335938,9.17697024345398,0.009176970243453979,2980758,60
pud,equalize,490,1000,0.0005934238433837891,10.265501499176025,0.010265501499176025,3268205,60
pud,equalize,491,1000,0.0006015300750732422,10.121313333511353,0.010121313333511352,3318827,60
pud,equalize,492,1000,0.0005278587341308594,8.64176869392395,0.00864176869392395,2830288,60
pud,equalize,493,1000,0.0006051063537597656,9.452318906784058,0.009452318906784057,3106397,60
pud,equalize,494,1000,0.0006754398345947266,10.07231593132019,0.010072315931320191,3245644,60
pud,equalize,495,1000,0.0006959438323974609,8.513124942779541,0.00851312494277954,2805764,60
pud,equalize,496,1000,0.0005643367767333984,10.070861577987671,0.01007086157798767,3364938,60
pud,equalize,497,1000,0.0006568431854248047,9.258105516433716,0.009258105516433716,2960187,60
pud,equalize,498,1000,0.0006897449493408203,9.754364967346191,0.00975436496734619,3269393,60
pud,equalize,499,1000,0.000606536865234375,9.044580221176147,0.009044580221176147,2995221,60
pud,equalize,500,1000,0.0005459785461425781,9.96482801437378,0.009964828014373778,3159239,60
pud,equalize,501,1000,0.0005886554718017578,9.356717824935913,0.009356717824935913,3017055,60
pud,equalize,502,1000,0.0006678104400634766,10.421499490737915,0.010421499490737915,3406542,60
pud,equalize,503,1000,0.0007071495056152344,9.814787149429321,0.009814787149429322,3217247,60
pud,equalize,504,1000,0.0005548000335693359,9.532961368560791,0.00953296136856079,3221756,60
pud,equalize,505,1000,0.0006573200225830078,9.093609094619751,0.00909360909461975,2956622,60
pud,equalize,506,1000,0.0006763935089111328,9.758697748184204,0.009758697748184204,3254419,60
pud,equalize,507,1000,0.0006368160247802734,10.959177255630493,0.010959177255630493,3430062,60
pud,equalize,508,1000,0.0005605220794677734,9.351622581481934,0.009351622581481934,3040108,60
pud,equalize,509,1000,0.0005617141723632812,8.826102018356323,0.008826102018356324,2865762,60
pud,equalize,510,1000,0.0006532669067382812,9.159110069274902,0.009159110069274902,3075077,60
pud,equalize,511,1000,0.0006186962127685547,10.255681991577148,0.010255681991577148,3328342,60
pud,equalize,512,1000,0.0005578994750976562,9.179922342300415,0.009179922342300416,3017845,60
pud,equalize,513,1000,0.0006978511810302734,9.477057456970215,0.009477057456970216,3142319,60
pud,equalize,514,1000,0.00067138671875,9.806169986724854,0.009806169986724853,3320610,60
pud,equalize,515,1000,0.0006098747253417969,9.627509355545044,0.009627509355545044,3168040,60
pud,equalize,516,1000,0.0005750656127929688,10.246900081634521,0.010246900081634522,3272076,60
pud,equalize,517,1000,0.0005629062652587891,10.687780618667603,0.010687780618667602,3392661,60
pud,equalize,518,1000,0.0006859302520751953,9.212239265441895,0.009212239265441895,3002792,60
pud,equalize,519,1000,0.0006964206695556641,9.388694763183594,0.009388694763183594,3081070,60
pud,equalize,520,1000,0.0005464553833007812,9.0879647731781,0.0090879647731781,2910028,60
pud,equalize,521,1000,0.0006771087646484375,10.601889610290527,0.010601889610290528,3372904,60
pud,equalize,522,1000,0.0006911754608154297,10.308329343795776,0.010308329343795776,3340796,60
pud,equalize,523,1000,0.0005888938903808594,9.876679420471191,0.009876679420471192,3190476,60
pud,equalize,524,1000,0.0005373954772949219,9.682741641998291,0.009682741641998291,3201191,60
pud,equalize,525,1000,0.0005228519439697266,9.100118160247803,0.009100118160247802,2935165,60
pud,equalize,526,1000,0.0006327629089355469,9.642156600952148,0.009642156600952148,3109892,60
pud,equalize,527,1000,0.0006690025329589844,9.864190101623535,0.009864190101623534,3054942,60
pud,equalize,528,1000,0.0005495548248291016,9.243829011917114,0.009243829011917113,3039782,60
pud,equalize,529,1000,0.0006973743438720703,9.107749938964844,0.009107749938964843,3027680,60
pud,equalize,530,1000,0.0006620883941650391,8.50080156326294,0.00850080156326294,2793540,60
pud,equalize,531,1000,0.0006146430969238281,10.710635423660278,0.010710635423660278,3575489,60
pud,equalize,532,1000,0.0005707740783691406,8.64883279800415,0.008648832798004151,2917120,60
pud,equalize,533,1000,0.0006103515625,9.118245124816895,0.009118245124816895,2998326,60
pud,equalize,534,1000,0.0006585121154785156,9.71520709991455,0.00971520709991455,3076487,60
pud,equalize,535,1000,0.0007033348083496094,9.618884086608887,0.009618884086608886,3157257,60
pud,equalize,536,1000,0.000545501708984375,10.334678888320923,0.010334678888320924,3406546,60
pud,equalize,537,1000,0.0006821155548095703,9.486708641052246,0.009486708641052246,3010930,60
pud,equalize,538,1000,0.0006608963012695312,8.918113708496094,0.008918113708496093,2968058,60
pud,equalize,539,1000,0.0006444454193115234,8.647314548492432,0.008647314548492432,2837797,60
pud,equalize,540,1000,0.0005354881286621094,8.942921876907349,0.008942921876907348,2852951,60
pud,equalize,541,1000,0.0006206035614013672,8.834911346435547,0.008834911346435546,2978694,60
pud,equalize,542,1000,0.0006835460662841797,10.653409719467163,0.010653409719467164,3581580,60
pud,equalize,543,1000,0.0006642341613769531,9.691938161849976,0.009691938161849975,3022198,60
pud,equalize,544,1000,0.0006074905395507812,9.419647693634033,0.009419647693634034,3045751,60
pud,equalize,545,1000,0.0006659030914306641,8.73985505104065,0.008739855051040649,2958147,60
pud,equalize,546,1000,0.0006422996520996094,9.219016075134277,0.009219016075134277,2900914,60
pud,equalize,547,1000,0.0006136894226074219,10.174612522125244,0.010174612522125244,3449958,60
pud,equalize,548,1000,0.0005819797515869141,10.214325189590454,0.010214325189590454,3346498,60
pud,equalize,549,1000,0.0006225109100341797,9.101914882659912,0.009101914882659911,3057663,60
pud,equalize,550,1000,0.0006356239318847656,9.513619661331177,0.009513619661331177,3084375,60
pud,equalize,551,1000,0.0007052421569824219,9.445312738418579,0.009445312738418579,3169879,60
pud,equalize,552,1000,0.0005576610565185547,10.241540908813477,0.010241540908813476,3378021,60
pud,equalize,553,1000,0.0006799697875976562,9.403842687606812,0.00940384268760681,3184605,60
pud,equalize,554,1000,0.0006704330444335938,9.396365642547607,0.009396365642547607,3152574,60
pud,equalize,555,1000,0.0006210803985595703,8.923529148101807,0.008923529148101806,2950172,60
pud,equalize,556,1000,0.0005962848663330078,10.084446430206299,0.010084446430206298,3284748,60
pud,equalize,557,1000,0.0005779266357421875,8.523874521255493,0.008523874521255493,2775301,60
pud,equalize,558,1000,0.0006625652313232422,9.017279624938965,0.009017279624938965,2954646,60
pud,equalize,559,1000,0.0006928443908691406,8.625908613204956,0.008625908613204955,2860124,60
pud,equalize,560,1000,0.0005490779876708984,8.911301851272583,0.008911301851272584,2879162,60
pud,equalize,561,1000,0.0006878376007080078,9.602050304412842,0.009602050304412841,3248269,60
pud,equalize,562,1000,0.0006935596466064453,11.077720880508423,0.011077720880508422,3476848,60
pud,equalize,563,1000,0.0006406307220458984,10.060401916503906,0.010060401916503906,3409285,60
pud,equalize,564,1000,0.0005440711975097656,10.177995443344116,0.010177995443344117,3348813,60
pud,equalize,565,1000,0.0005781650543212891,9.688048839569092,0.009688048839569093,3273374,60
pud,equalize,566,1000,0.0006861686706542969,8.794413566589355,0.008794413566589356,2915727,60
pud,equalize,567,1000,0.0007088184356689453,11.345127820968628,0.011345127820968628,3647830,60
pud,equalize,568,1000,0.0005524158477783203,9.468270778656006,0.009468270778656005,3118767,60
pud,equalize,569,1000,0.00069427490234375,9.757040977478027,0.009757040977478027,3123092,60
pud,equalize,570,1000,0.0007216930389404297,10.394591808319092,0.010394591808319092,3352521,60
pud,equalize,571,1000,0.000614166259765625,8.892128467559814,0.008892128467559815,2762380,60
pud,equalize,572,1000,0.0005667209625244141,9.736672163009644,0.009736672163009644,3253306,60
pud,equalize,573,1000,0.0006148815155029297,10.075183153152466,0.010075183153152466,3262586,60
pud,equalize,574,1000,0.0006682872772216797,8.67477011680603,0.00867477011680603,2832220,60
pud,equalize,575,1000,0.0006666183471679688,9.96187973022461,0.00996187973022461,3298546,60
pud,equalize,576,1000,0.0005884170532226562,9.981271743774414,0.009981271743774413,3288302,60
pud,equalize,577,1000,0.0006921291351318359,10.140276908874512,0.010140276908874512,3412656,60
pud,equalize,578,1000,0.0007061958312988281,9.144891738891602,0.009144891738891601,2889120,60
pud,equalize,579,1000,0.0005941390991210938,10.393091678619385,0.010393091678619385,3376312,60
pud,equalize,580,1000,0.0005905628204345703,8.603625774383545,0.008603625774383545,2835235,60
pud,equalize,581,1000,0.0006351470947265625,9.562099695205688,0.00956209969520569,3083686,60
pud,equalize,582,1000,0.0009250640869140625,9.170249462127686,0.009170249462127685,2982724,60
pud,equalize,583,1000,0.0007171630859375,8.569034337997437,0.008569034337997437,2812403,60
pud,equalize,584,1000,0.0005505084991455078,9.759902477264404,0.009759902477264404,3272517,60
pud,equalize,585,1000,0.0006923675537109375,8.899669170379639,0.008899669170379638,2871065,60
pud,equalize,586,1000,0.0006906986236572266,10.862284183502197,0.010862284183502198,3501371,60
pud,equalize,587,1000,0.0006206035614013672,9.761669874191284,0.009761669874191284,3042805,60
pud,equalize,588,1000,0.0005764961242675781,9.38064432144165,0.00938064432144165,2997951,60
pud,equalize,589,1000,0.0005948543548583984,8.325750827789307,0.008325750827789307,2765840,60
pud,equalize,590,1000,0.0006289482116699219,8.689213991165161,0.008689213991165162,2873731,60
pud,equalize,591,1000,0.0007064342498779297,9.549420356750488,0.009549420356750488,3098187,60
pud,equalize,592,1000,0.0004897117614746094,10.904701709747314,0.010904701709747314,3729780,60
pud,equalize,593,1000,0.0007035732269287109,8.73295783996582,0.00873295783996582,2904265,60
pud,equalize,594,1000,0.0007035732269287109,9.488476753234863,0.009488476753234863,2951460,60
pud,equalize,595,1000,0.0006232261657714844,11.505943775177002,0.011505943775177002,3895848,60
pud,equalize,596,1000,0.0005502700805664062,8.395705223083496,0.008395705223083496,2642404,60
pud,equalize,597,1000,0.0006270408630371094,11.832768440246582,0.011832768440246583,3889021,60
pud,equalize,598,1000,0.0006651878356933594,9.468432664871216,0.009468432664871216,2997639,60
pud,equalize,599,1000,0.0006682872772216797,9.108618974685669,0.00910861897468567,2862862,60
pud,equalize,600,1000,0.0005948543548583984,8.84297800064087,0.008842978000640869,2848972,60
pud,equalize,601,1000,0.0006363391876220703,10.465553998947144,0.010465553998947143,3466080,60
pud,equalize,602,1000,0.0006434917449951172,9.82085371017456,0.00982085371017456,3245124,60
pud,equalize,603,1000,0.0005717277526855469,8.847403287887573,0.008847403287887573,2882470,60
pud,equalize,604,1000,0.0005991458892822266,8.65770173072815,0.00865770173072815,2874651,60
pud,equalize,605,1000,0.0005495548248291016,9.659413814544678,0.009659413814544677,2978836,60
pud,equalize,606,1000,0.0006816387176513672,8.837216854095459,0.00883721685409546,2909124,60
pud,equalize,607,1000,0.0006761550903320312,8.851210832595825,0.008851210832595826,2850602,60
pud,equalize,608,1000,0.0005571842193603516,10.263103485107422,0.010263103485107422,3411503,60
pud,equalize,609,1000,0.0006558895111083984,9.754132509231567,0.009754132509231567,3283324,60
pud,equalize,610,1000,0.0007188320159912109,9.913431882858276,0.009913431882858276,3235582,60
pud,equalize,611,1000,0.0005347728729248047,9.189905405044556,0.009189905405044555,2916969,60
pud,equalize,612,1000,0.0005774497985839844,9.283912658691406,0.009283912658691407,3018555,60
pud,equalize,613,1000,0.0006070137023925781,10.45958137512207,0.01045958137512207,3365059,60
pud,equalize,614,1000,0.0007178783416748047,9.9752836227417,0.0099752836227417,3195859,60
pud,equalize,615,1000,0.0006401538848876953,9.94970440864563,0.00994970440864563,3394506,60
pud,equalize,616,1000,0.0005936622619628906,9.099826335906982,0.009099826335906983,2878712,60
pud,equalize,617,1000,0.0006680488586425781,11.242325067520142,0.011242325067520141,3494104,60
pud,equalize,618,1000,0.0006313323974609375,9.392801523208618,0.009392801523208618,2895336,60
pud,equalize,619,1000,0.0006198883056640625,9.148033142089844,0.009148033142089843,2929469,60
pud,equalize,620,1000,0.0005660057067871094,10.193379878997803,0.010193379878997802,3359716,60
pud,equalize,621,1000,0.0005598068237304688,9.65621304512024,0.00965621304512024,3118337,60
pud,equalize,622,1000,0.0006406307220458984,9.286261081695557,0.009286261081695557,2914414,60
pud,equalize,623,1000,0.0006303787231445312,8.968251943588257,0.008968251943588256,2962869,60
pud,equalize,624,1000,0.0005092620849609375,9.295642137527466,0.009295642137527467,2953284,60
pud,equalize,625,1000,0.0006377696990966797,9.913908243179321,0.009913908243179321,3301851,60
pud,equalize,626,1000,0.0007557868957519531,8.908082008361816,0.008908082008361816,2880693,60
pud,equalize,627,1000,0.0006625652313232422,10.658545017242432,0.010658545017242432,3512863,60
pud,equalize,628,1000,0.0005714893341064453,9.06322693824768,0.00906322693824768,2954235,60
pud,equalize,629,1000,0.0005731582641601562,9.515122413635254,0.009515122413635254,3116908,60
pud,equalize,630,1000,0.0007352828979492188,9.356476545333862,0.009356476545333862,3090093,60
pud,equalize,631,1000,0.0006575584411621094,9.080697059631348,0.009080697059631347,2924560,60
pud,equalize,632,1000,0.0005815029144287109,10.497147798538208,0.010497147798538208,3523418,60
pud,equalize,633,1000,0.0006215572357177734,8.851516008377075,0.008851516008377075,2841780,60
pud,equalize,634,1000,0.0007059574127197266,10.006809949874878,0.010006809949874879,3375216,60
pud,equalize,635,1000,0.000591278076171875,9.217398405075073,0.009217398405075074,2908298,60
pud,equalize,636,1000,0.0005807876586914062,8.937249898910522,0.008937249898910522,2895391,60
pud,equalize,637,1000,0.0005919933319091797,9.568414688110352,0.00956841468811035,3181894,60
pud,equalize,638,1000,0.0007054805755615234,10.693891048431396,0.010693891048431397,3385615,60
pud,equalize,639,1000,0.0006382465362548828,9.83410930633545,0.009834109306335449,3112955,60
pud,equalize,640,1000,0.0005962848663330078,10.156843423843384,0.010156843423843384,3323598,60
pud,equalize,641,1000,0.0006597042083740234,9.691273927688599,0.009691273927688598,3201011,60
pud,equalize,642,1000,0.0007269382476806641,8.925401449203491,0.008925401449203492,2935367,60
pud,equalize,643,1000,0.0006945133209228516,10.393836736679077,0.010393836736679077,3315100,60
pud,equalize,644,1000,0.0005970001220703125,8.80149507522583,0.00880149507522583,2856008,60
pud,equalize,645,1000,0.0006558895111083984,8.749868392944336,0.008749868392944336,2887888,60
pud,equalize,646,1000,0.0006966590881347656,9.795098066329956,0.009795098066329956,3243881,60
pud,equalize,647,1000,0.0006732940673828125,11.277889728546143,0.011277889728546143,3723035,60
pud,equalize,648,1000,0.0005376338958740234,9.508689880371094,0.009508689880371094,3111454,60
pud,equalize,649,1000,0.0006151199340820312,9.247114419937134,0.009247114419937134,3089549,60
pud,equalize,650,1000,0.0006723403930664062,8.688157320022583,0.008688157320022583,2858115,60
pud,equalize,651,1000,0.0006487369537353516,9.098859071731567,0.009098859071731568,2872575,60
pud,equalize,652,1000,0.0005903244018554688,8.427235841751099,0.0084272358417511,2761877,60
pud,equalize,653,1000,0.0006866455078125,10.746444702148438,0.010746444702148437,3550446,60
pud,equalize,654,1000,0.0007100105285644531,8.736408233642578,0.008736408233642579,2808101,60
pud,equalize,655,1000,0.0006878376007080078,11.665741920471191,0.011665741920471191,3189336,60
pud,equalize,656,1000,0.0005490779876708984,9.049170970916748,0.009049170970916749,2959885,60
pud,equalize,657,1000,0.0006914138793945312,9.94624400138855,0.00994624400138855,3204799,60
pud,equalize,658,1000,0.0006814002990722656,9.61501169204712,0.009615011692047119,3086346,60
pud,equalize,659,1000,0.0006783008575439453,8.930240631103516,0.008930240631103516,2902774,60
pud,equalize,660,1000,0.0005502700805664062,8.283851146697998,0.008283851146697998,2703249,60
pud,equalize,661,1000,0.0007092952728271484,10.411825895309448,0.010411825895309448,3296538,60
pud,equalize,662,1000,0.0007162094116210938,9.372241258621216,0.009372241258621216,3115915,60
pud,equalize,663,1000,0.0006673336029052734,10.473608493804932,0.010473608493804932,3427831,60
pud,equalize,664,1000,0.00057220458984375,8.801349639892578,0.008801349639892578,2863632,60
pud,equalize,665,1000,0.0006160736083984375,8.502007007598877,0.008502007007598877,2766839,60
pud,equalize,666,1000,0.0006742477416992188,9.14160943031311,0.00914160943031311,2976715,60
pud,equalize,667,1000,0.0006873607635498047,10.134132862091064,0.010134132862091064,3200469,60
pud,equalize,668,1000,0.0005514621734619141,9.10503888130188,0.00910503888130188,3018636,60
pud,equalize,669,1000,0.0007083415985107422,9.582439184188843,0.009582439184188843,3116317,60
pud,equalize,670,1000,0.0006542205810546875,9.50682783126831,0.00950682783126831,3041953,60
pud,equalize,671,1000,0.0006711483001708984,8.865498781204224,0.008865498781204224,2890931,60
pud,equalize,672,1000,0.0005273818969726562,9.41154170036316,0.009411541700363159,3102280,60
pud,equalize,673,1000,0.0006911754608154297,9.678498029708862,0.009678498029708863,3129171,60
pud,equalize,674,1000,0.0006680488586425781,10.877264261245728,0.010877264261245728,3582564,60
pud,equalize,675,1000,0.0006461143493652344,11.275858402252197,0.011275858402252197,3818937,60
pud,equalize,676,1000,0.0005977153778076172,9.22083044052124,0.00922083044052124,2918296,60
pud,equalize,677,1000,0.0006530284881591797,9.525038242340088,0.009525038242340089,2820876,60
pud,equalize,678,1000,0.0007033348083496094,9.424724340438843,0.009424724340438843,3129855,60
pud,equalize,679,1000,0.0006546974182128906,9.269944429397583,0.009269944429397582,3024254,60
pud,equalize,680,1000,0.0005693435668945312,8.687710046768188,0.008687710046768188,2845224,60
pud,equalize,681,1000,0.0007412433624267578,8.894505500793457,0.008894505500793458,2824639,60
pud,equalize,682,1000,0.0006847381591796875,10.395989656448364,0.010395989656448364,3368954,60
pud,equalize,683,1000,0.0006303787231445312,9.743549585342407,0.009743549585342407,3085764,60
pud,equalize,684,1000,0.0005939006805419922,10.12308382987976,0.01012308382987976,3205779,60
pud,equalize,685,1000,0.0006101131439208984,9.3327796459198,0.0093327796459198,3039874,60
pud,equalize,686,1000,0.0006926059722900391,9.190080165863037,0.009190080165863037,2959941,60
pud,equalize,687,1000,0.0006561279296875,9.54811978340149,0.009548119783401489,3176448,60
pud,equalize,688,1000,0.0005364418029785156,9.629100561141968,0.009629100561141968,2923703,60
pud,equalize,689,1000,0.0006723403930664062,9.900429964065552,0.009900429964065552,3272058,60
pud,equalize,690,1000,0.0006659030914306641,10.03246259689331,0.01003246259689331,3250680,60
pud,equalize,691,1000,0.0006730556488037109,8.435250520706177,0.008435250520706176,2623339,60
pud,equalize,692,1000,0.0005319118499755859,9.296883344650269,0.009296883344650269,3038959,60
pud,equalize,693,1000,0.0006537437438964844,9.991748332977295,0.009991748332977295,3326160,60
pud,equalize,694,1000,0.0007171630859375,9.241682529449463,0.009241682529449463,3014379,60
pud,equalize,695,1000,0.0007002353668212891,10.250072002410889,0.010250072002410888,3129616,60
pud,equalize,696,1000,0.0005311965942382812,10.140952110290527,0.010140952110290527,3222196,60
pud,equalize,697,1000,0.0006377696990966797,9.6438570022583,0.0096438570022583,2979072,60
pud,equalize,698,1000,0.0006844997406005859,10.703729391098022,0.010703729391098022,3479462,60
pud,equalize,699,1000,0.0005931854248046875,9.99093222618103,0.00999093222618103,3099275,60
pud,equalize,700,1000,0.0005633831024169922,9.07458233833313,0.00907458233833313,2945035,60
pud,equalize,701,1000,0.0006575584411621094,9.30635142326355,0.00930635142326355,2909816,60
pud,equalize,702,1000,0.0006899833679199219,10.066190481185913,0.010066190481185913,3206495,60
pud,equalize,703,1000,0.0006990432739257812,11.085052251815796,0.011085052251815795,3643213,60
pud,equalize,704,1000,0.0005781650543212891,9.612058162689209,0.009612058162689209,3065320,60
pud,equalize,705,1000,0.0006325244903564453,9.414658308029175,0.009414658308029174,3083883,60
pud,equalize,706,1000,0.0007033348083496094,10.165487289428711,0.010165487289428711,3242356,60
pud,equalize,707,1000,0.0006699562072753906,9.930076837539673,0.009930076837539673,3225218,60
pud,equalize,708,1000,0.0005955696105957031,8.949942350387573,0.008949942350387574,2913599,60
pud,equalize,709,1000,0.0006723403930664062,9.562767267227173,0.009562767267227172,3151583,60
pud,equalize,710,1000,0.0007016658782958984,9.162572860717773,0.009162572860717774,3036546,60
pud,equalize,711,1000,0.0006084442138671875,10.451684713363647,0.010451684713363647,3368984,60
pud,equalize,712,1000,0.0005548000335693359,9.183348178863525,0.009183348178863526,3034684,60
pud,equalize,713,1000,0.0006206035614013672,10.050779104232788,0.010050779104232788,3407267,60
pud,equalize,714,1000,0.0007154941558837891,8.70633578300476,0.00870633578300476,2862651,60
pud,equalize,715,1000,0.000667572021484375,10.370324611663818,0.010370324611663819,3421367,60
pud,equalize,716,1000,0.0005929470062255859,9.707484483718872,0.009707484483718873,3114457,60
pud,equalize,717,1000,0.0006551742553710938,9.32990050315857,0.009329900503158569,2951979,60
pud,equalize,718,1000,0.0006952285766601562,9.105164051055908,0.009105164051055908,3001307,60
pud,equalize,719,1000,0.0007023811340332031,10.24876880645752,0.010248768806457519,3321128,60
pud,equalize,720,1000,0.0005855560302734375,9.228502035140991,0.00922850203514099,3087148,60
pud,equalize,721,1000,0.0006935596466064453,8.736923694610596,0.008736923694610595,2798644,60
pud,equalize,722,1000,0.0006740093231201172,9.201553344726562,0.009201553344726563,3006100,60
pud,equalize,723,1000,0.0006506443023681641,8.430034875869751,0.008430034875869751,2836209,60
pud,equalize,724,1000,0.0005891323089599609,10.594783067703247,0.010594783067703248,3529020,60
pud,equalize,725,1000,0.0006349086761474609,9.881908178329468,0.009881908178329468,3194375,60
pud,equalize,726,1000,0.0006806850433349609,10.710996866226196,0.010710996866226197,3526786,60
pud,equalize,727,1000,0.0006740093231201172,12.340489387512207,0.012340489387512208,4035560,60
pud,equalize,728,1000,0.0005686283111572266,10.1418776512146,0.0101418776512146,3140331,60
pud,equalize,729,1000,0.0006437301635742188,9.035469055175781,0.009035469055175781,2957149,60
pud,equalize,730,1000,0.0007050037384033203,8.86832880973816,0.008868328809738158,2842170,60
pud,equalize,731,1000,0.0005879402160644531,8.883125305175781,0.008883125305175781,2877017,60
pud,equalize,732,1000,0.0005900859832763672,10.125962972640991,0.01012596297264099,3204920,60
pud,equalize,733,1000,0.0006868839263916016,8.620241165161133,0.008620241165161132,2841556,60
pud,equalize,734,1000,0.0007054805755615234,9.452243328094482,0.009452243328094483,2924801,60
pud,equalize,735,1000,0.0006704330444335938,9.816912174224854,0.009816912174224854,3269231,60
pud,equalize,736,1000,0.0005896091461181641,9.033637523651123,0.009033637523651123,2960591,60
pud,equalize,737,1000,0.0006990432739257812,11.129386901855469,0.011129386901855469,3553943,60
pud,equalize,738,1000,0.0006701946258544922,10.129638910293579,0.01012963891029358,3219325,60
pud,equalize,739,1000,0.0006692409515380859,10.224200248718262,0.010224200248718262,3391658,60
pud,equalize,740,1000,0.0005888938903808594,10.37462043762207,0.01037462043762207,3372743,60
pud,equalize,741,1000,0.0006573200225830078,8.92001485824585,0.00892001485824585,2904623,60
pud,equalize,742,1000,0.0006430149078369141,10.483677387237549,0.01048367738723755,3501358,60
pud,equalize,743,1000,0.0006601810455322266,9.856502771377563,0.009856502771377564,3265773,60
pud,equalize,744,1000,0.0005931854248046875,9.926815748214722,0.009926815748214721,3154568,60
pud,equalize,745,1000,0.0006701946258544922,9.513309717178345,0.009513309717178346,3156363,60
pud,equalize,746,1000,0.0007128715515136719,9.093318223953247,0.009093318223953248,3069944,60
pud,equalize,747,1000,0.0006747245788574219,9.999428749084473,0.009999428749084473,3219273,60
pud,equalize,748,1000,0.0005872249603271484,9.453284740447998,0.009453284740447997,3010019,60
pud,equalize,749,1000,0.0006709098815917969,10.025848150253296,0.010025848150253296,3201466,60
pud,equalize,750,1000,0.0006878376007080078,9.08371901512146,0.00908371901512146,3006588,60
pud,equalize,751,1000,0.0006821155548095703,9.880642652511597,0.009880642652511597,3249218,60
pud,equalize,752,1000,0.00051116943359375,9.155341148376465,0.009155341148376465,2894187,60
pud,equalize,753,1000,0.0006494522094726562,10.638447761535645,0.010638447761535644,3347287,60
pud,equalize,754,1000,0.0007190704345703125,8.988463163375854,0.008988463163375855,2924489,60
pud,equalize,755,1000,0.0006401538848876953,9.96668028831482,0.009966680288314819,3166693,60
pud,equalize,756,1000,0.0005800724029541016,10.031202554702759,0.010031202554702759,3030811,60
pud,equalize,757,1000,0.0006549358367919922,8.94480848312378,0.008944808483123779,2956931,60
pud,equalize,758,1000,0.0006651878356933594,9.754429578781128,0.009754429578781127,3207919,60
pud,equalize,759,1000,0.0007014274597167969,10.007309436798096,0.010007309436798095,3079752,60
pud,equalize,760,1000,0.0005764961242675781,8.934813976287842,0.008934813976287842,2926579,60
pud,equalize,761,1000,0.0006844997406005859,10.390359878540039,0.01039035987854004,3340152,60
pud,equalize,762,1000,0.0007257461547851562,11.049240827560425,0.011049240827560425,3362029,60
pud,equalize,763,1000,0.0006899833679199219,10.161774158477783,0.010161774158477783,3296085,60
pud,equalize,764,1000,0.0005800724029541016,8.451822519302368,0.008451822519302368,2736443,60
pud,equalize,765,1000,0.0006608963012695312,8.869203567504883,0.008869203567504882,2850023,60
pud,equalize,766,1000,0.0006856918334960938,9.270159482955933,0.009270159482955932,2966939,60
pud,equalize,767,1000,0.0008754730224609375,10.22632122039795,0.01022632122039795,3435971,60
pud,equalize,768,1000,0.0005719661712646484,9.512645244598389,0.009512645244598389,3102215,60
pud,equalize,769,1000,0.0007343292236328125,9.668482780456543,0.009668482780456542,3051533,60
pud,equalize,770,1000,0.0006506443023681641,10.954269409179688,0.010954269409179688,3398477,60
pud,equalize,771,1000,0.0006618499755859375,9.364967584609985,0.009364967584609986,2984704,60
pud,equalize,772,1000,0.0005517005920410156,9.725860595703125,0.009725860595703125,3260566,60
pud,equalize,773,1000,0.00067138671875,10.079686641693115,0.010079686641693114,3198464,60
pud,equalize,774,1000,0.0006654262542724609,9.656447887420654,0.009656447887420655,3098219,60
pud,equalize,775,1000,0.0007367134094238281,9.127085208892822,0.009127085208892822,2818413,60
pud,equalize,776,1000,0.0005428791046142578,9.512345790863037,0.009512345790863037,3045631,60
pud,equalize,777,1000,0.0007212162017822266,8.933289766311646,0.008933289766311645,2890420,60
pud,equalize,778,1000,0.0007090568542480469,9.039724588394165,0.009039724588394166,2839077,60
pud,equalize,779,1000,0.0006265640258789062,9.690662622451782,0.009690662622451782,3080724,60
pud,equalize,780,1000,0.0005667209625244141,9.621932744979858,0.009621932744979859,2969789,60
pud,equalize,781,1000,0.0006794929504394531,10.092567920684814,0.010092567920684815,3283326,60
pud,equalize,782,1000,0.0006844997406005859,9.5223867893219,0.0095223867893219,3107859,60
pud,equalize,783,1000,0.0006976127624511719,9.167724132537842,0.009167724132537842,3023706,60
pud,equalize,784,1000,0.0005509853363037109,10.374061584472656,0.010374061584472656,3409273,60
pud,equalize,785,1000,0.0007231235504150391,9.538043022155762,0.009538043022155761,3055168,60
pud,equalize,786,1000,0.0006918907165527344,10.5440092086792,0.010544009208679199,3392540,60
pud,equalize,787,1000,0.0006265640258789062,9.617020606994629,0.009617020606994629,3138012,60
pud,equalize,788,1000,0.0005145072937011719,9.025847434997559,0.009025847434997559,2963534,60
pud,equalize,789,1000,0.0006430149078369141,10.28999948501587,0.010289999485015869,3468455,60
pud,equalize,790,1000,0.0006921291351318359,9.107159852981567,0.009107159852981567,2916076,60
pud,equalize,791,1000,0.0007143020629882812,9.58841609954834,0.00958841609954834,3030356,60
pud,equalize,792,1000,0.0006048679351806641,9.260953187942505,0.009260953187942504,2912564,60
pud,equalize,793,1000,0.0007245540618896484,8.900818586349487,0.008900818586349488,2864065,60
pud,equalize,794,1000,0.0006430149078369141,9.459349155426025,0.009459349155426025,3092151,60
pud,equalize,795,1000,0.0006837844848632812,9.292070150375366,0.009292070150375366,3037827,60
pud,equalize,796,1000,0.0005488395690917969,11.183815956115723,0.011183815956115723,3666070,60
pud,equalize,797,1000,0.0006008148193359375,9.991604566574097,0.009991604566574096,3279574,60
pud,equalize,798,1000,0.0007102489471435547,10.105273485183716,0.010105273485183716,3199064,60
pud,equalize,799,1000,0.0007445812225341797,10.453619003295898,0.010453619003295899,3438061,60
pud,equalize,800,1000,0.0005822181701660156,9.648545742034912,0.009648545742034912,3061010,60
pud,equalize,801,1000,0.0007178783416748047,9.170769691467285,0.009170769691467285,2997156,60
pud,equalize,802,1000,0.0007083415985107422,9.448454141616821,0.009448454141616821,3010787,60
pud,equalize,803,1000,0.0006740093231201172,9.887945175170898,0.009887945175170899,3263625,60
pud,equalize,804,1000,0.0005285739898681641,9.127641677856445,0.009127641677856445,2963141,60
pud,equalize,805,1000,0.0006515979766845703,8.975304365158081,0.00897530436515808,2860960,60
pud,equalize,806,1000,0.0006823539733886719,9.44750690460205,0.00944750690460205,3087797,60
pud,equalize,807,1000,0.000736236572265625,9.433106899261475,0.009433106899261474,2831854,60
pud,equalize,808,1000,0.0005245208740234375,10.418363809585571,0.010418363809585572,3505187,60
pud,equalize,809,1000,0.0007262229919433594,10.422780752182007,0.010422780752182007,3399227,60
pud,equalize,810,1000,0.0006256103515625,9.99828839302063,0.00999828839302063,3228800,60
pud,equalize,811,1000,0.0006222724914550781,8.738789081573486,0.008738789081573486,2822887,60
pud,equalize,812,1000,0.0005564689636230469,8.747512102127075,0.008747512102127075,2852636,60
pud,equalize,813,1000,0.0006365776062011719,9.898573637008667,0.009898573637008667,3233240,60
pud,equalize,814,1000,0.0006973743438720703,9.357143878936768,0.009357143878936767,3114033,60
pud,equalize,815,1000,0.0007181167602539062,8.754351139068604,0.008754351139068604,2963975,60
pud,equalize,816,1000,0.0005655288696289062,10.375300168991089,0.010375300168991089,3480723,60
pud,equalize,817,1000,0.0007176399230957031,9.005910634994507,0.009005910634994507,2901733,60
pud,equalize,818,1000,0.0007302761077880859,8.889373302459717,0.008889373302459716,2894590,60
pud,equalize,819,1000,0.0006601810455322266,9.257940530776978,0.009257940530776977,3069322,60
pud,equalize,820,1000,0.0006155967712402344,9.176221132278442,0.009176221132278442,3054769,60
pud,equalize,821,1000,0.0006639957427978516,9.192895650863647,0.009192895650863647,2995574,60
pud,equalize,822,1000,0.0007483959197998047,9.395297288894653,0.009395297288894653,3123121,60
pud,equalize,823,1000,0.0007505416870117188,9.152137279510498,0.009152137279510498,3028258,60
pud,equalize,824,1000,0.0005838871002197266,8.79308032989502,0.00879308032989502,2824369,60
pud,equalize,825,1000,0.00041222572326660156,9.931095600128174,0.009931095600128174,3100012,60
pud,equalize,826,1000,0.0005633831024169922,10.248770952224731,0.010248770952224732,3465632,60
pud,equalize,827,1000,0.0005578994750976562,10.572550535202026,0.010572550535202027,3300945,60
pud,equalize,828,1000,0.0005364418029785156,8.742663621902466,0.008742663621902467,2858128,60
pud,equalize,829,1000,0.0005395412445068359,8.268879890441895,0.008268879890441895,2692464,60
pud,equalize,830,1000,0.0005652904510498047,9.121665954589844,0.009121665954589844,2967923,60
pud,equalize,831,1000,0.0005488395690917969,8.966602563858032,0.008966602563858032,2962025,60
pud,equalize,832,1000,0.0005421638488769531,9.21487045288086,0.00921487045288086,2823698,60
pud,equalize,833,1000,0.0005557537078857422,9.239485502243042,0.009239485502243043,2957136,60
pud,equalize,834,1000,0.0005426406860351562,8.893360614776611,0.008893360614776611,2878851,60
pud,equalize,835,1000,0.0005643367767333984,9.26729702949524,0.009267297029495239,3090661,60
pud,equalize,836,1000,0.0005269050598144531,9.407809257507324,0.009407809257507324,3039316,60
pud,equalize,837,1000,0.0005822181701660156,9.025104284286499,0.0090251042842865,2957622,60
pud,equalize,838,1000,0.0005733966827392578,9.711553812026978,0.009711553812026978,3053008,60
pud,equalize,839,1000,0.0005700588226318359,9.047506093978882,0.009047506093978882,3007243,60
pud,equalize,840,1000,0.0005602836608886719,9.301010847091675,0.009301010847091675,3023157,60
pud,equalize,841,1000,0.0005779266357421875,10.194708585739136,0.010194708585739136,3296455,60
pud,equalize,842,1000,0.0005936622619628906,9.046155214309692,0.009046155214309692,2959679,60
pud,equalize,843,1000,0.0005791187286376953,10.054415225982666,0.010054415225982665,3360825,60
pud,equalize,844,1000,0.0005097389221191406,10.201667547225952,0.010201667547225951,3380014,60
pud,equalize,845,1000,0.0005691051483154297,8.74176812171936,0.00874176812171936,2884854,60
pud,equalize,846,1000,0.0005390644073486328,11.179672241210938,0.011179672241210938,3484408,60
pud,equalize,847,1000,0.0005664825439453125,9.254845142364502,0.009254845142364502,2970113,60
pud,equalize,848,1000,0.0005636215209960938,8.987982511520386,0.008987982511520385,2930249,60
pud,equalize,849,1000,0.0005745887756347656,10.21965503692627,0.010219655036926269,3324978,60
pud,equalize,850,1000,0.0005574226379394531,9.509053230285645,0.009509053230285645,3142093,60
pud,equalize,851,1000,0.0005548000335693359,9.949648380279541,0.00994964838027954,3341766,60
pud,equalize,852,1000,0.0005326271057128906,9.593528032302856,0.009593528032302857,2982319,60
pud,equalize,853,1000,0.0005843639373779297,8.763612508773804,0.008763612508773803,2838291,60
pud,equalize,854,1000,0.0005466938018798828,8.733279943466187,0.008733279943466187,2943560,60
pud,equalize,855,1000,0.0005373954772949219,9.6027991771698,0.0096027991771698,3061851,60
pud,equalize,856,1000,0.0005800724029541016,8.948199033737183,0.008948199033737182,2916626,60
pud,equalize,857,1000,0.0005831718444824219,9.003195762634277,0.009003195762634277,2954208,60
pud,equalize,858,1000,0.0005726814270019531,9.062577724456787,0.009062577724456787,2879010,60
pud,equalize,859,1000,0.000553131103515625,9.467998027801514,0.009467998027801513,3036558,60
pud,equalize,860,1000,0.0005154609680175781,11.052893877029419,0.011052893877029419,3332592,60
pud,equalize,861,1000,0.0005686283111572266,10.222358703613281,0.010222358703613281,3405253,60
pud,equalize,862,1000,0.0005681514739990234,9.258639812469482,0.009258639812469483,3069474,60
pud,equalize,863,1000,0.0005271434783935547,10.889769315719604,0.010889769315719604,3563486,60
pud,equalize,864,1000,0.0005328655242919922,9.971666812896729,0.009971666812896728,3357911,60
pud,equalize,865,1000,0.0005481243133544922,10.447341918945312,0.010447341918945313,3352407,60
pud,equalize,866,1000,0.0005605220794677734,9.929534912109375,0.009929534912109374,3247867,60
pud,equalize,867,1000,0.0005664825439453125,10.06024432182312,0.01006024432182312,3364178,60
pud,equalize,868,1000,0.0005331039428710938,9.290010213851929,0.009290010213851929,2994964,60
pud,equalize,869,1000,0.0005793571472167969,9.40477466583252,0.009404774665832519,2980642,60
pud,equalize,870,1000,0.00057220458984375,8.661289691925049,0.00866128969192505,2834843,60
pud,equalize,871,1000,0.0005786418914794922,9.344292402267456,0.009344292402267456,3056405,60
pud,equalize,872,1000,0.0005140304565429688,10.518680572509766,0.010518680572509766,3383580,60
pud,equalize,873,1000,0.0005981922149658203,9.92546534538269,0.00992546534538269,3160964,60
pud,equalize,874,1000,0.00057220458984375,9.987372159957886,0.009987372159957885,3286301,60
pud,equalize,875,1000,0.0005748271942138672,10.245688438415527,0.010245688438415527,3205768,60
pud,equalize,876,1000,0.0005364418029785156,9.759260416030884,0.009759260416030884,3031697,60
pud,equalize,877,1000,0.0005617141723632812,9.517570734024048,0.009517570734024048,3126705,60
pud,equalize,878,1000,0.0005776882171630859,9.217760562896729,0.009217760562896728,2971296,60
pud,equalize,879,1000,0.0005676746368408203,9.495198011398315,0.009495198011398316,3060925,60
pud,equalize,880,1000,0.0005326271057128906,9.336862087249756,0.009336862087249756,3038675,60
pud,equalize,881,1000,0.0006053447723388672,9.799783945083618,0.009799783945083618,3215477,60
pud,equalize,882,1000,0.0005822181701660156,10.035380601882935,0.010035380601882934,3350221,60
pud,equalize,883,1000,0.0005524158477783203,9.766512155532837,0.009766512155532836,3303224,60
pud,equalize,884,1000,0.0005202293395996094,9.303261756896973,0.009303261756896972,2934671,60
pud,equalize,885,1000,0.000614166259765625,9.484182357788086,0.009484182357788086,3046717,60
pud,equalize,886,1000,0.0005843639373779297,9.417481899261475,0.009417481899261474,3141640,60
pud,equalize,887,1000,0.0005435943603515625,9.19133448600769,0.00919133448600769,2999151,60
pud,equalize,888,1000,0.0005199909210205078,10.22761082649231,0.01022761082649231,3327875,60
pud,equalize,889,1000,0.0005939006805419922,10.533422708511353,0.010533422708511353,3507415,60
pud,equalize,890,1000,0.0005869865417480469,9.258992910385132,0.009258992910385132,3014922,60
pud,equalize,891,1000,0.0005550384521484375,8.737850427627563,0.008737850427627564,2757397,60
pud,equalize,892,1000,0.000545501708984375,10.408812284469604,0.010408812284469604,3336151,60
pud,equalize,893,1000,0.0006020069122314453,9.816467046737671,0.009816467046737672,3113895,60
pud,equalize,894,1000,0.0005717277526855469,8.387388229370117,0.008387388229370117,2726259,60
pud,equalize,895,1000,0.0005643367767333984,9.998315572738647,0.009998315572738647,3256701,60
pud,equalize,896,1000,0.0005502700805664062,10.762814283370972,0.010762814283370972,3415955,60
pud,equalize,897,1000,0.0006210803985595703,8.587378978729248,0.008587378978729248,2784732,60
pud,equalize,898,1000,0.0005915164947509766,9.757426738739014,0.009757426738739014,3068583,60
pud,equalize,899,1000,0.0005543231964111328,9.364639043807983,0.009364639043807983,3051409,60
pud,equalize,900,1000,0.0005488395690917969,10.23193359375,0.01023193359375,3089755,60
pud,equalize,901,1000,0.0006225109100341797,9.436584949493408,0.009436584949493409,3027420,60
pud,equalize,902,1000,0.0005829334259033203,8.834047555923462,0.008834047555923461,2909858,60
pud,equalize,903,1000,0.0005614757537841797,8.981904029846191,0.008981904029846192,2870062,60
pud,equalize,904,1000,0.0005524158477783203,8.929184198379517,0.008929184198379517,2859543,60
pud,equalize,905,1000,0.0005710124969482422,9.95475721359253,0.009954757213592529,3297476,60
pud,equalize,906,1000,0.0006046295166015625,9.525125980377197,0.009525125980377197,3130111,60
pud,equalize,907,1000,0.0005657672882080078,9.65982699394226,0.00965982699394226,3213570,60
pud,equalize,908,1000,0.000545501708984375,9.367480993270874,0.009367480993270874,3110738,60
pud,equalize,909,1000,0.0005891323089599609,10.917665004730225,0.010917665004730225,3527007,60
pud,equalize,910,1000,0.0006000995635986328,8.800366878509521,0.00880036687850952,2863743,60
pud,equalize,911,1000,0.0005619525909423828,10.038396120071411,0.010038396120071411,3301335,60
pud,equalize,912,1000,0.0005660057067871094,11.178933382034302,0.011178933382034302,3768231,60
pud,equalize,913,1000,0.0006232261657714844,9.90306043624878,0.00990306043624878,3100671,60
pud,equalize,914,1000,0.000598907470703125,9.1558096408844,0.0091558096408844,3049396,60
pud,equalize,915,1000,0.0005648136138916016,9.36496090888977,0.009364960908889771,3123755,60
pud,equalize,916,1000,0.0005552768707275391,8.709146976470947,0.008709146976470947,2860345,60
pud,equalize,917,1000,0.0005981922149658203,9.978383541107178,0.009978383541107179,3226483,60
pud,equalize,918,1000,0.0005936622619628906,9.157365083694458,0.009157365083694458,3004794,60
pud,equalize,919,1000,0.0005576610565185547,9.46773648262024,0.00946773648262024,3103177,60
pud,equalize,920,1000,0.0005664825439453125,9.923953533172607,0.009923953533172608,3276709,60
pud,equalize,921,1000,0.0006117820739746094,9.64239501953125,0.00964239501953125,3186310,60
pud,equalize,922,1000,0.0005915164947509766,10.29296088218689,0.01029296088218689,3367320,60
pud,equalize,923,1000,0.00055694580078125,10.179500579833984,0.010179500579833984,3369985,60
pud,equalize,924,1000,0.0005271434783935547,9.609986543655396,0.009609986543655396,3140323,60
pud,equalize,925,1000,0.0006091594696044922,9.918367147445679,0.009918367147445678,3312775,60
pud,equalize,926,1000,0.0005893707275390625,8.92939043045044,0.00892939043045044,2828426,60
pud,equalize,927,1000,0.0005784034729003906,9.321421146392822,0.009321421146392823,3109023,60
pud,equalize,928,1000,0.0005443096160888672,8.748712539672852,0.008748712539672852,2777391,60
pud,equalize,929,1000,0.0006070137023925781,9.143227815628052,0.009143227815628052,2952521,60
pud,equalize,930,1000,0.0006084442138671875,9.298590898513794,0.009298590898513794,2996821,60
pud,equalize,931,1000,0.0005426406860351562,10.128731489181519,0.010128731489181518,3281570,60
pud,equalize,932,1000,0.0005245208740234375,9.861780643463135,0.009861780643463134,3168888,60
pud,equalize,933,1000,0.0005943775177001953,9.191319227218628,0.009191319227218627,3024638,60
pud,equalize,934,1000,0.0005977153778076172,9.704832315444946,0.009704832315444946,3184246,60
pud,equalize,935,1000,0.0005688667297363281,9.404556274414062,0.009404556274414062,3029203,60
pud,equalize,936,1000,0.0005440711975097656,8.778974294662476,0.008778974294662475,2907273,60
pud,equalize,937,1000,0.0006215572357177734,9.457842588424683,0.009457842588424683,3082731,60
pud,equalize,938,1000,0.0006103515625,8.920233964920044,0.008920233964920045,2871854,60
pud,equalize,939,1000,0.0005767345428466797,10.14367961883545,0.010143679618835449,3381228,60
pud,equalize,940,1000,0.0005640983581542969,9.289702892303467,0.009289702892303468,2926735,60
pud,equalize,941,1000,0.0005986690521240234,8.91878604888916,0.00891878604888916,2869572,60
pud,equalize,942,1000,0.0006198883056640625,9.352101564407349,0.009352101564407349,3029752,60
pud,equalize,943,1000,0.0005621910095214844,9.939298629760742,0.009939298629760743,3305460,60
pud,equalize,944,1000,0.0005559921264648438,9.226185083389282,0.009226185083389283,3043911,60
pud,equalize,945,1000,0.0006783008575439453,9.665318250656128,0.009665318250656129,3136909,60
pud,equalize,946,1000,0.0006039142608642578,9.191150426864624,0.009191150426864624,3015551,60
pud,equalize,947,1000,0.0005609989166259766,10.155821323394775,0.010155821323394775,3374098,60
pud,equalize,948,1000,0.0005588531494140625,9.627816915512085,0.009627816915512085,3077685,60
pud,equalize,949,1000,0.0006070137023925781,9.062816381454468,0.009062816381454468,3040856,60
pud,equalize,950,1000,0.0006220340728759766,8.574190855026245,0.008574190855026245,2807305,60
pud,equalize,951,1000,0.0005609989166259766,8.757372856140137,0.008757372856140137,2936361,60
pud,equalize,952,1000,0.0005686283111572266,9.83205771446228,0.009832057714462281,3215771,60
pud,equalize,953,1000,0.0006659030914306641,10.59981369972229,0.01059981369972229,3508066,60
pud,equalize,954,1000,0.0006222724914550781,8.941186428070068,0.008941186428070068,2991313,60
pud,equalize,955,1000,0.0005638599395751953,9.615575313568115,0.009615575313568115,3214613,60
pud,equalize,956,1000,0.0005431175231933594,9.795665264129639,0.009795665264129639,3198899,60
pud,equalize,957,1000,0.0006103515625,10.00504469871521,0.01000504469871521,3274958,60
pud,equalize,958,1000,0.0006136894226074219,9.791691064834595,0.009791691064834594,3072832,60
pud,equalize,959,1000,0.0005791187286376953,8.90828251838684,0.00890828251838684,2837118,60
pud,equalize,960,1000,0.0005557537078857422,10.088548421859741,0.01008854842185974,3347732,60
pud,equalize,961,1000,0.0006339550018310547,9.791428089141846,0.009791428089141846,3117544,60
pud,equalize,962,1000,0.0006871223449707031,9.198166370391846,0.009198166370391846,3019951,60
pud,equalize,963,1000,0.0005271434783935547,9.380653142929077,0.009380653142929078,2953835,60
pud,equalize,964,1000,0.0005712509155273438,9.932201862335205,0.009932201862335205,3242838,60
pud,equalize,965,1000,0.0006046295166015625,10.401601076126099,0.010401601076126098,3462920,60
pud,equalize,966,1000,0.0006232261657714844,9.234106302261353,0.009234106302261352,3071476,60
pud,equalize,967,1000,0.0005869865417480469,9.584185600280762,0.009584185600280761,3126006,60
pud,equalize,968,1000,0.0005505084991455078,9.587248086929321,0.009587248086929321,3070016,60
pud,equalize,969,1000,0.00066375732421875,9.921176433563232,0.009921176433563232,3189116,60
pud,equalize,970,1000,0.0006268024444580078,10.53618574142456,0.01053618574142456,3331367,60
pud,equalize,971,1000,0.0005290508270263672,9.558001518249512,0.009558001518249511,3016784,60
pud,equalize,972,1000,0.0005571842193603516,9.96801209449768,0.00996801209449768,3357314,60
pud,equalize,973,1000,0.0006546974182128906,9.91422176361084,0.00991422176361084,3239451,60
pud,equalize,974,1000,0.0005688667297363281,9.762614011764526,0.009762614011764526,3082986,60
pud,equalize,975,1000,0.0005927085876464844,9.279252052307129,0.009279252052307129,3051710,60
pud,equalize,976,1000,0.0005688667297363281,9.023712158203125,0.009023712158203126,3030916,60
pud,equalize,977,1000,0.000629425048828125,10.164050102233887,0.010164050102233887,3292166,60
pud,equalize,978,1000,0.0006153583526611328,9.308929920196533,0.009308929920196534,2987377,60
pud,equalize,979,1000,0.0005559921264648438,8.893863916397095,0.008893863916397095,2967062,60
pud,equalize,980,1000,0.0005407333374023438,9.956825256347656,0.009956825256347656,3263931,60
pud,equalize,981,1000,0.0006468296051025391,10.4949631690979,0.0104949631690979,3261727,60
pud,equalize,982,1000,0.0006203651428222656,9.247480630874634,0.009247480630874634,2998037,60
pud,equalize,983,1000,0.0005443096160888672,10.164490699768066,0.010164490699768066,3312841,60
pud,equalize,984,1000,0.0005252361297607422,11.11495041847229,0.01111495041847229,3726536,60
pud,equalize,985,1000,0.0006840229034423828,8.958522081375122,0.008958522081375122,2892916,60
pud,equalize,986,1000,0.0005965232849121094,9.315933465957642,0.009315933465957642,3074314,60
pud,equalize,987,1000,0.0005788803100585938,9.500861883163452,0.009500861883163451,3021341,60
pud,equalize,988,1000,0.0005362033843994141,8.959012508392334,0.008959012508392334,2792529,60
pud,equalize,989,1000,0.0006313323974609375,10.141767501831055,0.010141767501831055,3331696,60
pud,equalize,990,1000,0.0006005764007568359,8.984303951263428,0.008984303951263428,2940773,60
pud,equalize,991,1000,0.0005559921264648438,9.968124866485596,0.009968124866485595,3218030,60
pud,equalize,992,1000,0.0005538463592529297,9.030609607696533,0.009030609607696534,2997974,60
pud,equalize,993,1000,0.0005936622619628906,9.630143404006958,0.009630143404006959,3166980,60
pud,equalize,994,1000,0.0006546974182128906,9.852311372756958,0.009852311372756958,2902564,60
pud,equalize,995,1000,0.0005278587341308594,8.67357873916626,0.008673578739166259,2866425,60
pud,equalize,996,1000,0.0005474090576171875,8.77321481704712,0.008773214817047119,2886488,60
pud,equalize,997,1000,0.0006275177001953125,8.854749202728271,0.008854749202728272,2881542,60
pud,equalize,998,1000,0.0006194114685058594,9.220644474029541,0.009220644474029541,3116524,60
pud,equalize,999,1000,0.0006096363067626953,11.034539222717285,0.011034539222717285,3541161,60
tobacco,equalize,0,1000,0.0011448860168457031,64.08123207092285,0.06408123207092285,16780855,60
tobacco,equalize,1,1000,0.0012638568878173828,58.929306983947754,0.05892930698394776,16014417,60
tobacco,equalize,2,1000,0.0011899471282958984,59.10954570770264,0.05910954570770264,16228566,60
tobacco,equalize,3,1000,0.0011010169982910156,62.182987213134766,0.06218298721313477,16399817,60
tobacco,equalize,4,1000,0.0012814998626708984,63.99493432044983,0.06399493432044982,17335534,60
tobacco,equalize,5,1000,0.001233816146850586,60.9967303276062,0.0609967303276062,15965946,60
tobacco,equalize,6,1000,0.0010974407196044922,66.87529706954956,0.06687529706954956,17074519,60
tobacco,equalize,7,1000,0.0015418529510498047,62.60614728927612,0.06260614728927612,16794695,60
tobacco,equalize,8,1000,0.0011963844299316406,62.7768657207489,0.0627768657207489,16958179,60
tobacco,equalize,9,1000,0.0011563301086425781,63.47923040390015,0.06347923040390015,17167522,60
tobacco,equalize,10,1000,0.001462697982788086,58.7746787071228,0.0587746787071228,15962174,60
tobacco,equalize,11,1000,0.0012073516845703125,59.5999698638916,0.0595999698638916,15849758,60
tobacco,equalize,12,1000,0.0011341571807861328,61.45264267921448,0.06145264267921448,16201524,60
tobacco,equalize,13,1000,0.0015628337860107422,62.308557748794556,0.062308557748794555,16478406,60
tobacco,equalize,14,1000,0.001230001449584961,62.427072525024414,0.06242707252502441,16569919,60
tobacco,equalize,15,1000,0.001131296157836914,59.797375202178955,0.059797375202178954,16155382,60
tobacco,equalize,16,1000,0.0014472007751464844,60.45333385467529,0.060453333854675294,16197582,60
tobacco,equalize,17,1000,0.0011780261993408203,63.31985950469971,0.0633198595046997,17387480,60
tobacco,equalize,18,1000,0.0010919570922851562,61.27257990837097,0.06127257990837097,16320418,60
tobacco,equalize,19,1000,0.0015456676483154297,66.85858225822449,0.06685858225822448,17758854,60
tobacco,equalize,20,1000,0.0012395381927490234,66.25771737098694,0.06625771737098694,16944531,60
tobacco,equalize,21,1000,0.00112152099609375,61.10919523239136,0.061109195232391354,16325799,60
tobacco,equalize,22,1000,0.0013933181762695312,62.64630913734436,0.06264630913734436,16189603,60
tobacco,equalize,23,1000,0.0011730194091796875,63.21366333961487,0.06321366333961487,16771075,60
tobacco,equalize,24,1000,0.0011532306671142578,62.88687992095947,0.06288687992095947,16402069,60
tobacco,equalize,25,1000,0.001499176025390625,66.06660985946655,0.06606660985946655,17784096,60
tobacco,equalize,26,1000,0.0011363029479980469,66.30529046058655,0.06630529046058654,17628045,60
tobacco,equalize,27,1000,0.0011014938354492188,60.60651135444641,0.06060651135444641,16297099,60
tobacco,equalize,28,1000,0.0014491081237792969,61.6833872795105,0.0616833872795105,16676292,60
tobacco,equalize,29,1000,0.001146078109741211,58.99487805366516,0.05899487805366516,15809452,60
tobacco,equalize,30,1000,0.00110626220703125,59.212671756744385,0.059212671756744384,15803193,60
tobacco,equalize,31,1000,0.0014586448669433594,61.80253553390503,0.06180253553390503,16724967,60
tobacco,equalize,32,1000,0.001130819320678711,62.11213707923889,0.06211213707923889,16515714,60
tobacco,equalize,33,1000,0.0010957717895507812,62.51306414604187,0.06251306414604187,16627118,60
tobacco,equalize,34,1000,0.0014977455139160156,59.81671357154846,0.05981671357154846,15774822,60
tobacco,equalize,35,1000,0.0011091232299804688,64.7092444896698,0.0647092444896698,17180811,60
tobacco,equalize,36,1000,0.0010921955108642578,64.64492917060852,0.06464492917060852,17111643,60
tobacco,equalize,37,1000,0.001500844955444336,58.6934072971344,0.058693407297134396,15737941,60
tobacco,equalize,38,1000,0.0010950565338134766,61.361287355422974,0.061361287355422976,16683544,60
tobacco,equalize,39,1000,0.0010590553283691406,62.33415603637695,0.06233415603637695,16707089,60
tobacco,equalize,40,1000,0.0014948844909667969,61.98927044868469,0.06198927044868469,16515845,60
tobacco,equalize,41,1000,0.0010676383972167969,62.273321866989136,0.06227332186698913,16952644,60
tobacco,equalize,42,1000,0.0010952949523925781,63.16425943374634,0.06316425943374634,16688435,60
tobacco,equalize,43,1000,0.0014853477478027344,64.75265169143677,0.06475265169143676,17107164,60
tobacco,equalize,44,1000,0.0010361671447753906,58.27654957771301,0.05827654957771301,15723689,60
tobacco,equalize,45,1000,0.0011067390441894531,66.11747860908508,0.06611747860908508,17564097,60
tobacco,equalize,46,1000,0.0013890266418457031,63.021167278289795,0.0630211672782898,17063431,60
tobacco,equalize,47,1000,0.0010526180267333984,62.862534523010254,0.06286253452301026,16695335,60
tobacco,equalize,48,1000,0.001074075698852539,64.07769083976746,0.06407769083976746,17481183,60
tobacco,equalize,49,1000,0.0014710426330566406,60.49244236946106,0.06049244236946106,16410722,60
tobacco,equalize,50,1000,0.0010635852813720703,64.43711471557617,0.06443711471557617,17340793,60
tobacco,equalize,51,1000,0.0010993480682373047,64.99812865257263,0.06499812865257264,17057348,60
tobacco,equalize,52,1000,0.0014750957489013672,63.56318259239197,0.06356318259239196,16706707,60
tobacco,equalize,53,1000,0.0010559558868408203,60.04590821266174,0.060045908212661744,16255216,60
tobacco,equalize,54,1000,0.0010933876037597656,62.57412838935852,0.06257412838935852,16922842,60
tobacco,equalize,55,1000,0.0014989376068115234,65.0475389957428,0.0650475389957428,17069878,60
tobacco,equalize,56,1000,0.0010557174682617188,61.67468023300171,0.06167468023300171,16403162,60
tobacco,equalize,57,1000,0.0011227130889892578,64.63409304618835,0.06463409304618835,17281353,60
tobacco,equalize,58,1000,0.0014412403106689453,64.34048366546631,0.06434048366546631,16597482,60
tobacco,equalize,59,1000,0.0010547637939453125,67.07822871208191,0.06707822871208191,17929016,60
tobacco,equalize,60,1000,0.001081228256225586,58.621501207351685,0.058621501207351684,15836679,60
tobacco,equalize,61,1000,0.0015425682067871094,66.2855715751648,0.06628557157516479,17230895,60
tobacco,equalize,62,1000,0.0010707378387451172,60.78888130187988,0.060788881301879885,16009368,60
tobacco,equalize,63,1000,0.0010995864868164062,63.49312877655029,0.06349312877655029,16899099,60
tobacco,equalize,64,1000,0.0014495849609375,61.1333167552948,0.0611333167552948,16727528,60
tobacco,equalize,65,1000,0.0010867118835449219,64.8429229259491,0.06484292292594909,17743513,60
tobacco,equalize,66,1000,0.0010972023010253906,62.126888036727905,0.062126888036727904,17005508,60
tobacco,equalize,67,1000,0.0014801025390625,64.8354001045227,0.06483540010452271,17139667,60
tobacco,equalize,68,1000,0.001092672348022461,68.52481269836426,0.06852481269836426,17357129,60
tobacco,equalize,69,1000,0.0011065006256103516,64.24891400337219,0.0642489140033722,16667568,60
tobacco,equalize,70,1000,0.0014650821685791016,63.72220158576965,0.06372220158576965,17162225,60
tobacco,equalize,71,1000,0.0010714530944824219,62.78948664665222,0.06278948664665222,16731511,60
tobacco,equalize,72,1000,0.0011076927185058594,64.51275992393494,0.06451275992393493,17154707,60
tobacco,equalize,73,1000,0.0014805793762207031,62.15766668319702,0.06215766668319702,16417307,60
tobacco,equalize,74,1000,0.00109100341796875,64.01133513450623,0.06401133513450623,16191682,60
tobacco,equalize,75,1000,0.0010879039764404297,61.94581937789917,0.06194581937789917,16334266,60
tobacco,equalize,76,1000,0.0014891624450683594,64.34633731842041,0.0643463373184204,17214090,60
tobacco,equalize,77,1000,0.001074075698852539,60.82064986228943,0.06082064986228943,16003188,60
tobacco,equalize,78,1000,0.001079559326171875,68.0003023147583,0.0680003023147583,17926627,60
tobacco,equalize,79,1000,0.001543283462524414,63.96925377845764,0.06396925377845764,17431498,60
tobacco,equalize,80,1000,0.001020669937133789,66.69725441932678,0.06669725441932678,17758427,60
tobacco,equalize,81,1000,0.001077890396118164,62.67367935180664,0.06267367935180664,16327735,60
tobacco,equalize,82,1000,0.001483917236328125,64.68619847297668,0.06468619847297669,17388073,60
tobacco,equalize,83,1000,0.0010597705841064453,62.81092953681946,0.06281092953681945,16715520,60
tobacco,equalize,84,1000,0.0010848045349121094,61.21556997299194,0.06121556997299194,16152538,60
tobacco,equalize,85,1000,0.0015003681182861328,59.86425065994263,0.05986425065994263,16138779,60
tobacco,equalize,86,1000,0.001013040542602539,60.681560754776,0.060681560754776,16033780,60
tobacco,equalize,87,1000,0.0011210441589355469,62.06032466888428,0.062060324668884274,16653046,60
tobacco,equalize,88,1000,0.0014820098876953125,58.392030239105225,0.058392030239105226,15870424,60
tobacco,equalize,89,1000,0.0010612010955810547,64.7458553314209,0.0647458553314209,16900820,60
tobacco,equalize,90,1000,0.001110076904296875,60.2077739238739,0.0602077739238739,16048984,60
tobacco,equalize,91,1000,0.0014984607696533203,63.23631477355957,0.06323631477355957,16715597,60
tobacco,equalize,92,1000,0.0010826587677001953,66.97558999061584,0.06697558999061584,17940661,60
tobacco,equalize,93,1000,0.0010960102081298828,64.60974359512329,0.0646097435951233,17274171,60
tobacco,equalize,94,1000,0.0015227794647216797,62.94870328903198,0.06294870328903199,16411094,60
tobacco,equalize,95,1000,0.0010805130004882812,62.21146893501282,0.062211468935012816,16501564,60
tobacco,equalize,96,1000,0.001096963882446289,61.74074363708496,0.06174074363708496,16977184,60
tobacco,equalize,97,1000,0.0014984607696533203,63.137125968933105,0.0631371259689331,17181571,60
tobacco,equalize,98,1000,0.0010492801666259766,63.55188059806824,0.06355188059806824,17317379,60
tobacco,equalize,99,1000,0.0011241436004638672,59.962783336639404,0.0599627833366394,16155906,60
tobacco,equalize,100,1000,0.0015349388122558594,63.832722902297974,0.06383272290229797,17002058,60
tobacco,equalize,101,1000,0.0010383129119873047,58.553760290145874,0.058553760290145876,15714240,60
tobacco,equalize,102,1000,0.0010638236999511719,59.87499642372131,0.059874996423721315,15939365,60
tobacco,equalize,103,1000,0.0015654563903808594,66.1833348274231,0.0661833348274231,17365473,60
tobacco,equalize,104,1000,0.0010657310485839844,61.37620401382446,0.061376204013824466,15849223,60
tobacco,equalize,105,1000,0.0010721683502197266,60.887232065200806,0.0608872320652008,16103717,60
tobacco,equalize,106,1000,0.0014905929565429688,61.84694766998291,0.06184694766998291,16041362,60
tobacco,equalize,107,1000,0.0010256767272949219,63.95925450325012,0.06395925450325012,16924943,60
tobacco,equalize,108,1000,0.001071929931640625,64.35419654846191,0.06435419654846192,17417242,60
tobacco,equalize,109,1000,0.0012278556823730469,60.742422580718994,0.06074242258071899,16153260,60
tobacco,equalize,110,1000,0.0012395381927490234,59.189537525177,0.059189537525177,15834446,60
tobacco,equalize,111,1000,0.0010805130004882812,65.81099486351013,0.06581099486351014,17757055,60
tobacco,equalize,112,1000,0.0012297630310058594,68.05592894554138,0.06805592894554138,17780656,60
tobacco,equalize,113,1000,0.0011882781982421875,59.55825185775757,0.059558251857757566,16097671,60
tobacco,equalize,114,1000,0.0011157989501953125,62.3213255405426,0.0623213255405426,16330514,60
tobacco,equalize,115,1000,0.0013153553009033203,59.219279289245605,0.059219279289245606,16027973,60
tobacco,equalize,116,1000,0.001220703125,65.52244448661804,0.06552244448661804,17003171,60
tobacco,equalize,117,1000,0.0010678768157958984,63.92796230316162,0.06392796230316163,17283199,60
tobacco,equalize,118,1000,0.0013136863708496094,63.37239742279053,0.06337239742279052,16814628,60
tobacco,equalize,119,1000,0.0012204647064208984,63.265910387039185,0.06326591038703919,17045140,60
tobacco,equalize,120,1000,0.001123666763305664,62.40624928474426,0.06240624928474426,16751758,60
tobacco,equalize,121,1000,0.0014033317565917969,66.02630519866943,0.06602630519866944,17323988,60
tobacco,equalize,122,1000,0.001196146011352539,61.089423418045044,0.06108942341804505,16129342,60
tobacco,equalize,123,1000,0.0011131763458251953,61.55739760398865,0.06155739760398865,16838590,60
tobacco,equalize,124,1000,0.0013070106506347656,67.17785787582397,0.06717785787582398,17870379,60
tobacco,equalize,125,1000,0.001268148422241211,58.8700532913208,0.0588700532913208,15958309,60
tobacco,equalize,126,1000,0.0011260509490966797,61.41490125656128,0.06141490125656128,16350535,60
tobacco,equalize,127,1000,0.0013394355773925781,62.89664673805237,0.06289664673805237,16441889,60
tobacco,equalize,128,1000,0.0013005733489990234,62.00717735290527,0.06200717735290527,16694248,60
tobacco,equalize,129,1000,0.0011110305786132812,59.99540972709656,0.059995409727096556,15993266,60
tobacco,equalize,130,1000,0.0013165473937988281,60.82766628265381,0.060827666282653806,16074833,60
tobacco,equalize,131,1000,0.0012485980987548828,61.906691789627075,0.06190669178962707,16639721,60
tobacco,equalize,132,1000,0.0011470317840576172,61.68295669555664,0.06168295669555664,15969856,60
tobacco,equalize,133,1000,0.0013608932495117188,62.44477701187134,0.06244477701187134,16473342,60
tobacco,equalize,134,1000,0.0012371540069580078,61.535404920578,0.061535404920578005,16453513,60
tobacco,equalize,135,1000,0.0011134147644042969,64.41364216804504,0.06441364216804504,17023092,60
tobacco,equalize,136,1000,0.0012726783752441406,65.76202869415283,0.06576202869415283,17513252,60
tobacco,equalize,137,1000,0.0012135505676269531,63.00657248497009,0.06300657248497009,16757937,60
tobacco,equalize,138,1000,0.001104116439819336,62.82010459899902,0.06282010459899902,16294904,60
tobacco,equalize,139,1000,0.0013356208801269531,63.384220600128174,0.06338422060012817,16524107,60
tobacco,equalize,140,1000,0.0011682510375976562,63.80230951309204,0.06380230951309204,17119306,60
tobacco,equalize,141,1000,0.0010848045349121094,64.08756375312805,0.06408756375312805,17039041,60
tobacco,equalize,142,1000,0.0013384819030761719,62.09654092788696,0.06209654092788696,16653085,60
tobacco,equalize,143,1000,0.0011668205261230469,63.19666051864624,0.06319666051864624,16629709,60
tobacco,equalize,144,1000,0.001093149185180664,62.352195501327515,0.06235219550132751,16958985,60
tobacco,equalize,145,1000,0.0012924671173095703,59.38546419143677,0.05938546419143677,15983273,60
tobacco,equalize,146,1000,0.0011463165283203125,63.10679221153259,0.06310679221153259,16571254,60
tobacco,equalize,147,1000,0.0011010169982910156,69.25648093223572,0.06925648093223571,17426670,60
tobacco,equalize,148,1000,0.0013644695281982422,66.1010890007019,0.0661010890007019,17118280,60
tobacco,equalize,149,1000,0.0011165142059326172,63.88964247703552,0.06388964247703552,16626810,60
tobacco,equalize,150,1000,0.001127004623413086,64.1997184753418,0.0641997184753418,16357172,60
tobacco,equalize,151,1000,0.0013275146484375,62.22043180465698,0.06222043180465698,16863623,60
tobacco,equalize,152,1000,0.0010848045349121094,58.3531060218811,0.0583531060218811,15848753,60
tobacco,equalize,153,1000,0.0010590553283691406,66.41928243637085,0.06641928243637085,17177278,60
tobacco,equalize,154,1000,0.0013704299926757812,61.02855134010315,0.06102855134010315,15794543,60
tobacco,equalize,155,1000,0.001073598861694336,59.43505358695984,0.059435053586959836,16232384,60
tobacco,equalize,156,1000,0.0010805130004882812,59.72468161582947,0.059724681615829465,15995428,60
tobacco,equalize,157,1000,0.0012733936309814453,61.53660750389099,0.06153660750389099,16300753,60
tobacco,equalize,158,1000,0.001056671142578125,62.44850945472717,0.06244850945472717,16343963,60
tobacco,equalize,159,1000,0.0010578632354736328,60.659379959106445,0.060659379959106446,16549786,60
tobacco,equalize,160,1000,0.0013270378112792969,60.907745599746704,0.0609077455997467,15822775,60
tobacco,equalize,161,1000,0.0011055469512939453,63.73919343948364,0.06373919343948364,16949349,60
tobacco,equalize,162,1000,0.0010805130004882812,63.39826273918152,0.06339826273918152,16567123,60
tobacco,equalize,163,1000,0.0013041496276855469,65.40332078933716,0.06540332078933715,17649986,60
tobacco,equalize,164,1000,0.0010499954223632812,67.99390769004822,0.06799390769004822,17662392,60
tobacco,equalize,165,1000,0.0010561943054199219,68.45272898674011,0.06845272898674011,18072834,60
tobacco,equalize,166,1000,0.0013453960418701172,64.11824870109558,0.06411824870109559,17104680,60
tobacco,equalize,167,1000,0.0010826587677001953,61.42168068885803,0.06142168068885803,16272937,60
tobacco,equalize,168,1000,0.001104593276977539,65.45335388183594,0.06545335388183594,17208994,60
tobacco,equalize,169,1000,0.0012581348419189453,58.74419450759888,0.05874419450759888,15658209,60
tobacco,equalize,170,1000,0.0010776519775390625,64.76527571678162,0.06476527571678162,17167878,60
tobacco,equalize,171,1000,0.001079559326171875,63.12355160713196,0.06312355160713196,16900757,60
tobacco,equalize,172,1000,0.0013377666473388672,64.1036696434021,0.0641036696434021,16593186,60
tobacco,equalize,173,1000,0.001110076904296875,61.71952724456787,0.06171952724456787,16761185,60
tobacco,equalize,174,1000,0.0010790824890136719,57.81384801864624,0.05781384801864624,15716197,60
tobacco,equalize,175,1000,0.0013170242309570312,64.2237639427185,0.0642237639427185,16652680,60
tobacco,equalize,176,1000,0.0010690689086914062,60.63639283180237,0.06063639283180237,16083035,60
tobacco,equalize,177,1000,0.0010521411895751953,63.2550413608551,0.06325504136085511,16836941,60
tobacco,equalize,178,1000,0.0013432502746582031,63.16020941734314,0.06316020941734314,16796919,60
tobacco,equalize,179,1000,0.001056671142578125,64.63301634788513,0.06463301634788512,17305672,60
tobacco,equalize,180,1000,0.0010874271392822266,67.3795313835144,0.06737953138351441,17780379,60
tobacco,equalize,181,1000,0.0013184547424316406,67.62557578086853,0.06762557578086853,18166086,60
tobacco,equalize,182,1000,0.0010802745819091797,65.07530403137207,0.06507530403137207,17205579,60
tobacco,equalize,183,1000,0.001081705093383789,62.44039344787598,0.062440393447875976,16578895,60
tobacco,equalize,184,1000,0.00138092041015625,61.6025824546814,0.0616025824546814,16442465,60
tobacco,equalize,185,1000,0.0010869503021240234,58.96294808387756,0.058962948083877566,15689220,60
tobacco,equalize,186,1000,0.0010993480682373047,63.83780908584595,0.06383780908584595,16876562,60
tobacco,equalize,187,1000,0.0013852119445800781,62.8345365524292,0.0628345365524292,16710385,60
tobacco,equalize,188,1000,0.0010709762573242188,62.799766302108765,0.06279976630210876,16484736,60
tobacco,equalize,189,1000,0.0010640621185302734,59.728002309799194,0.059728002309799196,16042107,60
tobacco,equalize,190,1000,0.001373291015625,64.40186214447021,0.06440186214447022,17182593,60
tobacco,equalize,191,1000,0.0010805130004882812,59.16139483451843,0.05916139483451843,15814218,60
tobacco,equalize,192,1000,0.0010879039764404297,64.73159766197205,0.06473159766197205,17027860,60
tobacco,equalize,193,1000,0.001371145248413086,63.980294704437256,0.06398029470443725,16613484,60
tobacco,equalize,194,1000,0.001077890396118164,63.737895250320435,0.06373789525032043,16852278,60
tobacco,equalize,195,1000,0.0010602474212646484,65.25423312187195,0.06525423312187195,17611241,60
tobacco,equalize,196,1000,0.001407623291015625,60.394388914108276,0.060394388914108275,16387512,60
tobacco,equalize,197,1000,0.0010466575622558594,63.543493032455444,0.06354349303245545,16586608,60
tobacco,equalize,198,1000,0.0011067390441894531,63.8884482383728,0.06388844823837281,17369318,60
tobacco,equalize,199,1000,0.0013208389282226562,61.83338713645935,0.06183338713645935,16433599,60
tobacco,equalize,200,1000,0.0010373592376708984,58.836764335632324,0.05883676433563233,15792654,60
tobacco,equalize,201,1000,0.0011034011840820312,59.74985146522522,0.05974985146522522,16080746,60
tobacco,equalize,202,1000,0.0014069080352783203,61.46211218833923,0.06146211218833923,16209154,60
tobacco,equalize,203,1000,0.0010781288146972656,64.39742183685303,0.06439742183685303,17157843,60
tobacco,equalize,204,1000,0.0011060237884521484,59.361578941345215,0.059361578941345215,16197886,60
tobacco,equalize,205,1000,0.00139617919921875,60.36207723617554,0.06036207723617554,16210294,60
tobacco,equalize,206,1000,0.0010654926300048828,61.55028820037842,0.06155028820037842,15999166,60
tobacco,equalize,207,1000,0.001077413558959961,61.1085467338562,0.0611085467338562,16453909,60
tobacco,equalize,208,1000,0.0013661384582519531,61.788283348083496,0.0617882833480835,15897689,60
tobacco,equalize,209,1000,0.001043558120727539,62.45995783805847,0.06245995783805847,16722335,60
tobacco,equalize,210,1000,0.0010826587677001953,64.02998399734497,0.06402998399734497,17058066,60
tobacco,equalize,211,1000,0.001367330551147461,63.97131085395813,0.06397131085395813,16621259,60
tobacco,equalize,212,1000,0.001074075698852539,64.93882346153259,0.0649388234615326,17194942,60
tobacco,equalize,213,1000,0.001127004623413086,64.17683982849121,0.0641768398284912,16689172,60
tobacco,equalize,214,1000,0.0013763904571533203,59.62628126144409,0.05962628126144409,16116153,60
tobacco,equalize,215,1000,0.0010483264923095703,64.4513087272644,0.0644513087272644,16983981,60
tobacco,equalize,216,1000,0.001102447509765625,62.19513416290283,0.06219513416290283,16876887,60
tobacco,equalize,217,1000,0.0013959407806396484,66.77942490577698,0.06677942490577697,17691389,60
tobacco,equalize,218,1000,0.0010263919830322266,65.40465426445007,0.06540465426445008,17580304,60
tobacco,equalize,219,1000,0.0010166168212890625,58.678468465805054,0.05867846846580505,15852334,60
tobacco,equalize,220,1000,0.0013988018035888672,63.102360248565674,0.06310236024856568,16822658,60
tobacco,equalize,221,1000,0.0010769367218017578,62.150994539260864,0.062150994539260866,16645304,60
tobacco,equalize,222,1000,0.0010852813720703125,67.91516399383545,0.06791516399383545,18139046,60
tobacco,equalize,223,1000,0.0013604164123535156,60.4740355014801,0.0604740355014801,16354017,60
tobacco,equalize,224,1000,0.0010683536529541016,65.91677379608154,0.06591677379608155,17574708,60
tobacco,equalize,225,1000,0.0010869503021240234,63.94356656074524,0.06394356656074524,17278746,60
tobacco,equalize,226,1000,0.0014858245849609375,61.35395860671997,0.06135395860671997,16096248,60
tobacco,equalize,227,1000,0.0010271072387695312,63.507872104644775,0.06350787210464477,16950149,60
tobacco,equalize,228,1000,0.0011107921600341797,65.14882278442383,0.06514882278442383,17152900,60
tobacco,equalize,229,1000,0.0013959407806396484,66.57899713516235,0.06657899713516235,17760832,60
tobacco,equalize,230,1000,0.0010845661163330078,61.17508673667908,0.061175086736679075,16474957,60
tobacco,equalize,231,1000,0.0010628700256347656,60.35404396057129,0.06035404396057129,16278227,60
tobacco,equalize,232,1000,0.0014579296112060547,67.19620370864868,0.06719620370864868,17990170,60
tobacco,equalize,233,1000,0.0010585784912109375,58.701186418533325,0.05870118641853333,15548134,60
tobacco,equalize,234,1000,0.0011103153228759766,61.8794424533844,0.0618794424533844,16806121,60
tobacco,equalize,235,1000,0.0013568401336669922,59.23273015022278,0.059232730150222776,15976395,60
tobacco,equalize,236,1000,0.0010635852813720703,62.57192873954773,0.06257192873954773,16619284,60
tobacco,equalize,237,1000,0.0010797977447509766,65.79222655296326,0.06579222655296325,17265265,60
tobacco,equalize,238,1000,0.001455545425415039,59.117531299591064,0.05911753129959106,15683889,60
tobacco,equalize,239,1000,0.0010671615600585938,65.14085793495178,0.06514085793495178,17010683,60
tobacco,equalize,240,1000,0.001104116439819336,62.85671806335449,0.0628567180633545,16173819,60
tobacco,equalize,241,1000,0.0013895034790039062,66.56003785133362,0.06656003785133362,17731865,60
tobacco,equalize,242,1000,0.0010764598846435547,62.3682165145874,0.062368216514587405,16931243,60
tobacco,equalize,243,1000,0.001033782958984375,57.43803024291992,0.05743803024291992,15770078,60
tobacco,equalize,244,1000,0.0014982223510742188,59.87022924423218,0.05987022924423218,15802709,60
tobacco,equalize,245,1000,0.0011172294616699219,64.05146026611328,0.06405146026611327,17278894,60
tobacco,equalize,246,1000,0.0010662078857421875,63.93147087097168,0.06393147087097167,16957474,60
tobacco,equalize,247,1000,0.001371145248413086,63.57729411125183,0.06357729411125183,16888068,60
tobacco,equalize,248,1000,0.0010483264923095703,64.63918733596802,0.06463918733596802,17363153,60
tobacco,equalize,249,1000,0.0011394023895263672,62.424551010131836,0.062424551010131835,17037022,60
tobacco,equalize,250,1000,0.0015783309936523438,65.72168135643005,0.06572168135643006,17770804,60
tobacco,equalize,251,1000,0.0010378360748291016,63.521294355392456,0.06352129435539246,16637636,60
tobacco,equalize,252,1000,0.0011441707611083984,60.34338140487671,0.06034338140487671,16271221,60
tobacco,equalize,253,1000,0.0013861656188964844,64.50460267066956,0.06450460267066956,17541316,60
tobacco,equalize,254,1000,0.0010471343994140625,66.53166699409485,0.06653166699409485,17448024,60
tobacco,equalize,255,1000,0.0010409355163574219,59.094918966293335,0.05909491896629333,16011227,60
tobacco,equalize,256,1000,0.001535177230834961,60.94200825691223,0.06094200825691223,16386578,60
tobacco,equalize,257,1000,0.0010242462158203125,60.49223756790161,0.06049223756790161,16091809,60
tobacco,equalize,258,1000,0.0011284351348876953,63.27529263496399,0.063275292634964,16871406,60
tobacco,equalize,259,1000,0.0014033317565917969,67.02819061279297,0.06702819061279297,17795780,60
tobacco,equalize,260,1000,0.0010256767272949219,66.7738573551178,0.0667738573551178,17473712,60
tobacco,equalize,261,1000,0.0010960102081298828,64.3316547870636,0.0643316547870636,16912764,60
tobacco,equalize,262,1000,0.0015077590942382812,61.189393520355225,0.061189393520355226,16274091,60
tobacco,equalize,263,1000,0.0010406970977783203,61.27134084701538,0.06127134084701538,16623238,60
tobacco,equalize,264,1000,0.0011141300201416016,61.771591663360596,0.061771591663360596,16227194,60
tobacco,equalize,265,1000,0.0014109611511230469,67.13467860221863,0.06713467860221863,17762039,60
tobacco,equalize,266,1000,0.0010516643524169922,59.1188428401947,0.0591188428401947,15996026,60
tobacco,equalize,267,1000,0.0011050701141357422,58.39740061759949,0.05839740061759949,15587187,60
tobacco,equalize,268,1000,0.0014717578887939453,60.337132930755615,0.06033713293075561,15880908,60
tobacco,equalize,269,1000,0.0010406970977783203,62.27056837081909,0.06227056837081909,16696925,60
tobacco,equalize,270,1000,0.0011210441589355469,67.87241101264954,0.06787241101264954,17570709,60
tobacco,equalize,271,1000,0.001438140869140625,60.54271149635315,0.06054271149635315,16299611,60
tobacco,equalize,272,1000,0.0010745525360107422,63.37823677062988,0.06337823677062988,17001027,60
tobacco,equalize,273,1000,0.0010824203491210938,65.13537526130676,0.06513537526130676,17698672,60
tobacco,equalize,274,1000,0.0014262199401855469,59.423579931259155,0.05942357993125916,16138294,60
tobacco,equalize,275,1000,0.001062631607055664,64.95847487449646,0.06495847487449646,17289546,60
tobacco,equalize,276,1000,0.001129150390625,61.08659839630127,0.06108659839630127,16421028,60
tobacco,equalize,277,1000,0.0015194416046142578,64.11076760292053,0.06411076760292053,16992773,60
tobacco,equalize,278,1000,0.0010504722595214844,62.261783599853516,0.062261783599853515,16348948,60
tobacco,equalize,279,1000,0.0011234283447265625,60.24420166015625,0.06024420166015625,15907313,60
tobacco,equalize,280,1000,0.0014307498931884766,63.02026343345642,0.06302026343345642,16768174,60
tobacco,equalize,281,1000,0.0010046958923339844,61.70868229866028,0.06170868229866028,16337681,60
tobacco,equalize,282,1000,0.0010848045349121094,65.26815128326416,0.06526815128326416,17124103,60
tobacco,equalize,283,1000,0.0015134811401367188,60.03175973892212,0.06003175973892212,16080095,60
tobacco,equalize,284,1000,0.0010492801666259766,63.439095973968506,0.0634390959739685,16532122,60
tobacco,equalize,285,1000,0.0011000633239746094,64.62724041938782,0.06462724041938782,17172577,60
tobacco,equalize,286,1000,0.0014629364013671875,62.40662169456482,0.06240662169456482,16503617,60
tobacco,equalize,287,1000,0.0010390281677246094,64.33944463729858,0.06433944463729858,17355749,60
tobacco,equalize,288,1000,0.0011563301086425781,63.241490602493286,0.06324149060249329,16672198,60
tobacco,equalize,289,1000,0.0015561580657958984,60.46533751487732,0.06046533751487732,16156504,60
tobacco,equalize,290,1000,0.0010638236999511719,63.83563733100891,0.06383563733100892,16594095,60
tobacco,equalize,291,1000,0.0011248588562011719,63.43378663063049,0.0634337866306305,16567430,60
tobacco,equalize,292,1000,0.0014262199401855469,63.17663240432739,0.06317663240432739,16740950,60
tobacco,equalize,293,1000,0.0010497570037841797,65.64219760894775,0.06564219760894775,17781812,60
tobacco,equalize,294,1000,0.0011322498321533203,65.70828223228455,0.06570828223228455,17314620,60
tobacco,equalize,295,1000,0.0015377998352050781,65.08276963233948,0.06508276963233947,17632052,60
tobacco,equalize,296,1000,0.0010523796081542969,62.07599472999573,0.062075994729995726,16680366,60
tobacco,equalize,297,1000,0.0011107921600341797,65.95956468582153,0.06595956468582154,17257111,60
tobacco,equalize,298,1000,0.0015082359313964844,65.47339344024658,0.06547339344024658,17267581,60
tobacco,equalize,299,1000,0.0010650157928466797,62.04945635795593,0.06204945635795593,17074408,60
tobacco,equalize,300,1000,0.0010750293731689453,65.35602593421936,0.06535602593421937,17157902,60
tobacco,equalize,301,1000,0.0015063285827636719,64.97639846801758,0.06497639846801757,17420302,60
tobacco,equalize,302,1000,0.0010089874267578125,63.49737215042114,0.06349737215042114,16254694,60
tobacco,equalize,303,1000,0.0011255741119384766,62.40920042991638,0.062409200429916385,16654906,60
tobacco,equalize,304,1000,0.001459360122680664,64.98023581504822,0.06498023581504822,17217839,60
tobacco,equalize,305,1000,0.0010368824005126953,64.12886261940002,0.06412886261940003,17438684,60
tobacco,equalize,306,1000,0.0011281967163085938,66.95451140403748,0.06695451140403748,18089924,60
tobacco,equalize,307,1000,0.001436471939086914,66.26143550872803,0.06626143550872803,17481170,60
tobacco,equalize,308,1000,0.0010349750518798828,65.5044538974762,0.0655044538974762,17781842,60
tobacco,equalize,309,1000,0.0011849403381347656,62.617271423339844,0.06261727142333984,16660397,60
tobacco,equalize,310,1000,0.0015513896942138672,62.16673731803894,0.06216673731803894,16225486,60
tobacco,equalize,311,1000,0.001089334487915039,65.56333470344543,0.06556333470344543,17026465,60
tobacco,equalize,312,1000,0.0011296272277832031,62.51772594451904,0.06251772594451904,16830247,60
tobacco,equalize,313,1000,0.001415252685546875,62.99563241004944,0.06299563241004943,16814767,60
tobacco,equalize,314,1000,0.0010380744934082031,57.309067487716675,0.05730906748771668,15479183,60
tobacco,equalize,315,1000,0.001123666763305664,64.5701732635498,0.0645701732635498,17186816,60
tobacco,equalize,316,1000,0.001527547836303711,60.71143627166748,0.06071143627166748,16277440,60
tobacco,equalize,317,1000,0.0010371208190917969,64.03693652153015,0.06403693652153016,16834375,60
tobacco,equalize,318,1000,0.0010762214660644531,62.78207278251648,0.06278207278251648,17021361,60
tobacco,equalize,319,1000,0.0012600421905517578,62.677749156951904,0.0626777491569519,16715784,60
tobacco,equalize,320,1000,0.0011723041534423828,61.53869581222534,0.06153869581222534,16766199,60
tobacco,equalize,321,1000,0.0010983943939208984,60.641382932662964,0.06064138293266296,16451091,60
tobacco,equalize,322,1000,0.0011892318725585938,64.23724555969238,0.06423724555969239,17112470,60
tobacco,equalize,323,1000,0.0011820793151855469,63.972760915756226,0.06397276091575622,16840314,60
tobacco,equalize,324,1000,0.0011067390441894531,60.18000388145447,0.06018000388145447,15942789,60
tobacco,equalize,325,1000,0.0011930465698242188,63.09010624885559,0.0630901062488556,17143732,60
tobacco,equalize,326,1000,0.0011594295501708984,65.86081457138062,0.06586081457138061,17518668,60
tobacco,equalize,327,1000,0.0010786056518554688,65.04638910293579,0.0650463891029358,17120067,60
tobacco,equalize,328,1000,0.0012629032135009766,64.32896304130554,0.06432896304130555,17194645,60
tobacco,equalize,329,1000,0.0011844635009765625,61.34423804283142,0.06134423804283142,16495579,60
tobacco,equalize,330,1000,0.0010986328125,63.897470474243164,0.06389747047424317,17366234,60
tobacco,equalize,331,1000,0.0012500286102294922,64.2590651512146,0.0642590651512146,17207101,60
tobacco,equalize,332,1000,0.001203775405883789,60.48916983604431,0.06048916983604431,16337312,60
tobacco,equalize,333,1000,0.0010552406311035156,61.53924775123596,0.06153924775123596,16151696,60
tobacco,equalize,334,1000,0.0013089179992675781,60.318506479263306,0.060318506479263304,16181676,60
tobacco,equalize,335,1000,0.0012700557708740234,58.61213040351868,0.058612130403518675,15774693,60
tobacco,equalize,336,1000,0.001085042953491211,61.08214473724365,0.06108214473724365,16202247,60
tobacco,equalize,337,1000,0.0012867450714111328,63.671282052993774,0.06367128205299377,17039149,60
tobacco,equalize,338,1000,0.0012912750244140625,64.74477195739746,0.06474477195739746,17110612,60
tobacco,equalize,339,1000,0.0011138916015625,63.890629053115845,0.06389062905311585,16899141,60
tobacco,equalize,340,1000,0.001318216323852539,60.38500452041626,0.06038500452041626,16118408,60
tobacco,equalize,341,1000,0.0012068748474121094,63.88706088066101,0.06388706088066101,17200049,60
tobacco,equalize,342,1000,0.0010776519775390625,65.69646120071411,0.06569646120071411,16964260,60
tobacco,equalize,343,1000,0.001352548599243164,60.22799372673035,0.06022799372673035,16128688,60
tobacco,equalize,344,1000,0.0012388229370117188,64.13750886917114,0.06413750886917115,17140520,60
tobacco,equalize,345,1000,0.0010650157928466797,61.51412034034729,0.06151412034034729,16631350,60
tobacco,equalize,346,1000,0.0013728141784667969,66.74374866485596,0.06674374866485595,17757150,60
tobacco,equalize,347,1000,0.0012652873992919922,63.60711193084717,0.06360711193084717,16872112,60
tobacco,equalize,348,1000,0.0010967254638671875,59.26820206642151,0.059268202066421506,15443490,60
tobacco,equalize,349,1000,0.0013217926025390625,61.0619432926178,0.0610619432926178,16400622,60
tobacco,equalize,350,1000,0.0012063980102539062,65.41920137405396,0.06541920137405395,17351132,60
tobacco,equalize,351,1000,0.0010726451873779297,59.77644729614258,0.05977644729614258,16065412,60
tobacco,equalize,352,1000,0.0012955665588378906,60.75624871253967,0.06075624871253967,15839812,60
tobacco,equalize,353,1000,0.001161336898803711,65.22218084335327,0.06522218084335327,17319641,60
tobacco,equalize,354,1000,0.0010731220245361328,65.71341896057129,0.06571341896057128,17474908,60
tobacco,equalize,355,1000,0.0013120174407958984,63.40377140045166,0.06340377140045166,17071210,60
tobacco,equalize,356,1000,0.0010766983032226562,64.124196767807,0.064124196767807,17024300,60
tobacco,equalize,357,1000,0.0010879039764404297,64.06227517127991,0.06406227517127991,16977931,60
tobacco,equalize,358,1000,0.0012843608856201172,60.94746017456055,0.06094746017456055,15845988,60
tobacco,equalize,359,1000,0.0011034011840820312,63.802454233169556,0.06380245423316956,16793863,60
tobacco,equalize,360,1000,0.0010638236999511719,64.6394259929657,0.0646394259929657,17065140,60
tobacco,equalize,361,1000,0.0013210773468017578,62.71489238739014,0.06271489238739014,16513329,60
tobacco,equalize,362,1000,0.0010612010955810547,60.971213817596436,0.06097121381759644,15785053,60
tobacco,equalize,363,1000,0.0010647773742675781,62.22523856163025,0.06222523856163025,16638655,60
tobacco,equalize,364,1000,0.0013532638549804688,64.07077622413635,0.06407077622413636,16906343,60
tobacco,equalize,365,1000,0.001054525375366211,62.86819005012512,0.06286819005012512,17159570,60
tobacco,equalize,366,1000,0.0010671615600585938,63.691951751708984,0.06369195175170898,17078760,60
tobacco,equalize,367,1000,0.0013048648834228516,64.16199898719788,0.06416199898719788,17045550,60
tobacco,equalize,368,1000,0.0010881423950195312,60.81367254257202,0.06081367254257202,16312421,60
tobacco,equalize,369,1000,0.0010952949523925781,61.736032247543335,0.061736032247543336,16752755,60
tobacco,equalize,370,1000,0.00138092041015625,64.76670455932617,0.06476670455932618,17448846,60
tobacco,equalize,371,1000,0.0010793209075927734,65.85936760902405,0.06585936760902404,17210876,60
tobacco,equalize,372,1000,0.0010693073272705078,58.4547061920166,0.0584547061920166,15856151,60
tobacco,equalize,373,1000,0.0012977123260498047,61.44109082221985,0.06144109082221985,16143558,60
tobacco,equalize,374,1000,0.0010840892791748047,63.37657952308655,0.06337657952308655,16246019,60
tobacco,equalize,375,1000,0.0010676383972167969,58.41560959815979,0.05841560959815979,15506570,60
tobacco,equalize,376,1000,0.001302957534790039,64.84473657608032,0.06484473657608032,16644040,60
tobacco,equalize,377,1000,0.001077413558959961,63.56663131713867,0.06356663131713867,16736864,60
tobacco,equalize,378,1000,0.0010809898376464844,67.46655249595642,0.06746655249595643,17088448,60
tobacco,equalize,379,1000,0.0013039112091064453,60.886088132858276,0.06088608813285828,16266525,60
tobacco,equalize,380,1000,0.0010690689086914062,64.23281455039978,0.06423281455039978,16217719,60
tobacco,equalize,381,1000,0.0010619163513183594,59.454084396362305,0.0594540843963623,15794858,60
tobacco,equalize,382,1000,0.0012836456298828125,64.58040881156921,0.06458040881156922,17521154,60
tobacco,equalize,383,1000,0.0010399818420410156,65.40968084335327,0.06540968084335327,17141104,60
tobacco,equalize,384,1000,0.0010564327239990234,64.44357132911682,0.06444357132911682,16416957,60
tobacco,equalize,385,1000,0.0013113021850585938,66.22194027900696,0.06622194027900696,17582164,60
tobacco,equalize,386,1000,0.0010833740234375,60.725783586502075,0.060725783586502075,16385048,60
tobacco,equalize,387,1000,0.0010612010955810547,61.855905294418335,0.06185590529441833,16881244,60
tobacco,equalize,388,1000,0.0013332366943359375,59.277509689331055,0.05927750968933106,15784868,60
tobacco,equalize,389,1000,0.0010750293731689453,62.63482165336609,0.06263482165336609,16683904,60
tobacco,equalize,390,1000,0.0010831356048583984,63.9930305480957,0.0639930305480957,16672343,60
tobacco,equalize,391,1000,0.0013930797576904297,58.48750567436218,0.05848750567436218,15871412,60
tobacco,equalize,392,1000,0.0010819435119628906,64.9406909942627,0.0649406909942627,16710209,60
tobacco,equalize,393,1000,0.0010750293731689453,64.61886548995972,0.06461886548995972,17166027,60
tobacco,equalize,394,1000,0.0013530254364013672,67.70907068252563,0.06770907068252563,17909555,60
tobacco,equalize,395,1000,0.00107574462890625,62.89292335510254,0.06289292335510253,16880657,60
tobacco,equalize,396,1000,0.0010683536529541016,61.11703610420227,0.06111703610420227,16394721,60
tobacco,equalize,397,1000,0.001430511474609375,68.88803458213806,0.06888803458213806,18106098,60
tobacco,equalize,398,1000,0.001071929931640625,60.987191677093506,0.0609871916770935,16112311,60
tobacco,equalize,399,1000,0.001085042953491211,66.81164264678955,0.06681164264678956,17313224,60
tobacco,equalize,400,1000,0.001341104507446289,64.16909432411194,0.06416909432411194,17176113,60
tobacco,equalize,401,1000,0.001058816909790039,65.37453699111938,0.06537453699111938,17506306,60
tobacco,equalize,402,1000,0.0010502338409423828,64.56900835037231,0.06456900835037231,17207396,60
tobacco,equalize,403,1000,0.0014297962188720703,62.84092473983765,0.06284092473983764,16974314,60
tobacco,equalize,404,1000,0.0010254383087158203,62.585612535476685,0.06258561253547669,16406839,60
tobacco,equalize,405,1000,0.0011074542999267578,66.86961817741394,0.06686961817741394,17632563,60
tobacco,equalize,406,1000,0.0013606548309326172,64.31267738342285,0.06431267738342285,16733011,60
tobacco,equalize,407,1000,0.0010762214660644531,60.45686864852905,0.060456868648529054,16089771,60
tobacco,equalize,408,1000,0.0010654926300048828,60.82441425323486,0.060824414253234864,15950009,60
tobacco,equalize,409,1000,0.001397848129272461,59.53819465637207,0.05953819465637207,15888869,60
tobacco,equalize,410,1000,0.0010819435119628906,63.832054138183594,0.06383205413818359,17137067,60
tobacco,equalize,411,1000,0.0013036727905273438,65.27700686454773,0.06527700686454772,16754214,60
tobacco,equalize,412,1000,0.0013163089752197266,59.10517358779907,0.05910517358779907,15892708,60
tobacco,equalize,413,1000,0.0010828971862792969,61.29206919670105,0.06129206919670105,16515608,60
tobacco,equalize,414,1000,0.0010557174682617188,59.58809208869934,0.05958809208869934,15680140,60
tobacco,equalize,415,1000,0.0014595985412597656,63.65838599205017,0.06365838599205018,16847669,60
tobacco,equalize,416,1000,0.0010833740234375,61.76016592979431,0.06176016592979431,16294607,60
tobacco,equalize,417,1000,0.0010807514190673828,66.57219457626343,0.06657219457626343,17413995,60
tobacco,equalize,418,1000,0.001354217529296875,63.48919987678528,0.06348919987678528,16774146,60
tobacco,equalize,419,1000,0.0010218620300292969,61.3898024559021,0.0613898024559021,16285047,60
tobacco,equalize,420,1000,0.0010304450988769531,62.186530113220215,0.062186530113220215,16448745,60
tobacco,equalize,421,1000,0.0014209747314453125,64.16615796089172,0.06416615796089173,17246399,60
tobacco,equalize,422,1000,0.001119375228881836,65.82852053642273,0.06582852053642273,17447424,60
tobacco,equalize,423,1000,0.0010669231414794922,62.773091316223145,0.06277309131622315,16930816,60
tobacco,equalize,424,1000,0.0013790130615234375,64.47309231758118,0.06447309231758118,17419048,60
tobacco,equalize,425,1000,0.0010704994201660156,60.6612811088562,0.0606612811088562,15850263,60
tobacco,equalize,426,1000,0.0010912418365478516,62.41474628448486,0.062414746284484866,16902057,60
tobacco,equalize,427,1000,0.0014429092407226562,61.66003489494324,0.06166003489494324,16413656,60
tobacco,equalize,428,1000,0.0010437965393066406,61.20795011520386,0.06120795011520386,16315021,60
tobacco,equalize,429,1000,0.0011146068572998047,58.91283106803894,0.05891283106803894,15569211,60
tobacco,equalize,430,1000,0.0014078617095947266,65.01924204826355,0.06501924204826355,17603209,60
tobacco,equalize,431,1000,0.0010988712310791016,61.35154414176941,0.06135154414176941,16415697,60
tobacco,equalize,432,1000,0.0010991096496582031,62.928428649902344,0.06292842864990235,16616027,60
tobacco,equalize,433,1000,0.001451253890991211,65.8516116142273,0.0658516116142273,17869769,60
tobacco,equalize,434,1000,0.0010366439819335938,64.46249747276306,0.06446249747276306,16760839,60
tobacco,equalize,435,1000,0.0010840892791748047,62.01525330543518,0.06201525330543518,16566890,60
tobacco,equalize,436,1000,0.001443624496459961,65.55796885490417,0.06555796885490417,17462395,60
tobacco,equalize,437,1000,0.0010576248168945312,65.1992974281311,0.0651992974281311,17129436,60
tobacco,equalize,438,1000,0.0010941028594970703,60.648175954818726,0.06064817595481872,16474251,60
tobacco,equalize,439,1000,0.0014495849609375,60.75242638587952,0.060752426385879514,16378408,60
tobacco,equalize,440,1000,0.001051187515258789,59.954737424850464,0.05995473742485046,16196123,60
tobacco,equalize,441,1000,0.0010900497436523438,59.64733362197876,0.05964733362197876,16136853,60
tobacco,equalize,442,1000,0.001417398452758789,67.9307050704956,0.0679307050704956,17877463,60
tobacco,equalize,443,1000,0.001077413558959961,62.197333574295044,0.06219733357429504,16414312,60
tobacco,equalize,444,1000,0.0010731220245361328,62.04993176460266,0.06204993176460266,16402382,60
tobacco,equalize,445,1000,0.0014240741729736328,63.38957738876343,0.06338957738876343,16460954,60
tobacco,equalize,446,1000,0.0010480880737304688,63.62819957733154,0.06362819957733154,16167679,60
tobacco,equalize,447,1000,0.0010919570922851562,58.03666639328003,0.05803666639328003,15871975,60
tobacco,equalize,448,1000,0.001386880874633789,59.30450391769409,0.05930450391769409,16020952,60
tobacco,equalize,449,1000,0.0010693073272705078,62.26142120361328,0.06226142120361328,15873923,60
tobacco,equalize,450,1000,0.0010917186737060547,66.47371745109558,0.06647371745109558,17735554,60
tobacco,equalize,451,1000,0.0014543533325195312,62.53957200050354,0.06253957200050354,16479002,60
tobacco,equalize,452,1000,0.0010571479797363281,60.20800971984863,0.06020800971984863,16080510,60
tobacco,equalize,453,1000,0.0011091232299804688,63.230539083480835,0.06323053908348084,16668976,60
tobacco,equalize,454,1000,0.0014226436614990234,60.76392602920532,0.06076392602920532,16351359,60
tobacco,equalize,455,1000,0.001104593276977539,61.521713733673096,0.06152171373367309,16131631,60
tobacco,equalize,456,1000,0.0010874271392822266,62.90336799621582,0.06290336799621582,17210611,60
tobacco,equalize,457,1000,0.0014863014221191406,62.4724760055542,0.0624724760055542,16636722,60
tobacco,equalize,458,1000,0.0010540485382080078,63.75919485092163,0.06375919485092163,16641004,60
tobacco,equalize,459,1000,0.0011186599731445312,62.81690335273743,0.06281690335273743,16725455,60
tobacco,equalize,460,1000,0.001500844955444336,62.42821550369263,0.062428215503692625,16650874,60
tobacco,equalize,461,1000,0.0010478496551513672,64.41295886039734,0.06441295886039734,16991583,60
tobacco,equalize,462,1000,0.0010657310485839844,57.70204472541809,0.05770204472541809,15555800,60
tobacco,equalize,463,1000,0.0014355182647705078,64.69995713233948,0.06469995713233948,16815023,60
tobacco,equalize,464,1000,0.001058340072631836,61.82691788673401,0.06182691788673401,16335854,60
tobacco,equalize,465,1000,0.0010766983032226562,61.91084361076355,0.06191084361076355,16631055,60
tobacco,equalize,466,1000,0.0013761520385742188,62.07294249534607,0.06207294249534607,16479752,60
tobacco,equalize,467,1000,0.0010263919830322266,61.39505338668823,0.061395053386688235,16584201,60
tobacco,equalize,468,1000,0.0010576248168945312,63.23436617851257,0.06323436617851258,16473157,60
tobacco,equalize,469,1000,0.0014722347259521484,63.908036947250366,0.06390803694725036,17347897,60
tobacco,equalize,470,1000,0.001161336898803711,60.141961097717285,0.060141961097717286,15932842,60
tobacco,equalize,471,1000,0.0011148452758789062,61.20210123062134,0.061202101230621336,16322951,60
tobacco,equalize,472,1000,0.0014004707336425781,61.15642333030701,0.061156423330307005,16446124,60
tobacco,equalize,473,1000,0.0010540485382080078,63.9561128616333,0.0639561128616333,16824795,60
tobacco,equalize,474,1000,0.0010838508605957031,62.41807293891907,0.062418072938919066,16753560,60
tobacco,equalize,475,1000,0.00156402587890625,64.1029679775238,0.06410296797752381,16796597,60
tobacco,equalize,476,1000,0.0010581016540527344,65.60849165916443,0.06560849165916442,17494717,60
tobacco,equalize,477,1000,0.0011036396026611328,60.162219285964966,0.06016221928596496,16350458,60
tobacco,equalize,478,1000,0.0015106201171875,60.27782583236694,0.060277825832366946,16415767,60
tobacco,equalize,479,1000,0.0010323524475097656,61.173237800598145,0.06117323780059814,16465168,60
tobacco,equalize,480,1000,0.0010986328125,60.18594026565552,0.06018594026565552,16003984,60
tobacco,equalize,481,1000,0.0015332698822021484,60.427353382110596,0.060427353382110596,16205671,60
tobacco,equalize,482,1000,0.0010488033294677734,62.16358709335327,0.06216358709335327,16679942,60
tobacco,equalize,483,1000,0.0011425018310546875,66.65472054481506,0.06665472054481507,17126801,60
tobacco,equalize,484,1000,0.0014171600341796875,63.842472553253174,0.06384247255325318,17107907,60
tobacco,equalize,485,1000,0.0010228157043457031,64.69462561607361,0.06469462561607361,17101757,60
tobacco,equalize,486,1000,0.0011370182037353516,64.68005657196045,0.06468005657196045,17187172,60
tobacco,equalize,487,1000,0.0015385150909423828,60.084988832473755,0.060084988832473755,16054105,60
tobacco,equalize,488,1000,0.0010445117950439453,58.60606002807617,0.058606060028076175,15581911,60
tobacco,equalize,489,1000,0.0011038780212402344,58.638498306274414,0.05863849830627441,15948677,60
tobacco,equalize,490,1000,0.0013971328735351562,61.60589528083801,0.06160589528083801,16438925,60
tobacco,equalize,491,1000,0.0010576248168945312,64.34944796562195,0.06434944796562195,16902857,60
tobacco,equalize,492,1000,0.0011513233184814453,62.9003586769104,0.0629003586769104,16679935,60
tobacco,equalize,493,1000,0.0015790462493896484,61.062612771987915,0.06106261277198791,16058319,60
tobacco,equalize,494,1000,0.00107574462890625,62.531413555145264,0.06253141355514526,16666040,60
tobacco,equalize,495,1000,0.0011167526245117188,65.44994974136353,0.06544994974136352,17276162,60
tobacco,equalize,496,1000,0.0014276504516601562,64.38049364089966,0.06438049364089966,17168385,60
tobacco,equalize,497,1000,0.0010349750518798828,64.22387909889221,0.06422387909889221,17241211,60
tobacco,equalize,498,1000,0.0010571479797363281,67.4430787563324,0.0674430787563324,16874777,60
tobacco,equalize,499,1000,0.001556396484375,62.68696308135986,0.06268696308135986,16666645,60
tobacco,equalize,500,1000,0.0010573863983154297,59.36912393569946,0.059369123935699465,16131204,60
tobacco,equalize,501,1000,0.0011200904846191406,63.00511932373047,0.06300511932373047,16456179,60
tobacco,equalize,502,1000,0.0014595985412597656,60.960214614868164,0.06096021461486816,16583318,60
tobacco,equalize,503,1000,0.001047372817993164,59.94984722137451,0.05994984722137451,16102372,60
tobacco,equalize,504,1000,0.0011153221130371094,59.658957958221436,0.05965895795822144,16131031,60
tobacco,equalize,505,1000,0.0015454292297363281,67.30546736717224,0.06730546736717224,17579109,60
tobacco,equalize,506,1000,0.0010557174682617188,62.45161700248718,0.062451617002487185,17167960,60
tobacco,equalize,507,1000,0.0010859966278076172,60.81410098075867,0.060814100980758665,16488902,60
tobacco,equalize,508,1000,0.0014886856079101562,61.037489891052246,0.061037489891052246,16748005,60
tobacco,equalize,509,1000,0.0010395050048828125,63.37097454071045,0.06337097454071045,17265735,60
tobacco,equalize,510,1000,0.0011301040649414062,59.846068382263184,0.05984606838226318,16191830,60
tobacco,equalize,511,1000,0.0014984607696533203,60.74676585197449,0.060746765851974485,15977715,60
tobacco,equalize,512,1000,0.0010433197021484375,65.56578516960144,0.06556578516960145,17026530,60
tobacco,equalize,513,1000,0.0015416145324707031,60.052016735076904,0.0600520167350769,16036042,60
tobacco,equalize,514,1000,0.0014622211456298828,64.01088619232178,0.06401088619232177,17249772,60
tobacco,equalize,515,1000,0.0011510848999023438,69.72593784332275,0.06972593784332276,17640675,60
tobacco,equalize,516,1000,0.0011096000671386719,58.278979778289795,0.058278979778289795,15763441,60
tobacco,equalize,517,1000,0.001493692398071289,62.08838939666748,0.06208838939666748,16706346,60
tobacco,equalize,518,1000,0.001073598861694336,65.54959154129028,0.06554959154129028,16804293,60
tobacco,equalize,519,1000,0.0011088848114013672,61.20501375198364,0.061205013751983645,16413815,60
tobacco,equalize,520,1000,0.0015451908111572266,64.19043445587158,0.06419043445587158,17375557,60
tobacco,equalize,521,1000,0.0010440349578857422,64.8828341960907,0.0648828341960907,17216857,60
tobacco,equalize,522,1000,0.0011174678802490234,61.6448814868927,0.0616448814868927,16224707,60
tobacco,equalize,523,1000,0.0015079975128173828,65.62629127502441,0.06562629127502441,17276240,60
tobacco,equalize,524,1000,0.0010557174682617188,62.8978545665741,0.0628978545665741,16065484,60
tobacco,equalize,525,1000,0.0011899471282958984,66.1238648891449,0.0661238648891449,17419405,60
tobacco,equalize,526,1000,0.0015556812286376953,64.66868591308594,0.06466868591308594,16889545,60
tobacco,equalize,527,1000,0.0011265277862548828,62.33035230636597,0.062330352306365966,16162061,60
tobacco,equalize,528,1000,0.0010378360748291016,61.07876634597778,0.06107876634597778,16167420,60
tobacco,equalize,529,1000,0.0011420249938964844,60.410476207733154,0.060410476207733155,15964139,60
tobacco,equalize,530,1000,0.0011692047119140625,64.30660128593445,0.06430660128593445,17196817,60
tobacco,equalize,531,1000,0.001094818115234375,63.23265075683594,0.06323265075683594,17091743,60
tobacco,equalize,532,1000,0.0011699199676513672,59.465434551239014,0.05946543455123901,15616709,60
tobacco,equalize,533,1000,0.0011849403381347656,63.96481895446777,0.06396481895446778,17600969,60
tobacco,equalize,534,1000,0.0011146068572998047,63.94758439064026,0.06394758439064026,17282785,60
tobacco,equalize,535,1000,0.0012133121490478516,65.75674200057983,0.06575674200057983,17227835,60
tobacco,equalize,536,1000,0.0012047290802001953,59.339693784713745,0.059339693784713744,15895346,60
tobacco,equalize,537,1000,0.001115560531616211,62.7229905128479,0.0627229905128479,16031393,60
tobacco,equalize,538,1000,0.0012547969818115234,64.06450009346008,0.06406450009346008,16488256,60
tobacco,equalize,539,1000,0.0012319087982177734,60.911614179611206,0.060911614179611204,16107844,60
tobacco,equalize,540,1000,0.0011072158813476562,62.890305519104004,0.062890305519104,16020140,60
tobacco,equalize,541,1000,0.0014858245849609375,65.06097412109375,0.06506097412109375,16788453,60
tobacco,equalize,542,1000,0.001192331314086914,64.9313051700592,0.0649313051700592,17413203,60
tobacco,equalize,543,1000,0.0011005401611328125,61.12621808052063,0.06112621808052063,16268453,60
tobacco,equalize,544,1000,0.0013515949249267578,63.877156496047974,0.06387715649604797,16621889,60
tobacco,equalize,545,1000,0.0012218952178955078,60.86885333061218,0.060868853330612184,16298988,60
tobacco,equalize,546,1000,0.0011305809020996094,60.67382550239563,0.06067382550239563,16033737,60
tobacco,equalize,547,1000,0.0012848377227783203,59.25883483886719,0.05925883483886719,16152397,60
tobacco,equalize,548,1000,0.0012521743774414062,66.16247296333313,0.06616247296333314,17065715,60
tobacco,equalize,549,1000,0.0010843276977539062,60.518364906311035,0.06051836490631104,15990637,60
tobacco,equalize,550,1000,0.0012919902801513672,59.46646165847778,0.059466461658477784,15725633,60
tobacco,equalize,551,1000,0.0012598037719726562,57.87925124168396,0.05787925124168396,15755229,60
tobacco,equalize,552,1000,0.0011076927185058594,62.76626181602478,0.06276626181602478,16966179,60
tobacco,equalize,553,1000,0.0014390945434570312,61.998034954071045,0.061998034954071045,16013252,60
tobacco,equalize,554,1000,0.0012252330780029297,62.015432834625244,0.062015432834625246,16682532,60
tobacco,equalize,555,1000,0.001138448715209961,61.794119358062744,0.06179411935806274,16721696,60
tobacco,equalize,556,1000,0.0012848377227783203,61.948201179504395,0.06194820117950439,16245745,60
tobacco,equalize,557,1000,0.0011970996856689453,64.13025379180908,0.06413025379180909,17414416,60
tobacco,equalize,558,1000,0.0011525154113769531,63.25708889961243,0.06325708889961243,16972070,60
tobacco,equalize,559,1000,0.0012996196746826172,63.0533721446991,0.0630533721446991,16748464,60
tobacco,equalize,560,1000,0.0012323856353759766,59.67479372024536,0.05967479372024536,15690046,60
tobacco,equalize,561,1000,0.0011038780212402344,65.27251982688904,0.06527251982688904,17149272,60
tobacco,equalize,562,1000,0.0012960433959960938,62.64831519126892,0.06264831519126893,16513090,60
tobacco,equalize,563,1000,0.0011327266693115234,63.292827129364014,0.06329282712936402,16773990,60
tobacco,equalize,564,1000,0.0010833740234375,64.45353865623474,0.06445353865623474,16188424,60
tobacco,equalize,565,1000,0.0012998580932617188,65.63508701324463,0.06563508701324462,17403840,60
tobacco,equalize,566,1000,0.0010914802551269531,60.30781412124634,0.06030781412124634,16336562,60
tobacco,equalize,567,1000,0.0010607242584228516,60.37701416015625,0.06037701416015625,16018179,60
tobacco,equalize,568,1000,0.0014278888702392578,62.99162316322327,0.06299162316322326,16545564,60
tobacco,equalize,569,1000,0.0010709762573242188,61.444122552871704,0.061444122552871704,16225958,60
tobacco,equalize,570,1000,0.0010635852813720703,59.81656861305237,0.059816568613052366,15959278,60
tobacco,equalize,571,1000,0.0012793540954589844,70.84733581542969,0.0708473358154297,17900289,60
tobacco,equalize,572,1000,0.0010766983032226562,66.93476295471191,0.06693476295471192,18091117,60
tobacco,equalize,573,1000,0.0010852813720703125,65.00315618515015,0.06500315618515015,17005675,60
tobacco,equalize,574,1000,0.0012929439544677734,66.26443457603455,0.06626443457603455,17419608,60
tobacco,equalize,575,1000,0.0011816024780273438,62.998581409454346,0.06299858140945434,16533821,60
tobacco,equalize,576,1000,0.0010509490966796875,63.153486490249634,0.06315348649024963,16473634,60
tobacco,equalize,577,1000,0.0012965202331542969,62.24532985687256,0.06224532985687256,16526926,60
tobacco,equalize,578,1000,0.0010783672332763672,62.01850152015686,0.06201850152015686,16568145,60
tobacco,equalize,579,1000,0.0011932849884033203,67.63558268547058,0.06763558268547058,17773786,60
tobacco,equalize,580,1000,0.0012950897216796875,61.11342716217041,0.06111342716217041,16393184,60
tobacco,equalize,581,1000,0.0010700225830078125,59.62676739692688,0.05962676739692688,16179140,60
tobacco,equalize,582,1000,0.0010464191436767578,62.21083641052246,0.06221083641052246,16545926,60
tobacco,equalize,583,1000,0.0012879371643066406,65.85235810279846,0.06585235810279846,17341078,60
tobacco,equalize,584,1000,0.0010731220245361328,58.98753762245178,0.058987537622451784,15650577,60
tobacco,equalize,585,1000,0.0010521411895751953,60.53764724731445,0.060537647247314454,16305826,60
tobacco,equalize,586,1000,0.0013747215270996094,64.24853205680847,0.06424853205680847,16587703,60
tobacco,equalize,587,1000,0.0011396408081054688,66.25990986824036,0.06625990986824036,17356854,60
tobacco,equalize,588,1000,0.0010943412780761719,61.245553493499756,0.061245553493499756,16209205,60
tobacco,equalize,589,1000,0.0014121532440185547,64.32767224311829,0.06432767224311829,17332558,60
tobacco,equalize,590,1000,0.001039266586303711,62.382673501968384,0.06238267350196838,16109865,60
tobacco,equalize,591,1000,0.0010762214660644531,63.71206736564636,0.06371206736564636,17073649,60
tobacco,equalize,592,1000,0.001363515853881836,61.874751806259155,0.061874751806259155,16174166,60
tobacco,equalize,593,1000,0.0010514259338378906,60.78985834121704,0.06078985834121704,16423389,60
tobacco,equalize,594,1000,0.0010638236999511719,62.41765356063843,0.06241765356063843,16140600,60
tobacco,equalize,595,1000,0.0012547969818115234,63.60440754890442,0.06360440754890442,17269930,60
tobacco,equalize,596,1000,0.0010800361633300781,63.07371377944946,0.06307371377944947,16474624,60
tobacco,equalize,597,1000,0.0010645389556884766,65.04322361946106,0.06504322361946106,17098954,60
tobacco,equalize,598,1000,0.0013175010681152344,61.270503520965576,0.06127050352096557,16403109,60
tobacco,equalize,599,1000,0.0010552406311035156,64.07186913490295,0.06407186913490295,17261322,60
tobacco,equalize,600,1000,0.0012149810791015625,62.70246410369873,0.06270246410369873,16754199,60
tobacco,equalize,601,1000,0.0013141632080078125,66.95190477371216,0.06695190477371216,17753805,60
tobacco,equalize,602,1000,0.0010631084442138672,65.40638756752014,0.06540638756752014,17548477,60
tobacco,equalize,603,1000,0.0011892318725585938,61.121248722076416,0.061121248722076416,15939163,60
tobacco,equalize,604,1000,0.0013654232025146484,60.47920632362366,0.060479206323623656,16120052,60
tobacco,equalize,605,1000,0.0010886192321777344,63.04727840423584,0.06304727840423584,17297944,60
tobacco,equalize,606,1000,0.0010759830474853516,64.10618257522583,0.06410618257522584,17345930,60
tobacco,equalize,607,1000,0.0015037059783935547,61.06463074684143,0.06106463074684143,16255084,60
tobacco,equalize,608,1000,0.0013833045959472656,62.15689158439636,0.062156891584396363,16286603,60
tobacco,equalize,609,1000,0.0010831356048583984,63.05827283859253,0.06305827283859253,16658735,60
tobacco,equalize,610,1000,0.001346588134765625,61.60641527175903,0.06160641527175904,16812505,60
tobacco,equalize,611,1000,0.0011899471282958984,59.42342567443848,0.05942342567443848,15627938,60
tobacco,equalize,612,1000,0.0012087821960449219,61.85694122314453,0.06185694122314453,16024468,60
tobacco,equalize,613,1000,0.0014843940734863281,63.28218412399292,0.06328218412399292,16728607,60
tobacco,equalize,614,1000,0.0010564327239990234,62.10390067100525,0.06210390067100525,17082435,60
tobacco,equalize,615,1000,0.0011055469512939453,64.26723623275757,0.06426723623275757,16201772,60
tobacco,equalize,616,1000,0.001417398452758789,58.17217206954956,0.05817217206954956,15815051,60
tobacco,equalize,617,1000,0.0010900497436523438,61.820109367370605,0.061820109367370604,16256953,60
tobacco,equalize,618,1000,0.0010175704956054688,62.620882987976074,0.06262088298797608,16638549,60
tobacco,equalize,619,1000,0.0013232231140136719,61.717469692230225,0.06171746969223022,16198224,60
tobacco,equalize,620,1000,0.0010671615600585938,61.751909494400024,0.06175190949440002,16117882,60
tobacco,equalize,621,1000,0.0012023448944091797,62.441654920578,0.062441654920578,16316481,60
tobacco,equalize,622,1000,0.001422882080078125,66.62595105171204,0.06662595105171204,17933965,60
tobacco,equalize,623,1000,0.001039743423461914,61.33015775680542,0.06133015775680542,16428443,60
tobacco,equalize,624,1000,0.0010695457458496094,63.976324796676636,0.06397632479667664,17042945,60
tobacco,equalize,625,1000,0.0014128684997558594,64.22989082336426,0.06422989082336426,17199554,60
tobacco,equalize,626,1000,0.001033782958984375,63.96432185173035,0.06396432185173034,17096267,60
tobacco,equalize,627,1000,0.001104116439819336,58.60752558708191,0.05860752558708191,15683025,60
tobacco,equalize,628,1000,0.0014681816101074219,63.44422507286072,0.06344422507286072,16948497,60
tobacco,equalize,629,1000,0.0010437965393066406,62.21352553367615,0.06221352553367615,16860658,60
tobacco,equalize,630,1000,0.0014123916625976562,63.65000343322754,0.06365000343322753,16731068,60
tobacco,equalize,631,1000,0.0014100074768066406,63.66307783126831,0.06366307783126832,17203248,60
tobacco,equalize,632,1000,0.0010552406311035156,67.24074625968933,0.06724074625968933,18045181,60
tobacco,equalize,633,1000,0.0011019706726074219,65.35639715194702,0.06535639715194702,17184647,60
tobacco,equalize,634,1000,0.0013263225555419922,67.22283935546875,0.06722283935546874,17778246,60
tobacco,equalize,635,1000,0.0010597705841064453,65.38562202453613,0.06538562202453613,17596863,60
tobacco,equalize,636,1000,0.0010662078857421875,62.358524322509766,0.06235852432250977,16741820,60
tobacco,equalize,637,1000,0.0014498233795166016,61.684685945510864,0.06168468594551087,16472749,60
tobacco,equalize,638,1000,0.0011987686157226562,66.77393412590027,0.06677393412590027,17313614,60
tobacco,equalize,639,1000,0.0011065006256103516,63.90003991127014,0.06390003991127015,17164367,60
tobacco,equalize,640,1000,0.0013496875762939453,64.48740887641907,0.06448740887641907,17126444,60
tobacco,equalize,641,1000,0.0010614395141601562,63.13650631904602,0.06313650631904602,16820806,60
tobacco,equalize,642,1000,0.0010766983032226562,67.58074569702148,0.06758074569702148,17104856,60
tobacco,equalize,643,1000,0.0013685226440429688,60.82935953140259,0.06082935953140259,15730706,60
tobacco,equalize,644,1000,0.0010514259338378906,61.797250270843506,0.061797250270843505,16805579,60
tobacco,equalize,645,1000,0.0010805130004882812,64.00531196594238,0.06400531196594238,16796518,60
tobacco,equalize,646,1000,0.0013492107391357422,65.31504774093628,0.06531504774093629,17291599,60
tobacco,equalize,647,1000,0.00103759765625,64.25425624847412,0.06425425624847413,17173128,60
tobacco,equalize,648,1000,0.0011396408081054688,61.00373196601868,0.06100373196601867,16105845,60
tobacco,equalize,649,1000,0.0013718605041503906,62.19223189353943,0.06219223189353943,16977332,60
tobacco,equalize,650,1000,0.0010721683502197266,61.35230469703674,0.061352304697036744,16448260,60
tobacco,equalize,651,1000,0.0010902881622314453,63.8282573223114,0.0638282573223114,17215285,60
tobacco,equalize,652,1000,0.0013568401336669922,63.126325368881226,0.06312632536888123,15908018,60
tobacco,equalize,653,1000,0.0010769367218017578,62.26953744888306,0.062269537448883056,16077127,60
tobacco,equalize,654,1000,0.0011196136474609375,60.11501431465149,0.06011501431465149,16142129,60
tobacco,equalize,655,1000,0.0014467239379882812,62.471800804138184,0.06247180080413818,16386780,60
tobacco,equalize,656,1000,0.0010385513305664062,64.14060878753662,0.06414060878753662,16807624,60
tobacco,equalize,657,1000,0.001138448715209961,64.29155564308167,0.06429155564308167,17164373,60
tobacco,equalize,658,1000,0.001383066177368164,57.81722831726074,0.057817228317260744,15663140,60
tobacco,equalize,659,1000,0.0010552406311035156,64.74503374099731,0.06474503374099731,17183605,60
tobacco,equalize,660,1000,0.001073598861694336,63.36017346382141,0.06336017346382142,17105447,60
tobacco,equalize,661,1000,0.001474618911743164,67.35415363311768,0.06735415363311767,17634946,60
tobacco,equalize,662,1000,0.0010492801666259766,59.31934142112732,0.05931934142112732,16122194,60
tobacco,equalize,663,1000,0.0010609626770019531,64.26603269577026,0.06426603269577026,17515931,60
tobacco,equalize,664,1000,0.0014274120330810547,65.39013600349426,0.06539013600349426,17112784,60
tobacco,equalize,665,1000,0.0010704994201660156,65.73148131370544,0.06573148131370544,17626243,60
tobacco,equalize,666,1000,0.0011136531829833984,60.61462926864624,0.06061462926864624,16488252,60
tobacco,equalize,667,1000,0.0013885498046875,61.315725564956665,0.061315725564956666,15934341,60
tobacco,equalize,668,1000,0.0010464191436767578,63.76629161834717,0.06376629161834717,16906330,60
tobacco,equalize,669,1000,0.0010750293731689453,58.10801458358765,0.05810801458358765,15649260,60
tobacco,equalize,670,1000,0.0014450550079345703,63.288898944854736,0.06328889894485473,17376538,60
tobacco,equalize,671,1000,0.0010349750518798828,61.46021556854248,0.06146021556854248,15999401,60
tobacco,equalize,672,1000,0.0011048316955566406,67.25513982772827,0.06725513982772827,17268320,60
tobacco,equalize,673,1000,0.0014226436614990234,64.28182196617126,0.06428182196617127,17044975,60
tobacco,equalize,674,1000,0.0010559558868408203,62.68482518196106,0.06268482518196106,16627185,60
tobacco,equalize,675,1000,0.001157522201538086,63.85349893569946,0.06385349893569946,17360031,60
tobacco,equalize,676,1000,0.0015246868133544922,64.41683387756348,0.06441683387756347,17012703,60
tobacco,equalize,677,1000,0.001100778579711914,63.695611238479614,0.06369561123847961,17145588,60
tobacco,equalize,678,1000,0.001107931137084961,61.74087977409363,0.06174087977409363,16436792,60
tobacco,equalize,679,1000,0.0014421939849853516,61.69932413101196,0.061699324131011965,16423787,60
tobacco,equalize,680,1000,0.0010616779327392578,63.59530568122864,0.06359530568122863,16855286,60
tobacco,equalize,681,1000,0.0011615753173828125,63.0648672580719,0.0630648672580719,16563127,60
tobacco,equalize,682,1000,0.0014240741729736328,65.17925024032593,0.06517925024032593,17431621,60
tobacco,equalize,683,1000,0.0011067390441894531,65.42584681510925,0.06542584681510925,17512121,60
tobacco,equalize,684,1000,0.0010933876037597656,65.41430163383484,0.06541430163383484,17408618,60
tobacco,equalize,685,1000,0.001501321792602539,64.81871891021729,0.06481871891021729,16702499,60
tobacco,equalize,686,1000,0.0010101795196533203,61.47967481613159,0.06147967481613159,16169052,60
tobacco,equalize,687,1000,0.001102447509765625,62.306864976882935,0.06230686497688293,16493577,60
tobacco,equalize,688,1000,0.0014367103576660156,65.71193933486938,0.06571193933486938,17667157,60
tobacco,equalize,689,1000,0.0010669231414794922,63.10968780517578,0.06310968780517578,16523861,60
tobacco,equalize,690,1000,0.0010955333709716797,64.49386286735535,0.06449386286735535,17271030,60
tobacco,equalize,691,1000,0.0015401840209960938,63.25152373313904,0.06325152373313904,16947244,60
tobacco,equalize,692,1000,0.0010013580322265625,60.921507120132446,0.060921507120132445,16385478,60
tobacco,equalize,693,1000,0.0010972023010253906,66.39661502838135,0.06639661502838134,17444381,60
tobacco,equalize,694,1000,0.001434326171875,64.79212832450867,0.06479212832450866,17040036,60
tobacco,equalize,695,1000,0.0010395050048828125,59.608689069747925,0.05960868906974792,15677869,60
tobacco,equalize,696,1000,0.0010771751403808594,60.636083364486694,0.06063608336448669,15754493,60
tobacco,equalize,697,1000,0.001522064208984375,64.86334657669067,0.06486334657669067,17120050,60
tobacco,equalize,698,1000,0.001055002212524414,64.4323980808258,0.0644323980808258,17113225,60
tobacco,equalize,699,1000,0.001066446304321289,64.34318685531616,0.06434318685531616,17245397,60
tobacco,equalize,700,1000,0.0013935565948486328,64.4145131111145,0.0644145131111145,17031204,60
tobacco,equalize,701,1000,0.0010569095611572266,57.93424892425537,0.057934248924255374,15655155,60
tobacco,equalize,702,1000,0.0010952949523925781,64.53269672393799,0.064532696723938,17270012,60
tobacco,equalize,703,1000,0.0015740394592285156,66.30252456665039,0.0663025245666504,17374847,60
tobacco,equalize,704,1000,0.0010492801666259766,63.77288365364075,0.06377288365364074,17187137,60
tobacco,equalize,705,1000,0.0011241436004638672,64.59265160560608,0.06459265160560608,16141513,60
tobacco,equalize,706,1000,0.001386880874633789,58.641499280929565,0.058641499280929564,15880930,60
tobacco,equalize,707,1000,0.0010673999786376953,62.744388818740845,0.06274438881874085,16977280,60
tobacco,equalize,708,1000,0.0010383129119873047,63.23427200317383,0.06323427200317383,16456909,60
tobacco,equalize,709,1000,0.0014939308166503906,59.572481870651245,0.05957248187065124,16122954,60
tobacco,equalize,710,1000,0.0010159015655517578,62.72250843048096,0.06272250843048095,16707154,60
tobacco,equalize,711,1000,0.0011124610900878906,63.671257734298706,0.0636712577342987,17441719,60
tobacco,equalize,712,1000,0.0014579296112060547,63.20864987373352,0.06320864987373352,16630509,60
tobacco,equalize,713,1000,0.0010941028594970703,60.72256255149841,0.06072256255149841,16207698,60
tobacco,equalize,714,1000,0.0010962486267089844,62.33848857879639,0.06233848857879638,16600062,60
tobacco,equalize,715,1000,0.0014901161193847656,61.688709020614624,0.06168870902061462,16710711,60
tobacco,equalize,716,1000,0.0010497570037841797,58.10063362121582,0.05810063362121582,15836135,60
tobacco,equalize,717,1000,0.0010952949523925781,65.00820136070251,0.06500820136070251,17100038,60
tobacco,equalize,718,1000,0.0014634132385253906,63.615681648254395,0.06361568164825439,17501946,60
tobacco,equalize,719,1000,0.0010426044464111328,64.66477465629578,0.06466477465629578,16903846,60
tobacco,equalize,720,1000,0.0011370182037353516,63.3067831993103,0.0633067831993103,16463014,60
tobacco,equalize,721,1000,0.0015034675598144531,64.95479154586792,0.06495479154586792,17427709,60
tobacco,equalize,722,1000,0.0010428428649902344,62.35863947868347,0.06235863947868347,16783161,60
tobacco,equalize,723,1000,0.0011355876922607422,62.03594756126404,0.062035947561264036,16636338,60
tobacco,equalize,724,1000,0.0015001296997070312,60.180410385131836,0.06018041038513183,16220670,60
tobacco,equalize,725,1000,0.0010516643524169922,59.72584557533264,0.05972584557533264,15899542,60
tobacco,equalize,726,1000,0.0011551380157470703,60.00542640686035,0.06000542640686035,16288947,60
tobacco,equalize,727,1000,0.0015168190002441406,65.29889011383057,0.06529889011383057,17196678,60
tobacco,equalize,728,1000,0.0010650157928466797,62.59487223625183,0.06259487223625183,16539198,60
tobacco,equalize,729,1000,0.001272439956665039,64.09045147895813,0.06409045147895813,17223477,60
tobacco,equalize,730,1000,0.0015697479248046875,63.720664262771606,0.0637206642627716,17109169,60
tobacco,equalize,731,1000,0.0010385513305664062,61.74723505973816,0.061747235059738156,16419444,60
tobacco,equalize,732,1000,0.0011665821075439453,61.1472589969635,0.0611472589969635,16344098,60
tobacco,equalize,733,1000,0.0014450550079345703,63.35707139968872,0.06335707139968873,16170282,60
tobacco,equalize,734,1000,0.0011234283447265625,62.52770733833313,0.06252770733833313,16024040,60
tobacco,equalize,735,1000,0.0011262893676757812,70.67002153396606,0.07067002153396607,17765110,60
tobacco,equalize,736,1000,0.0015285015106201172,60.969467878341675,0.06096946787834168,16094073,60
tobacco,equalize,737,1000,0.0010576248168945312,61.66988754272461,0.06166988754272461,16346604,60
tobacco,equalize,738,1000,0.0010073184967041016,60.8285014629364,0.060828501462936405,16298304,60
tobacco,equalize,739,1000,0.0011417865753173828,64.48985552787781,0.06448985552787781,16605918,60
tobacco,equalize,740,1000,0.0011513233184814453,59.02846145629883,0.05902846145629883,15598464,60
tobacco,equalize,741,1000,0.0010797977447509766,60.64388680458069,0.06064388680458069,16179962,60
tobacco,equalize,742,1000,0.001157999038696289,66.34068965911865,0.06634068965911866,17478386,60
tobacco,equalize,743,1000,0.0011556148529052734,63.15268850326538,0.06315268850326539,17028300,60
tobacco,equalize,744,1000,0.0010786056518554688,66.12701177597046,0.06612701177597045,16958564,60
tobacco,equalize,745,1000,0.001186370849609375,62.58703660964966,0.06258703660964966,16866248,60
tobacco,equalize,746,1000,0.001150369644165039,64.93841004371643,0.06493841004371644,17696502,60
tobacco,equalize,747,1000,0.0010526180267333984,60.544798851013184,0.06054479885101318,16527379,60
tobacco,equalize,748,1000,0.0012085437774658203,66.74141907691956,0.06674141907691955,17574958,60
tobacco,equalize,749,1000,0.0011594295501708984,67.37416481971741,0.0673741648197174,17593627,60
tobacco,equalize,750,1000,0.0010638236999511719,60.16673707962036,0.060166737079620364,15823076,60
tobacco,equalize,751,1000,0.0012698173522949219,62.15557527542114,0.06215557527542114,16782991,60
tobacco,equalize,752,1000,0.0011687278747558594,62.79828119277954,0.06279828119277954,16629621,60
tobacco,equalize,753,1000,0.0010328292846679688,64.78069543838501,0.06478069543838501,17030337,60
tobacco,equalize,754,1000,0.0012447834014892578,68.77118873596191,0.06877118873596191,17672194,60
tobacco,equalize,755,1000,0.0011897087097167969,65.15382385253906,0.06515382385253907,16914021,60
tobacco,equalize,756,1000,0.0010797977447509766,58.78410720825195,0.05878410720825195,15873156,60
tobacco,equalize,757,1000,0.0012536048889160156,65.08343601226807,0.06508343601226807,17474893,60
tobacco,equalize,758,1000,0.0012416839599609375,63.33002972602844,0.06333002972602844,17150157,60
tobacco,equalize,759,1000,0.0011141300201416016,61.20582342147827,0.06120582342147827,16207789,60
tobacco,equalize,760,1000,0.0012764930725097656,63.741331815719604,0.0637413318157196,17177770,60
tobacco,equalize,761,1000,0.0012176036834716797,60.56497883796692,0.06056497883796692,16143494,60
tobacco,equalize,762,1000,0.0011096000671386719,66.7181499004364,0.0667181499004364,17769031,60
tobacco,equalize,763,1000,0.0012564659118652344,65.74250817298889,0.06574250817298889,17423709,60
tobacco,equalize,764,1000,0.0011932849884033203,61.62693786621094,0.061626937866210936,16594930,60
tobacco,equalize,765,1000,0.001088857650756836,62.67154908180237,0.06267154908180236,16641329,60
tobacco,equalize,766,1000,0.0013010501861572266,63.842549562454224,0.06384254956245422,16959087,60
tobacco,equalize,767,1000,0.001239776611328125,67.5040647983551,0.0675040647983551,18036284,60
tobacco,equalize,768,1000,0.0010998249053955078,66.3804702758789,0.0663804702758789,16791235,60
tobacco,equalize,769,1000,0.0014579296112060547,62.46003031730652,0.06246003031730652,17090170,60
tobacco,equalize,770,1000,0.0012500286102294922,61.19737648963928,0.061197376489639285,15837763,60
tobacco,equalize,771,1000,0.0010623931884765625,60.85584115982056,0.06085584115982055,16142179,60
tobacco,equalize,772,1000,0.0013425350189208984,59.82822585105896,0.05982822585105896,16011194,60
tobacco,equalize,773,1000,0.0011420249938964844,60.71944499015808,0.06071944499015808,16138513,60
tobacco,equalize,774,1000,0.0010924339294433594,63.28841471672058,0.06328841471672059,17067758,60
tobacco,equalize,775,1000,0.0012891292572021484,64.01030468940735,0.06401030468940735,17007616,60
tobacco,equalize,776,1000,0.0011050701141357422,61.91723942756653,0.06191723942756653,16019385,60
tobacco,equalize,777,1000,0.0010704994201660156,64.79621434211731,0.06479621434211731,17682807,60
tobacco,equalize,778,1000,0.001329660415649414,63.599125623703,0.063599125623703,16909213,60
tobacco,equalize,779,1000,0.0010988712310791016,61.43404150009155,0.06143404150009155,16162135,60
tobacco,equalize,780,1000,0.0010833740234375,59.975496768951416,0.05997549676895141,15935995,60
tobacco,equalize,781,1000,0.0013163089752197266,64.81599426269531,0.06481599426269531,17361093,60
tobacco,equalize,782,1000,0.0010721683502197266,62.855281591415405,0.0628552815914154,16654773,60
tobacco,equalize,783,1000,0.0011172294616699219,61.059171199798584,0.06105917119979858,16505950,60
tobacco,equalize,784,1000,0.0013256072998046875,66.46179413795471,0.06646179413795471,17694207,60
tobacco,equalize,785,1000,0.001039743423461914,65.63167572021484,0.06563167572021485,17499145,60
tobacco,equalize,786,1000,0.0010762214660644531,62.27422213554382,0.06227422213554382,16034023,60
tobacco,equalize,787,1000,0.0012965202331542969,64.36670255661011,0.0643667025566101,17060289,60
tobacco,equalize,788,1000,0.0010344982147216797,59.938812255859375,0.059938812255859376,16191170,60
tobacco,equalize,789,1000,0.0010766983032226562,65.5428740978241,0.0655428740978241,17517568,60
tobacco,equalize,790,1000,0.0013530254364013672,62.00711917877197,0.062007119178771976,16502154,60
tobacco,equalize,791,1000,0.0010530948638916016,64.98455214500427,0.06498455214500427,17356963,60
tobacco,equalize,792,1000,0.0011348724365234375,60.195714473724365,0.06019571447372436,15995056,60
tobacco,equalize,793,1000,0.0013003349304199219,65.8345558643341,0.06583455586433411,16777811,60
tobacco,equalize,794,1000,0.0010890960693359375,60.200382709503174,0.060200382709503175,15945163,60
tobacco,equalize,795,1000,0.0010764598846435547,62.636672496795654,0.06263667249679565,16609946,60
tobacco,equalize,796,1000,0.0013244152069091797,63.710294008255005,0.06371029400825501,17178157,60
tobacco,equalize,797,1000,0.0010623931884765625,61.82190179824829,0.06182190179824829,16178362,60
tobacco,equalize,798,1000,0.0010802745819091797,63.573803663253784,0.06357380366325378,16310063,60
tobacco,equalize,799,1000,0.0013027191162109375,60.36455178260803,0.06036455178260803,16430300,60
tobacco,equalize,800,1000,0.0010800361633300781,59.233154296875,0.059233154296875,15870886,60
tobacco,equalize,801,1000,0.0011055469512939453,68.32058262825012,0.06832058262825012,17467015,60
tobacco,equalize,802,1000,0.001432657241821289,61.235841035842896,0.0612358410358429,16136142,60
tobacco,equalize,803,1000,0.0010616779327392578,62.692811727523804,0.0626928117275238,16301348,60
tobacco,equalize,804,1000,0.0010814666748046875,62.48764681816101,0.06248764681816101,16545589,60
tobacco,equalize,805,1000,0.0013136863708496094,63.26194620132446,0.06326194620132446,16784128,60
tobacco,equalize,806,1000,0.0010454654693603516,61.090296506881714,0.06109029650688171,16579257,60
tobacco,equalize,807,1000,0.0010709762573242188,64.37394142150879,0.06437394142150879,17560160,60
tobacco,equalize,808,1000,0.0014111995697021484,59.17789006233215,0.05917789006233215,15939743,60
tobacco,equalize,809,1000,0.00109100341796875,64.98178029060364,0.06498178029060364,17470422,60
tobacco,equalize,810,1000,0.0010840892791748047,63.83810019493103,0.06383810019493102,16895447,60
tobacco,equalize,811,1000,0.0014333724975585938,59.67472195625305,0.05967472195625305,16116669,60
tobacco,equalize,812,1000,0.0010602474212646484,60.10670804977417,0.06010670804977417,16038691,60
tobacco,equalize,813,1000,0.0010454654693603516,59.32901668548584,0.05932901668548584,16030342,60
tobacco,equalize,814,1000,0.0013699531555175781,64.79052329063416,0.06479052329063416,16970959,60
tobacco,equalize,815,1000,0.0011179447174072266,60.764609575271606,0.060764609575271605,16108333,60
tobacco,equalize,816,1000,0.001049041748046875,61.308499813079834,0.061308499813079835,16497844,60
tobacco,equalize,817,1000,0.0013637542724609375,62.43014192581177,0.06243014192581177,17068690,60
tobacco,equalize,818,1000,0.0011687278747558594,60.988654136657715,0.060988654136657716,16308572,60
tobacco,equalize,819,1000,0.0010154247283935547,64.4185791015625,0.0644185791015625,16596802,60
tobacco,equalize,820,1000,0.0013768672943115234,64.7893660068512,0.0647893660068512,17275751,60
tobacco,equalize,821,1000,0.001051187515258789,59.771379232406616,0.059771379232406614,16090348,60
tobacco,equalize,822,1000,0.0010914802551269531,65.921377658844,0.065921377658844,17943186,60
tobacco,equalize,823,1000,0.0013096332550048828,60.20443034172058,0.06020443034172058,16008453,60
tobacco,equalize,824,1000,0.0010685920715332031,65.4316840171814,0.0654316840171814,17167331,60
tobacco,equalize,825,1000,0.0010747909545898438,57.01497769355774,0.05701497769355774,15509211,60
tobacco,equalize,826,1000,0.0014050006866455078,64.94977927207947,0.06494977927207947,17678403,60
tobacco,equalize,827,1000,0.0010347366333007812,60.23655152320862,0.06023655152320862,15992812,60
tobacco,equalize,828,1000,0.0010941028594970703,60.12517261505127,0.06012517261505127,16242586,60
tobacco,equalize,829,1000,0.0013992786407470703,64.59851789474487,0.06459851789474487,17322349,60
tobacco,equalize,830,1000,0.0010483264923095703,64.58265233039856,0.06458265233039856,16859294,60
tobacco,equalize,831,1000,0.0010907649993896484,61.28226709365845,0.06128226709365845,15767538,60
tobacco,equalize,832,1000,0.00139617919921875,62.21388268470764,0.06221388268470764,16580095,60
tobacco,equalize,833,1000,0.0011105537414550781,66.63942551612854,0.06663942551612854,17874317,60
tobacco,equalize,834,1000,0.001157999038696289,62.61092233657837,0.06261092233657838,16866317,60
tobacco,equalize,835,1000,0.0013842582702636719,61.41314911842346,0.06141314911842346,16431648,60
tobacco,equalize,836,1000,0.0010933876037597656,64.73398423194885,0.06473398423194886,17519664,60
tobacco,equalize,837,1000,0.0010941028594970703,59.913238525390625,0.05991323852539063,15983054,60
tobacco,equalize,838,1000,0.0013926029205322266,58.99778938293457,0.05899778938293457,15898591,60
tobacco,equalize,839,1000,0.0010707378387451172,61.26126670837402,0.06126126670837402,16417579,60
tobacco,equalize,840,1000,0.001102447509765625,63.125540018081665,0.06312554001808167,17232888,60
tobacco,equalize,841,1000,0.001451730728149414,61.867271184921265,0.06186727118492127,16292627,60
tobacco,equalize,842,1000,0.0012121200561523438,63.524359703063965,0.06352435970306397,16917202,60
tobacco,equalize,843,1000,0.0011219978332519531,63.62265992164612,0.06362265992164612,16416325,60
tobacco,equalize,844,1000,0.0014061927795410156,64.9917585849762,0.0649917585849762,17220139,60
tobacco,equalize,845,1000,0.001035451889038086,61.72759032249451,0.06172759032249451,16313645,60
tobacco,equalize,846,1000,0.0010769367218017578,65.0415153503418,0.06504151535034179,17304748,60
tobacco,equalize,847,1000,0.0014324188232421875,63.86088275909424,0.06386088275909424,17046673,60
tobacco,equalize,848,1000,0.0010666847229003906,62.18431878089905,0.06218431878089905,15967060,60
tobacco,equalize,849,1000,0.001087188720703125,62.44721460342407,0.062447214603424075,16648980,60
tobacco,equalize,850,1000,0.0014007091522216797,66.34022903442383,0.06634022903442383,17613561,60
tobacco,equalize,851,1000,0.0010788440704345703,63.3171501159668,0.0633171501159668,16959227,60
tobacco,equalize,852,1000,0.00115203857421875,65.96096158027649,0.06596096158027649,16977901,60
tobacco,equalize,853,1000,0.0014019012451171875,60.89311242103577,0.06089311242103577,15922571,60
tobacco,equalize,854,1000,0.001058816909790039,63.79362607002258,0.06379362607002258,16944879,60
tobacco,equalize,855,1000,0.0010752677917480469,63.50188875198364,0.06350188875198365,16423864,60
tobacco,equalize,856,1000,0.0013871192932128906,65.24543452262878,0.06524543452262878,17285994,60
tobacco,equalize,857,1000,0.0010499954223632812,68.94569683074951,0.06894569683074951,17620700,60
tobacco,equalize,858,1000,0.0010776519775390625,61.87334632873535,0.061873346328735354,16166066,60
tobacco,equalize,859,1000,0.0014863014221191406,62.73608636856079,0.06273608636856079,16559762,60
tobacco,equalize,860,1000,0.0010557174682617188,58.239840030670166,0.05823984003067017,15778289,60
tobacco,equalize,861,1000,0.0010745525360107422,63.18065047264099,0.06318065047264099,16938643,60
tobacco,equalize,862,1000,0.0014195442199707031,63.090672969818115,0.06309067296981812,16775724,60
tobacco,equalize,863,1000,0.0010635852813720703,61.42765164375305,0.06142765164375305,16514628,60
tobacco,equalize,864,1000,0.0010962486267089844,60.69183897972107,0.060691838979721066,16293627,60
tobacco,equalize,865,1000,0.0014042854309082031,61.88529181480408,0.06188529181480408,16532554,60
tobacco,equalize,866,1000,0.0010554790496826172,65.47376537322998,0.06547376537322998,17412698,60
tobacco,equalize,867,1000,0.001123666763305664,61.69857883453369,0.06169857883453369,16468383,60
tobacco,equalize,868,1000,0.0014634132385253906,65.64200687408447,0.06564200687408447,17594552,60
tobacco,equalize,869,1000,0.0010647773742675781,64.9058735370636,0.0649058735370636,17132148,60
tobacco,equalize,870,1000,0.0010914802551269531,60.82020020484924,0.06082020020484925,16041810,60
tobacco,equalize,871,1000,0.0014591217041015625,64.29462146759033,0.06429462146759034,17034526,60
tobacco,equalize,872,1000,0.0010449886322021484,66.16675329208374,0.06616675329208374,17289405,60
tobacco,equalize,873,1000,0.001071929931640625,61.45250201225281,0.06145250201225281,16427162,60
tobacco,equalize,874,1000,0.001535654067993164,66.55303168296814,0.06655303168296814,18014749,60
tobacco,equalize,875,1000,0.0011138916015625,62.12414813041687,0.06212414813041687,16393780,60
tobacco,equalize,876,1000,0.001096487045288086,61.50007605552673,0.06150007605552674,16034536,60
tobacco,equalize,877,1000,0.0014615058898925781,59.59597563743591,0.05959597563743591,16204172,60
tobacco,equalize,878,1000,0.0010423660278320312,60.78773498535156,0.06078773498535156,16186598,60
tobacco,equalize,879,1000,0.0010907649993896484,58.085423707962036,0.05808542370796203,15518471,60
tobacco,equalize,880,1000,0.0014615058898925781,64.7221212387085,0.06472212123870849,17548256,60
tobacco,equalize,881,1000,0.0010573863983154297,61.056954860687256,0.061056954860687254,16209973,60
tobacco,equalize,882,1000,0.0010831356048583984,65.5046877861023,0.0655046877861023,17105787,60
tobacco,equalize,883,1000,0.0014262199401855469,60.53746318817139,0.06053746318817139,16204831,60
tobacco,equalize,884,1000,0.0011305809020996094,66.43220543861389,0.06643220543861389,17421464,60
tobacco,equalize,885,1000,0.0010790824890136719,60.662118673324585,0.060662118673324585,15989085,60
tobacco,equalize,886,1000,0.001434326171875,64.00956606864929,0.0640095660686493,17229348,60
tobacco,equalize,887,1000,0.0010619163513183594,63.56043219566345,0.06356043219566346,16879268,60
tobacco,equalize,888,1000,0.0011143684387207031,62.71502137184143,0.06271502137184143,17000210,60
tobacco,equalize,889,1000,0.0014257431030273438,63.82240629196167,0.06382240629196168,16975809,60
tobacco,equalize,890,1000,0.0010631084442138672,64.92474508285522,0.06492474508285523,16940914,60
tobacco,equalize,891,1000,0.0011911392211914062,63.714473724365234,0.06371447372436523,17012508,60
tobacco,equalize,892,1000,0.0014791488647460938,60.74730467796326,0.06074730467796326,16308577,60
tobacco,equalize,893,1000,0.0010597705841064453,59.14281129837036,0.05914281129837036,15923991,60
tobacco,equalize,894,1000,0.001071929931640625,63.78144955635071,0.0637814495563507,16938337,60
tobacco,equalize,895,1000,0.0014812946319580078,61.643310546875,0.061643310546875,15972497,60
tobacco,equalize,896,1000,0.001062631607055664,62.96919059753418,0.06296919059753418,16597353,60
tobacco,equalize,897,1000,0.001173257827758789,63.520530700683594,0.0635205307006836,16637634,60
tobacco,equalize,898,1000,0.001470804214477539,66.38669443130493,0.06638669443130493,16953377,60
tobacco,equalize,899,1000,0.0011014938354492188,63.345860958099365,0.06334586095809937,17101088,60
tobacco,equalize,900,1000,0.0010101795196533203,59.57291126251221,0.059572911262512206,16038824,60
tobacco,equalize,901,1000,0.0014412403106689453,68.48294425010681,0.06848294425010681,17510812,60
tobacco,equalize,902,1000,0.0010442733764648438,62.1763961315155,0.0621763961315155,16881046,60
tobacco,equalize,903,1000,0.00110626220703125,62.503018379211426,0.06250301837921142,16816110,60
tobacco,equalize,904,1000,0.0013997554779052734,64.65507650375366,0.06465507650375366,17412117,60
tobacco,equalize,905,1000,0.0010552406311035156,63.92373704910278,0.06392373704910279,17302216,60
tobacco,equalize,906,1000,0.0010895729064941406,62.80280923843384,0.06280280923843384,16831226,60
tobacco,equalize,907,1000,0.0015246868133544922,62.746448278427124,0.06274644827842712,16492035,60
tobacco,equalize,908,1000,0.0010445117950439453,61.41799807548523,0.06141799807548523,16016151,60
tobacco,equalize,909,1000,0.0011112689971923828,62.17513966560364,0.06217513966560364,16105640,60
tobacco,equalize,910,1000,0.001390695571899414,67.5787284374237,0.06757872843742371,17621855,60
tobacco,equalize,911,1000,0.0011196136474609375,64.45053434371948,0.06445053434371949,17264280,60
tobacco,equalize,912,1000,0.0011093616485595703,64.25412082672119,0.06425412082672119,17246823,60
tobacco,equalize,913,1000,0.0015316009521484375,66.48307394981384,0.06648307394981384,17417038,60
tobacco,equalize,914,1000,0.0010752677917480469,62.20392465591431,0.06220392465591431,16743870,60
tobacco,equalize,915,1000,0.0011589527130126953,64.49481773376465,0.06449481773376464,17019597,60
tobacco,equalize,916,1000,0.0014107227325439453,63.334853172302246,0.06333485317230225,17293118,60
tobacco,equalize,917,1000,0.0010869503021240234,65.38157939910889,0.06538157939910888,17513992,60
tobacco,equalize,918,1000,0.0010898113250732422,59.11140775680542,0.05911140775680542,15493932,60
tobacco,equalize,919,1000,0.0016918182373046875,64.78569388389587,0.06478569388389588,17338246,60
tobacco,equalize,920,1000,0.001027822494506836,62.23285531997681,0.062232855319976806,16425274,60
tobacco,equalize,921,1000,0.0011014938354492188,65.6098256111145,0.0656098256111145,17749630,60
tobacco,equalize,922,1000,0.001384735107421875,61.849069595336914,0.06184906959533691,16363764,60
tobacco,equalize,923,1000,0.0011017322540283203,59.16510581970215,0.05916510581970215,15880933,60
tobacco,equalize,924,1000,0.001089334487915039,61.98465919494629,0.061984659194946286,16678114,60
tobacco,equalize,925,1000,0.0014715194702148438,65.11036229133606,0.06511036229133606,17127595,60
tobacco,equalize,926,1000,0.0011179447174072266,61.525651931762695,0.061525651931762695,16631899,60
tobacco,equalize,927,1000,0.001111745834350586,66.18278455734253,0.06618278455734253,17344298,60
tobacco,equalize,928,1000,0.00145721435546875,59.786461353302,0.059786461353302005,16260345,60
tobacco,equalize,929,1000,0.0010685920715332031,62.25804853439331,0.06225804853439331,16606868,60
tobacco,equalize,930,1000,0.0011026859283447266,61.79054093360901,0.06179054093360901,16438071,60
tobacco,equalize,931,1000,0.001407623291015625,60.52234125137329,0.06052234125137329,16128105,60
tobacco,equalize,932,1000,0.0010597705841064453,61.333301305770874,0.061333301305770874,16442632,60
tobacco,equalize,933,1000,0.0010991096496582031,64.38117098808289,0.06438117098808288,16887424,60
tobacco,equalize,934,1000,0.0014672279357910156,61.74706053733826,0.06174706053733826,16646403,60
tobacco,equalize,935,1000,0.0010571479797363281,60.44186997413635,0.06044186997413635,16134221,60
tobacco,equalize,936,1000,0.0011107921600341797,65.42480850219727,0.06542480850219727,16938943,60
tobacco,equalize,937,1000,0.0014216899871826172,64.36987733840942,0.06436987733840942,17145429,60
tobacco,equalize,938,1000,0.0010502338409423828,66.07283616065979,0.06607283616065979,17776428,60
tobacco,equalize,939,1000,0.0010933876037597656,63.572898626327515,0.06357289862632752,16937572,60
tobacco,equalize,940,1000,0.0015301704406738281,62.73013424873352,0.06273013424873353,16631813,60
tobacco,equalize,941,1000,0.0010502338409423828,59.97724175453186,0.05997724175453186,15646816,60
tobacco,equalize,942,1000,0.001073598861694336,61.48422694206238,0.061484226942062375,16297634,60
tobacco,equalize,943,1000,0.0014379024505615234,62.53121590614319,0.06253121590614319,16323019,60
tobacco,equalize,944,1000,0.0010952949523925781,62.60086965560913,0.06260086965560913,16262612,60
tobacco,equalize,945,1000,0.0011661052703857422,61.49421954154968,0.06149421954154968,15988481,60
tobacco,equalize,946,1000,0.001489400863647461,64.32840895652771,0.06432840895652771,16680447,60
tobacco,equalize,947,1000,0.0010421276092529297,63.39698100090027,0.06339698100090027,16690383,60
tobacco,equalize,948,1000,0.0010933876037597656,62.226266622543335,0.06222626662254333,16408962,60
tobacco,equalize,949,1000,0.0011916160583496094,64.13157296180725,0.06413157296180726,16951828,60
tobacco,equalize,950,1000,0.0011568069458007812,63.80996322631836,0.06380996322631836,17260697,60
tobacco,equalize,951,1000,0.001125335693359375,59.071781158447266,0.059071781158447266,16164620,60
tobacco,equalize,952,1000,0.0012028217315673828,59.92129588127136,0.05992129588127136,15983407,60
tobacco,equalize,953,1000,0.0011854171752929688,64.12172818183899,0.06412172818183899,17287844,60
tobacco,equalize,954,1000,0.0010752677917480469,68.58183264732361,0.0685818326473236,18288017,60
tobacco,equalize,955,1000,0.0012960433959960938,59.62841868400574,0.059628418684005736,15862778,60
tobacco,equalize,956,1000,0.0011386871337890625,66.71162629127502,0.06671162629127503,17820478,60
tobacco,equalize,957,1000,0.0010828971862792969,64.5207347869873,0.0645207347869873,16776788,60
tobacco,equalize,958,1000,0.001260519027709961,62.77435898780823,0.06277435898780823,16727622,60
tobacco,equalize,959,1000,0.0011806488037109375,65.00490808486938,0.06500490808486939,17328051,60
tobacco,equalize,960,1000,0.001074075698852539,64.09224581718445,0.06409224581718445,16775788,60
tobacco,equalize,961,1000,0.0012781620025634766,65.5484664440155,0.0655484664440155,17677838,60
tobacco,equalize,962,1000,0.0012040138244628906,64.42836952209473,0.06442836952209473,16974665,60
tobacco,equalize,963,1000,0.001089334487915039,65.08278226852417,0.06508278226852417,16995936,60
tobacco,equalize,964,1000,0.0012667179107666016,62.10368871688843,0.06210368871688843,16547880,60
tobacco,equalize,965,1000,0.0012407302856445312,60.10648322105408,0.06010648322105408,16003014,60
tobacco,equalize,966,1000,0.0010972023010253906,61.87230968475342,0.06187230968475342,16476538,60
tobacco,equalize,967,1000,0.0012683868408203125,63.4598491191864,0.0634598491191864,16604682,60
tobacco,equalize,968,1000,0.0012497901916503906,61.232017517089844,0.06123201751708984,16522558,60
tobacco,equalize,969,1000,0.0010631084442138672,67.0895848274231,0.0670895848274231,17562335,60
tobacco,equalize,970,1000,0.0012514591217041016,67.31646871566772,0.06731646871566772,17593967,60
tobacco,equalize,971,1000,0.0012085437774658203,59.56594753265381,0.05956594753265381,15805107,60
tobacco,equalize,972,1000,0.0010783672332763672,62.522459983825684,0.06252245998382569,16714449,60
tobacco,equalize,973,1000,0.0012631416320800781,62.36099195480347,0.06236099195480347,17012440,60
tobacco,equalize,974,1000,0.0012347698211669922,63.38016319274902,0.06338016319274903,16968704,60
tobacco,equalize,975,1000,0.001054525375366211,62.067357540130615,0.06206735754013062,16429207,60
tobacco,equalize,976,1000,0.0012469291687011719,58.62880563735962,0.05862880563735962,15391974,60
tobacco,equalize,977,1000,0.0011868476867675781,61.02818489074707,0.06102818489074707,15774605,60
tobacco,equalize,978,1000,0.001073598861694336,62.86856722831726,0.06286856722831725,16774469,60
tobacco,equalize,979,1000,0.0012843608856201172,63.718544483184814,0.06371854448318481,16513830,60
tobacco,equalize,980,1000,0.0011761188507080078,63.637919664382935,0.06363791966438294,16726891,60
tobacco,equalize,981,1000,0.001093149185180664,61.37090539932251,0.06137090539932251,16576933,60
tobacco,equalize,982,1000,0.0012922286987304688,62.78551363945007,0.06278551363945008,16567144,60
tobacco,equalize,983,1000,0.0011169910430908203,61.55978775024414,0.06155978775024414,16630190,60
tobacco,equalize,984,1000,0.0010633468627929688,65.38163185119629,0.06538163185119629,17405009,60
tobacco,equalize,985,1000,0.001302480697631836,65.42956757545471,0.0654295675754547,17445928,60
tobacco,equalize,986,1000,0.001074075698852539,61.08038067817688,0.06108038067817688,16579579,60
tobacco,equalize,987,1000,0.0010862350463867188,63.739304065704346,0.06373930406570434,16523583,60
tobacco,equalize,988,1000,0.0013077259063720703,61.587355852127075,0.061587355852127074,16667487,60
tobacco,equalize,989,1000,0.001079559326171875,60.11509394645691,0.06011509394645691,15683863,60
tobacco,equalize,990,1000,0.0010592937469482422,60.50101923942566,0.060501019239425656,15953748,60
tobacco,equalize,991,1000,0.001331329345703125,61.42070436477661,0.06142070436477661,16076120,60
tobacco,equalize,992,1000,0.0010974407196044922,59.49920606613159,0.05949920606613159,15709875,60
tobacco,equalize,993,1000,0.001058816909790039,61.85005164146423,0.06185005164146423,16556163,60
tobacco,equalize,994,1000,0.0012726783752441406,63.54681730270386,0.06354681730270385,17172591,60
tobacco,equalize,995,1000,0.0011525154113769531,63.21649408340454,0.06321649408340455,16399969,60
tobacco,equalize,996,1000,0.0010731220245361328,61.74506974220276,0.06174506974220276,16477287,60
tobacco,equalize,997,1000,0.0013420581817626953,61.022422313690186,0.061022422313690185,16243206,60
tobacco,equalize,998,1000,0.00109100341796875,61.6933171749115,0.0616933171749115,16719354,60
tobacco,equalize,999,1000,0.0010769367218017578,62.49444556236267,0.06249444556236267,16255012,60
ego,equalize,0,1000,0.0021843910217285156,96.70496463775635,0.09670496463775635,19946084,60
ego,equalize,1,1000,0.0019142627716064453,103.88893938064575,0.10388893938064575,20130606,60
ego,equalize,2,1000,0.0019307136535644531,97.02427744865417,0.09702427744865418,19958989,60
ego,equalize,3,1000,0.0022187232971191406,100.8508083820343,0.10085080838203431,21168174,60
ego,equalize,4,1000,0.0018742084503173828,93.2303535938263,0.0932303535938263,19657827,60
ego,equalize,5,1000,0.001971006393432617,102.00517010688782,0.10200517010688782,20992061,60
ego,equalize,6,1000,0.0023043155670166016,98.72210812568665,0.09872210812568664,19903600,60
ego,equalize,7,1000,0.002065420150756836,96.35616636276245,0.09635616636276245,19854226,60
ego,equalize,8,1000,0.001949310302734375,101.56214570999146,0.10156214570999146,20685104,60
ego,equalize,9,1000,0.002262592315673828,97.24738049507141,0.09724738049507141,20420315,60
ego,equalize,10,1000,0.0019412040710449219,97.09031295776367,0.09709031295776367,19653364,60
ego,equalize,11,1000,0.0019381046295166016,98.9572069644928,0.0989572069644928,19904883,60
ego,equalize,12,1000,0.002278566360473633,109.9448664188385,0.10994486641883851,20900095,60
ego,equalize,13,1000,0.0019252300262451172,95.97751069068909,0.09597751069068909,19867956,60
ego,equalize,14,1000,0.0019021034240722656,102.58687591552734,0.10258687591552734,19781063,60
ego,equalize,15,1000,0.0022258758544921875,98.83616542816162,0.09883616542816162,19928223,60
ego,equalize,16,1000,0.0019626617431640625,102.05188584327698,0.10205188584327697,20198708,60
ego,equalize,17,1000,0.001981019973754883,102.82529497146606,0.10282529497146606,20852937,60
ego,equalize,18,1000,0.002254962921142578,98.22241115570068,0.09822241115570068,18756067,60
ego,equalize,19,1000,0.0018491744995117188,99.27399969100952,0.09927399969100952,20114195,60
ego,equalize,20,1000,0.001943349838256836,101.08666157722473,0.10108666157722473,19917192,60
ego,equalize,21,1000,0.0024156570434570312,96.57715225219727,0.09657715225219726,20521249,60
ego,equalize,22,1000,0.0018439292907714844,99.52182984352112,0.09952182984352112,20298459,60
ego,equalize,23,1000,0.0019195079803466797,97.07418775558472,0.09707418775558471,18187545,60
ego,equalize,24,1000,0.0022742748260498047,92.04028844833374,0.09204028844833374,19512598,60
ego,equalize,25,1000,0.001840829849243164,100.84817624092102,0.10084817624092102,21004215,60
ego,equalize,26,1000,0.002004384994506836,96.13990426063538,0.09613990426063537,20227093,60
ego,equalize,27,1000,0.0022649765014648438,97.29515933990479,0.09729515933990479,20684758,60
ego,equalize,28,1000,0.0018663406372070312,98.49470472335815,0.09849470472335815,19980253,60
ego,equalize,29,1000,0.0019752979278564453,95.27913165092468,0.09527913165092468,19782888,60
ego,equalize,30,1000,0.0023365020751953125,98.31882190704346,0.09831882190704345,19890884,60
ego,equalize,31,1000,0.001931905746459961,98.61979627609253,0.09861979627609253,19995300,60
ego,equalize,32,1000,0.0020678043365478516,101.32866525650024,0.10132866525650025,20315279,60
ego,equalize,33,1000,0.002357959747314453,98.03013038635254,0.09803013038635254,20284381,60
ego,equalize,34,1000,0.0019385814666748047,100.83632183074951,0.10083632183074952,20401422,60
ego,equalize,35,1000,0.0018854141235351562,97.93683242797852,0.09793683242797852,19719123,60
ego,equalize,36,1000,0.002429962158203125,94.90266275405884,0.09490266275405884,19962525,60
ego,equalize,37,1000,0.001880645751953125,96.16419839859009,0.09616419839859008,20413445,60
ego,equalize,38,1000,0.002025127410888672,97.56372046470642,0.09756372046470642,19652480,60
ego,equalize,39,1000,0.0023055076599121094,93.5523693561554,0.0935523693561554,19237668,60
ego,equalize,40,1000,0.001811981201171875,100.58943963050842,0.10058943963050843,20452505,60
ego,equalize,41,1000,0.001844644546508789,100.80677556991577,0.10080677556991577,20866868,60
ego,equalize,42,1000,0.0025682449340820312,98.50025510787964,0.09850025510787964,20570928,60
ego,equalize,43,1000,0.0018627643585205078,95.03139972686768,0.09503139972686768,19502272,60
ego,equalize,44,1000,0.002003192901611328,101.31167101860046,0.10131167101860046,20725072,60
ego,equalize,45,1000,0.0025022029876708984,101.96938395500183,0.10196938395500182,20923623,60
ego,equalize,46,1000,0.0019588470458984375,101.5120222568512,0.1015120222568512,19910865,60
ego,equalize,47,1000,0.0019466876983642578,108.58623170852661,0.10858623170852662,20655360,60
ego,equalize,48,1000,0.0024237632751464844,96.04748845100403,0.09604748845100403,20453406,60
ego,equalize,49,1000,0.002073049545288086,97.73179197311401,0.09773179197311402,20329362,60
ego,equalize,50,1000,0.0019991397857666016,104.5459508895874,0.1045459508895874,21144075,60
ego,equalize,51,1000,0.002453327178955078,103.0362160205841,0.1030362160205841,21374624,60
ego,equalize,52,1000,0.0018374919891357422,97.6980607509613,0.09769806075096131,20812056,60
ego,equalize,53,1000,0.0020034313201904297,99.27311444282532,0.09927311444282531,20695654,60
ego,equalize,54,1000,0.0024459362030029297,102.5377106666565,0.1025377106666565,20210795,60
ego,equalize,55,1000,0.0017762184143066406,94.84825134277344,0.09484825134277344,19764089,60
ego,equalize,56,1000,0.002079486846923828,104.28411197662354,0.10428411197662353,21078262,60
ego,equalize,57,1000,0.00237274169921875,102.6836347579956,0.1026836347579956,20447183,60
ego,equalize,58,1000,0.0017468929290771484,103.62841725349426,0.10362841725349427,20820289,60
ego,equalize,59,1000,0.0019505023956298828,96.55545592308044,0.09655545592308044,20282394,60
ego,equalize,60,1000,0.002485990524291992,98.35640358924866,0.09835640358924866,19643005,60
ego,equalize,61,1000,0.0017437934875488281,106.48948693275452,0.10648948693275452,21142494,60
ego,equalize,62,1000,0.002010822296142578,94.87009763717651,0.09487009763717652,20047516,60
ego,equalize,63,1000,0.0024900436401367188,98.73853588104248,0.09873853588104248,20636199,60
ego,equalize,64,1000,0.001833200454711914,99.64520168304443,0.09964520168304443,19259484,60
ego,equalize,65,1000,0.0019457340240478516,96.37329459190369,0.09637329459190369,19946915,60
ego,equalize,66,1000,0.002436399459838867,100.69896340370178,0.10069896340370178,20703656,60
ego,equalize,67,1000,0.0018002986907958984,98.11414241790771,0.09811414241790771,18781889,60
ego,equalize,68,1000,0.0020821094512939453,96.52394104003906,0.09652394104003906,20234785,60
ego,equalize,69,1000,0.002406597137451172,92.70094037055969,0.09270094037055969,19446558,60
ego,equalize,70,1000,0.0018095970153808594,107.23358726501465,0.10723358726501465,21268824,60
ego,equalize,71,1000,0.001997232437133789,99.78538680076599,0.09978538680076598,19542884,60
ego,equalize,72,1000,0.0024013519287109375,100.48217105865479,0.10048217105865478,19785390,60
ego,equalize,73,1000,0.0018074512481689453,97.47751450538635,0.09747751450538636,20367266,60
ego,equalize,74,1000,0.0019805431365966797,98.52167344093323,0.09852167344093322,20817183,60
ego,equalize,75,1000,0.0023407936096191406,99.73025727272034,0.09973025727272034,19971569,60
ego,equalize,76,1000,0.0017120838165283203,96.48869943618774,0.09648869943618775,20309410,60
ego,equalize,77,1000,0.001975536346435547,98.04260039329529,0.09804260039329529,19849277,60
ego,equalize,78,1000,0.0025093555450439453,104.8297324180603,0.1048297324180603,20744276,60
ego,equalize,79,1000,0.00177001953125,99.92670798301697,0.09992670798301696,20330192,60
ego,equalize,80,1000,0.0019683837890625,100.4891746044159,0.10048917460441589,20754601,60
ego,equalize,81,1000,0.0024619102478027344,106.89147567749023,0.10689147567749023,20656212,60
ego,equalize,82,1000,0.0018036365509033203,98.45984292030334,0.09845984292030334,20304054,60
ego,equalize,83,1000,0.001943826675415039,106.64614057540894,0.10664614057540893,20705992,60
ego,equalize,84,1000,0.0024225711822509766,94.86540365219116,0.09486540365219116,19710874,60
ego,equalize,85,1000,0.0017385482788085938,104.99509358406067,0.10499509358406067,19565187,60
ego,equalize,86,1000,0.0020453929901123047,100.58830666542053,0.10058830666542053,20128336,60
ego,equalize,87,1000,0.0024657249450683594,101.03160381317139,0.10103160381317139,19937805,60
ego,equalize,88,1000,0.001783609390258789,93.39570713043213,0.09339570713043213,19264705,60
ego,equalize,89,1000,0.00200653076171875,107.87239933013916,0.10787239933013916,20864963,60
ego,equalize,90,1000,0.002695322036743164,103.19011497497559,0.10319011497497559,21081399,60
ego,equalize,91,1000,0.0017137527465820312,96.2678894996643,0.0962678894996643,19626928,60
ego,equalize,92,1000,0.0018780231475830078,101.35389757156372,0.10135389757156373,19135252,60
ego,equalize,93,1000,0.0024056434631347656,97.97773265838623,0.09797773265838623,19383840,60
ego,equalize,94,1000,0.0017828941345214844,99.46927452087402,0.09946927452087402,20559943,60
ego,equalize,95,1000,0.002027750015258789,100.63852453231812,0.10063852453231811,19739795,60
ego,equalize,96,1000,0.002460479736328125,99.53452348709106,0.09953452348709106,20226255,60
ego,equalize,97,1000,0.0017299652099609375,97.5219521522522,0.09752195215225219,19424791,60
ego,equalize,98,1000,0.0020017623901367188,100.01640939712524,0.10001640939712525,20417133,60
ego,equalize,99,1000,0.0024793148040771484,104.5889368057251,0.10458893680572509,20530772,60
ego,equalize,100,1000,0.0017197132110595703,98.1238386631012,0.09812383866310119,19527661,60
ego,equalize,101,1000,0.0019614696502685547,90.40410137176514,0.09040410137176513,18331403,60
ego,equalize,102,1000,0.002476930618286133,97.35563063621521,0.0973556306362152,20663065,60
ego,equalize,103,1000,0.0017867088317871094,93.11870765686035,0.09311870765686035,18999777,60
ego,equalize,104,1000,0.002023458480834961,103.98129415512085,0.10398129415512085,21654530,60
ego,equalize,105,1000,0.0025327205657958984,99.86202263832092,0.09986202263832092,21043240,60
ego,equalize,106,1000,0.0018210411071777344,102.07230591773987,0.10207230591773987,20994117,60
ego,equalize,107,1000,0.002019643783569336,93.08133625984192,0.09308133625984191,18309680,60
ego,equalize,108,1000,0.002572298049926758,96.53623414039612,0.09653623414039612,20077065,60
ego,equalize,109,1000,0.0017888545989990234,93.20052814483643,0.09320052814483643,19112018,60
ego,equalize,110,1000,0.0020782947540283203,96.08622884750366,0.09608622884750366,19916967,60
ego,equalize,111,1000,0.0024983882904052734,99.31286072731018,0.09931286072731019,20640695,60
ego,equalize,112,1000,0.0018105506896972656,95.7906391620636,0.0957906391620636,20048105,60
ego,equalize,113,1000,0.0020444393157958984,95.38071942329407,0.09538071942329407,19684386,60
ego,equalize,114,1000,0.0026040077209472656,107.14674830436707,0.10714674830436706,20104426,60
ego,equalize,115,1000,0.0017812252044677734,98.8394775390625,0.0988394775390625,20952127,60
ego,equalize,116,1000,0.002017974853515625,100.89464282989502,0.10089464282989502,20757377,60
ego,equalize,117,1000,0.0024857521057128906,99.52659225463867,0.09952659225463867,20218113,60
ego,equalize,118,1000,0.0018610954284667969,99.91448378562927,0.09991448378562927,20442596,60
ego,equalize,119,1000,0.0019659996032714844,104.4425220489502,0.1044425220489502,20851880,60
ego,equalize,120,1000,0.0027527809143066406,104.0730254650116,0.1040730254650116,20891855,60
ego,equalize,121,1000,0.0018346309661865234,102.41899371147156,0.10241899371147156,20458201,60
ego,equalize,122,1000,0.0020236968994140625,98.764488697052,0.098764488697052,19890488,60
ego,equalize,123,1000,0.0025353431701660156,101.0455904006958,0.1010455904006958,20812590,60
ego,equalize,124,1000,0.0017743110656738281,94.16226363182068,0.09416226363182068,19670648,60
ego,equalize,125,1000,0.0018315315246582031,99.27947521209717,0.09927947521209717,20472980,60
ego,equalize,126,1000,0.002262592315673828,109.61409282684326,0.10961409282684326,20742351,60
ego,equalize,127,1000,0.002286195755004883,105.33710026741028,0.10533710026741028,19945836,60
ego,equalize,128,1000,0.0020117759704589844,96.63504815101624,0.09663504815101623,19509229,60
ego,equalize,129,1000,0.002220630645751953,103.70887470245361,0.10370887470245362,20919005,60
ego,equalize,130,1000,0.002172708511352539,99.90177965164185,0.09990177965164185,19979052,60
ego,equalize,131,1000,0.001966238021850586,99.57180523872375,0.09957180523872375,20256563,60
ego,equalize,132,1000,0.002263784408569336,100.62141990661621,0.10062141990661622,19831408,60
ego,equalize,133,1000,0.002100229263305664,93.95363473892212,0.09395363473892213,18749027,60
ego,equalize,134,1000,0.0019197463989257812,97.22282195091248,0.09722282195091247,20822596,60
ego,equalize,135,1000,0.0022780895233154297,97.9525957107544,0.09795259571075439,20644917,60
ego,equalize,136,1000,0.0021448135375976562,101.559818983078,0.101559818983078,20677936,60
ego,equalize,137,1000,0.0020744800567626953,97.66817903518677,0.09766817903518676,19293761,60
ego,equalize,138,1000,0.002266407012939453,92.12215852737427,0.09212215852737426,18700515,60
ego,equalize,139,1000,0.002123594284057617,101.15083456039429,0.10115083456039428,20787393,60
ego,equalize,140,1000,0.0019538402557373047,107.44541144371033,0.10744541144371032,20793368,60
ego,equalize,141,1000,0.002221345901489258,93.54909682273865,0.09354909682273865,18886898,60
ego,equalize,142,1000,0.002068042755126953,102.70443224906921,0.10270443224906921,21085737,60
ego,equalize,143,1000,0.0020263195037841797,99.68279838562012,0.09968279838562012,20681946,60
ego,equalize,144,1000,0.0022742748260498047,100.82121109962463,0.10082121109962464,20737452,60
ego,equalize,145,1000,0.0020384788513183594,104.31204581260681,0.10431204581260681,19682294,60
ego,equalize,146,1000,0.0019757747650146484,101.79758310317993,0.10179758310317993,20501608,60
ego,equalize,147,1000,0.0022957324981689453,100.84947681427002,0.10084947681427002,19152523,60
ego,equalize,148,1000,0.002057313919067383,103.74301528930664,0.10374301528930664,20901385,60
ego,equalize,149,1000,0.0020363330841064453,97.60437655448914,0.09760437655448914,19977195,60
ego,equalize,150,1000,0.0023446083068847656,103.92878580093384,0.10392878580093384,20507387,60
ego,equalize,151,1000,0.0019571781158447266,94.96402478218079,0.09496402478218079,19836963,60
ego,equalize,152,1000,0.0019407272338867188,95.98621249198914,0.09598621249198913,20044440,60
ego,equalize,153,1000,0.002408742904663086,99.52293586730957,0.09952293586730956,19865806,60
ego,equalize,154,1000,0.0019092559814453125,95.39469408988953,0.09539469408988953,19665612,60
ego,equalize,155,1000,0.0019030570983886719,97.56035017967224,0.09756035017967224,20225438,60
ego,equalize,156,1000,0.002280712127685547,99.81595158576965,0.09981595158576965,20359386,60
ego,equalize,157,1000,0.0020356178283691406,102.37418985366821,0.10237418985366821,20620251,60
ego,equalize,158,1000,0.0019257068634033203,100.3007071018219,0.1003007071018219,20373870,60
ego,equalize,159,1000,0.0022542476654052734,100.46651315689087,0.10046651315689087,19995659,60
ego,equalize,160,1000,0.0019130706787109375,101.18370962142944,0.10118370962142945,19893883,60
ego,equalize,161,1000,0.001955270767211914,102.81093764305115,0.10281093764305115,21030389,60
ego,equalize,162,1000,0.002344846725463867,99.47046327590942,0.09947046327590943,20022941,60
ego,equalize,163,1000,0.0018796920776367188,99.17142629623413,0.09917142629623413,20606853,60
ego,equalize,164,1000,0.0019066333770751953,93.37461972236633,0.09337461972236634,19121765,60
ego,equalize,165,1000,0.002262592315673828,99.68930912017822,0.09968930912017822,20441584,60
ego,equalize,166,1000,0.0018970966339111328,103.9256181716919,0.1039256181716919,20577442,60
ego,equalize,167,1000,0.0019297599792480469,97.99207353591919,0.09799207353591918,19688880,60
ego,equalize,168,1000,0.002306222915649414,93.71569228172302,0.09371569228172302,19243583,60
ego,equalize,169,1000,0.001941680908203125,94.28648328781128,0.09428648328781128,19779082,60
ego,equalize,170,1000,0.001983642578125,106.68213701248169,0.10668213701248169,20513482,60
ego,equalize,171,1000,0.002299070358276367,97.31271457672119,0.0973127145767212,19292625,60
ego,equalize,172,1000,0.0018925666809082031,102.22429847717285,0.10222429847717285,20065296,60
ego,equalize,173,1000,0.0019249916076660156,93.39941620826721,0.09339941620826721,18683337,60
ego,equalize,174,1000,0.0024149417877197266,93.15007638931274,0.09315007638931275,19257118,60
ego,equalize,175,1000,0.0018622875213623047,98.25400185585022,0.09825400185585022,20964412,60
ego,equalize,176,1000,0.001984834671020508,96.51859426498413,0.09651859426498413,20268182,60
ego,equalize,177,1000,0.002440214157104492,101.32181811332703,0.10132181811332702,21040319,60
ego,equalize,178,1000,0.001920461654663086,103.86979627609253,0.10386979627609252,20752667,60
ego,equalize,179,1000,0.001962900161743164,93.59467458724976,0.09359467458724975,18694517,60
ego,equalize,180,1000,0.0023920536041259766,99.15556001663208,0.09915556001663207,20296243,60
ego,equalize,181,1000,0.001898050308227539,96.98110461235046,0.09698110461235046,19335540,60
ego,equalize,182,1000,0.0019526481628417969,105.32567310333252,0.10532567310333252,21227736,60
ego,equalize,183,1000,0.0023736953735351562,98.54656934738159,0.0985465693473816,21021314,60
ego,equalize,184,1000,0.0017931461334228516,90.14904761314392,0.09014904761314392,18831440,60
ego,equalize,185,1000,0.001920938491821289,93.26395511627197,0.09326395511627197,18725108,60
ego,equalize,186,1000,0.0023882389068603516,100.74690818786621,0.1007469081878662,20224684,60
ego,equalize,187,1000,0.001886606216430664,103.91264033317566,0.10391264033317565,20331887,60
ego,equalize,188,1000,0.0019249916076660156,97.4240071773529,0.0974240071773529,20035639,60
ego,equalize,189,1000,0.0024023056030273438,100.8833532333374,0.1008833532333374,20648462,60
ego,equalize,190,1000,0.001953601837158203,99.31397724151611,0.09931397724151611,20995036,60
ego,equalize,191,1000,0.0019147396087646484,100.09642744064331,0.10009642744064332,19869532,60
ego,equalize,192,1000,0.002432584762573242,98.34114146232605,0.09834114146232605,20754478,60
ego,equalize,193,1000,0.0018887519836425781,101.34621119499207,0.10134621119499207,21042264,60
ego,equalize,194,1000,0.002001523971557617,96.68033385276794,0.09668033385276795,19964685,60
ego,equalize,195,1000,0.002351522445678711,108.39197206497192,0.10839197206497192,20895256,60
ego,equalize,196,1000,0.0018992424011230469,97.55341958999634,0.09755341958999633,19053484,60
ego,equalize,197,1000,0.0021352767944335938,96.27282500267029,0.09627282500267029,19947490,60
ego,equalize,198,1000,0.002444744110107422,98.71522951126099,0.09871522951126098,19604309,60
ego,equalize,199,1000,0.0018520355224609375,101.48332810401917,0.10148332810401917,20477792,60
ego,equalize,200,1000,0.0018880367279052734,96.3235821723938,0.0963235821723938,19226517,60
ego,equalize,201,1000,0.0024199485778808594,95.62747168540955,0.09562747168540954,19841098,60
ego,equalize,202,1000,0.001821756362915039,101.67717242240906,0.10167717242240906,20242005,60
ego,equalize,203,1000,0.002042055130004883,97.82415533065796,0.09782415533065796,20213495,60
ego,equalize,204,1000,0.002396106719970703,95.71230220794678,0.09571230220794678,19834779,60
ego,equalize,205,1000,0.0019268989562988281,102.06870794296265,0.10206870794296265,21226584,60
ego,equalize,206,1000,0.0019559860229492188,100.15035605430603,0.10015035605430603,20650809,60
ego,equalize,207,1000,0.002409696578979492,99.89409685134888,0.09989409685134888,20451341,60
ego,equalize,208,1000,0.0019125938415527344,106.87688064575195,0.10687688064575196,20654837,60
ego,equalize,209,1000,0.0021822452545166016,104.26625871658325,0.10426625871658325,20584156,60
ego,equalize,210,1000,0.0025315284729003906,98.39770340919495,0.09839770340919494,20556151,60
ego,equalize,211,1000,0.001870870590209961,97.81259322166443,0.09781259322166443,19117501,60
ego,equalize,212,1000,0.0020008087158203125,96.52057528495789,0.09652057528495789,20310321,60
ego,equalize,213,1000,0.0024597644805908203,99.06574988365173,0.09906574988365173,19206225,60
ego,equalize,214,1000,0.0017647743225097656,99.2130856513977,0.0992130856513977,20982780,60
ego,equalize,215,1000,0.00196075439453125,100.39970803260803,0.10039970803260803,20029012,60
ego,equalize,216,1000,0.002463102340698242,97.05317735671997,0.09705317735671998,20126982,60
ego,equalize,217,1000,0.0016939640045166016,100.99422955513,0.10099422955513,20473137,60
ego,equalize,218,1000,0.002060413360595703,101.12111377716064,0.10112111377716064,20491642,60
ego,equalize,219,1000,0.002481222152709961,94.11845374107361,0.09411845374107361,19757779,60
ego,equalize,220,1000,0.0017688274383544922,101.30369472503662,0.10130369472503663,20266384,60
ego,equalize,221,1000,0.0019752979278564453,97.336758852005,0.097336758852005,19979355,60
ego,equalize,222,1000,0.0025568008422851562,97.74230861663818,0.09774230861663818,20070890,60
ego,equalize,223,1000,0.0017549991607666016,109.78378653526306,0.10978378653526306,20654238,60
ego,equalize,224,1000,0.0019350051879882812,95.64205479621887,0.09564205479621887,19721967,60
ego,equalize,225,1000,0.0024449825286865234,97.88917994499207,0.09788917994499206,20492051,60
ego,equalize,226,1000,0.0017256736755371094,105.29626417160034,0.10529626417160035,19457077,60
ego,equalize,227,1000,0.0019958019256591797,104.42185926437378,0.10442185926437378,19907306,60
ego,equalize,228,1000,0.0025153160095214844,100.87888026237488,0.10087888026237488,20689291,60
ego,equalize,229,1000,0.0017926692962646484,104.0202784538269,0.1040202784538269,20519861,60
ego,equalize,230,1000,0.0020062923431396484,100.61120271682739,0.10061120271682739,19997069,60
ego,equalize,231,1000,0.002488851547241211,96.41702604293823,0.09641702604293824,19028489,60
ego,equalize,232,1000,0.001764059066772461,95.53594422340393,0.09553594422340393,19573154,60
ego,equalize,233,1000,0.0020346641540527344,100.47486281394958,0.10047486281394959,20895415,60
ego,equalize,234,1000,0.0025277137756347656,94.42465949058533,0.09442465949058533,19174104,60
ego,equalize,235,1000,0.0017466545104980469,99.14624404907227,0.09914624404907227,20115425,60
ego,equalize,236,1000,0.0019364356994628906,98.22123146057129,0.0982212314605713,20004111,60
ego,equalize,237,1000,0.0024819374084472656,95.5238766670227,0.09552387666702271,20208088,60
ego,equalize,238,1000,0.0017256736755371094,95.01346063613892,0.09501346063613891,19903362,60
ego,equalize,239,1000,0.0020453929901123047,106.67451643943787,0.10667451643943787,20868807,60
ego,equalize,240,1000,0.0025055408477783203,95.94396090507507,0.09594396090507508,19133021,60
ego,equalize,241,1000,0.001737833023071289,104.37667083740234,0.10437667083740235,20400809,60
ego,equalize,242,1000,0.002346038818359375,100.52251148223877,0.10052251148223877,20732069,60
ego,equalize,243,1000,0.0025284290313720703,99.40305352210999,0.09940305352210999,20952980,60
ego,equalize,244,1000,0.0017197132110595703,101.70454597473145,0.10170454597473144,20617552,60
ego,equalize,245,1000,0.0019915103912353516,96.84757804870605,0.09684757804870606,20126721,60
ego,equalize,246,1000,0.00257110595703125,93.89537119865417,0.09389537119865418,18427100,60
ego,equalize,247,1000,0.0017354488372802734,94.47766780853271,0.09447766780853271,19392855,60
ego,equalize,248,1000,0.002070903778076172,99.24566674232483,0.09924566674232482,20170809,60
ego,equalize,249,1000,0.0025167465209960938,104.00999164581299,0.10400999164581298,19288106,60
ego,equalize,250,1000,0.0017473697662353516,101.74963998794556,0.10174963998794556,20501834,60
ego,equalize,251,1000,0.0020074844360351562,96.40231561660767,0.09640231561660767,19619536,60
ego,equalize,252,1000,0.0025658607482910156,102.14733171463013,0.10214733171463013,21293965,60
ego,equalize,253,1000,0.0017480850219726562,98.89413475990295,0.09889413475990295,20272109,60
ego,equalize,254,1000,0.001988649368286133,102.39160394668579,0.1023916039466858,20728275,60
ego,equalize,255,1000,0.002541780471801758,101.32758069038391,0.10132758069038392,19810687,60
ego,equalize,256,1000,0.0017468929290771484,95.84419393539429,0.09584419393539428,19338807,60
ego,equalize,257,1000,0.0020284652709960938,98.98038697242737,0.09898038697242736,20630449,60
ego,equalize,258,1000,0.00255584716796875,96.77029824256897,0.09677029824256897,18985397,60
ego,equalize,259,1000,0.0018041133880615234,97.43783783912659,0.09743783783912659,20434303,60
ego,equalize,260,1000,0.002015352249145508,97.66793441772461,0.0976679344177246,20515692,60
ego,equalize,261,1000,0.0025475025177001953,101.48596000671387,0.10148596000671387,20356251,60
ego,equalize,262,1000,0.0017368793487548828,100.00216150283813,0.10000216150283814,20579648,60
ego,equalize,263,1000,0.0020148754119873047,97.92542219161987,0.09792542219161987,20689025,60
ego,equalize,264,1000,0.00254058837890625,93.33996820449829,0.09333996820449829,18972004,60
ego,equalize,265,1000,0.0017826557159423828,97.9176185131073,0.0979176185131073,20869809,60
ego,equalize,266,1000,0.0020608901977539062,101.56693434715271,0.10156693434715271,19958236,60
ego,equalize,267,1000,0.0025784969329833984,98.4028832912445,0.09840288329124451,19613266,60
ego,equalize,268,1000,0.0017523765563964844,97.44301867485046,0.09744301867485046,19607121,60
ego,equalize,269,1000,0.0019888877868652344,99.27102279663086,0.09927102279663086,19693397,60
ego,equalize,270,1000,0.0026149749755859375,99.14894652366638,0.09914894652366638,20518581,60
ego,equalize,271,1000,0.0017385482788085938,100.9354248046875,0.1009354248046875,20652762,60
ego,equalize,272,1000,0.0020318031311035156,97.99224019050598,0.09799224019050598,20534711,60
ego,equalize,273,1000,0.0024123191833496094,100.53999733924866,0.10053999733924866,21181770,60
ego,equalize,274,1000,0.001756906509399414,100.47586560249329,0.10047586560249329,20516323,60
ego,equalize,275,1000,0.002012014389038086,97.01923608779907,0.09701923608779907,19900694,60
ego,equalize,276,1000,0.0026848316192626953,96.10042905807495,0.09610042905807495,20216411,60
ego,equalize,277,1000,0.0017442703247070312,98.81101775169373,0.09881101775169372,20512753,60
ego,equalize,278,1000,0.00203704833984375,99.26800680160522,0.09926800680160522,20154181,60
ego,equalize,279,1000,0.002519369125366211,98.69903302192688,0.09869903302192688,20688686,60
ego,equalize,280,1000,0.001753091812133789,97.82177090644836,0.09782177090644836,19854607,60
ego,equalize,281,1000,0.0019767284393310547,94.51689600944519,0.09451689600944518,19101890,60
ego,equalize,282,1000,0.0026865005493164062,93.05149412155151,0.09305149412155152,19419716,60
ego,equalize,283,1000,0.0018045902252197266,101.43167185783386,0.10143167185783386,20883722,60
ego,equalize,284,1000,0.002011537551879883,90.12913393974304,0.09012913393974305,18788631,60
ego,equalize,285,1000,0.002489805221557617,104.0301251411438,0.10403012514114379,21615018,60
ego,equalize,286,1000,0.0017707347869873047,96.97626781463623,0.09697626781463622,20080503,60
ego,equalize,287,1000,0.0019605159759521484,99.93889880180359,0.0999388988018036,20105194,60
ego,equalize,288,1000,0.0030934810638427734,98.26444172859192,0.09826444172859192,20491621,60
ego,equalize,289,1000,0.0017764568328857422,102.68415021896362,0.10268415021896363,20540722,60
ego,equalize,290,1000,0.002048015594482422,98.81531238555908,0.09881531238555909,19689736,60
ego,equalize,291,1000,0.002552509307861328,106.01464915275574,0.10601464915275574,19551081,60
ego,equalize,292,1000,0.0017099380493164062,94.61648416519165,0.09461648416519165,17663142,60
ego,equalize,293,1000,0.0020177364349365234,99.41355657577515,0.09941355657577515,20940862,60
ego,equalize,294,1000,0.002701997756958008,99.64964962005615,0.09964964962005615,19633820,60
ego,equalize,295,1000,0.0016930103302001953,99.0764377117157,0.0990764377117157,19686831,60
ego,equalize,296,1000,0.0017282962799072266,102.07814884185791,0.10207814884185791,20758960,60
ego,equalize,297,1000,0.002235889434814453,85.70584654808044,0.08570584654808044,17302280,60
ego,equalize,298,1000,0.002260923385620117,107.06565618515015,0.10706565618515014,20360862,60
ego,equalize,299,1000,0.0020906925201416016,93.55754518508911,0.09355754518508912,19107844,60
ego,equalize,300,1000,0.002264261245727539,94.77976727485657,0.09477976727485657,19766242,60
ego,equalize,301,1000,0.0022208690643310547,92.55845069885254,0.09255845069885255,18819869,60
ego,equalize,302,1000,0.002009153366088867,95.90734577178955,0.09590734577178955,19037652,60
ego,equalize,303,1000,0.0023005008697509766,97.98049640655518,0.09798049640655518,20211237,60
ego,equalize,304,1000,0.002125978469848633,101.53398489952087,0.10153398489952087,19337936,60
ego,equalize,305,1000,0.002027273178100586,99.4861352443695,0.0994861352443695,20074643,60
ego,equalize,306,1000,0.002277851104736328,102.3580231666565,0.1023580231666565,20249307,60
ego,equalize,307,1000,0.0021278858184814453,97.883371591568,0.097883371591568,19598206,60
ego,equalize,308,1000,0.001996755599975586,95.03988718986511,0.09503988718986511,19626691,60
ego,equalize,309,1000,0.002268552780151367,96.88980460166931,0.09688980460166931,19611793,60
ego,equalize,310,1000,0.0021147727966308594,95.69809436798096,0.09569809436798096,20271324,60
ego,equalize,311,1000,0.0019648075103759766,96.44418168067932,0.09644418168067932,20171357,60
ego,equalize,312,1000,0.002315998077392578,102.51349806785583,0.10251349806785584,20174909,60
ego,equalize,313,1000,0.0020923614501953125,96.3168272972107,0.0963168272972107,19945087,60
ego,equalize,314,1000,0.0019922256469726562,100.98222160339355,0.10098222160339355,20821639,60
ego,equalize,315,1000,0.002295255661010742,101.7192952632904,0.1017192952632904,20288394,60
ego,equalize,316,1000,0.0021123886108398438,96.60138988494873,0.09660138988494874,19534906,60
ego,equalize,317,1000,0.0019538402557373047,101.63844156265259,0.10163844156265259,20575344,60
ego,equalize,318,1000,0.0024025440216064453,97.99012637138367,0.09799012637138367,19945982,60
ego,equalize,319,1000,0.0020661354064941406,102.99954080581665,0.10299954080581665,20738985,60
ego,equalize,320,1000,0.0019674301147460938,102.1103765964508,0.10211037659645081,19712335,60
ego,equalize,321,1000,0.0023322105407714844,94.82845044136047,0.09482845044136047,19074430,60
ego,equalize,322,1000,0.0020339488983154297,103.21647644042969,0.1032164764404297,20567750,60
ego,equalize,323,1000,0.0018954277038574219,92.93614482879639,0.09293614482879639,18996096,60
ego,equalize,324,1000,0.002295970916748047,93.16048502922058,0.09316048502922059,19478818,60
ego,equalize,325,1000,0.0019521713256835938,87.32588982582092,0.08732588982582093,17956818,60
ego,equalize,326,1000,0.0019419193267822266,96.4267463684082,0.0964267463684082,19642073,60
ego,equalize,327,1000,0.00222015380859375,102.15275144577026,0.10215275144577027,20273234,60
ego,equalize,328,1000,0.001901865005493164,99.03853130340576,0.09903853130340576,20298129,60
ego,equalize,329,1000,0.001901388168334961,100.62390685081482,0.10062390685081482,20643034,60
ego,equalize,330,1000,0.0022673606872558594,96.79036045074463,0.09679036045074463,19484554,60
ego,equalize,331,1000,0.0018863677978515625,99.15432715415955,0.09915432715415955,19962155,60
ego,equalize,332,1000,0.0019457340240478516,97.82465839385986,0.09782465839385987,20291646,60
ego,equalize,333,1000,0.002293825149536133,99.34914922714233,0.09934914922714233,20712585,60
ego,equalize,334,1000,0.0019576549530029297,93.66492557525635,0.09366492557525635,18735938,60
ego,equalize,335,1000,0.0018880367279052734,95.47120356559753,0.09547120356559753,20208374,60
ego,equalize,336,1000,0.0022280216217041016,95.25480532646179,0.09525480532646179,19466600,60
ego,equalize,337,1000,0.001913309097290039,101.96964883804321,0.10196964883804321,20026654,60
ego,equalize,338,1000,0.0019826889038085938,97.85330772399902,0.09785330772399903,20755139,60
ego,equalize,339,1000,0.0023250579833984375,100.51112270355225,0.10051112270355225,20463100,60
ego,equalize,340,1000,0.0019893646240234375,96.2983078956604,0.0962983078956604,20229562,60
ego,equalize,341,1000,0.001882314682006836,98.90424251556396,0.09890424251556397,20055495,60
ego,equalize,342,1000,0.0023469924926757812,96.76557326316833,0.09676557326316834,20055493,60
ego,equalize,343,1000,0.0019330978393554688,100.38087606430054,0.10038087606430053,20212910,60
ego,equalize,344,1000,0.001951456069946289,102.4218373298645,0.1024218373298645,20639621,60
ego,equalize,345,1000,0.0022919178009033203,108.13260626792908,0.10813260626792907,20238464,60
ego,equalize,346,1000,0.0018949508666992188,99.45308542251587,0.09945308542251587,20087834,60
ego,equalize,347,1000,0.001932382583618164,95.13283658027649,0.09513283658027649,19941232,60
ego,equalize,348,1000,0.0022356510162353516,102.42439579963684,0.10242439579963684,20096038,60
ego,equalize,349,1000,0.0018749237060546875,99.42880940437317,0.09942880940437317,19685424,60
ego,equalize,350,1000,0.0019578933715820312,98.40685820579529,0.09840685820579528,20029888,60
ego,equalize,351,1000,0.0022878646850585938,99.54891991615295,0.09954891991615296,20238544,60
ego,equalize,352,1000,0.0019028186798095703,100.70139765739441,0.10070139765739441,21009088,60
ego,equalize,353,1000,0.001981973648071289,99.64804291725159,0.09964804291725159,19372807,60
ego,equalize,354,1000,0.002343416213989258,99.2827525138855,0.09928275251388549,21024347,60
ego,equalize,355,1000,0.0018961429595947266,101.35713243484497,0.10135713243484497,19875814,60
ego,equalize,356,1000,0.001984834671020508,100.92855477333069,0.1009285547733307,20350962,60
ego,equalize,357,1000,0.0023050308227539062,98.5320725440979,0.0985320725440979,19426234,60
ego,equalize,358,1000,0.0019345283508300781,104.09959888458252,0.10409959888458252,21078872,60
ego,equalize,359,1000,0.0019893646240234375,94.23575639724731,0.09423575639724731,18984740,60
ego,equalize,360,1000,0.002324342727661133,92.10882496833801,0.09210882496833801,18773856,60
ego,equalize,361,1000,0.0018641948699951172,102.58042049407959,0.10258042049407959,20270079,60
ego,equalize,362,1000,0.0020172595977783203,102.62225365638733,0.10262225365638733,20697594,60
ego,equalize,363,1000,0.002330303192138672,96.2158191204071,0.09621581912040711,20571624,60
ego,equalize,364,1000,0.0019519329071044922,101.28178811073303,0.10128178811073303,20185188,60
ego,equalize,365,1000,0.0019428730010986328,99.352294921875,0.099352294921875,19488183,60
ego,equalize,366,1000,0.0023393630981445312,100.64328646659851,0.10064328646659851,20011007,60
ego,equalize,367,1000,0.0019185543060302734,95.1789665222168,0.0951789665222168,19608257,60
ego,equalize,368,1000,0.00197601318359375,102.7310996055603,0.1027310996055603,20958479,60
ego,equalize,369,1000,0.00238037109375,99.12805414199829,0.0991280541419983,19819726,60
ego,equalize,370,1000,0.001996755599975586,98.01816940307617,0.09801816940307617,20007469,60
ego,equalize,371,1000,0.0020046234130859375,106.36417579650879,0.1063641757965088,20756398,60
ego,equalize,372,1000,0.0023813247680664062,96.39751100540161,0.09639751100540161,20219571,60
ego,equalize,373,1000,0.0018875598907470703,103.34177613258362,0.10334177613258362,20779836,60
ego,equalize,374,1000,0.0018892288208007812,103.09301018714905,0.10309301018714905,20417304,60
ego,equalize,375,1000,0.002349853515625,99.87503123283386,0.09987503123283387,19448457,60
ego,equalize,376,1000,0.0018310546875,95.92574977874756,0.09592574977874756,19349932,60
ego,equalize,377,1000,0.0019817352294921875,100.98020887374878,0.10098020887374878,18943359,60
ego,equalize,378,1000,0.0024213790893554688,95.87073945999146,0.09587073945999146,18804309,60
ego,equalize,379,1000,0.0019314289093017578,94.73873686790466,0.09473873686790467,19085050,60
ego,equalize,380,1000,0.001995086669921875,102.28174495697021,0.10228174495697022,20060672,60
ego,equalize,381,1000,0.0023193359375,95.26734447479248,0.09526734447479249,19444444,60
ego,equalize,382,1000,0.0019741058349609375,100.63612651824951,0.1006361265182495,20368778,60
ego,equalize,383,1000,0.001997709274291992,100.66623735427856,0.10066623735427857,19600641,60
ego,equalize,384,1000,0.002396106719970703,93.92223954200745,0.09392223954200744,19696300,60
ego,equalize,385,1000,0.0018410682678222656,95.58257222175598,0.09558257222175598,19413887,60
ego,equalize,386,1000,0.0019466876983642578,100.06516718864441,0.10006516718864442,20339542,60
ego,equalize,387,1000,0.0024607181549072266,98.5080668926239,0.0985080668926239,19567521,60
ego,equalize,388,1000,0.0019085407257080078,98.13340497016907,0.09813340497016906,19855242,60
ego,equalize,389,1000,0.0019500255584716797,100.0682303905487,0.10006823039054871,20614446,60
ego,equalize,390,1000,0.0023670196533203125,98.51095962524414,0.09851095962524414,19771217,60
ego,equalize,391,1000,0.00196075439453125,92.66411685943604,0.09266411685943604,18298051,60
ego,equalize,392,1000,0.001953125,102.38801169395447,0.10238801169395446,20658669,60
ego,equalize,393,1000,0.0024650096893310547,90.9882116317749,0.0909882116317749,19036070,60
ego,equalize,394,1000,0.0019047260284423828,100.58499431610107,0.10058499431610107,20835537,60
ego,equalize,395,1000,0.0019588470458984375,97.58676052093506,0.09758676052093505,19219098,60
ego,equalize,396,1000,0.002423524856567383,98.89465546607971,0.09889465546607971,20157379,60
ego,equalize,397,1000,0.0017445087432861328,106.25348997116089,0.1062534899711609,20754181,60
ego,equalize,398,1000,0.0020003318786621094,102.59024691581726,0.10259024691581727,20645842,60
ego,equalize,399,1000,0.0025429725646972656,101.6661388874054,0.1016661388874054,20651186,60
ego,equalize,400,1000,0.0018229484558105469,98.54746627807617,0.09854746627807617,19839099,60
ego,equalize,401,1000,0.0021314620971679688,97.85616040229797,0.09785616040229797,19335264,60
ego,equalize,402,1000,0.002466917037963867,101.0943021774292,0.1010943021774292,17806181,60
ego,equalize,403,1000,0.0017843246459960938,95.25781202316284,0.09525781202316284,20107756,60
ego,equalize,404,1000,0.0019168853759765625,95.4884991645813,0.0954884991645813,19807042,60
ego,equalize,405,1000,0.0024743080139160156,100.6518223285675,0.10065182232856751,19155187,60
ego,equalize,406,1000,0.0018017292022705078,99.68778586387634,0.09968778586387635,20619918,60
ego,equalize,407,1000,0.0020210742950439453,95.81119966506958,0.09581119966506958,19346531,60
ego,equalize,408,1000,0.0023956298828125,98.42789936065674,0.09842789936065674,20277860,60
ego,equalize,409,1000,0.0018031597137451172,109.96816539764404,0.10996816539764405,21171549,60
ego,equalize,410,1000,0.0020046234130859375,94.78537034988403,0.09478537034988403,19248857,60
ego,equalize,411,1000,0.0026063919067382812,98.35931730270386,0.09835931730270386,18889893,60
ego,equalize,412,1000,0.0018613338470458984,97.9587721824646,0.0979587721824646,20311843,60
ego,equalize,413,1000,0.0019927024841308594,98.84164023399353,0.09884164023399353,19731134,60
ego,equalize,414,1000,0.002375364303588867,102.87536954879761,0.10287536954879761,21356454,60
ego,equalize,415,1000,0.0017745494842529297,96.25475096702576,0.09625475096702575,20184027,60
ego,equalize,416,1000,0.0019800662994384766,103.38248181343079,0.10338248181343078,20817254,60
ego,equalize,417,1000,0.0025925636291503906,99.922123670578,0.099922123670578,19971912,60
ego,equalize,418,1000,0.0018677711486816406,95.76189851760864,0.09576189851760865,19765361,60
ego,equalize,419,1000,0.0020351409912109375,96.83753037452698,0.09683753037452698,20673628,60
ego,equalize,420,1000,0.002463817596435547,97.3984022140503,0.09739840221405029,20295713,60
ego,equalize,421,1000,0.0018358230590820312,94.49632930755615,0.09449632930755615,19765882,60
ego,equalize,422,1000,0.0019452571868896484,99.07313752174377,0.09907313752174378,19709589,60
ego,equalize,423,1000,0.0026030540466308594,96.22667074203491,0.0962266707420349,19639878,60
ego,equalize,424,1000,0.0018360614776611328,103.55842995643616,0.10355842995643616,20345756,60
ego,equalize,425,1000,0.002011537551879883,99.82123470306396,0.09982123470306396,20219501,60
ego,equalize,426,1000,0.002459287643432617,101.01214361190796,0.10101214361190795,19969011,60
ego,equalize,427,1000,0.0017857551574707031,99.22034120559692,0.09922034120559692,20602067,60
ego,equalize,428,1000,0.0020215511322021484,100.29010605812073,0.10029010605812073,20618582,60
ego,equalize,429,1000,0.0026259422302246094,93.6052143573761,0.0936052143573761,19428747,60
ego,equalize,430,1000,0.0018150806427001953,99.02626514434814,0.09902626514434815,19821166,60
ego,equalize,431,1000,0.0020825862884521484,99.49636578559875,0.09949636578559876,20290785,60
ego,equalize,432,1000,0.002496957778930664,100.2368996143341,0.1002368996143341,20620585,60
ego,equalize,433,1000,0.0018155574798583984,111.78963685035706,0.11178963685035706,21139488,60
ego,equalize,434,1000,0.0019173622131347656,102.29354858398438,0.10229354858398437,20246306,60
ego,equalize,435,1000,0.002658367156982422,98.27049207687378,0.09827049207687379,20873956,60
ego,equalize,436,1000,0.0017745494842529297,101.78027486801147,0.10178027486801147,20283059,60
ego,equalize,437,1000,0.002019643783569336,98.66758155822754,0.09866758155822754,20734834,60
ego,equalize,438,1000,0.0024743080139160156,91.9515540599823,0.0919515540599823,19161331,60
ego,equalize,439,1000,0.0018432140350341797,100.70118951797485,0.10070118951797485,20911010,60
ego,equalize,440,1000,0.0020422935485839844,102.4872510433197,0.1024872510433197,20694174,60
ego,equalize,441,1000,0.002608060836791992,95.72021961212158,0.09572021961212158,18796458,60
ego,equalize,442,1000,0.0018215179443359375,99.9761528968811,0.09997615289688111,20159463,60
ego,equalize,443,1000,0.0020601749420166016,97.39708662033081,0.09739708662033081,19526046,60
ego,equalize,444,1000,0.002434253692626953,96.13952445983887,0.09613952445983887,20110290,60
ego,equalize,445,1000,0.0017917156219482422,94.9622049331665,0.09496220493316651,19623945,60
ego,equalize,446,1000,0.0020170211791992188,104.70447897911072,0.10470447897911071,20523216,60
ego,equalize,447,1000,0.002676248550415039,94.82053875923157,0.09482053875923156,20189398,60
ego,equalize,448,1000,0.001786947250366211,102.4409646987915,0.1024409646987915,20385139,60
ego,equalize,449,1000,0.002023458480834961,100.68113255500793,0.10068113255500794,20586163,60
ego,equalize,450,1000,0.002502918243408203,94.99732065200806,0.09499732065200805,19850107,60
ego,equalize,451,1000,0.0017480850219726562,105.23218560218811,0.10523218560218811,20371948,60
ego,equalize,452,1000,0.0019850730895996094,107.42762422561646,0.10742762422561646,21149560,60
ego,equalize,453,1000,0.0026328563690185547,98.73284602165222,0.09873284602165222,20647557,60
ego,equalize,454,1000,0.001733541488647461,94.42865943908691,0.09442865943908692,19204998,60
ego,equalize,455,1000,0.002069711685180664,99.71965599060059,0.09971965599060059,20386743,60
ego,equalize,456,1000,0.002544403076171875,100.54815459251404,0.10054815459251404,19375092,60
ego,equalize,457,1000,0.0017232894897460938,102.1196060180664,0.10211960601806641,19982797,60
ego,equalize,458,1000,0.002032041549682617,95.38023114204407,0.09538023114204407,19772932,60
ego,equalize,459,1000,0.0025949478149414062,101.40810894966125,0.10140810894966125,20533462,60
ego,equalize,460,1000,0.0019598007202148438,101.40046548843384,0.10140046548843384,20397134,60
ego,equalize,461,1000,0.002018451690673828,104.63678860664368,0.10463678860664367,19850714,60
ego,equalize,462,1000,0.0025823116302490234,98.50171732902527,0.09850171732902527,20267689,60
ego,equalize,463,1000,0.001825571060180664,102.04181861877441,0.10204181861877441,20884175,60
ego,equalize,464,1000,0.001974821090698242,94.65346837043762,0.09465346837043762,20010176,60
ego,equalize,465,1000,0.0026760101318359375,97.92334985733032,0.09792334985733032,18508033,60
ego,equalize,466,1000,0.0017876625061035156,97.04925656318665,0.09704925656318665,20144893,60
ego,equalize,467,1000,0.0017354488372802734,95.55638766288757,0.09555638766288757,20239481,60
ego,equalize,468,1000,0.002208709716796875,99.00294661521912,0.09900294661521912,20569673,60
ego,equalize,469,1000,0.002118825912475586,98.28036689758301,0.098280366897583,20079639,60
ego,equalize,470,1000,0.0019855499267578125,98.0862762928009,0.09808627629280091,19331892,60
ego,equalize,471,1000,0.0022203922271728516,92.48553442955017,0.09248553442955017,18015954,60
ego,equalize,472,1000,0.0021483898162841797,96.63430285453796,0.09663430285453796,20440044,60
ego,equalize,473,1000,0.0019812583923339844,99.26957416534424,0.09926957416534424,20310012,60
ego,equalize,474,1000,0.002289295196533203,99.81612944602966,0.09981612944602966,20776383,60
ego,equalize,475,1000,0.0021114349365234375,99.05813026428223,0.09905813026428223,19907742,60
ego,equalize,476,1000,0.0020132064819335938,101.34455347061157,0.10134455347061157,19665270,60
ego,equalize,477,1000,0.0023882389068603516,94.30458569526672,0.09430458569526673,19746048,60
ego,equalize,478,1000,0.0021452903747558594,102.69558763504028,0.10269558763504029,20602190,60
ego,equalize,479,1000,0.0020575523376464844,103.77022004127502,0.10377022004127502,21052399,60
ego,equalize,480,1000,0.0023059844970703125,102.42951321601868,0.10242951321601867,20053994,60
ego,equalize,481,1000,0.002093791961669922,100.40543723106384,0.10040543723106385,20201470,60
ego,equalize,482,1000,0.002016782760620117,100.30575752258301,0.10030575752258301,20881266,60
ego,equalize,483,1000,0.0023581981658935547,106.0672562122345,0.10606725621223449,20609185,60
ego,equalize,484,1000,0.0020613670349121094,98.58873462677002,0.09858873462677002,20269170,60
ego,equalize,485,1000,0.0020248889923095703,99.00329971313477,0.09900329971313476,20221452,60
ego,equalize,486,1000,0.0022974014282226562,98.3209912776947,0.0983209912776947,20093080,60
ego,equalize,487,1000,0.002207517623901367,96.98171281814575,0.09698171281814576,19917891,60
ego,equalize,488,1000,0.0019545555114746094,98.73717784881592,0.09873717784881592,20434214,60
ego,equalize,489,1000,0.0023055076599121094,99.78598380088806,0.09978598380088806,19875779,60
ego,equalize,490,1000,0.002099275588989258,97.8349301815033,0.0978349301815033,20704555,60
ego,equalize,491,1000,0.0019621849060058594,98.77520871162415,0.09877520871162415,20119406,60
ego,equalize,492,1000,0.002373933792114258,106.10933351516724,0.10610933351516724,20890260,60
ego,equalize,493,1000,0.002094745635986328,99.5895037651062,0.0995895037651062,19540985,60
ego,equalize,494,1000,0.001980304718017578,95.96739840507507,0.09596739840507508,20069585,60
ego,equalize,495,1000,0.0022721290588378906,96.35802245140076,0.09635802245140075,18819907,60
ego,equalize,496,1000,0.0019023418426513672,106.17554593086243,0.10617554593086242,19116915,60
ego,equalize,497,1000,0.001986980438232422,100.64116144180298,0.10064116144180298,20443370,60
ego,equalize,498,1000,0.002161264419555664,100.29694080352783,0.10029694080352783,20490574,60
ego,equalize,499,1000,0.0018994808197021484,98.26265025138855,0.09826265025138856,20545203,60
ego,equalize,500,1000,0.001956462860107422,95.95635509490967,0.09595635509490967,19787803,60
ego,equalize,501,1000,0.002292633056640625,96.97922825813293,0.09697922825813293,18980553,60
ego,equalize,502,1000,0.0019681453704833984,101.7841374874115,0.1017841374874115,19928744,60
ego,equalize,503,1000,0.0019698143005371094,95.57795810699463,0.09557795810699463,19951731,60
ego,equalize,504,1000,0.0021920204162597656,100.63619208335876,0.10063619208335876,18997928,60
ego,equalize,505,1000,0.0019702911376953125,107.8024971485138,0.1078024971485138,20664204,60
ego,equalize,506,1000,0.0019214153289794922,96.49888443946838,0.09649888443946839,19924024,60
ego,equalize,507,1000,0.0023679733276367188,100.68381142616272,0.10068381142616271,20501267,60
ego,equalize,508,1000,0.001985788345336914,97.39014410972595,0.09739014410972595,20372641,60
ego,equalize,509,1000,0.0019304752349853516,95.26510787010193,0.09526510787010192,18981961,60
ego,equalize,510,1000,0.0023262500762939453,98.31360101699829,0.09831360101699829,20220486,60
ego,equalize,511,1000,0.001939535140991211,97.20555877685547,0.09720555877685547,19393706,60
ego,equalize,512,1000,0.0019626617431640625,106.75955939292908,0.10675955939292908,19868001,60
ego,equalize,513,1000,0.0023381710052490234,104.71431875228882,0.10471431875228882,20368983,60
ego,equalize,514,1000,0.0019276142120361328,100.30351781845093,0.10030351781845093,18752698,60
ego,equalize,515,1000,0.001951456069946289,103.77717208862305,0.10377717208862304,19987401,60
ego,equalize,516,1000,0.0023272037506103516,100.58260941505432,0.10058260941505433,20134585,60
ego,equalize,517,1000,0.0019230842590332031,94.5486741065979,0.0945486741065979,19780514,60
ego,equalize,518,1000,0.0019202232360839844,105.20902252197266,0.10520902252197266,20130683,60
ego,equalize,519,1000,0.0023508071899414062,96.35164427757263,0.09635164427757263,19764999,60
ego,equalize,520,1000,0.0018887519836425781,98.65008425712585,0.09865008425712586,20449015,60
ego,equalize,521,1000,0.0019326210021972656,98.2401716709137,0.0982401716709137,20263960,60
ego,equalize,522,1000,0.00238800048828125,95.15248489379883,0.09515248489379882,19575221,60
ego,equalize,523,1000,0.0018715858459472656,97.24855828285217,0.09724855828285217,19780673,60
ego,equalize,524,1000,0.0019621849060058594,101.32827877998352,0.10132827877998352,20151106,60
ego,equalize,525,1000,0.0022699832916259766,95.49882674217224,0.09549882674217224,20015794,60
ego,equalize,526,1000,0.0018970966339111328,99.95747900009155,0.09995747900009155,19980754,60
ego,equalize,527,1000,0.0019648075103759766,99.10598397254944,0.09910598397254944,18641466,60
ego,equalize,528,1000,0.0023653507232666016,109.7836525440216,0.1097836525440216,20622434,60
ego,equalize,529,1000,0.0019211769104003906,93.41319751739502,0.09341319751739502,19154324,60
ego,equalize,530,1000,0.0019350051879882812,95.57341837882996,0.09557341837882996,19533144,60
ego,equalize,531,1000,0.002393960952758789,96.83636450767517,0.09683636450767517,19402342,60
ego,equalize,532,1000,0.0018906593322753906,95.69862818717957,0.09569862818717957,20227218,60
ego,equalize,533,1000,0.0019845962524414062,96.39601850509644,0.09639601850509644,20476449,60
ego,equalize,534,1000,0.0023696422576904297,98.87192392349243,0.09887192392349244,20335537,60
ego,equalize,535,1000,0.001940011978149414,95.56630110740662,0.09556630110740662,20074792,60
ego,equalize,536,1000,0.0020132064819335938,100.63224720954895,0.10063224720954896,21542320,60
ego,equalize,537,1000,0.002300262451171875,94.25206422805786,0.09425206422805786,18959968,60
ego,equalize,538,1000,0.0019092559814453125,96.55269455909729,0.09655269455909729,20209758,60
ego,equalize,539,1000,0.0019237995147705078,95.78906106948853,0.09578906106948852,19165200,60
ego,equalize,540,1000,0.0023746490478515625,92.40726280212402,0.09240726280212402,18993322,60
ego,equalize,541,1000,0.0018999576568603516,102.44833517074585,0.10244833517074585,21644777,60
ego,equalize,542,1000,0.0019347667694091797,93.59969711303711,0.0935996971130371,19281618,60
ego,equalize,543,1000,0.0023832321166992188,96.84557676315308,0.09684557676315307,19056422,60
ego,equalize,544,1000,0.0019516944885253906,95.33920311927795,0.09533920311927796,19892933,60
ego,equalize,545,1000,0.0019919872283935547,99.94374418258667,0.09994374418258667,20620272,60
ego,equalize,546,1000,0.002463102340698242,97.94762229919434,0.09794762229919433,20111195,60
ego,equalize,547,1000,0.0018792152404785156,105.42968082427979,0.10542968082427978,20180520,60
ego,equalize,548,1000,0.0019741058349609375,105.33301663398743,0.10533301663398743,21682671,60
ego,equalize,549,1000,0.0024156570434570312,96.8769154548645,0.0968769154548645,20156265,60
ego,equalize,550,1000,0.0019140243530273438,101.38982486724854,0.10138982486724854,20874360,60
ego,equalize,551,1000,0.0019617080688476562,95.8374388217926,0.0958374388217926,19766124,60
ego,equalize,552,1000,0.0024406909942626953,97.80603981018066,0.09780603981018067,19923697,60
ego,equalize,553,1000,0.0018639564514160156,101.23443698883057,0.10123443698883057,19418005,60
ego,equalize,554,1000,0.0019311904907226562,95.0017671585083,0.0950017671585083,18845075,60
ego,equalize,555,1000,0.0023877620697021484,102.03891372680664,0.10203891372680664,20478367,60
ego,equalize,556,1000,0.0018815994262695312,92.94224286079407,0.09294224286079407,19007139,60
ego,equalize,557,1000,0.0019638538360595703,101.51041674613953,0.10151041674613953,20977031,60
ego,equalize,558,1000,0.0024166107177734375,98.81856417655945,0.09881856417655945,21122866,60
ego,equalize,559,1000,0.0019502639770507812,103.51393055915833,0.10351393055915832,20549402,60
ego,equalize,560,1000,0.0019567012786865234,105.45539927482605,0.10545539927482606,20647679,60
ego,equalize,561,1000,0.002400636672973633,105.15839910507202,0.10515839910507202,20463846,60
ego,equalize,562,1000,0.0018970966339111328,91.86629319190979,0.0918662931919098,18506022,60
ego,equalize,563,1000,0.0020208358764648438,94.78650450706482,0.09478650450706481,19285440,60
ego,equalize,564,1000,0.0024285316467285156,99.18604826927185,0.09918604826927185,20663171,60
ego,equalize,565,1000,0.0018987655639648438,104.53968143463135,0.10453968143463135,20805770,60
ego,equalize,566,1000,0.00191497802734375,101.59709596633911,0.10159709596633912,20290354,60
ego,equalize,567,1000,0.002449512481689453,97.84856677055359,0.09784856677055359,20142202,60
ego,equalize,568,1000,0.0019078254699707031,101.55218243598938,0.10155218243598937,19452761,60
ego,equalize,569,1000,0.00203704833984375,92.31017231941223,0.09231017231941223,19159160,60
ego,equalize,570,1000,0.0024645328521728516,102.29301428794861,0.10229301428794861,20754615,60
ego,equalize,571,1000,0.0019180774688720703,99.9196105003357,0.0999196105003357,20160578,60
ego,equalize,572,1000,0.0020046234130859375,98.69599723815918,0.09869599723815918,20808930,60
ego,equalize,573,1000,0.0024328231811523438,100.60749864578247,0.10060749864578247,20728117,60
ego,equalize,574,1000,0.0018384456634521484,96.97116374969482,0.09697116374969482,19948678,60
ego,equalize,575,1000,0.001982450485229492,98.51163244247437,0.09851163244247436,20092333,60
ego,equalize,576,1000,0.002549409866333008,96.41403675079346,0.09641403675079346,19752599,60
ego,equalize,577,1000,0.0017962455749511719,107.65956735610962,0.10765956735610963,20594756,60
ego,equalize,578,1000,0.0019865036010742188,97.83549070358276,0.09783549070358276,20634669,60
ego,equalize,579,1000,0.0024166107177734375,100.60062003135681,0.10060062003135681,20053247,60
ego,equalize,580,1000,0.00183868408203125,101.80584740638733,0.10180584740638733,20092025,60
ego,equalize,581,1000,0.0019719600677490234,89.89142632484436,0.08989142632484436,18352619,60
ego,equalize,582,1000,0.0025687217712402344,97.85604882240295,0.09785604882240295,19612946,60
ego,equalize,583,1000,0.0018815994262695312,95.25182151794434,0.09525182151794434,19683949,60
ego,equalize,584,1000,0.002035856246948242,98.05195093154907,0.09805195093154907,19941007,60
ego,equalize,585,1000,0.0024487972259521484,99.45024394989014,0.09945024394989013,20334543,60
ego,equalize,586,1000,0.0018422603607177734,93.45192217826843,0.09345192217826843,19222035,60
ego,equalize,587,1000,0.0019621849060058594,98.43288087844849,0.09843288087844848,20099614,60
ego,equalize,588,1000,0.002507925033569336,98.65457582473755,0.09865457582473755,20386030,60
ego,equalize,589,1000,0.0017697811126708984,97.9405734539032,0.0979405734539032,19893125,60
ego,equalize,590,1000,0.001959085464477539,103.93165683746338,0.10393165683746337,20001892,60
ego,equalize,591,1000,0.002409219741821289,108.02410864830017,0.10802410864830017,19741945,60
ego,equalize,592,1000,0.0017981529235839844,103.72983860969543,0.10372983860969544,20614420,60
ego,equalize,593,1000,0.0020339488983154297,101.81693124771118,0.10181693124771118,20726945,60
ego,equalize,594,1000,0.0025348663330078125,97.74699664115906,0.09774699664115906,19848918,60
ego,equalize,595,1000,0.0017538070678710938,98.687579870224,0.098687579870224,20298240,60
ego,equalize,596,1000,0.0019221305847167969,100.86033463478088,0.10086033463478089,21347827,60
ego,equalize,597,1000,0.002512216567993164,101.75694012641907,0.10175694012641907,20987735,60
ego,equalize,598,1000,0.0018074512481689453,101.94184851646423,0.10194184851646423,20834801,60
ego,equalize,599,1000,0.0019714832305908203,98.55113744735718,0.09855113744735718,19471326,60
ego,equalize,600,1000,0.002611875534057617,102.15340423583984,0.10215340423583984,20960994,60
ego,equalize,601,1000,0.0019183158874511719,97.1889340877533,0.0971889340877533,20958218,60
ego,equalize,602,1000,0.001987934112548828,96.75324177742004,0.09675324177742005,19603908,60
ego,equalize,603,1000,0.0024461746215820312,103.13288044929504,0.10313288044929504,20833712,60
ego,equalize,604,1000,0.0018978118896484375,102.96462154388428,0.10296462154388428,20949551,60
ego,equalize,605,1000,0.0019719600677490234,100.27991938591003,0.10027991938591004,19525350,60
ego,equalize,606,1000,0.0025985240936279297,103.70931553840637,0.10370931553840637,20643669,60
ego,equalize,607,1000,0.0018205642700195312,102.25192427635193,0.10225192427635194,20352623,60
ego,equalize,608,1000,0.0019664764404296875,99.17221879959106,0.09917221879959107,19640914,60
ego,equalize,609,1000,0.0024383068084716797,107.02095460891724,0.10702095460891724,20159984,60
ego,equalize,610,1000,0.001772165298461914,101.3587658405304,0.1013587658405304,20680686,60
ego,equalize,611,1000,0.0020210742950439453,105.97499084472656,0.10597499084472656,19573894,60
ego,equalize,612,1000,0.0026273727416992188,101.49403023719788,0.10149403023719787,20396634,60
ego,equalize,613,1000,0.0018334388732910156,97.26766610145569,0.0972676661014557,20406314,60
ego,equalize,614,1000,0.0019893646240234375,99.73119068145752,0.09973119068145751,20434059,60
ego,equalize,615,1000,0.002404451370239258,111.17785382270813,0.11117785382270813,21069771,60
ego,equalize,616,1000,0.0017406940460205078,102.93751358985901,0.102937513589859,21370566,60
ego,equalize,617,1000,0.0019941329956054688,106.37603712081909,0.1063760371208191,21302768,60
ego,equalize,618,1000,0.002575397491455078,97.81311583518982,0.09781311583518983,20521143,60
ego,equalize,619,1000,0.0017936229705810547,96.31026554107666,0.09631026554107666,19858994,60
ego,equalize,620,1000,0.0020024776458740234,97.56510138511658,0.09756510138511658,19960777,60
ego,equalize,621,1000,0.002498149871826172,94.73028993606567,0.09473028993606568,19856686,60
ego,equalize,622,1000,0.0017812252044677734,98.85866355895996,0.09885866355895996,20519395,60
ego,equalize,623,1000,0.0021543502807617188,101.4549298286438,0.1014549298286438,19826438,60
ego,equalize,624,1000,0.002521038055419922,96.5238037109375,0.0965238037109375,19548963,60
ego,equalize,625,1000,0.001781463623046875,98.00452399253845,0.09800452399253845,20279026,60
ego,equalize,626,1000,0.001986265182495117,99.50873303413391,0.0995087330341339,20113830,60
ego,equalize,627,1000,0.002593994140625,101.26729965209961,0.10126729965209962,21105859,60
ego,equalize,628,1000,0.0018186569213867188,105.88198256492615,0.10588198256492615,21894640,60
ego,equalize,629,1000,0.001995086669921875,97.02135109901428,0.09702135109901429,19795509,60
ego,equalize,630,1000,0.002680540084838867,99.79080963134766,0.09979080963134766,20505687,60
ego,equalize,631,1000,0.0017883777618408203,99.26734948158264,0.09926734948158264,20374076,60
ego,equalize,632,1000,0.0019483566284179688,94.41187262535095,0.09441187262535095,19736394,60
ego,equalize,633,1000,0.002588033676147461,94.56743597984314,0.09456743597984314,18417695,60
ego,equalize,634,1000,0.0018382072448730469,99.84445834159851,0.09984445834159851,20748003,60
ego,equalize,635,1000,0.002071380615234375,97.10225248336792,0.09710225248336792,19722876,60
ego,equalize,636,1000,0.0026941299438476562,98.65823793411255,0.09865823793411255,20365450,60
ego,equalize,637,1000,0.0017769336700439453,104.00237441062927,0.10400237441062928,21208603,60
ego,equalize,638,1000,0.0017848014831542969,96.15124988555908,0.09615124988555908,19828779,60
ego,equalize,639,1000,0.002299070358276367,103.68520331382751,0.10368520331382751,20676633,60
ego,equalize,640,1000,0.0021708011627197266,104.95809555053711,0.1049580955505371,21328042,60
ego,equalize,641,1000,0.001981973648071289,107.47198748588562,0.10747198748588561,20332461,60
ego,equalize,642,1000,0.002280712127685547,106.03892040252686,0.10603892040252685,20967480,60
ego,equalize,643,1000,0.0021626949310302734,101.70597124099731,0.10170597124099731,20465613,60
ego,equalize,644,1000,0.0019636154174804688,95.95908260345459,0.09595908260345459,18815442,60
ego,equalize,645,1000,0.0022497177124023438,103.02225708961487,0.10302225708961486,20438763,60
ego,equalize,646,1000,0.0020589828491210938,103.51396942138672,0.10351396942138671,20800899,60
ego,equalize,647,1000,0.001979827880859375,99.13504457473755,0.09913504457473755,20429231,60
ego,equalize,648,1000,0.002352476119995117,105.22037696838379,0.1052203769683838,20697819,60
ego,equalize,649,1000,0.002052783966064453,93.82129740715027,0.09382129740715027,19361946,60
ego,equalize,650,1000,0.0019948482513427734,105.46641492843628,0.10546641492843628,21157407,60
ego,equalize,651,1000,0.0022516250610351562,105.17487382888794,0.10517487382888793,21287474,60
ego,equalize,652,1000,0.0020596981048583984,93.24276804924011,0.09324276804924012,18218946,60
ego,equalize,653,1000,0.001954793930053711,101.31020092964172,0.10131020092964173,19802984,60
ego,equalize,654,1000,0.0023071765899658203,95.94391369819641,0.09594391369819641,19910512,60
ego,equalize,655,1000,0.002150297164916992,98.40142393112183,0.09840142393112182,20796106,60
ego,equalize,656,1000,0.0019767284393310547,103.68425226211548,0.10368425226211547,20497383,60
ego,equalize,657,1000,0.0022575855255126953,105.88905453681946,0.10588905453681946,20602594,60
ego,equalize,658,1000,0.002056121826171875,92.40355086326599,0.09240355086326599,18099192,60
ego,equalize,659,1000,0.001972675323486328,101.69062209129333,0.10169062209129333,20519540,60
ego,equalize,660,1000,0.0023047924041748047,98.58561086654663,0.09858561086654663,20245326,60
ego,equalize,661,1000,0.0020041465759277344,98.55320882797241,0.09855320882797242,20485001,60
ego,equalize,662,1000,0.001971006393432617,93.84814763069153,0.09384814763069153,20006042,60
ego,equalize,663,1000,0.002287626266479492,110.07819414138794,0.11007819414138793,20331368,60
ego,equalize,664,1000,0.0019876956939697266,97.9997193813324,0.0979997193813324,19255354,60
ego,equalize,665,1000,0.0019125938415527344,99.8713915348053,0.0998713915348053,20669512,60
ego,equalize,666,1000,0.0022225379943847656,96.83290505409241,0.09683290505409241,19880286,60
ego,equalize,667,1000,0.0019080638885498047,104.45821762084961,0.10445821762084961,20005001,60
ego,equalize,668,1000,0.0018723011016845703,98.34411311149597,0.09834411311149598,19626142,60
ego,equalize,669,1000,0.0022170543670654297,97.14368319511414,0.09714368319511414,19545373,60
ego,equalize,670,1000,0.0019376277923583984,103.05129075050354,0.10305129075050354,20027191,60
ego,equalize,671,1000,0.0018839836120605469,97.03207993507385,0.09703207993507386,20159525,60
ego,equalize,672,1000,0.0022568702697753906,100.11990118026733,0.10011990118026734,20679082,60
ego,equalize,673,1000,0.001836538314819336,95.66051268577576,0.09566051268577576,18853976,60
ego,equalize,674,1000,0.0019419193267822266,93.70431423187256,0.09370431423187256,19851973,60
ego,equalize,675,1000,0.0023217201232910156,103.78838849067688,0.10378838849067688,20596270,60
ego,equalize,676,1000,0.0018694400787353516,106.13079309463501,0.10613079309463501,19361442,60
ego,equalize,677,1000,0.001997709274291992,98.05201125144958,0.09805201125144959,19871553,60
ego,equalize,678,1000,0.002207040786743164,89.52429962158203,0.08952429962158204,18531828,60
ego,equalize,679,1000,0.0019304752349853516,93.15541386604309,0.09315541386604309,19493694,60
ego,equalize,680,1000,0.001882314682006836,96.36926770210266,0.09636926770210266,20155843,60
ego,equalize,681,1000,0.002245664596557617,91.70195126533508,0.09170195126533508,18669432,60
ego,equalize,682,1000,0.001909494400024414,95.70344138145447,0.09570344138145447,19945225,60
ego,equalize,683,1000,0.00188446044921875,97.2017867565155,0.0972017867565155,19881332,60
ego,equalize,684,1000,0.0022246837615966797,96.68534350395203,0.09668534350395203,18963984,60
ego,equalize,685,1000,0.0019083023071289062,103.19783592224121,0.10319783592224122,20447365,60
ego,equalize,686,1000,0.0018813610076904297,104.60114240646362,0.10460114240646362,20520130,60
ego,equalize,687,1000,0.0023179054260253906,95.70883750915527,0.09570883750915528,19637013,60
ego,equalize,688,1000,0.0019268989562988281,100.56026530265808,0.10056026530265808,20160219,60
ego,equalize,689,1000,0.0019161701202392578,98.8759970664978,0.0988759970664978,20603458,60
ego,equalize,690,1000,0.0022742748260498047,99.22524309158325,0.09922524309158325,20649210,60
ego,equalize,691,1000,0.00188446044921875,96.857248544693,0.09685724854469299,18120346,60
ego,equalize,692,1000,0.0019383430480957031,95.94837188720703,0.09594837188720703,19703215,60
ego,equalize,693,1000,0.002260446548461914,93.67320966720581,0.09367320966720581,19405122,60
ego,equalize,694,1000,0.0019404888153076172,99.63499307632446,0.09963499307632447,20665546,60
ego,equalize,695,1000,0.0018732547760009766,99.72504711151123,0.09972504711151123,20670796,60
ego,equalize,696,1000,0.0022766590118408203,101.12434196472168,0.10112434196472168,20036417,60
ego,equalize,697,1000,0.0018627643585205078,96.16194438934326,0.09616194438934327,18884550,60
ego,equalize,698,1000,0.0019426345825195312,97.01853013038635,0.09701853013038635,19458459,60
ego,equalize,699,1000,0.0023229122161865234,102.64284920692444,0.10264284920692444,19769573,60
ego,equalize,700,1000,0.001848459243774414,100.92463946342468,0.10092463946342468,19942747,60
ego,equalize,701,1000,0.0019202232360839844,94.64926171302795,0.09464926171302795,20263596,60
ego,equalize,702,1000,0.0023088455200195312,102.26550507545471,0.10226550507545472,21058664,60
ego,equalize,703,1000,0.0018689632415771484,98.95122981071472,0.09895122981071472,20619699,60
ego,equalize,704,1000,0.0019381046295166016,107.72999572753906,0.10772999572753907,20190856,60
ego,equalize,705,1000,0.002410411834716797,102.94021344184875,0.10294021344184875,20802741,60
ego,equalize,706,1000,0.0018291473388671875,96.16985082626343,0.09616985082626343,18226227,60
ego,equalize,707,1000,0.0019254684448242188,105.56300926208496,0.10556300926208496,20801163,60
ego,equalize,708,1000,0.0022802352905273438,97.04279470443726,0.09704279470443726,20115814,60
ego,equalize,709,1000,0.0018486976623535156,94.57600903511047,0.09457600903511047,18598375,60
ego,equalize,710,1000,0.00200653076171875,105.76714944839478,0.10576714944839477,20337870,60
ego,equalize,711,1000,0.002343893051147461,97.76064682006836,0.09776064682006835,20592578,60
ego,equalize,712,1000,0.0018954277038574219,97.83295965194702,0.09783295965194702,20668740,60
ego,equalize,713,1000,0.0019047260284423828,97.61942958831787,0.09761942958831787,19288356,60
ego,equalize,714,1000,0.0023317337036132812,101.90740251541138,0.10190740251541137,20616290,60
ego,equalize,715,1000,0.0018486976623535156,101.55624985694885,0.10155624985694885,20348674,60
ego,equalize,716,1000,0.0019631385803222656,100.19595527648926,0.10019595527648925,20823850,60
ego,equalize,717,1000,0.0023927688598632812,94.53870439529419,0.09453870439529419,20129816,60
ego,equalize,718,1000,0.0018985271453857422,94.30150294303894,0.09430150294303893,19080415,60
ego,equalize,719,1000,0.001953601837158203,93.63878393173218,0.09363878393173218,19438478,60
ego,equalize,720,1000,0.002325773239135742,97.53417801856995,0.09753417801856995,19608645,60
ego,equalize,721,1000,0.001856088638305664,98.41842246055603,0.09841842246055603,20620653,60
ego,equalize,722,1000,0.001917123794555664,99.51114463806152,0.09951114463806153,20655274,60
ego,equalize,723,1000,0.0024144649505615234,96.48780131340027,0.09648780131340026,20048756,60
ego,equalize,724,1000,0.0018939971923828125,99.28404712677002,0.09928404712677003,19652938,60
ego,equalize,725,1000,0.0019371509552001953,98.55206513404846,0.09855206513404846,19901313,60
ego,equalize,726,1000,0.002468585968017578,95.23014903068542,0.09523014903068543,20200192,60
ego,equalize,727,1000,0.001867055892944336,99.06205177307129,0.09906205177307129,20829267,60
ego,equalize,728,1000,0.0018963813781738281,99.08097958564758,0.09908097958564759,19491693,60
ego,equalize,729,1000,0.0023603439331054688,97.84647703170776,0.09784647703170776,20422133,60
ego,equalize,730,1000,0.001889944076538086,102.56930708885193,0.10256930708885192,21050585,60
ego,equalize,731,1000,0.0018990039825439453,91.08770179748535,0.09108770179748535,18476827,60
ego,equalize,732,1000,0.0023713111877441406,93.1953387260437,0.0931953387260437,19267786,60
ego,equalize,733,1000,0.0018258094787597656,99.61218118667603,0.09961218118667603,20090282,60
ego,equalize,734,1000,0.0018825531005859375,93.51224493980408,0.09351224493980408,19087985,60
ego,equalize,735,1000,0.002485990524291992,99.17267942428589,0.09917267942428588,20539297,60
ego,equalize,736,1000,0.0018503665924072266,101.08700370788574,0.10108700370788574,20428952,60
ego,equalize,737,1000,0.0019578933715820312,101.51956105232239,0.10151956105232239,20992079,60
ego,equalize,738,1000,0.0024063587188720703,96.55178380012512,0.09655178380012512,20377686,60
ego,equalize,739,1000,0.0018384456634521484,97.40606904029846,0.09740606904029846,19910377,60
ego,equalize,740,1000,0.001878499984741211,94.28729391098022,0.09428729391098023,18399074,60
ego,equalize,741,1000,0.0024251937866210938,102.738760471344,0.10273876047134399,20131770,60
ego,equalize,742,1000,0.001795053482055664,97.97549176216125,0.09797549176216125,19075089,60
ego,equalize,743,1000,0.001985311508178711,100.13460397720337,0.10013460397720336,20894655,60
ego,equalize,744,1000,0.0024251937866210938,104.65518522262573,0.10465518522262574,21162190,60
ego,equalize,745,1000,0.0017838478088378906,101.56788086891174,0.10156788086891175,20651714,60
ego,equalize,746,1000,0.0019576549530029297,98.60389971733093,0.09860389971733094,20645402,60
ego,equalize,747,1000,0.002434968948364258,100.87731528282166,0.10087731528282165,21158243,60
ego,equalize,748,1000,0.0018248558044433594,104.53397560119629,0.10453397560119629,20826438,60
ego,equalize,749,1000,0.0019979476928710938,95.23274898529053,0.09523274898529052,18283064,60
ego,equalize,750,1000,0.002507925033569336,101.38179326057434,0.10138179326057434,20230904,60
ego,equalize,751,1000,0.0018396377563476562,99.26120853424072,0.09926120853424072,20078796,60
ego,equalize,752,1000,0.0019483566284179688,100.66939926147461,0.10066939926147461,20901606,60
ego,equalize,753,1000,0.0024073123931884766,103.75554347038269,0.1037555434703827,20797334,60
ego,equalize,754,1000,0.0018918514251708984,98.58142518997192,0.09858142518997193,18617266,60
ego,equalize,755,1000,0.0019540786743164062,102.6100492477417,0.1026100492477417,20708711,60
ego,equalize,756,1000,0.0024394989013671875,103.45791745185852,0.10345791745185852,20136098,60
ego,equalize,757,1000,0.0018839836120605469,100.94957613945007,0.10094957613945008,21101084,60
ego,equalize,758,1000,0.0019359588623046875,96.03913807868958,0.09603913807868958,19719961,60
ego,equalize,759,1000,0.002362966537475586,99.77560520172119,0.09977560520172118,19524406,60
ego,equalize,760,1000,0.0017490386962890625,98.78403854370117,0.09878403854370117,20372283,60
ego,equalize,761,1000,0.001981973648071289,101.503591299057,0.101503591299057,20738700,60
ego,equalize,762,1000,0.0025196075439453125,103.06183958053589,0.10306183958053589,20941531,60
ego,equalize,763,1000,0.0018994808197021484,99.14852643013,0.09914852643013,20305848,60
ego,equalize,764,1000,0.0019304752349853516,94.3884551525116,0.0943884551525116,18723195,60
ego,equalize,765,1000,0.002410411834716797,98.46230030059814,0.09846230030059815,20202290,60
ego,equalize,766,1000,0.0018305778503417969,99.60350131988525,0.09960350131988525,20311786,60
ego,equalize,767,1000,0.0019540786743164062,102.383371591568,0.10238337159156799,21040127,60
ego,equalize,768,1000,0.002547740936279297,97.99494314193726,0.09799494314193725,20242496,60
ego,equalize,769,1000,0.0018231868743896484,102.69608402252197,0.10269608402252198,20627420,60
ego,equalize,770,1000,0.0019555091857910156,94.89247369766235,0.09489247369766235,19111003,60
ego,equalize,771,1000,0.0024242401123046875,94.0420274734497,0.09404202747344971,19396524,60
ego,equalize,772,1000,0.0017867088317871094,96.13667273521423,0.09613667273521423,20301826,60
ego,equalize,773,1000,0.00194549560546875,101.86347889900208,0.10186347889900207,20217169,60
ego,equalize,774,1000,0.0025582313537597656,101.2254273891449,0.1012254273891449,19949466,60
ego,equalize,775,1000,0.0017995834350585938,98.35321879386902,0.09835321879386902,20257128,60
ego,equalize,776,1000,0.0019009113311767578,101.3494770526886,0.1013494770526886,20553007,60
ego,equalize,777,1000,0.0023796558380126953,105.76774835586548,0.10576774835586548,21733766,60
ego,equalize,778,1000,0.0017571449279785156,95.59386110305786,0.09559386110305786,19569641,60
ego,equalize,779,1000,0.001971721649169922,96.61843991279602,0.09661843991279602,20003493,60
ego,equalize,780,1000,0.0026068687438964844,101.60169529914856,0.10160169529914856,20026259,60
ego,equalize,781,1000,0.001760244369506836,102.37407875061035,0.10237407875061035,19497447,60
ego,equalize,782,1000,0.0019440650939941406,102.24472856521606,0.10224472856521606,19990913,60
ego,equalize,783,1000,0.0023641586303710938,97.00023627281189,0.09700023627281189,19808607,60
ego,equalize,784,1000,0.001804351806640625,97.18835639953613,0.09718835639953613,20578528,60
ego,equalize,785,1000,0.0019681453704833984,92.12192726135254,0.09212192726135254,19544987,60
ego,equalize,786,1000,0.0025246143341064453,102.24698400497437,0.10224698400497437,21136138,60
ego,equalize,787,1000,0.0017886161804199219,92.96150946617126,0.09296150946617127,18708110,60
ego,equalize,788,1000,0.0019631385803222656,94.13891053199768,0.09413891053199767,19598945,60
ego,equalize,789,1000,0.002369403839111328,96.43820858001709,0.09643820858001709,19910810,60
ego,equalize,790,1000,0.0017657279968261719,107.4234528541565,0.1074234528541565,21401439,60
ego,equalize,791,1000,0.0019383430480957031,97.99699258804321,0.09799699258804322,19038852,60
ego,equalize,792,1000,0.0026421546936035156,108.91506695747375,0.10891506695747376,20305567,60
ego,equalize,793,1000,0.0017795562744140625,104.1048104763031,0.1041048104763031,19898319,60
ego,equalize,794,1000,0.0019998550415039062,94.70679068565369,0.09470679068565369,19533164,60
ego,equalize,795,1000,0.0024080276489257812,99.66264629364014,0.09966264629364013,20541234,60
ego,equalize,796,1000,0.0017597675323486328,96.24678587913513,0.09624678587913513,20030055,60
ego,equalize,797,1000,0.0019898414611816406,89.59990763664246,0.08959990763664245,17650251,60
ego,equalize,798,1000,0.0026144981384277344,95.73395895957947,0.09573395895957947,19708121,60
ego,equalize,799,1000,0.0017743110656738281,104.77650475502014,0.10477650475502014,19796180,60
ego,equalize,800,1000,0.0019621849060058594,98.74198913574219,0.09874198913574218,19499462,60
ego,equalize,801,1000,0.0024394989013671875,101.25996088981628,0.10125996088981629,21158491,60
ego,equalize,802,1000,0.0017940998077392578,99.10901618003845,0.09910901618003845,20171717,60
ego,equalize,803,1000,0.0020470619201660156,100.276620388031,0.10027662038803101,20824692,60
ego,equalize,804,1000,0.002591371536254883,99.50389289855957,0.09950389289855957,20018846,60
ego,equalize,805,1000,0.0018296241760253906,104.39205193519592,0.10439205193519592,20146743,60
ego,equalize,806,1000,0.0020220279693603516,100.51251769065857,0.10051251769065857,20390517,60
ego,equalize,807,1000,0.002492666244506836,104.93043541908264,0.10493043541908265,21393600,60
ego,equalize,808,1000,0.001756429672241211,99.22541618347168,0.09922541618347168,20097741,60
ego,equalize,809,1000,0.0017936229705810547,99.35350608825684,0.09935350608825684,20635357,60
ego,equalize,810,1000,0.0022487640380859375,103.1631429195404,0.1031631429195404,21059384,60
ego,equalize,811,1000,0.002194643020629883,96.89798951148987,0.09689798951148987,19174162,60
ego,equalize,812,1000,0.0020432472229003906,97.54581236839294,0.09754581236839295,20182147,60
ego,equalize,813,1000,0.0022389888763427734,107.15365409851074,0.10715365409851074,21786556,60
ego,equalize,814,1000,0.0021567344665527344,98.27017402648926,0.09827017402648926,20083943,60
ego,equalize,815,1000,0.001996278762817383,102.22766280174255,0.10222766280174256,20467420,60
ego,equalize,816,1000,0.0023195743560791016,104.46736359596252,0.10446736359596252,20929552,60
ego,equalize,817,1000,0.0020873546600341797,95.06727838516235,0.09506727838516235,19678108,60
ego,equalize,818,1000,0.0019953250885009766,101.04440951347351,0.10104440951347352,20710093,60
ego,equalize,819,1000,0.002250194549560547,102.8993878364563,0.1028993878364563,20742036,60
ego,equalize,820,1000,0.0020241737365722656,100.0473473072052,0.1000473473072052,20737894,60
ego,equalize,821,1000,0.0019466876983642578,99.7756552696228,0.0997756552696228,19764789,60
ego,equalize,822,1000,0.0022902488708496094,99.27782320976257,0.09927782320976257,20281835,60
ego,equalize,823,1000,0.0020613670349121094,108.26796317100525,0.10826796317100525,21013460,60
ego,equalize,824,1000,0.001994609832763672,97.97188305854797,0.09797188305854797,20424507,60
ego,equalize,825,1000,0.002228260040283203,101.4073257446289,0.1014073257446289,21370632,60
ego,equalize,826,1000,0.002032041549682617,105.31827712059021,0.1053182771205902,21013150,60
ego,equalize,827,1000,0.001955747604370117,102.89145517349243,0.10289145517349244,19323967,60
ego,equalize,828,1000,0.0022706985473632812,102.25086092948914,0.10225086092948914,20453518,60
ego,equalize,829,1000,0.002070188522338867,93.16314125061035,0.09316314125061036,19486167,60
ego,equalize,830,1000,0.0019767284393310547,110.50834321975708,0.11050834321975708,21224150,60
ego,equalize,831,1000,0.002281665802001953,93.31388092041016,0.09331388092041015,19300456,60
ego,equalize,832,1000,0.0019376277923583984,103.53262376785278,0.10353262376785279,20364018,60
ego,equalize,833,1000,0.0019655227661132812,98.82023334503174,0.09882023334503173,19039277,60
ego,equalize,834,1000,0.002290487289428711,100.95735168457031,0.10095735168457032,20582756,60
ego,equalize,835,1000,0.0020987987518310547,98.51447677612305,0.09851447677612304,20517018,60
ego,equalize,836,1000,0.0019605159759521484,96.9326159954071,0.0969326159954071,19936195,60
ego,equalize,837,1000,0.002203702926635742,103.8776683807373,0.10387766838073731,20673669,60
ego,equalize,838,1000,0.0018761157989501953,101.79691219329834,0.10179691219329834,21120910,60
ego,equalize,839,1000,0.0019109249114990234,92.87789845466614,0.09287789845466614,19357180,60
ego,equalize,840,1000,0.0022487640380859375,96.87027049064636,0.09687027049064637,20552153,60
ego,equalize,841,1000,0.0018498897552490234,104.72469234466553,0.10472469234466553,21642278,60
ego,equalize,842,1000,0.0019104480743408203,100.04412174224854,0.10004412174224854,20614195,60
ego,equalize,843,1000,0.002239704132080078,102.28652501106262,0.10228652501106263,19959497,60
ego,equalize,844,1000,0.0018815994262695312,106.45309138298035,0.10645309138298034,19272917,60
ego,equalize,845,1000,0.0018792152404785156,99.90076494216919,0.09990076494216919,20095638,60
ego,equalize,846,1000,0.002171754837036133,94.55614280700684,0.09455614280700683,20074770,60
ego,equalize,847,1000,0.001865386962890625,96.26682662963867,0.09626682662963867,19686969,60
ego,equalize,848,1000,0.0018885135650634766,94.88848352432251,0.09488848352432251,19760293,60
ego,equalize,849,1000,0.002234220504760742,90.19363713264465,0.09019363713264465,18585542,60
ego,equalize,850,1000,0.0018527507781982422,91.84868478775024,0.09184868478775024,18175896,60
ego,equalize,851,1000,0.0019075870513916016,101.140061378479,0.101140061378479,20674634,60
ego,equalize,852,1000,0.0022678375244140625,90.91152834892273,0.09091152834892273,17613169,60
ego,equalize,853,1000,0.0018780231475830078,96.46095871925354,0.09646095871925355,19795594,60
ego,equalize,854,1000,0.0019392967224121094,90.60556650161743,0.09060556650161743,18321762,60
ego,equalize,855,1000,0.0022974014282226562,104.07182121276855,0.10407182121276856,20683234,60
ego,equalize,856,1000,0.0018725395202636719,99.2518904209137,0.0992518904209137,21071527,60
ego,equalize,857,1000,0.0019276142120361328,99.12629842758179,0.09912629842758179,20551320,60
ego,equalize,858,1000,0.0023412704467773438,98.63315176963806,0.09863315176963806,20406026,60
ego,equalize,859,1000,0.00188446044921875,100.14911341667175,0.10014911341667175,20636561,60
ego,equalize,860,1000,0.0019390583038330078,101.82904005050659,0.1018290400505066,20795231,60
ego,equalize,861,1000,0.002323627471923828,92.80973672866821,0.09280973672866821,19176109,60
ego,equalize,862,1000,0.0018837451934814453,107.57282781600952,0.10757282781600952,19584204,60
ego,equalize,863,1000,0.0018982887268066406,101.37816143035889,0.10137816143035888,19533216,60
ego,equalize,864,1000,0.0022597312927246094,98.71756362915039,0.09871756362915039,19448084,60
ego,equalize,865,1000,0.0019080638885498047,98.08503007888794,0.09808503007888794,20485236,60
ego,equalize,866,1000,0.0019636154174804688,99.39658427238464,0.09939658427238464,20410968,60
ego,equalize,867,1000,0.0022516250610351562,96.45462489128113,0.09645462489128112,20293407,60
ego,equalize,868,1000,0.0018451213836669922,101.11896967887878,0.10111896967887879,20629032,60
ego,equalize,869,1000,0.0019235610961914062,96.186931848526,0.096186931848526,20140800,60
ego,equalize,870,1000,0.002245187759399414,97.32199931144714,0.09732199931144714,20371709,60
ego,equalize,871,1000,0.0018794536590576172,101.08812522888184,0.10108812522888183,20869888,60
ego,equalize,872,1000,0.0018765926361083984,104.65707087516785,0.10465707087516785,21474721,60
ego,equalize,873,1000,0.0023069381713867188,103.13977837562561,0.10313977837562562,19069662,60
ego,equalize,874,1000,0.0018434524536132812,105.26394271850586,0.10526394271850587,20624304,60
ego,equalize,875,1000,0.0019235610961914062,102.13176560401917,0.10213176560401917,19837794,60
ego,equalize,876,1000,0.0023124217987060547,100.54443383216858,0.10054443383216857,20322420,60
ego,equalize,877,1000,0.001825571060180664,102.93429851531982,0.10293429851531982,21090379,60
ego,equalize,878,1000,0.001912832260131836,105.80405187606812,0.10580405187606812,20898390,60
ego,equalize,879,1000,0.0023403167724609375,90.15207600593567,0.09015207600593567,18259684,60
ego,equalize,880,1000,0.0019097328186035156,103.86763525009155,0.10386763525009156,20784917,60
ego,equalize,881,1000,0.0019462108612060547,103.5042495727539,0.1035042495727539,20672524,60
ego,equalize,882,1000,0.002220630645751953,99.55446577072144,0.09955446577072144,19446076,60
ego,equalize,883,1000,0.001903533935546875,99.66383671760559,0.09966383671760559,20282323,60
ego,equalize,884,1000,0.0019335746765136719,99.6682186126709,0.0996682186126709,19878998,60
ego,equalize,885,1000,0.0023920536041259766,93.45629453659058,0.09345629453659057,19342121,60
ego,equalize,886,1000,0.0018954277038574219,95.03265142440796,0.09503265142440796,19378939,60
ego,equalize,887,1000,0.0019376277923583984,99.28012132644653,0.09928012132644654,19971727,60
ego,equalize,888,1000,0.002331972122192383,103.81243634223938,0.10381243634223938,20505537,60
ego,equalize,889,1000,0.0018398761749267578,100.05124044418335,0.10005124044418336,20609527,60
ego,equalize,890,1000,0.0018641948699951172,97.11708188056946,0.09711708188056946,19958613,60
ego,equalize,891,1000,0.0024116039276123047,92.90402364730835,0.09290402364730835,18417413,60
ego,equalize,892,1000,0.001834869384765625,95.37132573127747,0.09537132573127746,18674154,60
ego,equalize,893,1000,0.0019414424896240234,104.94254398345947,0.10494254398345947,19874932,60
ego,equalize,894,1000,0.0023212432861328125,94.62476658821106,0.09462476658821106,19895320,60
ego,equalize,895,1000,0.0017857551574707031,99.85836815834045,0.09985836815834045,19964019,60
ego,equalize,896,1000,0.001912832260131836,100.6568238735199,0.1006568238735199,20278492,60
ego,equalize,897,1000,0.002416372299194336,96.24972033500671,0.09624972033500671,18736547,60
ego,equalize,898,1000,0.0018491744995117188,94.94125747680664,0.09494125747680664,19845550,60
ego,equalize,899,1000,0.0019419193267822266,102.00870728492737,0.10200870728492736,20007740,60
ego,equalize,900,1000,0.002384662628173828,101.13077592849731,0.10113077592849731,20786058,60
ego,equalize,901,1000,0.001865386962890625,101.99128675460815,0.10199128675460815,20516598,60
ego,equalize,902,1000,0.001935720443725586,94.44914150238037,0.09444914150238037,19673508,60
ego,equalize,903,1000,0.0024673938751220703,104.2221405506134,0.1042221405506134,20131880,60
ego,equalize,904,1000,0.0018475055694580078,95.49272847175598,0.09549272847175598,19594309,60
ego,equalize,905,1000,0.0019314289093017578,99.69091463088989,0.09969091463088989,19677959,60
ego,equalize,906,1000,0.002325773239135742,99.767324924469,0.09976732492446899,19166024,60
ego,equalize,907,1000,0.0019257068634033203,103.41037178039551,0.10341037178039551,20814946,60
ego,equalize,908,1000,0.001909494400024414,96.45772051811218,0.09645772051811219,19936588,60
ego,equalize,909,1000,0.002595186233520508,94.59556150436401,0.09459556150436402,19941213,60
ego,equalize,910,1000,0.0018353462219238281,110.30876040458679,0.11030876040458679,20628290,60
ego,equalize,911,1000,0.0019838809967041016,98.33996820449829,0.0983399682044983,20310847,60
ego,equalize,912,1000,0.0023555755615234375,91.85099458694458,0.09185099458694458,18517522,60
ego,equalize,913,1000,0.0018503665924072266,104.11906862258911,0.10411906862258911,20895949,60
ego,equalize,914,1000,0.0018780231475830078,93.79497003555298,0.09379497003555298,18319049,60
ego,equalize,915,1000,0.0024900436401367188,105.43185329437256,0.10543185329437256,21179795,60
ego,equalize,916,1000,0.0018393993377685547,98.05986070632935,0.09805986070632934,19681794,60
ego,equalize,917,1000,0.0019381046295166016,100.17230010032654,0.10017230010032654,20732979,60
ego,equalize,918,1000,0.0024411678314208984,93.16772818565369,0.09316772818565369,18756767,60
ego,equalize,919,1000,0.0018956661224365234,94.50446510314941,0.09450446510314942,19589633,60
ego,equalize,920,1000,0.0019559860229492188,97.10640120506287,0.09710640120506286,20404338,60
ego,equalize,921,1000,0.0024633407592773438,96.85051393508911,0.09685051393508912,19984839,60
ego,equalize,922,1000,0.0018856525421142578,99.46617269515991,0.09946617269515991,20548954,60
ego,equalize,923,1000,0.001956462860107422,100.87155413627625,0.10087155413627624,20965253,60
ego,equalize,924,1000,0.0024340152740478516,96.55144500732422,0.09655144500732422,19831463,60
ego,equalize,925,1000,0.0017991065979003906,104.10545921325684,0.10410545921325684,20768748,60
ego,equalize,926,1000,0.0018835067749023438,98.65809607505798,0.09865809607505799,20260794,60
ego,equalize,927,1000,0.0024232864379882812,98.32204675674438,0.09832204675674439,19332687,60
ego,equalize,928,1000,0.0018463134765625,96.85061740875244,0.09685061740875243,19814660,60
ego,equalize,929,1000,0.0020208358764648438,97.99590492248535,0.09799590492248535,20332570,60
ego,equalize,930,1000,0.0024514198303222656,97.16519618034363,0.09716519618034362,20075512,60
ego,equalize,931,1000,0.0018754005432128906,104.60575532913208,0.10460575532913208,20058365,60
ego,equalize,932,1000,0.0019698143005371094,101.78786540031433,0.10178786540031433,20748841,60
ego,equalize,933,1000,0.0025076866149902344,97.20919156074524,0.09720919156074524,19923476,60
ego,equalize,934,1000,0.0017533302307128906,99.82517313957214,0.09982517313957215,20042697,60
ego,equalize,935,1000,0.0019385814666748047,95.91367793083191,0.09591367793083191,19919670,60
ego,equalize,936,1000,0.0024733543395996094,96.3754186630249,0.0963754186630249,19769417,60
ego,equalize,937,1000,0.0018100738525390625,98.09608602523804,0.09809608602523803,19773171,60
ego,equalize,938,1000,0.001903533935546875,98.71469783782959,0.09871469783782959,20271772,60
ego,equalize,939,1000,0.0025336742401123047,104.44368004798889,0.10444368004798889,19765264,60
ego,equalize,940,1000,0.0018413066864013672,112.43750858306885,0.11243750858306885,21143720,60
ego,equalize,941,1000,0.0019659996032714844,103.92425727844238,0.10392425727844239,21022158,60
ego,equalize,942,1000,0.0025289058685302734,97.02535700798035,0.09702535700798035,20413946,60
ego,equalize,943,1000,0.0018379688262939453,102.50903701782227,0.10250903701782227,20904920,60
ego,equalize,944,1000,0.0019364356994628906,95.85124802589417,0.09585124802589416,19477544,60
ego,equalize,945,1000,0.0025768280029296875,94.89159083366394,0.09489159083366394,18692887,60
ego,equalize,946,1000,0.0018224716186523438,91.04281425476074,0.09104281425476074,18709673,60
ego,equalize,947,1000,0.0019648075103759766,103.40745139122009,0.1034074513912201,20092431,60
ego,equalize,948,1000,0.002483844757080078,97.74964618682861,0.09774964618682862,19576930,60
ego,equalize,949,1000,0.0017974376678466797,97.8104259967804,0.0978104259967804,19809449,60
ego,equalize,950,1000,0.001997709274291992,101.77918934822083,0.10177918934822082,20674114,60
ego,equalize,951,1000,0.002542734146118164,103.30836391448975,0.10330836391448975,20921130,60
ego,equalize,952,1000,0.0017998218536376953,99.21796989440918,0.09921796989440917,20402327,60
ego,equalize,953,1000,0.0019373893737792969,95.02963280677795,0.09502963280677795,18836546,60
ego,equalize,954,1000,0.002507448196411133,107.74388194084167,0.10774388194084167,20742010,60
ego,equalize,955,1000,0.0017709732055664062,99.33133006095886,0.09933133006095886,19385146,60
ego,equalize,956,1000,0.0018849372863769531,101.37130236625671,0.10137130236625672,19616380,60
ego,equalize,957,1000,0.002553224563598633,103.07336020469666,0.10307336020469665,19351495,60
ego,equalize,958,1000,0.0017802715301513672,102.59133434295654,0.10259133434295654,20369153,60
ego,equalize,959,1000,0.0020020008087158203,99.02708506584167,0.09902708506584168,21322270,60
ego,equalize,960,1000,0.002444744110107422,91.79853367805481,0.09179853367805481,18512542,60
ego,equalize,961,1000,0.001745462417602539,107.04384183883667,0.10704384183883667,21148115,60
ego,equalize,962,1000,0.001995563507080078,101.6899242401123,0.1016899242401123,20812009,60
ego,equalize,963,1000,0.0025947093963623047,101.54302072525024,0.10154302072525025,20641743,60
ego,equalize,964,1000,0.0017559528350830078,98.2645480632782,0.0982645480632782,19997527,60
ego,equalize,965,1000,0.001979351043701172,102.36446571350098,0.10236446571350098,21012126,60
ego,equalize,966,1000,0.0024995803833007812,108.24361610412598,0.10824361610412597,20955665,60
ego,equalize,967,1000,0.0017576217651367188,97.09643745422363,0.09709643745422364,19214294,60
ego,equalize,968,1000,0.0019419193267822266,100.16633582115173,0.10016633582115174,20515885,60
ego,equalize,969,1000,0.0026726722717285156,102.62759208679199,0.102627592086792,20700488,60
ego,equalize,970,1000,0.0017921924591064453,102.75986957550049,0.10275986957550048,21025533,60
ego,equalize,971,1000,0.0019986629486083984,97.85821104049683,0.09785821104049683,20140526,60
ego,equalize,972,1000,0.002607107162475586,99.7833423614502,0.0997833423614502,20541714,60
ego,equalize,973,1000,0.0017702579498291016,102.18451976776123,0.10218451976776123,19846221,60
ego,equalize,974,1000,0.0019774436950683594,101.49624443054199,0.10149624443054199,20549203,60
ego,equalize,975,1000,0.002571582794189453,95.57883667945862,0.09557883667945861,19320830,60
ego,equalize,976,1000,0.0017921924591064453,106.00441336631775,0.10600441336631775,20290407,60
ego,equalize,977,1000,0.0019767284393310547,103.38395738601685,0.10338395738601684,20687896,60
ego,equalize,978,1000,0.0025856494903564453,101.83055377006531,0.10183055377006531,20611829,60
ego,equalize,979,1000,0.0017843246459960938,101.31238031387329,0.1013123803138733,19113131,60
ego,equalize,980,1000,0.0017762184143066406,95.3302812576294,0.09533028125762939,19694098,60
ego,equalize,981,1000,0.002193927764892578,97.80594515800476,0.09780594515800477,20814168,60
ego,equalize,982,1000,0.002115964889526367,99.98767352104187,0.09998767352104188,20900596,60
ego,equalize,983,1000,0.001997232437133789,99.67225933074951,0.09967225933074951,20141580,60
ego,equalize,984,1000,0.0023043155670166016,100.7516679763794,0.1007516679763794,20170302,60
ego,equalize,985,1000,0.002213716506958008,100.04830431938171,0.10004830431938172,19375616,60
ego,equalize,986,1000,0.002004861831665039,97.62443399429321,0.09762443399429321,19345850,60
ego,equalize,987,1000,0.002271890640258789,102.77051281929016,0.10277051281929016,21148230,60
ego,equalize,988,1000,0.0020089149475097656,101.46643328666687,0.10146643328666687,20153200,60
ego,equalize,989,1000,0.0019326210021972656,99.91983699798584,0.09991983699798584,20296026,60
ego,equalize,990,1000,0.00225830078125,97.98129487037659,0.09798129487037659,19219176,60
ego,equalize,991,1000,0.0019898414611816406,98.72052574157715,0.09872052574157715,19581996,60
ego,equalize,992,1000,0.0018992424011230469,92.24189019203186,0.09224189019203186,18675125,60
ego,equalize,993,1000,0.002192258834838867,100.0271418094635,0.1000271418094635,20432694,60
ego,equalize,994,1000,0.0019741058349609375,99.17595624923706,0.09917595624923706,19970366,60
ego,equalize,995,1000,0.0019218921661376953,97.70160150527954,0.09770160150527954,20044690,60
ego,equalize,996,1000,0.002279043197631836,106.3172881603241,0.1063172881603241,20717191,60
ego,equalize,997,1000,0.0021021366119384766,100.19343590736389,0.10019343590736389,20480689,60
ego,equalize,998,1000,0.001909494400024414,103.41688227653503,0.10341688227653503,20767103,60
ego,equalize,999,1000,0.002212047576904297,99.5130877494812,0.0995130877494812,19895148,60
