network,method,variant_index,variation_seed,uncertainty,proportion_edges,done
pud,equalize,0,3734154003,0.0001,0.004772351124634,True
pud,equalize,1,3186587469,0.0001,0.09981935990650918,True
pud,equalize,2,2064431263,0.0001,0.02877822012614836,True
pud,equalize,3,2921280402,0.0001,0.025979669031606957,True
pud,equalize,4,1019403083,0.0001,0.020243749829566195,True
pud,equalize,5,2900224567,0.0001,0.036609986897760016,True
pud,equalize,6,2700840707,0.0001,0.0822951502323242,True
pud,equalize,7,3410059598,0.0001,0.015307526062387822,True
pud,equalize,8,1896416520,0.0001,0.07066826924018114,True
pud,equalize,9,877889889,0.0001,0.01834546345951772,True
pud,equalize,10,150370821,0.0001,0.03282695538358005,True
pud,equalize,11,2360733065,0.0001,0.007572832095518034,True
pud,equalize,12,907230640,0.0001,0.06968499688977768,True
pud,equalize,13,798248490,0.0001,0.09445343847546248,True
pud,equalize,14,1534832996,0.0001,0.02970377577622937,True
pud,equalize,15,2374614226,0.0001,0.032212618057521535,True
pud,equalize,16,2846442906,0.0001,0.0555619697556615,True
pud,equalize,17,2973467770,0.0001,0.08772837521888939,True
pud,equalize,18,1629916369,0.0001,0.07163139210681234,True
pud,equalize,19,1956231758,0.0001,0.081065855515531,True
pud,equalize,20,2960347869,0.0001,0.019056023872883812,True
pud,equalize,21,2193350118,0.0001,0.07778020451355998,True
pud,equalize,22,159685708,0.0001,0.06751727054693567,True
pud,equalize,23,3653344140,0.0001,0.09386561100635969,True
pud,equalize,24,1618662884,0.0001,0.08799577322291008,True
pud,equalize,25,4146090686,0.0001,0.07612349508459067,True
pud,equalize,26,1509952308,0.0001,0.014440200251182212,True
pud,equalize,27,732608822,0.0001,0.09506427589073081,True
pud,equalize,28,3586423296,0.0001,0.038028705877970165,True
pud,equalize,29,3443619693,0.0001,0.02078811074408229,True
pud,equalize,30,964924135,0.0001,0.07788118480804423,True
pud,equalize,31,1404814912,0.0001,0.07194338701070124,True
pud,equalize,32,352630081,0.0001,0.05542849701901612,True
pud,equalize,33,2253003152,0.0001,0.02578405441050722,True
pud,equalize,34,1156191026,0.0001,0.07744665243194217,True
pud,equalize,35,2983232260,0.0001,0.06094707491808419,True
pud,equalize,36,4012671159,0.0001,0.09472326541612736,True
pud,equalize,37,2547023247,0.0001,0.09907633864047911,True
pud,equalize,38,3935224639,0.0001,0.0870790681191458,True
pud,equalize,39,1123738524,0.0001,0.09490935953652077,True
pud,equalize,40,3280674636,0.0001,0.06242891314368546,True
pud,equalize,41,686969787,0.0001,0.013107106110269563,True
pud,equalize,42,1541858294,0.0001,0.008853885546716279,True
pud,equalize,43,1360040400,0.0001,0.09286095206794005,True
pud,equalize,44,2491100772,0.0001,0.08712676657398531,True
pud,equalize,45,1142986200,0.0001,0.051486195909398125,True
pud,equalize,46,2329259398,0.0001,0.011392547827567979,True
pud,equalize,47,2425075876,0.0001,0.056855997220986915,True
pud,equalize,48,3351096500,0.0001,0.05997319493715504,True
pud,equalize,49,3063207546,0.0001,0.008685734940177292,True
pud,equalize,50,1712482617,0.0001,0.07608838161047479,True
pud,equalize,51,2835922143,0.0001,0.09150714522242098,True
pud,equalize,52,2286474431,0.0001,0.09521618021150786,True
pud,equalize,53,1220378115,0.0001,0.0009824686508125625,True
pud,equalize,54,1000745071,0.0001,0.0637145703827528,True
pud,equalize,55,2422334696,0.0001,0.05483748713742547,True
pud,equalize,56,1809098390,0.0001,0.04533950632887938,True
pud,equalize,57,2635239417,0.0001,0.044552457240951526,True
pud,equalize,58,3649341240,0.0001,0.0729772906589451,True
pud,equalize,59,385883789,0.0001,0.051948145639310786,True
pud,equalize,60,2682539680,0.0001,0.05192264792535494,True
pud,equalize,61,802395091,0.0001,0.07502432501266182,True
pud,equalize,62,2050235730,0.0001,0.08033351205375079,True
pud,equalize,63,855788552,0.0001,0.06531116273687976,True
pud,equalize,64,1388148674,0.0001,0.09236169694214552,True
pud,equalize,65,2442032015,0.0001,0.09263779834263519,True
pud,equalize,66,3645679763,0.0001,0.09746213205643535,True
pud,equalize,67,3508516147,0.0001,0.015591815899778018,True
pud,equalize,68,1341388602,0.0001,0.06371788811979105,True
pud,equalize,69,2529716113,0.0001,0.04861435267049474,True
pud,equalize,70,1497489120,0.0001,0.004684395969535438,True
pud,equalize,71,4211174143,0.0001,0.09307551468982768,True
pud,equalize,72,2936337532,0.0001,0.08364407659010811,True
pud,equalize,73,2935442320,0.0001,0.03247074809570183,True
pud,equalize,74,198839675,0.0001,0.08760555976029394,True
pud,equalize,75,2279575079,0.0001,0.025581473807078516,True
pud,equalize,76,2014265740,0.0001,0.08915734194071381,True
pud,equalize,77,556061220,0.0001,0.054015938907693566,True
pud,equalize,78,3473703501,0.0001,0.05847174918659104,True
pud,equalize,79,1310520764,0.0001,0.021733876927599906,True
pud,equalize,80,2053345736,0.0001,0.0033250492120803447,True
pud,equalize,81,3572890169,0.0001,0.054160696474353114,True
pud,equalize,82,2155657998,0.0001,0.04840669546149943,True
pud,equalize,83,4035774884,0.0001,0.035499806170503405,True
pud,equalize,84,3178017391,0.0001,0.025843197252535446,True
pud,equalize,85,1208675821,0.0001,0.03692195582474025,True
pud,equalize,86,1817190915,0.0001,0.0036859585026280508,True
pud,equalize,87,3391338082,0.0001,0.07419154939023569,True
pud,equalize,88,1159415673,0.0001,0.0491132336898812,True
pud,equalize,89,1462590846,0.0001,0.020576387146893305,True
pud,equalize,90,4000448396,0.0001,0.05109504912079289,True
pud,equalize,91,3167823958,0.0001,0.023426843454134674,True
pud,equalize,92,2604152931,0.0001,0.006833632570841886,True
pud,equalize,93,2344789952,0.0001,0.07702417629941453,True
pud,equalize,94,612316107,0.0001,0.07590128405118579,True
pud,equalize,95,4203521739,0.0001,0.08813168133109896,True
pud,equalize,96,4037189167,0.0001,0.028997197285329068,True
pud,equalize,97,1959069493,0.0001,0.016185255367929842,True
pud,equalize,98,1195900396,0.0001,0.046113275049884696,True
pud,equalize,99,1854702345,0.0001,0.03109457034358464,True
pud,equalize,100,2748153563,0.0001,0.08843270052816246,True
pud,equalize,101,2364148922,0.0001,0.09329001574728654,True
pud,equalize,102,4126681126,0.0001,0.05492380720864592,True
pud,equalize,103,996972798,0.0001,0.03629603142571324,True
pud,equalize,104,511527542,0.0001,0.009302896400540805,True
pud,equalize,105,3588644556,0.0001,0.02812451897554279,True
pud,equalize,106,514606345,0.0001,0.005382505531679638,True
pud,equalize,107,520880747,0.0001,0.010512451786455303,True
pud,equalize,108,3026702530,0.0001,0.02157209019514298,True
pud,equalize,109,3941024906,0.0001,0.03387681563374696,True
pud,equalize,110,2316250878,0.0001,0.08807547859394188,True
pud,equalize,111,550789400,0.0001,0.08962292762672487,True
pud,equalize,112,4203676874,0.0001,0.061864383740972834,True
pud,equalize,113,2041850228,0.0001,0.050916545227142375,True
pud,equalize,114,1967408483,0.0001,0.09129808801656691,True
pud,equalize,115,2820351251,0.0001,0.09459404593087883,True
pud,equalize,116,4209970697,0.0001,0.09851469440189597,True
pud,equalize,117,4149840906,0.0001,0.06947527750496771,True
pud,equalize,118,2456451447,0.0001,0.05806880379914774,True
pud,equalize,119,656673805,0.0001,0.07878806270925905,True
pud,equalize,120,1130923545,0.0001,0.08923129532089533,True
pud,equalize,121,2725725615,0.0001,0.03125019719349249,True
pud,equalize,122,1177162026,0.0001,0.09123773121330289,True
pud,equalize,123,200817289,0.0001,0.03717678563248899,True
pud,equalize,124,1240797592,0.0001,0.06119853145034776,True
pud,equalize,125,651494930,0.0001,0.004526245102658799,True
pud,equalize,126,3671389901,0.0001,0.09534813986965524,True
pud,equalize,127,3979144993,0.0001,0.09312506193394188,True
pud,equalize,128,1423076196,0.0001,0.06573596065517187,True
pud,equalize,129,2229571987,0.0001,0.08652898943908693,True
pud,equalize,130,2867471389,0.0001,0.0555073755505207,True
pud,equalize,131,3037220514,0.0001,0.03162782048477882,True
pud,equalize,132,1124122071,0.0001,0.001609364675754621,True
pud,equalize,133,680845658,0.0001,0.020737914316941598,True
pud,equalize,134,2982452625,0.0001,0.060589773030808675,True
pud,equalize,135,3187943768,0.0001,0.04669035163344011,True
pud,equalize,136,1158676457,0.0001,0.05379749171664314,True
pud,equalize,137,154333429,0.0001,0.03664373145103646,True
pud,equalize,138,1205961392,0.0001,0.09204099935695753,True
pud,equalize,139,1669226102,0.0001,0.03870176046389833,True
pud,equalize,140,22200107,0.0001,0.07168031153506468,True
pud,equalize,141,3608395463,0.0001,0.041636858478100884,True
pud,equalize,142,997936344,0.0001,0.016495279142136787,True
pud,equalize,143,4235175820,0.0001,0.0586426551269125,True
pud,equalize,144,2830534844,0.0001,0.00482234257629488,True
pud,equalize,145,690251137,0.0001,0.09532287279749144,True
pud,equalize,146,1177881489,0.0001,0.043973903952108456,True
pud,equalize,147,968416522,0.0001,0.09644372440146365,True
pud,equalize,148,2062258277,0.0001,0.08078280406762689,True
pud,equalize,149,4072738868,0.0001,0.09922611493784633,True
pud,equalize,150,3021516023,0.0001,0.008977174072092432,True
pud,equalize,151,318619460,0.0001,0.0855477476258821,True
pud,equalize,152,1579227946,0.0001,0.08268176633732015,True
pud,equalize,153,3960091686,0.0001,0.0997905629151727,True
pud,equalize,154,3919092098,0.0001,0.05517439918208014,True
pud,equalize,155,3192530125,0.0001,0.08416470244143001,True
pud,equalize,156,2835261812,0.0001,0.017129220061991402,True
pud,equalize,157,675952796,0.0001,0.025324871887693612,True
pud,equalize,158,1183597494,0.0001,0.028041612803496253,True
pud,equalize,159,1833615221,0.0001,0.07135942013430499,True
pud,equalize,160,208258580,0.0001,0.09509503981218798,True
pud,equalize,161,2552945756,0.0001,0.0045302438003280935,True
pud,equalize,162,2739291997,0.0001,0.016312695413400993,True
pud,equalize,163,4125586496,0.0001,0.004255587445474641,True
pud,equalize,164,719610980,0.0001,0.019495658074484112,True
pud,equalize,165,3005195697,0.0001,0.02788571110096584,True
pud,equalize,166,1220838916,0.0001,0.03362149902189109,True
pud,equalize,167,40308594,0.0001,0.047692050823129384,True
pud,equalize,168,156497349,0.0001,0.07406451857720149,True
pud,equalize,169,3115343835,0.0001,0.04241793189444568,True
pud,equalize,170,3382983243,0.0001,0.08667808862235021,True
pud,equalize,171,175646663,0.0001,0.09016198820185085,True
pud,equalize,172,3102205301,0.0001,0.004093556623423633,True
pud,equalize,173,494106817,0.0001,0.05191208818843564,True
pud,equalize,174,3371868911,0.0001,0.006452074992398771,True
pud,equalize,175,2783637952,0.0001,0.003966296325163043,True
pud,equalize,176,3116405234,0.0001,0.007331408013261942,True
pud,equalize,177,1446205384,0.0001,0.06592519760394137,True
pud,equalize,178,2048420980,0.0001,0.015190913648360282,True
pud,equalize,179,4128490457,0.0001,0.006364314166996454,True
pud,equalize,180,3721711541,0.0001,0.0655321241204953,True
pud,equalize,181,3048312191,0.0001,0.03541620701362457,True
pud,equalize,182,638896295,0.0001,0.08351403718587347,True
pud,equalize,183,2932563763,0.0001,0.029571276492413968,True
pud,equalize,184,1697406745,0.0001,0.06207264798434351,True
pud,equalize,185,4162067970,0.0001,0.02411681944725851,True
pud,equalize,186,3094318197,0.0001,0.0002766984693894137,True
pud,equalize,187,4096745666,0.0001,0.043399724951208474,True
pud,equalize,188,2082518039,0.0001,0.01531459044242457,True
pud,equalize,189,2844879978,0.0001,0.019827829344553308,True
pud,equalize,190,2119268242,0.0001,0.039990338695172614,True
pud,equalize,191,930635728,0.0001,0.06371914348546993,True
pud,equalize,192,2189529208,0.0001,0.09864613881248852,True
pud,equalize,193,1247095027,0.0001,0.019912147473608855,True
pud,equalize,194,3979184988,0.0001,0.06857116132465023,True
pud,equalize,195,2251637893,0.0001,0.07013651027698564,True
pud,equalize,196,2173952920,0.0001,0.09531156338086223,True
pud,equalize,197,2766368278,0.0001,0.01463205546068419,True
pud,equalize,198,895255812,0.0001,0.060178259684789785,True
pud,equalize,199,2270461319,0.0001,0.0975403548526811,True
pud,equalize,200,81309160,0.0001,0.003273825922026319,True
pud,equalize,201,3973991188,0.0001,0.04381353406845676,True
pud,equalize,202,652054516,0.0001,0.04876519278655053,True
pud,equalize,203,1769581559,0.0001,0.010528644867624705,True
pud,equalize,204,1905143838,0.0001,0.0037478317365718383,True
pud,equalize,205,1621820778,0.0001,0.010302045311738707,True
pud,equalize,206,2265494828,0.0001,0.025642899990581305,True
pud,equalize,207,776954888,0.0001,0.05660698057589414,True
pud,equalize,208,3242727775,0.0001,0.016736105903238273,True
pud,equalize,209,2525728526,0.0001,0.020063447889340547,True
pud,equalize,210,3486474289,0.0001,0.010645842630530644,True
pud,equalize,211,2925066324,0.0001,0.08560078163130641,True
pud,equalize,212,1228659456,0.0001,0.04572174881742067,True
pud,equalize,213,3453156867,0.0001,0.07584862986014988,True
pud,equalize,214,3496971409,0.0001,0.024951702036354374,True
pud,equalize,215,3417228178,0.0001,0.08434708581043641,True
pud,equalize,216,3737380597,0.0001,0.0738875349969593,True
pud,equalize,217,162737173,0.0001,0.05358196820049321,True
pud,equalize,218,1309234306,0.0001,0.07799771749876651,True
pud,equalize,219,876934445,0.0001,0.08595784572392795,True
pud,equalize,220,781029684,0.0001,0.06156718472987163,True
pud,equalize,221,215138088,0.0001,0.07418275712134252,True
pud,equalize,222,3605640617,0.0001,0.04977343730521316,True
pud,equalize,223,2244679593,0.0001,0.0607564745240714,True
pud,equalize,224,2367255757,0.0001,0.021670722042589765,True
pud,equalize,225,3822852883,0.0001,0.008819879480213167,True
pud,equalize,226,916209650,0.0001,0.05375995978033104,True
pud,equalize,227,742989304,0.0001,0.027245591893654022,True
pud,equalize,228,2136984283,0.0001,0.08202051548902456,True
pud,equalize,229,318004111,0.0001,0.07074511815721451,True
pud,equalize,230,4135329944,0.0001,0.011738766809578716,True
pud,equalize,231,3734594124,0.0001,0.07702811292608602,True
pud,equalize,232,534803968,0.0001,0.06306425262354265,True
pud,equalize,233,2105567276,0.0001,0.047347488877576185,True
pud,equalize,234,1384363170,0.0001,0.038199961219947634,True
pud,equalize,235,2011967526,0.0001,0.09082410896271385,True
pud,equalize,236,2464434646,0.0001,0.03780916811955595,True
pud,equalize,237,1359448076,0.0001,0.029853450540562224,True
pud,equalize,238,1865869842,0.0001,0.09474492149734814,True
pud,equalize,239,3988870500,0.0001,0.01948547961254793,True
pud,equalize,240,3132141058,0.0001,0.09083158585129524,True
pud,equalize,241,2055649492,0.0001,0.004310167305400481,True
pud,equalize,242,2033430018,0.0001,0.08033812057035625,True
pud,equalize,243,2668303165,0.0001,0.05323195790321146,True
pud,equalize,244,3782877034,0.0001,0.03293445556998944,True
pud,equalize,245,3828344044,0.0001,0.08143096042366778,True
pud,equalize,246,1842899324,0.0001,0.021605182802470035,True
pud,equalize,247,87521357,0.0001,0.033738872009708536,True
pud,equalize,248,1670780180,0.0001,0.012942262183912224,True
pud,equalize,249,3198555498,0.0001,0.06851800463444922,True
pud,equalize,250,120991765,0.0001,0.07913302812875617,True
pud,equalize,251,776967991,0.0001,0.05045767814904978,True
pud,equalize,252,2630532228,0.0001,0.07173834203095018,True
pud,equalize,253,3596380787,0.0001,0.058135344733235006,True
pud,equalize,254,1881351991,0.0001,0.0013239509867133072,True
pud,equalize,255,758194395,0.0001,0.013774706408799565,True
pud,equalize,256,794031073,0.0001,0.08613480891837913,True
pud,equalize,257,223514062,0.0001,0.03263657695903693,True
pud,equalize,258,2293541109,0.0001,0.00878843570606982,True
pud,equalize,259,1829944525,0.0001,0.09781940138015587,True
pud,equalize,260,3571144454,0.0001,0.04943353973638134,True
pud,equalize,261,1823597168,0.0001,0.09642814237531626,True
pud,equalize,262,544390609,0.0001,0.016548197195012816,True
pud,equalize,263,2881367555,0.0001,0.0770843152362427,True
pud,equalize,264,4103849831,0.0001,0.02478613301504076,True
pud,equalize,265,73236452,0.0001,0.07006980789277228,True
pud,equalize,266,2925062762,0.0001,0.09347243486952661,True
pud,equalize,267,1685898200,0.0001,0.028890063473183694,True
pud,equalize,268,2836064101,0.0001,0.09877657201586976,True
pud,equalize,269,1695534536,0.0001,0.03818757507898556,True
pud,equalize,270,2260165407,0.0001,0.014022471541817561,True
pud,equalize,271,4178615983,0.0001,0.05454190033024156,True
pud,equalize,272,3816723124,0.0001,0.036584251874430256,True
pud,equalize,273,1718383646,0.0001,0.009259868774555513,True
pud,equalize,274,2370823770,0.0001,0.0451035351530026,True
pud,equalize,275,3739587926,0.0001,0.09714929672600449,True
pud,equalize,276,118351076,0.0001,0.06277392875461625,True
pud,equalize,277,742882587,0.0001,0.08303860532305933,True
pud,equalize,278,452840725,0.0001,0.07426523020661778,True
pud,equalize,279,1658384351,0.0001,0.03892916047011083,True
pud,equalize,280,1911276346,0.0001,0.05057064346368963,True
pud,equalize,281,4179302329,0.0001,0.048376257397226674,True
pud,equalize,282,3197414725,0.0001,0.03191479260582739,True
pud,equalize,283,2106374590,0.0001,0.08907629967206675,True
pud,equalize,284,124636130,0.0001,0.029726603173033862,True
pud,equalize,285,288894135,0.0001,0.09806058575940632,True
pud,equalize,286,3000794241,0.0001,0.04718491511334673,True
pud,equalize,287,1830772367,0.0001,0.08599246739425816,True
pud,equalize,288,4161656295,0.0001,0.029534424387811134,True
pud,equalize,289,4027059137,0.0001,0.06330681093890751,True
pud,equalize,290,1263616452,0.0001,0.056037010282259984,True
pud,equalize,291,4235245106,0.0001,0.0008485096645575508,True
pud,equalize,292,1512800962,0.0001,0.08127647127016986,True
pud,equalize,293,614817110,0.0001,0.029152778232253075,True
pud,equalize,294,4183887752,0.0001,0.0933720322007762,True
pud,equalize,295,1295938412,0.0001,0.0011873732741891298,True
pud,equalize,296,1451245924,0.0001,0.01741876969381886,True
pud,equalize,297,3930207675,0.0001,0.00849434154885821,True
pud,equalize,298,2875823421,0.0001,0.06758735048812882,True
pud,equalize,299,1876424784,0.0001,0.08720515285857793,True
pud,equalize,300,2783784122,0.0001,0.079728497110912,True
pud,equalize,301,852537588,0.0001,0.07703385178598038,True
pud,equalize,302,808409172,0.0001,0.05859964321020225,True
pud,equalize,303,833421334,0.0001,0.05404772647024721,True
pud,equalize,304,647366652,0.0001,0.07304694902823232,True
pud,equalize,305,2901853841,0.0001,0.0422164977188645,True
pud,equalize,306,2758493202,0.0001,0.052104164132933055,True
pud,equalize,307,490351870,0.0001,0.04582601128334285,True
pud,equalize,308,3725567698,0.0001,0.03893964983331132,True
pud,equalize,309,2661754084,0.0001,0.03801624109454341,True
pud,equalize,310,833149178,0.0001,0.07392884911713044,True
pud,equalize,311,553751873,0.0001,0.08290141623426273,True
pud,equalize,312,3255195135,0.0001,0.03510979534595735,True
pud,equalize,313,3486152066,0.0001,0.020690870842568057,True
pud,equalize,314,1019155120,0.0001,0.03617089908535972,True
pud,equalize,315,3562451612,0.0001,0.08072255036607866,True
pud,equalize,316,2722933625,0.0001,0.06646187688179378,True
pud,equalize,317,69331830,0.0001,0.09641308738353357,True
pud,equalize,318,2799978305,0.0001,0.08656466516930986,True
pud,equalize,319,3470847918,0.0001,0.06325015398040587,True
pud,equalize,320,3107961020,0.0001,0.016041151462027236,True
pud,equalize,321,1870741608,0.0001,0.08993183736645034,True
pud,equalize,322,2609871423,0.0001,0.04855757416729232,True
pud,equalize,323,4203491546,0.0001,0.036164213838477115,True
pud,equalize,324,1574068777,0.0001,0.015711233870637966,True
pud,equalize,325,2316838958,0.0001,0.07684435613549212,True
pud,equalize,326,2623914893,0.0001,0.07962953386192048,True
pud,equalize,327,584321689,0.0001,0.018662302567509826,True
pud,equalize,328,3215487491,0.0001,0.06004494886549429,True
pud,equalize,329,2157555066,0.0001,0.029139405110166706,True
pud,equalize,330,54172495,0.0001,0.03419769179493755,True
pud,equalize,331,2522087898,0.0001,0.012295585956006595,True
pud,equalize,332,4037397884,0.0001,0.06996420969460711,True
pud,equalize,333,2116874637,0.0001,0.025880665122405257,True
pud,equalize,334,458668385,0.0001,0.03571694923664568,True
pud,equalize,335,1749662225,0.0001,0.0969939191615557,True
pud,equalize,336,3814902574,0.0001,0.028386213860187016,True
pud,equalize,337,1692754507,0.0001,0.05513197942373232,True
pud,equalize,338,496794706,0.0001,0.03671257742942904,True
pud,equalize,339,1138202811,0.0001,0.06491467908647855,True
pud,equalize,340,434482873,0.0001,0.042545624306914526,True
pud,equalize,341,2241089792,0.0001,0.09761561639699233,True
pud,equalize,342,776479127,0.0001,0.0016610006517247756,True
pud,equalize,343,1171030158,0.0001,0.045310974222138214,True
pud,equalize,344,767130558,0.0001,0.0989488241209579,True
pud,equalize,345,2694141864,0.0001,0.0563667446630888,True
pud,equalize,346,39874931,0.0001,0.027248309521937575,True
pud,equalize,347,3291618676,0.0001,0.03638150991121306,True
pud,equalize,348,1759287150,0.0001,0.08726759120112068,True
pud,equalize,349,416720222,0.0001,0.07822732767118461,True
pud,equalize,350,1429503129,0.0001,0.04736765229659917,True
pud,equalize,351,545071087,0.0001,0.09483270647205068,True
pud,equalize,352,2787331522,0.0001,0.03833159767474875,True
pud,equalize,353,3055989582,0.0001,0.03611706353668392,True
pud,equalize,354,3941319613,0.0001,0.0615964650376811,True
pud,equalize,355,2319654198,0.0001,0.09581831882080202,True
pud,equalize,356,3592103640,0.0001,0.03357715782950932,True
pud,equalize,357,2830245921,0.0001,0.05612194906847974,True
pud,equalize,358,152316141,0.0001,0.058982413485228084,True
pud,equalize,359,4100346546,0.0001,0.09963082942778899,True
pud,equalize,360,1685688585,0.0001,0.03633412477365607,True
pud,equalize,361,525439385,0.0001,0.033505387853167055,True
pud,equalize,362,3864478236,0.0001,0.051397654396449624,True
pud,equalize,363,3103319397,0.0001,0.08017133155905659,True
pud,equalize,364,2049182533,0.0001,0.01444384223590265,True
pud,equalize,365,2150703367,0.0001,0.07871386029947632,True
pud,equalize,366,520878090,0.0001,0.03962426625935516,True
pud,equalize,367,264957756,0.0001,0.08654243348266717,True
pud,equalize,368,1607535007,0.0001,0.0358868790766669,True
pud,equalize,369,3335740304,0.0001,0.09084253488302885,True
pud,equalize,370,2708025676,0.0001,0.06919990812049696,True
pud,equalize,371,3161267628,0.0001,0.0010391061993650032,True
pud,equalize,372,1185005921,0.0001,0.028833289491591686,True
pud,equalize,373,227018933,0.0001,0.0015037319594226274,True
pud,equalize,374,2378116362,0.0001,0.04691827067297334,True
pud,equalize,375,600971370,0.0001,0.01934781912881538,True
pud,equalize,376,3378864803,0.0001,0.08829604466377758,True
pud,equalize,377,1365424543,0.0001,0.07472681926236567,True
pud,equalize,378,3247317423,0.0001,0.06816064404536858,True
pud,equalize,379,2767776894,0.0001,0.01815340574185219,True
pud,equalize,380,3066664260,0.0001,0.07876457489461855,True
pud,equalize,381,2244018133,0.0001,0.02770607980039195,True
pud,equalize,382,1668540238,0.0001,0.050946407562025,True
pud,equalize,383,2276627254,0.0001,0.08786990187555839,True
pud,equalize,384,1189271177,0.0001,0.09081896796642956,True
pud,equalize,385,1021630280,0.0001,0.049050938304947715,True
pud,equalize,386,1503486144,0.0001,0.009074694633669255,True
pud,equalize,387,1217759888,0.0001,0.07974400250669965,True
pud,equalize,388,1698997675,0.0001,0.09449026915726184,True
pud,equalize,389,1748306551,0.0001,0.07883644578348176,True
pud,equalize,390,3153185570,0.0001,0.009707383986760344,True
pud,equalize,391,1008217764,0.0001,0.06663792908594078,True
pud,equalize,392,2565659330,0.0001,0.06533328375168464,True
pud,equalize,393,1534209382,0.0001,0.09171142214311152,True
pud,equalize,394,314623447,0.0001,0.058200295816989205,True
pud,equalize,395,1328885900,0.0001,0.03697313011994481,True
pud,equalize,396,2091150702,0.0001,0.08518714087067616,True
pud,equalize,397,1941618060,0.0001,0.09107926200301525,True
pud,equalize,398,648804289,0.0001,0.01921613669475395,True
pud,equalize,399,3925079288,0.0001,0.06852609165227304,True
pud,equalize,400,1209269821,0.0001,0.005032932518482614,True
pud,equalize,401,2028909635,0.0001,0.09508968680942062,True
pud,equalize,402,2885832852,0.0001,0.017309454905036048,True
pud,equalize,403,3925951094,0.0001,0.07721402731018766,True
pud,equalize,404,848703723,0.0001,0.054568375944569716,True
pud,equalize,405,1422803696,0.0001,0.056461689296969486,True
pud,equalize,406,1978318132,0.0001,0.01316817604540168,True
pud,equalize,407,1182275987,0.0001,0.03408575112127631,True
pud,equalize,408,3257641842,0.0001,0.09283487143863595,True
pud,equalize,409,927126689,0.0001,0.08915033536540151,True
pud,equalize,410,2032536682,0.0001,0.07283062794219453,True
pud,equalize,411,1362155429,0.0001,0.060344219734526854,True
pud,equalize,412,313500694,0.0001,0.0854011009596269,True
pud,equalize,413,2492900429,0.0001,0.01734121944940267,True
pud,equalize,414,3156531559,0.0001,0.051542571723735275,True
pud,equalize,415,3978262004,0.0001,0.04847286488691244,True
pud,equalize,416,1700782008,0.0001,0.009755171486200032,True
pud,equalize,417,3804778984,0.0001,0.014194567629182165,True
pud,equalize,418,411709598,0.0001,0.093685197760161,True
pud,equalize,419,370900136,0.0001,0.05244176791527806,True
pud,equalize,420,2890071152,0.0001,0.06522386598874079,True
pud,equalize,421,3767256836,0.0001,0.08531170274473963,True
pud,equalize,422,1259879667,0.0001,0.07266732526928882,True
pud,equalize,423,1412387953,0.0001,0.000693443886518641,True
pud,equalize,424,1332431138,0.0001,0.07483665291379667,True
pud,equalize,425,78721026,0.0001,0.047891170738492056,True
pud,equalize,426,273979241,0.0001,0.00010018842318352262,True
pud,equalize,427,1384277233,0.0001,0.029250478358123867,True
pud,equalize,428,3894490923,0.0001,0.00027438740973355634,True
pud,equalize,429,1034738321,0.0001,0.03150370860073456,True
pud,equalize,430,3651084694,0.0001,0.016473973369772254,True
pud,equalize,431,1504026720,0.0001,0.04163765455001971,True
pud,equalize,432,847870706,0.0001,0.0613315254737487,True
pud,equalize,433,4145622277,0.0001,0.018573674446283474,True
pud,equalize,434,858072054,0.0001,0.019480275677865467,True
pud,equalize,435,4124575991,0.0001,0.018987673632416782,True
pud,equalize,436,2997327696,0.0001,0.0986637150982908,True
pud,equalize,437,1802039484,0.0001,0.08040232163289701,True
pud,equalize,438,3732909678,0.0001,0.0007957916329235815,True
pud,equalize,439,4020817737,0.0001,0.07348271310969723,True
pud,equalize,440,3448946970,0.0001,0.035547639963350565,True
pud,equalize,441,293993331,0.0001,0.08085422834375172,True
pud,equalize,442,3881344153,0.0001,0.09174280963317619,True
pud,equalize,443,1821616724,0.0001,0.08973364379024729,True
pud,equalize,444,1135202941,0.0001,0.048436923462438324,True
pud,equalize,445,317748975,0.0001,0.06091511068442978,True
pud,equalize,446,1763139222,0.0001,0.025566090583055548,True
pud,equalize,447,746463105,0.0001,0.0006846764528929628,True
pud,equalize,448,945690901,0.0001,0.040972927624536595,True
pud,equalize,449,3433587441,0.0001,0.03388359962245002,True
pud,equalize,450,518996621,0.0001,0.008037129285728528,True
pud,equalize,451,4052040838,0.0001,0.037573563701107864,True
pud,equalize,452,1085271155,0.0001,0.04912123731457581,True
pud,equalize,453,3680765945,0.0001,0.09169058730998217,True
pud,equalize,454,4208797435,0.0001,0.031274838856265176,True
pud,equalize,455,3306650968,0.0001,0.030866203131023486,True
pud,equalize,456,2162480755,0.0001,0.08716650435763529,True
pud,equalize,457,2169774920,0.0001,0.026869211618403145,True
pud,equalize,458,1521474955,0.0001,0.07491118465441825,True
pud,equalize,459,647659586,0.0001,0.0173558187793607,True
pud,equalize,460,3075513311,0.0001,0.06960102197960158,True
pud,equalize,461,3694269701,0.0001,0.07606660665205829,True
pud,equalize,462,10526099,0.0001,0.035703252381679894,True
pud,equalize,463,1226502867,0.0001,0.004572440035304404,True
pud,equalize,464,3470797982,0.0001,0.025920178004056074,True
pud,equalize,465,4199897271,0.0001,0.031852292098495286,True
pud,equalize,466,141188969,0.0001,0.037132475177327054,True
pud,equalize,467,298828918,0.0001,0.09006568073288607,True
pud,equalize,468,231035984,0.0001,0.05171246746905637,True
pud,equalize,469,1129529050,0.0001,0.07645185954507772,True
pud,equalize,470,1568739110,0.0001,0.01946572217552647,True
pud,equalize,471,2657020672,0.0001,0.06827527896368454,True
pud,equalize,472,3997994492,0.0001,0.04576012790331614,True
pud,equalize,473,1045509874,0.0001,0.011617793513052999,True
pud,equalize,474,3934612247,0.0001,0.025837250611495045,True
pud,equalize,475,3758000985,0.0001,0.03405351103921036,True
pud,equalize,476,4181967178,0.0001,0.02767045747069763,True
pud,equalize,477,86032726,0.0001,0.048425756537583076,True
pud,equalize,478,965243819,0.0001,0.01784055634547138,True
pud,equalize,479,2908729888,0.0001,0.08736260388624423,True
pud,equalize,480,420135723,0.0001,0.072895737789798,True
pud,equalize,481,4004863349,0.0001,0.03496361370773726,True
pud,equalize,482,807070853,0.0001,0.06382180855353004,True
pud,equalize,483,1876375442,0.0001,0.07503602344796222,True
pud,equalize,484,401113896,0.0001,0.08591577132884831,True
pud,equalize,485,1109290659,0.0001,0.09635438927050109,True
pud,equalize,486,4052718471,0.0001,0.0665082773905508,True
pud,equalize,487,835160569,0.0001,0.06676502780574385,True
pud,equalize,488,819549957,0.0001,0.08458414883374155,True
pud,equalize,489,597460308,0.0001,0.06513054627407988,True
pud,equalize,490,506516661,0.0001,0.07207583927821597,True
pud,equalize,491,3896589198,0.0001,0.07836093063076417,True
pud,equalize,492,513401664,0.0001,0.030765311072887293,True
pud,equalize,493,1075873500,0.0001,0.08806334738820563,True
pud,equalize,494,2691246906,0.0001,0.0996506234325704,True
pud,equalize,495,979604014,0.0001,0.0005697332131540667,True
pud,equalize,496,3401277953,0.0001,0.0864134827856306,True
pud,equalize,497,1299525963,0.0001,0.028418098882028998,True
pud,equalize,498,564452685,0.0001,0.09319766766213518,True
pud,equalize,499,2464163176,0.0001,0.05174795664279045,True
pud,equalize,500,3229932778,0.0001,0.06460787677574344,True
pud,equalize,501,2029178201,0.0001,0.038281847193514434,True
pud,equalize,502,529190942,0.0001,0.08655472232792583,True
pud,equalize,503,338924831,0.0001,0.08656670102324127,True
pud,equalize,504,2605977400,0.0001,0.04249653198466816,True
pud,equalize,505,606020447,0.0001,0.0907945386125671,True
pud,equalize,506,2671871795,0.0001,0.0970746912222809,True
pud,equalize,507,3325089060,0.0001,0.08748767721924543,True
pud,equalize,508,2949912505,0.0001,0.0517038207434801,True
pud,equalize,509,649866297,0.0001,0.025062825168686964,True
pud,equalize,510,2035301280,0.0001,0.037841142779626795,True
pud,equalize,511,1045811537,0.0001,0.08394062082411441,True
pud,equalize,512,3429499885,0.0001,0.08732758856405101,True
pud,equalize,513,3279769345,0.0001,0.06251350479911975,True
pud,equalize,514,532740709,0.0001,0.07351641852534935,True
pud,equalize,515,2288489200,0.0001,0.07310060022207315,True
pud,equalize,516,3251152147,0.0001,0.060935302650360325,True
pud,equalize,517,1563339356,0.0001,0.05666395754943604,True
pud,equalize,518,57051791,0.0001,0.017159318076803876,True
pud,equalize,519,2196320479,0.0001,0.04058192680309141,True
pud,equalize,520,3144044058,0.0001,0.019117323946079158,True
pud,equalize,521,982261158,0.0001,0.04704943516728741,True
pud,equalize,522,1826418423,0.0001,0.09911252604025211,True
pud,equalize,523,3176085027,0.0001,0.05359686703739233,True
pud,equalize,524,1228490040,0.0001,0.08623888674281982,True
pud,equalize,525,4093516177,0.0001,0.07075984510713394,True
pud,equalize,526,3428786677,0.0001,0.06932678581121755,True
pud,equalize,527,3258306768,0.0001,0.018011370796261885,True
pud,equalize,528,1476999,0.0001,0.04396607382752286,True
pud,equalize,529,813180553,0.0001,0.021092132004273692,True
pud,equalize,530,1047606830,0.0001,0.002491910582174961,True
pud,equalize,531,3117935669,0.0001,0.08756138024470402,True
pud,equalize,532,3491917087,0.0001,0.0384722825683111,True
pud,equalize,533,973175580,0.0001,0.05539516886922572,True
pud,equalize,534,2271129681,0.0001,0.02627649205938496,True
pud,equalize,535,1534790464,0.0001,0.024006173218224215,True
pud,equalize,536,1750678317,0.0001,0.07474846162405263,True
pud,equalize,537,3458975325,0.0001,0.058909399250794525,True
pud,equalize,538,1217692300,0.0001,0.04913520767307496,True
pud,equalize,539,2477448704,0.0001,0.01183219874187248,True
pud,equalize,540,2825088262,0.0001,0.048469610855287996,True
pud,equalize,541,3754034567,0.0001,0.052307635887711534,True
pud,equalize,542,2714202865,0.0001,0.059152018764832115,True
pud,equalize,543,966164025,0.0001,0.03483230597831782,True
pud,equalize,544,2216886185,0.0001,0.043421378180992946,True
pud,equalize,545,553217616,0.0001,0.05749124188133503,True
pud,equalize,546,473007329,0.0001,0.022970490768144294,True
pud,equalize,547,4158188574,0.0001,0.09176039541860403,True
pud,equalize,548,793706380,0.0001,0.08335835727800776,True
pud,equalize,549,3697732009,0.0001,0.018941912167051378,True
pud,equalize,550,1191800083,0.0001,0.060982286762573445,True
pud,equalize,551,461847064,0.0001,0.041632084315056966,True
pud,equalize,552,914909035,0.0001,0.0713294151115979,True
pud,equalize,553,4171530069,0.0001,0.08421862108152434,True
pud,equalize,554,3722838053,0.0001,0.07057811534826153,True
pud,equalize,555,414709283,0.0001,0.023645375421184223,True
pud,equalize,556,3738881595,0.0001,0.07686919639632321,True
pud,equalize,557,383522607,0.0001,0.04357540164178114,True
pud,equalize,558,1271665198,0.0001,0.07176417018707767,True
pud,equalize,559,2170579674,0.0001,0.016041664045958238,True
pud,equalize,560,777454548,0.0001,0.024783153405401794,True
pud,equalize,561,3862355303,0.0001,0.033031580499321714,True
pud,equalize,562,3352530020,0.0001,0.04729062028304144,True
pud,equalize,563,239932922,0.0001,0.08250623642752088,True
pud,equalize,564,990847895,0.0001,0.09395039246667328,True
pud,equalize,565,1923442264,0.0001,0.0995054218466616,True
pud,equalize,566,4052306088,0.0001,0.0020406316172931426,True
pud,equalize,567,3943298581,0.0001,0.08376021385900845,True
pud,equalize,568,1990360103,0.0001,0.08861989484280232,True
pud,equalize,569,830321632,0.0001,0.0874365508576197,True
pud,equalize,570,850935788,0.0001,0.09821330761528108,True
pud,equalize,571,826227169,0.0001,0.04721717322012895,True
pud,equalize,572,4259866445,0.0001,0.06056839444694989,True
pud,equalize,573,1819477290,0.0001,0.08575593223775231,True
pud,equalize,574,13434553,0.0001,0.02298722346647544,True
pud,equalize,575,2790147128,0.0001,0.0886287589083419,True
pud,equalize,576,34549701,0.0001,0.03827339309340924,True
pud,equalize,577,3980632951,0.0001,0.04414612961606275,True
pud,equalize,578,1075017762,0.0001,0.09298837504635409,True
pud,equalize,579,3044732372,0.0001,0.08472447244586018,True
pud,equalize,580,2198502781,0.0001,0.0005523787918289669,True
pud,equalize,581,2238653773,0.0001,0.052624355908338805,True
pud,equalize,582,4154792805,0.0001,0.009305713966952622,True
pud,equalize,583,828573330,0.0001,0.05770391182166763,True
pud,equalize,584,484611509,0.0001,0.07315025351232955,True
pud,equalize,585,4249995712,0.0001,0.005392714753803141,True
pud,equalize,586,3537790997,0.0001,0.07395858774318302,True
pud,equalize,587,2004583204,0.0001,0.061359891176939796,True
pud,equalize,588,1520393984,0.0001,0.04350072913852987,True
pud,equalize,589,4146042459,0.0001,0.006447674226447953,True
pud,equalize,590,3040767266,0.0001,0.009606893824797248,True
pud,equalize,591,1778447698,0.0001,0.0314094952728476,True
pud,equalize,592,1392739233,0.0001,0.07669192429097528,True
pud,equalize,593,3882696265,0.0001,0.030019528151092902,True
pud,equalize,594,636614550,0.0001,0.011516681087357473,True
pud,equalize,595,241506178,0.0001,0.09691125621350516,True
pud,equalize,596,4359307,0.0001,0.026585767230640947,True
pud,equalize,597,472011541,0.0001,0.0804355245480128,True
pud,equalize,598,1818488727,0.0001,0.007008557701250262,True
pud,equalize,599,1911080001,0.0001,0.005947375911145025,True
pud,equalize,600,1843730004,0.0001,0.024541757528096942,True
pud,equalize,601,785995555,0.0001,0.08170293135777708,True
pud,equalize,602,1989751543,0.0001,0.0650298306803173,True
pud,equalize,603,1260556826,0.0001,0.009074148195522325,True
pud,equalize,604,395563346,0.0001,0.01875272443827765,True
pud,equalize,605,1175835849,0.0001,0.03683324533298268,True
pud,equalize,606,1871221241,0.0001,0.025392596099091683,True
pud,equalize,607,451123846,0.0001,0.04205528684335409,True
pud,equalize,608,1230404032,0.0001,0.08402383278993257,True
pud,equalize,609,431982356,0.0001,0.054573082748857804,True
pud,equalize,610,1061002798,0.0001,0.037518102935568926,True
pud,equalize,611,1093171388,0.0001,0.0042476962465990975,True
pud,equalize,612,3126080678,0.0001,0.07212850780538375,True
pud,equalize,613,1113714542,0.0001,0.03788708574070097,True
pud,equalize,614,299740913,0.0001,0.07455912400315004,True
pud,equalize,615,766306918,0.0001,0.0872285119358801,True
pud,equalize,616,160391618,0.0001,0.047359600313844896,True
pud,equalize,617,710807368,0.0001,0.05563628875834068,True
pud,equalize,618,3872013412,0.0001,0.0032618430586554893,True
pud,equalize,619,2073220088,0.0001,0.022018728164174085,True
pud,equalize,620,3834517068,0.0001,0.08496456728074653,True
pud,equalize,621,1941172084,0.0001,0.04214368384117287,True
pud,equalize,622,1945213070,0.0001,0.007860561458395055,True
pud,equalize,623,2919751231,0.0001,0.016890170199504808,True
pud,equalize,624,3033505575,0.0001,0.016317436489676852,True
pud,equalize,625,2565316539,0.0001,0.09095533544714668,True
pud,equalize,626,595000210,0.0001,0.01080158363712237,True
pud,equalize,627,1454515450,0.0001,0.09036506190253857,True
pud,equalize,628,1647246362,0.0001,0.020717086524173468,True
pud,equalize,629,1950152339,0.0001,0.020100568737766247,True
pud,equalize,630,348752698,0.0001,0.032096534006966014,True
pud,equalize,631,1367167919,0.0001,0.009738727270111226,True
pud,equalize,632,2229756443,0.0001,0.05317262917648672,True
pud,equalize,633,2270142452,0.0001,0.004050670379290378,True
pud,equalize,634,3273489416,0.0001,0.06512944438672552,True
pud,equalize,635,909161464,0.0001,0.04528726844428102,True
pud,equalize,636,2091575248,0.0001,0.0035897332665356775,True
pud,equalize,637,1367301207,0.0001,0.05838280955171743,True
pud,equalize,638,358111028,0.0001,0.08984182815344206,True
pud,equalize,639,504043409,0.0001,0.07120728924352582,True
pud,equalize,640,2593358384,0.0001,0.06363096790639391,True
pud,equalize,641,3153781044,0.0001,0.07731818010173161,True
pud,equalize,642,465786042,0.0001,0.09325405214665466,True
pud,equalize,643,4285634905,0.0001,0.09563727975669915,True
pud,equalize,644,1923483457,0.0001,0.006189223882840877,True
pud,equalize,645,910988030,0.0001,0.0035943916882345884,True
pud,equalize,646,2057265762,0.0001,0.09565433484581133,True
pud,equalize,647,2106136950,0.0001,0.09875280986013849,True
pud,equalize,648,3495701705,0.0001,0.0486874885291293,True
pud,equalize,649,2500865646,0.0001,0.05577017581750304,True
pud,equalize,650,2573951516,0.0001,0.002388436933182481,True
pud,equalize,651,2675225203,0.0001,0.02410631413963095,True
pud,equalize,652,2947874854,0.0001,0.0005083153080753911,True
pud,equalize,653,435520988,0.0001,0.09674802114455343,True
pud,equalize,654,2614515121,0.0001,0.010151386710912536,True
pud,equalize,655,582057355,0.0001,0.09450452403095574,True
pud,equalize,656,1382643901,0.0001,0.027094268124252564,True
pud,equalize,657,1400429766,0.0001,0.08469864034303842,True
pud,equalize,658,954258102,0.0001,0.03921182595066328,True
pud,equalize,659,760702864,0.0001,0.03681110173607153,True
pud,equalize,660,1132112812,0.0001,0.03177868765539741,True
pud,equalize,661,4019693825,0.0001,0.09310702501895754,True
pud,equalize,662,4035059496,0.0001,0.05132352927569411,True
pud,equalize,663,3841718938,0.0001,0.09975647572912842,True
pud,equalize,664,2780031057,0.0001,0.013342439696607712,True
pud,equalize,665,1985037879,0.0001,0.028377348798069635,True
pud,equalize,666,1908600313,0.0001,0.05051679531022832,True
pud,equalize,667,3543316792,0.0001,0.06753351387691714,True
pud,equalize,668,4259217138,0.0001,0.06546215885271259,True
pud,equalize,669,1666658281,0.0001,0.049473593866777354,True
pud,equalize,670,2352265112,0.0001,0.02164299980198491,True
pud,equalize,671,1419061899,0.0001,0.008857295615762128,True
pud,equalize,672,448944325,0.0001,0.030691830057638203,True
pud,equalize,673,206774551,0.0001,0.04439530887907711,True
pud,equalize,674,1521236702,0.0001,0.07460464698125956,True
pud,equalize,675,2859013666,0.0001,0.09924183946889752,True
pud,equalize,676,1155283052,0.0001,0.02127042278331962,True
pud,equalize,677,2865868349,0.0001,0.005083504517947313,True
pud,equalize,678,1000392456,0.0001,0.05112031655012261,True
pud,equalize,679,2900452868,0.0001,0.03527473261275388,True
pud,equalize,680,2409287807,0.0001,0.005799171259109482,True
pud,equalize,681,2656669067,0.0001,0.03389390376305364,True
pud,equalize,682,348977779,0.0001,0.06152368597020239,True
pud,equalize,683,453833053,0.0001,0.03883692339051508,True
pud,equalize,684,3060905942,0.0001,0.08321940092841447,True
pud,equalize,685,526063920,0.0001,0.06982025033146391,True
pud,equalize,686,2068178871,0.0001,0.0684315905053281,True
pud,equalize,687,3838887426,0.0001,0.03761790420135405,True
pud,equalize,688,1566759502,0.0001,0.035917368005043825,True
pud,equalize,689,1814485789,0.0001,0.061815352487614786,True
pud,equalize,690,2677803714,0.0001,0.04224223901558499,True
pud,equalize,691,1668574138,0.0001,0.03479843006556386,True
pud,equalize,692,3775465698,0.0001,0.03076711034905315,True
pud,equalize,693,3101895717,0.0001,0.07675419749861295,True
pud,equalize,694,983991666,0.0001,0.024427534601476522,True
pud,equalize,695,2402076877,0.0001,0.04967811362916974,True
pud,equalize,696,2278964753,0.0001,0.06039500431889057,True
pud,equalize,697,943969702,0.0001,0.040904807720678074,True
pud,equalize,698,374055479,0.0001,0.08894510576733937,True
pud,equalize,699,1076322712,0.0001,0.09395624655662106,True
pud,equalize,700,848114985,0.0001,0.0207072784990088,True
pud,equalize,701,3882447888,0.0001,0.014841363522664009,True
pud,equalize,702,797017999,0.0001,0.07738724788310596,True
pud,equalize,703,1875445166,0.0001,0.09995973297238138,True
pud,equalize,704,365923637,0.0001,0.07871339831951439,True
pud,equalize,705,314099903,0.0001,0.025514293093166288,True
pud,equalize,706,4043551925,0.0001,0.018118017772890294,True
pud,equalize,707,3658563832,0.0001,0.06204761573665653,True
pud,equalize,708,197160852,0.0001,0.016493385985569632,True
pud,equalize,709,1127470994,0.0001,0.08829997035731554,True
pud,equalize,710,3364533645,0.0001,0.08271553960851993,True
pud,equalize,711,1083440300,0.0001,0.061263215871857304,True
pud,equalize,712,3294606590,0.0001,0.03584854174262079,True
pud,equalize,713,154057130,0.0001,0.0325759268994338,True
pud,equalize,714,840042969,0.0001,0.01970665695656272,True
pud,equalize,715,3568959366,0.0001,0.09127728177291858,True
pud,equalize,716,3954820554,0.0001,0.04308646837760921,True
pud,equalize,717,267158316,0.0001,0.039688744066409744,True
pud,equalize,718,3164312318,0.0001,0.013586794966611727,True
pud,equalize,719,1369358972,0.0001,0.038111477414430966,True
pud,equalize,720,2898635791,0.0001,0.015353084431123898,True
pud,equalize,721,3232451131,0.0001,0.035551122978037274,True
pud,equalize,722,29060586,0.0001,0.037821738708460645,True
pud,equalize,723,3657713176,0.0001,0.003879152649223616,True
pud,equalize,724,107553070,0.0001,0.0907981117995198,True
pud,equalize,725,3602368040,0.0001,0.07254184951260165,True
pud,equalize,726,2306516177,0.0001,0.07652652864842341,True
pud,equalize,727,2618672601,0.0001,0.09488263338663847,True
pud,equalize,728,3563815995,0.0001,0.09102913554850789,True
pud,equalize,729,614047445,0.0001,0.05552988329659397,True
pud,equalize,730,1915105110,0.0001,0.001860562471131111,True
pud,equalize,731,2703564701,0.0001,0.0037420819278322194,True
pud,equalize,732,4214797528,0.0001,0.061786439360194345,True
pud,equalize,733,2339630522,0.0001,0.011546701254370418,True
pud,equalize,734,4283276463,0.0001,0.0335296448541913,True
pud,equalize,735,313231239,0.0001,0.07704417331587993,True
pud,equalize,736,3206476377,0.0001,0.055769426113305154,True
pud,equalize,737,4259715806,0.0001,0.09292368210966777,True
pud,equalize,738,775176754,0.0001,0.041762940550715666,True
pud,equalize,739,3304418833,0.0001,0.07825882735317718,True
pud,equalize,740,2538487899,0.0001,0.09103558750336987,True
pud,equalize,741,3895823545,0.0001,0.02436418434733456,True
pud,equalize,742,2982841010,0.0001,0.03570586552013579,True
pud,equalize,743,230899743,0.0001,0.08931782974377897,True
pud,equalize,744,2662771253,0.0001,0.04634296329921435,True
pud,equalize,745,1266775381,0.0001,0.051295271288133375,True
pud,equalize,746,2784543651,0.0001,0.029852108744045314,True
pud,equalize,747,1676057160,0.0001,0.08893976633774958,True
pud,equalize,748,1272278497,0.0001,0.0826033123532806,True
pud,equalize,749,1833944408,0.0001,0.05409634991871553,True
pud,equalize,750,3581254676,0.0001,0.05076397468755606,True
pud,equalize,751,570001327,0.0001,0.044411525940071445,True
pud,equalize,752,275820658,0.0001,0.007348013054078773,True
pud,equalize,753,2717254964,0.0001,0.06224709917028218,True
pud,equalize,754,4062948376,0.0001,0.03537855520774519,True
pud,equalize,755,1958389817,0.0001,0.06721859170446003,True
pud,equalize,756,2435797339,0.0001,0.07123136029737517,True
pud,equalize,757,776482846,0.0001,0.04134373212580619,True
pud,equalize,758,1998646990,0.0001,0.05361006121684089,True
pud,equalize,759,3993385680,0.0001,0.07962819210611832,True
pud,equalize,760,193789653,0.0001,0.0621785663453746,True
pud,equalize,761,2623220289,0.0001,0.06016255762167632,True
pud,equalize,762,3440034284,0.0001,0.042843489620349666,True
pud,equalize,763,179203712,0.0001,0.0737129647975625,True
pud,equalize,764,1648242107,0.0001,0.007415350371743657,True
pud,equalize,765,952061125,0.0001,0.0015033321215960462,True
pud,equalize,766,1190399558,0.0001,0.03135159767491651,True
pud,equalize,767,2663039304,0.0001,0.09126899407075655,True
pud,equalize,768,2647884,0.0001,0.03759296108709551,True
pud,equalize,769,3363282669,0.0001,0.014123902153902846,True
pud,equalize,770,3915150181,0.0001,0.09389735851762805,True
pud,equalize,771,2941147731,0.0001,0.08867267748717415,True
pud,equalize,772,153794240,0.0001,0.0985640050911449,True
pud,equalize,773,488569384,0.0001,0.023515801929297843,True
pud,equalize,774,477521781,0.0001,0.04802805764244333,True
pud,equalize,775,197511539,0.0001,0.0007158461485130441,True
pud,equalize,776,2257987744,0.0001,0.0660708710907057,True
pud,equalize,777,1704134627,0.0001,0.0017179249803880416,True
pud,equalize,778,3198182701,0.0001,0.015596129748650912,True
pud,equalize,779,3459083315,0.0001,0.05747899026227174,True
pud,equalize,780,499832422,0.0001,0.011393177503249464,True
pud,equalize,781,2421572893,0.0001,0.09773998753349505,True
pud,equalize,782,436130678,0.0001,0.04768363711878311,True
pud,equalize,783,130679819,0.0001,0.0677162819314249,True
pud,equalize,784,158676639,0.0001,0.07236157730010793,True
pud,equalize,785,115174682,0.0001,0.0700397314148549,True
pud,equalize,786,3593631970,0.0001,0.07776446512589306,True
pud,equalize,787,3731152415,0.0001,0.07415468755287771,True
pud,equalize,788,3263578420,0.0001,0.07864859867590188,True
pud,equalize,789,1353628345,0.0001,0.07165374566140223,True
pud,equalize,790,2709234766,0.0001,0.044562556320678105,True
pud,equalize,791,3481003119,0.0001,0.028242362108519416,True
pud,equalize,792,127684888,0.0001,0.09938076828727611,True
pud,equalize,793,399950878,0.0001,0.0176546810131764,True
pud,equalize,794,86816059,0.0001,0.06000879315262743,True
pud,equalize,795,2220967135,0.0001,0.05363946098678484,True
pud,equalize,796,2683552769,0.0001,0.09280554027715648,True
pud,equalize,797,2732256654,0.0001,0.055520643803674774,True
pud,equalize,798,2700292171,0.0001,0.05982901210760964,True
pud,equalize,799,1668931881,0.0001,0.05712921845574934,True
pud,equalize,800,3150704797,0.0001,0.02052236087945324,True
pud,equalize,801,4074865815,0.0001,0.042622198437535445,True
pud,equalize,802,2398019794,0.0001,0.04878216435272919,True
pud,equalize,803,963007980,0.0001,0.08684096760263754,True
pud,equalize,804,639165661,0.0001,0.0303445805710719,True
pud,equalize,805,1919887805,0.0001,0.03506227690624081,True
pud,equalize,806,319590464,0.0001,0.08277933866055016,True
pud,equalize,807,770700337,0.0001,0.010509529115527617,True
pud,equalize,808,1244833941,0.0001,0.043160525190039656,True
pud,equalize,809,527997720,0.0001,0.07502937930567655,True
pud,equalize,810,3585260660,0.0001,0.07270952657721161,True
pud,equalize,811,288817585,0.0001,0.008744895971336143,True
pud,equalize,812,1164394490,0.0001,0.017472667897974536,True
pud,equalize,813,3965066236,0.0001,0.09988257999045703,True
pud,equalize,814,2104297501,0.0001,0.06434914850159416,True
pud,equalize,815,2715577934,0.0001,0.03380775360494487,True
pud,equalize,816,3852982909,0.0001,0.07622856089752647,True
pud,equalize,817,4221801479,0.0001,0.01580309530787156,True
pud,equalize,818,486333831,0.0001,0.020735077773245326,True
pud,equalize,819,2973139941,0.0001,0.028006152119627592,True
pud,equalize,820,1075634131,0.0001,0.06032289148911525,True
pud,equalize,821,1822886647,0.0001,0.01958278238402883,True
pud,equalize,822,1440041120,0.0001,0.08087309557091749,True
pud,equalize,823,783898539,0.0001,0.05036223352067655,True
pud,equalize,824,2357174981,0.0001,0.009357467918156516,True
pud,equalize,825,1706433824,0.0001,0.0645997857326827,True
pud,equalize,826,3713992207,0.0001,0.08442204309977153,True
pud,equalize,827,2762341455,0.0001,0.060609746698587236,True
pud,equalize,828,3583047951,0.0001,0.06166030102662867,True
pud,equalize,829,3779292903,0.0001,0.03709392428588622,True
pud,equalize,830,1723338772,0.0001,0.045841945302612486,True
pud,equalize,831,2025712860,0.0001,0.04555350117784505,True
pud,equalize,832,379666581,0.0001,0.014845726855004205,True
pud,equalize,833,4077053311,0.0001,0.04028319133660277,True
pud,equalize,834,3285790687,0.0001,0.021321022945315106,True
pud,equalize,835,1135108349,0.0001,0.07364779937586234,True
pud,equalize,836,2510339711,0.0001,0.015914408106335532,True
pud,equalize,837,1140220135,0.0001,0.014556635351224922,True
pud,equalize,838,869939326,0.0001,0.007433863612528114,True
pud,equalize,839,1993114191,0.0001,0.036900538028280076,True
pud,equalize,840,1430240469,0.0001,0.06908019743090267,True
pud,equalize,841,4203668654,0.0001,0.09971105043966946,True
pud,equalize,842,1442726751,0.0001,0.021567084270835004,True
pud,equalize,843,1001983757,0.0001,0.09634345407923113,True
pud,equalize,844,1288725058,0.0001,0.08698605638701218,True
pud,equalize,845,1335477804,0.0001,0.009809261454978957,True
pud,equalize,846,4146114009,0.0001,0.08831508023827492,True
pud,equalize,847,2190739315,0.0001,0.06805963295614546,True
pud,equalize,848,3176765906,0.0001,0.09892268876598248,True
pud,equalize,849,688750645,0.0001,0.0877658750199686,True
pud,equalize,850,1989601701,0.0001,0.08571630957115298,True
pud,equalize,851,1377290133,0.0001,0.09166154988189687,True
pud,equalize,852,3716731306,0.0001,0.06425963975090875,True
pud,equalize,853,1660564681,0.0001,0.09362302296279085,True
pud,equalize,854,3655859840,0.0001,0.0034267690864934865,True
pud,equalize,855,1612631772,0.0001,0.05026392979563862,True
pud,equalize,856,2193433078,0.0001,0.015650786848087184,True
pud,equalize,857,1688997329,0.0001,0.013504026206169906,True
pud,equalize,858,2348785352,0.0001,0.02918205249001409,True
pud,equalize,859,820150433,0.0001,0.018714573907322875,True
pud,equalize,860,2746453698,0.0001,0.0659028191056466,True
pud,equalize,861,2503490630,0.0001,0.05224688443810599,True
pud,equalize,862,232051227,0.0001,0.02429164282312135,True
pud,equalize,863,455995557,0.0001,0.09246888507229424,True
pud,equalize,864,1502203069,0.0001,0.08799124147244937,True
pud,equalize,865,1039975116,0.0001,0.0810655819441532,True
pud,equalize,866,583419490,0.0001,0.04192437887003478,True
pud,equalize,867,3935355079,0.0001,0.09560094166550916,True
pud,equalize,868,1651239881,0.0001,0.025731969530014775,True
pud,equalize,869,3346102820,0.0001,0.02057824520380811,True
pud,equalize,870,1783458107,0.0001,0.0005708994329386208,True
pud,equalize,871,4203667669,0.0001,0.08289771448929323,True
pud,equalize,872,3978992393,0.0001,0.03879318481242568,True
pud,equalize,873,4182892779,0.0001,0.06673700642980605,True
pud,equalize,874,3209825499,0.0001,0.08780240658563697,True
pud,equalize,875,3379029328,0.0001,0.018763146630754346,True
pud,equalize,876,1812229246,0.0001,0.01555691161006877,True
pud,equalize,877,4095702664,0.0001,0.04647170444682486,True
pud,equalize,878,2607488524,0.0001,0.03383523311310978,True
pud,equalize,879,1392249632,0.0001,0.029089972818434576,True
pud,equalize,880,1255527325,0.0001,0.031006193960406415,True
pud,equalize,881,2446586369,0.0001,0.029866025575255674,True
pud,equalize,882,1494339971,0.0001,0.07046427122393292,True
pud,equalize,883,2285738425,0.0001,0.07762923874450342,True
pud,equalize,884,2777190787,0.0001,0.06096352811985217,True
pud,equalize,885,1229715941,0.0001,0.04264941331644793,True
pud,equalize,886,682077679,0.0001,0.03345560534492325,True
pud,equalize,887,231121656,0.0001,0.04085497475594532,True
pud,equalize,888,2416621175,0.0001,0.08783887806971323,True
pud,equalize,889,243040458,0.0001,0.056305340889421275,True
pud,equalize,890,1776790723,0.0001,0.063114497838403,True
pud,equalize,891,177863504,0.0001,0.0034633331945469583,True
pud,equalize,892,784711031,0.0001,0.07908744735113797,True
pud,equalize,893,1879163855,0.0001,0.03183913461750531,True
pud,equalize,894,3320534329,0.0001,0.011790899727098092,True
pud,equalize,895,1056580207,0.0001,0.07154295606612052,True
pud,equalize,896,2643419252,0.0001,0.08696387099159603,True
pud,equalize,897,1469245749,0.0001,0.0005728384631173755,True
pud,equalize,898,349360850,0.0001,0.03319464819780637,True
pud,equalize,899,4122896574,0.0001,0.04907758913825727,True
pud,equalize,900,4066030778,0.0001,0.09677435999464784,True
pud,equalize,901,3705834614,0.0001,0.08401567755679334,True
pud,equalize,902,1052037695,0.0001,0.027856041082797302,True
pud,equalize,903,1115514174,0.0001,0.02686100979761128,True
pud,equalize,904,3450210100,0.0001,0.011367219412583784,True
pud,equalize,905,3551908783,0.0001,0.04744443294375307,True
pud,equalize,906,4043865802,0.0001,0.09241019346360357,True
pud,equalize,907,3604779811,0.0001,0.040510620295176415,True
pud,equalize,908,1836194449,0.0001,0.04470943713565853,True
pud,equalize,909,2347606533,0.0001,0.08752247473819214,True
pud,equalize,910,2696712673,0.0001,0.03128247565581206,True
pud,equalize,911,1329106887,0.0001,0.05563630212729908,True
pud,equalize,912,398510772,0.0001,0.08610036771465492,True
pud,equalize,913,3145917920,0.0001,0.07581606210860076,True
pud,equalize,914,2039614981,0.0001,0.03227346015744943,True
pud,equalize,915,1738441677,0.0001,0.06086645636128745,True
pud,equalize,916,3475123929,0.0001,0.004837173951915009,True
pud,equalize,917,3992659990,0.0001,0.04850849183506587,True
pud,equalize,918,2104874132,0.0001,0.0911716861552473,True
pud,equalize,919,1471866252,0.0001,0.05170949645419414,True
pud,equalize,920,1217003104,0.0001,0.04457811307133058,True
pud,equalize,921,4010788511,0.0001,0.051297919823848674,True
pud,equalize,922,2839831870,0.0001,0.04751121087765397,True
pud,equalize,923,570607861,0.0001,0.09918219505436372,True
pud,equalize,924,855202951,0.0001,0.06874692789990769,True
pud,equalize,925,3957029290,0.0001,0.08776146399255653,True
pud,equalize,926,417714924,0.0001,0.007969459728448714,True
pud,equalize,927,3416756061,0.0001,0.09439059467127343,True
pud,equalize,928,3440857306,0.0001,0.00296900441752157,True
pud,equalize,929,1366923840,0.0001,0.06050774568212848,True
pud,equalize,930,1353501846,0.0001,0.06571555565172067,True
pud,equalize,931,1775942992,0.0001,0.09686608767082418,True
pud,equalize,932,636866922,0.0001,0.05670894993409386,True
pud,equalize,933,858550647,0.0001,0.09314244934191951,True
pud,equalize,934,666963667,0.0001,0.0891912623696457,True
pud,equalize,935,3513522720,0.0001,0.01919872812148603,True
pud,equalize,936,1060500222,0.0001,0.027638757843746687,True
pud,equalize,937,3644636071,0.0001,0.08974479902942772,True
pud,equalize,938,2317022961,0.0001,0.00448058268253323,True
pud,equalize,939,602130040,0.0001,0.07285145790139896,True
pud,equalize,940,2573323995,0.0001,0.02952213012908178,True
pud,equalize,941,3422708139,0.0001,0.0032600887974637005,True
pud,equalize,942,3401093696,0.0001,0.0321469119678946,True
pud,equalize,943,3406156859,0.0001,0.08145857944987495,True
pud,equalize,944,2332460186,0.0001,0.04998890904272179,True
pud,equalize,945,4248773222,0.0001,0.06268096069414412,True
pud,equalize,946,1757042662,0.0001,0.016843836251445532,True
pud,equalize,947,3070032861,0.0001,0.05751193035716158,True
pud,equalize,948,2433284211,0.0001,0.06777741235805088,True
pud,equalize,949,83666143,0.0001,0.028528649819669627,True
pud,equalize,950,3548985163,0.0001,0.006007976062012966,True
pud,equalize,951,4110108428,0.0001,0.08044397987733555,True
pud,equalize,952,2580032690,0.0001,0.060468330517582686,True
pud,equalize,953,1132538495,0.0001,0.07898376036897678,True
pud,equalize,954,1984206592,0.0001,0.011773549752091928,True
pud,equalize,955,4162380174,0.0001,0.09524566137750007,True
pud,equalize,956,2501407589,0.0001,0.09789986524813282,True
pud,equalize,957,2396564721,0.0001,0.07228830506134622,True
pud,equalize,958,249146312,0.0001,0.07092280538117837,True
pud,equalize,959,86136923,0.0001,0.028853424010992303,True
pud,equalize,960,280998843,0.0001,0.04644005674337112,True
pud,equalize,961,3374850395,0.0001,0.0923706433743682,True
pud,equalize,962,2671118556,0.0001,0.04929855107394024,True
pud,equalize,963,1384403246,0.0001,0.03255326591172938,True
pud,equalize,964,3005576612,0.0001,0.06794709803504428,True
pud,equalize,965,1296583096,0.0001,0.08424679417021169,True
pud,equalize,966,3970769214,0.0001,0.0589559029851664,True
pud,equalize,967,3265342192,0.0001,0.06167980504401921,True
pud,equalize,968,2489686155,0.0001,0.02537045166609151,True
pud,equalize,969,4171443033,0.0001,0.056157103314921936,True
pud,equalize,970,3818314536,0.0001,0.09083367934380678,True
pud,equalize,971,2558334828,0.0001,0.03751226560566472,True
pud,equalize,972,2326548609,0.0001,0.06628937961384998,True
pud,equalize,973,4185579349,0.0001,0.03508025139059062,True
pud,equalize,974,1524068256,0.0001,0.04969745867987568,True
pud,equalize,975,2467156077,0.0001,0.03221959091941926,True
pud,equalize,976,1161015089,0.0001,0.033059234036892864,True
pud,equalize,977,317499994,0.0001,0.08492155037151251,True
pud,equalize,978,2712184200,0.0001,0.007807872098392921,True
pud,equalize,979,822472760,0.0001,0.026077807625678597,True
pud,equalize,980,1568679931,0.0001,0.0849456786224614,True
pud,equalize,981,3830355933,0.0001,0.05918860237169502,True
pud,equalize,982,81845924,0.0001,0.08124734638156711,True
pud,equalize,983,2673704207,0.0001,0.07449526207863963,True
pud,equalize,984,4203813196,0.0001,0.08961835855670092,True
pud,equalize,985,3891705110,0.0001,0.0034729336392014254,True
pud,equalize,986,24857388,0.0001,0.02391086417467836,True
pud,equalize,987,2413313522,0.0001,0.012539636220668582,True
pud,equalize,988,4054828529,0.0001,0.002728022993386181,True
pud,equalize,989,3661469186,0.0001,0.09601727873722733,True
pud,equalize,990,2430514165,0.0001,0.017322977067755065,True
pud,equalize,991,3302483318,0.0001,0.09285733679811105,True
pud,equalize,992,2334997953,0.0001,0.025508275921509185,True
pud,equalize,993,140048540,0.0001,0.061884729592242,True
pud,equalize,994,343970724,0.0001,0.002907836911800621,True
pud,equalize,995,925187975,0.0001,0.06881261135020426,True
pud,equalize,996,3785215479,0.0001,0.040519879113743676,True
pud,equalize,997,2705624864,0.0001,0.004161547271020061,True
pud,equalize,998,2547455971,0.0001,0.04501952928709099,True
pud,equalize,999,1411162026,0.0001,0.05918242078552252,True
tobacco,equalize,0,1812297492,0.0001,0.05224858346509747,True
tobacco,equalize,1,2405103526,0.0001,0.0028587669083866007,True
tobacco,equalize,2,988742546,0.0001,0.024955572671985417,True
tobacco,equalize,3,3146541465,0.0001,0.041050583298535885,True
tobacco,equalize,4,420395804,0.0001,0.09737711024593831,True
tobacco,equalize,5,2728500107,0.0001,0.03332077265578837,True
tobacco,equalize,6,198035707,0.0001,0.07163983027522165,True
tobacco,equalize,7,3033598779,0.0001,0.07491967057725747,True
tobacco,equalize,8,2549487514,0.0001,0.06211173824722125,True
tobacco,equalize,9,2871386160,0.0001,0.09255656050857616,True
tobacco,equalize,10,858108122,0.0001,0.01911986282058863,True
tobacco,equalize,11,1179171515,0.0001,0.008051871216894924,True
tobacco,equalize,12,3510804583,0.0001,0.04183463747643379,True
tobacco,equalize,13,1770774506,0.0001,0.026780247079721556,True
tobacco,equalize,14,3320824739,0.0001,0.02934836113115398,True
tobacco,equalize,15,1237543979,0.0001,0.02120803142830422,True
tobacco,equalize,16,1860198893,0.0001,0.06658208396286046,True
tobacco,equalize,17,36235371,0.0001,0.08443384709212245,True
tobacco,equalize,18,1856205392,0.0001,0.011346886131680046,True
tobacco,equalize,19,3935150743,0.0001,0.09242931944338947,True
tobacco,equalize,20,4033509808,0.0001,0.07773922487676077,True
tobacco,equalize,21,4127728596,0.0001,0.012481575343598006,True
tobacco,equalize,22,3620856308,0.0001,0.005318483109950468,True
tobacco,equalize,23,802650278,0.0001,0.0329902738692908,True
tobacco,equalize,24,2503834309,0.0001,0.019269665871560315,True
tobacco,equalize,25,957726650,0.0001,0.09469729708593422,True
tobacco,equalize,26,1548130125,0.0001,0.09403277653173,True
tobacco,equalize,27,2951358063,0.0001,0.024650662393859227,True
tobacco,equalize,28,1877414384,0.0001,0.042437960581197254,True
tobacco,equalize,29,2551946047,0.0001,0.0051562043960837745,True
tobacco,equalize,30,115784669,0.0001,0.006114833241804851,True
tobacco,equalize,31,84862454,0.0001,0.06713517655370793,True
tobacco,equalize,32,1773513873,0.0001,0.026419427452808786,True
tobacco,equalize,33,827002413,0.0001,0.05533844863731601,True
tobacco,equalize,34,194034876,0.0001,0.008378002022337561,True
tobacco,equalize,35,3641783022,0.0001,0.08061042160272373,True
tobacco,equalize,36,1229409941,0.0001,0.06998860059227437,True
tobacco,equalize,37,3786109025,0.0001,0.017109249157627304,True
tobacco,equalize,38,2297538459,0.0001,0.07725497942493638,True
tobacco,equalize,39,1327433482,0.0001,0.040402377717288565,True
tobacco,equalize,40,2284579464,0.0001,0.07064827870372677,True
tobacco,equalize,41,1076454712,0.0001,0.0384337943186885,True
tobacco,equalize,42,332148221,0.0001,0.027724940836211166,True
tobacco,equalize,43,1211598481,0.0001,0.07797141835978855,True
tobacco,equalize,44,319812153,0.0001,0.010432395657567529,True
tobacco,equalize,45,1961632471,0.0001,0.0910998357475446,True
tobacco,equalize,46,780547759,0.0001,0.09493067255483172,True
tobacco,equalize,47,4019642457,0.0001,0.07940926312545843,True
tobacco,equalize,48,2679224221,0.0001,0.09851364462132266,True
tobacco,equalize,49,1421418945,0.0001,0.0386770190578061,True
tobacco,equalize,50,3063002051,0.0001,0.08233517236681112,True
tobacco,equalize,51,2558591761,0.0001,0.06818910221699022,True
tobacco,equalize,52,1034054793,0.0001,0.0668102648473935,True
tobacco,equalize,53,4151079991,0.0001,0.06889644682568974,True
tobacco,equalize,54,2472509572,0.0001,0.09646600447241524,True
tobacco,equalize,55,2456396328,0.0001,0.06490432675492225,True
tobacco,equalize,56,1266036031,0.0001,0.043141836481328445,True
tobacco,equalize,57,1136488125,0.0001,0.07796413871927003,True
tobacco,equalize,58,3429591169,0.0001,0.046287197841465524,True
tobacco,equalize,59,1377840012,0.0001,0.09902261493635611,True
tobacco,equalize,60,1164044903,0.0001,0.004548987787784575,True
tobacco,equalize,61,3654436792,0.0001,0.08476314412798469,True
tobacco,equalize,62,241890599,0.0001,0.033366858934545975,True
tobacco,equalize,63,4015925373,0.0001,0.04957985678520334,True
tobacco,equalize,64,617633532,0.0001,0.06267837444253568,True
tobacco,equalize,65,2246578730,0.0001,0.08250762264170745,True
tobacco,equalize,66,2236898999,0.0001,0.06846906938129503,True
tobacco,equalize,67,2595775114,0.0001,0.031345765571286925,True
tobacco,equalize,68,2932765870,0.0001,0.06958635099769743,True
tobacco,equalize,69,2211213047,0.0001,0.06486129398294892,True
tobacco,equalize,70,1201344919,0.0001,0.07168710177674181,True
tobacco,equalize,71,3316291624,0.0001,0.06232240758469061,True
tobacco,equalize,72,1395161331,0.0001,0.045489030654616194,True
tobacco,equalize,73,2536045420,0.0001,0.029179068438123647,True
tobacco,equalize,74,2843899686,0.0001,0.04282570737645239,True
tobacco,equalize,75,4077193421,0.0001,0.04419007687649156,True
tobacco,equalize,76,1208944061,0.0001,0.08665702772045875,True
tobacco,equalize,77,710826170,0.0001,0.012612725908977785,True
tobacco,equalize,78,340157395,0.0001,0.08990517561563217,True
tobacco,equalize,79,1983656992,0.0001,0.07570792559066584,True
tobacco,equalize,80,1252982857,0.0001,0.09501994091800059,True
tobacco,equalize,81,3126260063,0.0001,0.031273260744642616,True
tobacco,equalize,82,1324292495,0.0001,0.07443442441834291,True
tobacco,equalize,83,538770208,0.0001,0.049038199142595953,True
tobacco,equalize,84,3632076989,0.0001,0.03537952908606822,True
tobacco,equalize,85,1629662112,0.0001,0.02907314853648445,True
tobacco,equalize,86,395094727,0.0001,0.011482018693199592,True
tobacco,equalize,87,1427817651,0.0001,0.03921239546103328,True
tobacco,equalize,88,359497492,0.0001,0.013860049012391974,True
tobacco,equalize,89,1181771548,0.0001,0.07597726085093778,True
tobacco,equalize,90,460335575,0.0001,0.011641500353985847,True
tobacco,equalize,91,1151093891,0.0001,0.05589149263429223,True
tobacco,equalize,92,1534985035,0.0001,0.08782288080892608,True
tobacco,equalize,93,644862658,0.0001,0.07921104980763659,True
tobacco,equalize,94,2220848654,0.0001,0.022514688479830992,True
tobacco,equalize,95,2478238027,0.0001,0.022099075668811786,True
tobacco,equalize,96,1242465842,0.0001,0.0806727858887556,True
tobacco,equalize,97,1694864757,0.0001,0.08865868128664411,True
tobacco,equalize,98,2432439766,0.0001,0.09843383086282392,True
tobacco,equalize,99,3741968503,0.0001,0.043332238693495055,True
tobacco,equalize,100,1498468708,0.0001,0.06845629549076498,True
tobacco,equalize,101,131582153,0.0001,0.001478529314972421,True
tobacco,equalize,102,591672790,0.0001,0.006859356091772806,True
tobacco,equalize,103,435245564,0.0001,0.07848605347014911,True
tobacco,equalize,104,1037481878,0.0001,0.010399499152397719,True
tobacco,equalize,105,2954118911,0.0001,0.0329816850667763,True
tobacco,equalize,106,3666045032,0.0001,0.018382867755928824,True
tobacco,equalize,107,3992121590,0.0001,0.07151564638323786,True
tobacco,equalize,108,4226305061,0.0001,0.08784953224843377,True
tobacco,equalize,109,3627089161,0.0001,0.015099772670899504,True
tobacco,equalize,110,231994325,0.0001,0.02002268653425774,True
tobacco,equalize,111,2255567644,0.0001,0.09518547342945455,True
tobacco,equalize,112,717376937,0.0001,0.09116493702226004,True
tobacco,equalize,113,114202153,0.0001,0.018792910965331255,True
tobacco,equalize,114,3387799787,0.0001,0.03420096598031504,True
tobacco,equalize,115,2757527315,0.0001,0.005539254224420521,True
tobacco,equalize,116,970942008,0.0001,0.07016930350751818,True
tobacco,equalize,117,1648532434,0.0001,0.09405548723918444,True
tobacco,equalize,118,4247869872,0.0001,0.07175778305756238,True
tobacco,equalize,119,1096209843,0.0001,0.06087318648607979,True
tobacco,equalize,120,466645938,0.0001,0.031023979246438328,True
tobacco,equalize,121,1277925110,0.0001,0.06413915706153482,True
tobacco,equalize,122,4114012983,0.0001,0.019795906174034684,True
tobacco,equalize,123,1192144111,0.0001,0.08085934971387494,True
tobacco,equalize,124,2075703250,0.0001,0.0875646368085971,True
tobacco,equalize,125,768649434,0.0001,0.0017106943371029916,True
tobacco,equalize,126,4156696710,0.0001,0.03216643241939462,True
tobacco,equalize,127,944540320,0.0001,0.0502774159446328,True
tobacco,equalize,128,690595643,0.0001,0.05197562365640612,True
tobacco,equalize,129,2852449206,0.0001,0.012765328249013809,True
tobacco,equalize,130,3091066986,0.0001,0.021445429652669903,True
tobacco,equalize,131,2762710349,0.0001,0.09010110782929641,True
tobacco,equalize,132,2067591120,0.0001,0.016523868592838876,True
tobacco,equalize,133,960017140,0.0001,0.03930890316783338,True
tobacco,equalize,134,629229225,0.0001,0.040922217215514735,True
tobacco,equalize,135,267786332,0.0001,0.06384052549744354,True
tobacco,equalize,136,2118001611,0.0001,0.07696210684285597,True
tobacco,equalize,137,2435942076,0.0001,0.05716443538299764,True
tobacco,equalize,138,1071129568,0.0001,0.030311504226869557,True
tobacco,equalize,139,1916999948,0.0001,0.04167967450384541,True
tobacco,equalize,140,786118186,0.0001,0.06698614964594068,True
tobacco,equalize,141,3552882169,0.0001,0.0856708508068886,True
tobacco,equalize,142,2141995896,0.0001,0.03503722110998009,True
tobacco,equalize,143,4042060377,0.0001,0.050598460198745365,True
tobacco,equalize,144,2415536320,0.0001,0.09023526180038652,True
tobacco,equalize,145,233032446,0.0001,0.021588348411578518,True
tobacco,equalize,146,2897917155,0.0001,0.04359478246725506,True
tobacco,equalize,147,3935415444,0.0001,0.0809902711823925,True
tobacco,equalize,148,86290424,0.0001,0.054926433211774144,True
tobacco,equalize,149,893804712,0.0001,0.07286707629405603,True
tobacco,equalize,150,1586032751,0.0001,0.03706399194895871,True
tobacco,equalize,151,2357728673,0.0001,0.07658383546760764,True
tobacco,equalize,152,4211111128,0.0001,0.003949592729864571,True
tobacco,equalize,153,3061761955,0.0001,0.06235214142108064,True
tobacco,equalize,154,1303018385,0.0001,0.024623704555243688,True
tobacco,equalize,155,3794045109,0.0001,0.03399806587981515,True
tobacco,equalize,156,545375742,0.0001,0.00019350570794107735,True
tobacco,equalize,157,2327453457,0.0001,0.06082519208969122,True
tobacco,equalize,158,1460893646,0.0001,0.007771197171336387,True
tobacco,equalize,159,2469523160,0.0001,0.039129426478140744,True
tobacco,equalize,160,1521690997,0.0001,0.013233964085116935,True
tobacco,equalize,161,2477874556,0.0001,0.039230508746142936,True
tobacco,equalize,162,186505294,0.0001,0.07874419191760568,True
tobacco,equalize,163,3807758933,0.0001,0.09888760017415825,True
tobacco,equalize,164,3319218215,0.0001,0.08163426406782007,True
tobacco,equalize,165,144304613,0.0001,0.06557487291527442,True
tobacco,equalize,166,724668147,0.0001,0.07530113524866718,True
tobacco,equalize,167,868701816,0.0001,0.060424753923598064,True
tobacco,equalize,168,3757419123,0.0001,0.03560001131161805,True
tobacco,equalize,169,1872895875,0.0001,0.024930283048649894,True
tobacco,equalize,170,2253349960,0.0001,0.0916209887486762,True
tobacco,equalize,171,920575788,0.0001,0.07519611655911049,True
tobacco,equalize,172,2634723339,0.0001,0.04116688521319171,True
tobacco,equalize,173,840322910,0.0001,0.09925875562271466,True
tobacco,equalize,174,1991351412,0.0001,0.0006730136587057234,True
tobacco,equalize,175,4278525428,0.0001,0.04246476064224869,True
tobacco,equalize,176,4077827110,0.0001,0.03382374804369093,True
tobacco,equalize,177,1510731959,0.0001,0.05366294254935605,True
tobacco,equalize,178,759021139,0.0001,0.07096907909719763,True
tobacco,equalize,179,3146082216,0.0001,0.08383675249327012,True
tobacco,equalize,180,3285980787,0.0001,0.09786768041009007,True
tobacco,equalize,181,492118177,0.0001,0.0993616550329238,True
tobacco,equalize,182,331613547,0.0001,0.08880532780446526,True
tobacco,equalize,183,716577722,0.0001,0.0490859788045269,True
tobacco,equalize,184,3818949840,0.0001,0.03501786796194211,True
tobacco,equalize,185,1108114283,0.0001,0.01170637889447408,True
tobacco,equalize,186,789341588,0.0001,0.08989978692282989,True
tobacco,equalize,187,1382993085,0.0001,0.06520827751660209,True
tobacco,equalize,188,536105233,0.0001,0.030670728687768236,True
tobacco,equalize,189,2968375542,0.0001,0.029951111724312685,True
tobacco,equalize,190,3558466959,0.0001,0.09276429554233555,True
tobacco,equalize,191,1110259138,0.0001,0.01040452459588488,True
tobacco,equalize,192,1038369073,0.0001,0.08237145176948094,True
tobacco,equalize,193,37358718,0.0001,0.05792195109297055,True
tobacco,equalize,194,1455566346,0.0001,0.09191682278220581,True
tobacco,equalize,195,830662555,0.0001,0.0880630768436182,True
tobacco,equalize,196,1717572159,0.0001,0.043289908704351156,True
tobacco,equalize,197,3557021842,0.0001,0.07200526186440766,True
tobacco,equalize,198,2836792285,0.0001,0.08209414178913443,True
tobacco,equalize,199,1647508875,0.0001,0.034269222847610185,True
tobacco,equalize,200,3204560367,0.0001,0.0040717513081739215,True
tobacco,equalize,201,4113485304,0.0001,0.043471065570533644,True
tobacco,equalize,202,2483775414,0.0001,0.07943631379954752,True
tobacco,equalize,203,4151418366,0.0001,0.05411374296747571,True
tobacco,equalize,204,592713482,0.0001,0.05582589825397397,True
tobacco,equalize,205,2405359897,0.0001,0.017476580271023445,True
tobacco,equalize,206,1699915136,0.0001,0.03259863501168027,True
tobacco,equalize,207,3444871855,0.0001,0.045142639080348046,True
tobacco,equalize,208,3247268755,0.0001,0.0006626824686150834,True
tobacco,equalize,209,2473308675,0.0001,0.08171420708120439,True
tobacco,equalize,210,3218736007,0.0001,0.06361931792194574,True
tobacco,equalize,211,2155638576,0.0001,0.03832612714633813,True
tobacco,equalize,212,2450000863,0.0001,0.07829681395136659,True
tobacco,equalize,213,1658353174,0.0001,0.06943276374969155,True
tobacco,equalize,214,3614569176,0.0001,0.013150927107911126,True
tobacco,equalize,215,2606851548,0.0001,0.045413162156993404,True
tobacco,equalize,216,1347146123,0.0001,0.06389633966293808,True
tobacco,equalize,217,2488854804,0.0001,0.09212478340265212,True
tobacco,equalize,218,787094989,0.0001,0.08162693829767222,True
tobacco,equalize,219,3904127868,0.0001,0.007253689914290185,True
tobacco,equalize,220,2346338148,0.0001,0.06305455990193709,True
tobacco,equalize,221,385525852,0.0001,0.04918003370411742,True
tobacco,equalize,222,2045577170,0.0001,0.0990279089820986,True
tobacco,equalize,223,1151716062,0.0001,0.03704186332897751,True
tobacco,equalize,224,40419418,0.0001,0.07763649498601884,True
tobacco,equalize,225,660386951,0.0001,0.08788872939683387,True
tobacco,equalize,226,3421591533,0.0001,0.02538858218162512,True
tobacco,equalize,227,3899184966,0.0001,0.06894679366163789,True
tobacco,equalize,228,254449896,0.0001,0.05995959780276275,True
tobacco,equalize,229,1072818352,0.0001,0.0767013399523044,True
tobacco,equalize,230,2946809349,0.0001,0.05359641172608787,True
tobacco,equalize,231,592425466,0.0001,0.03289232856461899,True
tobacco,equalize,232,2265354552,0.0001,0.08787081309991568,True
tobacco,equalize,233,931546841,0.0001,0.0028523766814894883,True
tobacco,equalize,234,1074793901,0.0001,0.042163025214636024,True
tobacco,equalize,235,2448534374,0.0001,0.012689573041894742,True
tobacco,equalize,236,2560718147,0.0001,0.048427531864078714,True
tobacco,equalize,237,3837121209,0.0001,0.061857870804885244,True
tobacco,equalize,238,1355064980,0.0001,0.012693534806456176,True
tobacco,equalize,239,3065392815,0.0001,0.07079223034138214,True
tobacco,equalize,240,1445344273,0.0001,0.010274198394555567,True
tobacco,equalize,241,4042984411,0.0001,0.0966312536696833,True
tobacco,equalize,242,2368749249,0.0001,0.05819520765992712,True
tobacco,equalize,243,562357645,0.0001,0.00035325963692458553,True
tobacco,equalize,244,1328727247,0.0001,0.010364416674348887,True
tobacco,equalize,245,1758753842,0.0001,0.08900541160643075,True
tobacco,equalize,246,584617594,0.0001,0.04791691427443304,True
tobacco,equalize,247,797094519,0.0001,0.05218935031600043,True
tobacco,equalize,248,1545532943,0.0001,0.051974077463361336,True
tobacco,equalize,249,1801709953,0.0001,0.07075540256171252,True
tobacco,equalize,250,710959312,0.0001,0.09864313015813192,True
tobacco,equalize,251,2458448625,0.0001,0.02916471597323358,True
tobacco,equalize,252,627817448,0.0001,0.03933823084250126,True
tobacco,equalize,253,646993149,0.0001,0.08646904385983066,True
tobacco,equalize,254,1280101095,0.0001,0.07150593784185627,True
tobacco,equalize,255,1619569204,0.0001,0.028766204563963706,True
tobacco,equalize,256,2346455837,0.0001,0.07023317632549089,True
tobacco,equalize,257,2392291303,0.0001,0.009227655070861974,True
tobacco,equalize,258,1259638399,0.0001,0.037718613153597785,True
tobacco,equalize,259,3205284833,0.0001,0.09786363930552655,True
tobacco,equalize,260,782762590,0.0001,0.09413031761178997,True
tobacco,equalize,261,348452734,0.0001,0.0453155838484985,True
tobacco,equalize,262,4107936762,0.0001,0.009644591273592474,True
tobacco,equalize,263,379935617,0.0001,0.03962727242290979,True
tobacco,equalize,264,3712994444,0.0001,0.02433408007956327,True
tobacco,equalize,265,2709224979,0.0001,0.09227968032033902,True
tobacco,equalize,266,1507356852,0.0001,0.022811264908675757,True
tobacco,equalize,267,1164978586,0.0001,0.03264728357028375,True
tobacco,equalize,268,580755455,0.0001,0.0006821200140039064,True
tobacco,equalize,269,4210856177,0.0001,0.048497995939584926,True
tobacco,equalize,270,99401444,0.0001,0.08541177015523109,True
tobacco,equalize,271,1835478914,0.0001,0.0054265337646949635,True
tobacco,equalize,272,3174536053,0.0001,0.057623520591979276,True
tobacco,equalize,273,4007529411,0.0001,0.07235816913017892,True
tobacco,equalize,274,203239953,0.0001,0.025255229767914424,True
tobacco,equalize,275,4208777366,0.0001,0.04995430640403529,True
tobacco,equalize,276,3076014014,0.0001,0.02176377918979329,True
tobacco,equalize,277,412768383,0.0001,0.0640367173096575,True
tobacco,equalize,278,611667674,0.0001,0.024859836169622132,True
tobacco,equalize,279,2526473873,0.0001,0.0013308105708330965,True
tobacco,equalize,280,4182476827,0.0001,0.03557524440772596,True
tobacco,equalize,281,2174814137,0.0001,0.00538241199674141,True
tobacco,equalize,282,4246757611,0.0001,0.06815947170229728,True
tobacco,equalize,283,4227840534,0.0001,0.01575941827138161,True
tobacco,equalize,284,3547725180,0.0001,0.05833968876387936,True
tobacco,equalize,285,3985548166,0.0001,0.09941445237882392,True
tobacco,equalize,286,2150765617,0.0001,0.08816328829599274,True
tobacco,equalize,287,570329627,0.0001,0.05554201865162644,True
tobacco,equalize,288,4044970476,0.0001,0.0667124988761109,True
tobacco,equalize,289,4116270462,0.0001,0.007089939507756483,True
tobacco,equalize,290,4240829271,0.0001,0.048093188340719975,True
tobacco,equalize,291,1519007175,0.0001,0.031159611217055662,True
tobacco,equalize,292,592626239,0.0001,0.04452053632789185,True
tobacco,equalize,293,835416835,0.0001,0.09598587397163733,True
tobacco,equalize,294,237194811,0.0001,0.09769159603235117,True
tobacco,equalize,295,2890086838,0.0001,0.08063450554685132,True
tobacco,equalize,296,4046134325,0.0001,0.06094674613538285,True
tobacco,equalize,297,2390330748,0.0001,0.09360159494537833,True
tobacco,equalize,298,2799763704,0.0001,0.07003674699988695,True
tobacco,equalize,299,4071010877,0.0001,0.048379809266115494,True
tobacco,equalize,300,3285894847,0.0001,0.06430008591058924,True
tobacco,equalize,301,215699935,0.0001,0.05986212663027483,True
tobacco,equalize,302,535733106,0.0001,0.028820139490730645,True
tobacco,equalize,303,1656350438,0.0001,0.06348731370441443,True
tobacco,equalize,304,1628349031,0.0001,0.043671005505185725,True
tobacco,equalize,305,152165515,0.0001,0.07889686090113762,True
tobacco,equalize,306,3260431167,0.0001,0.09689855779408267,True
tobacco,equalize,307,3128651027,0.0001,0.0747680691752024,True
tobacco,equalize,308,3447007118,0.0001,0.08187390543865042,True
tobacco,equalize,309,3881087835,0.0001,0.019720500572436107,True
tobacco,equalize,310,1813438980,0.0001,0.08137791204783462,True
tobacco,equalize,311,2389125294,0.0001,0.05799203702582362,True
tobacco,equalize,312,83156762,0.0001,0.05514544564854515,True
tobacco,equalize,313,568937244,0.0001,0.029597909021717217,True
tobacco,equalize,314,3332917850,0.0001,0.02351791526517444,True
tobacco,equalize,315,193879703,0.0001,0.08470049771314109,True
tobacco,equalize,316,1758219648,0.0001,0.029495967090797184,True
tobacco,equalize,317,2840446812,0.0001,0.053651787969486046,True
tobacco,equalize,318,1820679603,0.0001,0.08190421564880264,True
tobacco,equalize,319,2813004361,0.0001,0.060891071164594884,True
tobacco,equalize,320,2040314355,0.0001,0.04501739504184247,True
tobacco,equalize,321,2645009298,0.0001,0.05492000047518534,True
tobacco,equalize,322,1962896546,0.0001,0.07022736226133013,True
tobacco,equalize,323,1776806169,0.0001,0.07269405759466514,True
tobacco,equalize,324,815850772,0.0001,0.0397827005548537,True
tobacco,equalize,325,2315365429,0.0001,0.07815872239443773,True
tobacco,equalize,326,4257327941,0.0001,0.06171199041203623,True
tobacco,equalize,327,3260384969,0.0001,0.07179403319400346,True
tobacco,equalize,328,3677233323,0.0001,0.06516846523632147,True
tobacco,equalize,329,1609406001,0.0001,0.06846156055363198,True
tobacco,equalize,330,3248764070,0.0001,0.09635966333612893,True
tobacco,equalize,331,3172146797,0.0001,0.06178410831095854,True
tobacco,equalize,332,549191941,0.0001,0.02764141651217411,True
tobacco,equalize,333,3933636741,0.0001,0.0011000989692766972,True
tobacco,equalize,334,3681569216,0.0001,0.030297519818969377,True
tobacco,equalize,335,2959175624,0.0001,0.01280867879601706,True
tobacco,equalize,336,3541164915,0.0001,0.04107213276013782,True
tobacco,equalize,337,15708564,0.0001,0.09404970170888254,True
tobacco,equalize,338,1000441729,0.0001,0.07170337365057304,True
tobacco,equalize,339,3784961711,0.0001,0.07022694863713977,True
tobacco,equalize,340,2268552731,0.0001,0.0029774752787144147,True
tobacco,equalize,341,4065192871,0.0001,0.07876333781656017,True
tobacco,equalize,342,194593390,0.0001,0.07277140115895402,True
tobacco,equalize,343,3314961392,0.0001,0.01878866165204801,True
tobacco,equalize,344,990503847,0.0001,0.05671627203762097,True
tobacco,equalize,345,3566368274,0.0001,0.06420170467632295,True
tobacco,equalize,346,3819985186,0.0001,0.08770330744168864,True
tobacco,equalize,347,3961502395,0.0001,0.09525098416626034,True
tobacco,equalize,348,3784551439,0.0001,0.0006252074966180744,True
tobacco,equalize,349,3391568161,0.0001,0.03759625047688645,True
tobacco,equalize,350,2567066332,0.0001,0.08200513052303167,True
tobacco,equalize,351,1131931097,0.0001,0.0258768747236373,True
tobacco,equalize,352,3306717825,0.0001,0.015353149565052616,True
tobacco,equalize,353,593691955,0.0001,0.09171403026558568,True
tobacco,equalize,354,2392173823,0.0001,0.09257729307828727,True
tobacco,equalize,355,869074065,0.0001,0.077374888028268,True
tobacco,equalize,356,3417871985,0.0001,0.06335326840538945,True
tobacco,equalize,357,4039520922,0.0001,0.058830090772409374,True
tobacco,equalize,358,2095793275,0.0001,0.02158865064310488,True
tobacco,equalize,359,2176619744,0.0001,0.09259359829791389,True
tobacco,equalize,360,3038078646,0.0001,0.05136143129510136,True
tobacco,equalize,361,1244585791,0.0001,0.06383980772217272,True
tobacco,equalize,362,1302105062,0.0001,0.017505700411562686,True
tobacco,equalize,363,2665462583,0.0001,0.061724111697910936,True
tobacco,equalize,364,959509584,0.0001,0.03231564093261056,True
tobacco,equalize,365,2872527394,0.0001,0.08897399070713691,True
tobacco,equalize,366,1678333456,0.0001,0.07398559584788542,True
tobacco,equalize,367,3762189517,0.0001,0.05259362271566375,True
tobacco,equalize,368,1820918307,0.0001,0.04482396838756869,True
tobacco,equalize,369,3946297972,0.0001,0.050970727544449215,True
tobacco,equalize,370,226170732,0.0001,0.08274669915155541,True
tobacco,equalize,371,124393645,0.0001,0.06395761180094618,True
tobacco,equalize,372,3668757889,0.0001,0.00044884786867519514,True
tobacco,equalize,373,3395582030,0.0001,0.03166231023671208,True
tobacco,equalize,374,3471828585,0.0001,0.046307810880610145,True
tobacco,equalize,375,3190480696,0.0001,0.0015535601813737256,True
tobacco,equalize,376,2989104663,0.0001,0.04356388598770209,True
tobacco,equalize,377,622829170,0.0001,0.045228058366736594,True
tobacco,equalize,378,3644700481,0.0001,0.035327293059474484,True
tobacco,equalize,379,2150342606,0.0001,0.023075175400215853,True
tobacco,equalize,380,1774065209,0.0001,0.019223993377208915,True
tobacco,equalize,381,1757904111,0.0001,0.0012488725421643699,True
tobacco,equalize,382,329723045,0.0001,0.09336771314787723,True
tobacco,equalize,383,1107002526,0.0001,0.07126581161758483,True
tobacco,equalize,384,2483018435,0.0001,0.030212431453638756,True
tobacco,equalize,385,3273197405,0.0001,0.09927018949066074,True
tobacco,equalize,386,2718326819,0.0001,0.06033753725855006,True
tobacco,equalize,387,2835433537,0.0001,0.02830234315077762,True
tobacco,equalize,388,4141210190,0.0001,0.03174638351717137,True
tobacco,equalize,389,796029894,0.0001,0.06757356772731772,True
tobacco,equalize,390,1152881247,0.0001,0.0637902454984786,True
tobacco,equalize,391,2265431664,0.0001,0.05880846075659923,True
tobacco,equalize,392,2669978288,0.0001,0.03332510748859552,True
tobacco,equalize,393,71675491,0.0001,0.06664274569693439,True
tobacco,equalize,394,530423552,0.0001,0.08527906096227356,True
tobacco,equalize,395,3523406271,0.0001,0.059299327565421084,True
tobacco,equalize,396,94256819,0.0001,0.04163034973947789,True
tobacco,equalize,397,2684004464,0.0001,0.08571396552414504,True
tobacco,equalize,398,1790931852,0.0001,0.014943480762457429,True
tobacco,equalize,399,2454849013,0.0001,0.056581621526914275,True
tobacco,equalize,400,3735973238,0.0001,0.07583265759554303,True
tobacco,equalize,401,1742426216,0.0001,0.0398339310242981,True
tobacco,equalize,402,1656319729,0.0001,0.09246470324542391,True
tobacco,equalize,403,3464358510,0.0001,0.04422979370936946,True
tobacco,equalize,404,456298305,0.0001,0.04495920121993,True
tobacco,equalize,405,1485692127,0.0001,0.09281448661372077,True
tobacco,equalize,406,4241575694,0.0001,0.04810605392326367,True
tobacco,equalize,407,1890960263,0.0001,0.03690247617469513,True
tobacco,equalize,408,2072272520,0.0001,0.013997202458354431,True
tobacco,equalize,409,2935221309,0.0001,0.020931163281999288,True
tobacco,equalize,410,3261016129,0.0001,0.08416152713200642,True
tobacco,equalize,411,3051078973,0.0001,0.04915982894817886,True
tobacco,equalize,412,2144915764,0.0001,0.0014891269370758131,True
tobacco,equalize,413,749673945,0.0001,0.05794278679355928,True
tobacco,equalize,414,3073494913,0.0001,0.0038121772047866043,True
tobacco,equalize,415,579705036,0.0001,0.08517181008235886,True
tobacco,equalize,416,3640816307,0.0001,0.03423995958556835,True
tobacco,equalize,417,96341027,0.0001,0.09119581489386157,True
tobacco,equalize,418,3236634966,0.0001,0.09332939821198757,True
tobacco,equalize,419,589363861,0.0001,0.022245419503381172,True
tobacco,equalize,420,49431306,0.0001,0.02292041541678923,True
tobacco,equalize,421,1106153848,0.0001,0.06541909436664829,True
tobacco,equalize,422,535838383,0.0001,0.08442615362002084,True
tobacco,equalize,423,3466717144,0.0001,0.03935959467793502,True
tobacco,equalize,424,2367704815,0.0001,0.08804472974432724,True
tobacco,equalize,425,1775519582,0.0001,0.004514662203017383,True
tobacco,equalize,426,1333248296,0.0001,0.06874075337601725,True
tobacco,equalize,427,4035331227,0.0001,0.041110459146172396,True
tobacco,equalize,428,2023173136,0.0001,0.027961292202944465,True
tobacco,equalize,429,3628766184,0.0001,0.0037155296286601525,True
tobacco,equalize,430,878765559,0.0001,0.08647150011385048,True
tobacco,equalize,431,2623317440,0.0001,0.047540417125836044,True
tobacco,equalize,432,1220214202,0.0001,0.06823628830223297,True
tobacco,equalize,433,2021412381,0.0001,0.0635893930070336,True
tobacco,equalize,434,408207198,0.0001,0.06541912579104701,True
tobacco,equalize,435,4009838468,0.0001,0.0646762457578687,True
tobacco,equalize,436,2369157667,0.0001,0.07044114488786045,True
tobacco,equalize,437,625765346,0.0001,0.09023130144618474,True
tobacco,equalize,438,298203590,0.0001,0.05672792748586804,True
tobacco,equalize,439,231871806,0.0001,0.023281381566842053,True
tobacco,equalize,440,469492677,0.0001,0.025252724492314128,True
tobacco,equalize,441,4084943696,0.0001,0.034697193217641774,True
tobacco,equalize,442,4211997778,0.0001,0.08383351970236765,True
tobacco,equalize,443,4033121756,0.0001,0.019844820565667845,True
tobacco,equalize,444,4068913272,0.0001,0.031043936408110054,True
tobacco,equalize,445,3669386240,0.0001,0.04975499788271649,True
tobacco,equalize,446,4139949911,0.0001,0.047056727427032735,True
tobacco,equalize,447,1767083466,0.0001,0.011584485313777461,True
tobacco,equalize,448,1648111401,0.0001,0.023599537796952764,True
tobacco,equalize,449,800203069,0.0001,0.003456193017432852,True
tobacco,equalize,450,748053879,0.0001,0.09850775949490352,True
tobacco,equalize,451,1277711597,0.0001,0.026313061375271497,True
tobacco,equalize,452,2262388090,0.0001,0.010529981743197525,True
tobacco,equalize,453,1120072566,0.0001,0.05584914149151733,True
tobacco,equalize,454,3307210391,0.0001,0.015714234192247156,True
tobacco,equalize,455,2229348480,0.0001,0.017308558552168507,True
tobacco,equalize,456,1001452907,0.0001,0.08540205906586762,True
tobacco,equalize,457,3336675968,0.0001,0.05841475684606408,True
tobacco,equalize,458,642723170,0.0001,0.014080696509787528,True
tobacco,equalize,459,3475777580,0.0001,0.03775194517194387,True
tobacco,equalize,460,3328798766,0.0001,0.08126449833527248,True
tobacco,equalize,461,2509469913,0.0001,0.06771467162742077,True
tobacco,equalize,462,3441520761,0.0001,0.007755114200530955,True
tobacco,equalize,463,408596484,0.0001,0.03936325591737109,True
tobacco,equalize,464,2598821509,0.0001,0.04176001921485656,True
tobacco,equalize,465,2931388033,0.0001,0.04917284651745414,True
tobacco,equalize,466,1879968482,0.0001,0.029744213452092962,True
tobacco,equalize,467,2275899737,0.0001,0.040128169381172335,True
tobacco,equalize,468,2112216340,0.0001,0.0647227936846814,True
tobacco,equalize,469,1018629409,0.0001,0.08839284859125618,True
tobacco,equalize,470,632034046,0.0001,0.017353265237834425,True
tobacco,equalize,471,1451137232,0.0001,0.030305103368899244,True
tobacco,equalize,472,1405281056,0.0001,0.04672814340393316,True
tobacco,equalize,473,2404970632,0.0001,0.034658462602074835,True
tobacco,equalize,474,2121536894,0.0001,0.033049397578101616,True
tobacco,equalize,475,3755867337,0.0001,0.02581422856688216,True
tobacco,equalize,476,711780240,0.0001,0.08677266131530476,True
tobacco,equalize,477,2783390227,0.0001,0.021695361775767766,True
tobacco,equalize,478,2011078392,0.0001,0.019287496732039403,True
tobacco,equalize,479,3137890712,0.0001,0.044141399194774084,True
tobacco,equalize,480,2448783458,0.0001,0.03263897734159487,True
tobacco,equalize,481,4248567438,0.0001,0.0068960096715595005,True
tobacco,equalize,482,3240904722,0.0001,0.07120189907343849,True
tobacco,equalize,483,104296408,0.0001,0.054624324506343414,True
tobacco,equalize,484,2812778851,0.0001,0.05550232677157653,True
tobacco,equalize,485,3432884680,0.0001,0.08267557395905702,True
tobacco,equalize,486,1239899305,0.0001,0.08139833166422898,True
tobacco,equalize,487,836192230,0.0001,0.015047402078459338,True
tobacco,equalize,488,1742680908,0.0001,0.006951531813155654,True
tobacco,equalize,489,115458582,0.0001,0.015272529561113158,True
tobacco,equalize,490,1464743790,0.0001,0.03690167386812581,True
tobacco,equalize,491,966786648,0.0001,0.059783737170707396,True
tobacco,equalize,492,2267350892,0.0001,0.04133014308608758,True
tobacco,equalize,493,108837011,0.0001,0.01298423365894348,True
tobacco,equalize,494,3408592284,0.0001,0.04873814283158295,True
tobacco,equalize,495,880110977,0.0001,0.09198418745214011,True
tobacco,equalize,496,2065977677,0.0001,0.07345586391324176,True
tobacco,equalize,497,4220835202,0.0001,0.07558797024452239,True
tobacco,equalize,498,2922395199,0.0001,0.051527843130695444,True
tobacco,equalize,499,2064702665,0.0001,0.03780999339050365,True
tobacco,equalize,500,3230624843,0.0001,0.02578549968315417,True
tobacco,equalize,501,3630038903,0.0001,0.06118638040775806,True
tobacco,equalize,502,2749416679,0.0001,0.042828474444769074,True
tobacco,equalize,503,2883366516,0.0001,0.0016782060445342695,True
tobacco,equalize,504,2851770209,0.0001,0.014751378403912009,True
tobacco,equalize,505,587419362,0.0001,0.08498562659460365,True
tobacco,equalize,506,3894821468,0.0001,0.06309643255222615,True
tobacco,equalize,507,106164306,0.0001,0.009857618405107328,True
tobacco,equalize,508,1688303674,0.0001,0.04381370997850244,True
tobacco,equalize,509,1400605632,0.0001,0.09795155426064917,True
tobacco,equalize,510,1663399259,0.0001,0.018799968549205483,True
tobacco,equalize,511,1337175071,0.0001,0.0034140257491936943,True
tobacco,equalize,512,3694648067,0.0001,0.08054574441426778,True
tobacco,equalize,513,3171054263,0.0001,0.01891904007273634,True
tobacco,equalize,514,1945513504,0.0001,0.08240479644709375,True
tobacco,equalize,515,2776521337,0.0001,0.08420455599464344,True
tobacco,equalize,516,1473509912,0.0001,0.01392536610439965,True
tobacco,equalize,517,2374904482,0.0001,0.05005597614373687,True
tobacco,equalize,518,1152444611,0.0001,0.06087764543256509,True
tobacco,equalize,519,3492247899,0.0001,0.07638139278881498,True
tobacco,equalize,520,1115116645,0.0001,0.09169566148173054,True
tobacco,equalize,521,2912124330,0.0001,0.08137623586602771,True
tobacco,equalize,522,3004965226,0.0001,0.03580304029450148,True
tobacco,equalize,523,2966987884,0.0001,0.09168607738831036,True
tobacco,equalize,524,1704565164,0.0001,0.013615504729548422,True
tobacco,equalize,525,3925039835,0.0001,0.07813591408085357,True
tobacco,equalize,526,2957107470,0.0001,0.08443194066089865,True
tobacco,equalize,527,3511764481,0.0001,0.03582584666367457,True
tobacco,equalize,528,2167616758,0.0001,0.010336152886533634,True
tobacco,equalize,529,1069066135,0.0001,0.017258837559664432,True
tobacco,equalize,530,3721935681,0.0001,0.07685530842779642,True
tobacco,equalize,531,4087168010,0.0001,0.07109665678710668,True
tobacco,equalize,532,1157037444,0.0001,0.004680821060112428,True
tobacco,equalize,533,1912727388,0.0001,0.08115075097344807,True
tobacco,equalize,534,4016480533,0.0001,0.07829556609400283,True
tobacco,equalize,535,3433719349,0.0001,0.09755731501872744,True
tobacco,equalize,536,3629499330,0.0001,0.009179829807942708,True
tobacco,equalize,537,2824681288,0.0001,0.020243741402710725,True
tobacco,equalize,538,507988686,0.0001,0.055627874261583526,True
tobacco,equalize,539,3258347551,0.0001,0.0001527435779927422,True
tobacco,equalize,540,3837262111,0.0001,0.035159383121734604,True
tobacco,equalize,541,405713211,0.0001,0.0361082165323332,True
tobacco,equalize,542,4175573282,0.0001,0.08707091317700144,True
tobacco,equalize,543,1123412015,0.0001,0.06783897245284631,True
tobacco,equalize,544,3917603874,0.0001,0.037254428012535236,True
tobacco,equalize,545,1325076564,0.0001,0.0101869165359897,True
tobacco,equalize,546,2631764970,0.0001,0.03226499065024046,True
tobacco,equalize,547,135260986,0.0001,0.029841298577159826,True
tobacco,equalize,548,3520991169,0.0001,0.0649338882634211,True
tobacco,equalize,549,1134063145,0.0001,0.009377171682437369,True
tobacco,equalize,550,963006257,0.0001,0.0055117003056483265,True
tobacco,equalize,551,3378814767,0.0001,0.015487903810912196,True
tobacco,equalize,552,400199899,0.0001,0.09238872800020398,True
tobacco,equalize,553,290887381,0.0001,0.014880812476340089,True
tobacco,equalize,554,3671132147,0.0001,0.052086288898673484,True
tobacco,equalize,555,3883268391,0.0001,0.03717571529801613,True
tobacco,equalize,556,425116637,0.0001,0.028307151282060506,True
tobacco,equalize,557,1499628624,0.0001,0.05554003513161737,True
tobacco,equalize,558,1271804379,0.0001,0.07776985362479244,True
tobacco,equalize,559,666798069,0.0001,0.05406528338342473,True
tobacco,equalize,560,3771200056,0.0001,0.0010556596492630743,True
tobacco,equalize,561,1522230879,0.0001,0.08829715341387029,True
tobacco,equalize,562,2043656104,0.0001,0.03674930399544435,True
tobacco,equalize,563,2443778423,0.0001,0.027978631478964212,True
tobacco,equalize,564,1244310653,0.0001,0.03151446434142228,True
tobacco,equalize,565,1745613598,0.0001,0.09747875111410766,True
tobacco,equalize,566,2360712976,0.0001,0.05509061160312554,True
tobacco,equalize,567,4255787355,0.0001,0.009615238761670176,True
tobacco,equalize,568,1266114015,0.0001,0.049548906944458626,True
tobacco,equalize,569,3955778552,0.0001,0.0030588342993382645,True
tobacco,equalize,570,2473793749,0.0001,0.014356248066648859,True
tobacco,equalize,571,878083160,0.0001,0.06687496290809875,True
tobacco,equalize,572,2264269380,0.0001,0.09044651714506495,True
tobacco,equalize,573,3043552169,0.0001,0.09371647400214676,True
tobacco,equalize,574,3271111359,0.0001,0.0873807071367834,True
tobacco,equalize,575,1319280521,0.0001,0.07806634292349693,True
tobacco,equalize,576,1576013860,0.0001,0.03276813863472424,True
tobacco,equalize,577,7498701,0.0001,0.05539245253087619,True
tobacco,equalize,578,3764489419,0.0001,0.01984163828713148,True
tobacco,equalize,579,957743917,0.0001,0.08936457732059094,True
tobacco,equalize,580,2841815546,0.0001,0.025967417522503523,True
tobacco,equalize,581,2521364875,0.0001,0.010875996200964466,True
tobacco,equalize,582,949446693,0.0001,0.05416319471462383,True
tobacco,equalize,583,2764762355,0.0001,0.07718510432560004,True
tobacco,equalize,584,1130502247,0.0001,0.008454844137685425,True
tobacco,equalize,585,2755807059,0.0001,0.016915075143323032,True
tobacco,equalize,586,691382559,0.0001,0.02770823086528759,True
tobacco,equalize,587,3699457226,0.0001,0.07432257428905709,True
tobacco,equalize,588,1687884195,0.0001,0.012965737149229462,True
tobacco,equalize,589,170106749,0.0001,0.09378192948370075,True
tobacco,equalize,590,48810285,0.0001,0.01589637446145632,True
tobacco,equalize,591,2254548895,0.0001,0.08416437681586145,True
tobacco,equalize,592,1505453901,0.0001,0.007718049222614121,True
tobacco,equalize,593,1043600530,0.0001,0.02557912672993412,True
tobacco,equalize,594,1358989635,0.0001,0.044153120191080614,True
tobacco,equalize,595,819269060,0.0001,0.0803620999115372,True
tobacco,equalize,596,3370140816,0.0001,0.027467176868246946,True
tobacco,equalize,597,462317745,0.0001,0.07020761214658185,True
tobacco,equalize,598,2727986184,0.0001,0.014345393965206088,True
tobacco,equalize,599,3653426860,0.0001,0.08647433280647358,True
tobacco,equalize,600,1582977430,0.0001,0.039683581221648584,True
tobacco,equalize,601,1549963716,0.0001,0.07725417229692891,True
tobacco,equalize,602,1282332790,0.0001,0.08851741420695493,True
tobacco,equalize,603,400554221,0.0001,0.013677661487000715,True
tobacco,equalize,604,1830379129,0.0001,0.01065079787941884,True
tobacco,equalize,605,1869112810,0.0001,0.07174778684704779,True
tobacco,equalize,606,1058568895,0.0001,0.08505096556651645,True
tobacco,equalize,607,579465301,0.0001,0.044013147993132454,True
tobacco,equalize,608,4134491217,0.0001,0.03551148598267713,True
tobacco,equalize,609,645756971,0.0001,0.06763675912196289,True
tobacco,equalize,610,3959493401,0.0001,0.07110345306374348,True
tobacco,equalize,611,3354722979,0.0001,0.010682937207094312,True
tobacco,equalize,612,2734529844,0.0001,0.005120028214418027,True
tobacco,equalize,613,2254439232,0.0001,0.08500536771007053,True
tobacco,equalize,614,3174399358,0.0001,0.0635951397945174,True
tobacco,equalize,615,2623896623,0.0001,0.021596376656013196,True
tobacco,equalize,616,329611533,0.0001,0.011041954773135932,True
tobacco,equalize,617,308227320,0.0001,0.019785826497636883,True
tobacco,equalize,618,1474230943,0.0001,0.028039595961214706,True
tobacco,equalize,619,3094831943,0.0001,0.05474409228074002,True
tobacco,equalize,620,554747554,0.0001,0.0014879187154317687,True
tobacco,equalize,621,2955537334,0.0001,0.03877762133939873,True
tobacco,equalize,622,3643505841,0.0001,0.0728554729704288,True
tobacco,equalize,623,2839116535,0.0001,0.05284393227405209,True
tobacco,equalize,624,526803752,0.0001,0.06181633084884402,True
tobacco,equalize,625,2377560716,0.0001,0.04927976726346192,True
tobacco,equalize,626,3231363176,0.0001,0.08451366377945647,True
tobacco,equalize,627,4167322091,0.0001,0.011906452178524674,True
tobacco,equalize,628,1324152250,0.0001,0.049076095927510256,True
tobacco,equalize,629,3823163948,0.0001,0.07506947552204152,True
tobacco,equalize,630,1942190893,0.0001,0.06031201787884071,True
tobacco,equalize,631,1274380469,0.0001,0.052024822596738775,True
tobacco,equalize,632,2296094217,0.0001,0.0860467866648254,True
tobacco,equalize,633,463225630,0.0001,0.09140062900354293,True
tobacco,equalize,634,2241314249,0.0001,0.09042718543981809,True
tobacco,equalize,635,2181361295,0.0001,0.06501978109440931,True
tobacco,equalize,636,3662599116,0.0001,0.07332473041106406,True
tobacco,equalize,637,956127836,0.0001,0.04369161235157481,True
tobacco,equalize,638,781337044,0.0001,0.09568653257665755,True
tobacco,equalize,639,3486714257,0.0001,0.045630235295650245,True
tobacco,equalize,640,2032103453,0.0001,0.08034157083311898,True
tobacco,equalize,641,2954846295,0.0001,0.08370159693998949,True
tobacco,equalize,642,1224430276,0.0001,0.08414967412500422,True
tobacco,equalize,643,3599040832,0.0001,0.001267863149261017,True
tobacco,equalize,644,2118942337,0.0001,0.07595370110020355,True
tobacco,equalize,645,2159046886,0.0001,0.03248908402202292,True
tobacco,equalize,646,2099582988,0.0001,0.08173392798608403,True
tobacco,equalize,647,1278178734,0.0001,0.08321668051190967,True
tobacco,equalize,648,214763577,0.0001,0.0134968499351378,True
tobacco,equalize,649,3358350628,0.0001,0.06069451898388614,True
tobacco,equalize,650,768637571,0.0001,0.04924218389084985,True
tobacco,equalize,651,218859479,0.0001,0.07322647879771177,True
tobacco,equalize,652,2314705536,0.0001,0.0010528587797054123,True
tobacco,equalize,653,4282599850,0.0001,0.017195986908570392,True
tobacco,equalize,654,1659257556,0.0001,0.030193490574181237,True
tobacco,equalize,655,3815792404,0.0001,0.040258423541531765,True
tobacco,equalize,656,2200227564,0.0001,0.021554729660125185,True
tobacco,equalize,657,391340503,0.0001,0.08120936318439698,True
tobacco,equalize,658,4159129011,0.0001,0.0009153427189078412,True
tobacco,equalize,659,1092452191,0.0001,0.08630255044808445,True
tobacco,equalize,660,1893271073,0.0001,0.09300206142726308,True
tobacco,equalize,661,1164868908,0.0001,0.08770393506554641,True
tobacco,equalize,662,26663871,0.0001,0.008827723393597386,True
tobacco,equalize,663,418279575,0.0001,0.06458364823529207,True
tobacco,equalize,664,448537180,0.0001,0.08036431822733942,True
tobacco,equalize,665,1944093018,0.0001,0.09313561650851752,True
tobacco,equalize,666,344435845,0.0001,0.037377596281075155,True
tobacco,equalize,667,2544411115,0.0001,0.0020905260033571406,True
tobacco,equalize,668,314442473,0.0001,0.06036476087945691,True
tobacco,equalize,669,2233035944,0.0001,0.00024044408163942377,True
tobacco,equalize,670,1175029902,0.0001,0.08272873073053442,True
tobacco,equalize,671,1352374566,0.0001,0.0008857536494704444,True
tobacco,equalize,672,1253588275,0.0001,0.07677307493405776,True
tobacco,equalize,673,2900110325,0.0001,0.06636171450437493,True
tobacco,equalize,674,1088867969,0.0001,0.029492636609606784,True
tobacco,equalize,675,3795292270,0.0001,0.07169085407083668,True
tobacco,equalize,676,3971255295,0.0001,0.04812854884934234,True
tobacco,equalize,677,4285731129,0.0001,0.0694178123330559,True
tobacco,equalize,678,1008433668,0.0001,0.010353754789042435,True
tobacco,equalize,679,3923922519,0.0001,0.0655752381766546,True
tobacco,equalize,680,774004673,0.0001,0.09004943640658229,True
tobacco,equalize,681,3953348134,0.0001,0.03518626145316472,True
tobacco,equalize,682,3939985621,0.0001,0.08058096505332418,True
tobacco,equalize,683,1996095722,0.0001,0.09210654869344365,True
tobacco,equalize,684,1607557703,0.0001,0.08191178078614204,True
tobacco,equalize,685,871991568,0.0001,0.09109876872987639,True
tobacco,equalize,686,1216784176,0.0001,0.024369482111304675,True
tobacco,equalize,687,4102645730,0.0001,0.0385605040159899,True
tobacco,equalize,688,3365588660,0.0001,0.07732471088660488,True
tobacco,equalize,689,282822896,0.0001,0.033267050784864374,True
tobacco,equalize,690,1089762763,0.0001,0.0852502622007997,True
tobacco,equalize,691,264472242,0.0001,0.056357319537006435,True
tobacco,equalize,692,3271183412,0.0001,0.033795576227456915,True
tobacco,equalize,693,2171713319,0.0001,0.0772939360687751,True
tobacco,equalize,694,1297945196,0.0001,0.08098142760111776,True
tobacco,equalize,695,2875890105,0.0001,0.007472818465783493,True
tobacco,equalize,696,1686722587,0.0001,0.01624858881820086,True
tobacco,equalize,697,2200985402,0.0001,0.08101378128616678,True
tobacco,equalize,698,503870859,0.0001,0.08100914878528148,True
tobacco,equalize,699,1425569854,0.0001,0.07745531683741193,True
tobacco,equalize,700,691904000,0.0001,0.09397388505464598,True
tobacco,equalize,701,3530392424,0.0001,0.008132283254355655,True
tobacco,equalize,702,495220508,0.0001,0.09439142856863698,True
tobacco,equalize,703,755940349,0.0001,0.0948068824988624,True
tobacco,equalize,704,3148022288,0.0001,0.051416112287371245,True
tobacco,equalize,705,894898506,0.0001,0.007127938422789338,True
tobacco,equalize,706,1741955583,0.0001,0.011880385809477922,True
tobacco,equalize,707,1294987917,0.0001,0.09182725044017023,True
tobacco,equalize,708,2532421846,0.0001,0.05033397878799267,True
tobacco,equalize,709,3587648222,0.0001,0.002105218031224643,True
tobacco,equalize,710,427870686,0.0001,0.05093793853552943,True
tobacco,equalize,711,3594786269,0.0001,0.08760385021987922,True
tobacco,equalize,712,2093325681,0.0001,0.07261686093444678,True
tobacco,equalize,713,587327769,0.0001,0.0404607892413761,True
tobacco,equalize,714,1919673336,0.0001,0.0739659119109566,True
tobacco,equalize,715,657852248,0.0001,0.05659646725630743,True
tobacco,equalize,716,2058600422,0.0001,0.03488616125362839,True
tobacco,equalize,717,1644260130,0.0001,0.04378557151486465,True
tobacco,equalize,718,2586375836,0.0001,0.0894429038911126,True
tobacco,equalize,719,2656275583,0.0001,0.05707407920250657,True
tobacco,equalize,720,3106932429,0.0001,0.016498424724003737,True
tobacco,equalize,721,3216331582,0.0001,0.09814919644080776,True
tobacco,equalize,722,3602521155,0.0001,0.060417807159283604,True
tobacco,equalize,723,2224109660,0.0001,0.035387835833317206,True
tobacco,equalize,724,4019335487,0.0001,0.018401533830947805,True
tobacco,equalize,725,10331375,0.0001,0.018215336303480035,True
tobacco,equalize,726,3887588728,0.0001,0.029454075198022834,True
tobacco,equalize,727,1478588621,0.0001,0.07811803194921081,True
tobacco,equalize,728,1345352140,0.0001,0.04962444200594438,True
tobacco,equalize,729,383597725,0.0001,0.07043859366540231,True
tobacco,equalize,730,2611541516,0.0001,0.07822314003287631,True
tobacco,equalize,731,1197498208,0.0001,0.07302326749860556,True
tobacco,equalize,732,3516114416,0.0001,0.07202960106982219,True
tobacco,equalize,733,343595001,0.0001,0.02841006326649753,True
tobacco,equalize,734,4200765869,0.0001,0.00964831656214965,True
tobacco,equalize,735,2001193316,0.0001,0.06691861198121025,True
tobacco,equalize,736,1334771810,0.0001,0.02821543706143961,True
tobacco,equalize,737,4013049714,0.0001,0.04037307525194411,True
tobacco,equalize,738,1011476355,0.0001,0.05219664833241997,True
tobacco,equalize,739,3462588405,0.0001,0.03990740332997439,True
tobacco,equalize,740,3876654774,0.0001,0.003225041834685205,True
tobacco,equalize,741,708297984,0.0001,0.044370026981995825,True
tobacco,equalize,742,1034448337,0.0001,0.09537908071734863,True
tobacco,equalize,743,2354877509,0.0001,0.06495924849524641,True
tobacco,equalize,744,3443046566,0.0001,0.06838237049144023,True
tobacco,equalize,745,1269478234,0.0001,0.05846832161625118,True
tobacco,equalize,746,2049272269,0.0001,0.09603290819835632,True
tobacco,equalize,747,912714256,0.0001,0.030414977877194417,True
tobacco,equalize,748,331837879,0.0001,0.09723399897733986,True
tobacco,equalize,749,1078588050,0.0001,0.08976063817728049,True
tobacco,equalize,750,1263707983,0.0001,0.00673507582358337,True
tobacco,equalize,751,49957302,0.0001,0.03719758233301991,True
tobacco,equalize,752,1258071394,0.0001,0.037471072528752605,True
tobacco,equalize,753,2030235837,0.0001,0.0688894409363822,True
tobacco,equalize,754,2178105455,0.0001,0.0965533091741983,True
tobacco,equalize,755,725783049,0.0001,0.034531888027145984,True
tobacco,equalize,756,1250051929,0.0001,0.014192615210616044,True
tobacco,equalize,757,1369723600,0.0001,0.06938560623791183,True
tobacco,equalize,758,1246552990,0.0001,0.07253935965126995,True
tobacco,equalize,759,1412407964,0.0001,0.04162061954937654,True
tobacco,equalize,760,4051656604,0.0001,0.08288858515801496,True
tobacco,equalize,761,2684671248,0.0001,0.028802995046484293,True
tobacco,equalize,762,2429095561,0.0001,0.08448618734228724,True
tobacco,equalize,763,210394661,0.0001,0.08667362562467257,True
tobacco,equalize,764,4208387183,0.0001,0.07319530344731215,True
tobacco,equalize,765,1871410687,0.0001,0.0510660250263478,True
tobacco,equalize,766,210147191,0.0001,0.05365539270988502,True
tobacco,equalize,767,2916773482,0.0001,0.08963747241097783,True
tobacco,equalize,768,72239674,0.0001,0.04366718176475846,True
tobacco,equalize,769,1362666616,0.0001,0.0905687338529308,True
tobacco,equalize,770,4020366931,0.0001,0.005971514835973435,True
tobacco,equalize,771,3437988990,0.0001,0.012093871950712265,True
tobacco,equalize,772,2920616199,0.0001,0.02918135258728423,True
tobacco,equalize,773,589667017,0.0001,0.04184282335544044,True
tobacco,equalize,774,3699852113,0.0001,0.0913564385100018,True
tobacco,equalize,775,1499031599,0.0001,0.04683961235228257,True
tobacco,equalize,776,2172735695,0.0001,0.005699276335003278,True
tobacco,equalize,777,3098841563,0.0001,0.0884179376372883,True
tobacco,equalize,778,2640300586,0.0001,0.07006207284284585,True
tobacco,equalize,779,1284989746,0.0001,0.029369739642605776,True
tobacco,equalize,780,891648197,0.0001,0.03505338402055482,True
tobacco,equalize,781,124186690,0.0001,0.08354257542016984,True
tobacco,equalize,782,2707682729,0.0001,0.05709386693099461,True
tobacco,equalize,783,3859419142,0.0001,0.015837974348909125,True
tobacco,equalize,784,1229783179,0.0001,0.09041357661875382,True
tobacco,equalize,785,353001686,0.0001,0.07283312112507864,True
tobacco,equalize,786,896216474,0.0001,0.02075079049217954,True
tobacco,equalize,787,2428298083,0.0001,0.08815731049423209,True
tobacco,equalize,788,1393544234,0.0001,0.051073738901890445,True
tobacco,equalize,789,2136988814,0.0001,0.07986968811718348,True
tobacco,equalize,790,2779355730,0.0001,0.06785675100228593,True
tobacco,equalize,791,3229354084,0.0001,0.0979028718940045,True
tobacco,equalize,792,1237458887,0.0001,0.02083293263389088,True
tobacco,equalize,793,3837083005,0.0001,0.019860455503515284,True
tobacco,equalize,794,8104231,0.0001,0.0013615078113825452,True
tobacco,equalize,795,419973123,0.0001,0.0474061595168726,True
tobacco,equalize,796,3690707636,0.0001,0.08754208235072496,True
tobacco,equalize,797,449505689,0.0001,0.005523023739423927,True
tobacco,equalize,798,3485136841,0.0001,0.07102440041074941,True
tobacco,equalize,799,3488987199,0.0001,0.036165296263378575,True
tobacco,equalize,800,3875887033,0.0001,0.030212157467360248,True
tobacco,equalize,801,1028725301,0.0001,0.08620034167616904,True
tobacco,equalize,802,3001256605,0.0001,0.05838051751361201,True
tobacco,equalize,803,1369610205,0.0001,0.04513064946096355,True
tobacco,equalize,804,2913853158,0.0001,0.044243499365671506,True
tobacco,equalize,805,1248040538,0.0001,0.0477441441449243,True
tobacco,equalize,806,59301234,0.0001,0.058172072809812604,True
tobacco,equalize,807,703089476,0.0001,0.09965687850282423,True
tobacco,equalize,808,292805263,0.0001,0.016479025662623336,True
tobacco,equalize,809,1448779325,0.0001,0.08274231658370926,True
tobacco,equalize,810,3239744212,0.0001,0.04982986761884231,True
tobacco,equalize,811,1802167867,0.0001,0.02609869090041659,True
tobacco,equalize,812,3229218170,0.0001,0.011832143421422636,True
tobacco,equalize,813,2668643086,0.0001,0.02507394804332254,True
tobacco,equalize,814,3150768251,0.0001,0.07120310546058832,True
tobacco,equalize,815,194582671,0.0001,0.0067435100358398505,True
tobacco,equalize,816,1735958258,0.0001,0.03131067700798865,True
tobacco,equalize,817,3116758944,0.0001,0.08366744637388163,True
tobacco,equalize,818,2586319281,0.0001,0.02814751432259498,True
tobacco,equalize,819,2452883800,0.0001,0.04641774187681789,True
tobacco,equalize,820,343271664,0.0001,0.043203429516462645,True
tobacco,equalize,821,1695398701,0.0001,0.03487971227552834,True
tobacco,equalize,822,2333581549,0.0001,0.09831180081131173,True
tobacco,equalize,823,263470784,0.0001,0.0026563886283481834,True
tobacco,equalize,824,792011975,0.0001,0.0685370148658853,True
tobacco,equalize,825,3995517286,0.0001,8.208571779014795e-05,True
tobacco,equalize,826,1358467004,0.0001,0.09027781930943629,True
tobacco,equalize,827,3776131750,0.0001,0.008214808766541515,True
tobacco,equalize,828,4123459135,0.0001,0.09910670967690713,True
tobacco,equalize,829,3422186266,0.0001,0.07749795165393043,True
tobacco,equalize,830,808079354,0.0001,0.04298728452292602,True
tobacco,equalize,831,3650170900,0.0001,0.016278366780617937,True
tobacco,equalize,832,1510210487,0.0001,0.040489997930761946,True
tobacco,equalize,833,1344384271,0.0001,0.0879131881300988,True
tobacco,equalize,834,3705490343,0.0001,0.04356310701020913,True
tobacco,equalize,835,4203338898,0.0001,0.029180178651866374,True
tobacco,equalize,836,2294566184,0.0001,0.09841351796800499,True
tobacco,equalize,837,815047683,0.0001,0.03428697027196527,True
tobacco,equalize,838,2011028316,0.0001,0.0013951640145857037,True
tobacco,equalize,839,1039908812,0.0001,0.031589044743159767,True
tobacco,equalize,840,1969059657,0.0001,0.09699229072490857,True
tobacco,equalize,841,1258825535,0.0001,0.027206260204669742,True
tobacco,equalize,842,530222525,0.0001,0.07929638592485816,True
tobacco,equalize,843,3783271940,0.0001,0.08564828048524398,True
tobacco,equalize,844,3026747250,0.0001,0.09420872500010385,True
tobacco,equalize,845,1544433591,0.0001,0.014287896283919344,True
tobacco,equalize,846,1420391163,0.0001,0.07911144069684298,True
tobacco,equalize,847,4110121791,0.0001,0.05995493069942703,True
tobacco,equalize,848,722599099,0.0001,0.014442473045061922,True
tobacco,equalize,849,3931544380,0.0001,0.05949083059644253,True
tobacco,equalize,850,3739424932,0.0001,0.0943983399407034,True
tobacco,equalize,851,1973180130,0.0001,0.07958166084275768,True
tobacco,equalize,852,195700315,0.0001,0.08627711269704329,True
tobacco,equalize,853,744218660,0.0001,0.022759140347917508,True
tobacco,equalize,854,2798064813,0.0001,0.04110722358128693,True
tobacco,equalize,855,743970141,0.0001,0.030685823104796252,True
tobacco,equalize,856,191794709,0.0001,0.06467705113421506,True
tobacco,equalize,857,2990374197,0.0001,0.09231771727047708,True
tobacco,equalize,858,2959123420,0.0001,0.0069686729427124285,True
tobacco,equalize,859,3182937129,0.0001,0.05314290468783588,True
tobacco,equalize,860,956178997,0.0001,0.009279932349855203,True
tobacco,equalize,861,3119253019,0.0001,0.07400424902393955,True
tobacco,equalize,862,1989216268,0.0001,0.03580453630596499,True
tobacco,equalize,863,1397072574,0.0001,0.0402880953807528,True
tobacco,equalize,864,410008390,0.0001,0.02916671852912278,True
tobacco,equalize,865,3553755374,0.0001,0.05917637155708071,True
tobacco,equalize,866,729971171,0.0001,0.09973809731076533,True
tobacco,equalize,867,3389679452,0.0001,0.0190625754136208,True
tobacco,equalize,868,245768263,0.0001,0.09272633768815607,True
tobacco,equalize,869,626195137,0.0001,0.05679189118819433,True
tobacco,equalize,870,3596197664,0.0001,0.042601719957397366,True
tobacco,equalize,871,2134583564,0.0001,0.07119340460117467,True
tobacco,equalize,872,560890454,0.0001,0.08121643830315607,True
tobacco,equalize,873,441968970,0.0001,0.008000760785510276,True
tobacco,equalize,874,2961393788,0.0001,0.08877721261323539,True
tobacco,equalize,875,65173457,0.0001,0.03477723246511915,True
tobacco,equalize,876,1858381925,0.0001,0.04650277616296991,True
tobacco,equalize,877,437463928,0.0001,0.002212122837398367,True
tobacco,equalize,878,757186404,0.0001,0.01429355328464781,True
tobacco,equalize,879,2028711416,0.0001,0.03221306933954282,True
tobacco,equalize,880,3392998026,0.0001,0.08376996415276547,True
tobacco,equalize,881,58087969,0.0001,0.029280140553267577,True
tobacco,equalize,882,3053656492,0.0001,0.06685026182414104,True
tobacco,equalize,883,3465517191,0.0001,0.03148281172996905,True
tobacco,equalize,884,3275566890,0.0001,0.06295997638932302,True
tobacco,equalize,885,2779800498,0.0001,0.017899669272841458,True
tobacco,equalize,886,2527064994,0.0001,0.07835784716925107,True
tobacco,equalize,887,2354440510,0.0001,0.0854957952624576,True
tobacco,equalize,888,2200127369,0.0001,0.0530834313174549,True
tobacco,equalize,889,1438149846,0.0001,0.08345662247009615,True
tobacco,equalize,890,4135270128,0.0001,0.04908057990393272,True
tobacco,equalize,891,1459946110,0.0001,0.0730892283758248,True
tobacco,equalize,892,2400689594,0.0001,0.01609646589560545,True
tobacco,equalize,893,3159213060,0.0001,0.01739446404520729,True
tobacco,equalize,894,3725344292,0.0001,0.058078425066515206,True
tobacco,equalize,895,2261962977,0.0001,0.014396603735312319,True
tobacco,equalize,896,1425108365,0.0001,0.058664237119058785,True
tobacco,equalize,897,2904901569,0.0001,0.03670446429690969,True
tobacco,equalize,898,2665948465,0.0001,0.08791068333789054,True
tobacco,equalize,899,4045547118,0.0001,0.06995938121087433,True
tobacco,equalize,900,3142877200,0.0001,0.013254684950234852,True
tobacco,equalize,901,1249904761,0.0001,0.07719362973317652,True
tobacco,equalize,902,1197197918,0.0001,0.08119396567375604,True
tobacco,equalize,903,553164558,0.0001,0.04309747523467122,True
tobacco,equalize,904,1824311471,0.0001,0.0730884493840992,True
tobacco,equalize,905,3925228261,0.0001,0.06953790963640875,True
tobacco,equalize,906,2203998073,0.0001,0.08247748019854848,True
tobacco,equalize,907,3455571826,0.0001,0.04477601260044387,True
tobacco,equalize,908,995495434,0.0001,0.00878955030174734,True
tobacco,equalize,909,3433398441,0.0001,0.03902051342772084,True
tobacco,equalize,910,2656508849,0.0001,0.06372591301488112,True
tobacco,equalize,911,1853580826,0.0001,0.06939593839891595,True
tobacco,equalize,912,2181661491,0.0001,0.09771435029967052,True
tobacco,equalize,913,3729694133,0.0001,0.09947435650141984,True
tobacco,equalize,914,152411821,0.0001,0.03853518050047225,True
tobacco,equalize,915,3529888658,0.0001,0.07666534633443911,True
tobacco,equalize,916,445046695,0.0001,0.06122177442150012,True
tobacco,equalize,917,884002569,0.0001,0.09196942066821287,True
tobacco,equalize,918,2672569042,0.0001,0.001430600128824078,True
tobacco,equalize,919,3262893883,0.0001,0.05493241708290876,True
tobacco,equalize,920,1257263663,0.0001,0.04486803370221829,True
tobacco,equalize,921,1653841880,0.0001,0.09655437022386479,True
tobacco,equalize,922,4246287730,0.0001,0.019187087892974256,True
tobacco,equalize,923,2290352837,0.0001,0.0011206457549445715,True
tobacco,equalize,924,3641967157,0.0001,0.03887838967021663,True
tobacco,equalize,925,2842925617,0.0001,0.09388915283871267,True
tobacco,equalize,926,1170918193,0.0001,0.03209294788621638,True
tobacco,equalize,927,143089151,0.0001,0.07228528772415298,True
tobacco,equalize,928,402548791,0.0001,0.024443478963122756,True
tobacco,equalize,929,680508336,0.0001,0.03509269514927726,True
tobacco,equalize,930,1953703383,0.0001,0.027998851365006596,True
tobacco,equalize,931,4248153076,0.0001,0.0016711433818137778,True
tobacco,equalize,932,4066874249,0.0001,0.012731027322955302,True
tobacco,equalize,933,523445337,0.0001,0.06337189469061481,True
tobacco,equalize,934,2633329003,0.0001,0.08279824227589767,True
tobacco,equalize,935,2598812926,0.0001,0.0009399112844598379,True
tobacco,equalize,936,4079536434,0.0001,0.04143327037651326,True
tobacco,equalize,937,563926450,0.0001,0.07729084286683063,True
tobacco,equalize,938,2030180583,0.0001,0.07487189640065824,True
tobacco,equalize,939,3483795388,0.0001,0.05585664156103829,True
tobacco,equalize,940,1282757506,0.0001,0.035210149895346286,True
tobacco,equalize,941,3177575752,0.0001,0.0012346282973721091,True
tobacco,equalize,942,1764612257,0.0001,0.02128926792128636,True
tobacco,equalize,943,2587785845,0.0001,0.01566921348917042,True
tobacco,equalize,944,3463220707,0.0001,0.02066191384460583,True
tobacco,equalize,945,3913046997,0.0001,0.00827784749122632,True
tobacco,equalize,946,667277806,0.0001,0.08353561837421056,True
tobacco,equalize,947,513278088,0.0001,0.08613541844419159,True
tobacco,equalize,948,337419129,0.0001,0.059942305914152554,True
tobacco,equalize,949,2130169264,0.0001,0.03758946296702238,True
tobacco,equalize,950,4188604588,0.0001,0.08980927683928097,True
tobacco,equalize,951,3405441827,0.0001,0.03674711560315824,True
tobacco,equalize,952,2838750514,0.0001,0.007351982431285609,True
tobacco,equalize,953,2437311651,0.0001,0.08335212071207652,True
tobacco,equalize,954,1653490175,0.0001,0.09350018551411308,True
tobacco,equalize,955,1633483492,0.0001,0.005430254601808138,True
tobacco,equalize,956,1709770911,0.0001,0.09597558494925824,True
tobacco,equalize,957,1851390609,0.0001,0.07592753996294016,True
tobacco,equalize,958,705545997,0.0001,0.0344143603771815,True
tobacco,equalize,959,581889285,0.0001,0.08582371202972193,True
tobacco,equalize,960,3767583742,0.0001,0.029858094921570225,True
tobacco,equalize,961,4228349034,0.0001,0.08906294813269452,True
tobacco,equalize,962,3842590953,0.0001,0.06532149169303691,True
tobacco,equalize,963,770619927,0.0001,0.08995851225741998,True
tobacco,equalize,964,967314195,0.0001,0.04201632250459872,True
tobacco,equalize,965,4255115526,0.0001,0.019251633853694352,True
tobacco,equalize,966,1368193850,0.0001,0.03815334497701626,True
tobacco,equalize,967,3379118026,0.0001,0.040593579901033676,True
tobacco,equalize,968,733748362,0.0001,0.04357150395840177,True
tobacco,equalize,969,2890590407,0.0001,0.07435647121544536,True
tobacco,equalize,970,1765174733,0.0001,0.09876247559311781,True
tobacco,equalize,971,48544834,0.0001,0.0026681158439963108,True
tobacco,equalize,972,2610143333,0.0001,0.08416315314134604,True
tobacco,equalize,973,1898079380,0.0001,0.057032307987024355,True
tobacco,equalize,974,3583503279,0.0001,0.06141120301917424,True
tobacco,equalize,975,3399255460,0.0001,0.02871569551097385,True
tobacco,equalize,976,4120621952,0.0001,0.008774491374214866,True
tobacco,equalize,977,1056358575,0.0001,0.000768317590298051,True
tobacco,equalize,978,3507713658,0.0001,0.05276154645970968,True
tobacco,equalize,979,102541377,0.0001,0.014485987014780356,True
tobacco,equalize,980,117295803,0.0001,0.06325785381358838,True
tobacco,equalize,981,836170683,0.0001,0.0393838099981128,True
tobacco,equalize,982,2968173258,0.0001,0.036937523029819876,True
tobacco,equalize,983,760057215,0.0001,0.04809044602776185,True
tobacco,equalize,984,4179828241,0.0001,0.09004466621450014,True
tobacco,equalize,985,4255779638,0.0001,0.06958479683990942,True
tobacco,equalize,986,3181737058,0.0001,0.03357921965357903,True
tobacco,equalize,987,1581195819,0.0001,0.02783946894740228,True
tobacco,equalize,988,1927013667,0.0001,0.0762008414080391,True
tobacco,equalize,989,954689644,0.0001,0.0032026752186075425,True
tobacco,equalize,990,2399386758,0.0001,0.014121943615647859,True
tobacco,equalize,991,2386241186,0.0001,0.014861155050786879,True
tobacco,equalize,992,2335345326,0.0001,0.006973165964850914,True
tobacco,equalize,993,2784210631,0.0001,0.04373529553965543,True
tobacco,equalize,994,3236802518,0.0001,0.05450569334866952,True
tobacco,equalize,995,77326055,0.0001,0.046575292273884863,True
tobacco,equalize,996,792622402,0.0001,0.045722284943920215,True
tobacco,equalize,997,3460301568,0.0001,0.03040247066279943,True
tobacco,equalize,998,472556316,0.0001,0.025239429027840356,True
tobacco,equalize,999,2083073597,0.0001,0.02150997856652297,True
ego,equalize,0,2486417708,0.0001,0.03827396318217602,True
ego,equalize,1,1834041383,0.0001,0.021051796252716283,True
ego,equalize,2,4190606787,0.0001,0.04383343123952285,True
ego,equalize,3,4170537841,0.0001,0.07149379504457652,True
ego,equalize,4,3731316510,0.0001,0.01071076358694232,True
ego,equalize,5,880344341,0.0001,0.07086514573877573,True
ego,equalize,6,550580995,0.0001,0.0360802390715797,True
ego,equalize,7,1633153458,0.0001,0.026297475042896513,True
ego,equalize,8,1647889938,0.0001,0.09130437933760444,True
ego,equalize,9,2026764402,0.0001,0.09055545071001446,True
ego,equalize,10,2559712700,0.0001,0.022464695862048103,True
ego,equalize,11,2730180442,0.0001,0.04583034974031071,True
ego,equalize,12,3136377862,0.0001,0.09896744562624812,True
ego,equalize,13,2596512012,0.0001,0.019697471830643777,True
ego,equalize,14,5827681,0.0001,0.010904987162670922,True
ego,equalize,15,4262763878,0.0001,0.07434153826250349,True
ego,equalize,16,1738309254,0.0001,0.020860837784542608,True
ego,equalize,17,798142312,0.0001,0.09023103188850562,True
ego,equalize,18,3261562624,0.0001,0.002346704797308119,True
ego,equalize,19,3014393213,0.0001,0.054156055612168644,True
ego,equalize,20,3191854003,0.0001,0.012226864076588762,True
ego,equalize,21,1485070108,0.0001,0.06193633633705406,True
ego,equalize,22,625335541,0.0001,0.08224196474166456,True
ego,equalize,23,4000280227,0.0001,0.004514319788086274,True
ego,equalize,24,3114127104,0.0001,0.027740568397912526,True
ego,equalize,25,4022085440,0.0001,0.05346453220688633,True
ego,equalize,26,4225492696,0.0001,0.09658944693099379,True
ego,equalize,27,1370008781,0.0001,0.07335107676012419,True
ego,equalize,28,761793554,0.0001,0.04102557920637975,True
ego,equalize,29,1943346727,0.0001,0.07721374379039384,True
ego,equalize,30,2585747678,0.0001,0.031949415069353795,True
ego,equalize,31,453847791,0.0001,0.039212952717159494,True
ego,equalize,32,49120887,0.0001,0.08158832972225279,True
ego,equalize,33,993717390,0.0001,0.058206354423466646,True
ego,equalize,34,631134011,0.0001,0.0955057050053059,True
ego,equalize,35,2211051299,0.0001,0.04273442970851698,True
ego,equalize,36,3882249725,0.0001,0.06713478331747455,True
ego,equalize,37,1558204068,0.0001,0.09391616518567768,True
ego,equalize,38,1216400158,0.0001,0.08988233977592316,True
ego,equalize,39,2427497628,0.0001,0.011406464577835252,True
ego,equalize,40,3500343805,0.0001,0.0628477510084871,True
ego,equalize,41,3894387302,0.0001,0.0956177308083691,True
ego,equalize,42,2660541283,0.0001,0.09096155242754508,True
ego,equalize,43,160958243,0.0001,0.013942671583892941,True
ego,equalize,44,337791150,0.0001,0.07879946049186534,True
ego,equalize,45,2203761421,0.0001,0.02535182414584569,True
ego,equalize,46,2622077496,0.0001,0.023332277081233754,True
ego,equalize,47,1119338403,0.0001,0.07853918151477246,True
ego,equalize,48,1924733392,0.0001,0.06244460259441477,True
ego,equalize,49,2239484983,0.0001,0.07021658342130326,True
ego,equalize,50,1677955614,0.0001,0.0817893982295468,True
ego,equalize,51,2599872269,0.0001,0.07180834179416372,True
ego,equalize,52,775563577,0.0001,0.09839735123926385,True
ego,equalize,53,1571822557,0.0001,0.08243062465996828,True
ego,equalize,54,2752467126,0.0001,0.04679644418040479,True
ego,equalize,55,2610471807,0.0001,0.04104012416065907,True
ego,equalize,56,1900990008,0.0001,0.040645980622766344,True
ego,equalize,57,2698351609,0.0001,0.04783807561799208,True
ego,equalize,58,3498133899,0.0001,0.07214282207788875,True
ego,equalize,59,2189193175,0.0001,0.0882080236511958,True
ego,equalize,60,4293763594,0.0001,0.021216558645957808,True
ego,equalize,61,3776493997,0.0001,0.09522776696881091,True
ego,equalize,62,950959484,0.0001,0.05566397100464481,True
ego,equalize,63,3183399235,0.0001,0.08661895468850365,True
ego,equalize,64,1656232272,0.0001,0.013704416527784802,True
ego,equalize,65,694046169,0.0001,0.04746716013634131,True
ego,equalize,66,62798931,0.0001,0.09862445512630981,True
ego,equalize,67,2072813187,0.0001,0.008163984487505339,True
ego,equalize,68,2113751863,0.0001,0.04724448707908238,True
ego,equalize,69,2191746888,0.0001,0.06659968109021552,True
ego,equalize,70,2692001303,0.0001,0.08328093197498276,True
ego,equalize,71,246961539,0.0001,0.02978261478427671,True
ego,equalize,72,2846707627,0.0001,0.05289815651753174,True
ego,equalize,73,2863342527,0.0001,0.08483988162387869,True
ego,equalize,74,376700811,0.0001,0.074859625497333,True
ego,equalize,75,3446612686,0.0001,0.029501668812569406,True
ego,equalize,76,918950117,0.0001,0.052049855542585934,True
ego,equalize,77,4035634295,0.0001,0.015910736608830623,True
ego,equalize,78,2227413727,0.0001,0.0723942584553061,True
ego,equalize,79,3973748319,0.0001,0.07034444247547732,True
ego,equalize,80,3705300753,0.0001,0.029341039076286293,True
ego,equalize,81,3544711124,0.0001,0.04851921302796502,True
ego,equalize,82,3173570968,0.0001,0.0908020548900491,True
ego,equalize,83,737388626,0.0001,0.037364747836856414,True
ego,equalize,84,3027167663,0.0001,0.08669148685312911,True
ego,equalize,85,70092089,0.0001,0.000269694568892298,True
ego,equalize,86,2317870210,0.0001,0.08443134252313128,True
ego,equalize,87,3612354877,0.0001,0.055801417455541624,True
ego,equalize,88,2374182087,0.0001,0.03557477374108308,True
ego,equalize,89,201654195,0.0001,0.07129202192544822,True
ego,equalize,90,1561663654,0.0001,0.09474514835842104,True
ego,equalize,91,10383793,0.0001,0.006021076275607995,True
ego,equalize,92,1881177620,0.0001,0.009089004348397045,True
ego,equalize,93,1185213849,0.0001,0.03069515570913868,True
ego,equalize,94,685235075,0.0001,0.051785888629756895,True
ego,equalize,95,3847899857,0.0001,0.03645748251255494,True
ego,equalize,96,812360202,0.0001,0.07938243580205376,True
ego,equalize,97,3252175505,0.0001,0.022115413292108223,True
ego,equalize,98,3376562121,0.0001,0.050062187947900016,True
ego,equalize,99,3702007672,0.0001,0.07280998094196932,True
ego,equalize,100,800740456,0.0001,0.011063114325466906,True
ego,equalize,101,1841628084,0.0001,0.0062535086091698115,True
ego,equalize,102,1495374854,0.0001,0.07713555286384255,True
ego,equalize,103,2083548524,0.0001,0.009614120556942175,True
ego,equalize,104,2323527865,0.0001,0.07781797364387265,True
ego,equalize,105,2721815361,0.0001,0.09334068922201978,True
ego,equalize,106,2130514140,0.0001,0.09444563176108665,True
ego,equalize,107,1466560448,0.0001,0.009047396125652063,True
ego,equalize,108,845705016,0.0001,0.08601827900468093,True
ego,equalize,109,2137343247,0.0001,0.006125421711375912,True
ego,equalize,110,3025123856,0.0001,0.05427494452765437,True
ego,equalize,111,600137364,0.0001,0.08071587467328804,True
ego,equalize,112,2300921243,0.0001,0.09688552638366418,True
ego,equalize,113,4117258258,0.0001,0.07597340285092559,True
ego,equalize,114,1736287006,0.0001,0.0363198983522191,True
ego,equalize,115,379062668,0.0001,0.0853681499973224,True
ego,equalize,116,2151876168,0.0001,0.041469180446114584,True
ego,equalize,117,1320454552,0.0001,0.08773713569337234,True
ego,equalize,118,3035401907,0.0001,0.06298251877188961,True
ego,equalize,119,966067187,0.0001,0.0990512387340829,True
ego,equalize,120,2373352156,0.0001,0.06684943660256393,True
ego,equalize,121,671182949,0.0001,0.07274535657640972,True
ego,equalize,122,116883833,0.0001,0.05195317707911891,True
ego,equalize,123,1947944113,0.0001,0.09468414240938877,True
ego,equalize,124,1257631188,0.0001,0.021412172381365537,True
ego,equalize,125,2641025660,0.0001,0.07961882922788265,True
ego,equalize,126,1349236604,0.0001,0.041933183644796514,True
ego,equalize,127,2811229827,0.0001,0.03131210623442731,True
ego,equalize,128,3114758250,0.0001,0.033634782763171014,True
ego,equalize,129,289590602,0.0001,0.08052821973242291,True
ego,equalize,130,2714112615,0.0001,0.04159814468278211,True
ego,equalize,131,1602901229,0.0001,0.0377417036443895,True
ego,equalize,132,3906852124,0.0001,0.06725484936445796,True
ego,equalize,133,3938784016,0.0001,0.001418265074051195,True
ego,equalize,134,1934052420,0.0001,0.05771498306249267,True
ego,equalize,135,2104816745,0.0001,0.09768414658179142,True
ego,equalize,136,3815972933,0.0001,0.09940361602650277,True
ego,equalize,137,4108154348,0.0001,0.07129728212452405,True
ego,equalize,138,1644100672,0.0001,0.005427360048773389,True
ego,equalize,139,151600476,0.0001,0.050717025660439424,True
ego,equalize,140,824602867,0.0001,0.08641060076317872,True
ego,equalize,141,1057903068,0.0001,0.008067834652989648,True
ego,equalize,142,3837186786,0.0001,0.04551436596391334,True
ego,equalize,143,2134797963,0.0001,0.0775565337508615,True
ego,equalize,144,3521700260,0.0001,0.07921680442922174,True
ego,equalize,145,2155610799,0.0001,0.020228901025225933,True
ego,equalize,146,2883830217,0.0001,0.08779250263716996,True
ego,equalize,147,163481458,0.0001,0.003224499971179895,True
ego,equalize,148,1218131468,0.0001,0.09938492399745014,True
ego,equalize,149,210971537,0.0001,0.08767351117857673,True
ego,equalize,150,326284767,0.0001,0.08548459443716554,True
ego,equalize,151,3705944961,0.0001,0.03744967806175521,True
ego,equalize,152,1670031881,0.0001,0.027443038880981232,True
ego,equalize,153,3981415122,0.0001,0.05356136811608847,True
ego,equalize,154,3455006243,0.0001,0.05989866234161656,True
ego,equalize,155,1620411879,0.0001,0.0282690122159871,True
ego,equalize,156,4016642100,0.0001,0.05409732224007701,True
ego,equalize,157,2851949363,0.0001,0.059057103175281594,True
ego,equalize,158,3229430695,0.0001,0.033064561169394116,True
ego,equalize,159,1102953351,0.0001,0.07798306064453502,True
ego,equalize,160,2480756534,0.0001,0.09677468800158837,True
ego,equalize,161,1281480093,0.0001,0.07347039496830443,True
ego,equalize,162,3460255621,0.0001,0.04318367187999042,True
ego,equalize,163,951352796,0.0001,0.05195391908443601,True
ego,equalize,164,4118774885,0.0001,0.0129288855987035,True
ego,equalize,165,880347302,0.0001,0.043565870933450636,True
ego,equalize,166,1086121478,0.0001,0.07692182977340782,True
ego,equalize,167,2570702310,0.0001,0.08724186526210696,True
ego,equalize,168,234096228,0.0001,0.013550112068107146,True
ego,equalize,169,1701070315,0.0001,0.050011490764621226,True
ego,equalize,170,2333495676,0.0001,0.08047544641615634,True
ego,equalize,171,2923545342,0.0001,0.01953057495302416,True
ego,equalize,172,252615815,0.0001,0.023120902114955835,True
ego,equalize,173,57335314,0.0001,0.0074186300948253184,True
ego,equalize,174,3402316725,0.0001,0.02002540200761952,True
ego,equalize,175,141202950,0.0001,0.08349791868809556,True
ego,equalize,176,1638050508,0.0001,0.05757564767032757,True
ego,equalize,177,2887213852,0.0001,0.08973463587742242,True
ego,equalize,178,3478941295,0.0001,0.09175777006327356,True
ego,equalize,179,3560748424,0.0001,0.007600440481472237,True
ego,equalize,180,3280821610,0.0001,0.08487430670224028,True
ego,equalize,181,1737028258,0.0001,0.026016719761166707,True
ego,equalize,182,2352791460,0.0001,0.0721828194069326,True
ego,equalize,183,3424662325,0.0001,0.09819343123190873,True
ego,equalize,184,4177578671,0.0001,0.0165740153556607,True
ego,equalize,185,1393450696,0.0001,0.018973879630478085,True
ego,equalize,186,1683925089,0.0001,0.06332513360138659,True
ego,equalize,187,1538090416,0.0001,0.03720009191482833,True
ego,equalize,188,843188435,0.0001,0.02676229086996217,True
ego,equalize,189,889527325,0.0001,0.07683708904014823,True
ego,equalize,190,595273268,0.0001,0.06842752860861648,True
ego,equalize,191,4215050946,0.0001,0.02827248684694742,True
ego,equalize,192,1171432896,0.0001,0.055681774598595704,True
ego,equalize,193,3619162233,0.0001,0.08465506825980663,True
ego,equalize,194,181334105,0.0001,0.03681508442663577,True
ego,equalize,195,3608466819,0.0001,0.05351569736130002,True
ego,equalize,196,2634605688,0.0001,0.009868361999900967,True
ego,equalize,197,3904930830,0.0001,0.03925422789456445,True
ego,equalize,198,2803144314,0.0001,0.05695291862232578,True
ego,equalize,199,883410514,0.0001,0.05591848614461699,True
ego,equalize,200,3641282636,0.0001,0.01152650978918729,True
ego,equalize,201,2025650348,0.0001,0.03341887059875968,True
ego,equalize,202,1897722393,0.0001,0.016833115404376577,True
ego,equalize,203,66550557,0.0001,0.055362999460403774,True
ego,equalize,204,4255978105,0.0001,0.027583758752512844,True
ego,equalize,205,4266930715,0.0001,0.09741260446747013,True
ego,equalize,206,1147852026,0.0001,0.03735979561490218,True
ego,equalize,207,4048521995,0.0001,0.04793439953308192,True
ego,equalize,208,4147856602,0.0001,0.0905056216934169,True
ego,equalize,209,3292187136,0.0001,0.04752670120350488,True
ego,equalize,210,133999598,0.0001,0.09418319895339804,True
ego,equalize,211,974721819,0.0001,0.015571687205861785,True
ego,equalize,212,3811157486,0.0001,0.06305004003908324,True
ego,equalize,213,105448422,0.0001,0.03528319373008291,True
ego,equalize,214,2001133666,0.0001,0.09939312256630377,True
ego,equalize,215,4067485923,0.0001,0.08979912044570339,True
ego,equalize,216,2503884753,0.0001,0.08540057462313615,True
ego,equalize,217,1653431641,0.0001,0.02355677592551,True
ego,equalize,218,944026962,0.0001,0.03479972227074612,True
ego,equalize,219,3357942466,0.0001,0.03746144063112091,True
ego,equalize,220,1846537737,0.0001,0.07647561086424694,True
ego,equalize,221,3147078274,0.0001,0.0686145720818293,True
ego,equalize,222,2599684860,0.0001,0.06706688405529783,True
ego,equalize,223,3405715683,0.0001,0.028927077731908238,True
ego,equalize,224,1529673742,0.0001,0.04260082766572,True
ego,equalize,225,3587882667,0.0001,0.07996750799044208,True
ego,equalize,226,1856874393,0.0001,0.019629922381928056,True
ego,equalize,227,2675325144,0.0001,0.04101301335770061,True
ego,equalize,228,3842301179,0.0001,0.08241453152569549,True
ego,equalize,229,1902536011,0.0001,0.057585975282206714,True
ego,equalize,230,3631239652,0.0001,0.03223454231618291,True
ego,equalize,231,889074368,0.0001,0.005858596096189728,True
ego,equalize,232,470993203,0.0001,0.021842072678390768,True
ego,equalize,233,1188052254,0.0001,0.0968431576402678,True
ego,equalize,234,1626640257,0.0001,0.027356422527261105,True
ego,equalize,235,3359420503,0.0001,0.049584381533583424,True
ego,equalize,236,1037961805,0.0001,0.0217767947506077,True
ego,equalize,237,1731195197,0.0001,0.04692055349542787,True
ego,equalize,238,243316892,0.0001,0.021047009956949372,True
ego,equalize,239,896597915,0.0001,0.08185691854017768,True
ego,equalize,240,3532212608,0.0001,0.030490193192380888,True
ego,equalize,241,1878399,0.0001,0.02194328508660688,True
ego,equalize,242,1206616357,0.0001,0.09273763970444104,True
ego,equalize,243,368980338,0.0001,0.09459843280164579,True
ego,equalize,244,3545260588,0.0001,0.09160361985625265,True
ego,equalize,245,2501778064,0.0001,0.051504072103292345,True
ego,equalize,246,48385487,0.0001,0.012095535711566364,True
ego,equalize,247,2298593147,0.0001,0.010557657826706368,True
ego,equalize,248,4108035697,0.0001,0.09030245089788187,True
ego,equalize,249,285758626,0.0001,0.019035627351589257,True
ego,equalize,250,3089266315,0.0001,0.09946894847013746,True
ego,equalize,251,3064138936,0.0001,0.0958879790866357,True
ego,equalize,252,2156971930,0.0001,0.05225668801191574,True
ego,equalize,253,1135084642,0.0001,0.05344909938114073,True
ego,equalize,254,3020870604,0.0001,0.060712625606108295,True
ego,equalize,255,4188163849,0.0001,0.07703350953394736,True
ego,equalize,256,3862471017,0.0001,0.021782979236924817,True
ego,equalize,257,3714192005,0.0001,0.09761639518677623,True
ego,equalize,258,2579658586,0.0001,0.014949455431211844,True
ego,equalize,259,2931723200,0.0001,0.055364179512177814,True
ego,equalize,260,3134379664,0.0001,0.07439890360896687,True
ego,equalize,261,1891411309,0.0001,0.02505158840857571,True
ego,equalize,262,2675789970,0.0001,0.09721118785495696,True
ego,equalize,263,125887165,0.0001,0.09585781122763488,True
ego,equalize,264,2518142244,0.0001,0.010568400098031661,True
ego,equalize,265,1586713876,0.0001,0.085030525728193,True
ego,equalize,266,901618038,0.0001,0.08389162544481621,True
ego,equalize,267,2865420500,0.0001,0.05552786853801517,True
ego,equalize,268,3120338097,0.0001,0.030051160455287242,True
ego,equalize,269,3521685432,0.0001,0.02048613471569386,True
ego,equalize,270,323862072,0.0001,0.0508271595812283,True
ego,equalize,271,2474959713,0.0001,0.07192289269250154,True
ego,equalize,272,479432194,0.0001,0.07671939722416149,True
ego,equalize,273,3567466737,0.0001,0.09751913692009537,True
ego,equalize,274,3357422840,0.0001,0.0876061768172669,True
ego,equalize,275,3587379686,0.0001,0.06214571721035431,True
ego,equalize,276,3004821298,0.0001,0.03349889515270268,True
ego,equalize,277,2452606487,0.0001,0.06241217877010964,True
ego,equalize,278,4292606473,0.0001,0.05325328026117655,True
ego,equalize,279,1231755533,0.0001,0.06365511826696357,True
ego,equalize,280,2649161749,0.0001,0.03071141678059445,True
ego,equalize,281,2777523209,0.0001,0.011785872301774204,True
ego,equalize,282,116017290,0.0001,0.014560087629978092,True
ego,equalize,283,792280815,0.0001,0.07551178260424185,True
ego,equalize,284,2895500415,0.0001,0.007058373749750702,True
ego,equalize,285,4173256112,0.0001,0.09502053473164952,True
ego,equalize,286,1304493364,0.0001,0.05255581669042728,True
ego,equalize,287,2783739581,0.0001,0.026530769271268698,True
ego,equalize,288,2628202909,0.0001,0.08475327982065518,True
ego,equalize,289,3757137860,0.0001,0.06399872491037588,True
ego,equalize,290,2681855652,0.0001,0.05017910209203857,True
ego,equalize,291,1355589180,0.0001,0.03523413867098625,True
ego,equalize,292,2905644337,0.0001,0.0017664566682105032,True
ego,equalize,293,2935121495,0.0001,0.09223141641426179,True
ego,equalize,294,455889778,0.0001,0.02755181910674961,True
ego,equalize,295,4261490252,0.0001,0.03372446203649778,True
ego,equalize,296,3849203279,0.0001,0.05798577176149734,True
ego,equalize,297,1105358243,0.0001,0.001508118269099168,True
ego,equalize,298,1594747748,0.0001,0.09112259174127119,True
ego,equalize,299,3671636220,0.0001,0.0012493661800570656,True
ego,equalize,300,60123270,0.0001,0.07373046131269761,True
ego,equalize,301,717942974,0.0001,0.03804094557015425,True
ego,equalize,302,2318974074,0.0001,0.008451971869152896,True
ego,equalize,303,900287826,0.0001,0.08291224371570999,True
ego,equalize,304,2648737952,0.0001,0.0044931727493438215,True
ego,equalize,305,87338458,0.0001,0.04335177645040529,True
ego,equalize,306,1178605952,0.0001,0.05442514420850963,True
ego,equalize,307,929125149,0.0001,0.04989079731634249,True
ego,equalize,308,1460737981,0.0001,0.04705001676353013,True
ego,equalize,309,2106493625,0.0001,0.013439997390550441,True
ego,equalize,310,1652234685,0.0001,0.09696869044583951,True
ego,equalize,311,4212610553,0.0001,0.05686851143975851,True
ego,equalize,312,65355408,0.0001,0.07331219071504445,True
ego,equalize,313,1954457290,0.0001,0.05210906336141352,True
ego,equalize,314,2643252020,0.0001,0.06786640870715015,True
ego,equalize,315,1539687228,0.0001,0.030148955323464934,True
ego,equalize,316,2495806999,0.0001,0.034600588309878826,True
ego,equalize,317,3134672045,0.0001,0.06008029486973174,True
ego,equalize,318,774912856,0.0001,0.07224477844495056,True
ego,equalize,319,1794263903,0.0001,0.04570369418404287,True
ego,equalize,320,3773255473,0.0001,0.033232913208014095,True
ego,equalize,321,1142863783,0.0001,0.041325471489505744,True
ego,equalize,322,1852649735,0.0001,0.07275544673362304,True
ego,equalize,323,2642064333,0.0001,0.009161132548873296,True
ego,equalize,324,1472794632,0.0001,0.08342281633307344,True
ego,equalize,325,3899483253,0.0001,0.00247176293337833,True
ego,equalize,326,2179747951,0.0001,0.03888861896164961,True
ego,equalize,327,3699605046,0.0001,0.03189896967803797,True
ego,equalize,328,2556013042,0.0001,0.04702851734909433,True
ego,equalize,329,3362107409,0.0001,0.05367025237348329,True
ego,equalize,330,3714369233,0.0001,0.056167196031943735,True
ego,equalize,331,3188414887,0.0001,0.0379241300775816,True
ego,equalize,332,3878686990,0.0001,0.06604511752398792,True
ego,equalize,333,800792189,0.0001,0.04590683313852634,True
ego,equalize,334,4002551199,0.0001,0.012342276060221381,True
ego,equalize,335,538805270,0.0001,0.09215395188814118,True
ego,equalize,336,1199672362,0.0001,0.019123490245281063,True
ego,equalize,337,1031928420,0.0001,0.023065008199592164,True
ego,equalize,338,4002018868,0.0001,0.09579422237304153,True
ego,equalize,339,201523265,0.0001,0.06079609623912899,True
ego,equalize,340,894909898,0.0001,0.06288763802595013,True
ego,equalize,341,974088988,0.0001,0.033473717310369425,True
ego,equalize,342,1705270687,0.0001,0.09179473744199279,True
ego,equalize,343,1032566443,0.0001,0.0528791025894034,True
ego,equalize,344,873332513,0.0001,0.05329607655240597,True
ego,equalize,345,3666051916,0.0001,0.0240261429570377,True
ego,equalize,346,3173299293,0.0001,0.03611070919992645,True
ego,equalize,347,1344539715,0.0001,0.03464785300731622,True
ego,equalize,348,1897391481,0.0001,0.032212849789698565,True
ego,equalize,349,3549559912,0.0001,0.005865747607512784,True
ego,equalize,350,1997941630,0.0001,0.04741281592665089,True
ego,equalize,351,600177862,0.0001,0.03237757625320203,True
ego,equalize,352,3221255368,0.0001,0.06864439174765168,True
ego,equalize,353,3842620454,0.0001,0.042773041362932133,True
ego,equalize,354,444160702,0.0001,0.08902539681294629,True
ego,equalize,355,2391077746,0.0001,0.05227109493233306,True
ego,equalize,356,1218251911,0.0001,0.05197112717561558,True
ego,equalize,357,1946738367,0.0001,0.02000049076943643,True
ego,equalize,358,2578978745,0.0001,0.0681800740533489,True
ego,equalize,359,4177953988,0.0001,0.013981982043708386,True
ego,equalize,360,4262978797,0.0001,0.020699474477199678,True
ego,equalize,361,1240541041,0.0001,0.059883098536029314,True
ego,equalize,362,3602539800,0.0001,0.08557747720061518,True
ego,equalize,363,301989255,0.0001,0.045895959477472825,True
ego,equalize,364,294031685,0.0001,0.06294674837686431,True
ego,equalize,365,3066305170,0.0001,0.0004313992684026769,True
ego,equalize,366,2750509972,0.0001,0.05726591900691619,True
ego,equalize,367,3448342524,0.0001,0.05683365612553429,True
ego,equalize,368,884086338,0.0001,0.07154275178081528,True
ego,equalize,369,4135836573,0.0001,0.09209375085919325,True
ego,equalize,370,4212580984,0.0001,0.016359334192466945,True
ego,equalize,371,2202829011,0.0001,0.09799671845319095,True
ego,equalize,372,2360277941,0.0001,0.07121536447518449,True
ego,equalize,373,1590859941,0.0001,0.04976184224279987,True
ego,equalize,374,2899124796,0.0001,0.056758828154090536,True
ego,equalize,375,3923051438,0.0001,0.01416451780527851,True
ego,equalize,376,169486210,0.0001,0.010689078816132637,True
ego,equalize,377,364094485,0.0001,0.0031992373448967437,True
ego,equalize,378,2118308675,0.0001,0.016633095848671443,True
ego,equalize,379,1120029503,0.0001,0.0065043334703751565,True
ego,equalize,380,2761909917,0.0001,0.08315519461184381,True
ego,equalize,381,2654997188,0.0001,0.01621755828999628,True
ego,equalize,382,2434434987,0.0001,0.028703866536655333,True
ego,equalize,383,1326482703,0.0001,0.02805864602858943,True
ego,equalize,384,637446111,0.0001,0.07630048543602243,True
ego,equalize,385,2694987554,0.0001,0.021643637915902448,True
ego,equalize,386,1841417799,0.0001,0.039056061353311994,True
ego,equalize,387,181585930,0.0001,0.014904169150695501,True
ego,equalize,388,2838617725,0.0001,0.04514663162314936,True
ego,equalize,389,3460698673,0.0001,0.051608919195654496,True
ego,equalize,390,3548409009,0.0001,0.03699321332469182,True
ego,equalize,391,274272125,0.0001,0.006692508938620035,True
ego,equalize,392,3725247267,0.0001,0.03815305777740041,True
ego,equalize,393,2292967298,0.0001,0.009222730479179498,True
ego,equalize,394,3033199497,0.0001,0.0939516652841217,True
ego,equalize,395,1089454236,0.0001,0.019848956486712446,True
ego,equalize,396,2267547624,0.0001,0.03831450847551881,True
ego,equalize,397,472589476,0.0001,0.09833394051475454,True
ego,equalize,398,810981430,0.0001,0.019059430247678033,True
ego,equalize,399,2509484046,0.0001,0.08925732240984076,True
ego,equalize,400,3335373981,0.0001,0.04076847723455991,True
ego,equalize,401,3254249840,0.0001,0.020658662743673395,True
ego,equalize,402,2329610617,0.0001,0.0043943358337269365,True
ego,equalize,403,336895573,0.0001,0.05980086308497741,True
ego,equalize,404,2757507555,0.0001,0.019063085682075476,True
ego,equalize,405,2853430139,0.0001,0.01921937710956021,True
ego,equalize,406,711144489,0.0001,0.033974390036068274,True
ego,equalize,407,1512178036,0.0001,0.030638776516284806,True
ego,equalize,408,712929686,0.0001,0.030560234488636484,True
ego,equalize,409,2658845660,0.0001,0.0671046967169777,True
ego,equalize,410,2489395240,0.0001,0.031266609530691936,True
ego,equalize,411,3116690036,0.0001,0.013214541287073167,True
ego,equalize,412,222684028,0.0001,0.0832862746225983,True
ego,equalize,413,3979109284,0.0001,0.04152067626402694,True
ego,equalize,414,2718976832,0.0001,0.043735437078581234,True
ego,equalize,415,2558980981,0.0001,0.08874052062061677,True
ego,equalize,416,1612395801,0.0001,0.06782229652876696,True
ego,equalize,417,3730868349,0.0001,0.061240588591998914,True
ego,equalize,418,3003138775,0.0001,0.046952662023062475,True
ego,equalize,419,2038858054,0.0001,0.06694904837065467,True
ego,equalize,420,3728332576,0.0001,0.08669308674769008,True
ego,equalize,421,4147547291,0.0001,0.05306238907492196,True
ego,equalize,422,2800665546,0.0001,0.05846629386417397,True
ego,equalize,423,3101206271,0.0001,0.024862799432572615,True
ego,equalize,424,1390558785,0.0001,0.08229092322941052,True
ego,equalize,425,1686213746,0.0001,0.02217437244512275,True
ego,equalize,426,2110997629,0.0001,0.06524850634084722,True
ego,equalize,427,2873705576,0.0001,0.08419595899471548,True
ego,equalize,428,1285229736,0.0001,0.09919140142765291,True
ego,equalize,429,3732881474,0.0001,0.03454597169275218,True
ego,equalize,430,3050163370,0.0001,0.059914355106750694,True
ego,equalize,431,2535111403,0.0001,0.07297978195176773,True
ego,equalize,432,1268629106,0.0001,0.08433279252148525,True
ego,equalize,433,3755534214,0.0001,0.08552432377054262,True
ego,equalize,434,189145239,0.0001,0.06245633475115353,True
ego,equalize,435,690440818,0.0001,0.0902512384403364,True
ego,equalize,436,3250155864,0.0001,0.00737937283138328,True
ego,equalize,437,3246476100,0.0001,0.0994328700444359,True
ego,equalize,438,39126401,0.0001,0.022995456342406753,True
ego,equalize,439,1687383041,0.0001,0.09497037700913444,True
ego,equalize,440,2437438549,0.0001,0.07460888242370356,True
ego,equalize,441,3617551060,0.0001,0.0037988678299976765,True
ego,equalize,442,3639668975,0.0001,0.04201345654000045,True
ego,equalize,443,756611521,0.0001,0.09351425079587727,True
ego,equalize,444,3068569231,0.0001,0.04345294308692108,True
ego,equalize,445,2897132137,0.0001,0.014310367166474347,True
ego,equalize,446,3763185303,0.0001,0.09409784273427184,True
ego,equalize,447,1490339574,0.0001,0.07841458833087689,True
ego,equalize,448,3428076784,0.0001,0.048584672033983145,True
ego,equalize,449,936960856,0.0001,0.03899449160452907,True
ego,equalize,450,2711248938,0.0001,0.08525102377916849,True
ego,equalize,451,3298382950,0.0001,0.06055226864699608,True
ego,equalize,452,3162956906,0.0001,0.07829084556479009,True
ego,equalize,453,2169417995,0.0001,0.08067980462445812,True
ego,equalize,454,1965570129,0.0001,0.0056590408893355875,True
ego,equalize,455,427893695,0.0001,0.053772788421504215,True
ego,equalize,456,4269327732,0.0001,0.02079573760296033,True
ego,equalize,457,933921082,0.0001,0.04533745197137873,True
ego,equalize,458,1863488489,0.0001,0.0636780949223405,True
ego,equalize,459,4000106922,0.0001,0.052059890350787764,True
ego,equalize,460,2267820692,0.0001,0.09377099041812033,True
ego,equalize,461,3131503917,0.0001,0.07479229747657341,True
ego,equalize,462,2517449687,0.0001,0.04444261908885714,True
ego,equalize,463,1902149498,0.0001,0.09722683070500099,True
ego,equalize,464,1815780134,0.0001,0.05606221188144531,True
ego,equalize,465,623013112,0.0001,0.007135938043837765,True
ego,equalize,466,2748226773,0.0001,0.0819005518665375,True
ego,equalize,467,765135161,0.0001,0.06422465440852851,True
ego,equalize,468,969453911,0.0001,0.06490501945994304,True
ego,equalize,469,2802457443,0.0001,0.03597875949533728,True
ego,equalize,470,3407372334,0.0001,0.06706846065373988,True
ego,equalize,471,4178363411,0.0001,0.0017398231503365392,True
ego,equalize,472,1226291029,0.0001,0.07331415869070826,True
ego,equalize,473,3332550777,0.0001,0.08190703455321967,True
ego,equalize,474,3935624076,0.0001,0.07622297473637155,True
ego,equalize,475,1463726532,0.0001,0.018320444451720985,True
ego,equalize,476,4288252564,0.0001,0.06662840845056298,True
ego,equalize,477,2956674204,0.0001,0.08185702753387909,True
ego,equalize,478,197477624,0.0001,0.07261243912461839,True
ego,equalize,479,3436091105,0.0001,0.07015320101411052,True
ego,equalize,480,209494078,0.0001,0.08361243028038456,True
ego,equalize,481,2399308029,0.0001,0.08593691871076836,True
ego,equalize,482,3085487750,0.0001,0.07626791304088326,True
ego,equalize,483,1713487425,0.0001,0.09640976167134907,True
ego,equalize,484,1434070790,0.0001,0.05366228898921064,True
ego,equalize,485,3845226159,0.0001,0.06541293358364511,True
ego,equalize,486,3523411008,0.0001,0.036837982372709244,True
ego,equalize,487,1369019530,0.0001,0.03439287379161098,True
ego,equalize,488,1469138102,0.0001,0.07270355368383477,True
ego,equalize,489,3816729379,0.0001,0.0771443982737449,True
ego,equalize,490,2146005067,0.0001,0.09245308376426632,True
ego,equalize,491,2573238988,0.0001,0.033187355427146396,True
ego,equalize,492,1799093696,0.0001,0.09369942604233299,True
ego,equalize,493,865951224,0.0001,0.07220890527755942,True
ego,equalize,494,3980069308,0.0001,0.055890822008007206,True
ego,equalize,495,3459140798,0.0001,0.0169981638433354,True
ego,equalize,496,1075808265,0.0001,0.049173631324180594,True
ego,equalize,497,2814450400,0.0001,0.075751007306897,True
ego,equalize,498,719116783,0.0001,0.041835209729775225,True
ego,equalize,499,3604896704,0.0001,0.05065182436113659,True
ego,equalize,500,4129057338,0.0001,0.07482760262537405,True
ego,equalize,501,3508418615,0.0001,0.012455851274748464,True
ego,equalize,502,16711575,0.0001,0.09878896727723668,True
ego,equalize,503,1145376630,0.0001,0.053103492927206064,True
ego,equalize,504,3848260507,0.0001,0.0006508830152770484,True
ego,equalize,505,3499858256,0.0001,0.048828353748933184,True
ego,equalize,506,91887290,0.0001,0.06698384174288001,True
ego,equalize,507,2684658163,0.0001,0.0761627671076455,True
ego,equalize,508,709665440,0.0001,0.03979361714118841,True
ego,equalize,509,2669472042,0.0001,0.02251612892591196,True
ego,equalize,510,1630710218,0.0001,0.07381913210746771,True
ego,equalize,511,1342244036,0.0001,0.0207040135129975,True
ego,equalize,512,1368433937,0.0001,0.08194846361104013,True
ego,equalize,513,3491056936,0.0001,0.06064008336672001,True
ego,equalize,514,3557605554,0.0001,0.01843499177248973,True
ego,equalize,515,2412897234,0.0001,0.07779811447562217,True
ego,equalize,516,327823583,0.0001,0.06785879283810888,True
ego,equalize,517,2741317647,0.0001,0.035052001301287654,True
ego,equalize,518,2438036536,0.0001,0.019498070578726337,True
ego,equalize,519,40674438,0.0001,0.024616896523515987,True
ego,equalize,520,1869589754,0.0001,0.04079494092122537,True
ego,equalize,521,1965582587,0.0001,0.09501332755405661,True
ego,equalize,522,3216709673,0.0001,0.06229442101034687,True
ego,equalize,523,3283436290,0.0001,0.009989380429732153,True
ego,equalize,524,3181542263,0.0001,0.03337209462542591,True
ego,equalize,525,2140878196,0.0001,0.03391997672665986,True
ego,equalize,526,933158546,0.0001,0.037596076148464774,True
ego,equalize,527,573222932,0.0001,0.0049879613127982725,True
ego,equalize,528,2834982608,0.0001,0.022932130549492592,True
ego,equalize,529,2323953639,0.0001,0.011060160041926836,True
ego,equalize,530,2653499330,0.0001,0.008710342701154538,True
ego,equalize,531,1997563655,0.0001,0.011207062454487339,True
ego,equalize,532,2714751513,0.0001,0.048004625307291694,True
ego,equalize,533,759716139,0.0001,0.03551689465259335,True
ego,equalize,534,504000240,0.0001,0.06454079911270026,True
ego,equalize,535,2930650992,0.0001,0.06679422083299923,True
ego,equalize,536,2229553635,0.0001,0.08546877884365581,True
ego,equalize,537,1163942263,0.0001,0.006465527962697493,True
ego,equalize,538,1175799366,0.0001,0.07434169716505028,True
ego,equalize,539,3730442910,0.0001,0.015464023614487577,True
ego,equalize,540,1246608528,0.0001,0.02647549977449387,True
ego,equalize,541,3741025797,0.0001,0.08660267477913369,True
ego,equalize,542,3156054301,0.0001,0.047111052592193794,True
ego,equalize,543,3917210931,0.0001,0.020888211063379403,True
ego,equalize,544,1428284954,0.0001,0.027209578634742285,True
ego,equalize,545,2566605258,0.0001,0.07964495117980673,True
ego,equalize,546,627063954,0.0001,0.06155269103294747,True
ego,equalize,547,1601524126,0.0001,0.07644570908417658,True
ego,equalize,548,1311497255,0.0001,0.073186224463221,True
ego,equalize,549,4098810540,0.0001,0.03166796900331469,True
ego,equalize,550,200773094,0.0001,0.049509746208028,True
ego,equalize,551,2375873161,0.0001,0.053784669346340346,True
ego,equalize,552,183125703,0.0001,0.08771506817590997,True
ego,equalize,553,1047532267,0.0001,0.019499022806511748,True
ego,equalize,554,3520423522,0.0001,0.012833601681169461,True
ego,equalize,555,1662969239,0.0001,0.04801626393786199,True
ego,equalize,556,3592243617,0.0001,0.00836683726152596,True
ego,equalize,557,1409853688,0.0001,0.07060259809148192,True
ego,equalize,558,3771162516,0.0001,0.08330107268428422,True
ego,equalize,559,2445663109,0.0001,0.06682976773041542,True
ego,equalize,560,180846793,0.0001,0.06193243533467692,True
ego,equalize,561,2544026004,0.0001,0.09077542673777995,True
ego,equalize,562,3806753767,0.0001,0.004603238266893184,True
ego,equalize,563,767333250,0.0001,0.009824835270842425,True
ego,equalize,564,423722484,0.0001,0.07245172007429423,True
ego,equalize,565,2860157037,0.0001,0.09213186051443964,True
ego,equalize,566,1590144118,0.0001,0.008693496561396586,True
ego,equalize,567,2972706270,0.0001,0.08134086641006899,True
ego,equalize,568,388662372,0.0001,0.06800918094185653,True
ego,equalize,569,2474621127,0.0001,0.009435468622815269,True
ego,equalize,570,3594921266,0.0001,0.05964909563531511,True
ego,equalize,571,1524072755,0.0001,0.014752148633972107,True
ego,equalize,572,2202839169,0.0001,0.08170747567457616,True
ego,equalize,573,2575643899,0.0001,0.09287741536069656,True
ego,equalize,574,2348453348,0.0001,0.026169799680356265,True
ego,equalize,575,181777622,0.0001,0.0678821105411315,True
ego,equalize,576,2920793168,0.0001,0.0254155403376545,True
ego,equalize,577,3985817577,0.0001,0.09119910343611193,True
ego,equalize,578,3279892873,0.0001,0.09680508369569674,True
ego,equalize,579,3060707309,0.0001,0.050932896129773975,True
ego,equalize,580,4116234752,0.0001,0.08592010588719984,True
ego,equalize,581,2004638794,0.0001,0.003370163543694316,True
ego,equalize,582,481584523,0.0001,0.07870841063768208,True
ego,equalize,583,2871066885,0.0001,0.05649981249976757,True
ego,equalize,584,4238270153,0.0001,0.09016999043139526,True
ego,equalize,585,2722202387,0.0001,0.0549898253562977,True
ego,equalize,586,897723151,0.0001,0.02995766754200854,True
ego,equalize,587,1262720788,0.0001,0.03122190809280885,True
ego,equalize,588,2662057507,0.0001,0.055544365343876224,True
ego,equalize,589,135918402,0.0001,0.030159796043497646,True
ego,equalize,590,2165888559,0.0001,0.0025880321521815964,True
ego,equalize,591,1960501396,0.0001,0.04651841807434565,True
ego,equalize,592,379114678,0.0001,0.09694988193735697,True
ego,equalize,593,4027049504,0.0001,0.08260253246282562,True
ego,equalize,594,3750606578,0.0001,0.036139634310602055,True
ego,equalize,595,809645265,0.0001,0.031553852950493656,True
ego,equalize,596,1816158346,0.0001,0.09968372397003727,True
ego,equalize,597,3916164564,0.0001,0.0843660197938205,True
ego,equalize,598,1435322145,0.0001,0.09497560160811021,True
ego,equalize,599,2275716745,0.0001,0.06586357724877061,True
ego,equalize,600,635574544,0.0001,0.03286670668471638,True
ego,equalize,601,2929386356,0.0001,0.08762730426318693,True
ego,equalize,602,863948669,0.0001,0.05162435329737859,True
ego,equalize,603,1592567009,0.0001,0.08441637193150903,True
ego,equalize,604,3610081466,0.0001,0.08330370518589844,True
ego,equalize,605,15249907,0.0001,0.018184036542916504,True
ego,equalize,606,2596264014,0.0001,0.08221096985803338,True
ego,equalize,607,3114973432,0.0001,0.033003430020939466,True
ego,equalize,608,1652062048,0.0001,0.0679419282781868,True
ego,equalize,609,2757768911,0.0001,0.02564858159546335,True
ego,equalize,610,1969501322,0.0001,0.07222384344161896,True
ego,equalize,611,2351245876,0.0001,0.016196786863128476,True
ego,equalize,612,4289423438,0.0001,0.05119006128312659,True
ego,equalize,613,947055725,0.0001,0.023289218778214382,True
ego,equalize,614,3661821248,0.0001,0.07246578852598054,True
ego,equalize,615,1024352549,0.0001,0.02684578157781954,True
ego,equalize,616,477585072,0.0001,0.06629619577400916,True
ego,equalize,617,3477661322,0.0001,0.08560947256776785,True
ego,equalize,618,435411766,0.0001,0.05088423067897912,True
ego,equalize,619,1339280817,0.0001,0.025302104311588594,True
ego,equalize,620,1220715094,0.0001,0.028082809400644882,True
ego,equalize,621,3666891823,0.0001,0.0541285478737374,True
ego,equalize,622,2264660101,0.0001,0.059440994223583746,True
ego,equalize,623,2470089072,0.0001,0.015468291123843226,True
ego,equalize,624,550893267,0.0001,0.023587197519224792,True
ego,equalize,625,2329023449,0.0001,0.04399592508455683,True
ego,equalize,626,3167588771,0.0001,0.09978490430194377,True
ego,equalize,627,1676332212,0.0001,0.062811424064506,True
ego,equalize,628,812741078,0.0001,0.09822075572207478,True
ego,equalize,629,2117100198,0.0001,0.04561144954144204,True
ego,equalize,630,2418824896,0.0001,0.051258072647824296,True
ego,equalize,631,1722407061,0.0001,0.05187452251382124,True
ego,equalize,632,2876613574,0.0001,0.03431195739358861,True
ego,equalize,633,1591163618,0.0001,0.003882399422203031,True
ego,equalize,634,225197512,0.0001,0.0722702863534019,True
ego,equalize,635,4132818930,0.0001,0.017326360387773822,True
ego,equalize,636,4124185977,0.0001,0.0517210561373401,True
ego,equalize,637,1884456573,0.0001,0.06546677531645155,True
ego,equalize,638,3602637403,0.0001,0.06748189323527286,True
ego,equalize,639,4278842534,0.0001,0.043921398458902486,True
ego,equalize,640,1600259530,0.0001,0.07139896904546644,True
ego,equalize,641,3391617365,0.0001,0.018332391951793515,True
ego,equalize,642,1831149804,0.0001,0.02634746224619986,True
ego,equalize,643,3832951094,0.0001,0.07311847662458064,True
ego,equalize,644,2528195559,0.0001,0.006476774050455825,True
ego,equalize,645,1928997803,0.0001,0.07476260938754256,True
ego,equalize,646,3154486834,0.0001,0.07219740023801156,True
ego,equalize,647,470366422,0.0001,0.046594076851517154,True
ego,equalize,648,1169942223,0.0001,0.07901335036076491,True
ego,equalize,649,2846514982,0.0001,0.04293141017927037,True
ego,equalize,650,297666248,0.0001,0.08299703140837782,True
ego,equalize,651,1529059561,0.0001,0.06582187522066822,True
ego,equalize,652,2088696520,0.0001,0.00012821740014359317,True
ego,equalize,653,3622943102,0.0001,0.048700043180924836,True
ego,equalize,654,3960084758,0.0001,0.0661405564128114,True
ego,equalize,655,1770011053,0.0001,0.0867330121941211,True
ego,equalize,656,2344763591,0.0001,0.07619878169784937,True
ego,equalize,657,3925986304,0.0001,0.0622192074310525,True
ego,equalize,658,1634607873,0.0001,0.001213446992455447,True
ego,equalize,659,62952638,0.0001,0.0738640139880024,True
ego,equalize,660,4048912654,0.0001,0.07332556218941919,True
ego,equalize,661,3940920483,0.0001,0.04804823875251995,True
ego,equalize,662,1968265935,0.0001,0.07767381960759627,True
ego,equalize,663,1956176094,0.0001,0.011393032375647606,True
ego,equalize,664,1126025382,0.0001,0.016541584185111726,True
ego,equalize,665,2745537742,0.0001,0.06936298965340701,True
ego,equalize,666,2392878703,0.0001,0.07150772133557314,True
ego,equalize,667,140258720,0.0001,0.09959873674521873,True
ego,equalize,668,332510694,0.0001,0.0276800384985084,True
ego,equalize,669,779603467,0.0001,0.026127208982854325,True
ego,equalize,670,1417088941,0.0001,0.06523547758189334,True
ego,equalize,671,4207108063,0.0001,0.0779731391307852,True
ego,equalize,672,1262502279,0.0001,0.06587074371228839,True
ego,equalize,673,2482741369,0.0001,0.008123759221870109,True
ego,equalize,674,3181216921,0.0001,0.06845920972079689,True
ego,equalize,675,4013445559,0.0001,0.02913187120565297,True
ego,equalize,676,2614485837,0.0001,0.006313630771465051,True
ego,equalize,677,3913302187,0.0001,0.03804094223467344,True
ego,equalize,678,198093573,0.0001,0.000779297060064732,True
ego,equalize,679,4047973993,0.0001,0.05011834686571003,True
ego,equalize,680,1890670545,0.0001,0.028049478418508425,True
ego,equalize,681,2299011846,0.0001,0.010454568208488169,True
ego,equalize,682,2242212333,0.0001,0.05089408042830598,True
ego,equalize,683,263972072,0.0001,0.026221797532159054,True
ego,equalize,684,1421993905,0.0001,0.0019429769787058905,True
ego,equalize,685,3803208768,0.0001,0.05832670032701275,True
ego,equalize,686,122488245,0.0001,0.04222332053609153,True
ego,equalize,687,1470913141,0.0001,0.02569190081560524,True
ego,equalize,688,3046294554,0.0001,0.0970240500558112,True
ego,equalize,689,2327604392,0.0001,0.04996913313092767,True
ego,equalize,690,1470057144,0.0001,0.08575533756590485,True
ego,equalize,691,38641614,0.0001,0.006142078031652454,True
ego,equalize,692,2943659809,0.0001,0.08074739848570837,True
ego,equalize,693,1139461642,0.0001,0.030683070861819508,True
ego,equalize,694,538032605,0.0001,0.06778720542759338,True
ego,equalize,695,2239468523,0.0001,0.038039604399988575,True
ego,equalize,696,7514344,0.0001,0.037614084104396955,True
ego,equalize,697,2858772336,0.0001,0.007409901896354255,True
ego,equalize,698,26675624,0.0001,0.013559174731249658,True
ego,equalize,699,3616846947,0.0001,0.019382167148817766,True
ego,equalize,700,2097102892,0.0001,0.0185520333133978,True
ego,equalize,701,3275402320,0.0001,0.04922191606506703,True
ego,equalize,702,2926799910,0.0001,0.0923513212820922,True
ego,equalize,703,2318818757,0.0001,0.08843112839082196,True
ego,equalize,704,2046830574,0.0001,0.05005389138088992,True
ego,equalize,705,2473716668,0.0001,0.07620944261870262,True
ego,equalize,706,1678710967,0.0001,0.002368801691588507,True
ego,equalize,707,941866193,0.0001,0.04094247982299847,True
ego,equalize,708,4098843104,0.0001,0.08801280918521179,True
ego,equalize,709,1942404217,0.0001,0.008401090092953102,True
ego,equalize,710,3396913419,0.0001,0.06912354079074777,True
ego,equalize,711,1915289011,0.0001,0.06754771429489266,True
ego,equalize,712,710993030,0.0001,0.09194141793708366,True
ego,equalize,713,1754221027,0.0001,0.007964480019203702,True
ego,equalize,714,1327158741,0.0001,0.08341412971994655,True
ego,equalize,715,1395451265,0.0001,0.07182249181882452,True
ego,equalize,716,1154200655,0.0001,0.09856667522696566,True
ego,equalize,717,343017802,0.0001,0.09810255904707432,True
ego,equalize,718,545218544,0.0001,0.031249663131544304,True
ego,equalize,719,938052673,0.0001,0.030082914650905124,True
ego,equalize,720,79388449,0.0001,0.024066831944943134,True
ego,equalize,721,1844867522,0.0001,0.06525249066897519,True
ego,equalize,722,1224527818,0.0001,0.060397613241768545,True
ego,equalize,723,3137718423,0.0001,0.048643781267491804,True
ego,equalize,724,3479946298,0.0001,0.023966535058043838,True
ego,equalize,725,212471748,0.0001,0.027695336294605202,True
ego,equalize,726,1535969286,0.0001,0.05288892634857122,True
ego,equalize,727,1894971195,0.0001,0.06986631629218985,True
ego,equalize,728,4077281851,0.0001,0.00909293506154314,True
ego,equalize,729,3148773769,0.0001,0.07527854967688027,True
ego,equalize,730,1499891412,0.0001,0.09641994071766995,True
ego,equalize,731,3055198774,0.0001,0.0034439235005397696,True
ego,equalize,732,3709888278,0.0001,0.026692152505675262,True
ego,equalize,733,1747115992,0.0001,0.037944268664760854,True
ego,equalize,734,3379509,0.0001,0.0041616831920804126,True
ego,equalize,735,4172327526,0.0001,0.09727031698809391,True
ego,equalize,736,1243482635,0.0001,0.04579845383220758,True
ego,equalize,737,1964331761,0.0001,0.07324133934967779,True
ego,equalize,738,257007732,0.0001,0.07059433848133632,True
ego,equalize,739,3700782716,0.0001,0.03166034535940428,True
ego,equalize,740,1449444599,0.0001,0.010614998895407969,True
ego,equalize,741,4174182814,0.0001,0.045577816688580464,True
ego,equalize,742,135261023,0.0001,0.008566561608578582,True
ego,equalize,743,1102689588,0.0001,0.05996525180673538,True
ego,equalize,744,414680569,0.0001,0.0830214143648767,True
ego,equalize,745,3904993024,0.0001,0.04122940606960991,True
ego,equalize,746,291338689,0.0001,0.06850964992201454,True
ego,equalize,747,766726251,0.0001,0.08189668298731367,True
ego,equalize,748,377678311,0.0001,0.05735123543666581,True
ego,equalize,749,734598897,0.0001,0.009318432179286896,True
ego,equalize,750,535938896,0.0001,0.06215116787026222,True
ego,equalize,751,2035333482,0.0001,0.05576151547270859,True
ego,equalize,752,1532643652,0.0001,0.08985533743286866,True
ego,equalize,753,1086558362,0.0001,0.04982036313991539,True
ego,equalize,754,1602976953,0.0001,0.0060893857375294074,True
ego,equalize,755,2576328620,0.0001,0.04056269326161155,True
ego,equalize,756,126608048,0.0001,0.0593255840495098,True
ego,equalize,757,1291741765,0.0001,0.04781404311023138,True
ego,equalize,758,1854839683,0.0001,0.08364886197680425,True
ego,equalize,759,3643742715,0.0001,0.024923599161361044,True
ego,equalize,760,1234671236,0.0001,0.04819467515137288,True
ego,equalize,761,3839301796,0.0001,0.08353930377869406,True
ego,equalize,762,2119314161,0.0001,0.08536311578407968,True
ego,equalize,763,2733838185,0.0001,0.07676781210738542,True
ego,equalize,764,1566710880,0.0001,0.004104118069939588,True
ego,equalize,765,4010913212,0.0001,0.0840745440688368,True
ego,equalize,766,2884799898,0.0001,0.09789597553037893,True
ego,equalize,767,3821088835,0.0001,0.057249499309371614,True
ego,equalize,768,3939912171,0.0001,0.09826888072393443,True
ego,equalize,769,778352228,0.0001,0.09526938044232235,True
ego,equalize,770,4236101269,0.0001,0.016208578697970277,True
ego,equalize,771,34719834,0.0001,0.01761444965099588,True
ego,equalize,772,2394899483,0.0001,0.07661975860477237,True
ego,equalize,773,2591114095,0.0001,0.04045641872554208,True
ego,equalize,774,4194584919,0.0001,0.03437397807323602,True
ego,equalize,775,3602650437,0.0001,0.071117899695496,True
ego,equalize,776,900136957,0.0001,0.0556301759645977,True
ego,equalize,777,2836410155,0.0001,0.07601345966912476,True
ego,equalize,778,1752133943,0.0001,0.06163125872299155,True
ego,equalize,779,2999211704,0.0001,0.04207896367669074,True
ego,equalize,780,864829532,0.0001,0.03511858569755363,True
ego,equalize,781,921516045,0.0001,0.03116700478268433,True
ego,equalize,782,3192544871,0.0001,0.02777692426233698,True
ego,equalize,783,581392024,0.0001,0.040044957995302936,True
ego,equalize,784,1086986946,0.0001,0.09861202564843065,True
ego,equalize,785,3956620354,0.0001,0.05103941231674106,True
ego,equalize,786,149295976,0.0001,0.05004717408434772,True
ego,equalize,787,3972621263,0.0001,0.0062358953437164025,True
ego,equalize,788,213407733,0.0001,0.031756085397249646,True
ego,equalize,789,457814665,0.0001,0.03500394150935595,True
ego,equalize,790,897378093,0.0001,0.06324896717254665,True
ego,equalize,791,1946977458,0.0001,0.011911644869517058,True
ego,equalize,792,4217561481,0.0001,0.07643579547035018,True
ego,equalize,793,2739294935,0.0001,0.041740872109539084,True
ego,equalize,794,4080660082,0.0001,0.03177608100824817,True
ego,equalize,795,119605836,0.0001,0.08812361783694911,True
ego,equalize,796,773593560,0.0001,0.057881928760586523,True
ego,equalize,797,2628841176,0.0001,0.011095787228835731,True
ego,equalize,798,985939145,0.0001,0.026387125110726696,True
ego,equalize,799,588272796,0.0001,0.008027070441423844,True
ego,equalize,800,2522078171,0.0001,0.02398339951753933,True
ego,equalize,801,1539845621,0.0001,0.07260324635418806,True
ego,equalize,802,3765274160,0.0001,0.05213349712887464,True
ego,equalize,803,1714746727,0.0001,0.06885786569829301,True
ego,equalize,804,1036846364,0.0001,0.08973604864325405,True
ego,equalize,805,2563160361,0.0001,0.019713816124426645,True
ego,equalize,806,419534008,0.0001,0.09420177958071259,True
ego,equalize,807,172111079,0.0001,0.0961330439997065,True
ego,equalize,808,728203059,0.0001,0.09045681906933552,True
ego,equalize,809,2521012083,0.0001,0.05423463383287339,True
ego,equalize,810,1351149076,0.0001,0.0946761299840383,True
ego,equalize,811,4268097662,0.0001,0.006919411111300866,True
ego,equalize,812,3240400559,0.0001,0.02095525026426407,True
ego,equalize,813,65444649,0.0001,0.06635109653167844,True
ego,equalize,814,2458369553,0.0001,0.06642074494400714,True
ego,equalize,815,2374078052,0.0001,0.06653045653778203,True
ego,equalize,816,3386629613,0.0001,0.0936173765116114,True
ego,equalize,817,3687653927,0.0001,0.019147049662313932,True
ego,equalize,818,2461539275,0.0001,0.077125132870855,True
ego,equalize,819,3758280520,0.0001,0.05393486115755086,True
ego,equalize,820,1449231304,0.0001,0.08898219213067564,True
ego,equalize,821,1582087959,0.0001,0.011884324730679586,True
ego,equalize,822,304495318,0.0001,0.0330024058004326,True
ego,equalize,823,792235188,0.0001,0.08711007577618286,True
ego,equalize,824,2429675573,0.0001,0.07092433125311509,True
ego,equalize,825,997375426,0.0001,0.08771796995514958,True
ego,equalize,826,818116685,0.0001,0.088492149832855,True
ego,equalize,827,3430100414,0.0001,0.001952398717568893,True
ego,equalize,828,1886021887,0.0001,0.058597796167931364,True
ego,equalize,829,2595136669,0.0001,0.027942990345366115,True
ego,equalize,830,181093934,0.0001,0.09566417192062741,True
ego,equalize,831,2567742174,0.0001,0.0265401944320964,True
ego,equalize,832,3076673477,0.0001,0.05433601032260578,True
ego,equalize,833,3303378070,0.0001,0.022276578538487513,True
ego,equalize,834,1625612345,0.0001,0.04710279970014489,True
ego,equalize,835,3077274716,0.0001,0.09174790947459545,True
ego,equalize,836,1159799953,0.0001,0.023043738523113144,True
ego,equalize,837,1083807224,0.0001,0.033845392195905315,True
ego,equalize,838,1503511464,0.0001,0.035045844340552204,True
ego,equalize,839,4088816228,0.0001,0.03087232369435318,True
ego,equalize,840,918017809,0.0001,0.08803141957292457,True
ego,equalize,841,1393150341,0.0001,0.0773859368511238,True
ego,equalize,842,1381373595,0.0001,0.05935903370144169,True
ego,equalize,843,3621357932,0.0001,0.05895038365917918,True
ego,equalize,844,2245749684,0.0001,0.01761600623847548,True
ego,equalize,845,299043227,0.0001,0.03273574474203873,True
ego,equalize,846,1755774759,0.0001,0.054612857655358976,True
ego,equalize,847,4228355718,0.0001,0.02335975410172705,True
ego,equalize,848,3272091305,0.0001,0.06260655057444543,True
ego,equalize,849,1592995591,0.0001,0.01075474595834437,True
ego,equalize,850,4270092719,0.0001,0.0050685871894196825,True
ego,equalize,851,2496410686,0.0001,0.09207478056948798,True
ego,equalize,852,3978156961,0.0001,0.0005527715417286028,True
ego,equalize,853,858894015,0.0001,0.04063992722966786,True
ego,equalize,854,4110869929,0.0001,0.00591427545482498,True
ego,equalize,855,3482986414,0.0001,0.0999408023463464,True
ego,equalize,856,168284724,0.0001,0.05072821878575719,True
ego,equalize,857,4091856579,0.0001,0.050911547573897514,True
ego,equalize,858,2971247951,0.0001,0.09773997838239437,True
ego,equalize,859,143615153,0.0001,0.05271050071292697,True
ego,equalize,860,2566259068,0.0001,0.07445092861060552,True
ego,equalize,861,2678918040,0.0001,0.018494427478439057,True
ego,equalize,862,219925871,0.0001,0.0038565417463452545,True
ego,equalize,863,2162370995,0.0001,0.008982193216936763,True
ego,equalize,864,729968318,0.0001,0.03578724768324543,True
ego,equalize,865,3466903660,0.0001,0.06339754165516095,True
ego,equalize,866,4047327824,0.0001,0.05477011609317302,True
ego,equalize,867,1437977116,0.0001,0.03427328889631757,True
ego,equalize,868,127417885,0.0001,0.06955103690903179,True
ego,equalize,869,251542694,0.0001,0.053999523933919984,True
ego,equalize,870,2782763765,0.0001,0.07641528490898866,True
ego,equalize,871,4037772093,0.0001,0.05512790503388124,True
ego,equalize,872,1796792654,0.0001,0.05259732360265795,True
ego,equalize,873,2324475250,0.0001,0.007913268152672959,True
ego,equalize,874,2834296394,0.0001,0.041345457089405985,True
ego,equalize,875,959528512,0.0001,0.08781147010986608,True
ego,equalize,876,830479778,0.0001,0.08087419570721704,True
ego,equalize,877,1102505584,0.0001,0.05027546304936314,True
ego,equalize,878,1892575332,0.0001,0.09723386299227312,True
ego,equalize,879,576871930,0.0001,0.005070289455334654,True
ego,equalize,880,4177876372,0.0001,0.08343234479100321,True
ego,equalize,881,1911866913,0.0001,0.03541595710024249,True
ego,equalize,882,4047506715,0.0001,0.02621611862821435,True
ego,equalize,883,985144677,0.0001,0.0824310821054612,True
ego,equalize,884,3846158486,0.0001,0.056328132986894576,True
ego,equalize,885,3799576158,0.0001,0.01682453237752939,True
ego,equalize,886,4053837474,0.0001,0.024646041500309114,True
ego,equalize,887,3273203569,0.0001,0.06367523858029349,True
ego,equalize,888,3750869808,0.0001,0.052451498152258594,True
ego,equalize,889,263023449,0.0001,0.0700118769254539,True
ego,equalize,890,3800170546,0.0001,0.03482340055420801,True
ego,equalize,891,3052623163,0.0001,0.0023873408254684314,True
ego,equalize,892,3187943939,0.0001,0.0049006978950214665,True
ego,equalize,893,2751825059,0.0001,0.014224505369468177,True
ego,equalize,894,921504467,0.0001,0.0906647362888473,True
ego,equalize,895,3407495000,0.0001,0.0397868968616705,True
ego,equalize,896,2497061189,0.0001,0.06414034364085695,True
ego,equalize,897,1051603504,0.0001,0.017589401541047357,True
ego,equalize,898,3105973820,0.0001,0.04625765142882452,True
ego,equalize,899,1217012367,0.0001,0.04655739093974415,True
ego,equalize,900,4104767876,0.0001,0.06045607422901707,True
ego,equalize,901,4131938275,0.0001,0.08913860634209098,True
ego,equalize,902,2669866710,0.0001,0.0610769394556672,True
ego,equalize,903,2837125519,0.0001,0.03975343589372524,True
ego,equalize,904,2071807266,0.0001,0.01565760282081192,True
ego,equalize,905,3521673535,0.0001,0.021766091860500016,True
ego,equalize,906,3398996286,0.0001,0.0230274066840677,True
ego,equalize,907,2305910066,0.0001,0.06150236353281046,True
ego,equalize,908,82016286,0.0001,0.05075061504172401,True
ego,equalize,909,2371871782,0.0001,0.09735104569945371,True
ego,equalize,910,907750471,0.0001,0.09140286750331938,True
ego,equalize,911,576862808,0.0001,0.06371100175127366,True
ego,equalize,912,3842707417,0.0001,0.00177078306569044,True
ego,equalize,913,1298384483,0.0001,0.08932033141810025,True
ego,equalize,914,48031083,0.0001,0.014426650048499624,True
ego,equalize,915,1158588118,0.0001,0.04378288503815882,True
ego,equalize,916,2775734963,0.0001,0.015365709412035612,True
ego,equalize,917,2587933920,0.0001,0.05143347327842729,True
ego,equalize,918,2367023208,0.0001,0.014731799680867875,True
ego,equalize,919,2792980588,0.0001,0.03888942116822705,True
ego,equalize,920,686566003,0.0001,0.09740295608885208,True
ego,equalize,921,1995720132,0.0001,0.09216644165144537,True
ego,equalize,922,3813398418,0.0001,0.09748165109373141,True
ego,equalize,923,3735042174,0.0001,0.08667413502858318,True
ego,equalize,924,2932912418,0.0001,0.04723548649342332,True
ego,equalize,925,4211069147,0.0001,0.04334331891360929,True
ego,equalize,926,1802975049,0.0001,0.02590379739714134,True
ego,equalize,927,1275731227,0.0001,0.0042947176720184,True
ego,equalize,928,4158886893,0.0001,0.07437994601589072,True
ego,equalize,929,3988800051,0.0001,0.049755575058981066,True
ego,equalize,930,2740185807,0.0001,0.039117706764914065,True
ego,equalize,931,3293617292,0.0001,0.09086779075759627,True
ego,equalize,932,3925617202,0.0001,0.07321521999720107,True
ego,equalize,933,4100268649,0.0001,0.050062964697701655,True
ego,equalize,934,3438370309,0.0001,0.05700944093502017,True
ego,equalize,935,2286147622,0.0001,0.07491578725308347,True
ego,equalize,936,2991162477,0.0001,0.02741536525879649,True
ego,equalize,937,504943909,0.0001,0.041887983382195904,True
ego,equalize,938,1691079150,0.0001,0.09335803663031784,True
ego,equalize,939,2973926977,0.0001,0.04401328463537311,True
ego,equalize,940,83347802,0.0001,0.09481017580508669,True
ego,equalize,941,4056175438,0.0001,0.08097372890160331,True
ego,equalize,942,544271969,0.0001,0.05446578637086809,True
ego,equalize,943,34286156,0.0001,0.0488544666461149,True
ego,equalize,944,905638541,0.0001,0.03668308357256097,True
ego,equalize,945,1291299016,0.0001,0.003083040823400496,True
ego,equalize,946,1297121014,0.0001,0.004134805376543227,True
ego,equalize,947,363221069,0.0001,0.04916820765131174,True
ego,equalize,948,1573658504,0.0001,0.016623799416335884,True
ego,equalize,949,2679507679,0.0001,0.09857117603485599,True
ego,equalize,950,3354915098,0.0001,0.07018023736252069,True
ego,equalize,951,2431648757,0.0001,0.028497263429816122,True
ego,equalize,952,3131242747,0.0001,0.059963796637422476,True
ego,equalize,953,66903910,0.0001,0.0017357370156289799,True
ego,equalize,954,1959173051,0.0001,0.032285720778411096,True
ego,equalize,955,3087686749,0.0001,0.04051890001111811,True
ego,equalize,956,706414858,0.0001,0.012586271935787175,True
ego,equalize,957,1835487779,0.0001,0.007997857065934533,True
ego,equalize,958,2413586407,0.0001,0.05225307638712177,True
ego,equalize,959,1499712697,0.0001,0.09574438654571754,True
ego,equalize,960,3793134337,0.0001,0.005934570921094007,True
ego,equalize,961,3522998145,0.0001,0.05539693360270437,True
ego,equalize,962,3273447354,0.0001,0.08095080199937887,True
ego,equalize,963,984222809,0.0001,0.06367789458810051,True
ego,equalize,964,4283327367,0.0001,0.0615279043910189,True
ego,equalize,965,3537286573,0.0001,0.09234630958848908,True
ego,equalize,966,2155552007,0.0001,0.09642730670038642,True
ego,equalize,967,3465789222,0.0001,0.01990381944114681,True
ego,equalize,968,147143848,0.0001,0.06342572551878567,True
ego,equalize,969,229534374,0.0001,0.0339718510854272,True
ego,equalize,970,4228731231,0.0001,0.09919924405857608,True
ego,equalize,971,791768633,0.0001,0.05405658762802992,True
ego,equalize,972,971278774,0.0001,0.06708454438130769,True
ego,equalize,973,2409304666,0.0001,0.0671161211823779,True
ego,equalize,974,1015361707,0.0001,0.03736104686605388,True
ego,equalize,975,3907353086,0.0001,0.029418731165970283,True
ego,equalize,976,2156846117,0.0001,0.023443602279255484,True
ego,equalize,977,3640667419,0.0001,0.07175263498411635,True
ego,equalize,978,1937279563,0.0001,0.08081820872644378,True
ego,equalize,979,2039989489,0.0001,0.0635236717941236,True
ego,equalize,980,1819272879,0.0001,0.029919316201339287,True
ego,equalize,981,1462703439,0.0001,0.09794418447007901,True
ego,equalize,982,1484043591,0.0001,0.0762351126483147,True
ego,equalize,983,3966480506,0.0001,0.054866475116285174,True
ego,equalize,984,1768739510,0.0001,0.0459433449241293,True
ego,equalize,985,842572351,0.0001,0.021998435389401827,True
ego,equalize,986,600755964,0.0001,0.04062901626885227,True
ego,equalize,987,2095080198,0.0001,0.057277314531637175,True
ego,equalize,988,941906141,0.0001,0.036277999003973736,True
ego,equalize,989,2690332555,0.0001,0.06037964297811524,True
ego,equalize,990,2214507948,0.0001,0.016558336443423294,True
ego,equalize,991,1388602091,0.0001,0.0318241130276175,True
ego,equalize,992,3575089609,0.0001,0.009284011434959395,True
ego,equalize,993,339524303,0.0001,0.0809499602602115,True
ego,equalize,994,3444059852,0.0001,0.04036889213800382,True
ego,equalize,995,3561778636,0.0001,0.09361421055940791,True
ego,equalize,996,3637505205,0.0001,0.02541822945790817,True
ego,equalize,997,3275439280,0.0001,0.07744637040008485,True
ego,equalize,998,2063898421,0.0001,0.02837725459161642,True
ego,equalize,999,1962602127,0.0001,0.04275684666925115,True
