network,method,variant_index,n_runs,n_unique_seeds,seeds_distinct,std_share_of_correct_agents_at_convergence,std_convergence_step,std_proportion_reached_by_truth,any_variance
pud,equalize,0,1000,1000,True,0.14020725399947775,1588.5955528576176,0.11488260244997504,True
pud,equalize,1,1000,1000,True,0.14230010888138603,1700.2705753729317,0.08786206853028077,True
pud,equalize,2,1000,1000,True,0.14256257711988,1566.2067600556447,0.1212382614910933,True
pud,equalize,3,1000,1000,True,0.14293716784173838,1588.9718463094305,0.12781882191042093,True
pud,equalize,4,1000,1000,True,0.13364302875871403,1645.7485998629925,0.1122650985198829,True
pud,equalize,5,1000,1000,True,0.14210939925995286,1521.241838677861,0.12196271389341463,True
pud,equalize,6,1000,1000,True,0.14616058140126412,1826.9762876728862,0.1210039791203701,True
pud,equalize,7,1000,1000,True,0.13161856411522307,1563.8081945289837,0.09675155850979392,True
pud,equalize,8,1000,1000,True,0.14924949655600928,1756.0554411381777,0.13010255736187037,True
pud,equalize,9,1000,1000,True,0.13493967147681812,1519.4548825388006,0.11031099415787515,True
pud,equalize,10,1000,1000,True,0.13378661423381694,1558.4668102975438,0.10609728589400426,True
pud,equalize,11,1000,1000,True,0.1375141043271158,1474.6747091016377,0.10768664589308977,True
pud,equalize,12,1000,1000,True,0.1332219678433305,1649.1292790997315,0.11184980615004422,True
pud,equalize,13,1000,1000,True,0.14061828903054022,1958.2829895801578,0.09291490265722968,True
pud,equalize,14,1000,1000,True,0.134184685240479,1534.6644095172728,0.07552376782293664,True
pud,equalize,15,1000,1000,True,0.13060254473538416,1534.6115586945773,0.10991236688863419,True
pud,equalize,16,1000,1000,True,0.15398815250242828,1692.7418775217916,0.12333929715310617,True
pud,equalize,17,1000,1000,True,0.1472325107516075,1686.0784909594215,0.16081574611191177,True
pud,equalize,18,1000,1000,True,0.14293872294979593,1759.9779080556666,0.11247450136270941,True
pud,equalize,19,1000,1000,True,0.1357200732080739,1647.2209995598646,0.1213923335387178,True
pud,equalize,20,1000,1000,True,0.13843809330893123,1558.2791075016053,0.11774211986423319,True
pud,equalize,21,1000,1000,True,0.14832262757870712,1884.6812323464676,0.1517658849253036,True
pud,equalize,22,1000,1000,True,0.1383469444441656,1688.6987918983657,0.0997557009726422,True
pud,equalize,23,1000,1000,True,0.14220176241723553,1908.8406599166417,0.12495058974067794,True
pud,equalize,24,1000,1000,True,0.1503647413195619,1850.000935058953,0.12410268100286459,True
pud,equalize,25,1000,1000,True,0.14395703062604018,1528.8694278204403,0.08917049559103402,True
pud,equalize,26,1000,1000,True,0.13024937098495068,1560.5883296753823,0.11136767656154119,True
pud,equalize,27,1000,1000,True,0.140218537986465,1789.5676021986428,0.1246292893066731,True
pud,equalize,28,1000,1000,True,0.13674849221639263,1681.639155638034,0.11939557604973022,True
pud,equalize,29,1000,1000,True,0.1382701881761633,1623.5049827284176,0.11879883972913058,True
pud,equalize,30,1000,1000,True,0.1425967291367296,1790.0453494411809,0.11192674853240862,True
pud,equalize,31,1000,1000,True,0.13057086245964983,1684.6940440756596,0.0982510459216153,True
pud,equalize,32,1000,1000,True,0.1372058091848668,1659.548733830676,0.0834436595613331,True
pud,equalize,33,1000,1000,True,0.14692736258622222,1751.14481837197,0.12271502217196828,True
pud,equalize,34,1000,1000,True,0.13277678986150374,1828.8447049643116,0.11347502254126561,True
pud,equalize,35,1000,1000,True,0.13672914515860352,1907.945347727759,0.07670367464276862,True
pud,equalize,36,1000,1000,True,0.15119470073671298,1727.6823126694908,0.13822057832177137,True
pud,equalize,37,1000,1000,True,0.1367629069450097,1741.5170647444143,0.10992330378973052,True
pud,equalize,38,1000,1000,True,0.1414099333825572,1815.5768371512124,0.10862882719962244,True
pud,equalize,39,1000,1000,True,0.12782222946607924,1808.7890638631693,0.08899807460810946,True
pud,equalize,40,1000,1000,True,0.1430449256029054,1620.3895683742228,0.08452893361023757,True
pud,equalize,41,1000,1000,True,0.13499616409730927,1582.2577289632686,0.08145586929114015,True
pud,equalize,42,1000,1000,True,0.136041843599227,1541.9085998771134,0.11406672890012805,True
pud,equalize,43,1000,1000,True,0.15251756871072952,1570.927189500201,0.14418336062625772,True
pud,equalize,44,1000,1000,True,0.14208604591741036,1856.6559765532763,0.11658802852377996,True
pud,equalize,45,1000,1000,True,0.13604289401635677,1620.635850761978,0.08253213665140939,True
pud,equalize,46,1000,1000,True,0.1478068058373898,1641.4279179881767,0.11275305914111161,True
pud,equalize,47,1000,1000,True,0.13732196959457482,1799.303195785524,0.13655510351611286,True
pud,equalize,48,1000,1000,True,0.14345713860691614,1760.381865877685,0.11660723142135349,True
pud,equalize,49,1000,1000,True,0.14422588421990118,1479.474794106341,0.12801696984345956,True
pud,equalize,50,1000,1000,True,0.1477177004029838,1665.4374142260644,0.14833470619422953,True
pud,equalize,51,1000,1000,True,0.14579268216491356,2049.334685017555,0.1468149082482791,True
pud,equalize,52,1000,1000,True,0.14049531032110013,1685.8571391167757,0.1292851972277655,True
pud,equalize,53,1000,1000,True,0.13797304979283384,1518.2159193602865,0.11682968293552291,True
pud,equalize,54,1000,1000,True,0.13730723232729847,1668.6332279800135,0.1336296591422321,True
pud,equalize,55,1000,1000,True,0.13777059793120225,1676.642979348615,0.123711128575134,True
pud,equalize,56,1000,1000,True,0.1273263091915637,1661.8774836909608,0.10047007969331093,True
pud,equalize,57,1000,1000,True,0.1473951567122279,1710.7325231899931,0.13490744472406002,True
pud,equalize,58,1000,1000,True,0.14445411249695853,1889.3190037428828,0.09967224064680975,True
pud,equalize,59,1000,1000,True,0.14440108366270304,1624.631679612336,0.12476049895205386,True
pud,equalize,60,1000,1000,True,0.13476760014700384,1624.0320366039582,0.11199968253923262,True
pud,equalize,61,1000,1000,True,0.1530497050706803,1750.534293284196,0.11429967974637312,True
pud,equalize,62,1000,1000,True,0.14722231404609296,1801.9049377411673,0.12434426473641438,True
pud,equalize,63,1000,1000,True,0.13067252443408028,1793.1690828686512,0.11031626756235405,True
pud,equalize,64,1000,1000,True,0.134489758662826,1920.5404030938791,0.09806836554663106,True
pud,equalize,65,1000,1000,True,0.14513883689525917,2139.052655443292,0.07111916534248941,True
pud,equalize,66,1000,1000,True,0.15976124161068497,1866.3941118507098,0.08825726703895372,True
pud,equalize,67,1000,1000,True,0.1407443422541141,1651.1912563467627,0.12076545935340746,True
pud,equalize,68,1000,1000,True,0.1344791580529016,1742.359451497882,0.11979082540767408,True
pud,equalize,69,1000,1000,True,0.13311273417671204,1479.3399170968112,0.11387326667922341,True
pud,equalize,70,1000,1000,True,0.13578101287289812,1534.3551024453236,0.11328295121966517,True
pud,equalize,71,1000,1000,True,0.14480757090909507,2214.683127127671,0.0748228360203184,True
pud,equalize,72,1000,1000,True,0.13255809394980353,1773.652683080597,0.07057421975358397,True
pud,equalize,73,1000,1000,True,0.1440006498613594,1913.0083762699526,0.10797746392673511,True
pud,equalize,74,1000,1000,True,0.13817590327880466,1730.6335881633063,0.10961753881024155,True
pud,equalize,75,1000,1000,True,0.1397807365876559,1586.8633382994894,0.08159399639013633,True
pud,equalize,76,1000,1000,True,0.1445109381139293,1681.112147649585,0.13295386696422465,True
pud,equalize,77,1000,1000,True,0.13193610078882134,1724.524988311564,0.08729082864443491,True
pud,equalize,78,1000,1000,True,0.1420008276797301,1756.755325813757,0.11799342103442637,True
pud,equalize,79,1000,1000,True,0.14539433140579544,1640.082317240205,0.10831246750621071,True
pud,equalize,80,1000,1000,True,0.13716530533503843,1616.6072477181958,0.11509710285849836,True
pud,equalize,81,1000,1000,True,0.13322050040588745,1669.0513675869895,0.10981228371325763,True
pud,equalize,82,1000,1000,True,0.1332694990713031,1635.2403923457248,0.11981576598168447,True
pud,equalize,83,1000,1000,True,0.15052343896886075,1782.7078160032283,0.11078105143942575,True
pud,equalize,84,1000,1000,True,0.14434709497305617,1563.9906718391896,0.1105521853199309,True
pud,equalize,85,1000,1000,True,0.13849705438771642,1533.8759803448906,0.10212864315698324,True
pud,equalize,86,1000,1000,True,0.13583537194562004,1508.273065303163,0.11523664540607058,True
pud,equalize,87,1000,1000,True,0.13995078500037872,1886.8078512143202,0.08033914532533278,True
pud,equalize,88,1000,1000,True,0.13659083533054586,1769.863868735672,0.1255336283704564,True
pud,equalize,89,1000,1000,True,0.1322441769821228,1508.6607533716783,0.11140608844766914,True
pud,equalize,90,1000,1000,True,0.13371232017993417,1599.7945834759537,0.10428769265597054,True
pud,equalize,91,1000,1000,True,0.1435309765680144,1579.2742590313437,0.0787921159181818,True
pud,equalize,92,1000,1000,True,0.13230058368897865,1611.0246475072936,0.11796269550524945,True
pud,equalize,93,1000,1000,True,0.1422957791553639,1719.094797297694,0.12009037543285864,True
pud,equalize,94,1000,1000,True,0.14099310507614315,1747.0613011222588,0.11858360336764236,True
pud,equalize,95,1000,1000,True,0.132454904508648,1709.4292713648613,0.1020805775894105,True
pud,equalize,96,1000,1000,True,0.13618456566706055,1524.4936232044397,0.11703982439249967,True
pud,equalize,97,1000,1000,True,0.13524782511201747,1562.1689341156416,0.10733949775258769,True
pud,equalize,98,1000,1000,True,0.13968618753353648,1713.2041776028916,0.08663804655641257,True
pud,equalize,99,1000,1000,True,0.12985942969796796,1498.6264878214317,0.10538887366016407,True
pud,equalize,100,1000,1000,True,0.15254768774726493,1966.7185739802735,0.13324194970238848,True
pud,equalize,101,1000,1000,True,0.14124713479012505,1762.525154743614,0.13293458848175976,True
pud,equalize,102,1000,1000,True,0.13497687776380143,1589.342094603613,0.11632902199375997,True
pud,equalize,103,1000,1000,True,0.13462093053560284,1676.582024738426,0.08974563781138802,True
pud,equalize,104,1000,1000,True,0.13546367742400384,1580.485522261751,0.11373315042753737,True
pud,equalize,105,1000,1000,True,0.1434141886501222,1865.21624248879,0.0873095132909989,True
pud,equalize,106,1000,1000,True,0.1373983911886692,1568.0790673623574,0.11876011925695397,True
pud,equalize,107,1000,1000,True,0.139666445681784,1669.822404449048,0.10391207049742456,True
pud,equalize,108,1000,1000,True,0.14267250766859202,1676.7135198548378,0.12535302445789148,True
pud,equalize,109,1000,1000,True,0.13922503278177534,1695.676112934012,0.09160285657845683,True
pud,equalize,110,1000,1000,True,0.14359277768212833,1764.528097266802,0.11997477872813184,True
pud,equalize,111,1000,1000,True,0.1439166901499048,1745.625045671607,0.13406645671015108,True
pud,equalize,112,1000,1000,True,0.1414610180566704,1635.648414536266,0.12078586245045915,True
pud,equalize,113,1000,1000,True,0.13314816725905182,1724.1860746215877,0.06943714094927783,True
pud,equalize,114,1000,1000,True,0.1388891906663388,1528.4928234257432,0.07644151722431702,True
pud,equalize,115,1000,1000,True,0.1277531952198805,1922.4496847447008,0.08907326364457685,True
pud,equalize,116,1000,1000,True,0.1440145671644211,2112.4625794553144,0.0700870569759892,True
pud,equalize,117,1000,1000,True,0.14683686421113068,1898.7376206848592,0.10297786829229226,True
pud,equalize,118,1000,1000,True,0.14784990553903385,1824.8952202808794,0.11048101116101579,True
pud,equalize,119,1000,1000,True,0.13947680014173605,1572.763067124543,0.1041112036048445,True
pud,equalize,120,1000,1000,True,0.13764602840548096,1695.8389694658513,0.07250607381965142,True
pud,equalize,121,1000,1000,True,0.13913207110467574,1773.9882646331118,0.10140310402632081,True
pud,equalize,122,1000,1000,True,0.12964929713235462,1841.2050083344875,0.09136648222446826,True
pud,equalize,123,1000,1000,True,0.1423208616272435,1572.1945970839618,0.11945317745852671,True
pud,equalize,124,1000,1000,True,0.14386103720149995,1779.736557745275,0.1130768290113375,True
pud,equalize,125,1000,1000,True,0.1344150449949248,1438.6366771301225,0.11102642939719964,True
pud,equalize,126,1000,1000,True,0.12423850221287588,1802.0055837826917,0.1066038420311504,True
pud,equalize,127,1000,1000,True,0.12996304128007097,1626.6057487602827,0.1177050425302036,True
pud,equalize,128,1000,1000,True,0.12912166288876742,1509.5601602317809,0.09559812940470652,True
pud,equalize,129,1000,1000,True,0.13528150394138133,1947.9290549131917,0.09491022398711295,True
pud,equalize,130,1000,1000,True,0.14316306165426268,1631.6198058260998,0.11437551268184361,True
pud,equalize,131,1000,1000,True,0.14127976579192866,1613.6508803551653,0.11862614320566885,True
pud,equalize,132,1000,1000,True,0.1366710098677536,1509.4757984134758,0.11632230872095362,True
pud,equalize,133,1000,1000,True,0.13911766225255975,1488.419738976543,0.12012602230394503,True
pud,equalize,134,1000,1000,True,0.14299960070737658,1693.7141470732302,0.1122743547776639,True
pud,equalize,135,1000,1000,True,0.13227448033595954,1754.5545767504639,0.10596614355654788,True
pud,equalize,136,1000,1000,True,0.1411768311527107,1568.960126501308,0.0709163687594387,True
pud,equalize,137,1000,1000,True,0.13519351288403572,1540.2855978600203,0.11423990135556138,True
pud,equalize,138,1000,1000,True,0.14768283290823775,1917.3377514407834,0.09222981494848669,True
pud,equalize,139,1000,1000,True,0.13567353654459857,1792.5726014058678,0.09980076696308378,True
pud,equalize,140,1000,1000,True,0.13487209807631145,1718.9780669429729,0.09112173312066436,True
pud,equalize,141,1000,1000,True,0.14998961445528303,1745.6619342255246,0.12617625140949895,True
pud,equalize,142,1000,1000,True,0.13888226650878535,1605.5514213873687,0.11957684857885068,True
pud,equalize,143,1000,1000,True,0.13915741818903166,1765.251554029623,0.10097529095138102,True
pud,equalize,144,1000,1000,True,0.13616119532051382,1560.5268551050315,0.11464680060467841,True
pud,equalize,145,1000,1000,True,0.13239501268067486,1904.8063250186356,0.09151143489230941,True
pud,equalize,146,1000,1000,True,0.13900464331883858,1612.4474236079761,0.11270127399676468,True
pud,equalize,147,1000,1000,True,0.13234624249004792,1761.0895382208707,0.10997617643251673,True
pud,equalize,148,1000,1000,True,0.13075544980734452,1768.8571561251067,0.10912874037259224,True
pud,equalize,149,1000,1000,True,0.14518745481975032,1915.9728728674631,0.08704666266710909,True
pud,equalize,150,1000,1000,True,0.13572559644689058,1465.7220462065786,0.11830941646670125,True
pud,equalize,151,1000,1000,True,0.1449946440049544,1755.9420120012508,0.12692533238089235,True
pud,equalize,152,1000,1000,True,0.14311428395378617,1765.5437446517717,0.09013005623562562,True
pud,equalize,153,1000,1000,True,0.1365506716421634,1870.621364316948,0.0905215587172061,True
pud,equalize,154,1000,1000,True,0.15889356286831655,1794.5607882640809,0.12453758221001422,True
pud,equalize,155,1000,1000,True,0.15027545695476346,1695.2617603541348,0.14875452934280692,True
pud,equalize,156,1000,1000,True,0.13787870138747424,1506.2238149438483,0.11571887977250069,True
pud,equalize,157,1000,1000,True,0.14387285882393816,1826.0753324655038,0.10711405943383465,True
pud,equalize,158,1000,1000,True,0.14246531135076917,1651.5109172766615,0.1159386363875624,True
pud,equalize,159,1000,1000,True,0.14131366695806816,1621.1639437068047,0.08598762759121474,True
pud,equalize,160,1000,1000,True,0.145972261444122,1734.6207768051206,0.10925281362029363,True
pud,equalize,161,1000,1000,True,0.13829719117328362,1545.1827654924837,0.11862170964878226,True
pud,equalize,162,1000,1000,True,0.1345846816811255,1511.5727461409192,0.11277351059250583,True
pud,equalize,163,1000,1000,True,0.14050852924332907,1562.9047149138685,0.11755189870388691,True
pud,equalize,164,1000,1000,True,0.14071885287890729,1523.1719540849617,0.12015336701457131,True
pud,equalize,165,1000,1000,True,0.14362212036030567,1489.9537862735876,0.12871586806356872,True
pud,equalize,166,1000,1000,True,0.13391838126077454,1627.828185884186,0.11849247254312281,True
pud,equalize,167,1000,1000,True,0.14643876401055245,1671.9986563915056,0.13696067922699925,True
pud,equalize,168,1000,1000,True,0.14119953091587872,1730.7674090992123,0.10553321342498043,True
pud,equalize,169,1000,1000,True,0.14240626806845683,1767.0346634868258,0.104586654956843,True
pud,equalize,170,1000,1000,True,0.13183734085775717,1821.4389573784788,0.10922155758812135,True
pud,equalize,171,1000,1000,True,0.13374002374239838,1729.4293454128156,0.10598319864517076,True
pud,equalize,172,1000,1000,True,0.13736172620916093,1492.059320533537,0.11695129512792393,True
pud,equalize,173,1000,1000,True,0.13788640475871417,1571.518406498632,0.11070967258978898,True
pud,equalize,174,1000,1000,True,0.13690882971642473,1591.8187489786642,0.10953656810894898,True
pud,equalize,175,1000,1000,True,0.13804427809963507,1545.6163166827657,0.1184031609312797,True
pud,equalize,176,1000,1000,True,0.13732870182769155,1522.3751885143163,0.11492099057210599,True
pud,equalize,177,1000,1000,True,0.15121744624673011,1803.8781307383267,0.10239699793053109,True
pud,equalize,178,1000,1000,True,0.13815599699677478,1599.6060359097798,0.11030158209357506,True
pud,equalize,179,1000,1000,True,0.13997049953736945,1469.2406355253722,0.07859049670818671,True
pud,equalize,180,1000,1000,True,0.13505053420895252,1688.8428235851316,0.11773898260428174,True
pud,equalize,181,1000,1000,True,0.1410161552779777,1688.1552939155213,0.11526157851375055,True
pud,equalize,182,1000,1000,True,0.14324609920787235,1667.17623440325,0.13495539089219147,True
pud,equalize,183,1000,1000,True,0.14314091304604118,1736.190354724677,0.11856495380847133,True
pud,equalize,184,1000,1000,True,0.13777115396264028,1544.6354811812396,0.1193379763218423,True
pud,equalize,185,1000,1000,True,0.13466481434369643,1614.9430626740375,0.12380902059319795,True
pud,equalize,186,1000,1000,True,0.13394343333412553,1613.9414138945688,0.11450117040751749,True
pud,equalize,187,1000,1000,True,0.14509043539959637,1630.2176400358328,0.12814181524707233,True
pud,equalize,188,1000,1000,True,0.14104544360061344,1646.0047925458782,0.11931177955566978,True
pud,equalize,189,1000,1000,True,0.13687670174825767,1607.8521418227485,0.11997509566675459,True
pud,equalize,190,1000,1000,True,0.13592571273572945,1662.579802881955,0.1094866354096852,True
pud,equalize,191,1000,1000,True,0.1441278907390547,1858.566898549525,0.102716079979815,True
pud,equalize,192,1000,1000,True,0.12948902379719532,1718.1973371402948,0.0898164376332963,True
pud,equalize,193,1000,1000,True,0.1383436404013794,1560.0856749089135,0.12190597267090529,True
pud,equalize,194,1000,1000,True,0.13176100652130043,1586.9097171546969,0.07496982026533933,True
pud,equalize,195,1000,1000,True,0.14114609146484527,1882.7167762103786,0.08459809413257605,True
pud,equalize,196,1000,1000,True,0.12396865195147791,1712.2032553406152,0.0581417584363775,True
pud,equalize,197,1000,1000,True,0.13143079247222297,1642.3918384402061,0.11265951982592243,True
pud,equalize,198,1000,1000,True,0.13622393283319642,1920.6075235716432,0.10240461023572554,True
pud,equalize,199,1000,1000,True,0.14329103208694957,1955.524150887429,0.08755528482755663,True
pud,equalize,200,1000,1000,True,0.13981767845975895,1483.9767220381189,0.11755661415192341,True
pud,equalize,201,1000,1000,True,0.14966427450039105,1731.607259860041,0.133342514035782,True
pud,equalize,202,1000,1000,True,0.13320759070797064,1567.8174387995564,0.09935790834461686,True
pud,equalize,203,1000,1000,True,0.14315135691866257,1571.32842350382,0.12040146373336082,True
pud,equalize,204,1000,1000,True,0.13748692912059804,1576.0375953523444,0.11751143416916426,True
pud,equalize,205,1000,1000,True,0.14112099659162114,1582.56289062236,0.11892128271037729,True
pud,equalize,206,1000,1000,True,0.13572693674442335,1667.3747344178514,0.12437368573658861,True
pud,equalize,207,1000,1000,True,0.1534835492049334,1719.8738119335967,0.07651532889268368,True
pud,equalize,208,1000,1000,True,0.1407961208781016,1545.1798365808427,0.11825612713486888,True
pud,equalize,209,1000,1000,True,0.14095204332863898,1775.2888543513136,0.11174381580369615,True
pud,equalize,210,1000,1000,True,0.1409993393732882,1500.2216733373104,0.1149075849821053,True
pud,equalize,211,1000,1000,True,0.13046125010047152,2064.0989425034836,0.06757064067686114,True
pud,equalize,212,1000,1000,True,0.15454843781038238,1722.8936656076603,0.11334015447882516,True
pud,equalize,213,1000,1000,True,0.12991930971582724,1669.1183349154728,0.10344600249453223,True
pud,equalize,214,1000,1000,True,0.13554717642591096,1676.4290871146325,0.1116005132958681,True
pud,equalize,215,1000,1000,True,0.156192282574404,1790.462434751425,0.13157390966184634,True
pud,equalize,216,1000,1000,True,0.1495190297149951,1609.9990459823262,0.13109878661471988,True
pud,equalize,217,1000,1000,True,0.1286357974867872,1726.6007707489882,0.10994258378078561,True
pud,equalize,218,1000,1000,True,0.13860593354836875,1739.0419977099461,0.11043887980616024,True
pud,equalize,219,1000,1000,True,0.13763074591900687,1687.9574093904146,0.0867269299028299,True
pud,equalize,220,1000,1000,True,0.14285791093267947,1570.6010998897843,0.13000093779338862,True
pud,equalize,221,1000,1000,True,0.1452231573548061,1783.9548929048067,0.09818235490562861,True
pud,equalize,222,1000,1000,True,0.1302026715509799,1656.303983964296,0.07620561853496301,True
pud,equalize,223,1000,1000,True,0.13725087015398005,1610.7437659305097,0.08042049674241199,True
pud,equalize,224,1000,1000,True,0.13298013218355426,1542.2648347281345,0.11541884594813796,True
pud,equalize,225,1000,1000,True,0.1366718174277797,1641.239004249838,0.11238895809301984,True
pud,equalize,226,1000,1000,True,0.13430236569807236,1771.6303162906192,0.12738404264658762,True
pud,equalize,227,1000,1000,True,0.13716868051264564,1567.780135605755,0.11655121271434796,True
pud,equalize,228,1000,1000,True,0.14285693611977987,1989.1725325863515,0.09298030522908508,True
pud,equalize,229,1000,1000,True,0.13608674385057443,1723.0686683910772,0.12520380964897707,True
pud,equalize,230,1000,1000,True,0.13498915868677366,1583.7487038782385,0.11535341079793024,True
pud,equalize,231,1000,1000,True,0.13184469726739434,1865.272394961122,0.09956103593546628,True
pud,equalize,232,1000,1000,True,0.14778737437511824,1789.7470980403907,0.1266126102977889,True
pud,equalize,233,1000,1000,True,0.13572657290520745,1793.9732803484003,0.11169360592683124,True
pud,equalize,234,1000,1000,True,0.14532875927222713,1653.3042382087456,0.12396289966690503,True
pud,equalize,235,1000,1000,True,0.1391129033430875,1950.2903425077507,0.12424217490325641,True
pud,equalize,236,1000,1000,True,0.13395686794313982,1722.412235528998,0.08019565888315718,True
pud,equalize,237,1000,1000,True,0.13332390661120785,1563.4520400546348,0.10175676396360922,True
pud,equalize,238,1000,1000,True,0.1546741122090388,1876.7762690219631,0.1105321270541335,True
pud,equalize,239,1000,1000,True,0.13989275919101057,1896.6137534574614,0.07550324986873573,True
pud,equalize,240,1000,1000,True,0.14694313168915818,1775.513681748468,0.07964780188855819,True
pud,equalize,241,1000,1000,True,0.14102800658725667,1492.6823664785486,0.11657199915783516,True
pud,equalize,242,1000,1000,True,0.15552631113991652,1874.6448777205778,0.11433138752258501,True
pud,equalize,243,1000,1000,True,0.13131647005856492,1527.2109234676786,0.09071152212874382,True
pud,equalize,244,1000,1000,True,0.13183640020780713,1669.955452579499,0.11285666151974688,True
pud,equalize,245,1000,1000,True,0.14369646979692566,2051.428989357175,0.11434731099096383,True
pud,equalize,246,1000,1000,True,0.13769689337252472,1511.7370030253278,0.11222140758780232,True
pud,equalize,247,1000,1000,True,0.1402571958498184,1570.745625131899,0.12165340567000628,True
pud,equalize,248,1000,1000,True,0.1375049085543611,1447.505030261035,0.11356335644003274,True
pud,equalize,249,1000,1000,True,0.14077610452395062,1861.5301544565427,0.10319560714164792,True
pud,equalize,250,1000,1000,True,0.14188972243729753,1710.018384941811,0.1172481545828608,True
pud,equalize,251,1000,1000,True,0.13561265828240282,1619.8689636621846,0.10002696920281666,True
pud,equalize,252,1000,1000,True,0.1548445082280772,1942.5247366968072,0.10711917904147006,True
pud,equalize,253,1000,1000,True,0.14146627395484293,1662.189694040665,0.09838854445011545,True
pud,equalize,254,1000,1000,True,0.13825442595554147,1515.4021704762072,0.11881538537777478,True
pud,equalize,255,1000,1000,True,0.14225085432276163,1543.2990703036141,0.12185373746148838,True
pud,equalize,256,1000,1000,True,0.14729075972794278,1897.6199416521738,0.13596375651775644,True
pud,equalize,257,1000,1000,True,0.1325686870649455,1750.7878006060587,0.11124154510804267,True
pud,equalize,258,1000,1000,True,0.13615201924936335,1698.3170919048068,0.11251110013825741,True
pud,equalize,259,1000,1000,True,0.14576632365231385,1772.0649137274856,0.10914254751934438,True
pud,equalize,260,1000,1000,True,0.1429201413031888,1541.3544884613664,0.13031756085296664,True
pud,equalize,261,1000,1000,True,0.14022158786614744,1837.6733314098565,0.11030628290982665,True
pud,equalize,262,1000,1000,True,0.13838642443945073,1508.8960200673205,0.0820433121084735,True
pud,equalize,263,1000,1000,True,0.14638808180254007,1732.0619607620854,0.11049871012039734,True
pud,equalize,264,1000,1000,True,0.14049200627494965,1520.0931110820152,0.11874793513474426,True
pud,equalize,265,1000,1000,True,0.1465434768841109,1837.794392465055,0.11711959488562466,True
pud,equalize,266,1000,1000,True,0.15599746397115596,1905.6249101394535,0.1254361497110023,True
pud,equalize,267,1000,1000,True,0.1399023994005274,1555.222426601417,0.11476782790045151,True
pud,equalize,268,1000,1000,True,0.1424710145959521,1909.0457948595679,0.097873129643293,True
pud,equalize,269,1000,1000,True,0.1418668785677894,1624.436689191364,0.12053545096058506,True
pud,equalize,270,1000,1000,True,0.13415318128685103,1642.499326835783,0.11559079323839543,True
pud,equalize,271,1000,1000,True,0.14426724173226932,1805.2758952304214,0.10742879984918866,True
pud,equalize,272,1000,1000,True,0.14829657930005927,1633.4470943119034,0.11234387026084328,True
pud,equalize,273,1000,1000,True,0.1357407473599109,1524.6436251003051,0.11904238844593795,True
pud,equalize,274,1000,1000,True,0.13978959453672057,1827.123620634083,0.11349490878884239,True
pud,equalize,275,1000,1000,True,0.14780968744877215,1744.9062994613778,0.10748853743079932,True
pud,equalize,276,1000,1000,True,0.1438556714124642,1754.9971691826172,0.11900915568057135,True
pud,equalize,277,1000,1000,True,0.14005103787504233,1730.6863368490547,0.13315005922493967,True
pud,equalize,278,1000,1000,True,0.13770060159277572,1969.8632437557687,0.11465555286364955,True
pud,equalize,279,1000,1000,True,0.13788453928138392,1600.125340362748,0.11825062315498895,True
pud,equalize,280,1000,1000,True,0.132572345029673,1587.5935872253326,0.11884931376628159,True
pud,equalize,281,1000,1000,True,0.14249933939634618,1614.2415412691496,0.11267297593554915,True
pud,equalize,282,1000,1000,True,0.15684701636693596,1602.9025977815995,0.07834001153566042,True
pud,equalize,283,1000,1000,True,0.13452738993221905,1587.9479410607264,0.11768444939595728,True
pud,equalize,284,1000,1000,True,0.13588222523863255,1459.4480346949663,0.11536541568339478,True
pud,equalize,285,1000,1000,True,0.1394635294597936,1804.3350845383459,0.1230182541909839,True
pud,equalize,286,1000,1000,True,0.14996576399422093,1735.2474459211862,0.06281526511019593,True
pud,equalize,287,1000,1000,True,0.1474564593614244,1566.830177707527,0.06878780307475921,True
pud,equalize,288,1000,1000,True,0.1335929250732599,1603.6006313215894,0.11254616336814369,True
pud,equalize,289,1000,1000,True,0.14251775544571263,1660.0061976992738,0.12557044110383758,True
pud,equalize,290,1000,1000,True,0.15034191443030084,1641.2308360249024,0.06514028072429152,True
pud,equalize,291,1000,1000,True,0.14040373486995317,1538.7961732597987,0.1144651755764743,True
pud,equalize,292,1000,1000,True,0.1319123160883868,1699.765459076928,0.06838476474612394,True
pud,equalize,293,1000,1000,True,0.1432742164910041,1696.7584755854323,0.10490135931047408,True
pud,equalize,294,1000,1000,True,0.1342059293827269,1628.4438765582313,0.11057992807841377,True
pud,equalize,295,1000,1000,True,0.13576322889865156,1549.9605396006057,0.11351949362157482,True
pud,equalize,296,1000,1000,True,0.14005093253421666,1587.2285866802551,0.1260481776402172,True
pud,equalize,297,1000,1000,True,0.13586109645834674,1537.4245840677845,0.08116819832762759,True
pud,equalize,298,1000,1000,True,0.13956794000250633,1776.3857382212907,0.10044286564639253,True
pud,equalize,299,1000,1000,True,0.14910077750250617,2054.453659614643,0.08659546291539104,True
pud,equalize,300,1000,1000,True,0.14417893161272785,1706.584189536221,0.09511103582551537,True
pud,equalize,301,1000,1000,True,0.14542686040891847,2006.3891514297518,0.10220301208385371,True
pud,equalize,302,1000,1000,True,0.14710852255191542,1806.0070895364727,0.12176713203670539,True
pud,equalize,303,1000,1000,True,0.14417472081976365,1543.1422248227802,0.13418339394230772,True
pud,equalize,304,1000,1000,True,0.14722348007848393,1642.9830461693755,0.08213356706917199,True
pud,equalize,305,1000,1000,True,0.1293567175309051,1780.605181037054,0.09656512610796361,True
pud,equalize,306,1000,1000,True,0.14409848783915416,1750.9513063600598,0.0639574665763443,True
pud,equalize,307,1000,1000,True,0.1392985917169337,1497.976295139212,0.1223684297218551,True
pud,equalize,308,1000,1000,True,0.14386364600542872,1871.2735445783976,0.09760011890298363,True
pud,equalize,309,1000,1000,True,0.14463010247942812,1679.377166655543,0.11411402084356866,True
pud,equalize,310,1000,1000,True,0.1402079425727866,1717.6816416321158,0.1053525978632858,True
pud,equalize,311,1000,1000,True,0.13198471619336072,1756.1720704187844,0.09838633286095767,True
pud,equalize,312,1000,1000,True,0.1417218698545208,1508.8765400734417,0.08304810445952988,True
pud,equalize,313,1000,1000,True,0.13907995923830432,1546.8943008169626,0.1219381668847366,True
pud,equalize,314,1000,1000,True,0.12889214507381122,1591.396410959884,0.07712461537211253,True
pud,equalize,315,1000,1000,True,0.1314062948301475,1954.6175615395969,0.10199388991624407,True
pud,equalize,316,1000,1000,True,0.14818189981269225,1870.1151986719963,0.15369179355908177,True
pud,equalize,317,1000,1000,True,0.13890687705735508,2025.586356777711,0.08109465205913761,True
pud,equalize,318,1000,1000,True,0.13945068777524067,1673.1770377455578,0.08259441212079814,True
pud,equalize,319,1000,1000,True,0.13316023532423235,1630.5087223317757,0.12419614912222571,True
pud,equalize,320,1000,1000,True,0.13453711223265213,1425.7208940027497,0.11210221911659107,True
pud,equalize,321,1000,1000,True,0.1368004963531534,1643.6833852284326,0.06733320132000262,True
pud,equalize,322,1000,1000,True,0.1411670860110086,1597.787618489704,0.11588601253488087,True
pud,equalize,323,1000,1000,True,0.1417268416861146,1655.8680833158178,0.11790104869741667,True
pud,equalize,324,1000,1000,True,0.1351507617257917,1530.6117315518002,0.1159582252365049,True
pud,equalize,325,1000,1000,True,0.14467350043596466,1982.1901249032596,0.10464717381589586,True
pud,equalize,326,1000,1000,True,0.1375819468490159,1797.9424481011622,0.07371410907379407,True
pud,equalize,327,1000,1000,True,0.14044460926502284,1544.535501421382,0.11922137516526261,True
pud,equalize,328,1000,1000,True,0.1345424638093908,1669.2429096326873,0.10935721904851407,True
pud,equalize,329,1000,1000,True,0.14006750400793305,1684.1605152333314,0.10146920715172658,True
pud,equalize,330,1000,1000,True,0.13445366175933562,1827.1330135704407,0.11637263211843599,True
pud,equalize,331,1000,1000,True,0.1412897552488205,1609.2007053164625,0.11690059035219351,True
pud,equalize,332,1000,1000,True,0.12727884766027855,1512.9724178107147,0.08895815009955976,True
pud,equalize,333,1000,1000,True,0.1452958323176852,1711.7933129487333,0.09711344009411663,True
pud,equalize,334,1000,1000,True,0.13380479424506048,1649.5021006931152,0.07897137393533538,True
pud,equalize,335,1000,1000,True,0.1505900292634949,1920.3199920781433,0.1285867334708031,True
pud,equalize,336,1000,1000,True,0.13114646416022202,1653.744149510135,0.1047826857575616,True
pud,equalize,337,1000,1000,True,0.1447518421384306,1716.0100793130557,0.06297069571251789,True
pud,equalize,338,1000,1000,True,0.14380595250304712,1615.623361286906,0.12403480992880214,True
pud,equalize,339,1000,1000,True,0.13850089405603483,1680.1288811504908,0.10853647961587573,True
pud,equalize,340,1000,1000,True,0.13483204183788378,1624.9829196345418,0.11014501720375196,True
pud,equalize,341,1000,1000,True,0.13834790820140255,1484.643089902755,0.07927431355819775,True
pud,equalize,342,1000,1000,True,0.1366650478675582,1573.7049428908203,0.11320803476698317,True
pud,equalize,343,1000,1000,True,0.1351377824552171,1590.151957990179,0.11370613847073484,True
pud,equalize,344,1000,1000,True,0.1365516765564245,1827.933085928202,0.10391734607280353,True
pud,equalize,345,1000,1000,True,0.1272502424262165,1576.4569932605202,0.0974927860579096,True
pud,equalize,346,1000,1000,True,0.13428541145036962,1693.1310201351814,0.10822203912829595,True
pud,equalize,347,1000,1000,True,0.13799015889047048,1671.6855456107767,0.11626638156183189,True
pud,equalize,348,1000,1000,True,0.13248950575725787,1886.6903504486368,0.0997054421041559,True
pud,equalize,349,1000,1000,True,0.13859559432186905,1745.715921644756,0.08936891220741026,True
pud,equalize,350,1000,1000,True,0.14510360879023865,1639.8032534423146,0.1010095210033853,True
pud,equalize,351,1000,1000,True,0.13353822035767998,1931.553130368409,0.09792023965112286,True
pud,equalize,352,1000,1000,True,0.13917524080927968,1663.6706045656995,0.12159678155259956,True
pud,equalize,353,1000,1000,True,0.14677802127997297,1641.4906236211036,0.13113699132520604,True
pud,equalize,354,1000,1000,True,0.14348639544922837,1691.8048237828737,0.07682714203383084,True
pud,equalize,355,1000,1000,True,0.14060138866251343,1885.158472574388,0.07833305279697599,True
pud,equalize,356,1000,1000,True,0.14867084822220902,1737.3238934565427,0.11588642747998608,True
pud,equalize,357,1000,1000,True,0.1452275710993178,1812.0643753674976,0.12631220579711738,True
pud,equalize,358,1000,1000,True,0.13842652996275992,1553.7321374432595,0.11409927667724983,True
pud,equalize,359,1000,1000,True,0.14723024338735988,1870.0208838510334,0.11128271137895522,True
pud,equalize,360,1000,1000,True,0.14089732011225342,1643.871436048452,0.12515678611689865,True
pud,equalize,361,1000,1000,True,0.14035668847618202,1649.7300094257848,0.11527236185403424,True
pud,equalize,362,1000,1000,True,0.14302549846050716,1763.6968162218243,0.13204611568185814,True
pud,equalize,363,1000,1000,True,0.14413632735780918,1728.8934109377592,0.07450697125391757,True
pud,equalize,364,1000,1000,True,0.14153664447200612,1579.445479866589,0.12343369490150183,True
pud,equalize,365,1000,1000,True,0.13745188653165555,1706.0774443849261,0.0760424150648103,True
pud,equalize,366,1000,1000,True,0.13308041011191524,1712.2795567310263,0.10783587838315534,True
pud,equalize,367,1000,1000,True,0.14602054269481704,1649.2749093995822,0.13169989079178426,True
pud,equalize,368,1000,1000,True,0.13935861856340725,1584.4204018425792,0.12490434414056698,True
pud,equalize,369,1000,1000,True,0.13917187881124496,1770.821625980155,0.11538957951967932,True
pud,equalize,370,1000,1000,True,0.14890745489550478,1823.2793356268808,0.13947328785359353,True
pud,equalize,371,1000,1000,True,0.13746479863658745,1605.2724405533163,0.11907912298494727,True
pud,equalize,372,1000,1000,True,0.14340527910113376,1576.3280216982125,0.12602875627176285,True
pud,equalize,373,1000,1000,True,0.1414910022005064,1499.9131834446287,0.11759066058488711,True
pud,equalize,374,1000,1000,True,0.13886377550732282,1731.5945973570142,0.12563832031217306,True
pud,equalize,375,1000,1000,True,0.1420467559087413,1507.3709001251152,0.11941138767375932,True
pud,equalize,376,1000,1000,True,0.1275279097992976,1761.7086496850154,0.1298080710458405,True
pud,equalize,377,1000,1000,True,0.13943125922612445,1618.3783520289685,0.12427880047262116,True
pud,equalize,378,1000,1000,True,0.14592483732438474,1712.200498305032,0.11118547511497719,True
pud,equalize,379,1000,1000,True,0.13981256897877403,1585.6793480319404,0.11706701204285508,True
pud,equalize,380,1000,1000,True,0.14640310325254485,2223.614863771152,0.11814847323768117,True
pud,equalize,381,1000,1000,True,0.13569893328183225,1486.5810995566303,0.10684789927858625,True
pud,equalize,382,1000,1000,True,0.14746761770505734,1717.139394429002,0.14886019250820634,True
pud,equalize,383,1000,1000,True,0.12927216909955408,1764.5616469038423,0.09968785604061965,True
pud,equalize,384,1000,1000,True,0.1462398148822342,1636.7775749624627,0.1202881396614391,True
pud,equalize,385,1000,1000,True,0.1377180085411607,1686.9711463697297,0.11875869091004106,True
pud,equalize,386,1000,1000,True,0.13337722934834856,1647.5275250823581,0.11258636410647628,True
pud,equalize,387,1000,1000,True,0.14263417940943351,1958.0512741884468,0.11934681850145715,True
pud,equalize,388,1000,1000,True,0.13011971268654735,1778.1898267550066,0.10937836471015036,True
pud,equalize,389,1000,1000,True,0.1371951259797249,1818.1695901713897,0.14488016291038008,True
pud,equalize,390,1000,1000,True,0.1425155152913725,1674.537628755771,0.1158856561816085,True
pud,equalize,391,1000,1000,True,0.13910102199835792,1851.5396280606583,0.12420922164131268,True
pud,equalize,392,1000,1000,True,0.13613477299996898,1779.3644379260816,0.11273962080282793,True
pud,equalize,393,1000,1000,True,0.14413675562113798,1707.1997540053712,0.11021703392806956,True
pud,equalize,394,1000,1000,True,0.13477241859822364,1636.285193712881,0.11122549667729568,True
pud,equalize,395,1000,1000,True,0.13840206949141395,1556.1573672813427,0.07670303807140051,True
pud,equalize,396,1000,1000,True,0.13580955438307127,1615.0612374640782,0.1167981713876813,True
pud,equalize,397,1000,1000,True,0.1402272212526759,1979.7492687903687,0.0723899454173773,True
pud,equalize,398,1000,1000,True,0.12951212870415452,1525.1605835711202,0.1008560861993801,True
pud,equalize,399,1000,1000,True,0.13749985589218036,1864.0105356558474,0.09509199184779046,True
pud,equalize,400,1000,1000,True,0.14050321862663662,1542.2382695209583,0.11650538640650224,True
pud,equalize,401,1000,1000,True,0.13490943967558477,1816.7641546196908,0.10198426409724586,True
pud,equalize,402,1000,1000,True,0.13628937804503047,1504.1653052719969,0.11826784364105983,True
pud,equalize,403,1000,1000,True,0.14196587139864042,1834.239096909397,0.10005860998484221,True
pud,equalize,404,1000,1000,True,0.13191588041692645,1528.7634512111413,0.10105852051114363,True
pud,equalize,405,1000,1000,True,0.13120560389643104,1707.675451541949,0.12293989498034305,True
pud,equalize,406,1000,1000,True,0.13945233974992458,1552.5616747553058,0.11778542480415943,True
pud,equalize,407,1000,1000,True,0.12954907550022485,1785.8886594944825,0.09930609556962729,True
pud,equalize,408,1000,1000,True,0.1322237530256857,1771.6747923690734,0.10606316310529888,True
pud,equalize,409,1000,1000,True,0.13675970816646904,2007.1181459904146,0.07021908484552622,True
pud,equalize,410,1000,1000,True,0.1356875059069893,1569.3044290704083,0.08299451045359627,True
pud,equalize,411,1000,1000,True,0.15208618049085293,1833.2588382342522,0.09927793073419791,True
pud,equalize,412,1000,1000,True,0.13866911990351283,1735.6958052827113,0.11702963590053736,True
pud,equalize,413,1000,1000,True,0.14840684154473457,1691.5814661951697,0.11813884068760937,True
pud,equalize,414,1000,1000,True,0.12884816166881116,1684.0656757380339,0.11086947002090364,True
pud,equalize,415,1000,1000,True,0.1384944938068471,1735.5196216050108,0.1101032685849354,True
pud,equalize,416,1000,1000,True,0.1394575518408096,1523.693398579911,0.11508880092678624,True
pud,equalize,417,1000,1000,True,0.14012947055676234,1672.9213261474672,0.11404563738875508,True
pud,equalize,418,1000,1000,True,0.13788927209186613,1801.5912093899105,0.1303192584992812,True
pud,equalize,419,1000,1000,True,0.14697073530821378,1615.376734599084,0.130250311722098,True
pud,equalize,420,1000,1000,True,0.15151692852493293,1869.5183450287404,0.09897750773300486,True
pud,equalize,421,1000,1000,True,0.13594677199115401,1686.892289364973,0.0948026403497495,True
pud,equalize,422,1000,1000,True,0.13858710279722422,1685.9121553378752,0.11868686417794962,True
pud,equalize,423,1000,1000,True,0.13953467244672493,1546.818424217917,0.11951978812350038,True
pud,equalize,424,1000,1000,True,0.14369240080596718,2011.5117664878323,0.10679505236609299,True
pud,equalize,425,1000,1000,True,0.13603464337267498,1804.4820065603315,0.08092226951651631,True
pud,equalize,426,1000,1000,True,0.13646224820508118,1542.43573093468,0.11312519231277562,True
pud,equalize,427,1000,1000,True,0.13263801616932203,1618.022628519144,0.11066561300256991,True
pud,equalize,428,1000,1000,True,0.13836237981528124,1466.6923286511046,0.11548997658393574,True
pud,equalize,429,1000,1000,True,0.15275333137746483,1608.4182731115063,0.1466058863958945,True
pud,equalize,430,1000,1000,True,0.1384971970122389,1596.0589239197907,0.11747346640259652,True
pud,equalize,431,1000,1000,True,0.14276610414880403,1821.1660456902332,0.11080825391550247,True
pud,equalize,432,1000,1000,True,0.13886925905725542,1785.950554719811,0.11226882200798996,True
pud,equalize,433,1000,1000,True,0.14290754630222804,1608.248326939593,0.11523238517271346,True
pud,equalize,434,1000,1000,True,0.14490059768640204,1575.6050860783612,0.12408268648937189,True
pud,equalize,435,1000,1000,True,0.13356332756088327,1703.1896024667953,0.10761001318776801,True
pud,equalize,436,1000,1000,True,0.1451324431317227,1844.6581943373683,0.1316101219417825,True
pud,equalize,437,1000,1000,True,0.141940051682409,1715.7763979234007,0.09799571608172661,True
pud,equalize,438,1000,1000,True,0.14108450492830246,1544.4299621750415,0.11989995623924489,True
pud,equalize,439,1000,1000,True,0.13819544176077875,1840.4379888233127,0.07080949577110421,True
pud,equalize,440,1000,1000,True,0.13870653985133818,1725.73362219521,0.12342355858917216,True
pud,equalize,441,1000,1000,True,0.1390727134618061,1989.1155155988301,0.10399306660174307,True
pud,equalize,442,1000,1000,True,0.1512279270701213,1986.253773062244,0.07060524147297274,True
pud,equalize,443,1000,1000,True,0.13476907547246775,1810.3576263478992,0.10719769437358412,True
pud,equalize,444,1000,1000,True,0.14796260413436302,1637.731614032043,0.13007757941577275,True
pud,equalize,445,1000,1000,True,0.13930307973871706,1856.580039312876,0.11236074838562521,True
pud,equalize,446,1000,1000,True,0.13669757148312006,1571.626828825469,0.11355757717269832,True
pud,equalize,447,1000,1000,True,0.13621913355207854,1592.3284896163857,0.11266914253251573,True
pud,equalize,448,1000,1000,True,0.13750141413414224,1521.408459125951,0.11697893447587523,True
pud,equalize,449,1000,1000,True,0.1420429560310003,1955.1897550751946,0.11908338763184621,True
pud,equalize,450,1000,1000,True,0.13910692885086992,1615.7724954259493,0.11531405051819826,True
pud,equalize,451,1000,1000,True,0.15527847346296156,1642.8211137564551,0.14927219275827697,True
pud,equalize,452,1000,1000,True,0.14940740515800877,1679.5905566238457,0.11154347876196524,True
pud,equalize,453,1000,1000,True,0.1305320125344595,1567.0881132482627,0.1129336284923337,True
pud,equalize,454,1000,1000,True,0.1306749354904455,1660.5628554149944,0.0692194854104957,True
pud,equalize,455,1000,1000,True,0.13814488324014068,1548.6795504658155,0.12046882901992573,True
pud,equalize,456,1000,1000,True,0.13098962167917855,1680.1310744236594,0.08572081009854385,True
pud,equalize,457,1000,1000,True,0.13477373768791295,1492.0737406160595,0.10821299926476736,True
pud,equalize,458,1000,1000,True,0.14317891725278206,2143.834709055481,0.07263905353709829,True
pud,equalize,459,1000,1000,True,0.1375526386335854,1412.8946081275844,0.11507674090056728,True
pud,equalize,460,1000,1000,True,0.14239743374022745,1772.0933585381442,0.12987210755580914,True
pud,equalize,461,1000,1000,True,0.13696238602326258,1797.6318269278613,0.10464749765489903,True
pud,equalize,462,1000,1000,True,0.14758125236418995,1724.2668116263214,0.11761879416462635,True
pud,equalize,463,1000,1000,True,0.14001604802201675,1456.7541547687447,0.11913063635571884,True
pud,equalize,464,1000,1000,True,0.1480011327951309,1720.5060197732528,0.12463116151169051,True
pud,equalize,465,1000,1000,True,0.1357615806851241,1598.787193581122,0.10546075509021131,True
pud,equalize,466,1000,1000,True,0.13712714474953708,1730.8426574717876,0.11813802348351944,True
pud,equalize,467,1000,1000,True,0.15198413010070866,1952.3643117768775,0.1466780967768333,True
pud,equalize,468,1000,1000,True,0.14495408212922437,1711.7439329338954,0.06750385082751362,True
pud,equalize,469,1000,1000,True,0.13734086818596306,1684.003671575273,0.10959931005910621,True
pud,equalize,470,1000,1000,True,0.1386898556109376,1638.3847766626739,0.12191362860445987,True
pud,equalize,471,1000,1000,True,0.14701507271344075,1838.7523698723,0.07200602769693214,True
pud,equalize,472,1000,1000,True,0.13718706657177235,1611.3583527493195,0.12538023108001922,True
pud,equalize,473,1000,1000,True,0.14068604351358444,1557.344267294807,0.11377883625809729,True
pud,equalize,474,1000,1000,True,0.14630211258949116,1684.2913172144538,0.11660718060180186,True
pud,equalize,475,1000,1000,True,0.13842803139734094,1578.828593961675,0.08011311755847648,True
pud,equalize,476,1000,1000,True,0.1337102284239511,1642.8107226333168,0.1183708735445663,True
pud,equalize,477,1000,1000,True,0.13372230254348325,1688.5661153819235,0.11600573368120035,True
pud,equalize,478,1000,1000,True,0.14044680685425195,1501.653817068368,0.11781605195713117,True
pud,equalize,479,1000,1000,True,0.1411291322700903,1696.7254085148838,0.11475430759283554,True
pud,equalize,480,1000,1000,True,0.13303907343982968,1637.339330590944,0.10910278085421772,True
pud,equalize,481,1000,1000,True,0.14372352746046493,1630.610149145405,0.11955833071954645,True
pud,equalize,482,1000,1000,True,0.1410317729721013,1751.6733817099007,0.06855033295432014,True
pud,equalize,483,1000,1000,True,0.14255409153141022,1799.838210499766,0.09827018436841599,True
pud,equalize,484,1000,1000,True,0.15432983397360664,1835.8746230731551,0.11557945052091245,True
pud,equalize,485,1000,1000,True,0.1270187655038556,1684.645101971332,0.0866654244925226,True
pud,equalize,486,1000,1000,True,0.11912992751458229,1732.6576794231457,0.0890942184043747,True
pud,equalize,487,1000,1000,True,0.1517743549313085,1752.4765085729396,0.07169155381834662,True
pud,equalize,488,1000,1000,True,0.13440396819538725,1578.6135912236407,0.11594225840456368,True
pud,equalize,489,1000,1000,True,0.13515358935688457,1620.2481931593072,0.10276352754062403,True
pud,equalize,490,1000,1000,True,0.1419242881970768,1847.7790574024266,0.12420770686412516,True
pud,equalize,491,1000,1000,True,0.13060428594105494,1824.3563509005032,0.12149840419619602,True
pud,equalize,492,1000,1000,True,0.1312227848327388,1526.61046474076,0.10648213146339462,True
pud,equalize,493,1000,1000,True,0.13878298139875048,1738.667186494011,0.10828152379358968,True
pud,equalize,494,1000,1000,True,0.13957562444163238,1725.4936543679319,0.07218877516109592,True
pud,equalize,495,1000,1000,True,0.14255754913302493,1525.6810395046534,0.11904641640662376,True
pud,equalize,496,1000,1000,True,0.15070743425836944,1862.250215238543,0.15000237652438364,True
pud,equalize,497,1000,1000,True,0.14928459811570616,1692.4247764763431,0.11439614460826276,True
pud,equalize,498,1000,1000,True,0.15131042043869067,1817.2188422286954,0.11770739983241768,True
pud,equalize,499,1000,1000,True,0.13963270868007013,1697.1076071242508,0.0749670017942874,True
pud,equalize,500,1000,1000,True,0.1337121932259132,1722.5702075326276,0.09965049788332751,True
pud,equalize,501,1000,1000,True,0.1442226806190284,1682.3020893926869,0.1411438172946085,True
pud,equalize,502,1000,1000,True,0.15055961454143071,1835.4614559385332,0.115517980536194,True
pud,equalize,503,1000,1000,True,0.14153204758579294,1784.815040274762,0.10764526504412424,True
pud,equalize,504,1000,1000,True,0.1320980514057084,1607.4099018184502,0.10494641489827082,True
pud,equalize,505,1000,1000,True,0.13956450387093683,1600.5253391046328,0.12163166366098209,True
pud,equalize,506,1000,1000,True,0.14000783708223066,1852.7601872446958,0.07222461449029413,True
pud,equalize,507,1000,1000,True,0.1595128227362426,1923.8851520181759,0.15168534683496768,True
pud,equalize,508,1000,1000,True,0.15458985960068022,1612.3954925315315,0.1397173120409587,True
pud,equalize,509,1000,1000,True,0.14501075949863296,1576.2902002347157,0.09201039930489875,True
pud,equalize,510,1000,1000,True,0.1377368828197041,1677.6670864837874,0.07796767611336457,True
pud,equalize,511,1000,1000,True,0.15311759218664928,1885.4264188867196,0.1500688089091381,True
pud,equalize,512,1000,1000,True,0.1366212711417774,1658.8648694137205,0.1093406044330183,True
pud,equalize,513,1000,1000,True,0.13118603838315518,1674.543244959353,0.12285741208288455,True
pud,equalize,514,1000,1000,True,0.1264584565561667,1701.1853608293247,0.08023699463864518,True
pud,equalize,515,1000,1000,True,0.13096605865077607,1679.5881960766453,0.10310179016778742,True
pud,equalize,516,1000,1000,True,0.14551614012554429,1933.632452205951,0.10961805237919257,True
pud,equalize,517,1000,1000,True,0.14429005381393975,1944.1739289680334,0.07539261433520061,True
pud,equalize,518,1000,1000,True,0.1407822374984207,1605.2399436644978,0.11904973543092333,True
pud,equalize,519,1000,1000,True,0.143594125795462,1719.6231485706396,0.07457967071495165,True
pud,equalize,520,1000,1000,True,0.13172939715216977,1487.5792635069904,0.10926271206094776,True
pud,equalize,521,1000,1000,True,0.13738114908333235,1889.4046482381693,0.10078300794954487,True
pud,equalize,522,1000,1000,True,0.13583445989080664,1998.9392312884352,0.10711727967484178,True
pud,equalize,523,1000,1000,True,0.13936589199603988,1691.0764912989596,0.12326974086265323,True
pud,equalize,524,1000,1000,True,0.13642877036283824,1728.1847246515636,0.12184178163949516,True
pud,equalize,525,1000,1000,True,0.12478053623150616,1498.7186853359105,0.0714125200836055,True
pud,equalize,526,1000,1000,True,0.13887822181259074,1650.7920536324375,0.1207518008454011,True
pud,equalize,527,1000,1000,True,0.13488714944878832,1647.998535386485,0.11602815963015399,True
pud,equalize,528,1000,1000,True,0.14202426501077853,1679.059015185589,0.11132189783807858,True
pud,equalize,529,1000,1000,True,0.1394312946433688,1665.996128927075,0.10180343926859044,True
pud,equalize,530,1000,1000,True,0.13449668590161812,1548.9281308052998,0.11740321782453646,True
pud,equalize,531,1000,1000,True,0.1515876212412486,1984.2991906159214,0.09593074662561606,True
pud,equalize,532,1000,1000,True,0.13393587879888505,1572.048247223984,0.11321146770426169,True
pud,equalize,533,1000,1000,True,0.15644756586216843,1603.4822580010045,0.13822584445057323,True
pud,equalize,534,1000,1000,True,0.1346623390393749,1714.9347578934307,0.1099369943015061,True
pud,equalize,535,1000,1000,True,0.14217599074977114,1680.9203749586118,0.10332799926495609,True
pud,equalize,536,1000,1000,True,0.1408418564153374,1894.7763762206873,0.12439211399719581,True
pud,equalize,537,1000,1000,True,0.14185839574887504,1564.532674986368,0.11840523376403615,True
pud,equalize,538,1000,1000,True,0.15391790300090996,1531.2985243367798,0.15804843764484136,True
pud,equalize,539,1000,1000,True,0.14214679249734744,1471.4713975443085,0.12407951204224643,True
pud,equalize,540,1000,1000,True,0.13641568824735664,1590.214285748622,0.11488695248744242,True
pud,equalize,541,1000,1000,True,0.14839852874382997,1631.8863282606421,0.13821364746536072,True
pud,equalize,542,1000,1000,True,0.13934520594463623,1882.1170206977033,0.08539074385319799,True
pud,equalize,543,1000,1000,True,0.13630025678625848,1677.5675344963015,0.11704606616601121,True
pud,equalize,544,1000,1000,True,0.13741763683596167,1619.8200767366106,0.12152002273669112,True
pud,equalize,545,1000,1000,True,0.13333888877315295,1641.1616158657257,0.08273437788459292,True
pud,equalize,546,1000,1000,True,0.13837218731458364,1565.6179555063873,0.1195844326959403,True
pud,equalize,547,1000,1000,True,0.14728688894236644,1911.2688911390778,0.08537164576857217,True
pud,equalize,548,1000,1000,True,0.1392570250017775,1744.7614197924026,0.11663195197810171,True
pud,equalize,549,1000,1000,True,0.13983495739135468,1685.1997250863174,0.11475364864152778,True
pud,equalize,550,1000,1000,True,0.13580654314315577,1701.1465611095946,0.11974926428290195,True
pud,equalize,551,1000,1000,True,0.13591585586878085,1704.902406696348,0.07866239081285961,True
pud,equalize,552,1000,1000,True,0.14418049344955797,1817.3644138034067,0.10618329365701486,True
pud,equalize,553,1000,1000,True,0.1531549284181395,1803.6327539094536,0.12078892721715681,True
pud,equalize,554,1000,1000,True,0.1215302919105021,1593.9947805824208,0.09091693128929138,True
pud,equalize,555,1000,1000,True,0.13629289448250687,1581.584508148711,0.11224887692253482,True
pud,equalize,556,1000,1000,True,0.1358176046335491,1716.8012728606652,0.10729778051620502,True
pud,equalize,557,1000,1000,True,0.14295470015461645,1547.2000809200472,0.13232126262702407,True
pud,equalize,558,1000,1000,True,0.15165713604568776,1594.237058496634,0.1490517765703094,True
pud,equalize,559,1000,1000,True,0.1380884865709549,1484.0170978206418,0.07865912079314526,True
pud,equalize,560,1000,1000,True,0.14391603133103023,1519.4790073429772,0.0815014648054383,True
pud,equalize,561,1000,1000,True,0.14192429907054913,1812.8939209559394,0.11224659306331301,True
pud,equalize,562,1000,1000,True,0.14798486367376634,1949.187608439988,0.10709879136157939,True
pud,equalize,563,1000,1000,True,0.15103893047330055,1896.6471057566296,0.10320024643477133,True
pud,equalize,564,1000,1000,True,0.13887907343094222,1885.6339586544893,0.13081138952564347,True
pud,equalize,565,1000,1000,True,0.14719155907092088,1750.0804136164716,0.10610347558333891,True
pud,equalize,566,1000,1000,True,0.1400277203597052,1610.8168302047875,0.11607319104346338,True
pud,equalize,567,1000,1000,True,0.12626324646312326,1954.3342332108907,0.07108739535091842,True
pud,equalize,568,1000,1000,True,0.16145063840683724,1691.8037790213734,0.21396399114377362,True
pud,equalize,569,1000,1000,True,0.14143702520473708,1768.5061078593988,0.10040908669716114,True
pud,equalize,570,1000,1000,True,0.14383876046582741,1944.404444954547,0.11370203859318845,True
pud,equalize,571,1000,1000,True,0.14253805902847472,1557.770331467383,0.10340238970899494,True
pud,equalize,572,1000,1000,True,0.14882906094817655,1809.2588063524797,0.10464790525411426,True
pud,equalize,573,1000,1000,True,0.14613316943759397,1843.7906927316885,0.14284343496843055,True
pud,equalize,574,1000,1000,True,0.1427902130339177,1441.1660478931635,0.11249223786664977,True
pud,equalize,575,1000,1000,True,0.13598097906202422,1820.3613668401117,0.10628459291617964,True
pud,equalize,576,1000,1000,True,0.1389976303199731,1796.8248147206782,0.11065647208733348,True
pud,equalize,577,1000,1000,True,0.13442045286394533,1872.5743092502362,0.1234021349636231,True
pud,equalize,578,1000,1000,True,0.1451584387683989,1668.748395534809,0.0949791400099887,True
pud,equalize,579,1000,1000,True,0.14699751194669425,1926.7406583803645,0.10169779426332064,True
pud,equalize,580,1000,1000,True,0.1377273164760851,1572.6488552041742,0.11416114017443031,True
pud,equalize,581,1000,1000,True,0.13228970080195815,1693.9896273011827,0.11788606971181441,True
pud,equalize,582,1000,1000,True,0.13816410889827474,1533.3300824753946,0.117936358125479,True
pud,equalize,583,1000,1000,True,0.14163010595766792,1498.1327519919587,0.133087618034414,True
pud,equalize,584,1000,1000,True,0.13223663600241262,1668.0149602779347,0.07943921894236398,True
pud,equalize,585,1000,1000,True,0.14134430381951096,1602.7972775042388,0.11777911896510998,True
pud,equalize,586,1000,1000,True,0.13511253471472232,1927.2689260606576,0.08307796056033272,True
pud,equalize,587,1000,1000,True,0.1490696398696401,1755.3079704071877,0.1254638598300594,True
pud,equalize,588,1000,1000,True,0.1446741353252155,1716.6583395070202,0.1322091029906044,True
pud,equalize,589,1000,1000,True,0.13896975245989837,1510.803974842534,0.11402746907523513,True
pud,equalize,590,1000,1000,True,0.13341709174753574,1540.7475869327202,0.11601489900061741,True
pud,equalize,591,1000,1000,True,0.13849631229212753,1750.6615920934007,0.1295357212757151,True
pud,equalize,592,1000,1000,True,0.13214747467026527,1916.246318091701,0.07865866170822126,True
pud,equalize,593,1000,1000,True,0.13853704723571283,1564.6970859482676,0.07396518951006115,True
pud,equalize,594,1000,1000,True,0.14244490856225311,1637.273037217678,0.12044086915562742,True
pud,equalize,595,1000,1000,True,0.1479908134452863,2074.248327683067,0.09796570576570578,True
pud,equalize,596,1000,1000,True,0.1381249657840302,1381.4417355733826,0.1240948979761203,True
pud,equalize,597,1000,1000,True,0.139786770599252,2106.5924187082323,0.09151124871826036,True
pud,equalize,598,1000,1000,True,0.13995121504507416,1691.3655431866287,0.11635989243678956,True
pud,equalize,599,1000,1000,True,0.13480247598194997,1575.7975209258327,0.11383085567500449,True
pud,equalize,600,1000,1000,True,0.14555634266114578,1562.4678771789197,0.13267419250941268,True
pud,equalize,601,1000,1000,True,0.12978044089733312,1828.2144960589278,0.10176689898191388,True
pud,equalize,602,1000,1000,True,0.14050028733330314,1713.0183375037172,0.08711235189025636,True
pud,equalize,603,1000,1000,True,0.14019253735796425,1584.570219681034,0.11731190039935695,True
pud,equalize,604,1000,1000,True,0.13899188669811355,1489.5448496769072,0.11577323460909199,True
pud,equalize,605,1000,1000,True,0.1491341590897518,1811.2298907383347,0.11008601799513275,True
pud,equalize,606,1000,1000,True,0.1386002685583417,1584.9968702253009,0.10358518352985421,True
pud,equalize,607,1000,1000,True,0.1423381120717433,1431.343861409969,0.12236356271979613,True
pud,equalize,608,1000,1000,True,0.13041154989370768,1795.1433781152414,0.10731825003289727,True
pud,equalize,609,1000,1000,True,0.13254211117440334,1744.8354584384167,0.09893165055472128,True
pud,equalize,610,1000,1000,True,0.13588720404152196,1800.3130959019322,0.07875681902673493,True
pud,equalize,611,1000,1000,True,0.1420719692425091,1550.5460767223267,0.1161043756685454,True
pud,equalize,612,1000,1000,True,0.13621314044404684,1562.6995696470258,0.07652982876864435,True
pud,equalize,613,1000,1000,True,0.12994281315778117,1779.2966833889732,0.10369816360863132,True
pud,equalize,614,1000,1000,True,0.14456010369478473,1679.161659614404,0.11025020646099198,True
pud,equalize,615,1000,1000,True,0.1343741432358561,1741.867220532036,0.0840967579122883,True
pud,equalize,616,1000,1000,True,0.1362617483891722,1600.5409101475664,0.11558136250289097,True
pud,equalize,617,1000,1000,True,0.13454123054309183,1836.829170386838,0.10746218169117525,True
pud,equalize,618,1000,1000,True,0.1365481672352604,1568.0808707155381,0.11596200101331619,True
pud,equalize,619,1000,1000,True,0.1358513889385869,1558.4222114173683,0.11233723259525533,True
pud,equalize,620,1000,1000,True,0.1348127480509059,1801.5597651324254,0.09467479360003843,True
pud,equalize,621,1000,1000,True,0.1436469570565452,1631.1124600808491,0.12345499304864901,True
pud,equalize,622,1000,1000,True,0.1384474188194846,1516.8338375062706,0.11978386090510414,True
pud,equalize,623,1000,1000,True,0.1367303911957514,1559.1539352607233,0.11368867550583744,True
pud,equalize,624,1000,1000,True,0.14436209447423398,1682.002803013122,0.11411611532898314,True
pud,equalize,625,1000,1000,True,0.1381526423655827,1832.9353711462386,0.1087807121383811,True
pud,equalize,626,1000,1000,True,0.13966214922421152,1602.802419124391,0.12109640634481945,True
pud,equalize,627,1000,1000,True,0.13101341746384434,1837.7312823780849,0.13687022058852183,True
pud,equalize,628,1000,1000,True,0.13369512212123652,1641.450652860146,0.11661804224809204,True
pud,equalize,629,1000,1000,True,0.1440379198186332,1826.8796313758605,0.12145345651221884,True
pud,equalize,630,1000,1000,True,0.13188831039843177,1626.8462731158713,0.1035853557503469,True
pud,equalize,631,1000,1000,True,0.13720050390434044,1543.8059607347034,0.1161710950853668,True
pud,equalize,632,1000,1000,True,0.13825442238366908,1978.2297887950226,0.08219898770816411,True
pud,equalize,633,1000,1000,True,0.13663992105051642,1548.880946231827,0.11787340143319909,True
pud,equalize,634,1000,1000,True,0.155512603196932,1987.4506985945588,0.09982510570189776,True
pud,equalize,635,1000,1000,True,0.1362466350247064,1628.5338882553228,0.11296399459152494,True
pud,equalize,636,1000,1000,True,0.13606044226966663,1602.3856502474678,0.11568347620410906,True
pud,equalize,637,1000,1000,True,0.14429783628161427,1747.5593691671822,0.11340868954448566,True
pud,equalize,638,1000,1000,True,0.14594735225289163,1875.2500032728972,0.12990641978453016,True
pud,equalize,639,1000,1000,True,0.15109259649648418,1828.0306170781168,0.10982619209066571,True
pud,equalize,640,1000,1000,True,0.13210102942562046,1724.76773752178,0.10474941527283099,True
pud,equalize,641,1000,1000,True,0.14188442131659726,1783.5886815291803,0.10925660360865501,True
pud,equalize,642,1000,1000,True,0.1475209447360017,1540.2251414358227,0.15385765386980588,True
pud,equalize,643,1000,1000,True,0.12770905204921318,1655.9513006124305,0.09679933680009524,True
pud,equalize,644,1000,1000,True,0.13879429845620683,1553.0464468057612,0.1170352505723947,True
pud,equalize,645,1000,1000,True,0.1370524451297728,1537.1365298684434,0.11717517960749786,True
pud,equalize,646,1000,1000,True,0.1474041957122668,1838.626679029487,0.09517663306443175,True
pud,equalize,647,1000,1000,True,0.14247407171521106,1959.717498461194,0.07605315798509732,True
pud,equalize,648,1000,1000,True,0.13891953039773033,1677.2848243169674,0.10645233095349345,True
pud,equalize,649,1000,1000,True,0.1396297745848545,1596.160882116524,0.11582351357257428,True
pud,equalize,650,1000,1000,True,0.14085145620848008,1592.794137914564,0.11652420879185536,True
pud,equalize,651,1000,1000,True,0.13693645638185528,1664.4890628583296,0.11629374472312944,True
pud,equalize,652,1000,1000,True,0.1376448422302579,1533.151559328366,0.11760469409880744,True
pud,equalize,653,1000,1000,True,0.1387735681240363,2007.1324976403525,0.0767252199913174,True
pud,equalize,654,1000,1000,True,0.13981712041267988,1532.5467760557913,0.12249137233412112,True
pud,equalize,655,1000,1000,True,0.14141083828754142,1814.9052463156306,0.11393759608868856,True
pud,equalize,656,1000,1000,True,0.14536358799936586,1631.593329164777,0.10525383544813562,True
pud,equalize,657,1000,1000,True,0.13898965189298565,1692.9760767946486,0.1203642106686059,True
pud,equalize,658,1000,1000,True,0.13804256098021112,1717.915386823228,0.11327997872637031,True
pud,equalize,659,1000,1000,True,0.1415365027296431,1573.30998627861,0.12182715898627312,True
pud,equalize,660,1000,1000,True,0.1378805423205801,1516.465078067741,0.08111750355327789,True
pud,equalize,661,1000,1000,True,0.1445686128700158,1839.7499962103545,0.08071074400308094,True
pud,equalize,662,1000,1000,True,0.13066075147230954,1636.403021805753,0.09820269036570094,True
pud,equalize,663,1000,1000,True,0.12967671864303434,1705.760313889088,0.10912665141652023,True
pud,equalize,664,1000,1000,True,0.13640152736192754,1541.3572559844781,0.11429352238538831,True
pud,equalize,665,1000,1000,True,0.13965464944322878,1492.771316404157,0.1230990748227712,True
pud,equalize,666,1000,1000,True,0.14547493908311002,1736.9298482595661,0.13857608152336526,True
pud,equalize,667,1000,1000,True,0.13527791193239982,1752.8801987126787,0.09236360715090076,True
pud,equalize,668,1000,1000,True,0.13868969894189184,1662.5959140765383,0.07992196734438868,True
pud,equalize,669,1000,1000,True,0.13931186082994237,1601.1541551365376,0.11680864165562452,True
pud,equalize,670,1000,1000,True,0.13508271631453664,1675.1758871208121,0.11718094270543028,True
pud,equalize,671,1000,1000,True,0.1405900155385716,1551.2615357311608,0.1204531751653206,True
pud,equalize,672,1000,1000,True,0.12801007676384865,1614.1522219419085,0.0995959640215542,True
pud,equalize,673,1000,1000,True,0.14439673357339725,1675.1056348060558,0.11559834624388443,True
pud,equalize,674,1000,1000,True,0.135246202566438,1841.8623026447985,0.11672400231336048,True
pud,equalize,675,1000,1000,True,0.144042346311299,2134.985657336133,0.07543772184088814,True
pud,equalize,676,1000,1000,True,0.128175556692114,1544.7288261646443,0.10485848841458947,True
pud,equalize,677,1000,1000,True,0.14290481853490394,1522.8489152322368,0.11746177681418614,True
pud,equalize,678,1000,1000,True,0.13409787470351647,1683.8106187974347,0.10089644550750726,True
pud,equalize,679,1000,1000,True,0.13999832053666367,1597.5381427321227,0.1124419938248546,True
pud,equalize,680,1000,1000,True,0.13455118627643184,1566.4951898502593,0.11408119265908172,True
pud,equalize,681,1000,1000,True,0.12937659452109776,1527.5105140976934,0.07552279028115852,True
pud,equalize,682,1000,1000,True,0.13419556348575484,1906.288034344233,0.0995406182990543,True
pud,equalize,683,1000,1000,True,0.14138597202841502,1620.6308266548554,0.12493807651377926,True
pud,equalize,684,1000,1000,True,0.14121782098220806,1675.2576930606824,0.14174812472903311,True
pud,equalize,685,1000,1000,True,0.14920359733193472,1730.1219662567144,0.1120917123399792,True
pud,equalize,686,1000,1000,True,0.13167447656162443,1556.5021591758232,0.12155845974592829,True
pud,equalize,687,1000,1000,True,0.14796645891202156,1708.7697350128835,0.12606237726999664,True
pud,equalize,688,1000,1000,True,0.13476481755036335,1646.3243868663917,0.11554403735330195,True
pud,equalize,689,1000,1000,True,0.13644099479895475,1750.400306397368,0.09619505903483844,True
pud,equalize,690,1000,1000,True,0.13293191007447905,1789.836431521048,0.11263282200403484,True
pud,equalize,691,1000,1000,True,0.1346177028697412,1388.0955968804888,0.0782540773205074,True
pud,equalize,692,1000,1000,True,0.13600165394782232,1594.514387931009,0.07034158631586367,True
pud,equalize,693,1000,1000,True,0.13273914082203803,1825.355587385647,0.122819236338673,True
pud,equalize,694,1000,1000,True,0.1345323821682046,1637.206398521274,0.11122964732680063,True
pud,equalize,695,1000,1000,True,0.13873744454370823,1711.9644846035794,0.10683921229562962,True
pud,equalize,696,1000,1000,True,0.12949683441481027,1678.5718654808913,0.10284814167943718,True
pud,equalize,697,1000,1000,True,0.1395426741224152,1662.7748827835956,0.11245172956198354,True
pud,equalize,698,1000,1000,True,0.13451365298550988,1850.2622410231475,0.11430338610064916,True
pud,equalize,699,1000,1000,True,0.1340669281909894,1642.2294082663968,0.08011796780642966,True
pud,equalize,700,1000,1000,True,0.1405092110683913,1597.8751940545917,0.10890498747209099,True
pud,equalize,701,1000,1000,True,0.1310379979760842,1584.914183842141,0.10506228076482146,True
pud,equalize,702,1000,1000,True,0.14401677542890018,1787.4485402312987,0.10297734378655013,True
pud,equalize,703,1000,1000,True,0.14473754493420235,1969.2160850528821,0.06364057638773365,True
pud,equalize,704,1000,1000,True,0.13777463034039358,1582.4473860447936,0.11184936905510326,True
pud,equalize,705,1000,1000,True,0.1366433512180478,1621.607016915936,0.11707331247482136,True
pud,equalize,706,1000,1000,True,0.13096947340110582,1751.3982160730893,0.0986026011977522,True
pud,equalize,707,1000,1000,True,0.13637253805588012,1634.487024260517,0.11364136733764854,True
pud,equalize,708,1000,1000,True,0.1326039191830922,1572.6021252049104,0.08454949532962233,True
pud,equalize,709,1000,1000,True,0.13987241276195908,1720.0180159262868,0.12861188432692935,True
pud,equalize,710,1000,1000,True,0.13761441524764262,1625.298875248488,0.10927023868249029,True
pud,equalize,711,1000,1000,True,0.1337419590290881,1748.7169369980952,0.11689872740597222,True
pud,equalize,712,1000,1000,True,0.13578722962191644,1624.4663031728298,0.11044596410758666,True
pud,equalize,713,1000,1000,True,0.13085473993311422,1783.286200168386,0.09794751681070182,True
pud,equalize,714,1000,1000,True,0.1419647739301445,1559.2401082575448,0.12421207223490352,True
pud,equalize,715,1000,1000,True,0.13468114654459956,1917.8652289227728,0.08547996588617261,True
pud,equalize,716,1000,1000,True,0.14720964768102113,1783.0741566606252,0.10609813998672162,True
pud,equalize,717,1000,1000,True,0.14105663165315319,1604.0297311954662,0.1325149509384591,True
pud,equalize,718,1000,1000,True,0.13937580382318165,1647.0893487455378,0.11811028483039084,True
pud,equalize,719,1000,1000,True,0.1335747624384705,1795.5484492533194,0.10694722132036974,True
pud,equalize,720,1000,1000,True,0.13138509790161623,1592.3405119810272,0.10454751356485047,True
pud,equalize,721,1000,1000,True,0.1406850962124144,1642.0875394643247,0.09160325011755187,True
pud,equalize,722,1000,1000,True,0.14366021468712423,1614.1051762509157,0.11907971393820585,True
pud,equalize,723,1000,1000,True,0.14234271978764215,1480.1854645006485,0.11969157431900945,True
pud,equalize,724,1000,1000,True,0.14496303445370026,1937.1499393696915,0.09349430562972906,True
pud,equalize,725,1000,1000,True,0.14582717277993032,1848.9171729352834,0.08841962172602211,True
pud,equalize,726,1000,1000,True,0.13232152386899249,1869.2550292038804,0.09277442176232269,True
pud,equalize,727,1000,1000,True,0.13926391988851977,2183.27693763297,0.09046315940689086,True
pud,equalize,728,1000,1000,True,0.14174464259259925,1657.8825559848924,0.12042938815282671,True
pud,equalize,729,1000,1000,True,0.14107974454537284,1778.1824402459383,0.10062774817963335,True
pud,equalize,730,1000,1000,True,0.1341267062643877,1442.4956516745553,0.11238353587515597,True
pud,equalize,731,1000,1000,True,0.13698892043149932,1633.606736858966,0.11656841100591722,True
pud,equalize,732,1000,1000,True,0.1411809866364955,1781.7423909196302,0.12397888659359567,True
pud,equalize,733,1000,1000,True,0.13662557467151232,1552.198624166379,0.114364925988243,True
pud,equalize,734,1000,1000,True,0.14339691914317088,1615.3004084067459,0.12417698987660643,True
pud,equalize,735,1000,1000,True,0.13680662706856178,1759.5206283641576,0.11140255998122472,True
pud,equalize,736,1000,1000,True,0.13109927630202076,1590.4597705440399,0.11806652236643418,True
pud,equalize,737,1000,1000,True,0.1546627968864547,1953.269624949664,0.1350659240043931,True
pud,equalize,738,1000,1000,True,0.14927240448502443,1804.1775576076209,0.11805730717654786,True
pud,equalize,739,1000,1000,True,0.13371644912063774,1808.610797003048,0.1121858576945716,True
pud,equalize,740,1000,1000,True,0.1318671310331486,1770.547748283282,0.1175072149085134,True
pud,equalize,741,1000,1000,True,0.12818051266538333,1531.8083897377635,0.10953389407218792,True
pud,equalize,742,1000,1000,True,0.12345623456047837,1788.1192560441823,0.07300809696343429,True
pud,equalize,743,1000,1000,True,0.13623941163976971,1675.89382404465,0.0935161463578864,True
pud,equalize,744,1000,1000,True,0.13999591528432642,1714.4209487100884,0.10407715502227598,True
pud,equalize,745,1000,1000,True,0.14407033561749719,1863.336341949837,0.10788686289435422,True
pud,equalize,746,1000,1000,True,0.14363042036532855,1716.0890311589317,0.11291338098267306,True
pud,equalize,747,1000,1000,True,0.13828194315408335,1675.8873955224437,0.12097905083418675,True
pud,equalize,748,1000,1000,True,0.1369359929778855,1680.0433067748581,0.11244626206260418,True
pud,equalize,749,1000,1000,True,0.14547602534650608,1858.9905494229924,0.11021090387676409,True
pud,equalize,750,1000,1000,True,0.15014682361600362,1692.9650197969243,0.12701931222854398,True
pud,equalize,751,1000,1000,True,0.14073328201483354,1724.1779184515733,0.12179110835391094,True
pud,equalize,752,1000,1000,True,0.13993912918316737,1533.856339436976,0.11668949565004438,True
pud,equalize,753,1000,1000,True,0.1307304285094775,1767.8021491759193,0.09449796130794583,True
pud,equalize,754,1000,1000,True,0.14863889293797622,1661.1118781945424,0.11020833021774133,True
pud,equalize,755,1000,1000,True,0.14103896274556785,1864.5232518665462,0.09379523205129116,True
pud,equalize,756,1000,1000,True,0.14100810063412825,1730.3143255718019,0.12662307047022925,True
pud,equalize,757,1000,1000,True,0.13178451875207517,1563.0926979034225,0.1130606392523417,True
pud,equalize,758,1000,1000,True,0.1414335336631467,1774.9413783105626,0.1116690873148357,True
pud,equalize,759,1000,1000,True,0.13303681658812055,1610.0850103320633,0.10519410336476114,True
pud,equalize,760,1000,1000,True,0.13882661537256633,1572.160066201594,0.09674907087951483,True
pud,equalize,761,1000,1000,True,0.1373357924087643,1757.6564769305746,0.10766762698803466,True
pud,equalize,762,1000,1000,True,0.14203883619508548,1916.014503640043,0.09594396255428105,True
pud,equalize,763,1000,1000,True,0.1419113090265523,1830.9888606365141,0.09520162878573449,True
pud,equalize,764,1000,1000,True,0.14113757232214125,1411.7308846770336,0.12276593758896955,True
pud,equalize,765,1000,1000,True,0.13797680248756078,1523.1638541112377,0.11247852799205393,True
pud,equalize,766,1000,1000,True,0.1417422591349925,1607.2588277184855,0.10896516092906162,True
pud,equalize,767,1000,1000,True,0.14281369673567254,1870.135390328465,0.08353024956620561,True
pud,equalize,768,1000,1000,True,0.13296555945055846,1638.723801247483,0.09049646265510282,True
pud,equalize,769,1000,1000,True,0.13160817969625963,1632.3020679123704,0.11622632189497595,True
pud,equalize,770,1000,1000,True,0.14499439921069068,1928.9682987211065,0.07193221689313137,True
pud,equalize,771,1000,1000,True,0.13829736435541468,1599.7067088638466,0.10756764796577496,True
pud,equalize,772,1000,1000,True,0.13634578409142753,1724.774687790843,0.11713490744952965,True
pud,equalize,773,1000,1000,True,0.13283451089212706,1692.504277307446,0.108479520169921,True
pud,equalize,774,1000,1000,True,0.1329872503867649,1627.8675354705615,0.11887059828150302,True
pud,equalize,775,1000,1000,True,0.134400208976175,1556.911954617537,0.11326952397590623,True
pud,equalize,776,1000,1000,True,0.1345771571796934,1575.9861207634415,0.11041183511441759,True
pud,equalize,777,1000,1000,True,0.1380501031787167,1652.1815207779077,0.11383895056906783,True
pud,equalize,778,1000,1000,True,0.14395943830309707,1553.85735930651,0.11570448469172567,True
pud,equalize,779,1000,1000,True,0.1481913073707325,1677.7478773117252,0.08963430505099769,True
pud,equalize,780,1000,1000,True,0.14154060578653657,1600.4346642331263,0.12348129213031761,True
pud,equalize,781,1000,1000,True,0.1361987726780691,1695.356932838628,0.11760627135373519,True
pud,equalize,782,1000,1000,True,0.13546489500153824,1640.3366877318203,0.11585382659110777,True
pud,equalize,783,1000,1000,True,0.13842714311368737,1575.5838294308558,0.08104818792195233,True
pud,equalize,784,1000,1000,True,0.13641472667685475,1946.4064011585556,0.09158650973496096,True
pud,equalize,785,1000,1000,True,0.13862102347100222,1589.0970385020546,0.12361590802178085,True
pud,equalize,786,1000,1000,True,0.1395601538520572,1946.0688251960669,0.10176994086761343,True
pud,equalize,787,1000,1000,True,0.14208428032702766,1802.718443311656,0.10978932912684848,True
pud,equalize,788,1000,1000,True,0.15170536746772845,1737.8964298380959,0.11650394949062276,True
pud,equalize,789,1000,1000,True,0.15426962087827248,1946.316393080786,0.1334544075288969,True
pud,equalize,790,1000,1000,True,0.14430729215081695,1762.0702126260464,0.11676351059901979,True
pud,equalize,791,1000,1000,True,0.13944632623785602,1640.5713069732751,0.11195949664449589,True
pud,equalize,792,1000,1000,True,0.14837826868272844,1696.1313404049818,0.18093075546076995,True
pud,equalize,793,1000,1000,True,0.13755185599045822,1530.830945197738,0.1238726945070803,True
pud,equalize,794,1000,1000,True,0.14785371440784817,1695.61138419126,0.13920862352669655,True
pud,equalize,795,1000,1000,True,0.12931346926493517,1697.1016926133213,0.081886401288916,True
pud,equalize,796,1000,1000,True,0.1376399507751391,2045.93705306395,0.08210711988495559,True
pud,equalize,797,1000,1000,True,0.12882961807685048,1773.0483824543537,0.11008104702254719,True
pud,equalize,798,1000,1000,True,0.1424583439223074,1845.5774055574043,0.12299131756970028,True
pud,equalize,799,1000,1000,True,0.14956924116018833,1936.716610472219,0.09104909542536804,True
pud,equalize,800,1000,1000,True,0.13410498927388254,1649.233189060904,0.09756261933424105,True
pud,equalize,801,1000,1000,True,0.13263003356129086,1595.4556733623158,0.11353461374628673,True
pud,equalize,802,1000,1000,True,0.14641222668703865,1726.250188017658,0.1006855513314278,True
pud,equalize,803,1000,1000,True,0.13795557524341212,1737.7753331127128,0.12528987426201924,True
pud,equalize,804,1000,1000,True,0.1441734205225956,1654.2830891715603,0.11715567147186982,True
pud,equalize,805,1000,1000,True,0.1465302290474268,1576.2978660139079,0.07637314504425372,True
pud,equalize,806,1000,1000,True,0.14194195301140308,1698.1649424572984,0.13936543622726122,True
pud,equalize,807,1000,1000,True,0.14376199080424562,1518.7432550250223,0.1169113154447094,True
pud,equalize,808,1000,1000,True,0.13025319644901304,1881.3739038349077,0.08971725063625385,True
pud,equalize,809,1000,1000,True,0.13531054314583085,1874.7647467005027,0.08588352649639389,True
pud,equalize,810,1000,1000,True,0.13704323189201065,1710.5419503771311,0.11029252630176123,True
pud,equalize,811,1000,1000,True,0.14102274748650295,1600.1645403617092,0.11976431124050929,True
pud,equalize,812,1000,1000,True,0.14138910674508431,1580.5146596928482,0.11289356070822956,True
pud,equalize,813,1000,1000,True,0.13438462902623394,1761.9870414960492,0.10706981626749695,True
pud,equalize,814,1000,1000,True,0.1450348749034921,1752.0734841641204,0.10970430233412583,True
pud,equalize,815,1000,1000,True,0.15950912199620434,1673.571370565056,0.1292346277603092,True
pud,equalize,816,1000,1000,True,0.13662257644716602,1866.0141243492772,0.12167095071097941,True
pud,equalize,817,1000,1000,True,0.1363759853592855,1620.781494745976,0.11905019119972617,True
pud,equalize,818,1000,1000,True,0.1359182597495029,1540.6415585398183,0.11864912011348294,True
pud,equalize,819,1000,1000,True,0.13267989465041208,1628.102410266627,0.10058333502101935,True
pud,equalize,820,1000,1000,True,0.13832910792297273,1538.088179409425,0.08952566084993333,True
pud,equalize,821,1000,1000,True,0.13758476803433484,1532.0778572004754,0.10874608322732342,True
pud,equalize,822,1000,1000,True,0.145472053656576,1800.5151197251857,0.13253668255325476,True
pud,equalize,823,1000,1000,True,0.13160990619025378,1651.6426197685746,0.10451712837356752,True
pud,equalize,824,1000,1000,True,0.14286445099472678,1528.83329072826,0.12059745098958428,True
pud,equalize,825,1000,1000,True,0.13899068980277726,1771.51888611327,0.11034938900746569,True
pud,equalize,826,1000,1000,True,0.13592073034777147,1813.2234987932404,0.09280930934574703,True
pud,equalize,827,1000,1000,True,0.13434379336171365,1796.3047141214656,0.0899020035756355,True
pud,equalize,828,1000,1000,True,0.13692536986833465,1559.0691952623527,0.11874001010611376,True
pud,equalize,829,1000,1000,True,0.1396476412393124,1475.2911179506234,0.08091873609895209,True
pud,equalize,830,1000,1000,True,0.14018689421141325,1628.5431652464729,0.11852821719575866,True
pud,equalize,831,1000,1000,True,0.14628965643628708,1629.135322302908,0.13771064627967378,True
pud,equalize,832,1000,1000,True,0.14173628616135958,1586.0415362770295,0.12211902663658382,True
pud,equalize,833,1000,1000,True,0.14198912147514664,1620.3160998718738,0.10713001216359887,True
pud,equalize,834,1000,1000,True,0.14951836255370354,1563.9258507995191,0.11133631344425783,True
pud,equalize,835,1000,1000,True,0.12948694533560393,1598.8888223009753,0.10730882570447817,True
pud,equalize,836,1000,1000,True,0.13639104999419324,1596.0579212998505,0.11350118289479859,True
pud,equalize,837,1000,1000,True,0.14579265506741051,1573.5355716080905,0.11626718431332268,True
pud,equalize,838,1000,1000,True,0.1442399218723041,1711.0067410551017,0.1160296040342536,True
pud,equalize,839,1000,1000,True,0.14079223770340063,1649.2004001791292,0.11847205014967314,True
pud,equalize,840,1000,1000,True,0.13572582703176572,1597.0512453741112,0.11330985377699049,True
pud,equalize,841,1000,1000,True,0.1422647089316511,1822.3496437223566,0.11021410756419905,True
pud,equalize,842,1000,1000,True,0.13795090869536358,1584.6356559029584,0.11668933324784729,True
pud,equalize,843,1000,1000,True,0.14129894366725282,1806.3330535576765,0.10142665719683094,True
pud,equalize,844,1000,1000,True,0.13947987863204456,1800.7258896911544,0.1494084463046199,True
pud,equalize,845,1000,1000,True,0.13937448267079985,1536.0112827333007,0.1117453625408353,True
pud,equalize,846,1000,1000,True,0.14617327617135312,1825.6518757791696,0.11762332640076222,True
pud,equalize,847,1000,1000,True,0.14895557213188035,1539.4508170873794,0.13143294586692966,True
pud,equalize,848,1000,1000,True,0.15365504053392287,1644.8806281912985,0.08180506489194486,True
pud,equalize,849,1000,1000,True,0.14655499747177037,1814.2222172369072,0.14135731409061783,True
pud,equalize,850,1000,1000,True,0.14031411674533925,1742.6278186552056,0.06888304993175923,True
pud,equalize,851,1000,1000,True,0.13165863782365458,1730.9178239431242,0.10740980942397127,True
pud,equalize,852,1000,1000,True,0.13377582086054857,1637.4610148760796,0.11790185497865335,True
pud,equalize,853,1000,1000,True,0.12607770286808775,1545.779720503216,0.10246058200204375,True
pud,equalize,854,1000,1000,True,0.13610676228880306,1623.2631500776454,0.11614282342055736,True
pud,equalize,855,1000,1000,True,0.14372691483985425,1760.6663388612278,0.11877352190691677,True
pud,equalize,856,1000,1000,True,0.13706053407162835,1624.6685151513216,0.11375140970500781,True
pud,equalize,857,1000,1000,True,0.1391672193380022,1565.6458196974181,0.11288494689092918,True
pud,equalize,858,1000,1000,True,0.13858377107344955,1647.2366381003064,0.10766505904085877,True
pud,equalize,859,1000,1000,True,0.1327735615323145,1624.97023253843,0.11430904395919073,True
pud,equalize,860,1000,1000,True,0.13913396155956767,1918.9265701261213,0.08941487710058982,True
pud,equalize,861,1000,1000,True,0.1381766823872811,1882.4159893580907,0.09781038850124987,True
pud,equalize,862,1000,1000,True,0.13926433698386517,1632.6637171579455,0.11938804404850761,True
pud,equalize,863,1000,1000,True,0.134606289637136,1946.1390792551288,0.10510252196525444,True
pud,equalize,864,1000,1000,True,0.15273205416797866,1910.1797556981385,0.11759229367124445,True
pud,equalize,865,1000,1000,True,0.13656762038738027,1800.8903040860096,0.09193865641399093,True
pud,equalize,866,1000,1000,True,0.13664130568665203,1750.22586408469,0.10073481566181453,True
pud,equalize,867,1000,1000,True,0.1432990415482322,1892.5494694501383,0.1276440730418614,True
pud,equalize,868,1000,1000,True,0.14350028132634704,1564.5926238813731,0.12065273860685191,True
pud,equalize,869,1000,1000,True,0.13431528047061972,1676.4077952085524,0.10340089547574133,True
pud,equalize,870,1000,1000,True,0.1325661260570655,1511.501104978425,0.11426961781486607,True
pud,equalize,871,1000,1000,True,0.1370986807799584,1589.868687337102,0.07746626824656899,True
pud,equalize,872,1000,1000,True,0.15787483673490868,2042.4465940631105,0.08614647015976716,True
pud,equalize,873,1000,1000,True,0.13794094281142094,1774.5847533166739,0.077429413494318,True
pud,equalize,874,1000,1000,True,0.14294114130138744,1772.8344892851674,0.08388638701199334,True
pud,equalize,875,1000,1000,True,0.1322038600695303,1819.4705796401324,0.10583695298563707,True
pud,equalize,876,1000,1000,True,0.14630657774467293,1652.7726078293408,0.11493625501141658,True
pud,equalize,877,1000,1000,True,0.13694915295038215,1605.5953213605849,0.07962719849863324,True
pud,equalize,878,1000,1000,True,0.13731632356005377,1558.1172293457255,0.0822542572728377,True
pud,equalize,879,1000,1000,True,0.1442459080019556,1714.4088705367224,0.1370749889388746,True
pud,equalize,880,1000,1000,True,0.13624477563888052,1607.4221895242706,0.1100656123062316,True
pud,equalize,881,1000,1000,True,0.13794567502919133,1735.4558575403178,0.11123756748398037,True
pud,equalize,882,1000,1000,True,0.13834865778572306,1772.0257995184495,0.11082319140453599,True
pud,equalize,883,1000,1000,True,0.1396671134970312,1776.6588231351568,0.0986485243580698,True
pud,equalize,884,1000,1000,True,0.13716364741738063,1520.87761925771,0.11346707577068608,True
pud,equalize,885,1000,1000,True,0.137078973363064,1655.9269841726114,0.1139569682699744,True
pud,equalize,886,1000,1000,True,0.1356928266706702,1671.7369866100348,0.1205177800519159,True
pud,equalize,887,1000,1000,True,0.13392554408336257,1586.5273556415596,0.12413544176114479,True
pud,equalize,888,1000,1000,True,0.14766755747578478,1798.329063707474,0.1364269691125423,True
pud,equalize,889,1000,1000,True,0.13982230301262058,1905.5333722543407,0.14060019317549907,True
pud,equalize,890,1000,1000,True,0.13914321780715147,1623.5336312857828,0.12893604070465556,True
pud,equalize,891,1000,1000,True,0.14099102501862476,1529.1411142831128,0.11994267715233446,True
pud,equalize,892,1000,1000,True,0.12140742345151637,1727.345367955986,0.10278149182478524,True
pud,equalize,893,1000,1000,True,0.1319107961773719,1672.3218816887493,0.10791106534869979,True
pud,equalize,894,1000,1000,True,0.13901089574491082,1438.131334725379,0.11508039004469661,True
pud,equalize,895,1000,1000,True,0.13579711809884118,1925.6044400652486,0.07753366134767085,True
pud,equalize,896,1000,1000,True,0.14270968155621588,1850.507151830276,0.09396177578484761,True
pud,equalize,897,1000,1000,True,0.13695234775481419,1444.0210573866298,0.11388229574411739,True
pud,equalize,898,1000,1000,True,0.1345771594731136,1594.8857473533958,0.11100541583940403,True
pud,equalize,899,1000,1000,True,0.15056404896091954,1735.662509740589,0.11522869102167177,True
pud,equalize,900,1000,1000,True,0.1470579288730956,1719.5707583507576,0.11546843671126412,True
pud,equalize,901,1000,1000,True,0.14645232654559395,1607.8530404237822,0.0819794606917406,True
pud,equalize,902,1000,1000,True,0.1377340432379253,1516.383312304643,0.12972361836031954,True
pud,equalize,903,1000,1000,True,0.14096490063088948,1543.5292352773886,0.1209679969921644,True
pud,equalize,904,1000,1000,True,0.13816892103776718,1560.637936278303,0.11616500609897677,True
pud,equalize,905,1000,1000,True,0.14421776016038737,1939.833362282441,0.1048748666474527,True
pud,equalize,906,1000,1000,True,0.14201881113447395,1696.541256403451,0.06904210917625686,True
pud,equalize,907,1000,1000,True,0.1496333362210506,1752.8273118308034,0.11065514442471404,True
pud,equalize,908,1000,1000,True,0.1429014920137403,1733.7815206524724,0.11044788671139139,True
pud,equalize,909,1000,1000,True,0.13706840862129868,1885.756301050324,0.0793925424864901,True
pud,equalize,910,1000,1000,True,0.14183297427817199,1570.0295879221512,0.11886421291167124,True
pud,equalize,911,1000,1000,True,0.13318509120212563,1740.055768869205,0.1224167825176569,True
pud,equalize,912,1000,1000,True,0.14112255027999906,2115.5024381075527,0.10399098726379497,True
pud,equalize,913,1000,1000,True,0.13145651254828733,1710.5146274612796,0.10553884312141862,True
pud,equalize,914,1000,1000,True,0.14161906782058117,1614.2955247364096,0.11649824668844369,True
pud,equalize,915,1000,1000,True,0.13150602999834618,1602.915519600144,0.06940912435126866,True
pud,equalize,916,1000,1000,True,0.13996785345214094,1543.4882727040722,0.11610441235328327,True
pud,equalize,917,1000,1000,True,0.1315428630326055,1732.0010795929084,0.10049949081622746,True
pud,equalize,918,1000,1000,True,0.13586929767016065,1614.7784670238825,0.10540954579960495,True
pud,equalize,919,1000,1000,True,0.13633207415881432,1652.913014550675,0.11311061995090918,True
pud,equalize,920,1000,1000,True,0.12815608538895928,1743.4192778327879,0.09436547744452593,True
pud,equalize,921,1000,1000,True,0.14848779140902751,1852.3116897271907,0.11978885745498356,True
pud,equalize,922,1000,1000,True,0.13878225951307882,1915.4249151559036,0.1327950425781525,True
pud,equalize,923,1000,1000,True,0.1345734459158976,1708.4215202270777,0.10789999713955534,True
pud,equalize,924,1000,1000,True,0.13900482228068187,1766.9335377062148,0.0960240607707963,True
pud,equalize,925,1000,1000,True,0.15318198005100234,1899.7532446017824,0.13107144220982297,True
pud,equalize,926,1000,1000,True,0.1411858612163676,1481.5581110857584,0.11950506523693441,True
pud,equalize,927,1000,1000,True,0.14014353136237165,1679.1297568892644,0.12858046191076303,True
pud,equalize,928,1000,1000,True,0.14141013985680442,1493.1627353101874,0.11603169213730753,True
pud,equalize,929,1000,1000,True,0.13594433819184878,1577.4094210315216,0.10842531707454697,True
pud,equalize,930,1000,1000,True,0.14421672605517735,1627.9448083270513,0.12794092772703472,True
pud,equalize,931,1000,1000,True,0.15057600312151131,1922.4848850121032,0.12505405004276657,True
pud,equalize,932,1000,1000,True,0.13771790634625208,1678.4783958859882,0.10793686712125111,True
pud,equalize,933,1000,1000,True,0.12566814028018988,1692.1165583245145,0.10234550778105975,True
pud,equalize,934,1000,1000,True,0.13589411273687765,1724.1442890558783,0.11807735014508054,True
pud,equalize,935,1000,1000,True,0.14050128552638905,1617.8266890464504,0.12288110081811444,True
pud,equalize,936,1000,1000,True,0.13461073279169103,1543.59476821833,0.07591346275306175,True
pud,equalize,937,1000,1000,True,0.12913343849782521,1565.5777242407992,0.10453381282958811,True
pud,equalize,938,1000,1000,True,0.1384276001880664,1584.387608094686,0.12014153741460812,True
pud,equalize,939,1000,1000,True,0.13102770228250246,1897.06063055876,0.09257436850286209,True
pud,equalize,940,1000,1000,True,0.14956124101790147,1766.2703923168162,0.1149873374671219,True
pud,equalize,941,1000,1000,True,0.14114131610237704,1588.8031762354958,0.11602130019425498,True
pud,equalize,942,1000,1000,True,0.1351994155878961,1596.746357595971,0.1086522320565215,True
pud,equalize,943,1000,1000,True,0.12967509446095185,1632.0234282632096,0.08837087322510682,True
pud,equalize,944,1000,1000,True,0.14617508147575786,1665.2672983875593,0.1278898059625387,True
pud,equalize,945,1000,1000,True,0.14098845018801986,1679.9423575584372,0.12884830012244805,True
pud,equalize,946,1000,1000,True,0.13784034376905177,1601.4444746537422,0.11732166976961615,True
pud,equalize,947,1000,1000,True,0.14615871467874644,1853.895971298282,0.06691472369302276,True
pud,equalize,948,1000,1000,True,0.13877132802377254,1637.8128701945773,0.07234996480584775,True
pud,equalize,949,1000,1000,True,0.13114778206565578,1640.8638625017009,0.11463237859445394,True
pud,equalize,950,1000,1000,True,0.13719327584933458,1518.9555016441395,0.11697715298718657,True
pud,equalize,951,1000,1000,True,0.13551208729286526,1562.2289975157291,0.08806556480091242,True
pud,equalize,952,1000,1000,True,0.14212444381901446,1705.853690255703,0.09485307416743195,True
pud,equalize,953,1000,1000,True,0.13092617418384972,1941.1431800987789,0.08942843956185939,True
pud,equalize,954,1000,1000,True,0.13602581045930626,1649.8883722940168,0.11766904624600492,True
pud,equalize,955,1000,1000,True,0.14651328301135508,1826.019435063877,0.1289835815946652,True
pud,equalize,956,1000,1000,True,0.1470984548936486,1877.522028845201,0.12615544986588648,True
pud,equalize,957,1000,1000,True,0.14343154215147594,1930.8444578049264,0.10513723894199276,True
pud,equalize,958,1000,1000,True,0.14560388680200761,1781.9122705049203,0.12964016867211078,True
pud,equalize,959,1000,1000,True,0.1384950843714741,1493.5825508072865,0.11495218490665941,True
pud,equalize,960,1000,1000,True,0.12631365819622825,1783.5565374206672,0.07693702330838877,True
pud,equalize,961,1000,1000,True,0.1439023910438883,1789.147050430456,0.11282612209572965,True
pud,equalize,962,1000,1000,True,0.1448702914956158,1658.042965848292,0.10197121598220199,True
pud,equalize,963,1000,1000,True,0.14775449106416233,1706.1522821175724,0.11330335932604955,True
pud,equalize,964,1000,1000,True,0.144962276915048,1686.3034892201347,0.08777573837293298,True
pud,equalize,965,1000,1000,True,0.14756873267802204,1942.6215250531948,0.11285994762437991,True
pud,equalize,966,1000,1000,True,0.13693842853588084,1690.4910947485052,0.11599849669098261,True
pud,equalize,967,1000,1000,True,0.14306025278156728,1752.9422705736774,0.10773938319555215,True
pud,equalize,968,1000,1000,True,0.13691655158805832,1617.527371559443,0.11796509004419826,True
pud,equalize,969,1000,1000,True,0.13721295515266915,1664.2292043297402,0.1281506246281796,True
pud,equalize,970,1000,1000,True,0.12575456990444464,1787.3784116160182,0.09677200901291168,True
pud,equalize,971,1000,1000,True,0.13969506075735105,1576.2841968832904,0.12627077313514853,True
pud,equalize,972,1000,1000,True,0.14845974638364534,1955.6336787353607,0.07096667275542308,True
pud,equalize,973,1000,1000,True,0.13301942260483415,1724.033950825505,0.10871015660069737,True
pud,equalize,974,1000,1000,True,0.134743410017744,1623.2911063034874,0.10106821495442607,True
pud,equalize,975,1000,1000,True,0.1319819361938651,1598.9599413055976,0.11524438391822552,True
pud,equalize,976,1000,1000,True,0.16410186199769675,1693.5421450155884,0.14800040665609798,True
pud,equalize,977,1000,1000,True,0.14903868915217125,1866.0636035365997,0.1461465352072584,True
pud,equalize,978,1000,1000,True,0.13691062192197406,1611.3387815326112,0.11600868368944639,True
pud,equalize,979,1000,1000,True,0.1380870632500997,1553.2753664936556,0.11696064337530566,True
pud,equalize,980,1000,1000,True,0.1424597305023943,1775.7393705831382,0.13948935044973465,True
pud,equalize,981,1000,1000,True,0.13395425605798938,1884.4628636486843,0.11458050164851213,True
pud,equalize,982,1000,1000,True,0.12969115783180088,1652.2811702706654,0.09442378793712453,True
pud,equalize,983,1000,1000,True,0.1334854830965932,1717.9058448352168,0.12051906206483542,True
pud,equalize,984,1000,1000,True,0.14590566502511051,2040.3321476426331,0.10045766813150578,True
pud,equalize,985,1000,1000,True,0.13391631807555635,1534.7889069653847,0.11055868839782297,True
pud,equalize,986,1000,1000,True,0.14637144994166276,1732.1467239827,0.11551358158616759,True
pud,equalize,987,1000,1000,True,0.13475241860904633,1646.987794951438,0.10686492628143156,True
pud,equalize,988,1000,1000,True,0.13461466496890806,1537.8035964189316,0.11369511754286735,True
pud,equalize,989,1000,1000,True,0.13745901791056953,1800.2034017254828,0.11819280962441657,True
pud,equalize,990,1000,1000,True,0.12742359414833274,1553.6934554380412,0.09886396627265413,True
pud,equalize,991,1000,1000,True,0.13449231425101063,1727.6486619391108,0.09878160472526637,True
pud,equalize,992,1000,1000,True,0.13398766803398432,1612.0746171700614,0.09991155038950485,True
pud,equalize,993,1000,1000,True,0.1366065703461162,1605.3837838971715,0.10986841961924104,True
pud,equalize,994,1000,1000,True,0.14162155752411268,1563.446866351396,0.11297625173809815,True
pud,equalize,995,1000,1000,True,0.13554279311506054,1515.6163539547204,0.08477810615925917,True
pud,equalize,996,1000,1000,True,0.13206463017481204,1474.8926509600622,0.07124484300158845,True
pud,equalize,997,1000,1000,True,0.14080459974248702,1538.57369671914,0.11341699744148571,True
pud,equalize,998,1000,1000,True,0.1490109549374073,1782.971765178574,0.1197482771339246,True
pud,equalize,999,1000,1000,True,0.13312913808557242,1942.4228074955772,0.09234457145140265,True
tobacco,equalize,0,1000,1000,True,0.0515960633938053,6919.535198261152,0.016917611446079048,True
tobacco,equalize,1,1000,1000,True,0.05935134499732473,6934.053843684154,0.022584554283147512,True
tobacco,equalize,2,1000,1000,True,0.05401681938636385,6930.920226755175,0.01861312671233682,True
tobacco,equalize,3,1000,1000,True,0.05854743715144115,6930.8155072481195,0.02137890330431784,True
tobacco,equalize,4,1000,1000,True,0.05441245278224424,6994.4078622027755,0.01957618718138263,True
tobacco,equalize,5,1000,1000,True,0.055686545659077505,6829.199961421836,0.021552128594546183,True
tobacco,equalize,6,1000,1000,True,0.053443636808752464,7042.403572477156,0.021021373536869843,True
tobacco,equalize,7,1000,1000,True,0.04970794073038062,7003.613433362453,0.02027514430318286,True
tobacco,equalize,8,1000,1000,True,0.050661914710519874,6791.085274752409,0.020605440747717717,True
tobacco,equalize,9,1000,1000,True,0.05228139417530476,6886.680569150569,0.020341913998357126,True
tobacco,equalize,10,1000,1000,True,0.050663182970862766,6495.97833738106,0.02325868679475027,True
tobacco,equalize,11,1000,1000,True,0.058752345999650415,6627.174507543618,0.022087298535586837,True
tobacco,equalize,12,1000,1000,True,0.05599303254201186,6788.562340394614,0.020513326841497575,True
tobacco,equalize,13,1000,1000,True,0.05183981561195026,6760.428182087581,0.017583027533547315,True
tobacco,equalize,14,1000,1000,True,0.06086179373241797,7040.348685146141,0.02225456944720334,True
tobacco,equalize,15,1000,1000,True,0.05552457388271846,6877.843544896613,0.021302049794868497,True
tobacco,equalize,16,1000,1000,True,0.05030041799649382,6821.1887853420385,0.022861997573675658,True
tobacco,equalize,17,1000,1000,True,0.05529179624941154,7116.566273112336,0.018348993871127157,True
tobacco,equalize,18,1000,1000,True,0.057912753745367446,6784.30151417786,0.02195301007073005,True
tobacco,equalize,19,1000,1000,True,0.04996489171019054,7226.577883250411,0.01439781701690617,True
tobacco,equalize,20,1000,1000,True,0.05162048818395282,6810.776880432877,0.015100585474109926,True
tobacco,equalize,21,1000,1000,True,0.05540901131566261,7006.606313658489,0.021500819093252584,True
tobacco,equalize,22,1000,1000,True,0.0581506110414393,6871.269970346894,0.022747129826127168,True
tobacco,equalize,23,1000,1000,True,0.05917234255536873,7066.439080143195,0.02110542592236468,True
tobacco,equalize,24,1000,1000,True,0.05995022649842082,7058.226786965619,0.022260179847731824,True
tobacco,equalize,25,1000,1000,True,0.04992900636320243,6963.663483309917,0.015559242053842823,True
tobacco,equalize,26,1000,1000,True,0.0560970373517675,7108.211634087367,0.013348530229956274,True
tobacco,equalize,27,1000,1000,True,0.05376876008268196,6705.996824574181,0.021770979286333866,True
tobacco,equalize,28,1000,1000,True,0.05136906331577697,6861.740634907152,0.02005031804358182,True
tobacco,equalize,29,1000,1000,True,0.06396799995231749,6689.604641807765,0.021468974061653955,True
tobacco,equalize,30,1000,1000,True,0.05903989315174488,6381.5550331992745,0.022465415977704586,True
tobacco,equalize,31,1000,1000,True,0.05207874678703131,6983.643119884563,0.01954413202438234,True
tobacco,equalize,32,1000,1000,True,0.05171674915280457,7140.519588951774,0.021158605384517814,True
tobacco,equalize,33,1000,1000,True,0.050239638852258524,6835.408040349604,0.020220399033217297,True
tobacco,equalize,34,1000,1000,True,0.054443020382425975,6661.812674063719,0.022988769152390835,True
tobacco,equalize,35,1000,1000,True,0.047169337843918364,7167.586790774075,0.018813219431252862,True
tobacco,equalize,36,1000,1000,True,0.04795710826048565,6905.246533147893,0.019175932069474714,True
tobacco,equalize,37,1000,1000,True,0.05123781577507299,6684.2589217892355,0.023726615087335826,True
tobacco,equalize,38,1000,1000,True,0.05381805130512044,6573.616505703994,0.020489865312506527,True
tobacco,equalize,39,1000,1000,True,0.05009227485877251,7079.736290080233,0.018985612730140048,True
tobacco,equalize,40,1000,1000,True,0.05016799867583672,6648.724524972817,0.02220398562794686,True
tobacco,equalize,41,1000,1000,True,0.05354809351401452,7210.781483949157,0.020396904277325278,True
tobacco,equalize,42,1000,1000,True,0.053201145636235486,7203.917084182396,0.017015541996552117,True
tobacco,equalize,43,1000,1000,True,0.04644359167601173,6847.382279755089,0.019975606824256177,True
tobacco,equalize,44,1000,1000,True,0.05386068562298097,6586.123553979153,0.021581280204666417,True
tobacco,equalize,45,1000,1000,True,0.04987006392199018,7045.408991080008,0.017194911876265546,True
tobacco,equalize,46,1000,1000,True,0.05145736900990131,7150.661891827846,0.019493157513764754,True
tobacco,equalize,47,1000,1000,True,0.05741124709052499,6744.395688034251,0.020150599765196557,True
tobacco,equalize,48,1000,1000,True,0.04772717681330426,6751.295164597012,0.01598127481217662,True
tobacco,equalize,49,1000,1000,True,0.05075565183595522,6812.984668169744,0.015720024035015028,True
tobacco,equalize,50,1000,1000,True,0.05242337625743147,6910.145486757207,0.01658806314897838,True
tobacco,equalize,51,1000,1000,True,0.05224131154334906,7109.82795705325,0.01877647506462011,True
tobacco,equalize,52,1000,1000,True,0.04674964470518789,6546.327850111924,0.02045429813123107,True
tobacco,equalize,53,1000,1000,True,0.048111048672774784,6531.743925120151,0.022698792882736147,True
tobacco,equalize,54,1000,1000,True,0.049957163556738196,6948.607137048115,0.018718058883861025,True
tobacco,equalize,55,1000,1000,True,0.052279804811838186,6872.347251493917,0.020956425105722758,True
tobacco,equalize,56,1000,1000,True,0.05946811407599342,7053.166818228248,0.02087193560522869,True
tobacco,equalize,57,1000,1000,True,0.04955253505320984,7072.942965441684,0.01794574523149291,True
tobacco,equalize,58,1000,1000,True,0.051014914579566535,7014.812539311082,0.01872074522790553,True
tobacco,equalize,59,1000,1000,True,0.04634805165762833,7118.893802954502,0.01432059667020872,True
tobacco,equalize,60,1000,1000,True,0.058109010215991706,6672.49658103764,0.02274725220304113,True
tobacco,equalize,61,1000,1000,True,0.047998175948029013,6841.158803738955,0.020382870086008305,True
tobacco,equalize,62,1000,1000,True,0.05348867272774568,6816.968315063229,0.021375044001739882,True
tobacco,equalize,63,1000,1000,True,0.052776031633425056,7521.616873199472,0.018563463682241467,True
tobacco,equalize,64,1000,1000,True,0.05444612917396857,6982.7623629346,0.019824323630976092,True
tobacco,equalize,65,1000,1000,True,0.04883722743550622,7042.451357150505,0.014403210926865292,True
tobacco,equalize,66,1000,1000,True,0.05338141930496386,7016.11570628193,0.017784516218705967,True
tobacco,equalize,67,1000,1000,True,0.051692858448377586,6971.133526773892,0.019110821246179865,True
tobacco,equalize,68,1000,1000,True,0.05065532156122626,6971.670168357006,0.015126253152728877,True
tobacco,equalize,69,1000,1000,True,0.06047035657755429,7143.261936074863,0.017270641463842572,True
tobacco,equalize,70,1000,1000,True,0.04749697699560447,7080.6596095543955,0.01726007295504087,True
tobacco,equalize,71,1000,1000,True,0.052485853347989365,6894.202652365174,0.01639645437134738,True
tobacco,equalize,72,1000,1000,True,0.05365469276514882,6963.950940748434,0.016133204912932908,True
tobacco,equalize,73,1000,1000,True,0.05498658312010393,6957.498906413928,0.019060123889872424,True
tobacco,equalize,74,1000,1000,True,0.052526443802371814,6977.614746808254,0.020348091778408142,True
tobacco,equalize,75,1000,1000,True,0.06248518594564703,6767.776719960847,0.01716301484108673,True
tobacco,equalize,76,1000,1000,True,0.04905810929811742,7324.640081935768,0.017320124765782603,True
tobacco,equalize,77,1000,1000,True,0.056251515067617955,6746.506725013768,0.023618901670773493,True
tobacco,equalize,78,1000,1000,True,0.04867425922121288,7017.8116801372635,0.022983431157711783,True
tobacco,equalize,79,1000,1000,True,0.04853419858091179,7099.828661312609,0.016102647455792707,True
tobacco,equalize,80,1000,1000,True,0.05263020321990727,7072.027393518141,0.017137496945554494,True
tobacco,equalize,81,1000,1000,True,0.05187850812358861,6762.687129741772,0.02054043009110875,True
tobacco,equalize,82,1000,1000,True,0.04696917460660784,7091.543500231173,0.018066094866325284,True
tobacco,equalize,83,1000,1000,True,0.05241539851749735,7122.871784582396,0.01918105909122998,True
tobacco,equalize,84,1000,1000,True,0.0548387534999658,6857.635377340793,0.020954819606605862,True
tobacco,equalize,85,1000,1000,True,0.060209499135216796,7032.184834186243,0.02164732845919205,True
tobacco,equalize,86,1000,1000,True,0.05822878617876431,6882.363288406099,0.021740019061132192,True
tobacco,equalize,87,1000,1000,True,0.05353023699661154,7186.606439751936,0.02175752132753901,True
tobacco,equalize,88,1000,1000,True,0.06091116555246388,6580.563202053757,0.022586911969768527,True
tobacco,equalize,89,1000,1000,True,0.049060868665214384,6877.8518707224275,0.017196352835166157,True
tobacco,equalize,90,1000,1000,True,0.05551487000270943,7323.918427026888,0.021789391933757618,True
tobacco,equalize,91,1000,1000,True,0.05632675460386452,6755.870562450927,0.018625121854379048,True
tobacco,equalize,92,1000,1000,True,0.04856454870930754,7244.901159717709,0.013126187094287813,True
tobacco,equalize,93,1000,1000,True,0.05297468193658186,6975.537775237047,0.019219200127067293,True
tobacco,equalize,94,1000,1000,True,0.0529937884537776,6911.269865022202,0.020591551010954008,True
tobacco,equalize,95,1000,1000,True,0.04995394234099669,6697.562227251346,0.021096958172622953,True
tobacco,equalize,96,1000,1000,True,0.05099114094412702,7029.534960731328,0.019577593839117398,True
tobacco,equalize,97,1000,1000,True,0.04656939206131303,6901.459585403583,0.018038684552811175,True
tobacco,equalize,98,1000,1000,True,0.05254295351478583,7182.409436349268,0.018706126857319528,True
tobacco,equalize,99,1000,1000,True,0.06047694115242669,7089.033114830541,0.020381462610694148,True
tobacco,equalize,100,1000,1000,True,0.046984945953471566,6937.13323690961,0.01825348429261591,True
tobacco,equalize,101,1000,1000,True,0.056530240963056186,6722.919787592293,0.023715664222053352,True
tobacco,equalize,102,1000,1000,True,0.05712168745822357,6602.704433470804,0.022407712205059487,True
tobacco,equalize,103,1000,1000,True,0.05453355303177193,6807.20869573359,0.017913316685308933,True
tobacco,equalize,104,1000,1000,True,0.06506620241500964,6882.427546242024,0.02343004435259828,True
tobacco,equalize,105,1000,1000,True,0.0482478023626494,6563.711034994685,0.02264978109522461,True
tobacco,equalize,106,1000,1000,True,0.060310737657626366,6940.347017617779,0.021585456245194416,True
tobacco,equalize,107,1000,1000,True,0.05213466229080781,6796.286942275981,0.020406946594410447,True
tobacco,equalize,108,1000,1000,True,0.051489487269170846,7232.69599163659,0.01924249764434144,True
tobacco,equalize,109,1000,1000,True,0.062422519352257955,7080.238242065022,0.022591630579683605,True
tobacco,equalize,110,1000,1000,True,0.057672474219817416,6841.088533492604,0.021588043953050702,True
tobacco,equalize,111,1000,1000,True,0.04989243959308571,7243.794218638117,0.01650666246617412,True
tobacco,equalize,112,1000,1000,True,0.05057997923248185,7343.2209180756645,0.015978451983550086,True
tobacco,equalize,113,1000,1000,True,0.0545488040547398,6763.713903674445,0.02055631237417324,True
tobacco,equalize,114,1000,1000,True,0.05504479639818024,6589.783062423528,0.021160244365778784,True
tobacco,equalize,115,1000,1000,True,0.06194175200940178,6698.777466842065,0.022937229511152787,True
tobacco,equalize,116,1000,1000,True,0.05015429026735237,6874.800549089334,0.015354746429954016,True
tobacco,equalize,117,1000,1000,True,0.047531988083448565,6589.74406691178,0.015451195125356304,True
tobacco,equalize,118,1000,1000,True,0.05328582560136454,6772.122214167137,0.022271121963852943,True
tobacco,equalize,119,1000,1000,True,0.04955094321471339,6917.865334075245,0.01832258314747683,True
tobacco,equalize,120,1000,1000,True,0.05051675778171654,7051.526659627403,0.01780447834788514,True
tobacco,equalize,121,1000,1000,True,0.05038859019095231,6849.964811869912,0.01944249490447497,True
tobacco,equalize,122,1000,1000,True,0.060539632588078186,7085.789650916544,0.022704045921924168,True
tobacco,equalize,123,1000,1000,True,0.047835225115685116,6816.6776384027435,0.016235382613764237,True
tobacco,equalize,124,1000,1000,True,0.05144256746501744,7145.696901167793,0.01370787176241922,True
tobacco,equalize,125,1000,1000,True,0.057723481247694004,6840.093639382359,0.021810199673737783,True
tobacco,equalize,126,1000,1000,True,0.05617829188326634,6943.815339190336,0.022845524128927795,True
tobacco,equalize,127,1000,1000,True,0.052398048066187905,6833.312111610226,0.018662287406766048,True
tobacco,equalize,128,1000,1000,True,0.053536233329544505,7189.173151934512,0.02201257761718989,True
tobacco,equalize,129,1000,1000,True,0.05930374914909353,6820.227223578699,0.021869935567530797,True
tobacco,equalize,130,1000,1000,True,0.061956949711338395,6793.409384624999,0.022193845804306868,True
tobacco,equalize,131,1000,1000,True,0.05145373059986774,6931.68163760851,0.01950810889512053,True
tobacco,equalize,132,1000,1000,True,0.05228219021296714,6691.84786103689,0.022181617920276696,True
tobacco,equalize,133,1000,1000,True,0.055249116527748915,6902.135293301341,0.01992055646964272,True
tobacco,equalize,134,1000,1000,True,0.05314265560325375,6778.072520107099,0.02129019123702201,True
tobacco,equalize,135,1000,1000,True,0.05267052103514519,6844.910201130179,0.015181510562254082,True
tobacco,equalize,136,1000,1000,True,0.05037742857948634,6944.149262976423,0.01880826268748754,True
tobacco,equalize,137,1000,1000,True,0.055263719985742144,7352.849331451788,0.019197922553266706,True
tobacco,equalize,138,1000,1000,True,0.055702082528935735,7035.575901287967,0.02104247244797004,True
tobacco,equalize,139,1000,1000,True,0.05451126675364139,6937.567045265292,0.0200925279097873,True
tobacco,equalize,140,1000,1000,True,0.04702683512320089,6827.27162842991,0.018358790435118167,True
tobacco,equalize,141,1000,1000,True,0.054432343713504465,7180.726933905717,0.018563670074244473,True
tobacco,equalize,142,1000,1000,True,0.052316645585084295,6905.4290106969465,0.01884100552471553,True
tobacco,equalize,143,1000,1000,True,0.05277641276532222,6646.812532358574,0.021695037052909094,True
tobacco,equalize,144,1000,1000,True,0.04905154466797884,6628.045198908574,0.017964443209100053,True
tobacco,equalize,145,1000,1000,True,0.052988041653553836,6552.84217210143,0.023871791257361386,True
tobacco,equalize,146,1000,1000,True,0.04700932148582483,6826.966001635279,0.02074783303767865,True
tobacco,equalize,147,1000,1000,True,0.047313358036950345,7113.0161788864225,0.01711677341629315,True
tobacco,equalize,148,1000,1000,True,0.051573876068335335,6871.018601168244,0.016375088786452885,True
tobacco,equalize,149,1000,1000,True,0.05077527609233264,6597.722983567892,0.017325228417212173,True
tobacco,equalize,150,1000,1000,True,0.05362127057463389,6590.2849783917545,0.01996509178010952,True
tobacco,equalize,151,1000,1000,True,0.04768296549056237,6891.819416298646,0.021399369683067323,True
tobacco,equalize,152,1000,1000,True,0.049914256409366545,6815.7037192054495,0.023415549609312702,True
tobacco,equalize,153,1000,1000,True,0.05227733501918297,7183.15163857175,0.016417364792807077,True
tobacco,equalize,154,1000,1000,True,0.06013992137970177,6473.467729907287,0.020875292006522033,True
tobacco,equalize,155,1000,1000,True,0.052291437651825784,6883.347285481389,0.018609072139191527,True
tobacco,equalize,156,1000,1000,True,0.05250748190213807,6913.621759021533,0.02295293581407146,True
tobacco,equalize,157,1000,1000,True,0.05356360869548057,7066.298942868962,0.020855276965695863,True
tobacco,equalize,158,1000,1000,True,0.05669086389077491,6866.001798108634,0.023498187097676964,True
tobacco,equalize,159,1000,1000,True,0.057429573400044925,6622.227283792365,0.02345881532241605,True
tobacco,equalize,160,1000,1000,True,0.06214787864390466,6767.183348807315,0.022075537734496217,True
tobacco,equalize,161,1000,1000,True,0.055692036255322014,7362.5073959350975,0.018755402553361472,True
tobacco,equalize,162,1000,1000,True,0.05330788604354051,6599.815291496498,0.018687652013650937,True
tobacco,equalize,163,1000,1000,True,0.04924117847779893,6934.279661926248,0.01586819521109545,True
tobacco,equalize,164,1000,1000,True,0.05184652924773247,7200.802487802037,0.017517100344871115,True
tobacco,equalize,165,1000,1000,True,0.05038584983246545,7419.372049064799,0.018874649443475368,True
tobacco,equalize,166,1000,1000,True,0.05196709136584922,6806.086875701779,0.015911444434992518,True
tobacco,equalize,167,1000,1000,True,0.05406644705425166,6888.232229464321,0.01856988559076969,True
tobacco,equalize,168,1000,1000,True,0.05275292751775456,7177.192741174226,0.020205571482938067,True
tobacco,equalize,169,1000,1000,True,0.05865354546090251,6407.777540092899,0.02253599508210332,True
tobacco,equalize,170,1000,1000,True,0.05109155791227292,6792.58063810184,0.0180822514216923,True
tobacco,equalize,171,1000,1000,True,0.052379155348662616,6708.998506927171,0.0189619680246266,True
tobacco,equalize,172,1000,1000,True,0.05085270428949119,6844.925449660062,0.020564785575498096,True
tobacco,equalize,173,1000,1000,True,0.049221875442878024,6504.208936586755,0.020238184912252433,True
tobacco,equalize,174,1000,1000,True,0.05591980533350001,6879.337638042706,0.022384169429655928,True
tobacco,equalize,175,1000,1000,True,0.04639523787249079,7025.748094231674,0.01855104756191866,True
tobacco,equalize,176,1000,1000,True,0.052198120676491225,6797.39138462506,0.02314783204895154,True
tobacco,equalize,177,1000,1000,True,0.05438087812505854,6995.476933670713,0.01894442622056869,True
tobacco,equalize,178,1000,1000,True,0.05100836341945873,6981.3405496680225,0.021327013128116336,True
tobacco,equalize,179,1000,1000,True,0.04919263816828996,7070.3171982886315,0.020035876156964894,True
tobacco,equalize,180,1000,1000,True,0.05275580534789246,7071.832507162411,0.015457524711992559,True
tobacco,equalize,181,1000,1000,True,0.051665245009924816,7233.013626739825,0.014277539493982399,True
tobacco,equalize,182,1000,1000,True,0.05022865200093386,7069.732773009105,0.018026154057308494,True
tobacco,equalize,183,1000,1000,True,0.05200974502363612,6802.435697011402,0.02230490086565919,True
tobacco,equalize,184,1000,1000,True,0.055236411200877834,6688.405722201293,0.01991883021006246,True
tobacco,equalize,185,1000,1000,True,0.049498889004617255,6926.297482176174,0.02271578175673631,True
tobacco,equalize,186,1000,1000,True,0.04743886726431473,6947.835874008251,0.015366195295352408,True
tobacco,equalize,187,1000,1000,True,0.05453145702325367,6728.274095544488,0.020313982731649693,True
tobacco,equalize,188,1000,1000,True,0.050624498148047904,6943.115218135445,0.0222805764054853,True
tobacco,equalize,189,1000,1000,True,0.051364695700608747,6454.989754101163,0.022396118593177135,True
tobacco,equalize,190,1000,1000,True,0.04461982997928096,6502.856090161537,0.016698312329536696,True
tobacco,equalize,191,1000,1000,True,0.06117203596007865,6531.530918741486,0.021450161341644864,True
tobacco,equalize,192,1000,1000,True,0.05081757535270089,7042.786805831907,0.020968788470426845,True
tobacco,equalize,193,1000,1000,True,0.05174320881091615,6653.04889759154,0.02042571280658973,True
tobacco,equalize,194,1000,1000,True,0.04830608012400835,6968.291558963071,0.023094643697143164,True
tobacco,equalize,195,1000,1000,True,0.04958483436636989,7237.363534113718,0.01522766214571879,True
tobacco,equalize,196,1000,1000,True,0.05330797195358488,6879.437166066422,0.021157681014392332,True
tobacco,equalize,197,1000,1000,True,0.05206630630869714,6789.46602645127,0.024390620080524828,True
tobacco,equalize,198,1000,1000,True,0.049755294440295084,6927.9774522493935,0.01886452258293173,True
tobacco,equalize,199,1000,1000,True,0.0559168264370374,6842.271523419617,0.01714428503906198,True
tobacco,equalize,200,1000,1000,True,0.056259757118828295,6648.264873505266,0.021995916543394976,True
tobacco,equalize,201,1000,1000,True,0.05568721690910591,6722.642747572118,0.017343557095170797,True
tobacco,equalize,202,1000,1000,True,0.0489032012244732,6470.298029633874,0.02078997982720863,True
tobacco,equalize,203,1000,1000,True,0.05271091238519167,6957.422483531598,0.014737306137526805,True
tobacco,equalize,204,1000,1000,True,0.050629698073675344,6426.375831291226,0.02263834741692668,True
tobacco,equalize,205,1000,1000,True,0.05771310462013024,6984.731227439177,0.021798072135014487,True
tobacco,equalize,206,1000,1000,True,0.053008858177384384,6589.531952759923,0.022146798177890493,True
tobacco,equalize,207,1000,1000,True,0.05414270331642051,6994.805535161003,0.018611486332967286,True
tobacco,equalize,208,1000,1000,True,0.05592258142579608,6777.474372971025,0.022982000866692172,True
tobacco,equalize,209,1000,1000,True,0.056119231311441115,6972.5542875459205,0.02122213228495389,True
tobacco,equalize,210,1000,1000,True,0.05022993537214966,6864.539542579968,0.022576244092683072,True
tobacco,equalize,211,1000,1000,True,0.05461829141168588,7037.033482506603,0.019405356404498673,True
tobacco,equalize,212,1000,1000,True,0.04513906479752731,6650.2842246505525,0.019528308194598828,True
tobacco,equalize,213,1000,1000,True,0.053130010266556865,7063.417082716835,0.020031889902537205,True
tobacco,equalize,214,1000,1000,True,0.055332594305929746,6881.7916640647445,0.021797400916199805,True
tobacco,equalize,215,1000,1000,True,0.052459908058637233,6934.755218653288,0.018723796638971998,True
tobacco,equalize,216,1000,1000,True,0.05209174488973756,6720.5895039223315,0.02054782781247131,True
tobacco,equalize,217,1000,1000,True,0.05135301333693845,6908.182371339005,0.01889853739262679,True
tobacco,equalize,218,1000,1000,True,0.051871901918496666,7105.617251835621,0.018708352852284043,True
tobacco,equalize,219,1000,1000,True,0.0549741355333502,7055.841168737005,0.023361905028870963,True
tobacco,equalize,220,1000,1000,True,0.05420585029761078,6985.508626652464,0.020794089073480196,True
tobacco,equalize,221,1000,1000,True,0.05545986349041745,7082.232170127156,0.01929362119768584,True
tobacco,equalize,222,1000,1000,True,0.05283417268249353,7481.07237512671,0.016089136042918405,True
tobacco,equalize,223,1000,1000,True,0.05392019839249821,6794.845382251976,0.025973324204649276,True
tobacco,equalize,224,1000,1000,True,0.04759302683534696,7025.743983290025,0.014314515470134447,True
tobacco,equalize,225,1000,1000,True,0.04883800704472807,7185.5937463430255,0.017641418462205703,True
tobacco,equalize,226,1000,1000,True,0.04799199735335008,6819.526447085311,0.023274877844965198,True
tobacco,equalize,227,1000,1000,True,0.05560340461394698,6588.4439304587695,0.021967669453432315,True
tobacco,equalize,228,1000,1000,True,0.05308214310161734,7117.2812368207005,0.015973360265380807,True
tobacco,equalize,229,1000,1000,True,0.04788981826099576,7256.378241504229,0.020736760648148826,True
tobacco,equalize,230,1000,1000,True,0.047568021506670076,6624.231086937638,0.01906665575975736,True
tobacco,equalize,231,1000,1000,True,0.05559917054231326,6742.800835073731,0.021913278170007523,True
tobacco,equalize,232,1000,1000,True,0.04431299704235897,7007.570310678303,0.01447025189126224,True
tobacco,equalize,233,1000,1000,True,0.0564618098204407,6559.467850218034,0.02376440661382303,True
tobacco,equalize,234,1000,1000,True,0.0539869703228809,6738.118995710821,0.017956778659703264,True
tobacco,equalize,235,1000,1000,True,0.05671540736433095,6953.751429190937,0.021798756240615377,True
tobacco,equalize,236,1000,1000,True,0.05240084302295993,6837.702899025667,0.019060944264888913,True
tobacco,equalize,237,1000,1000,True,0.050666623763266916,6879.628149600457,0.017450345018167914,True
tobacco,equalize,238,1000,1000,True,0.05189726276128135,6478.024226157155,0.020622837370242213,True
tobacco,equalize,239,1000,1000,True,0.05384173596698081,6734.979926065927,0.018499292525620215,True
tobacco,equalize,240,1000,1000,True,0.0584234716855937,6965.501873105699,0.02290101125224653,True
tobacco,equalize,241,1000,1000,True,0.04957481554598449,7075.741132826653,0.013360093704098136,True
tobacco,equalize,242,1000,1000,True,0.05557214930135424,6695.589396009212,0.019606519223912055,True
tobacco,equalize,243,1000,1000,True,0.05814623144719388,6516.022214351022,0.023240697390692833,True
tobacco,equalize,244,1000,1000,True,0.05877350162480725,6925.543537248105,0.02351637232830835,True
tobacco,equalize,245,1000,1000,True,0.0492715726855325,6758.4724067472525,0.016297594016991816,True
tobacco,equalize,246,1000,1000,True,0.052892801926046,6923.616163344413,0.01776643927148598,True
tobacco,equalize,247,1000,1000,True,0.05320569768557215,7041.038788089155,0.018625803255922075,True
tobacco,equalize,248,1000,1000,True,0.05436708316659482,6955.420537220665,0.015613695609023306,True
tobacco,equalize,249,1000,1000,True,0.04853514192496222,6812.038471670283,0.017714640591263563,True
tobacco,equalize,250,1000,1000,True,0.050321683912055555,7156.369069128841,0.013990866725114888,True
tobacco,equalize,251,1000,1000,True,0.056922068948747545,7074.862737432013,0.020733750824942266,True
tobacco,equalize,252,1000,1000,True,0.053895231853761265,6931.49769156414,0.01890474256148325,True
tobacco,equalize,253,1000,1000,True,0.0515071730640392,6942.188493706001,0.016345325994803973,True
tobacco,equalize,254,1000,1000,True,0.05327455698730136,7040.591253255937,0.01617673926094815,True
tobacco,equalize,255,1000,1000,True,0.051925153221713795,6826.353420346108,0.021886261466748682,True
tobacco,equalize,256,1000,1000,True,0.054300677112899445,6916.223588340388,0.01807555989039424,True
tobacco,equalize,257,1000,1000,True,0.06038690154840993,6683.677023653895,0.022755831157705953,True
tobacco,equalize,258,1000,1000,True,0.05545388613421431,6801.898025783979,0.016899021650600157,True
tobacco,equalize,259,1000,1000,True,0.05067040836504775,7072.587095511797,0.015907952546669258,True
tobacco,equalize,260,1000,1000,True,0.05292844578597868,7217.117510686382,0.016522177572701274,True
tobacco,equalize,261,1000,1000,True,0.0536657598564044,6957.902103386048,0.01962825421796526,True
tobacco,equalize,262,1000,1000,True,0.05343490246663461,6750.548104911111,0.02225044661332987,True
tobacco,equalize,263,1000,1000,True,0.0526835115384517,6716.082821954774,0.02062241819318077,True
tobacco,equalize,264,1000,1000,True,0.061275958731766444,7084.721502526687,0.022233916399711652,True
tobacco,equalize,265,1000,1000,True,0.04932412907912717,7044.32650332727,0.014306860122777414,True
tobacco,equalize,266,1000,1000,True,0.055115552408443375,6775.036007677303,0.020286262074861387,True
tobacco,equalize,267,1000,1000,True,0.06085370543653047,6750.840286662913,0.021395385642462014,True
tobacco,equalize,268,1000,1000,True,0.057012465508912105,6705.121184701735,0.02346550220439736,True
tobacco,equalize,269,1000,1000,True,0.054566899611460586,6725.1741041682335,0.019397658154851016,True
tobacco,equalize,270,1000,1000,True,0.04948602050337765,6924.318352323136,0.014750143447443688,True
tobacco,equalize,271,1000,1000,True,0.059835892537435154,7043.371175770804,0.022499245619523243,True
tobacco,equalize,272,1000,1000,True,0.05404019703700812,6681.615057025584,0.017377516432728907,True
tobacco,equalize,273,1000,1000,True,0.05213828142853384,6890.40665784074,0.01678681306700841,True
tobacco,equalize,274,1000,1000,True,0.05318034843264373,7163.83917599802,0.020720287164130484,True
tobacco,equalize,275,1000,1000,True,0.05091177431854914,6929.97233990757,0.018302429550618973,True
tobacco,equalize,276,1000,1000,True,0.059465289776559155,7099.3226789050805,0.02012523380286013,True
tobacco,equalize,277,1000,1000,True,0.051797375106380286,7251.84744416697,0.015026839889835384,True
tobacco,equalize,278,1000,1000,True,0.059348793038800834,7265.244136799258,0.021146800290115463,True
tobacco,equalize,279,1000,1000,True,0.054181567287129404,6720.815485715331,0.022481081233378747,True
tobacco,equalize,280,1000,1000,True,0.04986588207230671,6789.047425208047,0.023383096624360087,True
tobacco,equalize,281,1000,1000,True,0.05980118119047449,6857.950114082122,0.02385797240312203,True
tobacco,equalize,282,1000,1000,True,0.04614648435647533,7045.008534018323,0.017909515830825028,True
tobacco,equalize,283,1000,1000,True,0.060993156829390355,6691.344750494851,0.022806810842420602,True
tobacco,equalize,284,1000,1000,True,0.05087897133179918,6918.142887445734,0.01912368064616224,True
tobacco,equalize,285,1000,1000,True,0.05242407238912371,7016.041057040003,0.02282300481392067,True
tobacco,equalize,286,1000,1000,True,0.049550604930363173,6735.462817825588,0.01975047435010496,True
tobacco,equalize,287,1000,1000,True,0.05516448029318042,7359.9870892549125,0.016992160078949863,True
tobacco,equalize,288,1000,1000,True,0.05441107717093858,6982.111916805402,0.01894487367723965,True
tobacco,equalize,289,1000,1000,True,0.06386579335847896,6945.354202053629,0.022093983512938033,True
tobacco,equalize,290,1000,1000,True,0.05217808948776412,6849.639627599032,0.020640471954541054,True
tobacco,equalize,291,1000,1000,True,0.059483813447121045,6889.644539531775,0.018521640014125994,True
tobacco,equalize,292,1000,1000,True,0.054593628442080176,6932.267330642984,0.02098712161578124,True
tobacco,equalize,293,1000,1000,True,0.04759117775082113,6908.551114137898,0.017606716898025135,True
tobacco,equalize,294,1000,1000,True,0.05167071384516384,7072.815545141836,0.0215561947526333,True
tobacco,equalize,295,1000,1000,True,0.04883574332424742,7191.560116504345,0.015147927407566845,True
tobacco,equalize,296,1000,1000,True,0.05457568785779981,6994.8273338263325,0.01835786433156911,True
tobacco,equalize,297,1000,1000,True,0.0513321433111269,6868.134568038035,0.018110286344346964,True
tobacco,equalize,298,1000,1000,True,0.052186184379241364,7150.7765313593045,0.01847238080551316,True
tobacco,equalize,299,1000,1000,True,0.05490221810636294,7071.015651342882,0.01686265216288646,True
tobacco,equalize,300,1000,1000,True,0.04920186047738814,6930.811639656354,0.01931777354676106,True
tobacco,equalize,301,1000,1000,True,0.05049029803357957,7052.485789903869,0.014736581431718635,True
tobacco,equalize,302,1000,1000,True,0.05461659906150202,6995.16919569241,0.02167369725975824,True
tobacco,equalize,303,1000,1000,True,0.05099879775208333,6759.646107538767,0.019373775964550106,True
tobacco,equalize,304,1000,1000,True,0.053632090623266876,7247.889634995762,0.018171264380873516,True
tobacco,equalize,305,1000,1000,True,0.05052461219586603,7259.415547008175,0.017281621977124233,True
tobacco,equalize,306,1000,1000,True,0.047748386551192686,7205.66311481629,0.01538118564599408,True
tobacco,equalize,307,1000,1000,True,0.04969314961506029,7036.677767888764,0.018024377557197293,True
tobacco,equalize,308,1000,1000,True,0.0455354776373578,7224.0239020255185,0.01636510339095173,True
tobacco,equalize,309,1000,1000,True,0.05428362839635594,7060.878833076729,0.01837810013903096,True
tobacco,equalize,310,1000,1000,True,0.051949446909308084,6676.907357138034,0.01947988589982197,True
tobacco,equalize,311,1000,1000,True,0.05844844838010817,7186.844177855465,0.01717977398814063,True
tobacco,equalize,312,1000,1000,True,0.04900740195414305,6819.771931376517,0.01876950540535684,True
tobacco,equalize,313,1000,1000,True,0.0537783181765358,7032.703937086431,0.017050425721286018,True
tobacco,equalize,314,1000,1000,True,0.052737501328821886,6518.854213396016,0.024484722223183906,True
tobacco,equalize,315,1000,1000,True,0.053489705415020856,7211.169758100554,0.01797507083873184,True
tobacco,equalize,316,1000,1000,True,0.05809289365981376,7139.144157278237,0.02234940570024252,True
tobacco,equalize,317,1000,1000,True,0.05532266500236414,6789.874698282362,0.01794243604872013,True
tobacco,equalize,318,1000,1000,True,0.05050618218360901,6809.54045194527,0.016370512461026117,True
tobacco,equalize,319,1000,1000,True,0.057113818209824696,6862.583973791796,0.021691232892943065,True
tobacco,equalize,320,1000,1000,True,0.05826682209629407,7012.066158943382,0.018107990466482208,True
tobacco,equalize,321,1000,1000,True,0.05736318519003187,7115.01494831311,0.021161927916921962,True
tobacco,equalize,322,1000,1000,True,0.05288397196662088,6506.47620890909,0.02183195638307428,True
tobacco,equalize,323,1000,1000,True,0.05126059094752011,6900.644090909486,0.018947211908835172,True
tobacco,equalize,324,1000,1000,True,0.058404105770796313,6593.32026406112,0.02172583983907554,True
tobacco,equalize,325,1000,1000,True,0.053978126929371296,7153.424456732313,0.017825930772461744,True
tobacco,equalize,326,1000,1000,True,0.043496000374592864,6874.114675780148,0.018238838023885637,True
tobacco,equalize,327,1000,1000,True,0.050348415381998975,6877.668241817935,0.01882683667261902,True
tobacco,equalize,328,1000,1000,True,0.05652082837063333,6984.97858786804,0.015320285978471009,True
tobacco,equalize,329,1000,1000,True,0.049149683325861164,6684.332481688728,0.01949942121788544,True
tobacco,equalize,330,1000,1000,True,0.046855652910016386,7041.124594071887,0.01588850737516877,True
tobacco,equalize,331,1000,1000,True,0.054505076852867894,6772.997842373715,0.021324221371873193,True
tobacco,equalize,332,1000,1000,True,0.05481251423547122,6643.670865617592,0.02174058961736037,True
tobacco,equalize,333,1000,1000,True,0.05874371126531777,6802.675939039284,0.02268613418234403,True
tobacco,equalize,334,1000,1000,True,0.059419631270390294,6781.282180165046,0.021199854786898807,True
tobacco,equalize,335,1000,1000,True,0.058683240405328116,6976.640684079337,0.02260404664067807,True
tobacco,equalize,336,1000,1000,True,0.056719082201217734,6731.237045892159,0.020093939833357815,True
tobacco,equalize,337,1000,1000,True,0.05000344524234997,6474.924659700605,0.018283414509596283,True
tobacco,equalize,338,1000,1000,True,0.050934091389646566,7162.214587922927,0.017997191105972307,True
tobacco,equalize,339,1000,1000,True,0.047810619550162,7053.286731525878,0.01576441082018484,True
tobacco,equalize,340,1000,1000,True,0.055705938020580395,6475.518660735678,0.023009083919027083,True
tobacco,equalize,341,1000,1000,True,0.047984639628303336,6943.2108232862265,0.016900141050993984,True
tobacco,equalize,342,1000,1000,True,0.050978309518175696,6977.7309379482385,0.01603772409806824,True
tobacco,equalize,343,1000,1000,True,0.05605230618772769,6897.022029735443,0.022161251844612984,True
tobacco,equalize,344,1000,1000,True,0.05250188232717886,6928.394637836387,0.01835765725625085,True
tobacco,equalize,345,1000,1000,True,0.05595933495830224,6822.22278084643,0.01573782154021246,True
tobacco,equalize,346,1000,1000,True,0.04981780949169659,6997.522900105437,0.017333615004408616,True
tobacco,equalize,347,1000,1000,True,0.049104841768277625,6684.415835767251,0.021131666366560897,True
tobacco,equalize,348,1000,1000,True,0.054698595515212174,6638.409900412899,0.02263641664726043,True
tobacco,equalize,349,1000,1000,True,0.05368968742811452,6684.013787322405,0.02116591884932242,True
tobacco,equalize,350,1000,1000,True,0.04816192249699526,7092.955427646221,0.018711091781077306,True
tobacco,equalize,351,1000,1000,True,0.061250272147741806,7133.519259682138,0.023555698729546975,True
tobacco,equalize,352,1000,1000,True,0.056658796442647194,6953.953631183918,0.02163141558816566,True
tobacco,equalize,353,1000,1000,True,0.04660707951452561,7021.870045801119,0.018339100346020765,True
tobacco,equalize,354,1000,1000,True,0.04972523912599494,6998.064795465672,0.015021446336810854,True
tobacco,equalize,355,1000,1000,True,0.05678617799372418,6863.599539301517,0.02013124761216475,True
tobacco,equalize,356,1000,1000,True,0.05293518341364166,6515.939893676123,0.018316365093911754,True
tobacco,equalize,357,1000,1000,True,0.05418989582099166,7015.370011498966,0.018078079439326638,True
tobacco,equalize,358,1000,1000,True,0.05818969898114231,6751.819000673523,0.020704755615310648,True
tobacco,equalize,359,1000,1000,True,0.04958433996288508,6754.444248658137,0.017406026086852943,True
tobacco,equalize,360,1000,1000,True,0.05467402165611737,7022.96611599401,0.017771922393484577,True
tobacco,equalize,361,1000,1000,True,0.050525829636879446,6858.864577520028,0.015977886983304133,True
tobacco,equalize,362,1000,1000,True,0.05735972246934704,6976.488098907,0.022495560957845797,True
tobacco,equalize,363,1000,1000,True,0.05304610494098815,7116.921876624402,0.01860292056083022,True
tobacco,equalize,364,1000,1000,True,0.05388413723395089,6984.206395242841,0.02207679680290289,True
tobacco,equalize,365,1000,1000,True,0.048898745090898414,6731.506545127918,0.015277549779222396,True
tobacco,equalize,366,1000,1000,True,0.05425056454367596,7006.893362568036,0.02132378341616159,True
tobacco,equalize,367,1000,1000,True,0.0499090269239838,6800.536710841285,0.01711315806264783,True
tobacco,equalize,368,1000,1000,True,0.05597724821194105,6844.644399072825,0.02271133935473063,True
tobacco,equalize,369,1000,1000,True,0.0503110520778826,6834.872743729396,0.020349404186347446,True
tobacco,equalize,370,1000,1000,True,0.04779546573119538,6915.976251714866,0.016910583326731517,True
tobacco,equalize,371,1000,1000,True,0.05321992788092012,6868.338846957393,0.01894580394880817,True
tobacco,equalize,372,1000,1000,True,0.05947365386358274,6773.558955689321,0.023596077956656334,True
tobacco,equalize,373,1000,1000,True,0.05735578807904455,6857.624589800465,0.02260090406274163,True
tobacco,equalize,374,1000,1000,True,0.052503911017811634,6812.351249211905,0.01663314852964463,True
tobacco,equalize,375,1000,1000,True,0.060564653866137734,6954.6185086674595,0.022786950476265107,True
tobacco,equalize,376,1000,1000,True,0.054483009891871714,7060.91987083836,0.019130005556258056,True
tobacco,equalize,377,1000,1000,True,0.055447413536754385,7277.9823577351435,0.020442057318257583,True
tobacco,equalize,378,1000,1000,True,0.05382252281672397,7275.629362419172,0.01913662838252193,True
tobacco,equalize,379,1000,1000,True,0.053107006604149506,6987.691163995086,0.020791027946434188,True
tobacco,equalize,380,1000,1000,True,0.049652654938153094,6879.53924562096,0.02028954304969098,True
tobacco,equalize,381,1000,1000,True,0.05776079275535659,6525.053559307847,0.02404072938951948,True
tobacco,equalize,382,1000,1000,True,0.05108721532009986,7074.132115269264,0.016800182431029733,True
tobacco,equalize,383,1000,1000,True,0.05215737847060241,7005.2488065152975,0.020683058076999394,True
tobacco,equalize,384,1000,1000,True,0.0536285583420653,6723.874766765886,0.02055332768055498,True
tobacco,equalize,385,1000,1000,True,0.05641553349593524,6777.22767059688,0.018790042470747368,True
tobacco,equalize,386,1000,1000,True,0.056953853095350976,6499.1750063908885,0.021743071307670555,True
tobacco,equalize,387,1000,1000,True,0.059359744503237326,7086.890370427921,0.015456327170201796,True
tobacco,equalize,388,1000,1000,True,0.057782012618702826,6697.267187336638,0.019680507159132977,True
tobacco,equalize,389,1000,1000,True,0.05713262112693877,6467.277233951239,0.02182768488622847,True
tobacco,equalize,390,1000,1000,True,0.053356331259855456,6613.598092819899,0.02020070004302874,True
tobacco,equalize,391,1000,1000,True,0.05442726807811021,6532.508983710318,0.02076497198393286,True
tobacco,equalize,392,1000,1000,True,0.05185048946945904,7043.031615811405,0.021037852849075903,True
tobacco,equalize,393,1000,1000,True,0.052857377535075814,7043.9239059114625,0.021450382379521325,True
tobacco,equalize,394,1000,1000,True,0.052414776167326795,7312.636940049397,0.015562164389216756,True
tobacco,equalize,395,1000,1000,True,0.05297060990608726,6948.106771009711,0.019858667785695654,True
tobacco,equalize,396,1000,1000,True,0.05422729789660093,6686.514716140166,0.02089632383698207,True
tobacco,equalize,397,1000,1000,True,0.046997471583278626,6966.2370597328945,0.014509303264715232,True
tobacco,equalize,398,1000,1000,True,0.05383715563285652,6792.956916415634,0.020971792536236003,True
tobacco,equalize,399,1000,1000,True,0.04977309465100636,7066.410537877346,0.018438386002454177,True
tobacco,equalize,400,1000,1000,True,0.05186826961862565,7097.951217656473,0.016734771393844706,True
tobacco,equalize,401,1000,1000,True,0.05368476493776029,7652.231337875509,0.01383190672533911,True
tobacco,equalize,402,1000,1000,True,0.050437437070581057,6875.143826654393,0.020934590920711024,True
tobacco,equalize,403,1000,1000,True,0.05695477807111504,7451.347378521821,0.01932585613660854,True
tobacco,equalize,404,1000,1000,True,0.049542096802730945,6889.618190079839,0.01867091315518325,True
tobacco,equalize,405,1000,1000,True,0.046241889328139614,7276.022290237365,0.014760685590660513,True
tobacco,equalize,406,1000,1000,True,0.05422002888627937,6739.599050157138,0.018887398006993315,True
tobacco,equalize,407,1000,1000,True,0.05334820924099883,6989.6627199428585,0.021283366585830656,True
tobacco,equalize,408,1000,1000,True,0.05206886383300392,6674.116540705519,0.023117500746633154,True
tobacco,equalize,409,1000,1000,True,0.05247981331356067,6729.083297585118,0.022040491466600077,True
tobacco,equalize,410,1000,1000,True,0.054037587131796926,7092.013633976672,0.019032573396930676,True
tobacco,equalize,411,1000,1000,True,0.0518311352110678,6983.022723305717,0.019209045481528814,True
tobacco,equalize,412,1000,1000,True,0.05990930744244785,6965.072363783165,0.023448307195946563,True
tobacco,equalize,413,1000,1000,True,0.054131118841965656,6858.6715718378,0.023095686761769197,True
tobacco,equalize,414,1000,1000,True,0.05275119404864261,7098.535087917788,0.02303354558922986,True
tobacco,equalize,415,1000,1000,True,0.05462448875818652,6460.475940473659,0.02213259554996717,True
tobacco,equalize,416,1000,1000,True,0.05497008964317674,6950.120909203739,0.017990188415577486,True
tobacco,equalize,417,1000,1000,True,0.04596123006540545,6997.564763757103,0.017673431342130144,True
tobacco,equalize,418,1000,1000,True,0.045365805901701015,6720.242534662273,0.017672592965920494,True
tobacco,equalize,419,1000,1000,True,0.053914003700537866,6926.9796765106075,0.0204250471943369,True
tobacco,equalize,420,1000,1000,True,0.05466974681393715,6862.0410138657,0.02098195372588992,True
tobacco,equalize,421,1000,1000,True,0.05028811507251475,6983.2724058136955,0.014904369835022099,True
tobacco,equalize,422,1000,1000,True,0.04950307525151874,7232.2721606853265,0.01484010031111807,True
tobacco,equalize,423,1000,1000,True,0.057505631502332934,6956.491299652721,0.020562250183027354,True
tobacco,equalize,424,1000,1000,True,0.0488243234628731,6975.961553628002,0.01740062377027034,True
tobacco,equalize,425,1000,1000,True,0.06282949320321769,6815.609261968515,0.021981190754229288,True
tobacco,equalize,426,1000,1000,True,0.05384391297070708,6831.530008991471,0.020320544921890803,True
tobacco,equalize,427,1000,1000,True,0.05610019993335024,6786.3256110846905,0.02029511320667117,True
tobacco,equalize,428,1000,1000,True,0.053804292402782034,6699.784419409254,0.019255265375190372,True
tobacco,equalize,429,1000,1000,True,0.05387870140069881,6959.246757406939,0.023172066644935034,True
tobacco,equalize,430,1000,1000,True,0.044013799482037555,6930.297518095381,0.015813745417409087,True
tobacco,equalize,431,1000,1000,True,0.05419602285750936,7008.698338150315,0.02011456483352469,True
tobacco,equalize,432,1000,1000,True,0.05418731919881697,6717.324139437593,0.021631880525040535,True
tobacco,equalize,433,1000,1000,True,0.04409138223540187,6966.792908622949,0.018236442778474686,True
tobacco,equalize,434,1000,1000,True,0.05100090559959014,6757.301299859212,0.019248056052122736,True
tobacco,equalize,435,1000,1000,True,0.05330031283790846,6803.408870551585,0.020347632812817214,True
tobacco,equalize,436,1000,1000,True,0.048703377718688844,6988.033023460535,0.01918360944966674,True
tobacco,equalize,437,1000,1000,True,0.05841701135517213,7083.253405738355,0.016883781927294506,True
tobacco,equalize,438,1000,1000,True,0.04821522172997059,6584.187059311043,0.019342615954015645,True
tobacco,equalize,439,1000,1000,True,0.060466845864170796,7201.055241666738,0.02230435735966234,True
tobacco,equalize,440,1000,1000,True,0.056928661385622956,6593.445318031461,0.01936416735516886,True
tobacco,equalize,441,1000,1000,True,0.05547802304998317,7139.44815622265,0.021844401923138225,True
tobacco,equalize,442,1000,1000,True,0.05259076470470293,7074.188230647457,0.016718684802421842,True
tobacco,equalize,443,1000,1000,True,0.05621468824670856,6954.985400463181,0.020961776357330514,True
tobacco,equalize,444,1000,1000,True,0.05840680713982878,7210.637984261587,0.02284259036491543,True
tobacco,equalize,445,1000,1000,True,0.04808225599610057,6902.403625251424,0.02119428316591902,True
tobacco,equalize,446,1000,1000,True,0.05935160391915897,6656.203636304932,0.01991175290527509,True
tobacco,equalize,447,1000,1000,True,0.05521907842229612,6841.710784765386,0.023835300256043725,True
tobacco,equalize,448,1000,1000,True,0.05502308776775214,6613.020931140019,0.02116233103271776,True
tobacco,equalize,449,1000,1000,True,0.0565894484907526,6961.800126337369,0.023420002089811157,True
tobacco,equalize,450,1000,1000,True,0.04790319404349746,7211.749775961725,0.017309097084944967,True
tobacco,equalize,451,1000,1000,True,0.058115067708938255,7009.242945568088,0.019331725026125367,True
tobacco,equalize,452,1000,1000,True,0.053542505159155256,6842.02732703546,0.022969924630496307,True
tobacco,equalize,453,1000,1000,True,0.0521791707148665,6877.012971154264,0.01936770375906961,True
tobacco,equalize,454,1000,1000,True,0.05566676143520301,7053.4504206181955,0.022802989744317274,True
tobacco,equalize,455,1000,1000,True,0.05229257297456254,7086.794395693937,0.022964540285212085,True
tobacco,equalize,456,1000,1000,True,0.05251185980627094,6950.280754881705,0.019163327035040836,True
tobacco,equalize,457,1000,1000,True,0.04773389184826049,6576.741348169016,0.019770598018733942,True
tobacco,equalize,458,1000,1000,True,0.05742604494098654,6884.481180886763,0.021292813984898875,True
tobacco,equalize,459,1000,1000,True,0.05398847838143832,6948.738727278139,0.021708771183081243,True
tobacco,equalize,460,1000,1000,True,0.04819813544416234,6608.982301695474,0.017579023133656783,True
tobacco,equalize,461,1000,1000,True,0.05108157560970525,6777.186623157945,0.02085612432165396,True
tobacco,equalize,462,1000,1000,True,0.0553981550237349,6543.399687318512,0.022638072396104776,True
tobacco,equalize,463,1000,1000,True,0.05627522306977151,7047.447898670199,0.01870160460939905,True
tobacco,equalize,464,1000,1000,True,0.06048520097612639,6908.726025736149,0.019452515066922586,True
tobacco,equalize,465,1000,1000,True,0.06009973541622401,6979.239368296161,0.019866555629163795,True
tobacco,equalize,466,1000,1000,True,0.05580972440836465,7030.451634318809,0.01833453491517873,True
tobacco,equalize,467,1000,1000,True,0.05356070273556731,6760.663964034819,0.023038065401977375,True
tobacco,equalize,468,1000,1000,True,0.050960243765181754,7024.725772039147,0.021259984135551472,True
tobacco,equalize,469,1000,1000,True,0.047247433954930154,7166.897012821589,0.01862198612171248,True
tobacco,equalize,470,1000,1000,True,0.05789588770416258,7070.91862865328,0.02363876887194434,True
tobacco,equalize,471,1000,1000,True,0.05851705947368038,6994.1133252613945,0.0223672477168961,True
tobacco,equalize,472,1000,1000,True,0.05322424257202663,7110.591435641905,0.016589128471348198,True
tobacco,equalize,473,1000,1000,True,0.050671993744675806,6974.054787924669,0.019797263899498704,True
tobacco,equalize,474,1000,1000,True,0.05317071662353914,7014.572336386587,0.022279756355323886,True
tobacco,equalize,475,1000,1000,True,0.053256136186120365,7211.168942591139,0.018202901901182417,True
tobacco,equalize,476,1000,1000,True,0.04596385781394967,7465.541046763523,0.015488271159300808,True
tobacco,equalize,477,1000,1000,True,0.053485495301403,6794.6039159200445,0.01996984082785494,True
tobacco,equalize,478,1000,1000,True,0.05231407087915344,6946.655487406223,0.02029874429925838,True
tobacco,equalize,479,1000,1000,True,0.053009370557833044,7019.752753179844,0.01864218956202,True
tobacco,equalize,480,1000,1000,True,0.05553362043202168,6615.066078562179,0.021423842948520466,True
tobacco,equalize,481,1000,1000,True,0.05737762118577297,7225.731964220579,0.023524129012095406,True
tobacco,equalize,482,1000,1000,True,0.05757842350248029,6895.924891748459,0.02089941766405502,True
tobacco,equalize,483,1000,1000,True,0.05407189268842268,6935.104927209033,0.019493321816229505,True
tobacco,equalize,484,1000,1000,True,0.05212041880393152,7107.418873005235,0.020433268373809068,True
tobacco,equalize,485,1000,1000,True,0.04956063758358642,6905.265685833601,0.019841362387762625,True
tobacco,equalize,486,1000,1000,True,0.05054756932006815,6965.251304469639,0.017186163962621178,True
tobacco,equalize,487,1000,1000,True,0.06051703332864911,6823.494303212615,0.024810219430359996,True
tobacco,equalize,488,1000,1000,True,0.05568459969778746,6687.605329942774,0.02209923403472701,True
tobacco,equalize,489,1000,1000,True,0.05623465879166616,6697.249015280156,0.01912642520290638,True
tobacco,equalize,490,1000,1000,True,0.05420242554158716,6653.157536491602,0.017770607272253772,True
tobacco,equalize,491,1000,1000,True,0.05155778999088216,7450.097460607546,0.018773834960078027,True
tobacco,equalize,492,1000,1000,True,0.052965254040349144,6978.672884637523,0.021582321794126204,True
tobacco,equalize,493,1000,1000,True,0.05530187723528757,7197.918285118205,0.02294536278326904,True
tobacco,equalize,494,1000,1000,True,0.04985311502713295,6576.079570108623,0.01884239558065844,True
tobacco,equalize,495,1000,1000,True,0.04932924933404759,7014.497767891583,0.016103816637245846,True
tobacco,equalize,496,1000,1000,True,0.0489630111024699,6905.084222569265,0.016990360733372362,True
tobacco,equalize,497,1000,1000,True,0.05446207399082762,7167.370966852421,0.021238735158248777,True
tobacco,equalize,498,1000,1000,True,0.05459969208157307,6930.192750513581,0.020777223090813382,True
tobacco,equalize,499,1000,1000,True,0.055867892758848174,7264.269646907045,0.021765492253962803,True
tobacco,equalize,500,1000,1000,True,0.05737510216036657,6729.516517877343,0.02069522345372003,True
tobacco,equalize,501,1000,1000,True,0.05102885331264902,7026.460005362515,0.02061504898100923,True
tobacco,equalize,502,1000,1000,True,0.050241507234767085,6716.480467691096,0.02051168315773453,True
tobacco,equalize,503,1000,1000,True,0.05560600260773492,7085.74216914615,0.02316460427671493,True
tobacco,equalize,504,1000,1000,True,0.0554123485345145,6955.911013090881,0.021191502173527887,True
tobacco,equalize,505,1000,1000,True,0.05249716057457184,6826.270632279313,0.01707011985868988,True
tobacco,equalize,506,1000,1000,True,0.05481595493433096,6958.444060592856,0.018406217848798267,True
tobacco,equalize,507,1000,1000,True,0.056353086502453346,7022.363318740779,0.02178272313588713,True
tobacco,equalize,508,1000,1000,True,0.05339448138257323,6891.244909229028,0.019359234167654952,True
tobacco,equalize,509,1000,1000,True,0.05359600271518514,6745.883120153728,0.023139910421539636,True
tobacco,equalize,510,1000,1000,True,0.05523258785815744,6942.871598488626,0.020945347515000923,True
tobacco,equalize,511,1000,1000,True,0.053895610402701896,6659.299289998535,0.023388418398954627,True
tobacco,equalize,512,1000,1000,True,0.05014646702724164,6657.493612546692,0.018381654291628722,True
tobacco,equalize,513,1000,1000,True,0.05417892971746633,6767.261918991757,0.021350238051103386,True
tobacco,equalize,514,1000,1000,True,0.05503706539294192,6945.016024460708,0.017256371060145975,True
tobacco,equalize,515,1000,1000,True,0.052894435231703354,7692.897223112694,0.015925798280570842,True
tobacco,equalize,516,1000,1000,True,0.05504139871814616,6484.647810060235,0.02176997834707956,True
tobacco,equalize,517,1000,1000,True,0.055519135303832304,6935.371077619711,0.02009178749661984,True
tobacco,equalize,518,1000,1000,True,0.04981582331147449,6734.906590083563,0.019798307424022887,True
tobacco,equalize,519,1000,1000,True,0.04991767878693748,6937.1706651036775,0.020435711965463742,True
tobacco,equalize,520,1000,1000,True,0.05541653325191813,7133.071378358064,0.021185854039748823,True
tobacco,equalize,521,1000,1000,True,0.053917664175325716,6666.055048268879,0.016020780302962345,True
tobacco,equalize,522,1000,1000,True,0.05469823653260079,6787.126245705984,0.019458148852297855,True
tobacco,equalize,523,1000,1000,True,0.05135105237804859,6915.325338001098,0.017507411023319656,True
tobacco,equalize,524,1000,1000,True,0.058486309507470566,6854.462121840342,0.02099804402783876,True
tobacco,equalize,525,1000,1000,True,0.050810898367094966,7145.207335758354,0.015265576007801526,True
tobacco,equalize,526,1000,1000,True,0.05345335159450587,6979.1260086041575,0.021963454877942244,True
tobacco,equalize,527,1000,1000,True,0.05298571073938859,6892.6714373513405,0.020322166653428782,True
tobacco,equalize,528,1000,1000,True,0.05588618571277759,6987.158106669693,0.023441157252879947,True
tobacco,equalize,529,1000,1000,True,0.05869570387947827,7172.13452423189,0.02287287766034018,True
tobacco,equalize,530,1000,1000,True,0.0506282858988329,6979.924911308932,0.01898257533763942,True
tobacco,equalize,531,1000,1000,True,0.05220342004324425,6758.941424583512,0.015662431672737995,True
tobacco,equalize,532,1000,1000,True,0.059826730553532596,7030.654829268679,0.022664373332624964,True
tobacco,equalize,533,1000,1000,True,0.044978663513424735,6998.098950146318,0.016163814229899057,True
tobacco,equalize,534,1000,1000,True,0.05417051009306863,6864.291369746407,0.012329550028512984,True
tobacco,equalize,535,1000,1000,True,0.050201492333368104,6843.081953314238,0.017864963102291385,True
tobacco,equalize,536,1000,1000,True,0.062022431385325254,7145.259052006722,0.022248911890049457,True
tobacco,equalize,537,1000,1000,True,0.058397496089118185,6502.881756617677,0.023045443795588646,True
tobacco,equalize,538,1000,1000,True,0.05283625297083196,7418.313390283805,0.020165156317074117,True
tobacco,equalize,539,1000,1000,True,0.05289495279492919,6966.134750754108,0.022742876490305004,True
tobacco,equalize,540,1000,1000,True,0.056230383248625934,6752.685960001398,0.01979801381546804,True
tobacco,equalize,541,1000,1000,True,0.051829206780027934,7035.289184375508,0.02003666106277942,True
tobacco,equalize,542,1000,1000,True,0.05648039300186138,6918.7289539185595,0.021266199524187672,True
tobacco,equalize,543,1000,1000,True,0.049192069238949754,6891.113334998272,0.019689060508273896,True
tobacco,equalize,544,1000,1000,True,0.05073140635316585,6763.413120065859,0.018309075114122608,True
tobacco,equalize,545,1000,1000,True,0.055012227465133956,6765.611144594109,0.02246056956932587,True
tobacco,equalize,546,1000,1000,True,0.05920863922618299,6796.995660571735,0.02137214675657246,True
tobacco,equalize,547,1000,1000,True,0.05591250870927604,6797.786987497549,0.0236691957652758,True
tobacco,equalize,548,1000,1000,True,0.05042845556229481,7077.789427199357,0.01539967487419809,True
tobacco,equalize,549,1000,1000,True,0.055606416880219195,7032.756110603508,0.023639391858750074,True
tobacco,equalize,550,1000,1000,True,0.05500162950615877,6634.41308378601,0.02366929617607014,True
tobacco,equalize,551,1000,1000,True,0.05476976981193924,6853.278938621935,0.02457562514031868,True
tobacco,equalize,552,1000,1000,True,0.05476969810890618,6869.788376723041,0.016532099599438133,True
tobacco,equalize,553,1000,1000,True,0.054777116142747356,7152.859282028132,0.021432487964097267,True
tobacco,equalize,554,1000,1000,True,0.05425999694389663,6930.03763286867,0.01902070931416341,True
tobacco,equalize,555,1000,1000,True,0.05484569044091443,7024.798772462027,0.021536336349525037,True
tobacco,equalize,556,1000,1000,True,0.05663910576927503,7077.565797643636,0.016968073145759884,True
tobacco,equalize,557,1000,1000,True,0.049255830516160094,7053.9531731465295,0.018401162857460147,True
tobacco,equalize,558,1000,1000,True,0.05354025876326522,6804.3639142171105,0.018454547829849947,True
tobacco,equalize,559,1000,1000,True,0.05403650486875343,6934.999566741442,0.021382004299809236,True
tobacco,equalize,560,1000,1000,True,0.05937586241629798,6616.2340073401265,0.023204914607137556,True
tobacco,equalize,561,1000,1000,True,0.04537332389026666,7283.823727961571,0.015414624511121239,True
tobacco,equalize,562,1000,1000,True,0.05726212007696592,6934.399527132829,0.019605058456172945,True
tobacco,equalize,563,1000,1000,True,0.05210689224325558,7012.183576454627,0.01863550730828921,True
tobacco,equalize,564,1000,1000,True,0.05692499008760512,6662.483190089412,0.023189064791432838,True
tobacco,equalize,565,1000,1000,True,0.050609403809273916,6938.970696609115,0.01740079166119799,True
tobacco,equalize,566,1000,1000,True,0.05207392608218451,6467.371278514634,0.02074083165920533,True
tobacco,equalize,567,1000,1000,True,0.05721869020170844,6859.100594754314,0.02019118134417169,True
tobacco,equalize,568,1000,1000,True,0.05121340077004931,6933.095692394849,0.019323207134838826,True
tobacco,equalize,569,1000,1000,True,0.05621805590722528,6857.074242432847,0.022282996613459647,True
tobacco,equalize,570,1000,1000,True,0.055604663306548396,7067.849517265913,0.0224468335077945,True
tobacco,equalize,571,1000,1000,True,0.04931673132665369,7211.267805835462,0.01632113248731578,True
tobacco,equalize,572,1000,1000,True,0.053960142017247074,7123.846009095859,0.014953760300975913,True
tobacco,equalize,573,1000,1000,True,0.05589487213405228,7288.031454197697,0.0168388066008778,True
tobacco,equalize,574,1000,1000,True,0.05068008066550661,6792.489183821789,0.014012620733763796,True
tobacco,equalize,575,1000,1000,True,0.05523044564740829,6942.629106682784,0.02139213407079733,True
tobacco,equalize,576,1000,1000,True,0.052170150318321874,6898.4747179390315,0.023338997488621938,True
tobacco,equalize,577,1000,1000,True,0.055093637168508514,6743.812172393594,0.020799819989218968,True
tobacco,equalize,578,1000,1000,True,0.0517933731428509,7190.228117380909,0.021336637604393142,True
tobacco,equalize,579,1000,1000,True,0.05216966435032706,7125.881772819698,0.014773974658943135,True
tobacco,equalize,580,1000,1000,True,0.06243284333941069,6769.115958981941,0.021203871895930475,True
tobacco,equalize,581,1000,1000,True,0.05926625012698151,7099.490004951061,0.02066366659168909,True
tobacco,equalize,582,1000,1000,True,0.0527680838390646,6746.502474654849,0.017551793884523364,True
tobacco,equalize,583,1000,1000,True,0.05342440868103781,7313.661138439215,0.016806205220145722,True
tobacco,equalize,584,1000,1000,True,0.05966013815058177,6702.041931685522,0.02343291606474683,True
tobacco,equalize,585,1000,1000,True,0.059904436534407295,6759.8288500319295,0.02116137938421781,True
tobacco,equalize,586,1000,1000,True,0.05707975080020425,6620.609702194429,0.019015123803181513,True
tobacco,equalize,587,1000,1000,True,0.04815428155375624,6823.738583407487,0.016469425099228597,True
tobacco,equalize,588,1000,1000,True,0.057606575549023174,6976.427191404996,0.020334623599738554,True
tobacco,equalize,589,1000,1000,True,0.05467363448130867,6852.900497062247,0.01771037930792733,True
tobacco,equalize,590,1000,1000,True,0.05914139195222674,6602.2228542192515,0.02232928542483975,True
tobacco,equalize,591,1000,1000,True,0.05171311371128101,6815.593699436536,0.018770939346096104,True
tobacco,equalize,592,1000,1000,True,0.0594213302914064,7125.2172260531115,0.02288713226914778,True
tobacco,equalize,593,1000,1000,True,0.05847828627070448,6886.971870980671,0.022695998414022037,True
tobacco,equalize,594,1000,1000,True,0.05171286829095859,6842.266347490428,0.019960181144265336,True
tobacco,equalize,595,1000,1000,True,0.052534146800169795,7198.866668379128,0.017164303970131894,True
tobacco,equalize,596,1000,1000,True,0.055599887207850085,6898.060918738251,0.02031191943642147,True
tobacco,equalize,597,1000,1000,True,0.05308802834093536,6967.260055278833,0.017420722359017368,True
tobacco,equalize,598,1000,1000,True,0.057140588153899684,6973.541961092584,0.022123226156478503,True
tobacco,equalize,599,1000,1000,True,0.053847900617435045,7083.896929255535,0.016313724470856987,True
tobacco,equalize,600,1000,1000,True,0.05229741988544682,7024.550972937629,0.022440062899545293,True
tobacco,equalize,601,1000,1000,True,0.052326283129335606,7198.460076500738,0.016677407768772013,True
tobacco,equalize,602,1000,1000,True,0.052461172335304396,6676.711340433327,0.013188995167009639,True
tobacco,equalize,603,1000,1000,True,0.055510520147162526,6761.695983880893,0.022190976957759626,True
tobacco,equalize,604,1000,1000,True,0.05716530025515526,6838.909464768195,0.022266621766538777,True
tobacco,equalize,605,1000,1000,True,0.05228550992118694,7130.560592748931,0.01666164916911187,True
tobacco,equalize,606,1000,1000,True,0.049661648853675994,7360.0702667230025,0.016677468073903374,True
tobacco,equalize,607,1000,1000,True,0.05544780740077837,6830.937772586133,0.022406773106377814,True
tobacco,equalize,608,1000,1000,True,0.05510566677830008,6800.6939449876,0.020066340327825827,True
tobacco,equalize,609,1000,1000,True,0.047675196929285374,6764.380251344169,0.017890262533473356,True
tobacco,equalize,610,1000,1000,True,0.04982319093555268,6817.478306087597,0.01891467318067722,True
tobacco,equalize,611,1000,1000,True,0.06097835813563378,6710.443329032441,0.022362660854015955,True
tobacco,equalize,612,1000,1000,True,0.052324742381075,6744.71524491405,0.0227160202592335,True
tobacco,equalize,613,1000,1000,True,0.05222369279045967,6831.297871016239,0.022391649131734602,True
tobacco,equalize,614,1000,1000,True,0.05614487012198741,6975.121038933661,0.017212088296459014,True
tobacco,equalize,615,1000,1000,True,0.054380381529406545,7392.808087189604,0.022001962129950984,True
tobacco,equalize,616,1000,1000,True,0.060984649322398325,6773.239952518958,0.02301386658299546,True
tobacco,equalize,617,1000,1000,True,0.055753151658471216,6788.357591847309,0.020770908650918275,True
tobacco,equalize,618,1000,1000,True,0.05322984364616012,7035.548892986176,0.022046500662753783,True
tobacco,equalize,619,1000,1000,True,0.05263856237875965,7155.102597015923,0.020728137095188556,True
tobacco,equalize,620,1000,1000,True,0.053052529500146446,6917.75729901505,0.021676895825876945,True
tobacco,equalize,621,1000,1000,True,0.05208495757894871,6726.497155105249,0.021806956421735003,True
tobacco,equalize,622,1000,1000,True,0.05066278535049718,7157.851372707804,0.015644086527430705,True
tobacco,equalize,623,1000,1000,True,0.052379285641379204,6926.2071718041325,0.0220088721360391,True
tobacco,equalize,624,1000,1000,True,0.047612069987163365,6633.567181688522,0.022305858477581753,True
tobacco,equalize,625,1000,1000,True,0.05682062107308399,7204.431488124792,0.018037711148566636,True
tobacco,equalize,626,1000,1000,True,0.05361085860523781,6985.545846368128,0.01767777738891956,True
tobacco,equalize,627,1000,1000,True,0.05291455738958635,6805.369154011779,0.0237556090046944,True
tobacco,equalize,628,1000,1000,True,0.055218913741261776,6978.979855823557,0.017353442778579743,True
tobacco,equalize,629,1000,1000,True,0.05311656498626566,7092.837077857914,0.018995928101029628,True
tobacco,equalize,630,1000,1000,True,0.04688936911144011,7093.71025002967,0.021253098519253635,True
tobacco,equalize,631,1000,1000,True,0.05163544718406066,6953.655245300561,0.017243633138802995,True
tobacco,equalize,632,1000,1000,True,0.04729858320023305,7094.655403064971,0.015244730340000462,True
tobacco,equalize,633,1000,1000,True,0.05080712741172235,7026.459431775793,0.0179643472349653,True
tobacco,equalize,634,1000,1000,True,0.0518308182769212,7315.266149326626,0.015153364435999012,True
tobacco,equalize,635,1000,1000,True,0.04531991977234026,7023.36686057556,0.014593782390217146,True
tobacco,equalize,636,1000,1000,True,0.05226370886823836,6787.303702767396,0.02043296513830284,True
tobacco,equalize,637,1000,1000,True,0.057638781562215316,6720.951845534902,0.023794777764399765,True
tobacco,equalize,638,1000,1000,True,0.046463246759236805,6808.374895156993,0.015043896768950918,True
tobacco,equalize,639,1000,1000,True,0.05301982262528403,7453.394859143785,0.01851850583197315,True
tobacco,equalize,640,1000,1000,True,0.04787878357823088,6810.700331600561,0.01748498441579499,True
tobacco,equalize,641,1000,1000,True,0.04929497358316452,6670.564604766526,0.01681940540919879,True
tobacco,equalize,642,1000,1000,True,0.048505297316579585,6908.536854737333,0.01850071731661105,True
tobacco,equalize,643,1000,1000,True,0.05825726537524576,7001.420744646332,0.02333100734098758,True
tobacco,equalize,644,1000,1000,True,0.050941433482371914,6718.788790232879,0.01838616895054695,True
tobacco,equalize,645,1000,1000,True,0.055613642467307066,7107.343781165788,0.02035770414026526,True
tobacco,equalize,646,1000,1000,True,0.05707532522140335,7028.8226900526515,0.01734496154506745,True
tobacco,equalize,647,1000,1000,True,0.052360406619578116,6947.725963192273,0.016528024943398147,True
tobacco,equalize,648,1000,1000,True,0.055185893782478235,6784.835871041761,0.023446484232679518,True
tobacco,equalize,649,1000,1000,True,0.05569835639271842,7042.976163510423,0.01870362245635285,True
tobacco,equalize,650,1000,1000,True,0.054327856151991046,6926.801588785404,0.019455154154921828,True
tobacco,equalize,651,1000,1000,True,0.048725304414505975,6836.103597940497,0.015061944707583456,True
tobacco,equalize,652,1000,1000,True,0.055242306212584184,6984.223951426242,0.022964930267128265,True
tobacco,equalize,653,1000,1000,True,0.05863406399701682,6616.701534818614,0.02403910002476877,True
tobacco,equalize,654,1000,1000,True,0.05320313224774696,6629.360288622048,0.019228383042551995,True
tobacco,equalize,655,1000,1000,True,0.05569833747604873,7046.852421159393,0.01938463492850476,True
tobacco,equalize,656,1000,1000,True,0.05815875524194933,6874.901512939949,0.023186189729326845,True
tobacco,equalize,657,1000,1000,True,0.054803961026801705,6847.417895226711,0.020116279057857175,True
tobacco,equalize,658,1000,1000,True,0.06395205696996592,6523.771448663725,0.023004338515205,True
tobacco,equalize,659,1000,1000,True,0.04807172426907213,6765.478595263975,0.015673623324610995,True
tobacco,equalize,660,1000,1000,True,0.050943526193981264,6715.495469970253,0.018946435900720694,True
tobacco,equalize,661,1000,1000,True,0.052645913292450684,7154.9645055083265,0.014361152232823839,True
tobacco,equalize,662,1000,1000,True,0.058088891544677945,7052.169251823441,0.02219121004009348,True
tobacco,equalize,663,1000,1000,True,0.043799503001346406,7025.161993167061,0.015347882996748805,True
tobacco,equalize,664,1000,1000,True,0.05285213479095979,7186.785192236094,0.02058712421764243,True
tobacco,equalize,665,1000,1000,True,0.049011067456043805,7183.138470470342,0.013041970043025633,True
tobacco,equalize,666,1000,1000,True,0.049666091502223314,6768.698878255406,0.021606717503051914,True
tobacco,equalize,667,1000,1000,True,0.0602043628562648,6817.818128750502,0.022438681746583127,True
tobacco,equalize,668,1000,1000,True,0.05278500429062435,6924.895983269351,0.02138154064907976,True
tobacco,equalize,669,1000,1000,True,0.05491784170060725,6809.931787940316,0.023546579326343086,True
tobacco,equalize,670,1000,1000,True,0.05261409238407914,6628.512664433552,0.01661152085776711,True
tobacco,equalize,671,1000,1000,True,0.05770086839242356,7092.934594242288,0.022792311373381308,True
tobacco,equalize,672,1000,1000,True,0.0515705348122649,6919.611261162003,0.01361607787350556,True
tobacco,equalize,673,1000,1000,True,0.04637733069594253,6621.338886688628,0.017635444648188503,True
tobacco,equalize,674,1000,1000,True,0.055511018279843796,6876.4973657215205,0.022164885125741135,True
tobacco,equalize,675,1000,1000,True,0.050940999252745686,7210.164989654467,0.017300370575359218,True
tobacco,equalize,676,1000,1000,True,0.05313231423135374,7006.439097058576,0.016705999532303333,True
tobacco,equalize,677,1000,1000,True,0.054273417068044054,7049.609786665926,0.02098043349923292,True
tobacco,equalize,678,1000,1000,True,0.06410514156771639,6949.617538738085,0.02298501059986605,True
tobacco,equalize,679,1000,1000,True,0.05090866371770616,6648.556884138919,0.019289136439796784,True
tobacco,equalize,680,1000,1000,True,0.05085111959934737,6815.444769947446,0.016466135523850452,True
tobacco,equalize,681,1000,1000,True,0.05873517321053624,6986.986132580413,0.022065139200363505,True
tobacco,equalize,682,1000,1000,True,0.051700363394282564,7382.659917086728,0.017557121726453035,True
tobacco,equalize,683,1000,1000,True,0.04875911577860448,6914.264596496073,0.019616539220973974,True
tobacco,equalize,684,1000,1000,True,0.04869143846594495,7362.174765113635,0.02423060232547774,True
tobacco,equalize,685,1000,1000,True,0.050205577188626574,6789.073829028449,0.019716392626865992,True
tobacco,equalize,686,1000,1000,True,0.05300089356504758,6952.514748153793,0.023096298477557464,True
tobacco,equalize,687,1000,1000,True,0.05624258154274402,7026.790003128811,0.019142822985208044,True
tobacco,equalize,688,1000,1000,True,0.046776959147013214,7029.962776455577,0.018790088349174346,True
tobacco,equalize,689,1000,1000,True,0.055747294773025556,7014.951694465116,0.02165754724933932,True
tobacco,equalize,690,1000,1000,True,0.04925084824740021,6834.64793541701,0.019615940759571012,True
tobacco,equalize,691,1000,1000,True,0.049748533845453906,6939.163916817645,0.019044077390569545,True
tobacco,equalize,692,1000,1000,True,0.055563734898870204,6729.991938146434,0.018679532356559603,True
tobacco,equalize,693,1000,1000,True,0.049697841085703895,6947.065877752924,0.017849960149362912,True
tobacco,equalize,694,1000,1000,True,0.047601664378957284,6975.664821556724,0.016363139970936406,True
tobacco,equalize,695,1000,1000,True,0.061980883741312165,6712.94651549072,0.022621999823605445,True
tobacco,equalize,696,1000,1000,True,0.05691970961163805,6576.312105576422,0.020549606108806965,True
tobacco,equalize,697,1000,1000,True,0.04928280497254447,6851.9912206233885,0.019242244088659665,True
tobacco,equalize,698,1000,1000,True,0.05443618323140504,6860.6756801626325,0.023129087617738974,True
tobacco,equalize,699,1000,1000,True,0.04849478191309306,6922.877650904355,0.023390303218363266,True
tobacco,equalize,700,1000,1000,True,0.04995065284353845,6816.4842039268315,0.01802269986755365,True
tobacco,equalize,701,1000,1000,True,0.05734937188473861,6618.1575169358875,0.0230453889840221,True
tobacco,equalize,702,1000,1000,True,0.046474720075403264,6776.531201570314,0.018558308620021963,True
tobacco,equalize,703,1000,1000,True,0.045221481749375,7154.523245862788,0.01642652031190285,True
tobacco,equalize,704,1000,1000,True,0.0518693766937552,7042.881369456041,0.017734074091744295,True
tobacco,equalize,705,1000,1000,True,0.05809273547664167,7039.86744263207,0.022238659030711577,True
tobacco,equalize,706,1000,1000,True,0.05742785965180532,6600.430588613141,0.020673683573917283,True
tobacco,equalize,707,1000,1000,True,0.046884661306859046,6776.246909432979,0.020906845562566792,True
tobacco,equalize,708,1000,1000,True,0.04945439313423409,6900.552897900211,0.01980687609414843,True
tobacco,equalize,709,1000,1000,True,0.05751878624365986,7014.885377102323,0.02271538670675956,True
tobacco,equalize,710,1000,1000,True,0.056770520652727946,6926.179845938452,0.02186280749912674,True
tobacco,equalize,711,1000,1000,True,0.04980596634534208,6969.695459633728,0.01728532296653986,True
tobacco,equalize,712,1000,1000,True,0.0511213728590473,6762.224772064221,0.017550884889997138,True
tobacco,equalize,713,1000,1000,True,0.05350258440707227,6741.814428386175,0.021221630161576143,True
tobacco,equalize,714,1000,1000,True,0.04925187498288395,6368.128848111979,0.021225704070397384,True
tobacco,equalize,715,1000,1000,True,0.04853545287418054,7095.057370414915,0.01763525998128023,True
tobacco,equalize,716,1000,1000,True,0.056024423837987974,6456.41259127505,0.021922521016497557,True
tobacco,equalize,717,1000,1000,True,0.054146462208895484,7342.9105961162295,0.01868995836399068,True
tobacco,equalize,718,1000,1000,True,0.05134056153239799,7182.2912410375,0.015646077431350002,True
tobacco,equalize,719,1000,1000,True,0.048412258718421905,6815.2412563521175,0.021100953165542988,True
tobacco,equalize,720,1000,1000,True,0.05639101991514108,7020.6295667699205,0.022612257129343963,True
tobacco,equalize,721,1000,1000,True,0.047565322161922004,6833.939565603357,0.01810884736379962,True
tobacco,equalize,722,1000,1000,True,0.047760741168140525,6945.773124071862,0.019224863360346765,True
tobacco,equalize,723,1000,1000,True,0.058294263679262236,7015.025623314287,0.021527486096963592,True
tobacco,equalize,724,1000,1000,True,0.05311575699582872,6990.958220523135,0.021541209497442527,True
tobacco,equalize,725,1000,1000,True,0.04963148580858934,6895.666933244093,0.02250590851648342,True
tobacco,equalize,726,1000,1000,True,0.05358273100908066,7022.568020901684,0.020886702831995937,True
tobacco,equalize,727,1000,1000,True,0.04881247744467541,6562.436869053751,0.017182987911719846,True
tobacco,equalize,728,1000,1000,True,0.05074108613917859,7131.369973630312,0.02020203476845375,True
tobacco,equalize,729,1000,1000,True,0.05181561702235147,6955.930460080161,0.019841065795652826,True
tobacco,equalize,730,1000,1000,True,0.050590183575962545,6858.654496214181,0.021581354268746234,True
tobacco,equalize,731,1000,1000,True,0.05468624515961441,7124.013768295511,0.019209536637236076,True
tobacco,equalize,732,1000,1000,True,0.051985658814304274,6954.023562398679,0.019904956998969613,True
tobacco,equalize,733,1000,1000,True,0.05596700114042291,6801.823598453286,0.02291939735591543,True
tobacco,equalize,734,1000,1000,True,0.06301186805751555,6990.023969801534,0.023170630945924853,True
tobacco,equalize,735,1000,1000,True,0.04953504812075268,7547.543418748911,0.018268543189388933,True
tobacco,equalize,736,1000,1000,True,0.05569092132410119,6630.559993821864,0.021354611498189305,True
tobacco,equalize,737,1000,1000,True,0.05379615733695495,7008.0412170009395,0.019576629983674463,True
tobacco,equalize,738,1000,1000,True,0.052893882917230246,6657.649566595106,0.020293955698076807,True
tobacco,equalize,739,1000,1000,True,0.04995537621509813,7079.147086992613,0.017576356092292734,True
tobacco,equalize,740,1000,1000,True,0.061589846304031456,6855.922299640217,0.02283907302029851,True
tobacco,equalize,741,1000,1000,True,0.05544380298615791,6980.752213519399,0.020963051487407583,True
tobacco,equalize,742,1000,1000,True,0.054700830347871675,6884.363436876643,0.014307288595758498,True
tobacco,equalize,743,1000,1000,True,0.05001359126109628,6978.236992536152,0.020982598533508093,True
tobacco,equalize,744,1000,1000,True,0.047299259072055885,7084.090520448196,0.016943652712710897,True
tobacco,equalize,745,1000,1000,True,0.05528025775687424,7140.5281005326215,0.020735675141179792,True
tobacco,equalize,746,1000,1000,True,0.04742812551843985,7160.340634774018,0.016989787101265853,True
tobacco,equalize,747,1000,1000,True,0.05133967346813061,7001.940742062803,0.019740898679197663,True
tobacco,equalize,748,1000,1000,True,0.05535138755454384,6747.961497832956,0.016465292030347252,True
tobacco,equalize,749,1000,1000,True,0.05300667635471623,6978.386512072185,0.01784094722138521,True
tobacco,equalize,750,1000,1000,True,0.05800670812519619,7053.635185932428,0.02267566505332985,True
tobacco,equalize,751,1000,1000,True,0.055279345372680366,7134.966969574492,0.019963658748979495,True
tobacco,equalize,752,1000,1000,True,0.04977505944412238,6847.588344034636,0.018259112629672336,True
tobacco,equalize,753,1000,1000,True,0.05257538510216374,6921.723617815941,0.02143880636402029,True
tobacco,equalize,754,1000,1000,True,0.05261849964557,7147.098281985774,0.013192335466689445,True
tobacco,equalize,755,1000,1000,True,0.050646757056215345,6940.43178084469,0.019279326664401502,True
tobacco,equalize,756,1000,1000,True,0.05607844274763048,6877.272132442048,0.02132371828351821,True
tobacco,equalize,757,1000,1000,True,0.05059391035530983,7035.5157787863,0.019189214240712606,True
tobacco,equalize,758,1000,1000,True,0.050736806527368145,6784.647982345952,0.017938022966641907,True
tobacco,equalize,759,1000,1000,True,0.054662002519686115,6829.058614661248,0.020703099370272995,True
tobacco,equalize,760,1000,1000,True,0.05130995211855307,6856.2313579035535,0.016619431194515893,True
tobacco,equalize,761,1000,1000,True,0.051619449878430965,6665.172108802893,0.022586328866136828,True
tobacco,equalize,762,1000,1000,True,0.050090661450325015,7417.999514022564,0.016595403895855912,True
tobacco,equalize,763,1000,1000,True,0.05691782568966816,7025.702592219443,0.018792891818262703,True
tobacco,equalize,764,1000,1000,True,0.050800934567053986,6421.05979173999,0.018765659760077918,True
tobacco,equalize,765,1000,1000,True,0.053921290761578276,6861.78011224194,0.017234246159029153,True
tobacco,equalize,766,1000,1000,True,0.0585719329386436,6997.4978494766965,0.01932883710724202,True
tobacco,equalize,767,1000,1000,True,0.04975027735702915,7008.564089122964,0.014511699439581615,True
tobacco,equalize,768,1000,1000,True,0.05276127370041773,6686.497061524442,0.022022004960539136,True
tobacco,equalize,769,1000,1000,True,0.04771058880123961,6913.167417696464,0.01811225339420162,True
tobacco,equalize,770,1000,1000,True,0.061190391153681925,6988.08938285931,0.022104458122308275,True
tobacco,equalize,771,1000,1000,True,0.058529080983061185,6791.973774313252,0.02212723633777931,True
tobacco,equalize,772,1000,1000,True,0.05352666891512904,6840.84473426813,0.023255231097503784,True
tobacco,equalize,773,1000,1000,True,0.0499265633284879,6448.285154661742,0.020886129586849364,True
tobacco,equalize,774,1000,1000,True,0.054738217421200275,6676.2433142775735,0.016993794721575396,True
tobacco,equalize,775,1000,1000,True,0.05212980438128576,6890.837706443535,0.017619314305250516,True
tobacco,equalize,776,1000,1000,True,0.05728538308121503,6609.525443386613,0.022835528655956686,True
tobacco,equalize,777,1000,1000,True,0.049438421347147286,7073.628115313316,0.01686438597393473,True
tobacco,equalize,778,1000,1000,True,0.053516166052649444,6812.637565703242,0.01778462561794175,True
tobacco,equalize,779,1000,1000,True,0.05580183214064741,6813.914707770783,0.02132459559228739,True
tobacco,equalize,780,1000,1000,True,0.05412617732486104,6899.237378506047,0.022303956096119477,True
tobacco,equalize,781,1000,1000,True,0.051316222359667076,6755.4776148212495,0.016670795855076557,True
tobacco,equalize,782,1000,1000,True,0.05420822471522656,6787.284061056454,0.019405342522072763,True
tobacco,equalize,783,1000,1000,True,0.05606797201096922,6983.717521456606,0.02030530964524487,True
tobacco,equalize,784,1000,1000,True,0.04788725119238033,7060.745514331401,0.0187418640530139,True
tobacco,equalize,785,1000,1000,True,0.05630529739526061,7217.836808627291,0.01726386005429637,True
tobacco,equalize,786,1000,1000,True,0.0553678475658819,6715.755607857615,0.022820650007955485,True
tobacco,equalize,787,1000,1000,True,0.055886279121185795,6956.88989487968,0.019684264399852547,True
tobacco,equalize,788,1000,1000,True,0.05161569682067215,6521.683410677032,0.02219496599697448,True
tobacco,equalize,789,1000,1000,True,0.05173147120665584,7134.89549659811,0.01683167337566697,True
tobacco,equalize,790,1000,1000,True,0.051126133618480084,6581.2155052303215,0.022072870213861527,True
tobacco,equalize,791,1000,1000,True,0.04841016083067108,6812.455967683827,0.018754458049300708,True
tobacco,equalize,792,1000,1000,True,0.05897878107944522,6948.604291141063,0.022966467190200863,True
tobacco,equalize,793,1000,1000,True,0.06255325299212115,7100.854852148366,0.023223845043493195,True
tobacco,equalize,794,1000,1000,True,0.05539423607046227,6711.657139070127,0.023569957941204044,True
tobacco,equalize,795,1000,1000,True,0.052922184439718446,6664.58398514746,0.02122958234363256,True
tobacco,equalize,796,1000,1000,True,0.05150562803686359,6782.741363368576,0.020105931969872738,True
tobacco,equalize,797,1000,1000,True,0.059758687478541024,6954.731724729287,0.023761976806821832,True
tobacco,equalize,798,1000,1000,True,0.05077852384123793,6699.212379603367,0.020503147425933406,True
tobacco,equalize,799,1000,1000,True,0.05267344200977766,6791.529636392674,0.020580314256536753,True
tobacco,equalize,800,1000,1000,True,0.057225000847305495,6547.4502402846865,0.02223053218759851,True
tobacco,equalize,801,1000,1000,True,0.04862999943804529,7275.587982202881,0.01610962671187832,True
tobacco,equalize,802,1000,1000,True,0.05438524050810752,6837.549682586299,0.02086005437462018,True
tobacco,equalize,803,1000,1000,True,0.05840139341113088,7065.416187097261,0.017236015876417207,True
tobacco,equalize,804,1000,1000,True,0.05843866935662088,6717.69422630109,0.022818982846245246,True
tobacco,equalize,805,1000,1000,True,0.04867917555666654,6801.1968489094625,0.019088907612565726,True
tobacco,equalize,806,1000,1000,True,0.04919407914255653,6805.223248869283,0.02049851959736606,True
tobacco,equalize,807,1000,1000,True,0.04978032116203661,7096.3337841733455,0.016714554630328147,True
tobacco,equalize,808,1000,1000,True,0.05312140478215107,6844.9318878240865,0.022509041750481025,True
tobacco,equalize,809,1000,1000,True,0.04926272726613484,7113.74191617295,0.01947223064239274,True
tobacco,equalize,810,1000,1000,True,0.05258944503235148,6823.533840700946,0.020603459231334584,True
tobacco,equalize,811,1000,1000,True,0.05313292445881553,7055.061778428237,0.020485766053347756,True
tobacco,equalize,812,1000,1000,True,0.053811735051274616,6817.308620087475,0.023027901594908737,True
tobacco,equalize,813,1000,1000,True,0.05615415234481621,7068.646700255714,0.019658150539364604,True
tobacco,equalize,814,1000,1000,True,0.054680835637304796,6732.095645734618,0.021999475357044343,True
tobacco,equalize,815,1000,1000,True,0.06154458746286359,6798.3343073219785,0.020842552439506536,True
tobacco,equalize,816,1000,1000,True,0.05625285801764063,6925.554138959857,0.021886876076873125,True
tobacco,equalize,817,1000,1000,True,0.05188305910118964,6620.022822309603,0.01803594010178511,True
tobacco,equalize,818,1000,1000,True,0.058412777588274976,7031.508921477381,0.024643982432643544,True
tobacco,equalize,819,1000,1000,True,0.052757724986649414,7292.740650180561,0.020806513221705687,True
tobacco,equalize,820,1000,1000,True,0.05530899572909204,7203.257926730029,0.019967715888543233,True
tobacco,equalize,821,1000,1000,True,0.054491852096438094,7033.270751286061,0.022499736525132617,True
tobacco,equalize,822,1000,1000,True,0.046528069425642804,6954.832274138895,0.015189395106002703,True
tobacco,equalize,823,1000,1000,True,0.05978725468164622,7182.954327140818,0.023438268415902477,True
tobacco,equalize,824,1000,1000,True,0.04941387749546542,7002.0912351553225,0.019344657610508152,True
tobacco,equalize,825,1000,1000,True,0.060302598183337566,6673.239236568625,0.02346089938860241,True
tobacco,equalize,826,1000,1000,True,0.05142261507752345,7066.391009036438,0.014805755306679451,True
tobacco,equalize,827,1000,1000,True,0.06014668356426153,6978.871757143557,0.02092685505022948,True
tobacco,equalize,828,1000,1000,True,0.052215703573888946,6860.771625743274,0.017669216024177883,True
tobacco,equalize,829,1000,1000,True,0.04611545672758339,7066.495277802073,0.013711100935427614,True
tobacco,equalize,830,1000,1000,True,0.04796750802499084,7040.7957020186295,0.016551917129341877,True
tobacco,equalize,831,1000,1000,True,0.05329258668202428,6455.0203564788235,0.022568380199309478,True
tobacco,equalize,832,1000,1000,True,0.0564857702936126,7217.3013464850565,0.021184264515483758,True
tobacco,equalize,833,1000,1000,True,0.047103682567666054,7226.741740820064,0.015049587778810202,True
tobacco,equalize,834,1000,1000,True,0.05125974307429159,6930.941296137993,0.0194213670284094,True
tobacco,equalize,835,1000,1000,True,0.054192681435632,6734.697168700015,0.02016735306786123,True
tobacco,equalize,836,1000,1000,True,0.0508879941434248,7452.138685042301,0.017193297747503184,True
tobacco,equalize,837,1000,1000,True,0.057688864303213086,6833.347207122144,0.02077796212828917,True
tobacco,equalize,838,1000,1000,True,0.058354108143620374,6486.371645359138,0.023387724990859653,True
tobacco,equalize,839,1000,1000,True,0.04836644868415573,6965.108595977453,0.020136529181404853,True
tobacco,equalize,840,1000,1000,True,0.050667089292094986,6743.617455302161,0.022133192771118845,True
tobacco,equalize,841,1000,1000,True,0.06012292934930288,7035.0741453001765,0.019292287857612975,True
tobacco,equalize,842,1000,1000,True,0.05539715132088198,7288.5069120634025,0.019522867602035726,True
tobacco,equalize,843,1000,1000,True,0.047625470479489646,6441.53783683485,0.019849270981732392,True
tobacco,equalize,844,1000,1000,True,0.0497206169439259,6397.348190905275,0.01835326181696558,True
tobacco,equalize,845,1000,1000,True,0.05438089364703975,6845.319897344097,0.02192890679221413,True
tobacco,equalize,846,1000,1000,True,0.047121319685810625,7148.343131278464,0.01698327424343521,True
tobacco,equalize,847,1000,1000,True,0.05884316291520333,6841.920509189726,0.020963773122400838,True
tobacco,equalize,848,1000,1000,True,0.05593942803997501,6946.705982435128,0.023358764201899255,True
tobacco,equalize,849,1000,1000,True,0.05148386325276041,6816.70596003671,0.017813260364814038,True
tobacco,equalize,850,1000,1000,True,0.05601112772513867,7025.799172640718,0.014002905297991601,True
tobacco,equalize,851,1000,1000,True,0.049851506727758406,6843.237839610063,0.01864079196307057,True
tobacco,equalize,852,1000,1000,True,0.05161221258830547,7090.765836156134,0.019289057919318033,True
tobacco,equalize,853,1000,1000,True,0.05898833325300988,6899.04804121257,0.023677117298147695,True
tobacco,equalize,854,1000,1000,True,0.05477567187388724,7354.737316611586,0.01998471386956576,True
tobacco,equalize,855,1000,1000,True,0.05219355461733402,6995.309673309967,0.021010829385089393,True
tobacco,equalize,856,1000,1000,True,0.05495621415556069,6946.309340215421,0.017408303810492583,True
tobacco,equalize,857,1000,1000,True,0.045575384096995325,7042.369029382087,0.01459973045657286,True
tobacco,equalize,858,1000,1000,True,0.05913693742971468,7060.164774397549,0.022986062806498824,True
tobacco,equalize,859,1000,1000,True,0.04966761323735846,6666.997521625158,0.019671925136953077,True
tobacco,equalize,860,1000,1000,True,0.05489484969406831,6709.390924925972,0.022783997346273788,True
tobacco,equalize,861,1000,1000,True,0.05208672666795352,7021.678995763834,0.017809915473218963,True
tobacco,equalize,862,1000,1000,True,0.050000119730223856,6881.674952351644,0.018901943013122747,True
tobacco,equalize,863,1000,1000,True,0.05226069946951757,7367.030306142088,0.02213165235131303,True
tobacco,equalize,864,1000,1000,True,0.05409852570183435,6970.572172058116,0.02109750752900671,True
tobacco,equalize,865,1000,1000,True,0.05464357396587616,6989.605368623038,0.021649138388062622,True
tobacco,equalize,866,1000,1000,True,0.05257080614645531,6668.96368851983,0.018271521042876864,True
tobacco,equalize,867,1000,1000,True,0.056767755655468516,6608.521621990126,0.020061589057584123,True
tobacco,equalize,868,1000,1000,True,0.04956644442972495,6968.8441554748515,0.01513730653430117,True
tobacco,equalize,869,1000,1000,True,0.052331304004075964,6973.214340897317,0.01764458765518847,True
tobacco,equalize,870,1000,1000,True,0.054358925499462925,6567.779687375331,0.019811758855872816,True
tobacco,equalize,871,1000,1000,True,0.05232175788888396,6700.608641259688,0.018527386253295815,True
tobacco,equalize,872,1000,1000,True,0.05210537016910795,6972.981220036018,0.020822257525258268,True
tobacco,equalize,873,1000,1000,True,0.054526708238950033,6955.908222493738,0.02100782035770391,True
tobacco,equalize,874,1000,1000,True,0.050589682667369525,7096.668946484611,0.016416489620255926,True
tobacco,equalize,875,1000,1000,True,0.05334370975395368,6697.214823760695,0.021353263588455098,True
tobacco,equalize,876,1000,1000,True,0.05703236737178351,6606.7040754603195,0.021075239187924363,True
tobacco,equalize,877,1000,1000,True,0.05853222957212687,6971.399625212716,0.02288484527466619,True
tobacco,equalize,878,1000,1000,True,0.051897757393696134,7105.471276164305,0.02204059114891766,True
tobacco,equalize,879,1000,1000,True,0.05041157648296711,6641.668769907078,0.02331122530920162,True
tobacco,equalize,880,1000,1000,True,0.05111078169392364,7288.7756054404645,0.01953298690358824,True
tobacco,equalize,881,1000,1000,True,0.06069530791792621,6825.504153267435,0.02097229493230422,True
tobacco,equalize,882,1000,1000,True,0.052005524687337705,7028.733453591124,0.019150763094731942,True
tobacco,equalize,883,1000,1000,True,0.05641147499260753,6769.907173546695,0.021027972619243752,True
tobacco,equalize,884,1000,1000,True,0.05109570798867363,6890.554248876066,0.01713047551625284,True
tobacco,equalize,885,1000,1000,True,0.05618439589741098,6554.390235695079,0.02250886488598388,True
tobacco,equalize,886,1000,1000,True,0.049493159748746775,6818.104300822626,0.01672720299187866,True
tobacco,equalize,887,1000,1000,True,0.05290779914442095,6880.109831403565,0.018414384873997606,True
tobacco,equalize,888,1000,1000,True,0.05304218105309775,6806.955639336869,0.01886944551243284,True
tobacco,equalize,889,1000,1000,True,0.05133543069699724,6846.09773904222,0.018887966938648797,True
tobacco,equalize,890,1000,1000,True,0.0538669313452064,7211.794913237896,0.017382269853978137,True
tobacco,equalize,891,1000,1000,True,0.05201383519080832,6758.322592473372,0.020434474532717677,True
tobacco,equalize,892,1000,1000,True,0.0550536876693964,6802.648164213037,0.019635348643311436,True
tobacco,equalize,893,1000,1000,True,0.05519654811763975,6739.834689287194,0.021870087762429435,True
tobacco,equalize,894,1000,1000,True,0.053794056857187265,7124.3827968064015,0.01688131853506513,True
tobacco,equalize,895,1000,1000,True,0.05137805645457279,6899.172800125461,0.02074506289715375,True
tobacco,equalize,896,1000,1000,True,0.0504784384482238,6864.684727530536,0.01807163580822698,True
tobacco,equalize,897,1000,1000,True,0.049321299718837384,6915.924716770996,0.02181102667386276,True
tobacco,equalize,898,1000,1000,True,0.049852093709604965,6760.207322329027,0.01714056197900521,True
tobacco,equalize,899,1000,1000,True,0.04918630181028495,6644.9355071555065,0.017035835560687915,True
tobacco,equalize,900,1000,1000,True,0.05950753908948418,6517.95819003344,0.021562209260389778,True
tobacco,equalize,901,1000,1000,True,0.05206832748075935,6994.0009796007325,0.015435894243495285,True
tobacco,equalize,902,1000,1000,True,0.05623375390815543,6534.071655092558,0.015261006290514585,True
tobacco,equalize,903,1000,1000,True,0.051454648341597124,6999.3733943761,0.018010970277767366,True
tobacco,equalize,904,1000,1000,True,0.04931262759414653,6759.928810520935,0.01685223240689672,True
tobacco,equalize,905,1000,1000,True,0.05451367487003489,6975.220433172273,0.019117373371665088,True
tobacco,equalize,906,1000,1000,True,0.05124819086412187,6862.683160318856,0.02126843004421199,True
tobacco,equalize,907,1000,1000,True,0.04896983698979215,7208.997863349315,0.021907972971092295,True
tobacco,equalize,908,1000,1000,True,0.05648198954973917,6905.552643213938,0.02218281186584774,True
tobacco,equalize,909,1000,1000,True,0.05516138387797172,6936.516575515408,0.019080875877061327,True
tobacco,equalize,910,1000,1000,True,0.04962157726538882,7053.592714778406,0.014558374394526166,True
tobacco,equalize,911,1000,1000,True,0.05149270682897718,6674.536951699347,0.020204615362897162,True
tobacco,equalize,912,1000,1000,True,0.050786371366506086,6913.613319652106,0.01915758436330086,True
tobacco,equalize,913,1000,1000,True,0.0501883941336275,7031.017411054818,0.017888436729581743,True
tobacco,equalize,914,1000,1000,True,0.0493557934666911,7075.8478106231205,0.021395998684640215,True
tobacco,equalize,915,1000,1000,True,0.05292675290322161,6767.331542239599,0.019284484248190757,True
tobacco,equalize,916,1000,1000,True,0.04920921284669681,7001.2380310967865,0.021264217644297232,True
tobacco,equalize,917,1000,1000,True,0.05525295822928188,7236.569308445543,0.01733006250532238,True
tobacco,equalize,918,1000,1000,True,0.06224952693703024,6753.238809887889,0.022565243531466515,True
tobacco,equalize,919,1000,1000,True,0.04927914304013301,7058.594478753117,0.0152188250644705,True
tobacco,equalize,920,1000,1000,True,0.05217458463888711,6460.3724103896675,0.01970179104537121,True
tobacco,equalize,921,1000,1000,True,0.04523471789796141,7017.956636878002,0.015015578409642238,True
tobacco,equalize,922,1000,1000,True,0.06231851201442324,7049.281096417138,0.02198982355841053,True
tobacco,equalize,923,1000,1000,True,0.05533638780390536,6997.809284091058,0.023121393889160086,True
tobacco,equalize,924,1000,1000,True,0.04951926845481895,6975.075868763292,0.01886406560392171,True
tobacco,equalize,925,1000,1000,True,0.050470040117023086,6897.195056033648,0.017334152047134028,True
tobacco,equalize,926,1000,1000,True,0.05122966603451674,6848.099588411299,0.01825091777989346,True
tobacco,equalize,927,1000,1000,True,0.048811194089375586,7264.837861452656,0.019407878522235536,True
tobacco,equalize,928,1000,1000,True,0.05028704080439723,6781.832566642663,0.02246491899246065,True
tobacco,equalize,929,1000,1000,True,0.052208334283906116,6914.723169916205,0.021954000483623635,True
tobacco,equalize,930,1000,1000,True,0.05599550811374142,7030.2958479682065,0.019978249628236078,True
tobacco,equalize,931,1000,1000,True,0.052199351956511694,6719.8383107017535,0.02075939899514837,True
tobacco,equalize,932,1000,1000,True,0.05729236505163748,6972.6950716760875,0.022599886902200224,True
tobacco,equalize,933,1000,1000,True,0.05361320745131961,6965.1233383353665,0.02009948526898656,True
tobacco,equalize,934,1000,1000,True,0.0470819193273677,6659.566746012161,0.01808294003733003,True
tobacco,equalize,935,1000,1000,True,0.05994557143029996,7101.612982707449,0.02358663000162158,True
tobacco,equalize,936,1000,1000,True,0.0548870420519134,6867.2455871150405,0.019053274327648098,True
tobacco,equalize,937,1000,1000,True,0.0553029532460232,7068.269799530787,0.015419237610696232,True
tobacco,equalize,938,1000,1000,True,0.051853745379008644,7095.009638246872,0.019626973197384302,True
tobacco,equalize,939,1000,1000,True,0.05333576001311886,7262.162544092221,0.01551181549086243,True
tobacco,equalize,940,1000,1000,True,0.05104618726014205,6954.5559393847,0.019454184233218992,True
tobacco,equalize,941,1000,1000,True,0.059587464021086,6677.4538616260015,0.023222721118854234,True
tobacco,equalize,942,1000,1000,True,0.05807599551049287,6908.503623799006,0.021155281481355453,True
tobacco,equalize,943,1000,1000,True,0.05187015516394144,6843.411120387186,0.02325499220426078,True
tobacco,equalize,944,1000,1000,True,0.06044520108745359,6874.623345715458,0.01997160254528097,True
tobacco,equalize,945,1000,1000,True,0.05791351031518755,6987.0879914052175,0.022686577767791396,True
tobacco,equalize,946,1000,1000,True,0.04865287651732465,6667.272281764935,0.020076481200664957,True
tobacco,equalize,947,1000,1000,True,0.044843444820935024,6664.727873087618,0.01887371185849611,True
tobacco,equalize,948,1000,1000,True,0.04937296801071552,6841.745400302178,0.02066389053808293,True
tobacco,equalize,949,1000,1000,True,0.054999318512296926,6725.704295939274,0.02058040006762849,True
tobacco,equalize,950,1000,1000,True,0.048872780648882945,7196.796992356461,0.016502832559214205,True
tobacco,equalize,951,1000,1000,True,0.05601301307204926,6659.771838103765,0.02197744511477218,True
tobacco,equalize,952,1000,1000,True,0.05498919425247858,6966.938377892473,0.021299449545171625,True
tobacco,equalize,953,1000,1000,True,0.04860432621745802,6765.890186048248,0.01875608081774204,True
tobacco,equalize,954,1000,1000,True,0.04948327964212512,7096.120742681243,0.01722684576432516,True
tobacco,equalize,955,1000,1000,True,0.05898339268421713,6807.992770025245,0.022194556012478307,True
tobacco,equalize,956,1000,1000,True,0.05148661074797623,6979.437547934361,0.015019577506724417,True
tobacco,equalize,957,1000,1000,True,0.0583298391430767,7009.855613138975,0.017616878663940082,True
tobacco,equalize,958,1000,1000,True,0.051337209172580105,7051.4954555126815,0.016353607432243802,True
tobacco,equalize,959,1000,1000,True,0.05437288272506455,7358.036634483346,0.016389413528363053,True
tobacco,equalize,960,1000,1000,True,0.05083320755413704,7399.311112330391,0.01939156379087134,True
tobacco,equalize,961,1000,1000,True,0.05084221117001747,6785.753912260302,0.012840291033995989,True
tobacco,equalize,962,1000,1000,True,0.053066545363822326,7315.699998686046,0.019845337742336308,True
tobacco,equalize,963,1000,1000,True,0.04935530671498562,6919.071047323044,0.017859967764077896,True
tobacco,equalize,964,1000,1000,True,0.050991154915094795,6865.572285949657,0.018355700523751513,True
tobacco,equalize,965,1000,1000,True,0.05272965138197185,6624.455210038333,0.021117410631713643,True
tobacco,equalize,966,1000,1000,True,0.048766431290627625,6843.6024711080345,0.019455416628592032,True
tobacco,equalize,967,1000,1000,True,0.05769385346984628,7184.075272355935,0.020666462995296474,True
tobacco,equalize,968,1000,1000,True,0.0538531950470816,6816.301950518037,0.018932362711140287,True
tobacco,equalize,969,1000,1000,True,0.049777518212830246,7282.039949957361,0.01753539234105649,True
tobacco,equalize,970,1000,1000,True,0.05365168785667951,7070.856079281419,0.014899099499982206,True
tobacco,equalize,971,1000,1000,True,0.05238215279914927,6959.285040113747,0.022224545814406405,True
tobacco,equalize,972,1000,1000,True,0.05050772862616182,6560.230686294423,0.0201895105441242,True
tobacco,equalize,973,1000,1000,True,0.04597040458516681,7120.947443030316,0.017213702054337067,True
tobacco,equalize,974,1000,1000,True,0.05149851424676644,7020.2664203279355,0.02177322298295831,True
tobacco,equalize,975,1000,1000,True,0.05439934295803464,6828.114072139612,0.021804688741097207,True
tobacco,equalize,976,1000,1000,True,0.04970245575009054,6481.169779702118,0.023548780700850258,True
tobacco,equalize,977,1000,1000,True,0.05996230412295518,6975.6637897031,0.023408752044865293,True
tobacco,equalize,978,1000,1000,True,0.05496124366620885,6760.292682794066,0.01992103489115675,True
tobacco,equalize,979,1000,1000,True,0.0621160028987547,6896.723301909393,0.02300302611609956,True
tobacco,equalize,980,1000,1000,True,0.05104442526754305,7111.422442881523,0.019374497777706653,True
tobacco,equalize,981,1000,1000,True,0.047221442511287494,6949.215097009949,0.020044191249695552,True
tobacco,equalize,982,1000,1000,True,0.054211795974778675,6600.135680064766,0.020192649517858492,True
tobacco,equalize,983,1000,1000,True,0.05428512170718514,6981.9447108882205,0.02089282840718377,True
tobacco,equalize,984,1000,1000,True,0.05162883515568419,7110.460880345169,0.017430918714739507,True
tobacco,equalize,985,1000,1000,True,0.04758321592945561,6655.369933280644,0.015073925344668252,True
tobacco,equalize,986,1000,1000,True,0.05679246080355661,6969.522104976711,0.02072175916243902,True
tobacco,equalize,987,1000,1000,True,0.05305415450335376,6647.726275585585,0.020542373099609174,True
tobacco,equalize,988,1000,1000,True,0.04835872257677071,6850.618924873212,0.021336987758609035,True
tobacco,equalize,989,1000,1000,True,0.05767080173768916,6857.725429341058,0.02247617241455776,True
tobacco,equalize,990,1000,1000,True,0.057106805184926404,6937.4022285359815,0.022364633994890463,True
tobacco,equalize,991,1000,1000,True,0.05771775978658692,6810.469395981455,0.022437601736188185,True
tobacco,equalize,992,1000,1000,True,0.0573552422988453,6826.182622767647,0.023300942487597686,True
tobacco,equalize,993,1000,1000,True,0.053407989637504295,6865.109800172973,0.021768759558908356,True
tobacco,equalize,994,1000,1000,True,0.05189732089929101,7127.539705376533,0.016589140380053075,True
tobacco,equalize,995,1000,1000,True,0.050591013679330346,7118.005259343309,0.021683805614255886,True
tobacco,equalize,996,1000,1000,True,0.05307826518798402,7118.274122470348,0.019619224595563332,True
tobacco,equalize,997,1000,1000,True,0.0543910490268897,6679.521069175843,0.021360562814548338,True
tobacco,equalize,998,1000,1000,True,0.056252494586750836,7064.726086741368,0.022233274494545856,True
tobacco,equalize,999,1000,1000,True,0.054876552134642466,6938.701663989885,0.02366514660430219,True
ego,equalize,0,1000,1000,True,0.13462151406493908,13707.596592727115,0.0,True
ego,equalize,1,1000,1000,True,0.16535396094927443,14238.57885010874,0.0019875903990276573,True
ego,equalize,2,1000,1000,True,0.14731401838496844,12961.464387285836,0.49963886958482323,True
ego,equalize,3,1000,1000,True,0.07643811348674229,12175.385179522002,0.0,True
ego,equalize,4,1000,1000,True,0.1854907138908717,14082.677618232656,0.4998999899979995,True
ego,equalize,5,1000,1000,True,0.0873545190066192,12177.222134841713,0.0,True
ego,equalize,6,1000,1000,True,0.16037514053276436,13492.606564337375,0.4975829888735095,True
ego,equalize,7,1000,1000,True,0.1399969543242258,13296.887587662159,0.4995157655169654,True
ego,equalize,8,1000,1000,True,0.08209804266543817,12054.832704902377,0.0,True
ego,equalize,9,1000,1000,True,0.09149341099414042,12414.595246635106,0.001987399488784661,True
ego,equalize,10,1000,1000,True,0.14789159710005367,13902.509698881853,0.4999749993749687,True
ego,equalize,11,1000,1000,True,0.123962311053382,13269.02229206474,0.0,True
ego,equalize,12,1000,1000,True,0.07793104836628087,12756.556797426765,0.49983097142934235,True
ego,equalize,13,1000,1000,True,0.16179333176187885,14681.60882826075,0.49993599590347565,True
ego,equalize,14,1000,1000,True,0.18154917097733042,16203.226499899056,0.0,True
ego,equalize,15,1000,1000,True,0.1233249138104966,12558.345327361842,0.0,True
ego,equalize,16,1000,1000,True,0.15335478306628295,14397.985583849431,0.4999639987039066,True
ego,equalize,17,1000,1000,True,0.09791384556738106,12795.424398394569,0.0,True
ego,equalize,18,1000,1000,True,0.1946502537034884,14647.548605159534,0.4995157655169654,True
ego,equalize,19,1000,1000,True,0.12303453407568399,12992.571939034051,0.4999639987039066,True
ego,equalize,20,1000,1000,True,0.14250946567923387,14477.968108997064,0.4999909999189985,True
ego,equalize,21,1000,1000,True,0.09656646727412511,12518.487245390277,0.0,True
ego,equalize,22,1000,1000,True,0.09848226674078997,12666.226469012741,0.49995099759876466,True
ego,equalize,23,1000,1000,True,0.1948474997589611,14673.956090569953,0.4999839997439918,True
ego,equalize,24,1000,1000,True,0.13803139983314303,13394.44858291658,0.49983097142934235,True
ego,equalize,25,1000,1000,True,0.09139833264285362,13465.275831589008,0.49963886958482323,True
ego,equalize,26,1000,1000,True,0.09243511500052676,11991.875868534955,0.0,True
ego,equalize,27,1000,1000,True,0.10954402655903979,12227.208266625543,0.49640414947275435,True
ego,equalize,28,1000,1000,True,0.11900562040337481,13234.977221324978,0.4984170552937682,True
ego,equalize,29,1000,1000,True,0.09256398974926075,11567.398094967424,0.4999839997439918,True
ego,equalize,30,1000,1000,True,0.14104726769199546,13687.871488458095,0.0,True
ego,equalize,31,1000,1000,True,0.11411037456171827,13052.838082654669,0.4999639987039066,True
ego,equalize,32,1000,1000,True,0.09201698234038233,12846.605845481483,0.49993599590347565,True
ego,equalize,33,1000,1000,True,0.11195749229835501,12654.208585282566,0.49999899999899994,True
ego,equalize,34,1000,1000,True,0.07252730880265267,11463.998284102976,0.4999839997439918,True
ego,equalize,35,1000,1000,True,0.11004473474854765,12628.64629039356,0.0,True
ego,equalize,36,1000,1000,True,0.08269394724326057,12046.985296719466,0.49995099759876466,True
ego,equalize,37,1000,1000,True,0.08231424070291857,12077.818409670474,0.499743934430424,True
ego,equalize,38,1000,1000,True,0.10865907625756588,12284.515361445889,0.4995157655169654,True
ego,equalize,39,1000,1000,True,0.18204732156326092,13838.61064022599,0.5,True
ego,equalize,40,1000,1000,True,0.12464360917134036,12828.103535752078,0.499998999999,True
ego,equalize,41,1000,1000,True,0.10134183423240269,12828.736131769801,0.0019870534172183856,True
ego,equalize,42,1000,1000,True,0.10331539143892343,12169.283958097782,0.4994707198625361,True
ego,equalize,43,1000,1000,True,0.18115638596250955,14436.550144685398,0.49993599590347565,True
ego,equalize,44,1000,1000,True,0.1208131450726904,12549.72679363244,0.0,True
ego,equalize,45,1000,1000,True,0.1366619258857667,14532.83022837847,0.49987898535545583,True
ego,equalize,46,1000,1000,True,0.13683089040216234,13870.395053738555,0.4999909999189985,True
ego,equalize,47,1000,1000,True,0.09243655923695872,12763.949991299714,0.4999909999189985,True
ego,equalize,48,1000,1000,True,0.128181567067425,12813.602310871209,0.49993599590347565,True
ego,equalize,49,1000,1000,True,0.10013454533076357,12923.66862477354,0.0,True
ego,equalize,50,1000,1000,True,0.09691714889219717,13113.182213153868,0.4999189934379369,True
ego,equalize,51,1000,1000,True,0.088826440615701,12620.910999393982,0.0,True
ego,equalize,52,1000,1000,True,0.06885971200199931,11972.008571366126,0.49897494927100305,True
ego,equalize,53,1000,1000,True,0.11131342700312802,12422.335764995405,0.499998999999,True
ego,equalize,54,1000,1000,True,0.15289960635040337,13600.409647395736,0.0,True
ego,equalize,55,1000,1000,True,0.11276110128089561,12737.453662136677,0.4994236678412428,True
ego,equalize,56,1000,1000,True,0.11672313441754817,14282.128632362754,0.4999639987039066,True
ego,equalize,57,1000,1000,True,0.12017446970739032,12989.485645610106,0.49847667949463786,True
ego,equalize,58,1000,1000,True,0.08437373862386263,12687.040437528329,0.0,True
ego,equalize,59,1000,1000,True,0.11055256432553404,12344.562212195457,0.4984061704012963,True
ego,equalize,60,1000,1000,True,0.15510047710543018,13982.165663193058,0.4999639987039066,True
ego,equalize,61,1000,1000,True,0.08619373884239083,12612.85574697356,0.0,True
ego,equalize,62,1000,1000,True,0.12986573653488473,12919.131524516035,0.49985597925802594,True
ego,equalize,63,1000,1000,True,0.10241486150349371,12240.463978926577,0.4999639987039066,True
ego,equalize,64,1000,1000,True,0.1728861090250834,14231.71766217079,0.4999909999189985,True
ego,equalize,65,1000,1000,True,0.12522319437130902,12730.939310269883,0.4993746088859544,True
ego,equalize,66,1000,1000,True,0.10323472780501432,12707.965918181557,0.0,True
ego,equalize,67,1000,1000,True,0.18198949400047265,14194.025397845355,0.4999959999839998,True
ego,equalize,68,1000,1000,True,0.11499862533712736,13593.506052331568,0.4980785361821173,True
ego,equalize,69,1000,1000,True,0.09111680171931691,12225.627113511846,0.4999909999189985,True
ego,equalize,70,1000,1000,True,0.07869503911363361,13236.233020350768,0.4987734956871706,True
ego,equalize,71,1000,1000,True,0.16470120822430476,13618.428817838863,0.4999749993749687,True
ego,equalize,72,1000,1000,True,0.13659676011247796,12711.546643186266,0.4991582915268462,True
ego,equalize,73,1000,1000,True,0.09890001594778823,12360.354423609544,0.0,True
ego,equalize,74,1000,1000,True,0.06409411319190915,12734.616950796399,0.49963886958482323,True
ego,equalize,75,1000,1000,True,0.12069480456638394,13965.905221189172,0.49971091643069,True
ego,equalize,76,1000,1000,True,0.1148921357380213,12758.881883139291,0.49831740029664556,True
ego,equalize,77,1000,1000,True,0.13117045864272017,14628.142317678996,0.42314285375544247,True
ego,equalize,78,1000,1000,True,0.09385758105188054,12764.068861136091,0.4995588053472784,True
ego,equalize,79,1000,1000,True,0.10980102430848214,12471.513835181997,0.0,True
ego,equalize,80,1000,1000,True,0.15407944667673723,14350.921077122506,0.49959983987187184,True
ego,equalize,81,1000,1000,True,0.11204615667222018,13545.264829860505,0.4993235424051224,True
ego,equalize,82,1000,1000,True,0.08356037695416325,12653.287705536612,0.4980602373207482,True
ego,equalize,83,1000,1000,True,0.13020866268907935,14159.960827415307,0.49987898535545583,True
ego,equalize,84,1000,1000,True,0.0975412387777345,11763.089912013935,0.4999639987039066,True
ego,equalize,85,1000,1000,True,0.20826148079044748,15532.763982499411,0.49993599590347565,True
ego,equalize,86,1000,1000,True,0.10382568739860759,12019.360626635013,0.0,True
ego,equalize,87,1000,1000,True,0.12310598519126445,12523.928319619807,0.4991582915268462,True
ego,equalize,88,1000,1000,True,0.14110470450360124,12845.27886797227,0.0019880675944294233,True
ego,equalize,89,1000,1000,True,0.095315156279349,13190.868329554009,0.49995099759876466,True
ego,equalize,90,1000,1000,True,0.0883234979776575,11963.733165270738,0.4999909999189985,True
ego,equalize,91,1000,1000,True,0.19865734394108966,14648.465641657354,0.49997499937496875,True
ego,equalize,92,1000,1000,True,0.1788921335675096,14599.354724593002,0.49995099759876466,True
ego,equalize,93,1000,1000,True,0.13741313896973031,13494.872474921725,0.49971091643068993,True
ego,equalize,94,1000,1000,True,0.11730936811805937,13372.08462423683,0.0,True
ego,equalize,95,1000,1000,True,0.11523739818748885,13545.235653135569,0.0,True
ego,equalize,96,1000,1000,True,0.08160361689959805,12248.635139964574,0.4984360601333807,True
ego,equalize,97,1000,1000,True,0.15380747558819935,14406.949999403725,0.0,True
ego,equalize,98,1000,1000,True,0.10806690999156603,13110.000258097289,0.4996758949559204,True
ego,equalize,99,1000,1000,True,0.11560139538964667,12801.75203649938,0.4981698497286697,True
ego,equalize,100,1000,1000,True,0.14572170462992048,13704.213248343702,0.4999959999839998,True
ego,equalize,101,1000,1000,True,0.19952913422265373,14152.012473800007,0.49971091643068993,True
ego,equalize,102,1000,1000,True,0.09173915787878757,12514.538399348776,0.4987023160162784,True
ego,equalize,103,1000,1000,True,0.15393453370100899,14108.323751150276,0.49997499937496875,True
ego,equalize,104,1000,1000,True,0.08766932630016634,13478.354139697472,0.0,True
ego,equalize,105,1000,1000,True,0.1073931324019319,12428.83697360296,0.0,True
ego,equalize,106,1000,1000,True,0.09134244503460408,12318.439462014292,0.4967524144423887,True
ego,equalize,107,1000,1000,True,0.17795460727576268,13308.021384623637,0.4995588053472784,True
ego,equalize,108,1000,1000,True,0.0836308263410215,11721.844796480415,0.0,True
ego,equalize,109,1000,1000,True,0.18772869501109224,14597.910839283682,0.0,True
ego,equalize,110,1000,1000,True,0.10300970697577416,12514.23142034344,0.4999909999189985,True
ego,equalize,111,1000,1000,True,0.10699126067578177,12025.295655491178,0.4996758949559204,True
ego,equalize,112,1000,1000,True,0.09334113052575889,11746.425064672869,0.4976251914047681,True
ego,equalize,113,1000,1000,True,0.09280691914205352,12204.237914962327,0.0,True
ego,equalize,114,1000,1000,True,0.12424065729950123,14215.01362878432,0.43442057684280305,True
ego,equalize,115,1000,1000,True,0.09664266467460543,12567.195138728093,0.4999839997439918,True
ego,equalize,116,1000,1000,True,0.14338575796718772,13736.628003876025,0.49985597925802594,True
ego,equalize,117,1000,1000,True,0.12034996100769306,12125.784126572227,0.4999749993749687,True
ego,equalize,118,1000,1000,True,0.1212453921539004,12512.768601823658,0.49993599590347565,True
ego,equalize,119,1000,1000,True,0.11347169890688132,11948.800299762313,0.0,True
ego,equalize,120,1000,1000,True,0.11155512928536361,12597.13362308962,0.49959983987187184,True
ego,equalize,121,1000,1000,True,0.1098421275181802,12651.065314691843,0.4999839997439918,True
ego,equalize,122,1000,1000,True,0.11401386030707941,13147.155812488723,0.49985597925802594,True
ego,equalize,123,1000,1000,True,0.08658282848598564,12352.08525043039,0.49983097142934235,True
ego,equalize,124,1000,1000,True,0.1235158454337531,14129.086127846203,0.49971091643068993,True
ego,equalize,125,1000,1000,True,0.11495935970522865,11824.191680347541,0.0,True
ego,equalize,126,1000,1000,True,0.13089267045096217,13860.217748354426,0.4995588053472784,True
ego,equalize,127,1000,1000,True,0.13742038027896317,13648.759891693604,0.0,True
ego,equalize,128,1000,1000,True,0.13925842895430385,13403.553351949588,0.49963886958482323,True
ego,equalize,129,1000,1000,True,0.07581316412636405,12090.591248362298,0.0,True
ego,equalize,130,1000,1000,True,0.10476380520509773,12853.066501395533,0.4990991885387111,True
ego,equalize,131,1000,1000,True,0.11614441387604142,13193.881915874153,0.44154993933228726,True
ego,equalize,132,1000,1000,True,0.11710476390110598,12225.54084895781,0.49959983987187184,True
ego,equalize,133,1000,1000,True,0.1978140201484118,14595.823655356726,0.4999639987039066,True
ego,equalize,134,1000,1000,True,0.11846903093928464,13522.08068223171,0.0,True
ego,equalize,135,1000,1000,True,0.08699848384427561,12075.879598360982,0.4998999899979995,True
ego,equalize,136,1000,1000,True,0.09642596695878666,11659.10777546481,0.4383267852444152,True
ego,equalize,137,1000,1000,True,0.09500013508975201,12355.32132459043,0.4999639987039066,True
ego,equalize,138,1000,1000,True,0.16989767452900137,14855.948550522617,0.4999189934379369,True
ego,equalize,139,1000,1000,True,0.10709809086606406,13506.023468458472,0.0,True
ego,equalize,140,1000,1000,True,0.08718677115274541,12473.246592069605,0.49932354240512244,True
ego,equalize,141,1000,1000,True,0.18016522543549,14382.732916160128,0.49847581540976593,True
ego,equalize,142,1000,1000,True,0.12492180178349097,13488.73405682798,0.5,True
ego,equalize,143,1000,1000,True,0.09631833995991798,12737.499184968923,0.43330277793809296,True
ego,equalize,144,1000,1000,True,0.11196368228584877,12536.573658926749,0.49857517374431154,True
ego,equalize,145,1000,1000,True,0.14478329664994674,13460.684318323641,0.4999959999839998,True
ego,equalize,146,1000,1000,True,0.0914928572670232,12379.120423856291,0.4991582915268462,True
ego,equalize,147,1000,1000,True,0.1779333129245943,14954.001345241046,0.4999639987039066,True
ego,equalize,148,1000,1000,True,0.0769827001246254,12275.904618022047,0.0,True
ego,equalize,149,1000,1000,True,0.092569594134521,12213.890764738931,0.49993599590347565,True
ego,equalize,150,1000,1000,True,0.0825972896030001,12633.635900770252,0.49993599590347565,True
ego,equalize,151,1000,1000,True,0.12181599438996424,13424.932541790704,0.49987898535545583,True
ego,equalize,152,1000,1000,True,0.13877697960888585,14542.451786146654,0.49983097142934235,True
ego,equalize,153,1000,1000,True,0.11115300150444819,13052.012158911131,0.4999639987039066,True
ego,equalize,154,1000,1000,True,0.09798355224182538,12476.07858236938,0.001988067594429423,True
ego,equalize,155,1000,1000,True,0.13610525671719928,14072.178165094272,0.498541521548756,True
ego,equalize,156,1000,1000,True,0.1370563958229076,13211.830401765079,0.0,True
ego,equalize,157,1000,1000,True,0.12567284890790908,12874.990394326474,0.0,True
ego,equalize,158,1000,1000,True,0.13323517932518378,14083.77923907855,0.49983097142934235,True
ego,equalize,159,1000,1000,True,0.12410848521273134,12445.178680385388,0.0019875903990276573,True
ego,equalize,160,1000,1000,True,0.07836013539410665,11400.656244853231,0.4995588053472784,True
ego,equalize,161,1000,1000,True,0.09749636744271947,12540.234623230897,0.4999839997439918,True
ego,equalize,162,1000,1000,True,0.1367094982057776,13203.693023677844,0.49995099759876466,True
ego,equalize,163,1000,1000,True,0.12160206785599131,13837.567758077681,0.49857791609457636,True
ego,equalize,164,1000,1000,True,0.17137181435746876,14428.98886997197,0.4998999899979995,True
ego,equalize,165,1000,1000,True,0.09774327615073418,13239.284511065694,0.4995588053472784,True
ego,equalize,166,1000,1000,True,0.08976469275837552,12969.559392926038,0.0,True
ego,equalize,167,1000,1000,True,0.09221613777334015,12030.714039474133,0.43886609268454374,True
ego,equalize,168,1000,1000,True,0.1820283952783953,14395.966340232635,0.4999839997439918,True
ego,equalize,169,1000,1000,True,0.12059484116350598,12786.731536060182,0.49959983987187184,True
ego,equalize,170,1000,1000,True,0.08708122887214113,12332.959561341146,0.4999639987039066,True
ego,equalize,171,1000,1000,True,0.15188327406814156,14217.698122072186,0.49932354240512244,True
ego,equalize,172,1000,1000,True,0.12064893471829717,14000.65901800283,0.4212590496620866,True
ego,equalize,173,1000,1000,True,0.20191661652311155,14820.633348390716,0.0,True
ego,equalize,174,1000,1000,True,0.17601914406244437,15065.242373160678,0.4338330935803116,True
ego,equalize,175,1000,1000,True,0.09318925604460165,12139.019326957841,0.499743934430424,True
ego,equalize,176,1000,1000,True,0.09392078299384363,12359.177049742268,0.4983880393824132,True
ego,equalize,177,1000,1000,True,0.06311396996002762,12644.458413203745,0.0,True
ego,equalize,178,1000,1000,True,0.10410608864465322,12680.640191808574,0.4998789853554558,True
ego,equalize,179,1000,1000,True,0.19852460070819614,13927.823225174528,0.49983097142934235,True
ego,equalize,180,1000,1000,True,0.11118859514884179,12250.966669938785,0.0,True
ego,equalize,181,1000,1000,True,0.14295366801370982,13592.350913083432,0.4996388695848233,True
ego,equalize,182,1000,1000,True,0.11512141524140884,13057.977567230846,0.4998789853554558,True
ego,equalize,183,1000,1000,True,0.08856117977014756,12255.514647431335,0.49846776788910374,True
ego,equalize,184,1000,1000,True,0.16934772659377553,14026.8146267925,0.0,True
ego,equalize,185,1000,1000,True,0.17534902741922065,13287.877182693104,0.49985597925802594,True
ego,equalize,186,1000,1000,True,0.09360352872927322,12415.36584238032,0.49998399974399177,True
ego,equalize,187,1000,1000,True,0.1271340102071353,13777.416110876196,0.43668172838757585,True
ego,equalize,188,1000,1000,True,0.1354642750605283,14530.672627950815,0.4399251436899674,True
ego,equalize,189,1000,1000,True,0.09670350094206097,12186.33501035303,0.49810291040052124,True
ego,equalize,190,1000,1000,True,0.08650248037038753,13186.623591530319,0.5,True
ego,equalize,191,1000,1000,True,0.18373874975262655,14380.10748947921,0.00397549895378081,True
ego,equalize,192,1000,1000,True,0.11870053120904035,12876.099949888398,0.4999839997439918,True
ego,equalize,193,1000,1000,True,0.10714011897828202,12595.60949229151,0.0,True
ego,equalize,194,1000,1000,True,0.1215121147240821,13364.535461503143,0.4985215773539587,True
ego,equalize,195,1000,1000,True,0.13068842530678706,14060.525241912694,0.0,True
ego,equalize,196,1000,1000,True,0.1676671027559569,14299.16428004602,0.4997749493522059,True
ego,equalize,197,1000,1000,True,0.13739874583403577,13917.159724307972,0.0,True
ego,equalize,198,1000,1000,True,0.11200126166455648,12645.397662055511,0.4998999899979995,True
ego,equalize,199,1000,1000,True,0.0925583488133496,12781.314321333939,0.499998999999,True
ego,equalize,200,1000,1000,True,0.18939134181074072,14440.249616946066,0.49985597925802594,True
ego,equalize,201,1000,1000,True,0.1302013453311287,13394.671751050713,0.0,True
ego,equalize,202,1000,1000,True,0.14060350548438985,14327.876901515276,0.4999909999189985,True
ego,equalize,203,1000,1000,True,0.12144826118872828,12746.862121399721,0.4999959999839998,True
ego,equalize,204,1000,1000,True,0.15431129416475048,13331.07199291036,0.49993599590347565,True
ego,equalize,205,1000,1000,True,0.08214486531240636,12360.796521217555,0.0,True
ego,equalize,206,1000,1000,True,0.1256768901700712,13784.21445315325,0.4999909999189985,True
ego,equalize,207,1000,1000,True,0.14450152771839517,12898.44236156905,0.0,True
ego,equalize,208,1000,1000,True,0.08003030138487498,12785.622536678886,0.49993599590347565,True
ego,equalize,209,1000,1000,True,0.10885920445926342,13246.872148158747,0.3310058208253052,True
ego,equalize,210,1000,1000,True,0.08238809331591603,12102.365980840235,0.49707174648594077,True
ego,equalize,211,1000,1000,True,0.1445154037864194,13770.212840257735,0.4994707198625361,True
ego,equalize,212,1000,1000,True,0.08989518898554548,11776.406590125825,0.49993599590347565,True
ego,equalize,213,1000,1000,True,0.13961484116871575,13608.275998905041,0.4983432050798001,True
ego,equalize,214,1000,1000,True,0.07783775401960143,12007.320315524194,0.426213093544827,True
ego,equalize,215,1000,1000,True,0.08411649920005099,11815.525122645036,0.49909918853871116,True
ego,equalize,216,1000,1000,True,0.07143420625769109,11907.334646749288,0.499998999999,True
ego,equalize,217,1000,1000,True,0.14081155545625676,14044.051870889363,0.438271291208471,True
ego,equalize,218,1000,1000,True,0.08647511425457628,13919.102613237535,0.49983097142934235,True
ego,equalize,219,1000,1000,True,0.1393418030531114,12637.270780202465,0.4999959999839998,True
ego,equalize,220,1000,1000,True,0.1262712182336479,12773.285002400284,0.0,True
ego,equalize,221,1000,1000,True,0.12122820496018724,12540.417549387063,0.4999839997439918,True
ego,equalize,222,1000,1000,True,0.12676614309817452,12456.903799817192,0.4984285794895965,True
ego,equalize,223,1000,1000,True,0.11706014587456665,14332.058606681596,0.49995099759876466,True
ego,equalize,224,1000,1000,True,0.12775756408913555,13396.885827307442,0.001987749476890405,True
ego,equalize,225,1000,1000,True,0.10970394014725537,12352.25830989617,0.49963886958482323,True
ego,equalize,226,1000,1000,True,0.14953642153840868,13975.014080746787,0.49987898535545583,True
ego,equalize,227,1000,1000,True,0.14392272218612256,13390.44062151668,0.0,True
ego,equalize,228,1000,1000,True,0.09929965460152256,12463.069968283056,0.0,True
ego,equalize,229,1000,1000,True,0.1248926629649193,12873.019449596082,0.0,True
ego,equalize,230,1000,1000,True,0.11393142228078063,13893.61113182023,0.4999909999189985,True
ego,equalize,231,1000,1000,True,0.1952468071447828,14538.19173301408,0.49987898535545583,True
ego,equalize,232,1000,1000,True,0.17359116425722468,14533.248724228317,0.4999959999839998,True
ego,equalize,233,1000,1000,True,0.09911802561686595,12693.43896163585,0.4999639987039066,True
ego,equalize,234,1000,1000,True,0.15593270212696014,13529.757519526505,0.499998999999,True
ego,equalize,235,1000,1000,True,0.11190749331896677,13030.40477638262,0.49804173527384454,True
ego,equalize,236,1000,1000,True,0.16633665173892903,14267.49721684497,0.003976143141153081,True
ego,equalize,237,1000,1000,True,0.13483953214715835,13100.523368562646,0.49959983987187184,True
ego,equalize,238,1000,1000,True,0.13607336063958247,13697.93731044773,0.4999639987039066,True
ego,equalize,239,1000,1000,True,0.08868104023669403,12674.990620657318,0.49999899999899994,True
ego,equalize,240,1000,1000,True,0.13452056042755942,13337.295387467393,0.499998999999,True
ego,equalize,241,1000,1000,True,0.12712461088120866,14119.70909567612,0.4984319673652182,True
ego,equalize,242,1000,1000,True,0.08236594939162364,11970.462164354349,0.499998999999,True
ego,equalize,243,1000,1000,True,0.06330901311175764,13096.19020538416,0.43100238910806365,True
ego,equalize,244,1000,1000,True,0.09593108144675283,13197.89530066427,0.4975361103401161,True
ego,equalize,245,1000,1000,True,0.12311450419732754,13304.190731914474,0.49987898535545583,True
ego,equalize,246,1000,1000,True,0.18088378913520936,13689.039286524092,0.4999839997439918,True
ego,equalize,247,1000,1000,True,0.1752216516161174,13927.63540088464,0.4998999899979995,True
ego,equalize,248,1000,1000,True,0.09617815786767973,12084.111789309092,0.4999959999839998,True
ego,equalize,249,1000,1000,True,0.14984270836730357,14366.807509699709,0.4404736695729116,True
ego,equalize,250,1000,1000,True,0.08201038815588364,12649.72475006646,0.0,True
ego,equalize,251,1000,1000,True,0.10222764934589894,12199.503087532048,0.4291164238073842,True
ego,equalize,252,1000,1000,True,0.11778320582031897,13223.184115778431,0.0,True
ego,equalize,253,1000,1000,True,0.12611956839591693,12913.506345881393,0.0,True
ego,equalize,254,1000,1000,True,0.12273814784836574,12867.831607360076,0.0,True
ego,equalize,255,1000,1000,True,0.10232285340656315,12408.270818411042,0.4998789853554558,True
ego,equalize,256,1000,1000,True,0.16059794320748094,13444.925865907591,0.0,True
ego,equalize,257,1000,1000,True,0.09634163896061902,12505.300512718557,0.4998999899979995,True
ego,equalize,258,1000,1000,True,0.16267148739044895,13848.138533947116,0.0,True
ego,equalize,259,1000,1000,True,0.11441657671061888,13713.842605746611,0.4999839997439918,True
ego,equalize,260,1000,1000,True,0.09114582608344036,12217.258825740575,0.001987972164512798,True
ego,equalize,261,1000,1000,True,0.12783783867682272,14444.191948046073,0.426282249970929,True
ego,equalize,262,1000,1000,True,0.12947208412796282,12528.801283765977,0.0,True
ego,equalize,263,1000,1000,True,0.09072887973690612,11780.961501862868,0.0,True
ego,equalize,264,1000,1000,True,0.19369032359071425,14446.75832995015,0.49963886958482323,True
ego,equalize,265,1000,1000,True,0.06345270046902009,12219.744486711617,0.0,True
ego,equalize,266,1000,1000,True,0.09747947783945182,11881.641754585264,0.49932354240512244,True
ego,equalize,267,1000,1000,True,0.139290105079726,13152.061463407323,0.499998999999,True
ego,equalize,268,1000,1000,True,0.11284698564889264,13784.78263950357,0.4999959999839998,True
ego,equalize,269,1000,1000,True,0.15600061531083936,14152.948591985734,0.0,True
ego,equalize,270,1000,1000,True,0.1329769802971559,13572.500756656418,0.003972634634968416,True
ego,equalize,271,1000,1000,True,0.09261705967037315,13106.707673376864,0.4999959999839998,True
ego,equalize,272,1000,1000,True,0.11445089880320354,12822.6105078287,0.4985272287131956,True
ego,equalize,273,1000,1000,True,0.08240466668733323,12692.11903840726,0.4985539088203,True
ego,equalize,274,1000,1000,True,0.10791253334817882,12740.810649824092,0.0,True
ego,equalize,275,1000,1000,True,0.09072627212295097,12696.423015966506,0.0,True
ego,equalize,276,1000,1000,True,0.1344797803938371,13585.049089645536,0.4999959999839998,True
ego,equalize,277,1000,1000,True,0.0864023109357812,12485.69073491695,0.49971091643069,True
ego,equalize,278,1000,1000,True,0.10877525743659054,12584.2696131416,0.499743934430424,True
ego,equalize,279,1000,1000,True,0.1065919341444226,12524.819101025132,0.49980396156893364,True
ego,equalize,280,1000,1000,True,0.13623085512065616,14093.482306319862,0.4999839997439918,True
ego,equalize,281,1000,1000,True,0.1673389483908808,13851.076392898136,0.4999749993749687,True
ego,equalize,282,1000,1000,True,0.1761771904764684,14429.988537048253,0.49903807469971667,True
ego,equalize,283,1000,1000,True,0.09091597007638809,12017.546370316863,0.49983097142934235,True
ego,equalize,284,1000,1000,True,0.19932307653934206,14137.508542202158,0.4995588053472784,True
ego,equalize,285,1000,1000,True,0.09251702897185607,12909.013908725796,0.0,True
ego,equalize,286,1000,1000,True,0.12610299552147392,12829.97779514801,0.0,True
ego,equalize,287,1000,1000,True,0.1391834691534943,13988.63265735304,0.4999909999189985,True
ego,equalize,288,1000,1000,True,0.10175381651653906,12249.718134037166,0.4413084795472303,True
ego,equalize,289,1000,1000,True,0.11444954258236054,13048.997227017715,0.49995099759876466,True
ego,equalize,290,1000,1000,True,0.16020201542538984,13324.534014977935,0.0,True
ego,equalize,291,1000,1000,True,0.163684357423485,13708.4202143952,0.4999909999189985,True
ego,equalize,292,1000,1000,True,0.18343785777182717,14119.001681416288,0.49942366784124287,True
ego,equalize,293,1000,1000,True,0.06910955416996947,12649.586058008223,0.0,True
ego,equalize,294,1000,1000,True,0.1446093583778022,13953.831364238282,0.0,True
ego,equalize,295,1000,1000,True,0.11845292515939385,13273.726007359011,0.0,True
ego,equalize,296,1000,1000,True,0.13669954350371302,13480.811696496618,0.4999839997439918,True
ego,equalize,297,1000,1000,True,0.19868660356842774,13252.593266662945,0.49985597925802594,True
ego,equalize,298,1000,1000,True,0.09603845467741617,12559.72119965073,0.4999839997439918,True
ego,equalize,299,1000,1000,True,0.174858224641984,14477.293224759385,0.4998789853554558,True
ego,equalize,300,1000,1000,True,0.10647788514178853,11972.608943560965,0.49959983987187184,True
ego,equalize,301,1000,1000,True,0.14176632218508584,12667.309793710698,0.0,True
ego,equalize,302,1000,1000,True,0.15872942941280924,14100.552090286961,0.4998789853554558,True
ego,equalize,303,1000,1000,True,0.08882954371824478,12535.66921216538,0.49971091643069,True
ego,equalize,304,1000,1000,True,0.14951545990820547,14623.853318325646,0.4999189934379369,True
ego,equalize,305,1000,1000,True,0.1350148353427906,13456.98315513366,0.4999639987039066,True
ego,equalize,306,1000,1000,True,0.126221905155213,13368.531300810533,0.4999509975987647,True
ego,equalize,307,1000,1000,True,0.11708991120765935,12200.301988949454,0.49971091643068993,True
ego,equalize,308,1000,1000,True,0.11046061129895214,12658.773124103258,0.49897494927100305,True
ego,equalize,309,1000,1000,True,0.1620072240366345,14115.100536239584,0.49983097142934235,True
ego,equalize,310,1000,1000,True,0.06820927360521283,12194.194183586877,0.0,True
ego,equalize,311,1000,1000,True,0.12949971221633633,12672.356729099405,0.0,True
ego,equalize,312,1000,1000,True,0.10303059291382903,12689.063852653551,0.49839743177508444,True
ego,equalize,313,1000,1000,True,0.1301457454485455,13176.092710793704,0.0,True
ego,equalize,314,1000,1000,True,0.0989280394672524,12635.043433034925,0.4999189934379369,True
ego,equalize,315,1000,1000,True,0.13554696273787392,14615.825466759105,0.4999959999839998,True
ego,equalize,316,1000,1000,True,0.13947562132682526,13403.135724566993,0.0,True
ego,equalize,317,1000,1000,True,0.10518043878156869,13064.90155177849,0.4995157655169654,True
ego,equalize,318,1000,1000,True,0.09083650207360726,12424.706935605202,0.003971169851975781,True
ego,equalize,319,1000,1000,True,0.11424577282863262,13322.740594591452,0.4999959999839998,True
ego,equalize,320,1000,1000,True,0.13642875568759247,14022.55298291916,0.0,True
ego,equalize,321,1000,1000,True,0.13580798006574343,13282.203064593614,0.49999899999899994,True
ego,equalize,322,1000,1000,True,0.11421059681451617,13105.248010835201,0.0,True
ego,equalize,323,1000,1000,True,0.17790056468439538,14905.823561507226,0.49897494927100305,True
ego,equalize,324,1000,1000,True,0.1104327893785445,11975.029502296686,0.4970293771396808,True
ego,equalize,325,1000,1000,True,0.2044779315380647,14114.03560931019,0.4999509975987647,True
ego,equalize,326,1000,1000,True,0.14131065534832463,13487.779726614419,0.49963886958482323,True
ego,equalize,327,1000,1000,True,0.1113669286329732,13904.50979665389,0.4976394631649901,True
ego,equalize,328,1000,1000,True,0.12133431965389262,12960.343055350002,0.4999639987039066,True
ego,equalize,329,1000,1000,True,0.09506996646143011,13554.163923121338,0.43103550450565603,True
ego,equalize,330,1000,1000,True,0.14546306308216897,12692.935368427747,0.4999839997439918,True
ego,equalize,331,1000,1000,True,0.13665596393701984,13663.460714730181,0.0,True
ego,equalize,332,1000,1000,True,0.09676007190675624,12299.775399521895,0.0,True
ego,equalize,333,1000,1000,True,0.1343993429330231,13620.616908891277,0.0,True
ego,equalize,334,1000,1000,True,0.1773042314377013,13704.802869802834,0.49728864857344174,True
ego,equalize,335,1000,1000,True,0.09278741637838035,12232.754078625305,0.4999959999839998,True
ego,equalize,336,1000,1000,True,0.17399948454803477,14074.516660901716,0.49932354240512244,True
ego,equalize,337,1000,1000,True,0.15381245522274994,13763.598315785157,0.0,True
ego,equalize,338,1000,1000,True,0.08555810944645785,12197.462834527474,0.0,True
ego,equalize,339,1000,1000,True,0.11062213316788,12915.600521617258,0.49995099759876466,True
ego,equalize,340,1000,1000,True,0.10135003923369564,12327.188471267727,0.4998039615689336,True
ego,equalize,341,1000,1000,True,0.13522067557896564,13755.435081158828,0.49995099759876466,True
ego,equalize,342,1000,1000,True,0.10446270760503867,12047.429491221395,0.0,True
ego,equalize,343,1000,1000,True,0.12734590631218415,13107.440463641253,0.0,True
ego,equalize,344,1000,1000,True,0.12557448564264564,13267.491004080575,0.4998789853554558,True
ego,equalize,345,1000,1000,True,0.14676951573317412,14304.710324669422,0.4999509975987647,True
ego,equalize,346,1000,1000,True,0.12572817431877464,13116.46838491383,0.4995588053472784,True
ego,equalize,347,1000,1000,True,0.13160866940795704,13144.27799174135,0.4995157655169654,True
ego,equalize,348,1000,1000,True,0.14250184956855055,14110.180026582084,0.4999909999189985,True
ego,equalize,349,1000,1000,True,0.19239117576626236,15164.699163063671,0.49993599590347565,True
ego,equalize,350,1000,1000,True,0.13482983219302117,13211.210661005145,0.4428376642231974,True
ego,equalize,351,1000,1000,True,0.12959455020859026,13835.647847067517,0.49971091643068993,True
ego,equalize,352,1000,1000,True,0.09654968579835498,13567.861034011808,0.4998039615689336,True
ego,equalize,353,1000,1000,True,0.11517408671426659,13112.028638610847,0.4994707198625361,True
ego,equalize,354,1000,1000,True,0.10243197006307307,12382.849106106034,0.0,True
ego,equalize,355,1000,1000,True,0.12103205128997309,13492.03515528343,0.4999749993749687,True
ego,equalize,356,1000,1000,True,0.0964855800280144,13990.980221076577,0.4999749993749687,True
ego,equalize,357,1000,1000,True,0.15826744066211257,14222.177653483448,0.49983097142934235,True
ego,equalize,358,1000,1000,True,0.09341303931030645,12801.505321313427,0.4998999899979995,True
ego,equalize,359,1000,1000,True,0.1631708871231712,13302.075039571833,0.4998789853554558,True
ego,equalize,360,1000,1000,True,0.14125927726152282,14060.021024709175,0.4309830303677989,True
ego,equalize,361,1000,1000,True,0.11376024796739903,12675.12051701123,0.49963886958482323,True
ego,equalize,362,1000,1000,True,0.09242936801883404,12095.605686825444,0.4998789853554558,True
ego,equalize,363,1000,1000,True,0.12329495001980474,13659.38570129067,0.4999839997439918,True
ego,equalize,364,1000,1000,True,0.09858255803271579,12052.644848690099,0.001987749476890405,True
ego,equalize,365,1000,1000,True,0.21074727053209008,15718.49681233899,0.49942366784124287,True
ego,equalize,366,1000,1000,True,0.11291889327366661,12864.6439389884,0.44716309897049233,True
ego,equalize,367,1000,1000,True,0.10608294667755862,12734.14326992401,0.0,True
ego,equalize,368,1000,1000,True,0.09174475843324839,12600.986265112704,0.499743934430424,True
ego,equalize,369,1000,1000,True,0.06700979180970715,11809.440884687301,0.0,True
ego,equalize,370,1000,1000,True,0.13939217754104655,13328.67193065532,0.49983097142934235,True
ego,equalize,371,1000,1000,True,0.09773245342162457,12115.153872551351,0.4981246265741484,True
ego,equalize,372,1000,1000,True,0.09237025907364664,11893.86711338911,0.4984097599286137,True
ego,equalize,373,1000,1000,True,0.1083743170365971,13625.721212732338,0.0,True
ego,equalize,374,1000,1000,True,0.11392364811264993,13309.602373083277,0.4992153843783262,True
ego,equalize,375,1000,1000,True,0.16418579458399174,14194.070203650219,0.0,True
ego,equalize,376,1000,1000,True,0.16708040147880918,14955.400978956599,0.4999509975987647,True
ego,equalize,377,1000,1000,True,0.2022432712613362,14819.877402668317,0.49983097142934235,True
ego,equalize,378,1000,1000,True,0.1751028071488082,13872.945725602729,0.4999189934379369,True
ego,equalize,379,1000,1000,True,0.1549900683635486,14413.498976983346,0.4995157655169654,True
ego,equalize,380,1000,1000,True,0.10723703046734014,11840.697122062365,0.4999909999189985,True
ego,equalize,381,1000,1000,True,0.17244578069911357,14281.727944085196,0.49983097142934235,True
ego,equalize,382,1000,1000,True,0.12854818775149268,13860.145419537128,0.4999749993749687,True
ego,equalize,383,1000,1000,True,0.1472785962238753,12889.323057714048,0.4999639987039066,True
ego,equalize,384,1000,1000,True,0.11361644591139707,12251.326070919833,0.0,True
ego,equalize,385,1000,1000,True,0.15107438352943067,13597.129534215337,0.4995588053472784,True
ego,equalize,386,1000,1000,True,0.13401422673405855,13536.7514765632,0.4987023160162784,True
ego,equalize,387,1000,1000,True,0.16872609914220127,13835.910201123706,0.4999959999839998,True
ego,equalize,388,1000,1000,True,0.1375201988721743,13091.146185244284,0.003973271328706348,True
ego,equalize,389,1000,1000,True,0.11116668268328478,13184.530404799558,0.0,True
ego,equalize,390,1000,1000,True,0.1881607688223476,13663.945861643006,0.4975460334096404,True
ego,equalize,391,1000,1000,True,0.1910570360681571,13107.381637855786,0.4999189934379369,True
ego,equalize,392,1000,1000,True,0.12968766683374788,14183.991647044882,0.4985629817198829,True
ego,equalize,393,1000,1000,True,0.16496442437950815,13953.504309351827,0.4994707198625361,True
ego,equalize,394,1000,1000,True,0.09235847691322094,12615.232503629531,0.4999959999839998,True
ego,equalize,395,1000,1000,True,0.1504064309494367,14073.219173891806,0.49997499937496875,True
ego,equalize,396,1000,1000,True,0.1182201725480947,13288.335136101852,0.0,True
ego,equalize,397,1000,1000,True,0.11017846719657944,12239.529664829404,0.4996758949559204,True
ego,equalize,398,1000,1000,True,0.14352546397821156,14407.627559908535,0.4998999899979995,True
ego,equalize,399,1000,1000,True,0.08860721465851355,12201.482739544566,0.0,True
ego,equalize,400,1000,1000,True,0.11695472001995215,12851.748466772877,0.49999899999899994,True
ego,equalize,401,1000,1000,True,0.1515277215424152,14106.132644502675,0.4999839997439918,True
ego,equalize,402,1000,1000,True,0.19716388133054302,13668.934812495047,0.4998999899979995,True
ego,equalize,403,1000,1000,True,0.1144250936104194,12674.619639518338,0.4994707198625361,True
ego,equalize,404,1000,1000,True,0.13974514235876775,14168.048915720046,0.4992153843783262,True
ego,equalize,405,1000,1000,True,0.1711537816413862,14071.386551226251,0.0,True
ego,equalize,406,1000,1000,True,0.1342156607204962,13730.773829368685,0.4993746088859544,True
ego,equalize,407,1000,1000,True,0.1460417260928888,13402.820991307724,0.4979132048629881,True
ego,equalize,408,1000,1000,True,0.1368887259407631,14025.457418508675,0.49788664580912845,True
ego,equalize,409,1000,1000,True,0.09390466095323775,13308.862282313954,0.4999839997439918,True
ego,equalize,410,1000,1000,True,0.16004734308998989,13063.321663824672,0.0,True
ego,equalize,411,1000,1000,True,0.17448227428939628,14096.007992816654,0.49993599590347565,True
ego,equalize,412,1000,1000,True,0.11847437691654407,12414.74321741497,0.0,True
ego,equalize,413,1000,1000,True,0.12643155105056547,13736.74270123904,0.0,True
ego,equalize,414,1000,1000,True,0.08643080724183044,13109.094230109265,0.4975514304286619,True
ego,equalize,415,1000,1000,True,0.0908641248642233,11827.352497083657,0.0,True
ego,equalize,416,1000,1000,True,0.10257750710181376,13239.625958518769,0.4998999899979995,True
ego,equalize,417,1000,1000,True,0.09518250907614491,12707.292544372149,0.43100922022486793,True
ego,equalize,418,1000,1000,True,0.10690976426196261,12457.008670811743,0.49987898535545583,True
ego,equalize,419,1000,1000,True,0.11740010226416309,12447.916428768955,0.4999509975987647,True
ego,equalize,420,1000,1000,True,0.08346189452667635,11884.761708870356,0.4999639987039066,True
ego,equalize,421,1000,1000,True,0.11411259485140289,12533.594150923987,0.499998999999,True
ego,equalize,422,1000,1000,True,0.10959742024475512,12965.148928187404,0.0,True
ego,equalize,423,1000,1000,True,0.16334525456690457,14430.521567120019,0.4999909999189985,True
ego,equalize,424,1000,1000,True,0.09628420218089484,13008.128398215633,0.0,True
ego,equalize,425,1000,1000,True,0.15825354278416076,14555.128805407356,0.49963886958482323,True
ego,equalize,426,1000,1000,True,0.11411503063466785,12844.689489391287,0.0,True
ego,equalize,427,1000,1000,True,0.10029426877916817,12636.5929901422,0.49985597925802594,True
ego,equalize,428,1000,1000,True,0.1010187826594629,12567.015632013672,0.0,True
ego,equalize,429,1000,1000,True,0.10915590177765533,12981.05736922039,0.4292198222664846,True
ego,equalize,430,1000,1000,True,0.11582215041152392,12781.237531258232,0.43800608454555656,True
ego,equalize,431,1000,1000,True,0.09920180866263693,12519.385822905811,0.49987898535545583,True
ego,equalize,432,1000,1000,True,0.09063566560567056,12637.186067348024,0.0019869221329252085,True
ego,equalize,433,1000,1000,True,0.10413673278004577,12951.314883588308,0.4369438890738411,True
ego,equalize,434,1000,1000,True,0.10086898926894468,12826.138591499937,0.4994236678412428,True
ego,equalize,435,1000,1000,True,0.0954015408869926,12175.239564955757,0.0,True
ego,equalize,436,1000,1000,True,0.16633892775403997,14519.566663902851,0.49997499937496875,True
ego,equalize,437,1000,1000,True,0.09639106386560597,12107.750976562244,0.435548240765443,True
ego,equalize,438,1000,1000,True,0.18113755049783717,13732.90512220335,0.0,True
ego,equalize,439,1000,1000,True,0.07629774969305073,11617.201450689403,0.0,True
ego,equalize,440,1000,1000,True,0.096996912778185,12648.504217800775,0.499743934430424,True
ego,equalize,441,1000,1000,True,0.16463191957996176,14674.601506897417,0.49995099759876466,True
ego,equalize,442,1000,1000,True,0.1158571518070226,13954.192496401609,0.49847271261297266,True
ego,equalize,443,1000,1000,True,0.12176412486717182,11901.460439201735,0.001984489815263265,True
ego,equalize,444,1000,1000,True,0.10253830187815025,13313.984457400422,0.499270467782744,True
ego,equalize,445,1000,1000,True,0.14568411417693194,14801.290486777665,0.4999839997439918,True
ego,equalize,446,1000,1000,True,0.08939169740916289,12429.151266009438,0.4998999899979995,True
ego,equalize,447,1000,1000,True,0.08007507781022218,11899.29940255291,0.0,True
ego,equalize,448,1000,1000,True,0.11039126782272894,12835.581077601397,0.49993599590347565,True
ego,equalize,449,1000,1000,True,0.10262905893118313,13551.970239283695,0.0029792192774371696,True
ego,equalize,450,1000,1000,True,0.09608528580621033,11633.03978638219,0.0,True
ego,equalize,451,1000,1000,True,0.13078220328544926,13511.594357931857,0.002981385598541486,True
ego,equalize,452,1000,1000,True,0.09252345308265686,12463.333227206918,0.49987898535545583,True
ego,equalize,453,1000,1000,True,0.099589550706145,12513.797499989802,0.43718523227888595,True
ego,equalize,454,1000,1000,True,0.19103644655352445,14968.890606721528,0.4999909999189985,True
ego,equalize,455,1000,1000,True,0.09970971158334858,13463.59553050191,0.49999899999899994,True
ego,equalize,456,1000,1000,True,0.1852463838759398,13883.51763947221,0.4999509975987647,True
ego,equalize,457,1000,1000,True,0.1476516361303621,13761.818747091207,0.0,True
ego,equalize,458,1000,1000,True,0.12157507824472118,12332.999092490682,0.4998999899979995,True
ego,equalize,459,1000,1000,True,0.11306609121366405,13205.058452826175,0.4998789853554558,True
ego,equalize,460,1000,1000,True,0.08936472377729197,12111.520251398832,0.0,True
ego,equalize,461,1000,1000,True,0.10282238877034491,12354.826915347863,0.4991582915268462,True
ego,equalize,462,1000,1000,True,0.12128403711395974,13810.700492599173,0.49959983987187184,True
ego,equalize,463,1000,1000,True,0.07371018701014848,11872.176944873043,0.49993599590347565,True
ego,equalize,464,1000,1000,True,0.13722637065663426,13268.47395373801,0.0,True
ego,equalize,465,1000,1000,True,0.1895715946131396,14566.485786555075,0.49997499937496875,True
ego,equalize,466,1000,1000,True,0.10559979140738196,11970.668824988477,0.0,True
ego,equalize,467,1000,1000,True,0.11524711286373314,12443.082209229311,0.0,True
ego,equalize,468,1000,1000,True,0.11049443379862105,12780.54148469739,0.4999959999839998,True
ego,equalize,469,1000,1000,True,0.14096345898735646,13985.761349339515,0.499743934430424,True
ego,equalize,470,1000,1000,True,0.11089077396919503,12026.321090771526,0.0,True
ego,equalize,471,1000,1000,True,0.19131812729454614,14627.553815996851,0.4998789853554558,True
ego,equalize,472,1000,1000,True,0.10400412395441307,12762.847587512122,0.49848317178056006,True
ego,equalize,473,1000,1000,True,0.10284271629044736,12774.613745231438,0.49690891359902883,True
ego,equalize,474,1000,1000,True,0.10966180031823027,12570.028615970252,0.4999909999189985,True
ego,equalize,475,1000,1000,True,0.13360018635510204,14504.090269073617,0.4995157655169654,True
ego,equalize,476,1000,1000,True,0.12100594899371134,12995.827022359907,0.49983097142934235,True
ego,equalize,477,1000,1000,True,0.09162201005189997,12308.64621701737,0.49675541156107844,True
ego,equalize,478,1000,1000,True,0.1089667853835593,12724.710141134845,0.4414838536076904,True
ego,equalize,479,1000,1000,True,0.1250188205380996,13441.219556863096,0.4994707198625361,True
ego,equalize,480,1000,1000,True,0.07847921907435117,11865.519836819793,0.49983097142934235,True
ego,equalize,481,1000,1000,True,0.1067787586697118,13023.381801786354,0.0,True
ego,equalize,482,1000,1000,True,0.07880417750193713,12376.313193323931,0.4998789853554558,True
ego,equalize,483,1000,1000,True,0.07991103630578435,12270.27987206384,0.0,True
ego,equalize,484,1000,1000,True,0.10076377593816496,12886.385141889092,0.5,True
ego,equalize,485,1000,1000,True,0.11738425511764819,12508.417081297537,0.49997499937496875,True
ego,equalize,486,1000,1000,True,0.13012717917445923,13258.778978759696,0.4987023160162784,True
ego,equalize,487,1000,1000,True,0.12641475369489452,13401.313495069018,0.4995588053472784,True
ego,equalize,488,1000,1000,True,0.10654356492140628,12248.239719494552,0.0,True
ego,equalize,489,1000,1000,True,0.13101090153615702,12465.406345649506,0.0019880357849661966,True
ego,equalize,490,1000,1000,True,0.07892902427530665,12479.88189547381,0.49983097142934235,True
ego,equalize,491,1000,1000,True,0.12645950855545818,13264.185091937008,0.49987898535545583,True
ego,equalize,492,1000,1000,True,0.08927885363195784,12507.921665744474,0.43042297593836293,True
ego,equalize,493,1000,1000,True,0.09397965792876325,12272.16623358627,0.44512312276221944,True
ego,equalize,494,1000,1000,True,0.13634352623497925,13086.50873651086,0.0,True
ego,equalize,495,1000,1000,True,0.14877674576463001,14147.185844978181,0.4998999899979995,True
ego,equalize,496,1000,1000,True,0.10137859423601932,12821.628504046395,0.49763857510978854,True
ego,equalize,497,1000,1000,True,0.13601119210516457,13170.64571784922,0.0,True
ego,equalize,498,1000,1000,True,0.12189735895326978,13684.254201253498,0.49897494927100305,True
ego,equalize,499,1000,1000,True,0.11804458493612453,13619.419668612572,0.49983097142934235,True
ego,equalize,500,1000,1000,True,0.10687130463237987,12119.887840495514,0.499998999999,True
ego,equalize,501,1000,1000,True,0.16294649800851035,14545.376126356823,0.4987734956871706,True
ego,equalize,502,1000,1000,True,0.10292697878492243,12787.883109274342,0.0,True
ego,equalize,503,1000,1000,True,0.10826660140866028,12389.329526275382,0.0,True
ego,equalize,504,1000,1000,True,0.18317876546701453,15307.569438053059,0.4995157655169654,True
ego,equalize,505,1000,1000,True,0.14406890803446673,13531.628595050339,0.0,True
ego,equalize,506,1000,1000,True,0.09183603913551464,12155.70093525766,0.4983763534164088,True
ego,equalize,507,1000,1000,True,0.09708972536683033,12251.08891395826,0.0,True
ego,equalize,508,1000,1000,True,0.12610944496496526,13274.105117412586,0.4979553502978007,True
ego,equalize,509,1000,1000,True,0.16285200177563267,13253.38586261937,0.4999959999839998,True
ego,equalize,510,1000,1000,True,0.12145389822274061,12482.75042984534,0.0,True
ego,equalize,511,1000,1000,True,0.15429162556266265,13876.885880180896,0.5,True
ego,equalize,512,1000,1000,True,0.10783299786458234,12714.030622780449,0.0,True
ego,equalize,513,1000,1000,True,0.09272732378456888,13297.549315370521,0.4999189934379369,True
ego,equalize,514,1000,1000,True,0.13765086835138107,13923.578079746456,0.49997499937496875,True
ego,equalize,515,1000,1000,True,0.09125347866505178,12613.249262351039,0.49897494927100305,True
ego,equalize,516,1000,1000,True,0.09332124940289509,12586.446422671293,0.0,True
ego,equalize,517,1000,1000,True,0.13653632715990774,13707.63251366931,0.49987898535545583,True
ego,equalize,518,1000,1000,True,0.1313459374980528,14039.2141810185,0.49951576551696536,True
ego,equalize,519,1000,1000,True,0.14049396421303367,14839.543847066157,0.4999959999839998,True
ego,equalize,520,1000,1000,True,0.1323493480014395,13442.935773214682,0.49987898535545583,True
ego,equalize,521,1000,1000,True,0.08423977100847657,11959.958734393693,0.0,True
ego,equalize,522,1000,1000,True,0.11471027497863144,12389.687106790027,0.49985597925802594,True
ego,equalize,523,1000,1000,True,0.16766132391830904,14383.419817069618,0.0,True
ego,equalize,524,1000,1000,True,0.12947255913132855,13042.225852007165,0.4994707198625361,True
ego,equalize,525,1000,1000,True,0.13306058173180937,12959.144095099955,0.001986635664353174,True
ego,equalize,526,1000,1000,True,0.1500676395102898,13955.663723932446,0.49797088268291345,True
ego,equalize,527,1000,1000,True,0.19952258549124285,14968.524866961474,0.5,True
ego,equalize,528,1000,1000,True,0.15786397644187675,14880.797375666534,0.49862912068991716,True
ego,equalize,529,1000,1000,True,0.17223208829087294,14762.185465337578,0.4995157655169654,True
ego,equalize,530,1000,1000,True,0.18879489999027646,14956.90181218236,0.4999839997439918,True
ego,equalize,531,1000,1000,True,0.16758080731534608,14519.689747409757,0.499743934430424,True
ego,equalize,532,1000,1000,True,0.10294289801789651,12809.80378532302,0.49971091643068993,True
ego,equalize,533,1000,1000,True,0.12135417740403352,13574.689649174266,0.43215297573859596,True
ego,equalize,534,1000,1000,True,0.11872313063794834,12723.46171278206,0.49797088268291345,True
ego,equalize,535,1000,1000,True,0.09987241276777767,12249.497677159501,0.49862912068991716,True
ego,equalize,536,1000,1000,True,0.11902778809097428,13239.566634584382,0.0,True
ego,equalize,537,1000,1000,True,0.20079586603052188,14673.098640197852,0.0,True
ego,equalize,538,1000,1000,True,0.10747518404187695,12138.952348923527,0.0019880715705765406,True
ego,equalize,539,1000,1000,True,0.14287092290953282,13820.23753218446,0.4999959999839998,True
ego,equalize,540,1000,1000,True,0.15665786335037435,13328.609894520734,0.0,True
ego,equalize,541,1000,1000,True,0.09228512217645174,12788.18615962682,0.4999639987039066,True
ego,equalize,542,1000,1000,True,0.14024163555130983,12389.430647212002,0.4994707198625361,True
ego,equalize,543,1000,1000,True,0.1563582054485283,13413.213154196723,0.49757668525704235,True
ego,equalize,544,1000,1000,True,0.12830081871678078,14388.307053038276,0.0,True
ego,equalize,545,1000,1000,True,0.10784802554316515,13244.142483906462,0.0,True
ego,equalize,546,1000,1000,True,0.11851673177950045,12891.396158173675,0.003975856848540012,True
ego,equalize,547,1000,1000,True,0.09251730420208631,12532.326789930112,0.49985597925802594,True
ego,equalize,548,1000,1000,True,0.09534292975919098,12556.686140011583,0.4081874205430569,True
ego,equalize,549,1000,1000,True,0.14490874604463583,14118.64292156916,0.0,True
ego,equalize,550,1000,1000,True,0.12473105206695982,13135.019581348175,0.4415247244732533,True
ego,equalize,551,1000,1000,True,0.12474985108186785,12690.802988882304,0.0,True
ego,equalize,552,1000,1000,True,0.11164837963408471,11618.799565669036,0.0,True
ego,equalize,553,1000,1000,True,0.15630159409747438,14258.354577964983,0.49983097142934235,True
ego,equalize,554,1000,1000,True,0.18319531868379108,14230.293362449525,0.0,True
ego,equalize,555,1000,1000,True,0.1224964851072767,12963.189489871349,0.49942366784124287,True
ego,equalize,556,1000,1000,True,0.14438713615736049,14242.408799205246,0.4998999899979995,True
ego,equalize,557,1000,1000,True,0.10278785672323984,13066.645147628331,0.0,True
ego,equalize,558,1000,1000,True,0.0963777623052434,12520.203522149472,0.0,True
ego,equalize,559,1000,1000,True,0.09235092330147615,13259.07317380804,0.0,True
ego,equalize,560,1000,1000,True,0.09485012173550314,13091.589652672397,0.0,True
ego,equalize,561,1000,1000,True,0.08436220765063504,12296.017959253475,0.5,True
ego,equalize,562,1000,1000,True,0.19104979790550194,13835.921680810283,0.4393774576834187,True
ego,equalize,563,1000,1000,True,0.1756079406991684,14289.103686949717,0.4999189934379369,True
ego,equalize,564,1000,1000,True,0.06720265244011091,12102.879340626305,0.49997499937496875,True
ego,equalize,565,1000,1000,True,0.08779255875261084,12734.541405998882,0.49790208414682563,True
ego,equalize,566,1000,1000,True,0.15614391952140874,14160.431597613258,0.499743934430424,True
ego,equalize,567,1000,1000,True,0.08922336193575775,12547.789104666846,0.4998039615689336,True
ego,equalize,568,1000,1000,True,0.10736345779790071,12638.041699799813,0.43444720812393367,True
ego,equalize,569,1000,1000,True,0.19838559180848847,14947.432347008633,0.4999959999839998,True
ego,equalize,570,1000,1000,True,0.12607616215950432,13098.81511789425,0.0,True
ego,equalize,571,1000,1000,True,0.1527543376276929,14378.844572979988,0.49862912068991716,True
ego,equalize,572,1000,1000,True,0.0949778331513311,12169.932799941831,0.3143417181366473,True
ego,equalize,573,1000,1000,True,0.1020999312933355,12656.059262950337,0.44203084876858717,True
ego,equalize,574,1000,1000,True,0.16871077613611749,14007.044849871652,0.001988007951268357,True
ego,equalize,575,1000,1000,True,0.11079198595150115,12449.743908374623,0.0,True
ego,equalize,576,1000,1000,True,0.14265609463515133,14070.556927435353,0.49985597925802594,True
ego,equalize,577,1000,1000,True,0.08399886884496938,12393.713132571047,0.4979693453657869,True
ego,equalize,578,1000,1000,True,0.0836489468612773,11622.342037018141,0.4369415412043855,True
ego,equalize,579,1000,1000,True,0.11716166084502487,13202.213777696186,0.4999639987039066,True
ego,equalize,580,1000,1000,True,0.09911974569228506,12061.206737983352,0.4982914658499338,True
ego,equalize,581,1000,1000,True,0.18111681865888266,14300.075648325745,0.49997499937496875,True
ego,equalize,582,1000,1000,True,0.10458000591489346,12435.263167986595,0.0,True
ego,equalize,583,1000,1000,True,0.12558017204559793,12801.453239159957,0.499998999999,True
ego,equalize,584,1000,1000,True,0.10254103167995587,12175.295490744813,0.49993599590347565,True
ego,equalize,585,1000,1000,True,0.13300206948144203,12654.752947416675,0.49963886958482323,True
ego,equalize,586,1000,1000,True,0.14229306075486306,13515.493883087478,0.49997499937496875,True
ego,equalize,587,1000,1000,True,0.14746849167580517,14575.476795666205,0.499998999999,True
ego,equalize,588,1000,1000,True,0.12122299250781002,13285.684277563576,0.49987898535545583,True
ego,equalize,589,1000,1000,True,0.11078441017965636,13377.24230577345,0.4985391484600394,True
ego,equalize,590,1000,1000,True,0.1846201478242418,15514.28302682196,0.4999189934379369,True
ego,equalize,591,1000,1000,True,0.13676726261894753,13049.448838781467,0.4995157655169654,True
ego,equalize,592,1000,1000,True,0.07904432118308599,12199.65676220442,0.499998999999,True
ego,equalize,593,1000,1000,True,0.10023326459099928,12051.472901350067,0.4280538016380454,True
ego,equalize,594,1000,1000,True,0.12005015425289126,14092.090235776806,0.49843423044420126,True
ego,equalize,595,1000,1000,True,0.12926442642208819,13695.261997435464,0.0,True
ego,equalize,596,1000,1000,True,0.10077474491986738,12050.392377390497,0.0,True
ego,equalize,597,1000,1000,True,0.08015949649199522,12323.902827301707,0.0,True
ego,equalize,598,1000,1000,True,0.11296884992230767,12683.84187000922,0.499998999999,True
ego,equalize,599,1000,1000,True,0.12898453787747582,12682.243283257265,0.4975634551324008,True
ego,equalize,600,1000,1000,True,0.11934928408500299,13953.324037589178,0.49959983987187184,True
ego,equalize,601,1000,1000,True,0.09050861225415952,12024.41216502811,0.0,True
ego,equalize,602,1000,1000,True,0.10604042660472082,12611.595392635145,0.4984038165213106,True
ego,equalize,603,1000,1000,True,0.095204773177673,13215.885931070077,0.0,True
ego,equalize,604,1000,1000,True,0.08458467348010286,12685.821623268987,0.0,True
ego,equalize,605,1000,1000,True,0.17408367460024693,14545.917501811291,0.4999909999189985,True
ego,equalize,606,1000,1000,True,0.09263569358463822,12739.564051781324,0.4998039615689336,True
ego,equalize,607,1000,1000,True,0.10752432780465714,13309.810430162821,0.4995157655169654,True
ego,equalize,608,1000,1000,True,0.07906047990035071,12738.873373678067,0.49983097142934235,True
ego,equalize,609,1000,1000,True,0.13626261549452717,13580.919789975347,0.4999909999189985,True
ego,equalize,610,1000,1000,True,0.09221322064245853,12679.160095345589,0.438877982241809,True
ego,equalize,611,1000,1000,True,0.1575685485231312,13776.830208315845,0.49963886958482323,True
ego,equalize,612,1000,1000,True,0.10943220870329251,13190.588795881858,0.49993599590347565,True
ego,equalize,613,1000,1000,True,0.13699248699180508,14107.754779531859,0.499998999999,True
ego,equalize,614,1000,1000,True,0.1118929676087522,12025.40646554282,0.49909918853871116,True
ego,equalize,615,1000,1000,True,0.15636057094937744,14926.902498661906,0.4996388695848233,True
ego,equalize,616,1000,1000,True,0.10595362464285867,13565.950389178195,0.49963886958482323,True
ego,equalize,617,1000,1000,True,0.0799842579043862,12912.003384300051,0.446652327367308,True
ego,equalize,618,1000,1000,True,0.10765077450794765,13303.68909943971,0.5,True
ego,equalize,619,1000,1000,True,0.13714522465977785,13777.642040202814,0.4995588053472784,True
ego,equalize,620,1000,1000,True,0.13319088973880713,13228.038943519596,0.4999749993749687,True
ego,equalize,621,1000,1000,True,0.13411574123230594,12883.425230248515,0.4960241993927031,True
ego,equalize,622,1000,1000,True,0.10439254588065089,12894.52901741568,0.499743934430424,True
ego,equalize,623,1000,1000,True,0.1648096987973178,14230.246447344332,0.49993599590347565,True
ego,equalize,624,1000,1000,True,0.15240222610562423,13912.753966545622,0.0,True
ego,equalize,625,1000,1000,True,0.12126532430751774,12703.799673299482,0.499998999999,True
ego,equalize,626,1000,1000,True,0.08167196214161178,11994.778799340153,0.0,True
ego,equalize,627,1000,1000,True,0.13044062849428456,12995.125193591597,0.0,True
ego,equalize,628,1000,1000,True,0.08037126261490163,13253.621612314124,0.0,True
ego,equalize,629,1000,1000,True,0.12262874880885662,12757.586444540324,0.49985597925802594,True
ego,equalize,630,1000,1000,True,0.11192941884664154,13278.298731201638,0.0,True
ego,equalize,631,1000,1000,True,0.10354901795859486,13232.202281488293,0.43471948180938635,True
ego,equalize,632,1000,1000,True,0.12192874675920544,13925.230275753576,0.49983097142934235,True
ego,equalize,633,1000,1000,True,0.19448662673441178,14798.338311715102,0.49997499937496875,True
ego,equalize,634,1000,1000,True,0.07100053571905413,12537.029628703562,0.43215636884103065,True
ego,equalize,635,1000,1000,True,0.1441548091122666,13757.766292557231,0.49959983987187184,True
ego,equalize,636,1000,1000,True,0.13217086989505536,13342.365388472166,0.0,True
ego,equalize,637,1000,1000,True,0.09610282777729409,13835.518047308204,0.0,True
ego,equalize,638,1000,1000,True,0.12223512116632831,12119.539252552426,0.0019880357849661966,True
ego,equalize,639,1000,1000,True,0.1260531817366083,13591.13313753901,0.0,True
ego,equalize,640,1000,1000,True,0.08621523441857908,13140.01284383832,0.4984882861039326,True
ego,equalize,641,1000,1000,True,0.16035277923935531,14199.481519142839,0.0,True
ego,equalize,642,1000,1000,True,0.15364059274678155,14919.686095410989,0.4989098114890104,True
ego,equalize,643,1000,1000,True,0.09645583153222724,12525.70795704702,0.4999839997439918,True
ego,equalize,644,1000,1000,True,0.1913828616176447,13977.378619706773,0.49995099759876466,True
ego,equalize,645,1000,1000,True,0.10086727341609254,12259.08718995142,0.001987928424270006,True
ego,equalize,646,1000,1000,True,0.10987883105027031,13141.285701056764,0.49860127111066416,True
ego,equalize,647,1000,1000,True,0.1335181354377785,13274.096118216074,0.4999839997439918,True
ego,equalize,648,1000,1000,True,0.11647621826537802,12819.57119041971,0.0,True
ego,equalize,649,1000,1000,True,0.12086892249142403,12801.089864503101,0.49999899999899994,True
ego,equalize,650,1000,1000,True,0.10696619650175651,13400.687563231635,0.49942366784124287,True
ego,equalize,651,1000,1000,True,0.08782206997407059,13032.089745444664,0.49747762416211316,True
ego,equalize,652,1000,1000,True,0.18258606668323532,14599.76816922392,0.5,True
ego,equalize,653,1000,1000,True,0.11609264200462337,12621.763977501085,0.0,True
ego,equalize,654,1000,1000,True,0.10036067613698406,12460.785956505953,0.49708813610583374,True
ego,equalize,655,1000,1000,True,0.06768042419442175,12755.163493846874,0.43665120341167696,True
ego,equalize,656,1000,1000,True,0.09032082672591035,12812.204814719089,0.499998999999,True
ego,equalize,657,1000,1000,True,0.12346026737698286,13708.727900179652,0.001985381878350387,True
ego,equalize,658,1000,1000,True,0.2018987947749592,14119.275000265983,0.49987898535545583,True
ego,equalize,659,1000,1000,True,0.11469777981616686,12427.555527793871,0.4998999899979995,True
ego,equalize,660,1000,1000,True,0.1277021417896172,12908.018776393377,0.001987972164512798,True
ego,equalize,661,1000,1000,True,0.11105557058817316,12981.61706494992,0.4998999899979995,True
ego,equalize,662,1000,1000,True,0.0955646358798231,11852.533207894252,0.00397549895378081,True
ego,equalize,663,1000,1000,True,0.15580423925480294,14674.20308243606,0.499743934430424,True
ego,equalize,664,1000,1000,True,0.15680200396476918,13884.968047737235,0.499743934430424,True
ego,equalize,665,1000,1000,True,0.09800779039087251,12488.101320371165,0.4999909999189985,True
ego,equalize,666,1000,1000,True,0.1126320407767156,12548.722655163114,0.0,True
ego,equalize,667,1000,1000,True,0.0837942952449147,12134.325380217846,0.49739197836138843,True
ego,equalize,668,1000,1000,True,0.15574324892725808,14649.08034095779,0.003974798977569322,True
ego,equalize,669,1000,1000,True,0.1610203507995781,14526.447400306484,0.49998399974399177,True
ego,equalize,670,1000,1000,True,0.09978942987477124,12661.076889211241,0.49985597925802594,True
ego,equalize,671,1000,1000,True,0.10255035708573845,12969.118474490662,0.4113575704289187,True
ego,equalize,672,1000,1000,True,0.08893530789574082,12886.939108775054,0.4999749993749687,True
ego,equalize,673,1000,1000,True,0.1673605221901182,13943.879179748512,0.49942366784124287,True
ego,equalize,674,1000,1000,True,0.11072920660421345,12784.339093917642,0.5,True
ego,equalize,675,1000,1000,True,0.158216645217461,14408.41217362621,0.42624413625689495,True
ego,equalize,676,1000,1000,True,0.14815303427751997,14652.566077060907,0.4993746088859544,True
ego,equalize,677,1000,1000,True,0.12788373491242194,13162.049969863774,0.0,True
ego,equalize,678,1000,1000,True,0.2097620431416366,14578.613649260893,0.4999189934379369,True
ego,equalize,679,1000,1000,True,0.13244630535248936,13092.319698065887,0.4991582915268462,True
ego,equalize,680,1000,1000,True,0.13853347553218084,13851.023561035156,0.49987898535545583,True
ego,equalize,681,1000,1000,True,0.16530805281357622,14007.647029725442,0.49995099759876466,True
ego,equalize,682,1000,1000,True,0.11406488977022534,12819.160840724911,0.498316164698678,True
ego,equalize,683,1000,1000,True,0.145509129928813,13511.982974596142,0.499270467782744,True
ego,equalize,684,1000,1000,True,0.20039362502537855,15067.44874063768,0.4999639987039066,True
ego,equalize,685,1000,1000,True,0.09584410093733225,12417.438010385838,0.4995588053472784,True
ego,equalize,686,1000,1000,True,0.11104519600616414,13098.460153739445,0.49963886958482323,True
ego,equalize,687,1000,1000,True,0.13228465632909925,13663.15210326047,0.0,True
ego,equalize,688,1000,1000,True,0.11209377248334346,11921.349321659818,0.0019880357849661966,True
ego,equalize,689,1000,1000,True,0.10640481320545006,13390.611772665055,0.4999509975987647,True
ego,equalize,690,1000,1000,True,0.09408157754230859,12411.929882169816,0.0,True
ego,equalize,691,1000,1000,True,0.18946036241035422,14459.688970800305,0.49993599590347565,True
ego,equalize,692,1000,1000,True,0.08046875990215203,12584.526705950248,0.42921518102273265,True
ego,equalize,693,1000,1000,True,0.15886388989126815,14144.664710664441,0.4999639987039066,True
ego,equalize,694,1000,1000,True,0.09362946619283649,12847.417070753327,0.0,True
ego,equalize,695,1000,1000,True,0.1326606281104945,13688.483013262792,0.4999839997439918,True
ego,equalize,696,1000,1000,True,0.12407292986620279,13609.705646527076,0.003974584187426906,True
ego,equalize,697,1000,1000,True,0.18686314209997323,14643.627671772456,0.4998999899979995,True
ego,equalize,698,1000,1000,True,0.16336160957110674,14011.951335781858,0.499270467782744,True
ego,equalize,699,1000,1000,True,0.1703551255092618,14061.76196991938,0.4999189934379369,True
ego,equalize,700,1000,1000,True,0.16557501363208102,13992.176894428936,0.4987023160162784,True
ego,equalize,701,1000,1000,True,0.09141841346472589,12947.67021076703,0.4999639987039066,True
ego,equalize,702,1000,1000,True,0.07740614292710317,11905.789444430135,0.49903807469971667,True
ego,equalize,703,1000,1000,True,0.08333171881913143,12135.088865204038,0.43144667004238746,True
ego,equalize,704,1000,1000,True,0.1244371993370828,13515.13872763665,0.49993599590347565,True
ego,equalize,705,1000,1000,True,0.11324777154889679,12953.323704127793,0.4999839997439918,True
ego,equalize,706,1000,1000,True,0.1974723235036571,14399.092095179856,0.4999909999189985,True
ego,equalize,707,1000,1000,True,0.11809845336391116,13010.808352613261,0.4998039615689336,True
ego,equalize,708,1000,1000,True,0.104546104038369,12208.537792684428,0.49995099759876466,True
ego,equalize,709,1000,1000,True,0.1936791039398259,14506.839030621903,0.0,True
ego,equalize,710,1000,1000,True,0.0964567807291774,12361.888067568805,0.4292571704210018,True
ego,equalize,711,1000,1000,True,0.10687319652138587,12695.583286636185,0.499998999999,True
ego,equalize,712,1000,1000,True,0.09776178160970671,12551.897983428642,0.0,True
ego,equalize,713,1000,1000,True,0.1721343498514353,13584.728107667965,0.4987734956871706,True
ego,equalize,714,1000,1000,True,0.12362565196291302,12683.931055390516,0.0019842468178915174,True
ego,equalize,715,1000,1000,True,0.07836458613038434,11855.521214258106,0.4996758949559204,True
ego,equalize,716,1000,1000,True,0.06995342701565761,12008.280916913127,0.4999189934379369,True
ego,equalize,717,1000,1000,True,0.07982603934948296,11888.783044287755,0.0,True
ego,equalize,718,1000,1000,True,0.1655303176370351,13891.31872893193,0.4999959999839998,True
ego,equalize,719,1000,1000,True,0.15842959559735953,13844.51210745673,0.4999839997439918,True
ego,equalize,720,1000,1000,True,0.16341556495716508,14682.24059750333,0.4998039615689336,True
ego,equalize,721,1000,1000,True,0.10893135789904043,12519.092169665939,0.00397356576505702,True
ego,equalize,722,1000,1000,True,0.09593092488393092,12422.123838978743,0.4378787921813236,True
ego,equalize,723,1000,1000,True,0.12003071630337608,12783.914661106903,0.4987023160162784,True
ego,equalize,724,1000,1000,True,0.15824599171134598,13721.550252874345,0.49791413349944363,True
ego,equalize,725,1000,1000,True,0.19361319386717527,13829.133954049003,0.49963886958482323,True
ego,equalize,726,1000,1000,True,0.11641071988076014,12557.369621506567,0.4140959274070721,True
ego,equalize,727,1000,1000,True,0.09113823534766645,12744.923077512512,0.42343544725878723,True
ego,equalize,728,1000,1000,True,0.16324643292677826,14199.952453608816,0.4996758949559204,True
ego,equalize,729,1000,1000,True,0.06244422037306822,12551.12847433692,0.4996758949559204,True
ego,equalize,730,1000,1000,True,0.07524476003803159,12299.444463014377,0.499743934430424,True
ego,equalize,731,1000,1000,True,0.19183635734974053,14182.99185500263,0.4999749993749687,True
ego,equalize,732,1000,1000,True,0.14895357569860987,13804.662853478314,0.4999749993749687,True
ego,equalize,733,1000,1000,True,0.11546924094110986,13286.670503420939,0.49987898535545583,True
ego,equalize,734,1000,1000,True,0.19629565757383757,14167.240594017418,0.5,True
ego,equalize,735,1000,1000,True,0.09451636251079792,11582.443814273007,0.4994236678412428,True
ego,equalize,736,1000,1000,True,0.12154111275696929,13697.968906582319,0.0,True
ego,equalize,737,1000,1000,True,0.08309053737840161,12357.958561702617,0.4998999899979995,True
ego,equalize,738,1000,1000,True,0.10069166691117745,12199.118548133058,0.4999639987039066,True
ego,equalize,739,1000,1000,True,0.16198247899796447,14170.440996203011,0.0,True
ego,equalize,740,1000,1000,True,0.1703937847224137,14245.847333259051,0.49977494935220584,True
ego,equalize,741,1000,1000,True,0.1305251125679995,13516.34969202484,0.003974584187426906,True
ego,equalize,742,1000,1000,True,0.18367462152323133,14030.498245289758,0.4999509975987647,True
ego,equalize,743,1000,1000,True,0.13039381779688153,13461.87617013227,0.0,True
ego,equalize,744,1000,1000,True,0.08730847031333762,12887.257649162602,0.0019870534172183856,True
ego,equalize,745,1000,1000,True,0.13454349398044704,13418.858262020805,0.4995157655169654,True
ego,equalize,746,1000,1000,True,0.09353657850532876,12831.54746577341,0.499998999999,True
ego,equalize,747,1000,1000,True,0.1012960328777626,12454.578248818825,0.0,True
ego,equalize,748,1000,1000,True,0.09748834618102607,12863.87478608821,0.0,True
ego,equalize,749,1000,1000,True,0.2058510620120091,14304.48577537494,0.4995588053472784,True
ego,equalize,750,1000,1000,True,0.14731956380435784,13596.915038227753,0.0,True
ego,equalize,751,1000,1000,True,0.09245600261165203,12469.549421867014,0.49921538437832613,True
ego,equalize,752,1000,1000,True,0.09683137807178299,12412.853485833302,0.4999909999189985,True
ego,equalize,753,1000,1000,True,0.10061921774724698,14147.08447795672,0.49942366784124287,True
ego,equalize,754,1000,1000,True,0.18506878431675292,14842.502799502648,0.4999839997439918,True
ego,equalize,755,1000,1000,True,0.13350537194919265,13670.386667445768,0.499998999999,True
ego,equalize,756,1000,1000,True,0.10792255921957,12707.721870044055,0.0,True
ego,equalize,757,1000,1000,True,0.11118375301729214,12951.776288175455,0.4999959999839998,True
ego,equalize,758,1000,1000,True,0.09903667314192845,12009.93022258993,0.0,True
ego,equalize,759,1000,1000,True,0.14937199620160402,14192.500382566983,0.0028043058526998794,True
ego,equalize,760,1000,1000,True,0.12500114264187698,13851.22909885296,0.49777277733040276,True
ego,equalize,761,1000,1000,True,0.09054355350962999,12582.53925851217,0.4999189934379369,True
ego,equalize,762,1000,1000,True,0.10013866254401568,12504.555058899097,0.499998999999,True
ego,equalize,763,1000,1000,True,0.09193360892629655,11698.386879775177,0.4994707198625361,True
ego,equalize,764,1000,1000,True,0.1809604668331247,15017.827730300245,0.49993599590347565,True
ego,equalize,765,1000,1000,True,0.07323613905768635,12179.015397145207,0.4999189934379369,True
ego,equalize,766,1000,1000,True,0.09003065111211248,12089.54277680525,0.0,True
ego,equalize,767,1000,1000,True,0.1284274830744234,13413.778679211575,0.0,True
ego,equalize,768,1000,1000,True,0.08951409622556555,11027.137100081054,0.0,True
ego,equalize,769,1000,1000,True,0.09458409856901615,12162.473224126745,0.499998999999,True
ego,equalize,770,1000,1000,True,0.15473511075267404,14144.92439382378,0.4999639987039066,True
ego,equalize,771,1000,1000,True,0.14371950308347464,13159.52577699607,0.4999189934379369,True
ego,equalize,772,1000,1000,True,0.09876210516527519,12513.153374019037,0.0,True
ego,equalize,773,1000,1000,True,0.152326810098057,13919.344135067535,0.49784049880573716,True
ego,equalize,774,1000,1000,True,0.12954010603719557,13665.832936957922,0.4999189934379369,True
ego,equalize,775,1000,1000,True,0.07237215030732255,11731.033130445758,0.45082522131775105,True
ego,equalize,776,1000,1000,True,0.08712826132161547,12802.729346469487,0.0,True
ego,equalize,777,1000,1000,True,0.089195125136357,13326.365943543798,0.0,True
ego,equalize,778,1000,1000,True,0.1450422336715587,12652.990316684787,0.005066503567423306,True
ego,equalize,779,1000,1000,True,0.13461747003292934,13562.00363036196,0.4994707198625361,True
ego,equalize,780,1000,1000,True,0.16312730963128216,14594.513064022349,0.003976135188858846,True
ego,equalize,781,1000,1000,True,0.160590979396053,13862.75120764962,0.0,True
ego,equalize,782,1000,1000,True,0.1591182488726294,14281.988370091574,0.0,True
ego,equalize,783,1000,1000,True,0.13033411332239211,12623.688358659329,0.4985551567314917,True
ego,equalize,784,1000,1000,True,0.08644679641790654,12024.708618557708,0.4283394492571338,True
ego,equalize,785,1000,1000,True,0.13861002087437452,12689.49166447699,0.0,True
ego,equalize,786,1000,1000,True,0.10301285999683525,13096.023990698703,0.49993599590347565,True
ego,equalize,787,1000,1000,True,0.16448005480925598,13846.46884689017,0.4999909999189985,True
ego,equalize,788,1000,1000,True,0.17321072690399902,13623.895538647344,0.49932354240512244,True
ego,equalize,789,1000,1000,True,0.14809749853340265,13858.5246116569,0.499743934430424,True
ego,equalize,790,1000,1000,True,0.10602576923746658,13393.590678913515,0.4999839997439918,True
ego,equalize,791,1000,1000,True,0.17399975808394524,14318.684852111803,0.49977494935220584,True
ego,equalize,792,1000,1000,True,0.12148018767003926,13348.351305292763,0.0,True
ego,equalize,793,1000,1000,True,0.12361518039644233,13671.073220169623,0.49985597925802594,True
ego,equalize,794,1000,1000,True,0.11480224357759697,13254.93572308459,0.4999749993749687,True
ego,equalize,795,1000,1000,True,0.09339246223597457,12747.49675486305,0.4999909999189985,True
ego,equalize,796,1000,1000,True,0.13435368315396934,12850.362081823803,0.49909918853871116,True
ego,equalize,797,1000,1000,True,0.1937971579223788,13738.00248107413,0.0,True
ego,equalize,798,1000,1000,True,0.13428191844670997,13364.901694751032,0.49903807469971667,True
ego,equalize,799,1000,1000,True,0.1698506960343635,14786.231771739547,0.4998039615689336,True
ego,equalize,800,1000,1000,True,0.13432865951831907,13973.948472588412,0.4999839997439918,True
ego,equalize,801,1000,1000,True,0.09967649025218805,13342.077723650054,0.49987898535545583,True
ego,equalize,802,1000,1000,True,0.1154585650208395,12751.480600656185,0.4999749993749687,True
ego,equalize,803,1000,1000,True,0.1066349214196416,12425.435320629053,0.0,True
ego,equalize,804,1000,1000,True,0.10755107748575178,12391.15263768,0.0,True
ego,equalize,805,1000,1000,True,0.17048217120122874,15564.090765250343,0.0,True
ego,equalize,806,1000,1000,True,0.09600216753264611,11966.327814150463,0.0,True
ego,equalize,807,1000,1000,True,0.10281595252946933,12467.584893153926,0.0,True
ego,equalize,808,1000,1000,True,0.10031872921994567,11956.182987388534,0.4973929715373252,True
ego,equalize,809,1000,1000,True,0.13642034681564,13340.265709555826,0.0,True
ego,equalize,810,1000,1000,True,0.07814121820404192,12717.487505421186,0.0,True
ego,equalize,811,1000,1000,True,0.1856552129724935,14241.478902900359,0.49987898535545583,True
ego,equalize,812,1000,1000,True,0.12538642411591613,13706.012363900412,0.49909918853871116,True
ego,equalize,813,1000,1000,True,0.09221133249465847,12759.278346084624,0.4999639987039066,True
ego,equalize,814,1000,1000,True,0.11206343404220241,12659.67060115511,0.4999749993749687,True
ego,equalize,815,1000,1000,True,0.1232150880310241,13157.849007402387,0.4999909999189985,True
ego,equalize,816,1000,1000,True,0.09976933027610041,12451.372893432113,0.49977494935220584,True
ego,equalize,817,1000,1000,True,0.15428034969185375,14728.490441940614,0.4999749993749687,True
ego,equalize,818,1000,1000,True,0.0982694804025589,12732.87339135794,0.4996758949559204,True
ego,equalize,819,1000,1000,True,0.12251127402972288,13781.457309903913,0.0,True
ego,equalize,820,1000,1000,True,0.08761472325470024,12099.757000814685,0.0,True
ego,equalize,821,1000,1000,True,0.16612976307190014,14882.527087980689,0.49963886958482323,True
ego,equalize,822,1000,1000,True,0.13576779071599174,14029.20748844264,0.0,True
ego,equalize,823,1000,1000,True,0.08507698852741616,13318.827520934416,0.49985597925802594,True
ego,equalize,824,1000,1000,True,0.11464439044613316,12606.859709140535,0.4993746088859544,True
ego,equalize,825,1000,1000,True,0.07506382435290676,12337.556254727919,0.0,True
ego,equalize,826,1000,1000,True,0.08419985939387917,12294.454195347591,0.4998999899979995,True
ego,equalize,827,1000,1000,True,0.1658766623614954,14972.796789040816,0.4999839997439918,True
ego,equalize,828,1000,1000,True,0.12202142689022186,13348.441575392839,0.0,True
ego,equalize,829,1000,1000,True,0.1141989399212043,13330.915672117613,0.42375713558654704,True
ego,equalize,830,1000,1000,True,0.06961370430904165,12595.324331254833,0.0019880556659403574,True
ego,equalize,831,1000,1000,True,0.16036716592406677,13229.116112653333,0.4998789853554558,True
ego,equalize,832,1000,1000,True,0.11026207580826876,13164.473842416795,0.4999959999839998,True
ego,equalize,833,1000,1000,True,0.14754782031500643,13607.394345364986,0.4999909999189985,True
ego,equalize,834,1000,1000,True,0.0981622085139967,13238.786274144015,0.0,True
ego,equalize,835,1000,1000,True,0.0904045616730302,11847.152826551872,0.001987972164512798,True
ego,equalize,836,1000,1000,True,0.1331664729971137,14163.92915073268,0.4996388695848233,True
ego,equalize,837,1000,1000,True,0.118221061321676,14407.260830131418,0.49987898535545583,True
ego,equalize,838,1000,1000,True,0.11213251513878371,13755.7882783903,0.0,True
ego,equalize,839,1000,1000,True,0.1305032617539165,12727.228680023001,0.4999909999189985,True
ego,equalize,840,1000,1000,True,0.09472668146114797,12410.373726265901,0.43882350209816684,True
ego,equalize,841,1000,1000,True,0.07901404405681159,12630.325785612815,0.0,True
ego,equalize,842,1000,1000,True,0.09985062069555813,13604.979444121736,0.49971091643068993,True
ego,equalize,843,1000,1000,True,0.12240818371026196,12710.385607918864,0.4982625433350139,True
ego,equalize,844,1000,1000,True,0.16717839708640336,14089.479648025012,0.499743934430424,True
ego,equalize,845,1000,1000,True,0.14406616837881267,13437.125252410056,0.0,True
ego,equalize,846,1000,1000,True,0.10485484778183628,12990.75428376274,0.49993599590347565,True
ego,equalize,847,1000,1000,True,0.1540371467443536,13801.23771724982,0.49983097142934235,True
ego,equalize,848,1000,1000,True,0.114475185530841,12727.22546155096,0.4999509975987647,True
ego,equalize,849,1000,1000,True,0.1466515606888694,14463.65077870162,0.4999959999839998,True
ego,equalize,850,1000,1000,True,0.19247540732964324,14481.55089543879,0.4999909999189985,True
ego,equalize,851,1000,1000,True,0.09942068192819525,12746.539499881685,0.0,True
ego,equalize,852,1000,1000,True,0.1997442434985527,13190.425564720761,0.49983097142934235,True
ego,equalize,853,1000,1000,True,0.13149305910804393,13169.842766455642,0.0,True
ego,equalize,854,1000,1000,True,0.17377442465508444,13956.392554860156,0.5,True
ego,equalize,855,1000,1000,True,0.0937216659948669,12325.320522535876,0.0019872920937134535,True
ego,equalize,856,1000,1000,True,0.11782951209427278,13753.475269010047,0.4999839997439918,True
ego,equalize,857,1000,1000,True,0.10636186572155217,12828.877130583176,0.4999839997439918,True
ego,equalize,858,1000,1000,True,0.08114398026448327,12220.20191737125,0.42980187222050564,True
ego,equalize,859,1000,1000,True,0.11056502170773679,13243.788554574518,0.4979945784567598,True
ego,equalize,860,1000,1000,True,0.09920594092068676,12689.890724889598,0.49971091643069,True
ego,equalize,861,1000,1000,True,0.1687518056873405,13670.456144954309,0.0,True
ego,equalize,862,1000,1000,True,0.2079032800460217,15624.938833812566,0.49971091643069,True
ego,equalize,863,1000,1000,True,0.16890908304165383,14312.541605785605,0.5,True
ego,equalize,864,1000,1000,True,0.14428488776484558,13585.117862607744,0.4990991885387111,True
ego,equalize,865,1000,1000,True,0.09489478373191236,12536.48397407758,0.49983097142934235,True
ego,equalize,866,1000,1000,True,0.12110144065507132,13012.621442929014,0.49784577411822867,True
ego,equalize,867,1000,1000,True,0.139286182918156,13114.296022331928,0.498209749260835,True
ego,equalize,868,1000,1000,True,0.1074404260884951,12473.703581012978,0.49997499937496875,True
ego,equalize,869,1000,1000,True,0.11908633963856423,12746.798342407397,0.4999959999839998,True
ego,equalize,870,1000,1000,True,0.11801584340188867,12347.326034422147,0.3416256550185072,True
ego,equalize,871,1000,1000,True,0.12053623623466812,12812.973574836406,0.001987176736986902,True
ego,equalize,872,1000,1000,True,0.1286206405527329,13815.863457386911,0.4996758949559204,True
ego,equalize,873,1000,1000,True,0.19767350622153387,14789.074626485459,0.4998789853554558,True
ego,equalize,874,1000,1000,True,0.17079779973780249,14165.318472720053,0.4999839997439918,True
ego,equalize,875,1000,1000,True,0.1086028810376418,12154.125928324258,0.4999839997439918,True
ego,equalize,876,1000,1000,True,0.10520947540129501,12041.415513950176,0.499743934430424,True
ego,equalize,877,1000,1000,True,0.10306036128124395,13162.358089543035,0.4973705404996887,True
ego,equalize,878,1000,1000,True,0.10143941865815219,12596.736998282533,0.4999839997439918,True
ego,equalize,879,1000,1000,True,0.19439100844158128,14566.024338855954,0.4999509975987647,True
ego,equalize,880,1000,1000,True,0.07403299595636428,12733.015300866915,0.0,True
ego,equalize,881,1000,1000,True,0.12481340689048297,14889.117324590601,0.49993599590347565,True
ego,equalize,882,1000,1000,True,0.16560515723943106,13522.71577007459,0.49977494935220584,True
ego,equalize,883,1000,1000,True,0.09392155941417758,11406.139139896155,0.0,True
ego,equalize,884,1000,1000,True,0.13803879863036636,12817.731640972828,0.3226834603919325,True
ego,equalize,885,1000,1000,True,0.16223127374926735,13492.92925121743,0.49993599590347565,True
ego,equalize,886,1000,1000,True,0.16147549853876061,13133.658117648676,0.4286264785969866,True
ego,equalize,887,1000,1000,True,0.11516886487044044,11974.745733771177,0.0,True
ego,equalize,888,1000,1000,True,0.13357759677653985,13562.188516114611,0.0,True
ego,equalize,889,1000,1000,True,0.10313329535850164,12354.00476474212,0.49995099759876466,True
ego,equalize,890,1000,1000,True,0.14545772756264772,14004.65377484324,0.43935863232010036,True
ego,equalize,891,1000,1000,True,0.16534294969354804,14146.875410719887,0.49987898535545583,True
ego,equalize,892,1000,1000,True,0.20443986719976437,14380.891705533562,0.4992153843783262,True
ego,equalize,893,1000,1000,True,0.16359862050190946,14426.183001590407,0.4991582915268462,True
ego,equalize,894,1000,1000,True,0.10569770146373098,11904.800036103084,0.0,True
ego,equalize,895,1000,1000,True,0.1418528300429414,12863.695284273452,0.4999839997439918,True
ego,equalize,896,1000,1000,True,0.1214170244354118,13158.658498264022,0.0,True
ego,equalize,897,1000,1000,True,0.15332712005274604,14181.508728544753,0.0,True
ego,equalize,898,1000,1000,True,0.1331086915774571,13117.282309971833,0.49842321685638874,True
ego,equalize,899,1000,1000,True,0.11031926979569147,13492.289112022467,0.0,True
ego,equalize,900,1000,1000,True,0.0923100799064827,12799.975128516304,0.49932354240512244,True
ego,equalize,901,1000,1000,True,0.0942859284005894,12567.854986368837,0.001987749476890405,True
ego,equalize,902,1000,1000,True,0.07906069654241717,11710.446607876916,0.005964023853805071,True
ego,equalize,903,1000,1000,True,0.1247098755962599,13412.382197566545,0.49999899999899994,True
ego,equalize,904,1000,1000,True,0.14857776809875453,14440.20188776871,0.4994707198625361,True
ego,equalize,905,1000,1000,True,0.16202427393668845,13986.500989143746,0.49999899999899994,True
ego,equalize,906,1000,1000,True,0.1577924329521796,14040.232262588252,0.4999189934379369,True
ego,equalize,907,1000,1000,True,0.1316971057519595,13488.860092946474,0.49987898535545583,True
ego,equalize,908,1000,1000,True,0.1181007683367299,12720.335178770094,0.42861746907100445,True
ego,equalize,909,1000,1000,True,0.12128283328354926,11704.948379366353,0.0028227816062503137,True
ego,equalize,910,1000,1000,True,0.08390919768065165,12119.296449377744,0.4999839997439918,True
ego,equalize,911,1000,1000,True,0.11566644804514453,12639.458318440353,0.0,True
ego,equalize,912,1000,1000,True,0.19616975160833294,14999.18252730848,0.4999909999189985,True
ego,equalize,913,1000,1000,True,0.08509569473753749,12308.988602740641,0.0,True
ego,equalize,914,1000,1000,True,0.166169727419446,14000.073559970999,0.49963886958482323,True
ego,equalize,915,1000,1000,True,0.12396385574941471,14449.855119999473,0.4998789853554558,True
ego,equalize,916,1000,1000,True,0.14527201777251633,13588.27496099354,0.4999959999839998,True
ego,equalize,917,1000,1000,True,0.12677079279981732,13507.841509973347,0.44151386785922964,True
ego,equalize,918,1000,1000,True,0.1761656420719894,14334.228484460229,0.0,True
ego,equalize,919,1000,1000,True,0.12187695072856478,13481.284967254085,0.49959983987187184,True
ego,equalize,920,1000,1000,True,0.09098318227397396,12502.770461771903,0.4265320344757705,True
ego,equalize,921,1000,1000,True,0.0782044810219111,11927.246205100279,0.4397085738602423,True
ego,equalize,922,1000,1000,True,0.10247024622886639,12345.739100348914,0.0,True
ego,equalize,923,1000,1000,True,0.0891888165235186,12984.421029410247,0.49993599590347565,True
ego,equalize,924,1000,1000,True,0.12204319762869058,13165.723483448639,0.001986480476627721,True
ego,equalize,925,1000,1000,True,0.11564407144779335,13646.223937063907,0.0,True
ego,equalize,926,1000,1000,True,0.12904504441357684,13936.652640629456,0.4274753791037914,True
ego,equalize,927,1000,1000,True,0.19378029425566048,15029.863189431599,0.0,True
ego,equalize,928,1000,1000,True,0.10381368693349581,11840.272821282455,0.49749371855331004,True
ego,equalize,929,1000,1000,True,0.1278987910936376,13461.218041213804,0.49985597925802594,True
ego,equalize,930,1000,1000,True,0.1378680620732394,13249.282705182797,0.4999749993749687,True
ego,equalize,931,1000,1000,True,0.07300345959244914,11925.79639352337,0.4999909999189985,True
ego,equalize,932,1000,1000,True,0.08721403501043784,13666.766177546135,0.4999909999189985,True
ego,equalize,933,1000,1000,True,0.12505057609520298,12921.486621106103,0.003974106834436771,True
ego,equalize,934,1000,1000,True,0.10238349867377546,12703.77157883402,0.4998999899979995,True
ego,equalize,935,1000,1000,True,0.09873961776394406,11863.601967324259,0.49697969855631574,True
ego,equalize,936,1000,1000,True,0.14822417540763855,13314.670669419915,0.4999509975987647,True
ego,equalize,937,1000,1000,True,0.14191390496668763,13553.014460840768,0.49827434099479206,True
ego,equalize,938,1000,1000,True,0.09819823471039758,12367.86935611854,0.42466577933415034,True
ego,equalize,939,1000,1000,True,0.1282881276551333,13173.237496921705,0.4993746088859544,True
ego,equalize,940,1000,1000,True,0.09922563030468548,12392.47917156208,0.0,True
ego,equalize,941,1000,1000,True,0.08478335343655562,12545.474192593758,0.0,True
ego,equalize,942,1000,1000,True,0.11416261832665885,13100.811568795423,0.49903807469971667,True
ego,equalize,943,1000,1000,True,0.12513092904702416,13518.06969169785,0.49993599590347565,True
ego,equalize,944,1000,1000,True,0.1479661970536408,13491.75204100876,0.4999639987039066,True
ego,equalize,945,1000,1000,True,0.18567278935181217,14430.942124831316,0.49959983987187184,True
ego,equalize,946,1000,1000,True,0.16099149029459478,14554.838796773773,0.4998999899979995,True
ego,equalize,947,1000,1000,True,0.12143192260864925,13532.250552263618,0.4998039615689336,True
ego,equalize,948,1000,1000,True,0.1621558247963996,14193.423817990499,0.49983097142934235,True
ego,equalize,949,1000,1000,True,0.09553903348640647,12059.988166304267,0.0,True
ego,equalize,950,1000,1000,True,0.11097902719822526,13042.252071824254,0.0,True
ego,equalize,951,1000,1000,True,0.12031621078395999,14769.352160507922,0.4981626931945325,True
ego,equalize,952,1000,1000,True,0.09694317030893783,12561.43584627454,0.0,True
ego,equalize,953,1000,1000,True,0.20720636191448114,15042.41205491606,0.4993746088859544,True
ego,equalize,954,1000,1000,True,0.1616317359730612,14910.972524684632,0.0,True
ego,equalize,955,1000,1000,True,0.16302546298709647,13577.771917317068,0.4996758949559204,True
ego,equalize,956,1000,1000,True,0.1816512319176274,14615.440072731302,0.4989098114890104,True
ego,equalize,957,1000,1000,True,0.1810753355929543,15253.871962815705,0.4993746088859544,True
ego,equalize,958,1000,1000,True,0.09346388103121403,13189.625223393992,0.499743934430424,True
ego,equalize,959,1000,1000,True,0.1081969268854298,12429.40403499299,0.0,True
ego,equalize,960,1000,1000,True,0.17095888173262022,14172.706599384466,0.49971091643069,True
ego,equalize,961,1000,1000,True,0.1117953529864875,12922.03676398481,0.0019875903990276573,True
ego,equalize,962,1000,1000,True,0.08230080309763059,12570.41404755305,0.49909918853871116,True
ego,equalize,963,1000,1000,True,0.11284855693226564,12876.435228779392,0.4999189934379369,True
ego,equalize,964,1000,1000,True,0.09543755659961124,12882.86934961583,0.0,True
ego,equalize,965,1000,1000,True,0.08662702233906022,12522.154315936377,0.4972834033355703,True
ego,equalize,966,1000,1000,True,0.08705271930505877,12820.436151659387,0.4999189934379369,True
ego,equalize,967,1000,1000,True,0.1694003846119274,14100.756520398612,0.0,True
ego,equalize,968,1000,1000,True,0.11196281529023437,12731.632316783855,0.4999189934379369,True
ego,equalize,969,1000,1000,True,0.12898203312261525,13986.805171941733,0.499270467782744,True
ego,equalize,970,1000,1000,True,0.10387363363473276,12473.167242160709,0.49977494935220584,True
ego,equalize,971,1000,1000,True,0.10414500685106144,12913.160050557883,0.0,True
ego,equalize,972,1000,1000,True,0.0813078978324238,12993.47880516238,0.4466425374998682,True
ego,equalize,973,1000,1000,True,0.11086356929898813,12619.288094031255,0.0,True
ego,equalize,974,1000,1000,True,0.11349931094770432,13322.441170213175,0.4999189934379369,True
ego,equalize,975,1000,1000,True,0.13096176971548334,13026.899252742382,0.4982449894969245,True
ego,equalize,976,1000,1000,True,0.13897671713679927,15068.138410744408,0.49985597925802594,True
ego,equalize,977,1000,1000,True,0.10716187841633196,12808.117264265815,0.0019880675944294233,True
ego,equalize,978,1000,1000,True,0.08857797845233303,12708.89898448166,0.4985154799149256,True
ego,equalize,979,1000,1000,True,0.11524451728423173,12354.718593955873,0.0,True
ego,equalize,980,1000,1000,True,0.1554728715031117,14858.246372650981,0.499270467782744,True
ego,equalize,981,1000,1000,True,0.06856167024788172,12424.809856161823,0.0,True
ego,equalize,982,1000,1000,True,0.09815767918368835,12483.723588128023,0.49983097142934235,True
ego,equalize,983,1000,1000,True,0.11852053325128559,13064.358354913571,0.0,True
ego,equalize,984,1000,1000,True,0.11435906370181034,12851.658951621615,0.499270467782744,True
ego,equalize,985,1000,1000,True,0.17487941577582153,14423.24479791368,0.0,True
ego,equalize,986,1000,1000,True,0.13913940752849727,13542.1854312921,0.4999749993749687,True
ego,equalize,987,1000,1000,True,0.10681423756093042,12736.703361824048,0.0,True
ego,equalize,988,1000,1000,True,0.1398357275184273,13594.492472836197,0.49995099759876466,True
ego,equalize,989,1000,1000,True,0.12067926143658804,13140.624710542645,0.0019880675944294233,True
ego,equalize,990,1000,1000,True,0.17662951074993227,14018.037530375783,0.49987898535545583,True
ego,equalize,991,1000,1000,True,0.1672585064667465,13597.944797357577,0.49997499937496875,True
ego,equalize,992,1000,1000,True,0.19263876789532522,14522.707240916721,0.4999959999839998,True
ego,equalize,993,1000,1000,True,0.11409285417179194,13016.21683971053,0.0,True
ego,equalize,994,1000,1000,True,0.12501311843387145,13013.554404698358,0.49951576551696536,True
ego,equalize,995,1000,1000,True,0.10528548336181481,12305.045317506962,0.0,True
ego,equalize,996,1000,1000,True,0.14793634793934493,14099.916681190673,0.4999639987039066,True
ego,equalize,997,1000,1000,True,0.10344062581262473,12622.235674407248,0.4981438625729413,True
ego,equalize,998,1000,1000,True,0.1180857848845704,13659.060620349812,0.49785715295078176,True
ego,equalize,999,1000,1000,True,0.12855069956069703,13413.370097335568,0.0,True
